<?xml version="1.0" encoding="UTF-8"?>
<gpx creator="Garmin Connect" version="1.1"
  xsi:schemaLocation="http://www.topografix.com/GPX/1/1 http://www.topografix.com/GPX/11.xsd"
  xmlns:ns3="http://www.garmin.com/xmlschemas/TrackPointExtension/v1"
  xmlns="http://www.topografix.com/GPX/1/1"
  xmlns:xsi="http://www.w3.org/2001/XMLSchema-instance" xmlns:ns2="http://www.garmin.com/xmlschemas/GpxExtensions/v3">
  <metadata>
    <name>125k Nancy-Sud</name>
    <link href="connect.garmin.com">
      <text>Garmin Connect</text>
    </link>
    <time>2022-07-18T11:49:55.000Z</time>
  </metadata>
  <trk>
    <name>125k Nancy-Sud</name>
    <trkseg>
      <trkpt lat="48.68892051279545" lon="6.1298346519470215">
        <ele>349.0</ele>
      </trkpt>
      <trkpt lat="48.68892780505121" lon="6.1298346519470215">
        <ele>349.0</ele>
      </trkpt>
      <trkpt lat="48.68944278918207" lon="6.1297165509313345">
        <ele>350.0</ele>
      </trkpt>
      <trkpt lat="48.68947505950928" lon="6.129695177078247">
        <ele>350.0</ele>
      </trkpt>
      <trkpt lat="48.689507246017456" lon="6.12957707606256">
        <ele>351.0</ele>
      </trkpt>
      <trkpt lat="48.6894428730011" lon="6.12883678637445">
        <ele>352.0</ele>
      </trkpt>
      <trkpt lat="48.689807653427124" lon="6.128761684522033">
        <ele>352.0</ele>
      </trkpt>
      <trkpt lat="48.68995785713196" lon="6.128761684522033">
        <ele>353.0</ele>
      </trkpt>
      <trkpt lat="48.690022230148315" lon="6.128783142194152">
        <ele>353.0</ele>
      </trkpt>
      <trkpt lat="48.690054416656494" lon="6.128954803571105">
        <ele>352.0</ele>
      </trkpt>
      <trkpt lat="48.69010806083679" lon="6.129051363095641">
        <ele>352.0</ele>
      </trkpt>
      <trkpt lat="48.69008660316467" lon="6.1291908379644156">
        <ele>352.0</ele>
      </trkpt>
      <trkpt lat="48.69008660316467" lon="6.129223024472594">
        <ele>351.0</ele>
      </trkpt>
      <trkpt lat="48.69008651934564" lon="6.129223024472594">
        <ele>350.0</ele>
      </trkpt>
      <trkpt lat="48.68986129760742" lon="6.129802465438843">
        <ele>348.0</ele>
      </trkpt>
      <trkpt lat="48.68981829844415" lon="6.129984771832824">
        <ele>347.0</ele>
      </trkpt>
      <trkpt lat="48.689711010083556" lon="6.130306636914611">
        <ele>345.0</ele>
      </trkpt>
      <trkpt lat="48.68967882357538" lon="6.130467569455504">
        <ele>343.0</ele>
      </trkpt>
      <trkpt lat="48.68939995765686" lon="6.131776487454772">
        <ele>341.0</ele>
      </trkpt>
      <trkpt lat="48.689335668459535" lon="6.132012605667114">
        <ele>339.0</ele>
      </trkpt>
      <trkpt lat="48.68933550082147" lon="6.132012605667114">
        <ele>337.0</ele>
      </trkpt>
      <trkpt lat="48.68920692242682" lon="6.132677709683776">
        <ele>334.0</ele>
      </trkpt>
      <trkpt lat="48.68916392326355" lon="6.132892286404967">
        <ele>332.0</ele>
      </trkpt>
      <trkpt lat="48.68908882141113" lon="6.133257066830993">
        <ele>330.0</ele>
      </trkpt>
      <trkpt lat="48.68903526104987" lon="6.133514642715454">
        <ele>328.0</ele>
      </trkpt>
      <trkpt lat="48.68887424468994" lon="6.134340679273009">
        <ele>325.0</ele>
      </trkpt>
      <trkpt lat="48.68884197436273" lon="6.134480154141784">
        <ele>323.0</ele>
      </trkpt>
      <trkpt lat="48.68874558247626" lon="6.134941494092345">
        <ele>321.0</ele>
      </trkpt>
      <trkpt lat="48.68871331214905" lon="6.135188257321715">
        <ele>319.0</ele>
      </trkpt>
      <trkpt lat="48.688734686002135" lon="6.135402834042907">
        <ele>317.0</ele>
      </trkpt>
      <trkpt lat="48.688766956329346" lon="6.135735511779785">
        <ele>315.0</ele>
      </trkpt>
      <trkpt lat="48.68876704014838" lon="6.135735511779785">
        <ele>313.0</ele>
      </trkpt>
      <trkpt lat="48.688777685165405" lon="6.135960817337036">
        <ele>311.0</ele>
      </trkpt>
      <trkpt lat="48.688799226656556" lon="6.136271869763732">
        <ele>309.0</ele>
      </trkpt>
      <trkpt lat="48.688799226656556" lon="6.136464988812804">
        <ele>307.0</ele>
      </trkpt>
      <trkpt lat="48.688788414001465" lon="6.136711752042174">
        <ele>305.0</ele>
      </trkpt>
      <trkpt lat="48.68874549865723" lon="6.137216091156006">
        <ele>303.0</ele>
      </trkpt>
      <trkpt lat="48.68867031298578" lon="6.137666618451476">
        <ele>301.0</ele>
      </trkpt>
      <trkpt lat="48.68867039680481" lon="6.137666618451476">
        <ele>299.0</ele>
      </trkpt>
      <trkpt lat="48.68861675262451" lon="6.137988483533263">
        <ele>298.0</ele>
      </trkpt>
      <trkpt lat="48.68836998939514" lon="6.139276027679443">
        <ele>296.0</ele>
      </trkpt>
      <trkpt lat="48.688262701034546" lon="6.140112793073058">
        <ele>294.0</ele>
      </trkpt>
      <trkpt lat="48.6882305983454" lon="6.140284538269043">
        <ele>293.0</ele>
      </trkpt>
      <trkpt lat="48.68815541267395" lon="6.140810251235962">
        <ele>291.0</ele>
      </trkpt>
      <trkpt lat="48.68798383511603" lon="6.141614830121398">
        <ele>290.0</ele>
      </trkpt>
      <trkpt lat="48.68793019093573" lon="6.1418187618255615">
        <ele>288.0</ele>
      </trkpt>
      <trkpt lat="48.68771553039551" lon="6.142612611874938">
        <ele>287.0</ele>
      </trkpt>
      <trkpt lat="48.68764034472406" lon="6.142902374267578">
        <ele>286.0</ele>
      </trkpt>
      <trkpt lat="48.68744722567499" lon="6.14406100474298">
        <ele>284.0</ele>
      </trkpt>
      <trkpt lat="48.68742576800287" lon="6.144425868988037">
        <ele>283.0</ele>
      </trkpt>
      <trkpt lat="48.68744730949402" lon="6.144919395446777">
        <ele>282.0</ele>
      </trkpt>
      <trkpt lat="48.687565410509706" lon="6.146035194396973">
        <ele>281.0</ele>
      </trkpt>
      <trkpt lat="48.68762978352606" lon="6.146453535184264">
        <ele>281.0</ele>
      </trkpt>
      <trkpt lat="48.68769407272339" lon="6.146957874298096">
        <ele>280.0</ele>
      </trkpt>
      <trkpt lat="48.687822902575135" lon="6.1478697415441275">
        <ele>279.0</ele>
      </trkpt>
      <trkpt lat="48.68788719177246" lon="6.148277437314391">
        <ele>278.0</ele>
      </trkpt>
      <trkpt lat="48.68791929446161" lon="6.148513555526733">
        <ele>277.0</ele>
      </trkpt>
      <trkpt lat="48.68799448013306" lon="6.148867607116699">
        <ele>276.0</ele>
      </trkpt>
      <trkpt lat="48.687994396314025" lon="6.148867607116699">
        <ele>275.0</ele>
      </trkpt>
      <trkpt lat="48.688026666641235" lon="6.1490177270025015">
        <ele>275.0</ele>
      </trkpt>
      <trkpt lat="48.6883807182312" lon="6.150305271148682">
        <ele>274.0</ele>
      </trkpt>
      <trkpt lat="48.6884880065918" lon="6.150702154263854">
        <ele>273.0</ele>
      </trkpt>
      <trkpt lat="48.68870258331299" lon="6.151367425918579">
        <ele>271.0</ele>
      </trkpt>
      <trkpt lat="48.688970720395446" lon="6.1518824100494385">
        <ele>270.0</ele>
      </trkpt>
      <trkpt lat="48.68942149914801" lon="6.152461767196655">
        <ele>268.0</ele>
      </trkpt>
      <trkpt lat="48.68942141532898" lon="6.152461767196655">
        <ele>267.0</ele>
      </trkpt>
      <trkpt lat="48.68947505950928" lon="6.15255824290216">
        <ele>266.0</ele>
      </trkpt>
      <trkpt lat="48.689582431688905" lon="6.152880107983947">
        <ele>264.0</ele>
      </trkpt>
      <trkpt lat="48.689764654263854" lon="6.153480922803283">
        <ele>262.0</ele>
      </trkpt>
      <trkpt lat="48.689786195755005" lon="6.153620397672057">
        <ele>261.0</ele>
      </trkpt>
      <trkpt lat="48.6898934841156" lon="6.154146194458008">
        <ele>259.0</ele>
      </trkpt>
      <trkpt lat="48.689989959821105" lon="6.154961585998535">
        <ele>258.0</ele>
      </trkpt>
      <trkpt lat="48.69016170501709" lon="6.155862808227539">
        <ele>257.0</ele>
      </trkpt>
      <trkpt lat="48.69023680686951" lon="6.156442081555724">
        <ele>255.0</ele>
      </trkpt>
      <trkpt lat="48.690290534868836" lon="6.156570911407471">
        <ele>253.0</ele>
      </trkpt>
      <trkpt lat="48.68999012745917" lon="6.157965660095215">
        <ele>251.0</ele>
      </trkpt>
      <trkpt lat="48.689989959821105" lon="6.157965660095215">
        <ele>249.0</ele>
      </trkpt>
      <trkpt lat="48.68990421295166" lon="6.158394813537598">
        <ele>247.0</ele>
      </trkpt>
      <trkpt lat="48.6898398399353" lon="6.158695220947266">
        <ele>246.0</ele>
      </trkpt>
      <trkpt lat="48.68966826237738" lon="6.159510612487793">
        <ele>243.0</ele>
      </trkpt>
      <trkpt lat="48.68966817855835" lon="6.159510612487793">
        <ele>242.0</ele>
      </trkpt>
      <trkpt lat="48.6894428730011" lon="6.16059422492981">
        <ele>239.0</ele>
      </trkpt>
      <trkpt lat="48.68944278918207" lon="6.16059422492981">
        <ele>237.0</ele>
      </trkpt>
      <trkpt lat="48.689249753952026" lon="6.161484634503722">
        <ele>235.0</ele>
      </trkpt>
      <trkpt lat="48.68921756744385" lon="6.161624109372497">
        <ele>233.0</ele>
      </trkpt>
      <trkpt lat="48.68913173675537" lon="6.162021160125732">
        <ele>232.0</ele>
      </trkpt>
      <trkpt lat="48.68908882141113" lon="6.162182092666626">
        <ele>230.0</ele>
      </trkpt>
      <trkpt lat="48.68903526104987" lon="6.162482500076294">
        <ele>229.0</ele>
      </trkpt>
      <trkpt lat="48.6890350934118" lon="6.162482500076294">
        <ele>227.0</ele>
      </trkpt>
      <trkpt lat="48.68888505734503" lon="6.163201248273253">
        <ele>226.0</ele>
      </trkpt>
      <trkpt lat="48.68872404098511" lon="6.163920164108276">
        <ele>224.0</ele>
      </trkpt>
      <trkpt lat="48.68870258331299" lon="6.164016639813781">
        <ele>222.0</ele>
      </trkpt>
      <trkpt lat="48.68869193829596" lon="6.164113283157349">
        <ele>221.0</ele>
      </trkpt>
      <trkpt lat="48.688552463427186" lon="6.164756929501891">
        <ele>221.0</ele>
      </trkpt>
      <trkpt lat="48.688552379608154" lon="6.164756929501891">
        <ele>220.0</ele>
      </trkpt>
      <trkpt lat="48.68838063441217" lon="6.165593778714538">
        <ele>219.0</ele>
      </trkpt>
      <trkpt lat="48.68827351368964" lon="6.16578689776361">
        <ele>219.0</ele>
      </trkpt>
      <trkpt lat="48.688219701871276" lon="6.165862083435059">
        <ele>219.0</ele>
      </trkpt>
      <trkpt lat="48.6881769541651" lon="6.1659157276153564">
        <ele>219.0</ele>
      </trkpt>
      <trkpt lat="48.68810176849365" lon="6.165980016812682">
        <ele>218.0</ele>
      </trkpt>
      <trkpt lat="48.68798383511603" lon="6.166044473648071">
        <ele>218.0</ele>
      </trkpt>
      <trkpt lat="48.6873722076416" lon="6.166334068402648">
        <ele>218.0</ele>
      </trkpt>
      <trkpt lat="48.687264919281006" lon="6.166387712582946">
        <ele>218.0</ele>
      </trkpt>
      <trkpt lat="48.68688949383795" lon="6.166559457778931">
        <ele>218.0</ele>
      </trkpt>
      <trkpt lat="48.68688941001892" lon="6.166559457778931">
        <ele>218.0</ele>
      </trkpt>
      <trkpt lat="48.68613830767572" lon="6.166816866025329">
        <ele>218.0</ele>
      </trkpt>
      <trkpt lat="48.686009561643004" lon="6.166892051696777">
        <ele>218.0</ele>
      </trkpt>
      <trkpt lat="48.686009561643004" lon="6.167052984237671">
        <ele>218.0</ele>
      </trkpt>
      <trkpt lat="48.68604174815118" lon="6.167203104123473">
        <ele>218.0</ele>
      </trkpt>
      <trkpt lat="48.686074018478394" lon="6.16728893481195">
        <ele>218.0</ele>
      </trkpt>
      <trkpt lat="48.68615984916687" lon="6.167407035827637">
        <ele>218.0</ele>
      </trkpt>
      <trkpt lat="48.68624567985535" lon="6.167503511533141">
        <ele>218.0</ele>
      </trkpt>
      <trkpt lat="48.6864173412323" lon="6.167707443237305">
        <ele>218.0</ele>
      </trkpt>
      <trkpt lat="48.68669637478888" lon="6.1680184956640005">
        <ele>218.0</ele>
      </trkpt>
      <trkpt lat="48.68675001896918" lon="6.168115139007568">
        <ele>218.0</ele>
      </trkpt>
      <trkpt lat="48.68687868118286" lon="6.16853347979486">
        <ele>218.0</ele>
      </trkpt>
      <trkpt lat="48.68718990124762" lon="6.1695098876953125">
        <ele>218.0</ele>
      </trkpt>
      <trkpt lat="48.687254190444946" lon="6.169713651761413">
        <ele>218.0</ele>
      </trkpt>
      <trkpt lat="48.687254106625915" lon="6.169713651761413">
        <ele>218.0</ele>
      </trkpt>
      <trkpt lat="48.687597597017884" lon="6.170743620023131">
        <ele>218.0</ele>
      </trkpt>
      <trkpt lat="48.68761905469" lon="6.170840263366699">
        <ele>218.0</ele>
      </trkpt>
      <trkpt lat="48.68764042854309" lon="6.170915365219116">
        <ele>218.0</ele>
      </trkpt>
      <trkpt lat="48.68764034472406" lon="6.170915365219116">
        <ele>218.0</ele>
      </trkpt>
      <trkpt lat="48.68827351368964" lon="6.172835743054748">
        <ele>218.0</ele>
      </trkpt>
      <trkpt lat="48.688359344378114" lon="6.1731361504644156">
        <ele>218.0</ele>
      </trkpt>
      <trkpt lat="48.68839153088629" lon="6.173200607299805">
        <ele>218.0</ele>
      </trkpt>
      <trkpt lat="48.6884343624115" lon="6.173297083005309">
        <ele>218.0</ele>
      </trkpt>
      <trkpt lat="48.68843427859247" lon="6.173297083005309">
        <ele>218.0</ele>
      </trkpt>
      <trkpt lat="48.68871339596808" lon="6.174176847562194">
        <ele>218.0</ele>
      </trkpt>
      <trkpt lat="48.68871331214905" lon="6.174176847562194">
        <ele>218.0</ele>
      </trkpt>
      <trkpt lat="48.68872404098511" lon="6.174209117889404">
        <ele>218.0</ele>
      </trkpt>
      <trkpt lat="48.68872404098511" lon="6.174230491742492">
        <ele>218.0</ele>
      </trkpt>
      <trkpt lat="48.68907809257507" lon="6.175314104184508">
        <ele>218.0</ele>
      </trkpt>
      <trkpt lat="48.689099634066224" lon="6.175367748364806">
        <ele>218.0</ele>
      </trkpt>
      <trkpt lat="48.68909955024719" lon="6.175367748364806">
        <ele>218.0</ele>
      </trkpt>
      <trkpt lat="48.68930331431329" lon="6.17602220736444">
        <ele>218.0</ele>
      </trkpt>
      <trkpt lat="48.689292753115296" lon="6.176279783248901">
        <ele>219.0</ele>
      </trkpt>
      <trkpt lat="48.68928185664117" lon="6.176322614774108">
        <ele>219.0</ele>
      </trkpt>
      <trkpt lat="48.68888505734503" lon="6.176816141232848">
        <ele>219.0</ele>
      </trkpt>
      <trkpt lat="48.688884973526" lon="6.176816141232848">
        <ele>219.0</ele>
      </trkpt>
      <trkpt lat="48.68869193829596" lon="6.177041530609131">
        <ele>219.0</ele>
      </trkpt>
      <trkpt lat="48.68869185447693" lon="6.177041530609131">
        <ele>219.0</ele>
      </trkpt>
      <trkpt lat="48.688552463427186" lon="6.177213191986084">
        <ele>219.0</ele>
      </trkpt>
      <trkpt lat="48.68849881924689" lon="6.17727748118341">
        <ele>219.0</ele>
      </trkpt>
      <trkpt lat="48.68840217590332" lon="6.177395582199097">
        <ele>218.0</ele>
      </trkpt>
      <trkpt lat="48.68824124336243" lon="6.177599346265197">
        <ele>218.0</ele>
      </trkpt>
      <trkpt lat="48.688091123476624" lon="6.17780327796936">
        <ele>218.0</ele>
      </trkpt>
      <trkpt lat="48.68809103965759" lon="6.17780327796936">
        <ele>218.0</ele>
      </trkpt>
      <trkpt lat="48.68766188621521" lon="6.178371822461486">
        <ele>217.0</ele>
      </trkpt>
      <trkpt lat="48.687254106625915" lon="6.1789727210998535">
        <ele>216.0</ele>
      </trkpt>
      <trkpt lat="48.68722200393677" lon="6.17902628146112">
        <ele>216.0</ele>
      </trkpt>
      <trkpt lat="48.68690005503595" lon="6.179240858182311">
        <ele>215.0</ele>
      </trkpt>
      <trkpt lat="48.68683576583862" lon="6.179283857345581">
        <ele>215.0</ele>
      </trkpt>
      <trkpt lat="48.68679276667535" lon="6.17926231585443">
        <ele>214.0</ele>
      </trkpt>
      <trkpt lat="48.686717664822936" lon="6.1792731285095215">
        <ele>214.0</ele>
      </trkpt>
      <trkpt lat="48.68644944392145" lon="6.179476892575622">
        <ele>214.0</ele>
      </trkpt>
      <trkpt lat="48.68643871508539" lon="6.179519891738892">
        <ele>213.0</ele>
      </trkpt>
      <trkpt lat="48.68643871508539" lon="6.1795735359191895">
        <ele>213.0</ele>
      </trkpt>
      <trkpt lat="48.686310052871704" lon="6.179659366607666">
        <ele>213.0</ele>
      </trkpt>
      <trkpt lat="48.68584871292114" lon="6.1800026055425406">
        <ele>212.0</ele>
      </trkpt>
      <trkpt lat="48.68543020449579" lon="6.1803138256073">
        <ele>212.0</ele>
      </trkpt>
      <trkpt lat="48.685290813446045" lon="6.180410301312804">
        <ele>212.0</ele>
      </trkpt>
      <trkpt lat="48.685333812609315" lon="6.1806034203618765">
        <ele>212.0</ele>
      </trkpt>
      <trkpt lat="48.6853551864624" lon="6.1806464195251465">
        <ele>212.0</ele>
      </trkpt>
      <trkpt lat="48.68558049201965" lon="6.181365167722106">
        <ele>212.0</ele>
      </trkpt>
      <trkpt lat="48.68562332354486" lon="6.181461811065674">
        <ele>212.0</ele>
      </trkpt>
      <trkpt lat="48.68499048985541" lon="6.181912338361144">
        <ele>212.0</ele>
      </trkpt>
      <trkpt lat="48.68499040603638" lon="6.181912338361144">
        <ele>212.0</ele>
      </trkpt>
      <trkpt lat="48.68444323539734" lon="6.182341491803527">
        <ele>212.0</ele>
      </trkpt>
      <trkpt lat="48.684357488527894" lon="6.182448780164123">
        <ele>212.0</ele>
      </trkpt>
      <trkpt lat="48.68435740470886" lon="6.182448780164123">
        <ele>213.0</ele>
      </trkpt>
      <trkpt lat="48.68343480862677" lon="6.184036731719971">
        <ele>213.0</ele>
      </trkpt>
      <trkpt lat="48.683295333758" lon="6.184283494949341">
        <ele>213.0</ele>
      </trkpt>
      <trkpt lat="48.68308067321777" lon="6.184648275375366">
        <ele>213.0</ele>
      </trkpt>
      <trkpt lat="48.6829948425293" lon="6.184755563735962">
        <ele>213.0</ele>
      </trkpt>
      <trkpt lat="48.68295192718506" lon="6.184701919555664">
        <ele>214.0</ele>
      </trkpt>
      <trkpt lat="48.682780265808105" lon="6.18505597114563">
        <ele>214.0</ele>
      </trkpt>
      <trkpt lat="48.68272662162781" lon="6.18525973521173">
        <ele>214.0</ele>
      </trkpt>
      <trkpt lat="48.68270516395569" lon="6.185442125424743">
        <ele>214.0</ele>
      </trkpt>
      <trkpt lat="48.68270516395569" lon="6.185549413785338">
        <ele>214.0</ele>
      </trkpt>
      <trkpt lat="48.68272662162781" lon="6.185753345489502">
        <ele>214.0</ele>
      </trkpt>
      <trkpt lat="48.682812536135316" lon="6.1860965844243765">
        <ele>214.0</ele>
      </trkpt>
      <trkpt lat="48.683037757873535" lon="6.186858331784606">
        <ele>213.0</ele>
      </trkpt>
      <trkpt lat="48.6830376740545" lon="6.186858331784606">
        <ele>213.0</ele>
      </trkpt>
      <trkpt lat="48.683273792266846" lon="6.187448501586914">
        <ele>213.0</ele>
      </trkpt>
      <trkpt lat="48.68340253829956" lon="6.187630891799927">
        <ele>213.0</ele>
      </trkpt>
      <trkpt lat="48.683520555496216" lon="6.18780255317688">
        <ele>212.0</ele>
      </trkpt>
      <trkpt lat="48.68413201533258" lon="6.188414013013244">
        <ele>212.0</ele>
      </trkpt>
      <trkpt lat="48.684282302856445" lon="6.188574945554137">
        <ele>212.0</ele>
      </trkpt>
      <trkpt lat="48.68434659205377" lon="6.188703775405884">
        <ele>211.0</ele>
      </trkpt>
      <trkpt lat="48.684518337249756" lon="6.188832521438599">
        <ele>211.0</ele>
      </trkpt>
      <trkpt lat="48.68459335528314" lon="6.188982641324401">
        <ele>210.0</ele>
      </trkpt>
      <trkpt lat="48.68476518429816" lon="6.189465522766113">
        <ele>210.0</ele>
      </trkpt>
      <trkpt lat="48.68487238883972" lon="6.189701557159424">
        <ele>209.0</ele>
      </trkpt>
      <trkpt lat="48.685022508725524" lon="6.189905321225524">
        <ele>208.0</ele>
      </trkpt>
      <trkpt lat="48.685022592544556" lon="6.189905321225524">
        <ele>208.0</ele>
      </trkpt>
      <trkpt lat="48.685569763183594" lon="6.190570509061217">
        <ele>207.0</ele>
      </trkpt>
      <trkpt lat="48.68578425608575" lon="6.190828084945679">
        <ele>206.0</ele>
      </trkpt>
      <trkpt lat="48.6858594417572" lon="6.190967475995421">
        <ele>205.0</ele>
      </trkpt>
      <trkpt lat="48.68599891662598" lon="6.191375171765685">
        <ele>205.0</ele>
      </trkpt>
      <trkpt lat="48.68609539233148" lon="6.191847240552306">
        <ele>204.0</ele>
      </trkpt>
      <trkpt lat="48.6860632058233" lon="6.191911697387695">
        <ele>204.0</ele>
      </trkpt>
      <trkpt lat="48.686052644625306" lon="6.191975986585021">
        <ele>203.0</ele>
      </trkpt>
      <trkpt lat="48.68609539233148" lon="6.192083274945617">
        <ele>202.0</ele>
      </trkpt>
      <trkpt lat="48.68608466349542" lon="6.192340767011046">
        <ele>202.0</ele>
      </trkpt>
      <trkpt lat="48.686031019315124" lon="6.19253396987915">
        <ele>201.0</ele>
      </trkpt>
      <trkpt lat="48.686031103134155" lon="6.19253396987915">
        <ele>201.0</ele>
      </trkpt>
      <trkpt lat="48.6859667301178" lon="6.192812919616699">
        <ele>201.0</ele>
      </trkpt>
      <trkpt lat="48.68594527244568" lon="6.192855751141906">
        <ele>200.0</ele>
      </trkpt>
      <trkpt lat="48.6858594417572" lon="6.193284904584289">
        <ele>200.0</ele>
      </trkpt>
      <trkpt lat="48.68587008677423" lon="6.193327903747559">
        <ele>200.0</ele>
      </trkpt>
      <trkpt lat="48.68581644259393" lon="6.193574666976929">
        <ele>199.0</ele>
      </trkpt>
      <trkpt lat="48.68575223721564" lon="6.193864261731505">
        <ele>199.0</ele>
      </trkpt>
      <trkpt lat="48.68564494885504" lon="6.19428277015686">
        <ele>199.0</ele>
      </trkpt>
      <trkpt lat="48.685612762346864" lon="6.194465160369873">
        <ele>199.0</ele>
      </trkpt>
      <trkpt lat="48.68560194969177" lon="6.195130348205566">
        <ele>198.0</ele>
      </trkpt>
      <trkpt lat="48.68560194969177" lon="6.195613145828247">
        <ele>198.0</ele>
      </trkpt>
      <trkpt lat="48.68562332354486" lon="6.1957096215337515">
        <ele>198.0</ele>
      </trkpt>
      <trkpt lat="48.68565559387207" lon="6.195838451385498">
        <ele>198.0</ele>
      </trkpt>
      <trkpt lat="48.68575223721564" lon="6.19629979133606">
        <ele>198.0</ele>
      </trkpt>
      <trkpt lat="48.685805881395936" lon="6.196568012237549">
        <ele>198.0</ele>
      </trkpt>
      <trkpt lat="48.68594527244568" lon="6.197254657745361">
        <ele>198.0</ele>
      </trkpt>
      <trkpt lat="48.686052560806274" lon="6.197758829221129">
        <ele>198.0</ele>
      </trkpt>
      <trkpt lat="48.686074018478394" lon="6.197812473401427">
        <ele>198.0</ele>
      </trkpt>
      <trkpt lat="48.68547328747809" lon="6.19799486361444">
        <ele>198.0</ele>
      </trkpt>
      <trkpt lat="48.68493676185608" lon="6.198230981826782">
        <ele>198.0</ele>
      </trkpt>
      <trkpt lat="48.684732830151916" lon="6.198338270187378">
        <ele>198.0</ele>
      </trkpt>
      <trkpt lat="48.68473299778998" lon="6.198338270187378">
        <ele>198.0</ele>
      </trkpt>
      <trkpt lat="48.68461481295526" lon="6.1984241008758545">
        <ele>199.0</ele>
      </trkpt>
      <trkpt lat="48.68392833508551" lon="6.198767423629761">
        <ele>199.0</ele>
      </trkpt>
      <trkpt lat="48.681578636169434" lon="6.1999475955963135">
        <ele>199.0</ele>
      </trkpt>
      <trkpt lat="48.6813747882843" lon="6.200054883956909">
        <ele>199.0</ele>
      </trkpt>
      <trkpt lat="48.67837071418762" lon="6.2015461921691895">
        <ele>199.0</ele>
      </trkpt>
      <trkpt lat="48.678220426663756" lon="6.201664209365845">
        <ele>199.0</ele>
      </trkpt>
      <trkpt lat="48.6781454924494" lon="6.201696312054992">
        <ele>199.0</ele>
      </trkpt>
      <trkpt lat="48.67814532481134" lon="6.201696312054992">
        <ele>199.0</ele>
      </trkpt>
      <trkpt lat="48.678027307614684" lon="6.201717853546143">
        <ele>200.0</ele>
      </trkpt>
      <trkpt lat="48.67589235305786" lon="6.202801465988159">
        <ele>200.0</ele>
      </trkpt>
      <trkpt lat="48.675624215975404" lon="6.2029515858739614">
        <ele>200.0</ele>
      </trkpt>
      <trkpt lat="48.67517352104187" lon="6.203251993283629">
        <ele>200.0</ele>
      </trkpt>
      <trkpt lat="48.674497520551085" lon="6.203756332397461">
        <ele>201.0</ele>
      </trkpt>
      <trkpt lat="48.67435812950134" lon="6.203906452283263">
        <ele>201.0</ele>
      </trkpt>
      <trkpt lat="48.67435804568231" lon="6.203906452283263">
        <ele>201.0</ele>
      </trkpt>
      <trkpt lat="48.67392897605896" lon="6.204292690381408">
        <ele>201.0</ele>
      </trkpt>
      <trkpt lat="48.67355355061591" lon="6.204700386151671">
        <ele>201.0</ele>
      </trkpt>
      <trkpt lat="48.673553466796875" lon="6.204700386151671">
        <ele>201.0</ele>
      </trkpt>
      <trkpt lat="48.67316731251776" lon="6.205172538757324">
        <ele>201.0</ele>
      </trkpt>
      <trkpt lat="48.67316722869873" lon="6.205172538757324">
        <ele>201.0</ele>
      </trkpt>
      <trkpt lat="48.67296329699457" lon="6.205472946166992">
        <ele>202.0</ele>
      </trkpt>
      <trkpt lat="48.67290965281427" lon="6.205580234527588">
        <ele>202.0</ele>
      </trkpt>
      <trkpt lat="48.67282382212579" lon="6.205783998593688">
        <ele>202.0</ele>
      </trkpt>
      <trkpt lat="48.67244831286371" lon="6.206298982724547">
        <ele>202.0</ele>
      </trkpt>
      <trkpt lat="48.672255193814635" lon="6.206513559445739">
        <ele>202.0</ele>
      </trkpt>
      <trkpt lat="48.67196568287909" lon="6.20698562823236">
        <ele>202.0</ele>
      </trkpt>
      <trkpt lat="48.67169737815857" lon="6.207393324002624">
        <ele>202.0</ele>
      </trkpt>
      <trkpt lat="48.671343410387635" lon="6.207876121625304">
        <ele>202.0</ele>
      </trkpt>
      <trkpt lat="48.67123612202704" lon="6.208015596494079">
        <ele>202.0</ele>
      </trkpt>
      <trkpt lat="48.67123603820801" lon="6.208015596494079">
        <ele>202.0</ele>
      </trkpt>
      <trkpt lat="48.670828342437744" lon="6.208305358886719">
        <ele>202.0</ele>
      </trkpt>
      <trkpt lat="48.670324087142944" lon="6.2089919205754995">
        <ele>202.0</ele>
      </trkpt>
      <trkpt lat="48.670023679733276" lon="6.209410345181823">
        <ele>201.0</ele>
      </trkpt>
      <trkpt lat="48.66994866169989" lon="6.209506988525391">
        <ele>201.0</ele>
      </trkpt>
      <trkpt lat="48.669530153274536" lon="6.210129261016846">
        <ele>201.0</ele>
      </trkpt>
      <trkpt lat="48.6693799495697" lon="6.2103652115911245">
        <ele>201.0</ele>
      </trkpt>
      <trkpt lat="48.66895087994635" lon="6.211105585098267">
        <ele>201.0</ele>
      </trkpt>
      <trkpt lat="48.66895079612732" lon="6.211105585098267">
        <ele>201.0</ele>
      </trkpt>
      <trkpt lat="48.66860738955438" lon="6.211727857589722">
        <ele>201.0</ele>
      </trkpt>
      <trkpt lat="48.668103301897645" lon="6.212779199704528">
        <ele>200.0</ele>
      </trkpt>
      <trkpt lat="48.66810321807861" lon="6.212779199704528">
        <ele>200.0</ele>
      </trkpt>
      <trkpt lat="48.66765260696411" lon="6.213841354474425">
        <ele>200.0</ele>
      </trkpt>
      <trkpt lat="48.66765252314508" lon="6.213841354474425">
        <ele>200.0</ele>
      </trkpt>
      <trkpt lat="48.667094707489014" lon="6.215300559997559">
        <ele>200.0</ele>
      </trkpt>
      <trkpt lat="48.66542092524469" lon="6.219903230667114">
        <ele>199.0</ele>
      </trkpt>
      <trkpt lat="48.66472363471985" lon="6.221727132797241">
        <ele>199.0</ele>
      </trkpt>
      <trkpt lat="48.664498245343566" lon="6.2222206592559814">
        <ele>198.0</ele>
      </trkpt>
      <trkpt lat="48.66381159983575" lon="6.223615324124694">
        <ele>198.0</ele>
      </trkpt>
      <trkpt lat="48.66042137145996" lon="6.229880964383483">
        <ele>198.0</ele>
      </trkpt>
      <trkpt lat="48.66012088023126" lon="6.2304604053497314">
        <ele>197.0</ele>
      </trkpt>
      <trkpt lat="48.660099506378174" lon="6.230578422546387">
        <ele>197.0</ele>
      </trkpt>
      <trkpt lat="48.65982047282159" lon="6.231114864349365">
        <ele>197.0</ele>
      </trkpt>
      <trkpt lat="48.65979918278754" lon="6.231222152709961">
        <ele>197.0</ele>
      </trkpt>
      <trkpt lat="48.65988492965698" lon="6.2315332889556885">
        <ele>197.0</ele>
      </trkpt>
      <trkpt lat="48.65989557467401" lon="6.231651222333312">
        <ele>196.0</ele>
      </trkpt>
      <trkpt lat="48.65989557467401" lon="6.231780052185059">
        <ele>196.0</ele>
      </trkpt>
      <trkpt lat="48.65986338816583" lon="6.231983816251159">
        <ele>196.0</ele>
      </trkpt>
      <trkpt lat="48.65979918278754" lon="6.232144748792052">
        <ele>196.0</ele>
      </trkpt>
      <trkpt lat="48.65964881144464" lon="6.232391512021422">
        <ele>196.0</ele>
      </trkpt>
      <trkpt lat="48.65946642123163" lon="6.23269191943109">
        <ele>197.0</ele>
      </trkpt>
      <trkpt lat="48.65943423472345" lon="6.232724189758301">
        <ele>197.0</ele>
      </trkpt>
      <trkpt lat="48.65939140319824" lon="6.232734834775329">
        <ele>197.0</ele>
      </trkpt>
      <trkpt lat="48.65932694636285" lon="6.232681190595031">
        <ele>197.0</ele>
      </trkpt>
      <trkpt lat="48.65938059054315" lon="6.232584714889526">
        <ele>197.0</ele>
      </trkpt>
      <trkpt lat="48.65947731770575" lon="6.232434427365661">
        <ele>198.0</ele>
      </trkpt>
      <trkpt lat="48.65964881144464" lon="6.232144748792052">
        <ele>198.0</ele>
      </trkpt>
      <trkpt lat="48.65972399711609" lon="6.231962442398071">
        <ele>198.0</ele>
      </trkpt>
      <trkpt lat="48.65973464213312" lon="6.2317906972020864">
        <ele>199.0</ele>
      </trkpt>
      <trkpt lat="48.65964881144464" lon="6.2315332889556885">
        <ele>200.0</ele>
      </trkpt>
      <trkpt lat="48.6594021320343" lon="6.230953931808472">
        <ele>200.0</ele>
      </trkpt>
      <trkpt lat="48.659337842836976" lon="6.230782186612487">
        <ele>201.0</ele>
      </trkpt>
      <trkpt lat="48.65920901298523" lon="6.230503236874938">
        <ele>202.0</ele>
      </trkpt>
      <trkpt lat="48.659112537279725" lon="6.230353116989136">
        <ele>202.0</ele>
      </trkpt>
      <trkpt lat="48.65899443626404" lon="6.23024582862854">
        <ele>203.0</ele>
      </trkpt>
      <trkpt lat="48.65871548652649" lon="6.230052709579468">
        <ele>204.0</ele>
      </trkpt>
      <trkpt lat="48.65864030085504" lon="6.229859506711364">
        <ele>205.0</ele>
      </trkpt>
      <trkpt lat="48.658608198165894" lon="6.2297523021698">
        <ele>206.0</ele>
      </trkpt>
      <trkpt lat="48.658608198165894" lon="6.229505455121398">
        <ele>206.0</ele>
      </trkpt>
      <trkpt lat="48.6585009098053" lon="6.229720031842589">
        <ele>207.0</ele>
      </trkpt>
      <trkpt lat="48.65847945213318" lon="6.2297414895147085">
        <ele>208.0</ele>
      </trkpt>
      <trkpt lat="48.65845791064203" lon="6.229773676022887">
        <ele>209.0</ele>
      </trkpt>
      <trkpt lat="48.65843653678894" lon="6.229880964383483">
        <ele>210.0</ele>
      </trkpt>
      <trkpt lat="48.658307790756226" lon="6.230127727612853">
        <ele>211.0</ele>
      </trkpt>
      <trkpt lat="48.65812531672418" lon="6.230278015136719">
        <ele>211.0</ele>
      </trkpt>
      <trkpt lat="48.65791082382202" lon="6.2303853034973145">
        <ele>212.0</ele>
      </trkpt>
      <trkpt lat="48.65770697593689" lon="6.23049259185791">
        <ele>213.0</ele>
      </trkpt>
      <trkpt lat="48.65770705975592" lon="6.23049259185791">
        <ele>214.0</ele>
      </trkpt>
      <trkpt lat="48.65712761878967" lon="6.230792999267578">
        <ele>215.0</ele>
      </trkpt>
      <trkpt lat="48.657041788101196" lon="6.230835830792785">
        <ele>215.0</ele>
      </trkpt>
      <trkpt lat="48.656795024871826" lon="6.230975305661559">
        <ele>216.0</ele>
      </trkpt>
      <trkpt lat="48.656301498413086" lon="6.231275713071227">
        <ele>217.0</ele>
      </trkpt>
      <trkpt lat="48.656097650527954" lon="6.23145810328424">
        <ele>217.0</ele>
      </trkpt>
      <trkpt lat="48.65571141242981" lon="6.231801509857178">
        <ele>218.0</ele>
      </trkpt>
      <trkpt lat="48.65544319152832" lon="6.231983816251159">
        <ele>218.0</ele>
      </trkpt>
      <trkpt lat="48.65525007247925" lon="6.232069730758667">
        <ele>219.0</ele>
      </trkpt>
      <trkpt lat="48.65525015629828" lon="6.232069730758667">
        <ele>219.0</ele>
      </trkpt>
      <trkpt lat="48.654262935742736" lon="6.232509613037109">
        <ele>219.0</ele>
      </trkpt>
      <trkpt lat="48.65365147590637" lon="6.232799207791686">
        <ele>220.0</ele>
      </trkpt>
      <trkpt lat="48.65341535769403" lon="6.232938766479492">
        <ele>220.0</ele>
      </trkpt>
      <trkpt lat="48.65319013595581" lon="6.233099615201354">
        <ele>220.0</ele>
      </trkpt>
      <trkpt lat="48.6524498462677" lon="6.233743345364928">
        <ele>220.0</ele>
      </trkpt>
      <trkpt lat="48.652321016415954" lon="6.233947277069092">
        <ele>220.0</ele>
      </trkpt>
      <trkpt lat="48.652299558743834" lon="6.234022295102477">
        <ele>220.0</ele>
      </trkpt>
      <trkpt lat="48.65222445689142" lon="6.23400092124939">
        <ele>219.0</ele>
      </trkpt>
      <trkpt lat="48.65218170918524" lon="6.234011650085449">
        <ele>219.0</ele>
      </trkpt>
      <trkpt lat="48.65213862620294" lon="6.234043752774596">
        <ele>219.0</ele>
      </trkpt>
      <trkpt lat="48.65210643969476" lon="6.234108209609985">
        <ele>218.0</ele>
      </trkpt>
      <trkpt lat="48.65210643969476" lon="6.234183227643371">
        <ele>218.0</ele>
      </trkpt>
      <trkpt lat="48.65192404948175" lon="6.234429990872741">
        <ele>218.0</ele>
      </trkpt>
      <trkpt lat="48.651795387268066" lon="6.234633922576904">
        <ele>217.0</ele>
      </trkpt>
      <trkpt lat="48.65166664123535" lon="6.234869873151183">
        <ele>216.0</ele>
      </trkpt>
      <trkpt lat="48.65162364207208" lon="6.235020160675049">
        <ele>216.0</ele>
      </trkpt>
      <trkpt lat="48.64842653274536" lon="6.2408780213445425">
        <ele>215.0</ele>
      </trkpt>
      <trkpt lat="48.64819041453302" lon="6.241135597229004">
        <ele>214.0</ele>
      </trkpt>
      <trkpt lat="48.64810458384454" lon="6.241189241409302">
        <ele>214.0</ele>
      </trkpt>
      <trkpt lat="48.64800810813904" lon="6.241199970245361">
        <ele>213.0</ele>
      </trkpt>
      <trkpt lat="48.64795446395874" lon="6.241264259442687">
        <ele>212.0</ele>
      </trkpt>
      <trkpt lat="48.647847175598145" lon="6.2412965297698975">
        <ele>211.0</ele>
      </trkpt>
      <trkpt lat="48.647814989089966" lon="6.241350090131164">
        <ele>211.0</ele>
      </trkpt>
      <trkpt lat="48.64779353141785" lon="6.241425191983581">
        <ele>210.0</ele>
      </trkpt>
      <trkpt lat="48.647782718762755" lon="6.241511022672057">
        <ele>209.0</ele>
      </trkpt>
      <trkpt lat="48.64779353141785" lon="6.24173641204834">
        <ele>209.0</ele>
      </trkpt>
      <trkpt lat="48.647782718762755" lon="6.241832887753844">
        <ele>208.0</ele>
      </trkpt>
      <trkpt lat="48.647654140368104" lon="6.24218693934381">
        <ele>207.0</ele>
      </trkpt>
      <trkpt lat="48.64749320782721" lon="6.242487346753478">
        <ele>207.0</ele>
      </trkpt>
      <trkpt lat="48.6469566822052" lon="6.24348521232605">
        <ele>207.0</ele>
      </trkpt>
      <trkpt lat="48.64663473330438" lon="6.244364893063903">
        <ele>206.0</ele>
      </trkpt>
      <trkpt lat="48.64637732505798" lon="6.245276927947998">
        <ele>206.0</ele>
      </trkpt>
      <trkpt lat="48.64617339335382" lon="6.245877742767334">
        <ele>206.0</ele>
      </trkpt>
      <trkpt lat="48.64599108695984" lon="6.246328270062804">
        <ele>205.0</ele>
      </trkpt>
      <trkpt lat="48.645797884091735" lon="6.246735965833068">
        <ele>205.0</ele>
      </trkpt>
      <trkpt lat="48.64486447535455" lon="6.248527681455016">
        <ele>205.0</ele>
      </trkpt>
      <trkpt lat="48.644607067108154" lon="6.249128496274352">
        <ele>205.0</ele>
      </trkpt>
      <trkpt lat="48.64418864250183" lon="6.25043741427362">
        <ele>206.0</ele>
      </trkpt>
      <trkpt lat="48.64379167556763" lon="6.251767789945006">
        <ele>206.0</ele>
      </trkpt>
      <trkpt lat="48.64368438720703" lon="6.252079010009766">
        <ele>206.0</ele>
      </trkpt>
      <trkpt lat="48.643362522125244" lon="6.252647554501891">
        <ele>207.0</ele>
      </trkpt>
      <trkpt lat="48.643308794125915" lon="6.252808487042785">
        <ele>207.0</ele>
      </trkpt>
      <trkpt lat="48.64328742027283" lon="6.25318399630487">
        <ele>208.0</ele>
      </trkpt>
      <trkpt lat="48.6432336922735" lon="6.253302013501525">
        <ele>209.0</ele>
      </trkpt>
      <trkpt lat="48.64299774169922" lon="6.253409301862121">
        <ele>210.0</ele>
      </trkpt>
      <trkpt lat="48.64219299517572" lon="6.2535059452056885">
        <ele>211.0</ele>
      </trkpt>
      <trkpt lat="48.64172109402716" lon="6.2535810470581055">
        <ele>212.0</ele>
      </trkpt>
      <trkpt lat="48.64070168696344" lon="6.253698980435729">
        <ele>214.0</ele>
      </trkpt>
      <trkpt lat="48.64070177078247" lon="6.253698980435729">
        <ele>215.0</ele>
      </trkpt>
      <trkpt lat="48.640336990356445" lon="6.253752708435059">
        <ele>216.0</ele>
      </trkpt>
      <trkpt lat="48.63879203796387" lon="6.253977930173278">
        <ele>217.0</ele>
      </trkpt>
      <trkpt lat="48.63575577735901" lon="6.254342794418335">
        <ele>219.0</ele>
      </trkpt>
      <trkpt lat="48.63397470675409" lon="6.254589557647705">
        <ele>220.0</ele>
      </trkpt>
      <trkpt lat="48.633599197492" lon="6.254557371139526">
        <ele>221.0</ele>
      </trkpt>
      <trkpt lat="48.632923448458314" lon="6.2544286251068115">
        <ele>221.0</ele>
      </trkpt>
      <trkpt lat="48.6327410582453" lon="6.254396438598633">
        <ele>222.0</ele>
      </trkpt>
      <trkpt lat="48.62996220588684" lon="6.253945743665099">
        <ele>221.0</ele>
      </trkpt>
      <trkpt lat="48.628138387575746" lon="6.253656065091491">
        <ele>221.0</ele>
      </trkpt>
      <trkpt lat="48.621840476989746" lon="6.253945743665099">
        <ele>221.0</ele>
      </trkpt>
      <trkpt lat="48.62030625343323" lon="6.254020929336548">
        <ele>221.0</ele>
      </trkpt>
      <trkpt lat="48.61992001533508" lon="6.254031574353576">
        <ele>221.0</ele>
      </trkpt>
      <trkpt lat="48.619866371154785" lon="6.254042387008667">
        <ele>221.0</ele>
      </trkpt>
      <trkpt lat="48.618804132565856" lon="6.254085218533874">
        <ele>221.0</ele>
      </trkpt>
      <trkpt lat="48.61880421638489" lon="6.254085218533874">
        <ele>221.0</ele>
      </trkpt>
      <trkpt lat="48.61827850341797" lon="6.254106760025024">
        <ele>221.0</ele>
      </trkpt>
      <trkpt lat="48.618278587237" lon="6.254106760025024">
        <ele>221.0</ele>
      </trkpt>
      <trkpt lat="48.61764541827142" lon="6.2541282176971436">
        <ele>220.0</ele>
      </trkpt>
      <trkpt lat="48.617119789123535" lon="6.254149675369263">
        <ele>220.0</ele>
      </trkpt>
      <trkpt lat="48.616658449172974" lon="6.25417104922235">
        <ele>221.0</ele>
      </trkpt>
      <trkpt lat="48.616057550534606" lon="6.25417104922235">
        <ele>221.0</ele>
      </trkpt>
      <trkpt lat="48.61573568545282" lon="6.254106760025024">
        <ele>221.0</ele>
      </trkpt>
      <trkpt lat="48.615564024075866" lon="6.254042387008667">
        <ele>222.0</ele>
      </trkpt>
      <trkpt lat="48.61494175158441" lon="6.2535810470581055">
        <ele>223.0</ele>
      </trkpt>
      <trkpt lat="48.61471652984619" lon="6.253495216369629">
        <ele>223.0</ele>
      </trkpt>
      <trkpt lat="48.61445912159979" lon="6.253484403714538">
        <ele>224.0</ele>
      </trkpt>
      <trkpt lat="48.613847494125366" lon="6.25347375869751">
        <ele>226.0</ele>
      </trkpt>
      <trkpt lat="48.61346125602722" lon="6.253548860549927">
        <ele>229.0</ele>
      </trkpt>
      <trkpt lat="48.61280679702759" lon="6.253838455304503">
        <ele>231.0</ele>
      </trkpt>
      <trkpt lat="48.6125922203064" lon="6.253902912139893">
        <ele>233.0</ele>
      </trkpt>
      <trkpt lat="48.61201294697821" lon="6.254020929336548">
        <ele>235.0</ele>
      </trkpt>
      <trkpt lat="48.611605167388916" lon="6.254063760861754">
        <ele>238.0</ele>
      </trkpt>
      <trkpt lat="48.6114764213562" lon="6.254074573516846">
        <ele>241.0</ele>
      </trkpt>
      <trkpt lat="48.61118674278259" lon="6.254160404205322">
        <ele>245.0</ele>
      </trkpt>
      <trkpt lat="48.61113301478326" lon="6.254192506894469">
        <ele>248.0</ele>
      </trkpt>
      <trkpt lat="48.611133098602295" lon="6.254192506894469">
        <ele>252.0</ele>
      </trkpt>
      <trkpt lat="48.609309112653136" lon="6.255265474319458">
        <ele>256.0</ele>
      </trkpt>
      <trkpt lat="48.60848307609558" lon="6.2556087132543325">
        <ele>261.0</ele>
      </trkpt>
      <trkpt lat="48.60654124058783" lon="6.256434917449951">
        <ele>266.0</ele>
      </trkpt>
      <trkpt lat="48.60650905407965" lon="6.256445646286011">
        <ele>270.0</ele>
      </trkpt>
      <trkpt lat="48.60362299717963" lon="6.257668733596802">
        <ele>276.0</ele>
      </trkpt>
      <trkpt lat="48.600897789001465" lon="6.258827364072204">
        <ele>281.0</ele>
      </trkpt>
      <trkpt lat="48.598451698198915" lon="6.259878873825073">
        <ele>287.0</ele>
      </trkpt>
      <trkpt lat="48.59677791595459" lon="6.260586977005005">
        <ele>292.0</ele>
      </trkpt>
      <trkpt lat="48.59158515930176" lon="6.262807846069336">
        <ele>299.0</ele>
      </trkpt>
      <trkpt lat="48.58866683207452" lon="6.264052307233214">
        <ele>304.0</ele>
      </trkpt>
      <trkpt lat="48.588666915893555" lon="6.264052307233214">
        <ele>309.0</ele>
      </trkpt>
      <trkpt lat="48.58123174868524" lon="6.267217397689819">
        <ele>314.0</ele>
      </trkpt>
      <trkpt lat="48.58104944229126" lon="6.266498481854796">
        <ele>318.0</ele>
      </trkpt>
      <trkpt lat="48.58041635714471" lon="6.263966476544738">
        <ele>323.0</ele>
      </trkpt>
      <trkpt lat="48.58035206794739" lon="6.263730442151427">
        <ele>326.0</ele>
      </trkpt>
      <trkpt lat="48.580287611112" lon="6.263580322265625">
        <ele>333.0</ele>
      </trkpt>
      <trkpt lat="48.580137491226196" lon="6.263365661725402">
        <ele>336.0</ele>
      </trkpt>
      <trkpt lat="48.57983708381653" lon="6.263129627332091">
        <ele>339.0</ele>
      </trkpt>
      <trkpt lat="48.57935428619385" lon="6.262807846069336">
        <ele>341.0</ele>
      </trkpt>
      <trkpt lat="48.57906452380121" lon="6.262614643201232">
        <ele>344.0</ele>
      </trkpt>
      <trkpt lat="48.57871047221124" lon="6.262346506118774">
        <ele>345.0</ele>
      </trkpt>
      <trkpt lat="48.5785174369812" lon="6.262153387069702">
        <ele>347.0</ele>
      </trkpt>
      <trkpt lat="48.5779595375061" lon="6.261616945266724">
        <ele>349.0</ele>
      </trkpt>
      <trkpt lat="48.576886570081115" lon="6.260812198743224">
        <ele>350.0</ele>
      </trkpt>
      <trkpt lat="48.57622146606445" lon="6.260340213775635">
        <ele>351.0</ele>
      </trkpt>
      <trkpt lat="48.57595316134393" lon="6.260136282071471">
        <ele>352.0</ele>
      </trkpt>
      <trkpt lat="48.57579222880304" lon="6.259964620694518">
        <ele>352.0</ele>
      </trkpt>
      <trkpt lat="48.57528805732727" lon="6.259342348203063">
        <ele>353.0</ele>
      </trkpt>
      <trkpt lat="48.57503048144281" lon="6.259052753448486">
        <ele>353.0</ele>
      </trkpt>
      <trkpt lat="48.574397480115294" lon="6.258387481793761">
        <ele>353.0</ele>
      </trkpt>
      <trkpt lat="48.57398986816406" lon="6.258022785186768">
        <ele>353.0</ele>
      </trkpt>
      <trkpt lat="48.573667919263244" lon="6.257711565122008">
        <ele>353.0</ele>
      </trkpt>
      <trkpt lat="48.57350698672235" lon="6.257518446072936">
        <ele>352.0</ele>
      </trkpt>
      <trkpt lat="48.5733353253454" lon="6.257261037826538">
        <ele>351.0</ele>
      </trkpt>
      <trkpt lat="48.57279888354242" lon="6.256306171417236">
        <ele>351.0</ele>
      </trkpt>
      <trkpt lat="48.57268086634576" lon="6.25617734156549">
        <ele>350.0</ele>
      </trkpt>
      <trkpt lat="48.57256301678717" lon="6.256113052368164">
        <ele>349.0</ele>
      </trkpt>
      <trkpt lat="48.57139348983765" lon="6.255769645795226">
        <ele>347.0</ele>
      </trkpt>
      <trkpt lat="48.57123255729675" lon="6.2557053565979">
        <ele>346.0</ele>
      </trkpt>
      <trkpt lat="48.570867693051696" lon="6.255469238385558">
        <ele>344.0</ele>
      </trkpt>
      <trkpt lat="48.57059955596924" lon="6.25522255897522">
        <ele>343.0</ele>
      </trkpt>
      <trkpt lat="48.57018104754388" lon="6.254621744155884">
        <ele>341.0</ele>
      </trkpt>
      <trkpt lat="48.569923639297485" lon="6.2543105240911245">
        <ele>339.0</ele>
      </trkpt>
      <trkpt lat="48.569161891937256" lon="6.253527402877808">
        <ele>337.0</ele>
      </trkpt>
      <trkpt lat="48.56872200965881" lon="6.25295877456665">
        <ele>335.0</ele>
      </trkpt>
      <trkpt lat="48.567960346117616" lon="6.25218621455133">
        <ele>333.0</ele>
      </trkpt>
      <trkpt lat="48.567445278167725" lon="6.251596212387085">
        <ele>331.0</ele>
      </trkpt>
      <trkpt lat="48.567445361986756" lon="6.251596212387085">
        <ele>329.0</ele>
      </trkpt>
      <trkpt lat="48.56624364852905" lon="6.25016919337213">
        <ele>326.0</ele>
      </trkpt>
      <trkpt lat="48.56543890200555" lon="6.249321615323424">
        <ele>324.0</ele>
      </trkpt>
      <trkpt lat="48.56534234248102" lon="6.24918214045465">
        <ele>322.0</ele>
      </trkpt>
      <trkpt lat="48.56526732444763" lon="6.2490426655858755">
        <ele>319.0</ele>
      </trkpt>
      <trkpt lat="48.56522432528436" lon="6.2488924618810415">
        <ele>317.0</ele>
      </trkpt>
      <trkpt lat="48.565149223431945" lon="6.248527681455016">
        <ele>315.0</ele>
      </trkpt>
      <trkpt lat="48.56500974856317" lon="6.2480878829956055">
        <ele>312.0</ele>
      </trkpt>
      <trkpt lat="48.56488108634949" lon="6.247830307111144">
        <ele>310.0</ele>
      </trkpt>
      <trkpt lat="48.56473079882562" lon="6.247637188062072">
        <ele>307.0</ele>
      </trkpt>
      <trkpt lat="48.56458067893982" lon="6.247476255521178">
        <ele>305.0</ele>
      </trkpt>
      <trkpt lat="48.56433383189142" lon="6.247250949963927">
        <ele>303.0</ele>
      </trkpt>
      <trkpt lat="48.56433399952948" lon="6.247250949963927">
        <ele>300.0</ele>
      </trkpt>
      <trkpt lat="48.563475608825684" lon="6.2465213891118765">
        <ele>297.0</ele>
      </trkpt>
      <trkpt lat="48.562906896695495" lon="6.245974218472838">
        <ele>294.0</ele>
      </trkpt>
      <trkpt lat="48.562724590301514" lon="6.24573826789856">
        <ele>292.0</ele>
      </trkpt>
      <trkpt lat="48.56260648928583" lon="6.245534336194396">
        <ele>289.0</ele>
      </trkpt>
      <trkpt lat="48.56234908103943" lon="6.2448906898498535">
        <ele>287.0</ele>
      </trkpt>
      <trkpt lat="48.56209150515497" lon="6.244407892227173">
        <ele>285.0</ele>
      </trkpt>
      <trkpt lat="48.56196275912225" lon="6.2441933155059814">
        <ele>282.0</ele>
      </trkpt>
      <trkpt lat="48.56188774108887" lon="6.244096672162414">
        <ele>280.0</ele>
      </trkpt>
      <trkpt lat="48.5617910977453" lon="6.244032382965088">
        <ele>278.0</ele>
      </trkpt>
      <trkpt lat="48.561662351712584" lon="6.244010841473937">
        <ele>276.0</ele>
      </trkpt>
      <trkpt lat="48.56157652102411" lon="6.244053840637207">
        <ele>274.0</ele>
      </trkpt>
      <trkpt lat="48.56149069033563" lon="6.244139671325684">
        <ele>272.0</ele>
      </trkpt>
      <trkpt lat="48.561394130811095" lon="6.244279062375426">
        <ele>270.0</ele>
      </trkpt>
      <trkpt lat="48.56123328208923" lon="6.244579469785094">
        <ele>268.0</ele>
      </trkpt>
      <trkpt lat="48.56097570620477" lon="6.24518028460443">
        <ele>267.0</ele>
      </trkpt>
      <trkpt lat="48.56075048446655" lon="6.245577335357666">
        <ele>265.0</ele>
      </trkpt>
      <trkpt lat="48.5606324672699" lon="6.24569526873529">
        <ele>263.0</ele>
      </trkpt>
      <trkpt lat="48.56051436625421" lon="6.245791912078857">
        <ele>261.0</ele>
      </trkpt>
      <trkpt lat="48.55997792445123" lon="6.2459956761449575">
        <ele>259.0</ele>
      </trkpt>
      <trkpt lat="48.55975270271301" lon="6.246113693341613">
        <ele>257.0</ele>
      </trkpt>
      <trkpt lat="48.55948439799249" lon="6.246274625882506">
        <ele>255.0</ele>
      </trkpt>
      <trkpt lat="48.55923763476312" lon="6.246317625045776">
        <ele>253.0</ele>
      </trkpt>
      <trkpt lat="48.5590660572052" lon="6.246274625882506">
        <ele>251.0</ele>
      </trkpt>
      <trkpt lat="48.557681953534484" lon="6.245587980374694">
        <ele>249.0</ele>
      </trkpt>
      <trkpt lat="48.55744591914117" lon="6.2454915046691895">
        <ele>247.0</ele>
      </trkpt>
      <trkpt lat="48.556716442108154" lon="6.245351945981383">
        <ele>245.0</ele>
      </trkpt>
      <trkpt lat="48.55654469691217" lon="6.245351945981383">
        <ele>244.0</ele>
      </trkpt>
      <trkpt lat="48.55639457702637" lon="6.245394861325622">
        <ele>243.0</ele>
      </trkpt>
      <trkpt lat="48.556222999468446" lon="6.245480692014098">
        <ele>242.0</ele>
      </trkpt>
      <trkpt lat="48.55608352459967" lon="6.245577335357666">
        <ele>241.0</ele>
      </trkpt>
      <trkpt lat="48.5559868812561" lon="6.24569526873529">
        <ele>240.0</ele>
      </trkpt>
      <trkpt lat="48.55581521987915" lon="6.2459635734558105">
        <ele>239.0</ele>
      </trkpt>
      <trkpt lat="48.555643474683166" lon="6.246349727734923">
        <ele>238.0</ele>
      </trkpt>
      <trkpt lat="48.55557918548584" lon="6.246575033292174">
        <ele>238.0</ele>
      </trkpt>
      <trkpt lat="48.55553618632257" lon="6.2468217965215445">
        <ele>238.0</ele>
      </trkpt>
      <trkpt lat="48.55548254214227" lon="6.247497713193297">
        <ele>237.0</ele>
      </trkpt>
      <trkpt lat="48.555418169125915" lon="6.247808933258057">
        <ele>237.0</ele>
      </trkpt>
      <trkpt lat="48.5552894230932" lon="6.248238002881408">
        <ele>237.0</ele>
      </trkpt>
      <trkpt lat="48.55528950691223" lon="6.248238002881408">
        <ele>237.0</ele>
      </trkpt>
      <trkpt lat="48.5550320148468" lon="6.248903274536133">
        <ele>238.0</ele>
      </trkpt>
      <trkpt lat="48.553680097684264" lon="6.251864433288574">
        <ele>238.0</ele>
      </trkpt>
      <trkpt lat="48.55356224812567" lon="6.252154028043151">
        <ele>239.0</ele>
      </trkpt>
      <trkpt lat="48.55340123176575" lon="6.252604722976685">
        <ele>239.0</ele>
      </trkpt>
      <trkpt lat="48.55330458842218" lon="6.252776300534606">
        <ele>239.0</ele>
      </trkpt>
      <trkpt lat="48.55316519737244" lon="6.2529802322387695">
        <ele>240.0</ele>
      </trkpt>
      <trkpt lat="48.55309017933905" lon="6.253087520599365">
        <ele>240.0</ele>
      </trkpt>
      <trkpt lat="48.552500093355775" lon="6.25392428599298">
        <ele>240.0</ele>
      </trkpt>
      <trkpt lat="48.55245701037347" lon="6.253988742828369">
        <ele>241.0</ele>
      </trkpt>
      <trkpt lat="48.552371179685" lon="6.253881454467773">
        <ele>241.0</ele>
      </trkpt>
      <trkpt lat="48.55181336402893" lon="6.2550615426152945">
        <ele>242.0</ele>
      </trkpt>
      <trkpt lat="48.55133065022528" lon="6.255866289138794">
        <ele>242.0</ele>
      </trkpt>
      <trkpt lat="48.55109444819391" lon="6.256145238876343">
        <ele>243.0</ele>
      </trkpt>
      <trkpt lat="48.55053663253784" lon="6.256778156384826">
        <ele>243.0</ele>
      </trkpt>
      <trkpt lat="48.55016112327576" lon="6.257497072219849">
        <ele>243.0</ele>
      </trkpt>
      <trkpt lat="48.55003229342401" lon="6.257915496826172">
        <ele>244.0</ele>
      </trkpt>
      <trkpt lat="48.55000010691583" lon="6.258054887875915">
        <ele>244.0</ele>
      </trkpt>
      <trkpt lat="48.549925088882446" lon="6.2583552952855825">
        <ele>244.0</ele>
      </trkpt>
      <trkpt lat="48.54988217353821" lon="6.258473312482238">
        <ele>245.0</ele>
      </trkpt>
      <trkpt lat="48.54977488517761" lon="6.2586557026952505">
        <ele>245.0</ele>
      </trkpt>
      <trkpt lat="48.54962468147278" lon="6.258859634399414">
        <ele>245.0</ele>
      </trkpt>
      <trkpt lat="48.54905596934259" lon="6.259610569104552">
        <ele>245.0</ele>
      </trkpt>
      <trkpt lat="48.54875556193292" lon="6.259835874661803">
        <ele>245.0</ele>
      </trkpt>
      <trkpt lat="48.54833722114563" lon="6.260275840759277">
        <ele>245.0</ele>
      </trkpt>
      <trkpt lat="48.54753247462213" lon="6.26091948710382">
        <ele>245.0</ele>
      </trkpt>
      <trkpt lat="48.54730716906488" lon="6.261144792661071">
        <ele>245.0</ele>
      </trkpt>
      <trkpt lat="48.54658842086792" lon="6.261788522824645">
        <ele>246.0</ele>
      </trkpt>
      <trkpt lat="48.546427488327026" lon="6.261895811185241">
        <ele>246.0</ele>
      </trkpt>
      <trkpt lat="48.54526869021356" lon="6.262292861938477">
        <ele>245.0</ele>
      </trkpt>
      <trkpt lat="48.54514011181891" lon="6.262357151135802">
        <ele>245.0</ele>
      </trkpt>
      <trkpt lat="48.544721603393555" lon="6.262646913528442">
        <ele>245.0</ele>
      </trkpt>
      <trkpt lat="48.54450702667236" lon="6.262807846069336">
        <ele>245.0</ele>
      </trkpt>
      <trkpt lat="48.54450694285333" lon="6.262807846069336">
        <ele>244.0</ele>
      </trkpt>
      <trkpt lat="48.544249534606934" lon="6.262968694791198">
        <ele>244.0</ele>
      </trkpt>
      <trkpt lat="48.54409924708307" lon="6.263033151626587">
        <ele>244.0</ele>
      </trkpt>
      <trkpt lat="48.54347697459161" lon="6.263183271512389">
        <ele>244.0</ele>
      </trkpt>
      <trkpt lat="48.54304790496826" lon="6.263355016708374">
        <ele>243.0</ele>
      </trkpt>
      <trkpt lat="48.54280114173889" lon="6.263473033905029">
        <ele>243.0</ele>
      </trkpt>
      <trkpt lat="48.542650854215026" lon="6.263580322265625">
        <ele>243.0</ele>
      </trkpt>
      <trkpt lat="48.54254356585443" lon="6.26370906829834">
        <ele>242.0</ele>
      </trkpt>
      <trkpt lat="48.542189514264464" lon="6.264277696609497">
        <ele>242.0</ele>
      </trkpt>
      <trkpt lat="48.54210376739502" lon="6.2643420696258545">
        <ele>242.0</ele>
      </trkpt>
      <trkpt lat="48.541953479871154" lon="6.264460003003478">
        <ele>241.0</ele>
      </trkpt>
      <trkpt lat="48.541502952575684" lon="6.264738952741027">
        <ele>241.0</ele>
      </trkpt>
      <trkpt lat="48.54136347770691" lon="6.264857053756714">
        <ele>241.0</ele>
      </trkpt>
      <trkpt lat="48.54109525680542" lon="6.265157461166382">
        <ele>240.0</ele>
      </trkpt>
      <trkpt lat="48.54086995124817" lon="6.265479326248169">
        <ele>240.0</ele>
      </trkpt>
      <trkpt lat="48.54076266288757" lon="6.2655972596257925">
        <ele>240.0</ele>
      </trkpt>
      <trkpt lat="48.540666019544005" lon="6.26566163264215">
        <ele>239.0</ele>
      </trkpt>
      <trkpt lat="48.54011884890497" lon="6.26590839587152">
        <ele>238.0</ele>
      </trkpt>
      <trkpt lat="48.539968729019165" lon="6.266005039215088">
        <ele>238.0</ele>
      </trkpt>
      <trkpt lat="48.53978633880615" lon="6.266112327575684">
        <ele>238.0</ele>
      </trkpt>
      <trkpt lat="48.53930345736444" lon="6.266520023345947">
        <ele>237.0</ele>
      </trkpt>
      <trkpt lat="48.539174711331725" lon="6.266595125198364">
        <ele>237.0</ele>
      </trkpt>
      <trkpt lat="48.53904604911804" lon="6.266637956723571">
        <ele>237.0</ele>
      </trkpt>
      <trkpt lat="48.5386061668396" lon="6.2667452450841665">
        <ele>236.0</ele>
      </trkpt>
      <trkpt lat="48.538477420806885" lon="6.2667882442474365">
        <ele>236.0</ele>
      </trkpt>
      <trkpt lat="48.53838077746332" lon="6.2668633460998535">
        <ele>236.0</ele>
      </trkpt>
      <trkpt lat="48.538166200742126" lon="6.267056465148926">
        <ele>236.0</ele>
      </trkpt>
      <trkpt lat="48.53808045387268" lon="6.267099296674132">
        <ele>236.0</ele>
      </trkpt>
      <trkpt lat="48.53808037005365" lon="6.267099296674132">
        <ele>236.0</ele>
      </trkpt>
      <trkpt lat="48.53779077529907" lon="6.267174482345581">
        <ele>236.0</ele>
      </trkpt>
      <trkpt lat="48.53672870434821" lon="6.267356872558594">
        <ele>235.0</ele>
      </trkpt>
      <trkpt lat="48.535923874005675" lon="6.267506992444396">
        <ele>235.0</ele>
      </trkpt>
      <trkpt lat="48.53547326289117" lon="6.267635822296143">
        <ele>235.0</ele>
      </trkpt>
      <trkpt lat="48.534722328186035" lon="6.267904043197632">
        <ele>235.0</ele>
      </trkpt>
      <trkpt lat="48.53433609008789" lon="6.268129264935851">
        <ele>235.0</ele>
      </trkpt>
      <trkpt lat="48.53389629162848" lon="6.268483316525817">
        <ele>235.0</ele>
      </trkpt>
      <trkpt lat="48.53364952839911" lon="6.268708622083068">
        <ele>235.0</ele>
      </trkpt>
      <trkpt lat="48.533649360761046" lon="6.268708622083068">
        <ele>236.0</ele>
      </trkpt>
      <trkpt lat="48.53340276516974" lon="6.268987655639648">
        <ele>236.0</ele>
      </trkpt>
      <trkpt lat="48.53333830833435" lon="6.269116317853332">
        <ele>236.0</ele>
      </trkpt>
      <trkpt lat="48.53333822451532" lon="6.269116317853332">
        <ele>236.0</ele>
      </trkpt>
      <trkpt lat="48.53263012133539" lon="6.270875930786133">
        <ele>236.0</ele>
      </trkpt>
      <trkpt lat="48.53223332203925" lon="6.27164832316339">
        <ele>236.0</ele>
      </trkpt>
      <trkpt lat="48.53188999928534" lon="6.272324239835143">
        <ele>236.0</ele>
      </trkpt>
      <trkpt lat="48.531289184466004" lon="6.273096716031432">
        <ele>236.0</ele>
      </trkpt>
      <trkpt lat="48.530452167615294" lon="6.274266159161925">
        <ele>236.0</ele>
      </trkpt>
      <trkpt lat="48.5302912350744" lon="6.274523735046387">
        <ele>236.0</ele>
      </trkpt>
      <trkpt lat="48.53008755482733" lon="6.274963533505797">
        <ele>237.0</ele>
      </trkpt>
      <trkpt lat="48.5300874710083" lon="6.274963533505797">
        <ele>237.0</ele>
      </trkpt>
      <trkpt lat="48.529937183484435" lon="6.2748777866363525">
        <ele>237.0</ele>
      </trkpt>
      <trkpt lat="48.52911114692688" lon="6.274073040112853">
        <ele>237.0</ele>
      </trkpt>
      <trkpt lat="48.528531873598695" lon="6.273472225293517">
        <ele>237.0</ele>
      </trkpt>
      <trkpt lat="48.5283709410578" lon="6.273300647735596">
        <ele>237.0</ele>
      </trkpt>
      <trkpt lat="48.52837085723877" lon="6.273300647735596">
        <ele>237.0</ele>
      </trkpt>
      <trkpt lat="48.52800599299371" lon="6.27290359698236">
        <ele>237.0</ele>
      </trkpt>
      <trkpt lat="48.5274160746485" lon="6.272195493802428">
        <ele>238.0</ele>
      </trkpt>
      <trkpt lat="48.52741599082947" lon="6.272195493802428">
        <ele>238.0</ele>
      </trkpt>
      <trkpt lat="48.52550617419183" lon="6.269974708557129">
        <ele>238.0</ele>
      </trkpt>
      <trkpt lat="48.524444019421935" lon="6.268719434738159">
        <ele>238.0</ele>
      </trkpt>
      <trkpt lat="48.52418661117554" lon="6.26845121383667">
        <ele>238.0</ele>
      </trkpt>
      <trkpt lat="48.524025678634644" lon="6.268365383148193">
        <ele>239.0</ele>
      </trkpt>
      <trkpt lat="48.523682272061706" lon="6.26816145144403">
        <ele>239.0</ele>
      </trkpt>
      <trkpt lat="48.52366098202765" lon="6.268139993771911">
        <ele>239.0</ele>
      </trkpt>
      <trkpt lat="48.52366089820862" lon="6.268139993771911">
        <ele>239.0</ele>
      </trkpt>
      <trkpt lat="48.52360733784735" lon="6.2681936379522085">
        <ele>239.0</ele>
      </trkpt>
      <trkpt lat="48.52359652519226" lon="6.268182992935181">
        <ele>239.0</ele>
      </trkpt>
      <trkpt lat="48.52359644137323" lon="6.268182992935181">
        <ele>240.0</ele>
      </trkpt>
      <trkpt lat="48.52356425486505" lon="6.26816145144403">
        <ele>240.0</ele>
      </trkpt>
      <trkpt lat="48.523478507995605" lon="6.268150806427002">
        <ele>240.0</ele>
      </trkpt>
      <trkpt lat="48.52329603396356" lon="6.268225908279419">
        <ele>240.0</ele>
      </trkpt>
      <trkpt lat="48.52304927073419" lon="6.268440401181579">
        <ele>240.0</ele>
      </trkpt>
      <trkpt lat="48.52253428660333" lon="6.268730079755187">
        <ele>241.0</ele>
      </trkpt>
      <trkpt lat="48.52130055427551" lon="6.269373893737793">
        <ele>241.0</ele>
      </trkpt>
      <trkpt lat="48.520238399505615" lon="6.269974708557129">
        <ele>241.0</ele>
      </trkpt>
      <trkpt lat="48.51879000663757" lon="6.270736455917358">
        <ele>241.0</ele>
      </trkpt>
      <trkpt lat="48.517684852704406" lon="6.271347915753722">
        <ele>241.0</ele>
      </trkpt>
      <trkpt lat="48.51637593470514" lon="6.272334968671203">
        <ele>241.0</ele>
      </trkpt>
      <trkpt lat="48.510528802871704" lon="6.276862621307373">
        <ele>242.0</ele>
      </trkpt>
      <trkpt lat="48.51052871905267" lon="6.276862621307373">
        <ele>242.0</ele>
      </trkpt>
      <trkpt lat="48.50925198756158" lon="6.277871131896973">
        <ele>242.0</ele>
      </trkpt>
      <trkpt lat="48.50441336631775" lon="6.281561767682433">
        <ele>242.0</ele>
      </trkpt>
      <trkpt lat="48.50306144915521" lon="6.28264538012445">
        <ele>242.0</ele>
      </trkpt>
      <trkpt lat="48.50242853164673" lon="6.283257007598877">
        <ele>243.0</ele>
      </trkpt>
      <trkpt lat="48.49932789802551" lon="6.286658048629761">
        <ele>243.0</ele>
      </trkpt>
      <trkpt lat="48.49930635653436" lon="6.286754524335265">
        <ele>243.0</ele>
      </trkpt>
      <trkpt lat="48.499263525009155" lon="6.286829710006714">
        <ele>243.0</ele>
      </trkpt>
      <trkpt lat="48.49839448928833" lon="6.287816679105163">
        <ele>243.0</ele>
      </trkpt>
      <trkpt lat="48.49731087684631" lon="6.289007663726807">
        <ele>244.0</ele>
      </trkpt>
      <trkpt lat="48.496763706207275" lon="6.289565479382873">
        <ele>244.0</ele>
      </trkpt>
      <trkpt lat="48.49642029963434" lon="6.289973175153136">
        <ele>244.0</ele>
      </trkpt>
      <trkpt lat="48.49604479037225" lon="6.290359413251281">
        <ele>244.0</ele>
      </trkpt>
      <trkpt lat="48.49531531333923" lon="6.291035329923034">
        <ele>244.0</ele>
      </trkpt>
      <trkpt lat="48.49489680491388" lon="6.291378736495972">
        <ele>244.0</ele>
      </trkpt>
      <trkpt lat="48.494456922635436" lon="6.291711246594787">
        <ele>245.0</ele>
      </trkpt>
      <trkpt lat="48.49393137730658" lon="6.292076110839844">
        <ele>245.0</ele>
      </trkpt>
      <trkpt lat="48.49393129348755" lon="6.292076110839844">
        <ele>245.0</ele>
      </trkpt>
      <trkpt lat="48.49387764930725" lon="6.2920331954956055">
        <ele>245.0</ele>
      </trkpt>
      <trkpt lat="48.49240779876709" lon="6.2929128762334585">
        <ele>245.0</ele>
      </trkpt>
      <trkpt lat="48.49157086573541" lon="6.2932883854955435">
        <ele>245.0</ele>
      </trkpt>
      <trkpt lat="48.491066694259644" lon="6.293470859527588">
        <ele>245.0</ele>
      </trkpt>
      <trkpt lat="48.49072337150574" lon="6.293567335233092">
        <ele>245.0</ele>
      </trkpt>
      <trkpt lat="48.4893714543432" lon="6.29391074180603">
        <ele>245.0</ele>
      </trkpt>
      <trkpt lat="48.483728086575866" lon="6.294693946838379">
        <ele>245.0</ele>
      </trkpt>
      <trkpt lat="48.483309745788574" lon="6.2947797775268555">
        <ele>245.0</ele>
      </trkpt>
      <trkpt lat="48.48288059234619" lon="6.29491925239563">
        <ele>245.0</ele>
      </trkpt>
      <trkpt lat="48.482108199968934" lon="6.295230304822326">
        <ele>245.0</ele>
      </trkpt>
      <trkpt lat="48.480852926149964" lon="6.296013509854674">
        <ele>245.0</ele>
      </trkpt>
      <trkpt lat="48.480466520413756" lon="6.2963032722473145">
        <ele>245.0</ele>
      </trkpt>
      <trkpt lat="48.47851403988898" lon="6.297655021771789">
        <ele>245.0</ele>
      </trkpt>
      <trkpt lat="48.478513956069946" lon="6.297655021771789">
        <ele>245.0</ele>
      </trkpt>
      <trkpt lat="48.477623462677" lon="6.2982558365911245">
        <ele>245.0</ele>
      </trkpt>
      <trkpt lat="48.47735524177551" lon="6.298395395278931">
        <ele>245.0</ele>
      </trkpt>
      <trkpt lat="48.476786529645324" lon="6.298620700836182">
        <ele>246.0</ele>
      </trkpt>
      <trkpt lat="48.47633600234985" lon="6.2987064477056265">
        <ele>246.0</ele>
      </trkpt>
      <trkpt lat="48.47596049308777" lon="6.298738634213805">
        <ele>246.0</ele>
      </trkpt>
      <trkpt lat="48.475509798154235" lon="6.298738634213805">
        <ele>246.0</ele>
      </trkpt>
      <trkpt lat="48.47532740794122" lon="6.298695802688599">
        <ele>246.0</ele>
      </trkpt>
      <trkpt lat="48.47532740794122" lon="6.298652803525329">
        <ele>246.0</ele>
      </trkpt>
      <trkpt lat="48.47533822059631" lon="6.298438226804137">
        <ele>247.0</ele>
      </trkpt>
      <trkpt lat="48.474994814023376" lon="6.298438226804137">
        <ele>247.0</ele>
      </trkpt>
      <trkpt lat="48.47419023513794" lon="6.298384582623839">
        <ele>247.0</ele>
      </trkpt>
      <trkpt lat="48.473739540204406" lon="6.298309480771422">
        <ele>247.0</ele>
      </trkpt>
      <trkpt lat="48.47334265708923" lon="6.298202276229858">
        <ele>248.0</ele>
      </trkpt>
      <trkpt lat="48.47033849917352" lon="6.2971829529851675">
        <ele>248.0</ele>
      </trkpt>
      <trkpt lat="48.465886199846864" lon="6.295713102445006">
        <ele>248.0</ele>
      </trkpt>
      <trkpt lat="48.465242302045226" lon="6.295466339215636">
        <ele>249.0</ele>
      </trkpt>
      <trkpt lat="48.46518865786493" lon="6.295863389968872">
        <ele>249.0</ele>
      </trkpt>
      <trkpt lat="48.46494189463556" lon="6.295788288116455">
        <ele>249.0</ele>
      </trkpt>
      <trkpt lat="48.46485614776611" lon="6.295691644772887">
        <ele>249.0</ele>
      </trkpt>
      <trkpt lat="48.46456638537347" lon="6.295573711395264">
        <ele>250.0</ele>
      </trkpt>
      <trkpt lat="48.46343994140625" lon="6.295230304822326">
        <ele>250.0</ele>
      </trkpt>
      <trkpt lat="48.46344002522528" lon="6.295230304822326">
        <ele>250.0</ele>
      </trkpt>
      <trkpt lat="48.46197009086609" lon="6.294704591855407">
        <ele>251.0</ele>
      </trkpt>
      <trkpt lat="48.45865479670465" lon="6.293653165921569">
        <ele>251.0</ele>
      </trkpt>
      <trkpt lat="48.456326723098755" lon="6.2928377743810415">
        <ele>251.0</ele>
      </trkpt>
      <trkpt lat="48.45632680691779" lon="6.2928377743810415">
        <ele>251.0</ele>
      </trkpt>
      <trkpt lat="48.45582238398492" lon="6.2926554679870605">
        <ele>252.0</ele>
      </trkpt>
      <trkpt lat="48.45529683865607" lon="6.292494535446167">
        <ele>252.0</ele>
      </trkpt>
      <trkpt lat="48.45441690646112" lon="6.292194128036499">
        <ele>252.0</ele>
      </trkpt>
      <trkpt lat="48.45397702418268" lon="6.2920652981847525">
        <ele>252.0</ele>
      </trkpt>
      <trkpt lat="48.45391273498535" lon="6.2920652981847525">
        <ele>253.0</ele>
      </trkpt>
      <trkpt lat="48.45378398895264" lon="6.292183315381408">
        <ele>253.0</ele>
      </trkpt>
      <trkpt lat="48.45352658070624" lon="6.292097484692931">
        <ele>253.0</ele>
      </trkpt>
      <trkpt lat="48.45342993736267" lon="6.292076110839844">
        <ele>253.0</ele>
      </trkpt>
      <trkpt lat="48.45334402285516" lon="6.291958009824157">
        <ele>253.0</ele>
      </trkpt>
      <trkpt lat="48.45307580195367" lon="6.291850721463561">
        <ele>253.0</ele>
      </trkpt>
      <trkpt lat="48.45114461146295" lon="6.291228448972106">
        <ele>254.0</ele>
      </trkpt>
      <trkpt lat="48.4507691860199" lon="6.291099786758423">
        <ele>254.0</ele>
      </trkpt>
      <trkpt lat="48.45062962733209" lon="6.291024684906006">
        <ele>254.0</ele>
      </trkpt>
      <trkpt lat="48.450522338971496" lon="6.291024684906006">
        <ele>254.0</ele>
      </trkpt>
      <trkpt lat="48.45038286410272" lon="6.290981685742736">
        <ele>254.0</ele>
      </trkpt>
      <trkpt lat="48.45038294792175" lon="6.290981685742736">
        <ele>254.0</ele>
      </trkpt>
      <trkpt lat="48.450125539675355" lon="6.2908852100372314">
        <ele>254.0</ele>
      </trkpt>
      <trkpt lat="48.450114810839295" lon="6.29087439738214">
        <ele>254.0</ele>
      </trkpt>
      <trkpt lat="48.44972840510309" lon="6.2906599044799805">
        <ele>255.0</ele>
      </trkpt>
      <trkpt lat="48.449267065152526" lon="6.290348684415221">
        <ele>255.0</ele>
      </trkpt>
      <trkpt lat="48.448859453201294" lon="6.290026819333434">
        <ele>255.0</ele>
      </trkpt>
      <trkpt lat="48.44870924949646" lon="6.28988734446466">
        <ele>255.0</ele>
      </trkpt>
      <trkpt lat="48.44870933331549" lon="6.28988734446466">
        <ele>255.0</ele>
      </trkpt>
      <trkpt lat="48.44768992625177" lon="6.289050495252013">
        <ele>255.0</ele>
      </trkpt>
      <trkpt lat="48.44740033149719" lon="6.288782358169556">
        <ele>256.0</ele>
      </trkpt>
      <trkpt lat="48.44727158546448" lon="6.288578426465392">
        <ele>256.0</ele>
      </trkpt>
      <trkpt lat="48.447035467252135" lon="6.288342392072082">
        <ele>255.0</ele>
      </trkpt>
      <trkpt lat="48.44675651751459" lon="6.288170730695128">
        <ele>256.0</ele>
      </trkpt>
      <trkpt lat="48.44675660133362" lon="6.288170730695128">
        <ele>256.0</ele>
      </trkpt>
      <trkpt lat="48.44599477015436" lon="6.2875378131866455">
        <ele>256.0</ele>
      </trkpt>
      <trkpt lat="48.445565616711974" lon="6.287151575088501">
        <ele>256.0</ele>
      </trkpt>
      <trkpt lat="48.4452223777771" lon="6.286776065826416">
        <ele>256.0</ele>
      </trkpt>
      <trkpt lat="48.444589376449585" lon="6.285692369565368">
        <ele>256.0</ele>
      </trkpt>
      <trkpt lat="48.44423532485962" lon="6.284994995221496">
        <ele>257.0</ele>
      </trkpt>
      <trkpt lat="48.44377398490906" lon="6.284415638074279">
        <ele>257.0</ele>
      </trkpt>
      <trkpt lat="48.443323289975524" lon="6.284050941467285">
        <ele>257.0</ele>
      </trkpt>
      <trkpt lat="48.44163886271417" lon="6.28289214335382">
        <ele>257.0</ele>
      </trkpt>
      <trkpt lat="48.43984714709222" lon="6.281604766845703">
        <ele>257.0</ele>
      </trkpt>
      <trkpt lat="48.4394287224859" lon="6.281336462125182">
        <ele>257.0</ele>
      </trkpt>
      <trkpt lat="48.439074670895934" lon="6.281079053878784">
        <ele>257.0</ele>
      </trkpt>
      <trkpt lat="48.4389781113714" lon="6.2809287663549185">
        <ele>257.0</ele>
      </trkpt>
      <trkpt lat="48.438827991485596" lon="6.280800020322204">
        <ele>257.0</ele>
      </trkpt>
      <trkpt lat="48.43871005810797" lon="6.280735647305846">
        <ele>257.0</ele>
      </trkpt>
      <trkpt lat="48.438270008191466" lon="6.280499612912536">
        <ele>257.0</ele>
      </trkpt>
      <trkpt lat="48.437776481732726" lon="6.280124187469482">
        <ele>258.0</ele>
      </trkpt>
      <trkpt lat="48.437315141782165" lon="6.279812967404723">
        <ele>258.0</ele>
      </trkpt>
      <trkpt lat="48.43619934283197" lon="6.279019117355347">
        <ele>259.0</ele>
      </trkpt>
      <trkpt lat="48.436199426651" lon="6.279019117355347">
        <ele>259.0</ele>
      </trkpt>
      <trkpt lat="48.435341119766235" lon="6.278418302536011">
        <ele>259.0</ele>
      </trkpt>
      <trkpt lat="48.434847593307495" lon="6.2779247760772705">
        <ele>259.0</ele>
      </trkpt>
      <trkpt lat="48.43389272689819" lon="6.276808977127075">
        <ele>259.0</ele>
      </trkpt>
      <trkpt lat="48.43317381106317" lon="6.27593994140625">
        <ele>260.0</ele>
      </trkpt>
      <trkpt lat="48.432841217145324" lon="6.275392770767212">
        <ele>260.0</ele>
      </trkpt>
      <trkpt lat="48.43262664042413" lon="6.27493143081665">
        <ele>260.0</ele>
      </trkpt>
      <trkpt lat="48.432122468948364" lon="6.273761987686157">
        <ele>260.0</ele>
      </trkpt>
      <trkpt lat="48.431907976046205" lon="6.273247003555298">
        <ele>260.0</ele>
      </trkpt>
      <trkpt lat="48.431543027982116" lon="6.272474527359009">
        <ele>260.0</ele>
      </trkpt>
      <trkpt lat="48.43144655227661" lon="6.2722063064575195">
        <ele>260.0</ele>
      </trkpt>
      <trkpt lat="48.430105447769165" lon="6.2686121463775635">
        <ele>260.0</ele>
      </trkpt>
      <trkpt lat="48.429869413375854" lon="6.268086349591613">
        <ele>260.0</ele>
      </trkpt>
      <trkpt lat="48.429622650146484" lon="6.267678653821349">
        <ele>260.0</ele>
      </trkpt>
      <trkpt lat="48.42938653193414" lon="6.267378246411681">
        <ele>260.0</ele>
      </trkpt>
      <trkpt lat="48.427358865737915" lon="6.265489971265197">
        <ele>261.0</ele>
      </trkpt>
      <trkpt lat="48.42669359408319" lon="6.264910697937012">
        <ele>261.0</ele>
      </trkpt>
      <trkpt lat="48.42572808265686" lon="6.2641167640686035">
        <ele>261.0</ele>
      </trkpt>
      <trkpt lat="48.4251594543457" lon="6.263719713315368">
        <ele>261.0</ele>
      </trkpt>
      <trkpt lat="48.423592960461974" lon="6.262807846069336">
        <ele>261.0</ele>
      </trkpt>
      <trkpt lat="48.423593044281006" lon="6.262807846069336">
        <ele>261.0</ele>
      </trkpt>
      <trkpt lat="48.42166176997125" lon="6.261777877807617">
        <ele>261.0</ele>
      </trkpt>
      <trkpt lat="48.42155464924872" lon="6.261756420135498">
        <ele>261.0</ele>
      </trkpt>
      <trkpt lat="48.42140427790582" lon="6.261681234464049">
        <ele>261.0</ele>
      </trkpt>
      <trkpt lat="48.421296989545226" lon="6.261595403775573">
        <ele>261.0</ele>
      </trkpt>
      <trkpt lat="48.421307718381286" lon="6.2615524884313345">
        <ele>261.0</ele>
      </trkpt>
      <trkpt lat="48.42111459933221" lon="6.261380827054381">
        <ele>261.0</ele>
      </trkpt>
      <trkpt lat="48.420385122299194" lon="6.261048316955566">
        <ele>261.0</ele>
      </trkpt>
      <trkpt lat="48.41847530566156" lon="6.260007619857788">
        <ele>261.0</ele>
      </trkpt>
      <trkpt lat="48.41770282946527" lon="6.259535467252135">
        <ele>261.0</ele>
      </trkpt>
      <trkpt lat="48.41575018130243" lon="6.258537769317627">
        <ele>261.0</ele>
      </trkpt>
      <trkpt lat="48.41455936431885" lon="6.258226549252868">
        <ele>261.0</ele>
      </trkpt>
      <trkpt lat="48.4144736174494" lon="6.258248006924987">
        <ele>261.0</ele>
      </trkpt>
      <trkpt lat="48.41417304240167" lon="6.258226549252868">
        <ele>261.0</ele>
      </trkpt>
      <trkpt lat="48.41404438018799" lon="6.258248006924987">
        <ele>261.0</ele>
      </trkpt>
      <trkpt lat="48.413904905319214" lon="6.258344650268555">
        <ele>261.0</ele>
      </trkpt>
      <trkpt lat="48.413818990811706" lon="6.258526956662536">
        <ele>261.0</ele>
      </trkpt>
      <trkpt lat="48.41375461779535" lon="6.258730888366699">
        <ele>261.0</ele>
      </trkpt>
      <trkpt lat="48.41371170245111" lon="6.258816719055176">
        <ele>261.0</ele>
      </trkpt>
      <trkpt lat="48.413658142089844" lon="6.2588810082525015">
        <ele>261.0</ele>
      </trkpt>
      <trkpt lat="48.413615226745605" lon="6.258913278579712">
        <ele>261.0</ele>
      </trkpt>
      <trkpt lat="48.41349720954895" lon="6.258934652432799">
        <ele>261.0</ele>
      </trkpt>
      <trkpt lat="48.413347005844116" lon="6.258891820907593">
        <ele>261.0</ele>
      </trkpt>
      <trkpt lat="48.41327182017267" lon="6.258730888366699">
        <ele>262.0</ele>
      </trkpt>
      <trkpt lat="48.41342210769653" lon="6.258366024121642">
        <ele>262.0</ele>
      </trkpt>
      <trkpt lat="48.41347575187683" lon="6.258183717727661">
        <ele>262.0</ele>
      </trkpt>
      <trkpt lat="48.41352947987616" lon="6.257872497662902">
        <ele>262.0</ele>
      </trkpt>
      <trkpt lat="48.41355093754828" lon="6.257604276761413">
        <ele>262.0</ele>
      </trkpt>
      <trkpt lat="48.41358304023743" lon="6.2574005126953125">
        <ele>262.0</ele>
      </trkpt>
      <trkpt lat="48.4136688709259" lon="6.257035732269287">
        <ele>262.0</ele>
      </trkpt>
      <trkpt lat="48.413636684417725" lon="6.256885444745421">
        <ele>263.0</ele>
      </trkpt>
      <trkpt lat="48.41362587176263" lon="6.256756698712707">
        <ele>263.0</ele>
      </trkpt>
      <trkpt lat="48.411115407943726" lon="6.255361950024962">
        <ele>263.0</ele>
      </trkpt>
      <trkpt lat="48.41020345687866" lon="6.254857778549194">
        <ele>263.0</ele>
      </trkpt>
      <trkpt lat="48.409903049468994" lon="6.254707491025329">
        <ele>264.0</ele>
      </trkpt>
      <trkpt lat="48.409903133288026" lon="6.254707491025329">
        <ele>264.0</ele>
      </trkpt>
      <trkpt lat="48.40978494845331" lon="6.25466457568109">
        <ele>264.0</ele>
      </trkpt>
      <trkpt lat="48.40978503227234" lon="6.25466457568109">
        <ele>265.0</ele>
      </trkpt>
      <trkpt lat="48.40964547358453" lon="6.254611015319824">
        <ele>265.0</ele>
      </trkpt>
      <trkpt lat="48.409645557403564" lon="6.254611015319824">
        <ele>265.0</ele>
      </trkpt>
      <trkpt lat="48.409355878829956" lon="6.254557371139526">
        <ele>265.0</ele>
      </trkpt>
      <trkpt lat="48.409098302945495" lon="6.254535913467407">
        <ele>266.0</ele>
      </trkpt>
      <trkpt lat="48.409098386764526" lon="6.254535913467407">
        <ele>266.0</ele>
      </trkpt>
      <trkpt lat="48.408604860305786" lon="6.254632389172912">
        <ele>266.0</ele>
      </trkpt>
      <trkpt lat="48.407113468274474" lon="6.25521183013916">
        <ele>266.0</ele>
      </trkpt>
      <trkpt lat="48.406362533569336" lon="6.255490779876709">
        <ele>266.0</ele>
      </trkpt>
      <trkpt lat="48.406115770339966" lon="6.255544424057007">
        <ele>266.0</ele>
      </trkpt>
      <trkpt lat="48.40555778704584" lon="6.255640899762511">
        <ele>265.0</ele>
      </trkpt>
      <trkpt lat="48.40498915873468" lon="6.255598068237305">
        <ele>265.0</ele>
      </trkpt>
      <trkpt lat="48.40479603968561" lon="6.255565881729126">
        <ele>265.0</ele>
      </trkpt>
      <trkpt lat="48.40354084968567" lon="6.255115186795592">
        <ele>264.0</ele>
      </trkpt>
      <trkpt lat="48.4032940864563" lon="6.2550615426152945">
        <ele>263.0</ele>
      </trkpt>
      <trkpt lat="48.40275756083429" lon="6.255007898434997">
        <ele>263.0</ele>
      </trkpt>
      <trkpt lat="48.4024356957525" lon="6.255018627271056">
        <ele>262.0</ele>
      </trkpt>
      <trkpt lat="48.40099811553955" lon="6.255158185958862">
        <ele>262.0</ele>
      </trkpt>
      <trkpt lat="48.40099819935858" lon="6.255158185958862">
        <ele>262.0</ele>
      </trkpt>
      <trkpt lat="48.39623459614813" lon="6.255630254745483">
        <ele>261.0</ele>
      </trkpt>
      <trkpt lat="48.39457154273987" lon="6.255780374631286">
        <ele>261.0</ele>
      </trkpt>
      <trkpt lat="48.39428186416626" lon="6.2558340188115835">
        <ele>261.0</ele>
      </trkpt>
      <trkpt lat="48.39380987919867" lon="6.255962764844298">
        <ele>261.0</ele>
      </trkpt>
      <trkpt lat="48.39355230331421" lon="6.256102239713073">
        <ele>261.0</ele>
      </trkpt>
      <trkpt lat="48.39353084564209" lon="6.256113052368164">
        <ele>260.0</ele>
      </trkpt>
      <trkpt lat="48.39319816790521" lon="6.256338357925415">
        <ele>260.0</ele>
      </trkpt>
      <trkpt lat="48.39299440383911" lon="6.256531393155456">
        <ele>260.0</ele>
      </trkpt>
      <trkpt lat="48.39260824956" lon="6.256971275433898">
        <ele>260.0</ele>
      </trkpt>
      <trkpt lat="48.39129916392267" lon="6.258473312482238">
        <ele>260.0</ele>
      </trkpt>
      <trkpt lat="48.3912992477417" lon="6.258473312482238">
        <ele>260.0</ele>
      </trkpt>
      <trkpt lat="48.39067689143121" lon="6.259074127301574">
        <ele>261.0</ele>
      </trkpt>
      <trkpt lat="48.386385440826416" lon="6.262807846069336">
        <ele>261.0</ele>
      </trkpt>
      <trkpt lat="48.38638552464545" lon="6.262807846069336">
        <ele>261.0</ele>
      </trkpt>
      <trkpt lat="48.38179349899292" lon="6.266766786575317">
        <ele>262.0</ele>
      </trkpt>
      <trkpt lat="48.381632482632995" lon="6.26690617762506">
        <ele>262.0</ele>
      </trkpt>
      <trkpt lat="48.37920784950256" lon="6.268998384475708">
        <ele>263.0</ele>
      </trkpt>
      <trkpt lat="48.37856411933899" lon="6.269545471295714">
        <ele>264.0</ele>
      </trkpt>
      <trkpt lat="48.37856420315802" lon="6.269545471295714">
        <ele>265.0</ele>
      </trkpt>
      <trkpt lat="48.376353895291686" lon="6.271455204114318">
        <ele>265.0</ele>
      </trkpt>
      <trkpt lat="48.37548494338989" lon="6.272174119949341">
        <ele>266.0</ele>
      </trkpt>
      <trkpt lat="48.37505578994751" lon="6.2724637147039175">
        <ele>267.0</ele>
      </trkpt>
      <trkpt lat="48.37448716163635" lon="6.272796308621764">
        <ele>269.0</ele>
      </trkpt>
      <trkpt lat="48.37397217750549" lon="6.272195493802428">
        <ele>270.0</ele>
      </trkpt>
      <trkpt lat="48.37225556373596" lon="6.270285760983825">
        <ele>271.0</ele>
      </trkpt>
      <trkpt lat="48.372105276212096" lon="6.2700605392456055">
        <ele>273.0</ele>
      </trkpt>
      <trkpt lat="48.371912157163024" lon="6.269684946164489">
        <ele>274.0</ele>
      </trkpt>
      <trkpt lat="48.37149381637573" lon="6.268762266263366">
        <ele>276.0</ele>
      </trkpt>
      <trkpt lat="48.37142952717841" lon="6.268676435574889">
        <ele>278.0</ele>
      </trkpt>
      <trkpt lat="48.371429443359375" lon="6.268676435574889">
        <ele>279.0</ele>
      </trkpt>
      <trkpt lat="48.37134352885187" lon="6.268579959869385">
        <ele>281.0</ele>
      </trkpt>
      <trkpt lat="48.371161222457886" lon="6.2684082146734">
        <ele>282.0</ele>
      </trkpt>
      <trkpt lat="48.37086089886725" lon="6.268215095624328">
        <ele>284.0</ele>
      </trkpt>
      <trkpt lat="48.37026008404791" lon="6.267979061231017">
        <ele>285.0</ele>
      </trkpt>
      <trkpt lat="48.369948863983154" lon="6.267861044034362">
        <ele>287.0</ele>
      </trkpt>
      <trkpt lat="48.369712829589844" lon="6.267657279968262">
        <ele>288.0</ele>
      </trkpt>
      <trkpt lat="48.369626915082335" lon="6.267528533935547">
        <ele>289.0</ele>
      </trkpt>
      <trkpt lat="48.36953043937683" lon="6.267228126525879">
        <ele>291.0</ele>
      </trkpt>
      <trkpt lat="48.36945525370538" lon="6.266884719952941">
        <ele>292.0</ele>
      </trkpt>
      <trkpt lat="48.36935877799988" lon="6.266251718625426">
        <ele>293.0</ele>
      </trkpt>
      <trkpt lat="48.36929432116449" lon="6.265994310379028">
        <ele>294.0</ele>
      </trkpt>
      <trkpt lat="48.369176387786865" lon="6.265747547149658">
        <ele>295.0</ele>
      </trkpt>
      <trkpt lat="48.368425285443664" lon="6.264610290527344">
        <ele>296.0</ele>
      </trkpt>
      <trkpt lat="48.36833945475519" lon="6.264395713806152">
        <ele>297.0</ele>
      </trkpt>
      <trkpt lat="48.36830735206604" lon="6.264213239774108">
        <ele>297.0</ele>
      </trkpt>
      <trkpt lat="48.36822152137756" lon="6.263397848233581">
        <ele>297.0</ele>
      </trkpt>
      <trkpt lat="48.36817852221429" lon="6.263258373364806">
        <ele>297.0</ele>
      </trkpt>
      <trkpt lat="48.36809269152582" lon="6.263097440823913">
        <ele>297.0</ele>
      </trkpt>
      <trkpt lat="48.36783536709845" lon="6.262807846069336">
        <ele>297.0</ele>
      </trkpt>
      <trkpt lat="48.36783528327942" lon="6.262807846069336">
        <ele>297.0</ele>
      </trkpt>
      <trkpt lat="48.366944873705506" lon="6.261767065152526">
        <ele>296.0</ele>
      </trkpt>
      <trkpt lat="48.36641916073859" lon="6.261155605316162">
        <ele>295.0</ele>
      </trkpt>
      <trkpt lat="48.36600065231323" lon="6.260683536529541">
        <ele>294.0</ele>
      </trkpt>
      <trkpt lat="48.36551777087152" lon="6.259932518005371">
        <ele>293.0</ele>
      </trkpt>
      <trkpt lat="48.36536765098572" lon="6.25966421328485">
        <ele>292.0</ele>
      </trkpt>
      <trkpt lat="48.36531400680542" lon="6.259578466415405">
        <ele>291.0</ele>
      </trkpt>
      <trkpt lat="48.36505659855902" lon="6.259138584136963">
        <ele>290.0</ele>
      </trkpt>
      <trkpt lat="48.36505651473999" lon="6.259138584136963">
        <ele>289.0</ele>
      </trkpt>
      <trkpt lat="48.36457371711731" lon="6.2583231925964355">
        <ele>288.0</ele>
      </trkpt>
      <trkpt lat="48.36405881680548" lon="6.259095584973693">
        <ele>287.0</ele>
      </trkpt>
      <trkpt lat="48.363447189331055" lon="6.260265028104186">
        <ele>286.0</ele>
      </trkpt>
      <trkpt lat="48.36313605308533" lon="6.2604796048253775">
        <ele>285.0</ele>
      </trkpt>
      <trkpt lat="48.36252450942993" lon="6.260898029431701">
        <ele>284.0</ele>
      </trkpt>
      <trkpt lat="48.362417221069336" lon="6.260973131284118">
        <ele>283.0</ele>
      </trkpt>
      <trkpt lat="48.362234914675355" lon="6.2610267754644156">
        <ele>282.0</ele>
      </trkpt>
      <trkpt lat="48.36226693354547" lon="6.262528812512755">
        <ele>281.0</ele>
      </trkpt>
      <trkpt lat="48.36229920387268" lon="6.262807846069336">
        <ele>280.0</ele>
      </trkpt>
      <trkpt lat="48.36229912005365" lon="6.262807846069336">
        <ele>280.0</ele>
      </trkpt>
      <trkpt lat="48.36233130656183" lon="6.2630759831517935">
        <ele>279.0</ele>
      </trkpt>
      <trkpt lat="48.362181186676025" lon="6.263365661725402">
        <ele>279.0</ele>
      </trkpt>
      <trkpt lat="48.36211681365967" lon="6.263644611462951">
        <ele>278.0</ele>
      </trkpt>
      <trkpt lat="48.36184859275818" lon="6.264288425445557">
        <ele>278.0</ele>
      </trkpt>
      <trkpt lat="48.361666202545166" lon="6.264567291364074">
        <ele>278.0</ele>
      </trkpt>
      <trkpt lat="48.361440896987915" lon="6.264814054593444">
        <ele>277.0</ele>
      </trkpt>
      <trkpt lat="48.36096874438226" lon="6.265125274658203">
        <ele>277.0</ele>
      </trkpt>
      <trkpt lat="48.360657691955566" lon="6.265286207199097">
        <ele>278.0</ele>
      </trkpt>
      <trkpt lat="48.35952035151422" lon="6.2659406661987305">
        <ele>278.0</ele>
      </trkpt>
      <trkpt lat="48.359230756759644" lon="6.266155242919922">
        <ele>278.0</ele>
      </trkpt>
      <trkpt lat="48.35558295249939" lon="6.269009029492736">
        <ele>278.0</ele>
      </trkpt>
      <trkpt lat="48.354177474975586" lon="6.270575523376465">
        <ele>279.0</ele>
      </trkpt>
      <trkpt lat="48.351924335584044" lon="6.273085987195373">
        <ele>279.0</ele>
      </trkpt>
      <trkpt lat="48.35178486071527" lon="6.273257648572326">
        <ele>279.0</ele>
      </trkpt>
      <trkpt lat="48.351688385009766" lon="6.273440038785338">
        <ele>279.0</ele>
      </trkpt>
      <trkpt lat="48.3514844533056" lon="6.2739551067352295">
        <ele>280.0</ele>
      </trkpt>
      <trkpt lat="48.35134506225586" lon="6.274223327636719">
        <ele>280.0</ele>
      </trkpt>
      <trkpt lat="48.351130401715636" lon="6.274427091702819">
        <ele>280.0</ele>
      </trkpt>
      <trkpt lat="48.34929593838751" lon="6.275950586423278">
        <ele>280.0</ele>
      </trkpt>
      <trkpt lat="48.34805130958557" lon="6.277066385373473">
        <ele>281.0</ele>
      </trkpt>
      <trkpt lat="48.34783664904535" lon="6.27718448638916">
        <ele>281.0</ele>
      </trkpt>
      <trkpt lat="48.34760061465204" lon="6.277259504422545">
        <ele>281.0</ele>
      </trkpt>
      <trkpt lat="48.34750413894653" lon="6.277248859405518">
        <ele>282.0</ele>
      </trkpt>
      <trkpt lat="48.34741830825806" lon="6.277280962094665">
        <ele>282.0</ele>
      </trkpt>
      <trkpt lat="48.34733247756958" lon="6.277366792783141">
        <ele>282.0</ele>
      </trkpt>
      <trkpt lat="48.347214460372925" lon="6.277538537979126">
        <ele>283.0</ele>
      </trkpt>
      <trkpt lat="48.346924781799316" lon="6.277270317077637">
        <ele>283.0</ele>
      </trkpt>
      <trkpt lat="48.34692486561835" lon="6.277270317077637">
        <ele>283.0</ele>
      </trkpt>
      <trkpt lat="48.34617376327515" lon="6.276444112882018">
        <ele>283.0</ele>
      </trkpt>
      <trkpt lat="48.34581971168518" lon="6.276347637176514">
        <ele>284.0</ele>
      </trkpt>
      <trkpt lat="48.34562659263611" lon="6.276369094848633">
        <ele>284.0</ele>
      </trkpt>
      <trkpt lat="48.34534764289856" lon="6.276508569717407">
        <ele>285.0</ele>
      </trkpt>
      <trkpt lat="48.343427097424865" lon="6.278257369995117">
        <ele>285.0</ele>
      </trkpt>
      <trkpt lat="48.34312677383423" lon="6.278514778241515">
        <ele>286.0</ele>
      </trkpt>
      <trkpt lat="48.3431266900152" lon="6.278514778241515">
        <ele>286.0</ele>
      </trkpt>
      <trkpt lat="48.342987298965454" lon="6.27864352427423">
        <ele>286.0</ele>
      </trkpt>
      <trkpt lat="48.34278336726129" lon="6.278782999143004">
        <ele>287.0</ele>
      </trkpt>
      <trkpt lat="48.34252587519586" lon="6.278868829831481">
        <ele>288.0</ele>
      </trkpt>
      <trkpt lat="48.34226846694946" lon="6.278879642486572">
        <ele>288.0</ele>
      </trkpt>
      <trkpt lat="48.341978788375854" lon="6.2788474559783936">
        <ele>289.0</ele>
      </trkpt>
      <trkpt lat="48.34149590693414" lon="6.278836643323302">
        <ele>289.0</ele>
      </trkpt>
      <trkpt lat="48.341206312179565" lon="6.278911745175719">
        <ele>290.0</ele>
      </trkpt>
      <trkpt lat="48.34108829498291" lon="6.278965473175049">
        <ele>291.0</ele>
      </trkpt>
      <trkpt lat="48.34098092280328" lon="6.279040575027466">
        <ele>291.0</ele>
      </trkpt>
      <trkpt lat="48.34072359837592" lon="6.279362440109253">
        <ele>292.0</ele>
      </trkpt>
      <trkpt lat="48.34039100445807" lon="6.279845153912902">
        <ele>293.0</ele>
      </trkpt>
      <trkpt lat="48.34033736027777" lon="6.279920255765319">
        <ele>293.0</ele>
      </trkpt>
      <trkpt lat="48.33997241221368" lon="6.280488967895508">
        <ele>294.0</ele>
      </trkpt>
      <trkpt lat="48.33960771560669" lon="6.2808536645025015">
        <ele>295.0</ele>
      </trkpt>
      <trkpt lat="48.339200019836426" lon="6.281132698059082">
        <ele>296.0</ele>
      </trkpt>
      <trkpt lat="48.33876013755798" lon="6.281164884567261">
        <ele>297.0</ele>
      </trkpt>
      <trkpt lat="48.338169967755675" lon="6.280918121337891">
        <ele>297.0</ele>
      </trkpt>
      <trkpt lat="48.33776227198541" lon="6.280467426404357">
        <ele>298.0</ele>
      </trkpt>
      <trkpt lat="48.33729028701782" lon="6.2794482707977295">
        <ele>299.0</ele>
      </trkpt>
      <trkpt lat="48.336925422772765" lon="6.27839676104486">
        <ele>301.0</ele>
      </trkpt>
      <trkpt lat="48.336464082822204" lon="6.276068687438965">
        <ele>302.0</ele>
      </trkpt>
      <trkpt lat="48.33604565821588" lon="6.27394437789917">
        <ele>303.0</ele>
      </trkpt>
      <trkpt lat="48.335959911346436" lon="6.273483037948608">
        <ele>304.0</ele>
      </trkpt>
      <trkpt lat="48.335895454511046" lon="6.273343563079834">
        <ele>305.0</ele>
      </trkpt>
      <trkpt lat="48.33579897880554" lon="6.273279106244445">
        <ele>306.0</ele>
      </trkpt>
      <trkpt lat="48.3356595877558" lon="6.27318263053894">
        <ele>308.0</ele>
      </trkpt>
      <trkpt lat="48.33534828387201" lon="6.273000240325928">
        <ele>309.0</ele>
      </trkpt>
      <trkpt lat="48.33521970547736" lon="6.272968053817749">
        <ele>310.0</ele>
      </trkpt>
      <trkpt lat="48.334972858428955" lon="6.272957241162658">
        <ele>311.0</ele>
      </trkpt>
      <trkpt lat="48.334661638364196" lon="6.273000240325928">
        <ele>312.0</ele>
      </trkpt>
      <trkpt lat="48.33464018069208" lon="6.27294659614563">
        <ele>313.0</ele>
      </trkpt>
      <trkpt lat="48.33436131477356" lon="6.272860765457153">
        <ele>314.0</ele>
      </trkpt>
      <trkpt lat="48.33428612910211" lon="6.272839307785034">
        <ele>315.0</ele>
      </trkpt>
      <trkpt lat="48.33403936587274" lon="6.272635459899902">
        <ele>317.0</ele>
      </trkpt>
      <trkpt lat="48.33384624682367" lon="6.272431528195739">
        <ele>318.0</ele>
      </trkpt>
      <trkpt lat="48.33347090519965" lon="6.272249137982726">
        <ele>319.0</ele>
      </trkpt>
      <trkpt lat="48.33347073756158" lon="6.272249137982726">
        <ele>319.0</ele>
      </trkpt>
      <trkpt lat="48.332966566085815" lon="6.272056018933654">
        <ele>320.0</ele>
      </trkpt>
      <trkpt lat="48.33265551365912" lon="6.27193808555603">
        <ele>321.0</ele>
      </trkpt>
      <trkpt lat="48.33232275210321" lon="6.271755611523986">
        <ele>321.0</ele>
      </trkpt>
      <trkpt lat="48.33230129443109" lon="6.271766424179077">
        <ele>322.0</ele>
      </trkpt>
      <trkpt lat="48.331936514005065" lon="6.270511066541076">
        <ele>323.0</ele>
      </trkpt>
      <trkpt lat="48.33178639411926" lon="6.27015701495111">
        <ele>323.0</ele>
      </trkpt>
      <trkpt lat="48.33138942718506" lon="6.269448911771178">
        <ele>324.0</ele>
      </trkpt>
      <trkpt lat="48.33122841082513" lon="6.269094860181212">
        <ele>324.0</ele>
      </trkpt>
      <trkpt lat="48.33111047744751" lon="6.268773078918457">
        <ele>325.0</ele>
      </trkpt>
      <trkpt lat="48.33111056126654" lon="6.268773078918457">
        <ele>326.0</ele>
      </trkpt>
      <trkpt lat="48.3305203076452" lon="6.266895532608032">
        <ele>326.0</ele>
      </trkpt>
      <trkpt lat="48.3303165435791" lon="6.266305362805724">
        <ele>327.0</ele>
      </trkpt>
      <trkpt lat="48.330198442563415" lon="6.266058683395386">
        <ele>328.0</ele>
      </trkpt>
      <trkpt lat="48.329930221661925" lon="6.26570463180542">
        <ele>328.0</ele>
      </trkpt>
      <trkpt lat="48.329747915267944" lon="6.2655651569366455">
        <ele>329.0</ele>
      </trkpt>
      <trkpt lat="48.32960844039917" lon="6.265500700101256">
        <ele>329.0</ele>
      </trkpt>
      <trkpt lat="48.32934021949768" lon="6.265468513593078">
        <ele>330.0</ele>
      </trkpt>
      <trkpt lat="48.329189931973815" lon="6.265500700101256">
        <ele>331.0</ele>
      </trkpt>
      <trkpt lat="48.329018354415894" lon="6.265586614608765">
        <ele>332.0</ele>
      </trkpt>
      <trkpt lat="48.328921711072326" lon="6.26569390296936">
        <ele>332.0</ele>
      </trkpt>
      <trkpt lat="48.32854628562927" lon="6.266241073608398">
        <ele>333.0</ele>
      </trkpt>
      <trkpt lat="48.32843899726868" lon="6.266348361968994">
        <ele>334.0</ele>
      </trkpt>
      <trkpt lat="48.32832089625299" lon="6.266369735822082">
        <ele>335.0</ele>
      </trkpt>
      <trkpt lat="48.328213607892394" lon="6.266348361968994">
        <ele>336.0</ele>
      </trkpt>
      <trkpt lat="48.3281063195318" lon="6.266283905133605">
        <ele>337.0</ele>
      </trkpt>
      <trkpt lat="48.32810648716986" lon="6.266283905133605">
        <ele>338.0</ele>
      </trkpt>
      <trkpt lat="48.3279990311712" lon="6.266187429428101">
        <ele>339.0</ele>
      </trkpt>
      <trkpt lat="48.3277952671051" lon="6.265854751691222">
        <ele>340.0</ele>
      </trkpt>
      <trkpt lat="48.32691550254822" lon="6.263966476544738">
        <ele>341.0</ele>
      </trkpt>
      <trkpt lat="48.326293313875794" lon="6.262807846069336">
        <ele>342.0</ele>
      </trkpt>
      <trkpt lat="48.3259391784668" lon="6.262131929397583">
        <ele>343.0</ele>
      </trkpt>
      <trkpt lat="48.32569241523743" lon="6.261724233627319">
        <ele>344.0</ele>
      </trkpt>
      <trkpt lat="48.325467025861144" lon="6.261359369382262">
        <ele>345.0</ele>
      </trkpt>
      <trkpt lat="48.32511297427118" lon="6.260908842086792">
        <ele>346.0</ele>
      </trkpt>
      <trkpt lat="48.32489848136902" lon="6.260737180709839">
        <ele>348.0</ele>
      </trkpt>
      <trkpt lat="48.32468390464783" lon="6.260586977005005">
        <ele>349.0</ele>
      </trkpt>
      <trkpt lat="48.32434049807489" lon="6.260501146316528">
        <ele>350.0</ele>
      </trkpt>
      <trkpt lat="48.32402944564819" lon="6.260458147153258">
        <ele>351.0</ele>
      </trkpt>
      <trkpt lat="48.32333198748529" lon="6.260629892349243">
        <ele>352.0</ele>
      </trkpt>
      <trkpt lat="48.32237720489502" lon="6.2610267754644156">
        <ele>354.0</ele>
      </trkpt>
      <trkpt lat="48.321969425305724" lon="6.2613271828740835">
        <ele>355.0</ele>
      </trkpt>
      <trkpt lat="48.32156172953546" lon="6.2618528958410025">
        <ele>356.0</ele>
      </trkpt>
      <trkpt lat="48.321003913879395" lon="6.2628506775945425">
        <ele>358.0</ele>
      </trkpt>
      <trkpt lat="48.32081071101129" lon="6.2631189823150635">
        <ele>359.0</ele>
      </trkpt>
      <trkpt lat="48.32068204879761" lon="6.263247728347778">
        <ele>360.0</ele>
      </trkpt>
      <trkpt lat="48.32049957476556" lon="6.263365661725402">
        <ele>361.0</ele>
      </trkpt>
      <trkpt lat="48.32031718455255" lon="6.263440847396851">
        <ele>363.0</ele>
      </trkpt>
      <trkpt lat="48.32013487815857" lon="6.26346230506897">
        <ele>364.0</ele>
      </trkpt>
      <trkpt lat="48.31990948878229" lon="6.263440847396851">
        <ele>365.0</ele>
      </trkpt>
      <trkpt lat="48.319727182388306" lon="6.263387203216553">
        <ele>366.0</ele>
      </trkpt>
      <trkpt lat="48.31952325068414" lon="6.2632691860198975">
        <ele>367.0</ele>
      </trkpt>
      <trkpt lat="48.31911563873291" lon="6.262807846069336">
        <ele>368.0</ele>
      </trkpt>
      <trkpt lat="48.31865421496332" lon="6.262271404266357">
        <ele>370.0</ele>
      </trkpt>
      <trkpt lat="48.31845045089722" lon="6.262078285217285">
        <ele>371.0</ele>
      </trkpt>
      <trkpt lat="48.318257331848145" lon="6.261949455365539">
        <ele>372.0</ele>
      </trkpt>
      <trkpt lat="48.318010568618774" lon="6.261820709332824">
        <ele>374.0</ele>
      </trkpt>
      <trkpt lat="48.3178174495697" lon="6.2617456912994385">
        <ele>375.0</ele>
      </trkpt>
      <trkpt lat="48.31758141517639" lon="6.261681234464049">
        <ele>376.0</ele>
      </trkpt>
      <trkpt lat="48.31733465194702" lon="6.2616705894470215">
        <ele>378.0</ele>
      </trkpt>
      <trkpt lat="48.31710934638977" lon="6.2617027759552">
        <ele>379.0</ele>
      </trkpt>
      <trkpt lat="48.3164119720459" lon="6.262013828381896">
        <ele>380.0</ele>
      </trkpt>
      <trkpt lat="48.31612220965326" lon="6.262110471725464">
        <ele>382.0</ele>
      </trkpt>
      <trkpt lat="48.31584325991571" lon="6.262110471725464">
        <ele>383.0</ele>
      </trkpt>
      <trkpt lat="48.31487774848938" lon="6.262024641036987">
        <ele>385.0</ele>
      </trkpt>
      <trkpt lat="48.31463090144098" lon="6.262035286054015">
        <ele>386.0</ele>
      </trkpt>
      <trkpt lat="48.31463106907904" lon="6.262035286054015">
        <ele>387.0</ele>
      </trkpt>
      <trkpt lat="48.31427684985101" lon="6.262056827545166">
        <ele>389.0</ele>
      </trkpt>
      <trkpt lat="48.313525915145874" lon="6.262239217758179">
        <ele>390.0</ele>
      </trkpt>
      <trkpt lat="48.31316113471985" lon="6.262228405103087">
        <ele>392.0</ele>
      </trkpt>
      <trkpt lat="48.31302157603204" lon="6.26220703125">
        <ele>394.0</ele>
      </trkpt>
      <trkpt lat="48.31259250640869" lon="6.261938810348511">
        <ele>395.0</ele>
      </trkpt>
      <trkpt lat="48.310704147443175" lon="6.260586977005005">
        <ele>397.0</ele>
      </trkpt>
      <trkpt lat="48.30894470214844" lon="6.258730888366699">
        <ele>399.0</ele>
      </trkpt>
      <trkpt lat="48.3084511756897" lon="6.258269548416138">
        <ele>400.0</ele>
      </trkpt>
      <trkpt lat="48.30803266726434" lon="6.258001243695617">
        <ele>402.0</ele>
      </trkpt>
      <trkpt lat="48.307528495788574" lon="6.257743835449219">
        <ele>404.0</ele>
      </trkpt>
      <trkpt lat="48.307013511657715" lon="6.2574756145477295">
        <ele>405.0</ele>
      </trkpt>
      <trkpt lat="48.30669164657593" lon="6.257250225171447">
        <ele>406.0</ele>
      </trkpt>
      <trkpt lat="48.30630540847778" lon="6.256906986236572">
        <ele>408.0</ele>
      </trkpt>
      <trkpt lat="48.30605864524841" lon="6.256606578826904">
        <ele>409.0</ele>
      </trkpt>
      <trkpt lat="48.30537191592157" lon="6.255598068237305">
        <ele>410.0</ele>
      </trkpt>
      <trkpt lat="48.30467462539673" lon="6.2547611352056265">
        <ele>411.0</ele>
      </trkpt>
      <trkpt lat="48.304535150527954" lon="6.254535913467407">
        <ele>412.0</ele>
      </trkpt>
      <trkpt lat="48.30440640449524" lon="6.254299795255065">
        <ele>413.0</ele>
      </trkpt>
      <trkpt lat="48.304266929626465" lon="6.253935098648071">
        <ele>413.0</ele>
      </trkpt>
      <trkpt lat="48.304009353742" lon="6.252776300534606">
        <ele>414.0</ele>
      </trkpt>
      <trkpt lat="48.30382704734802" lon="6.251671314239502">
        <ele>414.0</ele>
      </trkpt>
      <trkpt lat="48.303708946332335" lon="6.250812923535705">
        <ele>414.0</ele>
      </trkpt>
      <trkpt lat="48.30365530215204" lon="6.250566244125366">
        <ele>414.0</ele>
      </trkpt>
      <trkpt lat="48.303558910265565" lon="6.250362312421203">
        <ele>414.0</ele>
      </trkpt>
      <trkpt lat="48.30360165797174" lon="6.250201463699341">
        <ele>414.0</ele>
      </trkpt>
      <trkpt lat="48.30359092913568" lon="6.249954700469971">
        <ele>414.0</ele>
      </trkpt>
      <trkpt lat="48.30345153808594" lon="6.249203681945801">
        <ele>414.0</ele>
      </trkpt>
      <trkpt lat="48.30337635241449" lon="6.248881733044982">
        <ele>413.0</ele>
      </trkpt>
      <trkpt lat="48.303258419036865" lon="6.248549222946167">
        <ele>413.0</ele>
      </trkpt>
      <trkpt lat="48.30200322903693" lon="6.246113693341613">
        <ele>412.0</ele>
      </trkpt>
      <trkpt lat="48.301767110824585" lon="6.245652353391051">
        <ele>412.0</ele>
      </trkpt>
      <trkpt lat="48.30115556716919" lon="6.2445151805877686">
        <ele>411.0</ele>
      </trkpt>
      <trkpt lat="48.30059758387506" lon="6.243656789883971">
        <ele>410.0</ele>
      </trkpt>
      <trkpt lat="48.30055475234985" lon="6.2436676025390625">
        <ele>409.0</ele>
      </trkpt>
      <trkpt lat="48.300222074612975" lon="6.243581688031554">
        <ele>408.0</ele>
      </trkpt>
      <trkpt lat="48.29889169894159" lon="6.243345737457275">
        <ele>407.0</ele>
      </trkpt>
      <trkpt lat="48.298741579055786" lon="6.243270551785827">
        <ele>406.0</ele>
      </trkpt>
      <trkpt lat="48.29862356185913" lon="6.243184804916382">
        <ele>405.0</ele>
      </trkpt>
      <trkpt lat="48.29852691851556" lon="6.243077516555786">
        <ele>404.0</ele>
      </trkpt>
      <trkpt lat="48.29834452830255" lon="6.242830753326416">
        <ele>403.0</ele>
      </trkpt>
      <trkpt lat="48.29760432243347" lon="6.241511022672057">
        <ele>402.0</ele>
      </trkpt>
      <trkpt lat="48.29697132110596" lon="6.2408780213445425">
        <ele>401.0</ele>
      </trkpt>
      <trkpt lat="48.296338403597474" lon="6.24068490229547">
        <ele>399.0</ele>
      </trkpt>
      <trkpt lat="48.29633831977844" lon="6.24068490229547">
        <ele>397.0</ele>
      </trkpt>
      <trkpt lat="48.296295404434204" lon="6.24068490229547">
        <ele>396.0</ele>
      </trkpt>
      <trkpt lat="48.296005642041564" lon="6.24069563113153">
        <ele>394.0</ele>
      </trkpt>
      <trkpt lat="48.295705234631896" lon="6.240760087966919">
        <ele>392.0</ele>
      </trkpt>
      <trkpt lat="48.295555114746094" lon="6.240813732147217">
        <ele>390.0</ele>
      </trkpt>
      <trkpt lat="48.295276165008545" lon="6.240985309705138">
        <ele>388.0</ele>
      </trkpt>
      <trkpt lat="48.295061672106385" lon="6.241167783737183">
        <ele>387.0</ele>
      </trkpt>
      <trkpt lat="48.294718181714416" lon="6.241500377655029">
        <ele>385.0</ele>
      </trkpt>
      <trkpt lat="48.29434275627136" lon="6.2418007012456656">
        <ele>383.0</ele>
      </trkpt>
      <trkpt lat="48.29434267245233" lon="6.2418007012456656">
        <ele>381.0</ele>
      </trkpt>
      <trkpt lat="48.294203197583556" lon="6.241918718442321">
        <ele>379.0</ele>
      </trkpt>
      <trkpt lat="48.29394578933716" lon="6.241993820294738">
        <ele>377.0</ele>
      </trkpt>
      <trkpt lat="48.293741857632995" lon="6.241972362622619">
        <ele>374.0</ele>
      </trkpt>
      <trkpt lat="48.292529582977295" lon="6.241478836163878">
        <ele>372.0</ele>
      </trkpt>
      <trkpt lat="48.29229346476495" lon="6.241360902786255">
        <ele>370.0</ele>
      </trkpt>
      <trkpt lat="48.29188576899469" lon="6.240942478179932">
        <ele>367.0</ele>
      </trkpt>
      <trkpt lat="48.29148888587952" lon="6.240395223721862">
        <ele>364.0</ele>
      </trkpt>
      <trkpt lat="48.291027545928955" lon="6.239451169967651">
        <ele>361.0</ele>
      </trkpt>
      <trkpt lat="48.290555477142334" lon="6.238270914182067">
        <ele>358.0</ele>
      </trkpt>
      <trkpt lat="48.29034081660211" lon="6.2377559300512075">
        <ele>355.0</ele>
      </trkpt>
      <trkpt lat="48.29012632369995" lon="6.23745552264154">
        <ele>352.0</ele>
      </trkpt>
      <trkpt lat="48.28992239199579" lon="6.2372517585754395">
        <ele>349.0</ele>
      </trkpt>
      <trkpt lat="48.28968635760248" lon="6.237144386395812">
        <ele>346.0</ele>
      </trkpt>
      <trkpt lat="48.2894504070282" lon="6.237090742215514">
        <ele>344.0</ele>
      </trkpt>
      <trkpt lat="48.28896760940552" lon="6.237122928723693">
        <ele>341.0</ele>
      </trkpt>
      <trkpt lat="48.288763677701354" lon="6.237187385559082">
        <ele>338.0</ele>
      </trkpt>
      <trkpt lat="48.287808895111084" lon="6.237637912854552">
        <ele>335.0</ele>
      </trkpt>
      <trkpt lat="48.28765869140625" lon="6.237637912854552">
        <ele>333.0</ele>
      </trkpt>
      <trkpt lat="48.28745475970209" lon="6.237605810165405">
        <ele>330.0</ele>
      </trkpt>
      <trkpt lat="48.28713306225836" lon="6.237519979476929">
        <ele>328.0</ele>
      </trkpt>
      <trkpt lat="48.28658572398126" lon="6.237401878461242">
        <ele>325.0</ele>
      </trkpt>
      <trkpt lat="48.28632823191583" lon="6.237434148788452">
        <ele>323.0</ele>
      </trkpt>
      <trkpt lat="48.286049449816346" lon="6.237519979476929">
        <ele>320.0</ele>
      </trkpt>
      <trkpt lat="48.28537344932556" lon="6.237723743543029">
        <ele>318.0</ele>
      </trkpt>
      <trkpt lat="48.28439704142511" lon="6.237627267837524">
        <ele>315.0</ele>
      </trkpt>
      <trkpt lat="48.284021532163024" lon="6.237530624493957">
        <ele>312.0</ele>
      </trkpt>
      <trkpt lat="48.28366748057306" lon="6.23748779296875">
        <ele>310.0</ele>
      </trkpt>
      <trkpt lat="48.283034563064575" lon="6.237541437149048">
        <ele>308.0</ele>
      </trkpt>
      <trkpt lat="48.28161835670471" lon="6.237713098526001">
        <ele>305.0</ele>
      </trkpt>
      <trkpt lat="48.281489610672" lon="6.237723743543029">
        <ele>303.0</ele>
      </trkpt>
      <trkpt lat="48.28133940696716" lon="6.237680912017822">
        <ele>301.0</ele>
      </trkpt>
      <trkpt lat="48.2811785582453" lon="6.237509166821837">
        <ele>300.0</ele>
      </trkpt>
      <trkpt lat="48.280781507492065" lon="6.237015640363097">
        <ele>298.0</ele>
      </trkpt>
      <trkpt lat="48.280545473098755" lon="6.236661588773131">
        <ele>297.0</ele>
      </trkpt>
      <trkpt lat="48.280481016263366" lon="6.236565113067627">
        <ele>295.0</ele>
      </trkpt>
      <trkpt lat="48.2799232006073" lon="6.236157417297363">
        <ele>294.0</ele>
      </trkpt>
      <trkpt lat="48.279826641082764" lon="6.236135959625244">
        <ele>293.0</ele>
      </trkpt>
      <trkpt lat="48.27964433468878" lon="6.236092960461974">
        <ele>293.0</ele>
      </trkpt>
      <trkpt lat="48.27946186065674" lon="6.236039316281676">
        <ele>292.0</ele>
      </trkpt>
      <trkpt lat="48.2791184540838" lon="6.235835552215576">
        <ele>291.0</ele>
      </trkpt>
      <trkpt lat="48.27908635139465" lon="6.235792553052306">
        <ele>291.0</ele>
      </trkpt>
      <trkpt lat="48.27859282493591" lon="6.235138094052672">
        <ele>290.0</ele>
      </trkpt>
      <trkpt lat="48.27849626541138" lon="6.234998619183898">
        <ele>290.0</ele>
      </trkpt>
      <trkpt lat="48.27788472175598" lon="6.234118938446045">
        <ele>290.0</ele>
      </trkpt>
      <trkpt lat="48.27754131518304" lon="6.233990108594298">
        <ele>289.0</ele>
      </trkpt>
      <trkpt lat="48.27535271644592" lon="6.23348593711853">
        <ele>289.0</ele>
      </trkpt>
      <trkpt lat="48.275127494707704" lon="6.233400022611022">
        <ele>289.0</ele>
      </trkpt>
      <trkpt lat="48.27494502067566" lon="6.2330567836761475">
        <ele>289.0</ele>
      </trkpt>
      <trkpt lat="48.27418327331543" lon="6.231919443234801">
        <ele>289.0</ele>
      </trkpt>
      <trkpt lat="48.27336779795587" lon="6.23073935508728">
        <ele>289.0</ele>
      </trkpt>
      <trkpt lat="48.27245601452887" lon="6.229323148727417">
        <ele>289.0</ele>
      </trkpt>
      <trkpt lat="48.272284185513854" lon="6.229119217023253">
        <ele>290.0</ele>
      </trkpt>
      <trkpt lat="48.27210187911987" lon="6.228947639465332">
        <ele>290.0</ele>
      </trkpt>
      <trkpt lat="48.271404504776" lon="6.228475570678711">
        <ele>290.0</ele>
      </trkpt>
      <trkpt lat="48.27122203074396" lon="6.228325283154845">
        <ele>290.0</ele>
      </trkpt>
      <trkpt lat="48.2705997582525" lon="6.227606534957886">
        <ele>290.0</ele>
      </trkpt>
      <trkpt lat="48.270310163497925" lon="6.2273704167455435">
        <ele>290.0</ele>
      </trkpt>
      <trkpt lat="48.269816637039185" lon="6.227059364318848">
        <ele>290.0</ele>
      </trkpt>
      <trkpt lat="48.26943039894104" lon="6.226844787597656">
        <ele>290.0</ele>
      </trkpt>
      <trkpt lat="48.26943031512201" lon="6.226844787597656">
        <ele>290.0</ele>
      </trkpt>
      <trkpt lat="48.26918355189264" lon="6.226726686581969">
        <ele>290.0</ele>
      </trkpt>
      <trkpt lat="48.26900124549866" lon="6.226683855056763">
        <ele>290.0</ele>
      </trkpt>
      <trkpt lat="48.268797313794494" lon="6.22671595774591">
        <ele>290.0</ele>
      </trkpt>
      <trkpt lat="48.26851844787598" lon="6.226823329925537">
        <ele>291.0</ele>
      </trkpt>
      <trkpt lat="48.26835751533508" lon="6.22696272097528">
        <ele>291.0</ele>
      </trkpt>
      <trkpt lat="48.268250143155456" lon="6.227059364318848">
        <ele>291.0</ele>
      </trkpt>
      <trkpt lat="48.26761722564697" lon="6.22799277305603">
        <ele>291.0</ele>
      </trkpt>
      <trkpt lat="48.26741329394281" lon="6.228228807449341">
        <ele>291.0</ele>
      </trkpt>
      <trkpt lat="48.267338275909424" lon="6.228282451629639">
        <ele>291.0</ele>
      </trkpt>
      <trkpt lat="48.26725252903998" lon="6.228303825482726">
        <ele>291.0</ele>
      </trkpt>
      <trkpt lat="48.26720952987671" lon="6.228293180465698">
        <ele>291.0</ele>
      </trkpt>
      <trkpt lat="48.26715596951544" lon="6.228250181302428">
        <ele>290.0</ele>
      </trkpt>
      <trkpt lat="48.26696285046637" lon="6.228003418073058">
        <ele>290.0</ele>
      </trkpt>
      <trkpt lat="48.266855562105775" lon="6.227853298187256">
        <ele>290.0</ele>
      </trkpt>
      <trkpt lat="48.26668390072882" lon="6.2275957223027945">
        <ele>290.0</ele>
      </trkpt>
      <trkpt lat="48.2665228843689" lon="6.227134382352233">
        <ele>289.0</ele>
      </trkpt>
      <trkpt lat="48.26644778251648" lon="6.226984262466431">
        <ele>289.0</ele>
      </trkpt>
      <trkpt lat="48.266362035647035" lon="6.226876974105835">
        <ele>289.0</ele>
      </trkpt>
      <trkpt lat="48.26624393463135" lon="6.2267374992370605">
        <ele>289.0</ele>
      </trkpt>
      <trkpt lat="48.26622247695923" lon="6.226673042401671">
        <ele>288.0</ele>
      </trkpt>
      <trkpt lat="48.26611518859863" lon="6.226179515942931">
        <ele>288.0</ele>
      </trkpt>
      <trkpt lat="48.266040086746216" lon="6.225911295041442">
        <ele>288.0</ele>
      </trkpt>
      <trkpt lat="48.2659649848938" lon="6.225728988647461">
        <ele>287.0</ele>
      </trkpt>
      <trkpt lat="48.26596490107477" lon="6.225728988647461">
        <ele>287.0</ele>
      </trkpt>
      <trkpt lat="48.26567522250116" lon="6.225149547681212">
        <ele>286.0</ele>
      </trkpt>
      <trkpt lat="48.26547145843506" lon="6.224452257156372">
        <ele>286.0</ele>
      </trkpt>
      <trkpt lat="48.26539627276361" lon="6.224108850583434">
        <ele>285.0</ele>
      </trkpt>
      <trkpt lat="48.26543927192688" lon="6.223851442337036">
        <ele>285.0</ele>
      </trkpt>
      <trkpt lat="48.265535831451416" lon="6.223422205075622">
        <ele>284.0</ele>
      </trkpt>
      <trkpt lat="48.265568101778626" lon="6.223078882321715">
        <ele>284.0</ele>
      </trkpt>
      <trkpt lat="48.265546560287476" lon="6.222853576764464">
        <ele>284.0</ele>
      </trkpt>
      <trkpt lat="48.26549291610718" lon="6.222639000043273">
        <ele>284.0</ele>
      </trkpt>
      <trkpt lat="48.265053033828735" lon="6.221426725387573">
        <ele>283.0</ele>
      </trkpt>
      <trkpt lat="48.26493493281305" lon="6.221126317977905">
        <ele>283.0</ele>
      </trkpt>
      <trkpt lat="48.26476335525513" lon="6.220815097913146">
        <ele>283.0</ele>
      </trkpt>
      <trkpt lat="48.2648491859436" lon="6.220632791519165">
        <ele>284.0</ele>
      </trkpt>
      <trkpt lat="48.26491364277899" lon="6.220482503995299">
        <ele>284.0</ele>
      </trkpt>
      <trkpt lat="48.26587915420532" lon="6.218293905258179">
        <ele>284.0</ele>
      </trkpt>
      <trkpt lat="48.26621166430414" lon="6.217489158734679">
        <ele>285.0</ele>
      </trkpt>
      <trkpt lat="48.2665228843689" lon="6.216802597045898">
        <ele>285.0</ele>
      </trkpt>
      <trkpt lat="48.26672673225403" lon="6.216309070587158">
        <ele>286.0</ele>
      </trkpt>
      <trkpt lat="48.266726648435" lon="6.216309070587158">
        <ele>287.0</ele>
      </trkpt>
      <trkpt lat="48.26701641082764" lon="6.215493679046631">
        <ele>288.0</ele>
      </trkpt>
      <trkpt lat="48.267102325335145" lon="6.215107440948486">
        <ele>289.0</ele>
      </trkpt>
      <trkpt lat="48.26715588569641" lon="6.214527999982238">
        <ele>290.0</ele>
      </trkpt>
      <trkpt lat="48.26716661453247" lon="6.2139058113098145">
        <ele>292.0</ele>
      </trkpt>
      <trkpt lat="48.26726325787604" lon="6.2103652115911245">
        <ele>293.0</ele>
      </trkpt>
      <trkpt lat="48.267273902893066" lon="6.210247194394469">
        <ele>294.0</ele>
      </trkpt>
      <trkpt lat="48.2674241065979" lon="6.208198070526123">
        <ele>296.0</ele>
      </trkpt>
      <trkpt lat="48.267542039975524" lon="6.207296848297119">
        <ele>298.0</ele>
      </trkpt>
      <trkpt lat="48.267778158187866" lon="6.206438457593322">
        <ele>300.0</ele>
      </trkpt>
      <trkpt lat="48.268024921417236" lon="6.205794811248779">
        <ele>302.0</ele>
      </trkpt>
      <trkpt lat="48.268271684646606" lon="6.205290472134948">
        <ele>304.0</ele>
      </trkpt>
      <trkpt lat="48.268550550565124" lon="6.204829132184386">
        <ele>305.0</ele>
      </trkpt>
      <trkpt lat="48.26969861984253" lon="6.203241348266602">
        <ele>307.0</ele>
      </trkpt>
      <trkpt lat="48.2696985360235" lon="6.203241348266602">
        <ele>309.0</ele>
      </trkpt>
      <trkpt lat="48.269827365875244" lon="6.203069686889648">
        <ele>311.0</ele>
      </trkpt>
      <trkpt lat="48.27153333462775" lon="6.201535379514098">
        <ele>313.0</ele>
      </trkpt>
      <trkpt lat="48.27189794741571" lon="6.201288616284728">
        <ele>315.0</ele>
      </trkpt>
      <trkpt lat="48.27259540557861" lon="6.201009750366211">
        <ele>318.0</ele>
      </trkpt>
      <trkpt lat="48.27349662780762" lon="6.200430393218994">
        <ele>320.0</ele>
      </trkpt>
      <trkpt lat="48.274022256955504" lon="6.2002050038427114">
        <ele>321.0</ele>
      </trkpt>
      <trkpt lat="48.27475190162659" lon="6.199711477383971">
        <ele>323.0</ele>
      </trkpt>
      <trkpt lat="48.27600717544556" lon="6.198745965957642">
        <ele>324.0</ele>
      </trkpt>
      <trkpt lat="48.276286041364074" lon="6.198585033416748">
        <ele>326.0</ele>
      </trkpt>
      <trkpt lat="48.27644697390497" lon="6.198520576581359">
        <ele>327.0</ele>
      </trkpt>
      <trkpt lat="48.27734819613397" lon="6.19848839007318">
        <ele>328.0</ele>
      </trkpt>
      <trkpt lat="48.27755221165717" lon="6.1984562035650015">
        <ele>329.0</ele>
      </trkpt>
      <trkpt lat="48.27944040298462" lon="6.197909032925963">
        <ele>330.0</ele>
      </trkpt>
      <trkpt lat="48.27949404716492" lon="6.197866117581725">
        <ele>331.0</ele>
      </trkpt>
      <trkpt lat="48.279493963345885" lon="6.197866117581725">
        <ele>332.0</ele>
      </trkpt>
      <trkpt lat="48.27969781123102" lon="6.197726642712951">
        <ele>332.0</ele>
      </trkpt>
      <trkpt lat="48.28066349029541" lon="6.196836233139038">
        <ele>332.0</ele>
      </trkpt>
      <trkpt lat="48.28138223849237" lon="6.196213960647583">
        <ele>332.0</ele>
      </trkpt>
      <trkpt lat="48.28153260983527" lon="6.196170961484313">
        <ele>333.0</ele>
      </trkpt>
      <trkpt lat="48.28215479850769" lon="6.196310436353087">
        <ele>333.0</ele>
      </trkpt>
      <trkpt lat="48.28238002024591" lon="6.196321249008179">
        <ele>333.0</ele>
      </trkpt>
      <trkpt lat="48.28248739242554" lon="6.19629979133606">
        <ele>334.0</ele>
      </trkpt>
      <trkpt lat="48.28259468078613" lon="6.196246147155762">
        <ele>334.0</ele>
      </trkpt>
      <trkpt lat="48.28295937739313" lon="6.195859909057617">
        <ele>334.0</ele>
      </trkpt>
      <trkpt lat="48.28316339291632" lon="6.195677435025573">
        <ele>335.0</ele>
      </trkpt>
      <trkpt lat="48.28349590301514" lon="6.195505857467651">
        <ele>335.0</ele>
      </trkpt>
      <trkpt lat="48.283571088686585" lon="6.195473670959473">
        <ele>335.0</ele>
      </trkpt>
      <trkpt lat="48.284010887145996" lon="6.1950767040252686">
        <ele>336.0</ele>
      </trkpt>
      <trkpt lat="48.28438639640808" lon="6.194658279418945">
        <ele>337.0</ele>
      </trkpt>
      <trkpt lat="48.28472971916199" lon="6.194357872009277">
        <ele>338.0</ele>
      </trkpt>
      <trkpt lat="48.2847619894892" lon="6.194336414337158">
        <ele>339.0</ele>
      </trkpt>
      <trkpt lat="48.28538417816162" lon="6.1937034130096436">
        <ele>340.0</ele>
      </trkpt>
      <trkpt lat="48.28581324778497" lon="6.193284904584289">
        <ele>341.0</ele>
      </trkpt>
      <trkpt lat="48.28612446784973" lon="6.193102514371276">
        <ele>342.0</ele>
      </trkpt>
      <trkpt lat="48.28640341758728" lon="6.192888021469116">
        <ele>344.0</ele>
      </trkpt>
      <trkpt lat="48.286499893292785" lon="6.192834377288818">
        <ele>346.0</ele>
      </trkpt>
      <trkpt lat="48.28658572398126" lon="6.192812919616699">
        <ele>348.0</ele>
      </trkpt>
      <trkpt lat="48.28661799430847" lon="6.192984497174621">
        <ele>350.0</ele>
      </trkpt>
      <trkpt lat="48.287014877423644" lon="6.1942612286657095">
        <ele>353.0</ele>
      </trkpt>
      <trkpt lat="48.28713297843933" lon="6.194572364911437">
        <ele>355.0</ele>
      </trkpt>
      <trkpt lat="48.287229454144835" lon="6.194722652435303">
        <ele>358.0</ele>
      </trkpt>
      <trkpt lat="48.28760504722595" lon="6.195140993222594">
        <ele>361.0</ele>
      </trkpt>
      <trkpt lat="48.28791609965265" lon="6.195366382598877">
        <ele>363.0</ele>
      </trkpt>
      <trkpt lat="48.28858137130737" lon="6.19574180804193">
        <ele>366.0</ele>
      </trkpt>
      <trkpt lat="48.2896541710943" lon="6.196407079696655">
        <ele>369.0</ele>
      </trkpt>
      <trkpt lat="48.28965425491333" lon="6.196407079696655">
        <ele>372.0</ele>
      </trkpt>
      <trkpt lat="48.290297985076904" lon="6.196814775466919">
        <ele>375.0</ele>
      </trkpt>
      <trkpt lat="48.290544832125306" lon="6.197007894515991">
        <ele>378.0</ele>
      </trkpt>
      <trkpt lat="48.29067349433899" lon="6.197136640548706">
        <ele>380.0</ele>
      </trkpt>
      <trkpt lat="48.29117774963379" lon="6.197876930236816">
        <ele>383.0</ele>
      </trkpt>
      <trkpt lat="48.29138168133795" lon="6.198220169171691">
        <ele>386.0</ele>
      </trkpt>
      <trkpt lat="48.291553258895874" lon="6.198477745056152">
        <ele>388.0</ele>
      </trkpt>
      <trkpt lat="48.291767835617065" lon="6.198692321777344">
        <ele>390.0</ele>
      </trkpt>
      <trkpt lat="48.29263687133789" lon="6.19925013743341">
        <ele>392.0</ele>
      </trkpt>
      <trkpt lat="48.2929265499115" lon="6.199561357498169">
        <ele>394.0</ele>
      </trkpt>
      <trkpt lat="48.29309821128845" lon="6.1999045964330435">
        <ele>396.0</ele>
      </trkpt>
      <trkpt lat="48.29322695732117" lon="6.200355291366577">
        <ele>397.0</ele>
      </trkpt>
      <trkpt lat="48.29364546574652" lon="6.201932430267334">
        <ele>399.0</ele>
      </trkpt>
      <trkpt lat="48.29372048377991" lon="6.20224348269403">
        <ele>400.0</ele>
      </trkpt>
      <trkpt lat="48.29377404414117" lon="6.202844297513366">
        <ele>401.0</ele>
      </trkpt>
      <trkpt lat="48.29379550181329" lon="6.203927909955382">
        <ele>401.0</ele>
      </trkpt>
      <trkpt lat="48.29382768832147" lon="6.204582368955016">
        <ele>401.0</ele>
      </trkpt>
      <trkpt lat="48.29387060366571" lon="6.20499006472528">
        <ele>401.0</ele>
      </trkpt>
      <trkpt lat="48.29393497668207" lon="6.205387115478516">
        <ele>400.0</ele>
      </trkpt>
      <trkpt lat="48.294020891189575" lon="6.20573035441339">
        <ele>400.0</ele>
      </trkpt>
      <trkpt lat="48.29419255256653" lon="6.206277525052428">
        <ele>399.0</ele>
      </trkpt>
      <trkpt lat="48.296316945925355" lon="6.211974620819092">
        <ele>397.0</ele>
      </trkpt>
      <trkpt lat="48.2966601010412" lon="6.212854385375977">
        <ele>396.0</ele>
      </trkpt>
      <trkpt lat="48.29769006930292" lon="6.212146282196045">
        <ele>394.0</ele>
      </trkpt>
      <trkpt lat="48.29769015312195" lon="6.212146282196045">
        <ele>392.0</ele>
      </trkpt>
      <trkpt lat="48.29852691851556" lon="6.211566925048828">
        <ele>389.0</ele>
      </trkpt>
      <trkpt lat="48.298720037564635" lon="6.211448824033141">
        <ele>387.0</ele>
      </trkpt>
      <trkpt lat="48.29884895123541" lon="6.211416637524962">
        <ele>384.0</ele>
      </trkpt>
      <trkpt lat="48.29895615577698" lon="6.211459636688232">
        <ele>381.0</ele>
      </trkpt>
      <trkpt lat="48.30035082064569" lon="6.213251268491149">
        <ele>377.0</ele>
      </trkpt>
      <trkpt lat="48.30110192298889" lon="6.21425986289978">
        <ele>373.0</ele>
      </trkpt>
      <trkpt lat="48.30110200680792" lon="6.21425986289978">
        <ele>370.0</ele>
      </trkpt>
      <trkpt lat="48.30159544944763" lon="6.214871406555176">
        <ele>366.0</ele>
      </trkpt>
      <trkpt lat="48.301734924316406" lon="6.215000152587891">
        <ele>363.0</ele>
      </trkpt>
      <trkpt lat="48.301842212677" lon="6.215042984113097">
        <ele>359.0</ele>
      </trkpt>
      <trkpt lat="48.301938688382506" lon="6.215042984113097">
        <ele>356.0</ele>
      </trkpt>
      <trkpt lat="48.3020459767431" lon="6.2149786949157715">
        <ele>352.0</ele>
      </trkpt>
      <trkpt lat="48.30217472277582" lon="6.214860677719116">
        <ele>349.0</ele>
      </trkpt>
      <trkpt lat="48.30320477485657" lon="6.213852167129517">
        <ele>345.0</ele>
      </trkpt>
      <trkpt lat="48.303505182266235" lon="6.213605320081115">
        <ele>342.0</ele>
      </trkpt>
      <trkpt lat="48.30465308390558" lon="6.212897216901183">
        <ele>339.0</ele>
      </trkpt>
      <trkpt lat="48.30510377883911" lon="6.212671911343932">
        <ele>335.0</ele>
      </trkpt>
      <trkpt lat="48.30559730529785" lon="6.212596809491515">
        <ele>332.0</ele>
      </trkpt>
      <trkpt lat="48.305994188413024" lon="6.2126076221466064">
        <ele>329.0</ele>
      </trkpt>
      <trkpt lat="48.30617666244507" lon="6.212639724835753">
        <ele>326.0</ele>
      </trkpt>
      <trkpt lat="48.30710998736322" lon="6.213036775588989">
        <ele>323.0</ele>
      </trkpt>
      <trkpt lat="48.30737820826471" lon="6.2131117936223745">
        <ele>320.0</ele>
      </trkpt>
      <trkpt lat="48.30761432647705" lon="6.213090419769287">
        <ele>317.0</ele>
      </trkpt>
      <trkpt lat="48.307753801345825" lon="6.21301531791687">
        <ele>315.0</ele>
      </trkpt>
      <trkpt lat="48.30788254737854" lon="6.212908029556274">
        <ele>312.0</ele>
      </trkpt>
      <trkpt lat="48.30852619372308" lon="6.2120068073272705">
        <ele>310.0</ele>
      </trkpt>
      <trkpt lat="48.30894470214844" lon="6.211641943082213">
        <ele>307.0</ele>
      </trkpt>
      <trkpt lat="48.309298837557435" lon="6.211191415786743">
        <ele>305.0</ele>
      </trkpt>
      <trkpt lat="48.310242891311646" lon="6.209753667935729">
        <ele>303.0</ele>
      </trkpt>
      <trkpt lat="48.31041463650763" lon="6.209506988525391">
        <ele>301.0</ele>
      </trkpt>
      <trkpt lat="48.3105646725744" lon="6.2093353271484375">
        <ele>299.0</ele>
      </trkpt>
      <trkpt lat="48.31071496009827" lon="6.20923868380487">
        <ele>297.0</ele>
      </trkpt>
      <trkpt lat="48.310800874605775" lon="6.209206581115723">
        <ele>295.0</ele>
      </trkpt>
      <trkpt lat="48.310993909835815" lon="6.209163581952453">
        <ele>294.0</ele>
      </trkpt>
      <trkpt lat="48.31113330088556" lon="6.209045564755797">
        <ele>293.0</ele>
      </trkpt>
      <trkpt lat="48.311219131574035" lon="6.208863174542785">
        <ele>292.0</ele>
      </trkpt>
      <trkpt lat="48.311219215393066" lon="6.208863174542785">
        <ele>291.0</ele>
      </trkpt>
      <trkpt lat="48.31140160560608" lon="6.208509122952819">
        <ele>291.0</ele>
      </trkpt>
      <trkpt lat="48.31149808131158" lon="6.2084126472473145">
        <ele>290.0</ele>
      </trkpt>
      <trkpt lat="48.311927234753966" lon="6.208176529034972">
        <ele>290.0</ele>
      </trkpt>
      <trkpt lat="48.312077606096864" lon="6.208047783002257">
        <ele>290.0</ele>
      </trkpt>
      <trkpt lat="48.31218481063843" lon="6.207951307296753">
        <ele>290.0</ele>
      </trkpt>
      <trkpt lat="48.312238454818726" lon="6.208015596494079">
        <ele>290.0</ele>
      </trkpt>
      <trkpt lat="48.31281781196594" lon="6.209099292755127">
        <ele>290.0</ele>
      </trkpt>
      <trkpt lat="48.3129358291626" lon="6.209356701001525">
        <ele>290.0</ele>
      </trkpt>
      <trkpt lat="48.31316113471985" lon="6.209828853607178">
        <ele>290.0</ele>
      </trkpt>
      <trkpt lat="48.31320405006409" lon="6.209882497787476">
        <ele>291.0</ele>
      </trkpt>
      <trkpt lat="48.31325761042535" lon="6.209914684295654">
        <ele>291.0</ele>
      </trkpt>
      <trkpt lat="48.3133327960968" lon="6.209903955459595">
        <ele>292.0</ele>
      </trkpt>
      <trkpt lat="48.313450729474425" lon="6.209807395935059">
        <ele>292.0</ele>
      </trkpt>
      <trkpt lat="48.313547456637025" lon="6.209700023755431">
        <ele>293.0</ele>
      </trkpt>
      <trkpt lat="48.313740491867065" lon="6.209463989362121">
        <ele>293.0</ele>
      </trkpt>
      <trkpt lat="48.31387996673584" lon="6.209345972165465">
        <ele>294.0</ele>
      </trkpt>
      <trkpt lat="48.31405154429376" lon="6.20923868380487">
        <ele>294.0</ele>
      </trkpt>
      <trkpt lat="48.31438413821161" lon="6.209174394607544">
        <ele>295.0</ele>
      </trkpt>
      <trkpt lat="48.31485637463629" lon="6.208873987197876">
        <ele>295.0</ele>
      </trkpt>
      <trkpt lat="48.31486701965332" lon="6.208852529525757">
        <ele>296.0</ele>
      </trkpt>
      <trkpt lat="48.31493139266968" lon="6.208755886182189">
        <ele>296.0</ele>
      </trkpt>
      <trkpt lat="48.31504940986633" lon="6.208455478772521">
        <ele>296.0</ele>
      </trkpt>
      <trkpt lat="48.315231800079346" lon="6.2080692406743765">
        <ele>296.0</ele>
      </trkpt>
      <trkpt lat="48.315349817276" lon="6.207833206281066">
        <ele>296.0</ele>
      </trkpt>
      <trkpt lat="48.31537127494812" lon="6.207704544067383">
        <ele>296.0</ele>
      </trkpt>
      <trkpt lat="48.3152961730957" lon="6.207178747281432">
        <ele>296.0</ele>
      </trkpt>
      <trkpt lat="48.3152961730957" lon="6.207082271575928">
        <ele>296.0</ele>
      </trkpt>
      <trkpt lat="48.31532827578485" lon="6.206942796707153">
        <ele>295.0</ele>
      </trkpt>
      <trkpt lat="48.31538191996515" lon="6.206792509183288">
        <ele>295.0</ele>
      </trkpt>
      <trkpt lat="48.315735971555114" lon="6.206105863675475">
        <ele>295.0</ele>
      </trkpt>
      <trkpt lat="48.31631532870233" lon="6.205129539594054">
        <ele>294.0</ele>
      </trkpt>
      <trkpt lat="48.31639043055475" lon="6.204957962036133">
        <ele>294.0</ele>
      </trkpt>
      <trkpt lat="48.31639051437378" lon="6.204957962036133">
        <ele>293.0</ele>
      </trkpt>
      <trkpt lat="48.316508615389466" lon="6.204668199643493">
        <ele>293.0</ele>
      </trkpt>
      <trkpt lat="48.31665873527527" lon="6.204303503036499">
        <ele>292.0</ele>
      </trkpt>
      <trkpt lat="48.31677666865289" lon="6.204078197479248">
        <ele>291.0</ele>
      </trkpt>
      <trkpt lat="48.316937601193786" lon="6.203831434249878">
        <ele>291.0</ele>
      </trkpt>
      <trkpt lat="48.31710934638977" lon="6.2036168575286865">
        <ele>290.0</ele>
      </trkpt>
      <trkpt lat="48.31766724586487" lon="6.203005230054259">
        <ele>289.0</ele>
      </trkpt>
      <trkpt lat="48.31816068850458" lon="6.202511703595519">
        <ele>289.0</ele>
      </trkpt>
      <trkpt lat="48.31885823048651" lon="6.201921617612243">
        <ele>288.0</ele>
      </trkpt>
      <trkpt lat="48.31929802894592" lon="6.201513921841979">
        <ele>287.0</ele>
      </trkpt>
      <trkpt lat="48.31960908137262" lon="6.201342260465026">
        <ele>287.0</ele>
      </trkpt>
      <trkpt lat="48.319973945617676" lon="6.201224327087402">
        <ele>286.0</ele>
      </trkpt>
      <trkpt lat="48.32079998217523" lon="6.20103120803833">
        <ele>286.0</ele>
      </trkpt>
      <trkpt lat="48.321186220273376" lon="6.200698530301452">
        <ele>286.0</ele>
      </trkpt>
      <trkpt lat="48.321712017059326" lon="6.200183629989624">
        <ele>285.0</ele>
      </trkpt>
      <trkpt lat="48.32171210087836" lon="6.200183629989624">
        <ele>285.0</ele>
      </trkpt>
      <trkpt lat="48.3218514919281" lon="6.200076341629028">
        <ele>284.0</ele>
      </trkpt>
      <trkpt lat="48.32207679748535" lon="6.200001239776611">
        <ele>284.0</ele>
      </trkpt>
      <trkpt lat="48.322226917371154" lon="6.199969053268433">
        <ele>284.0</ele>
      </trkpt>
      <trkpt lat="48.32278490066528" lon="6.1999475955963135">
        <ele>283.0</ele>
      </trkpt>
      <trkpt lat="48.323020935058594" lon="6.1999045964330435">
        <ele>283.0</ele>
      </trkpt>
      <trkpt lat="48.32393288612366" lon="6.199368238449097">
        <ele>283.0</ele>
      </trkpt>
      <trkpt lat="48.32397588528693" lon="6.1993467807769775">
        <ele>283.0</ele>
      </trkpt>
      <trkpt lat="48.32434049807489" lon="6.199217950925231">
        <ele>282.0</ele>
      </trkpt>
      <trkpt lat="48.32461944781244" lon="6.199175035580993">
        <ele>282.0</ele>
      </trkpt>
      <trkpt lat="48.326261043548584" lon="6.199239492416382">
        <ele>282.0</ele>
      </trkpt>
      <trkpt lat="48.326657926663756" lon="6.19929313659668">
        <ele>282.0</ele>
      </trkpt>
      <trkpt lat="48.32708716392517" lon="6.199271595105529">
        <ele>281.0</ele>
      </trkpt>
      <trkpt lat="48.328428184613585" lon="6.198853254318237">
        <ele>281.0</ele>
      </trkpt>
      <trkpt lat="48.329265117645264" lon="6.198745965957642">
        <ele>281.0</ele>
      </trkpt>
      <trkpt lat="48.33002686500549" lon="6.198692321777344">
        <ele>281.0</ele>
      </trkpt>
      <trkpt lat="48.330659782513976" lon="6.198702966794372">
        <ele>281.0</ele>
      </trkpt>
      <trkpt lat="48.33089590072632" lon="6.19873515330255">
        <ele>280.0</ele>
      </trkpt>
      <trkpt lat="48.33114266395569" lon="6.1987996101379395">
        <ele>280.0</ele>
      </trkpt>
      <trkpt lat="48.33132513798773" lon="6.198831796646118">
        <ele>280.0</ele>
      </trkpt>
      <trkpt lat="48.331711292266846" lon="6.198917543515563">
        <ele>280.0</ele>
      </trkpt>
      <trkpt lat="48.33186149597168" lon="6.198896085843444">
        <ele>279.0</ele>
      </trkpt>
      <trkpt lat="48.33190441131592" lon="6.198885440826416">
        <ele>279.0</ele>
      </trkpt>
      <trkpt lat="48.332054698839784" lon="6.198767423629761">
        <ele>278.0</ele>
      </trkpt>
      <trkpt lat="48.33214044570923" lon="6.198649322614074">
        <ele>278.0</ele>
      </trkpt>
      <trkpt lat="48.33214052952826" lon="6.198649322614074">
        <ele>278.0</ele>
      </trkpt>
      <trkpt lat="48.33216190338135" lon="6.198617136105895">
        <ele>277.0</ele>
      </trkpt>
      <trkpt lat="48.33237639628351" lon="6.198306083679199">
        <ele>277.0</ele>
      </trkpt>
      <trkpt lat="48.332655346021056" lon="6.198059320449829">
        <ele>276.0</ele>
      </trkpt>
      <trkpt lat="48.332988023757935" lon="6.1978553887456656">
        <ele>276.0</ele>
      </trkpt>
      <trkpt lat="48.33305239677429" lon="6.197758829221129">
        <ele>275.0</ele>
      </trkpt>
      <trkpt lat="48.333159601315856" lon="6.197758829221129">
        <ele>275.0</ele>
      </trkpt>
      <trkpt lat="48.33423248492181" lon="6.197340404614806">
        <ele>275.0</ele>
      </trkpt>
      <trkpt lat="48.33505868911743" lon="6.197125827893615">
        <ele>274.0</ele>
      </trkpt>
      <trkpt lat="48.33505877293646" lon="6.197125827893615">
        <ele>274.0</ele>
      </trkpt>
      <trkpt lat="48.33513379096985" lon="6.197104370221496">
        <ele>273.0</ele>
      </trkpt>
      <trkpt lat="48.33539128303528" lon="6.1969006061553955">
        <ele>272.0</ele>
      </trkpt>
      <trkpt lat="48.33588472567499" lon="6.1961281299591064">
        <ele>272.0</ele>
      </trkpt>
      <trkpt lat="48.336163675412536" lon="6.195763265714049">
        <ele>271.0</ele>
      </trkpt>
      <trkpt lat="48.3365177270025" lon="6.195430755615234">
        <ele>271.0</ele>
      </trkpt>
      <trkpt lat="48.33651781082153" lon="6.195430755615234">
        <ele>271.0</ele>
      </trkpt>
      <trkpt lat="48.33658226765692" lon="6.195377027615905">
        <ele>270.0</ele>
      </trkpt>
      <trkpt lat="48.33687177859247" lon="6.195119619369507">
        <ele>270.0</ele>
      </trkpt>
      <trkpt lat="48.33724728785455" lon="6.194969331845641">
        <ele>270.0</ele>
      </trkpt>
      <trkpt lat="48.33803057670593" lon="6.194851398468018">
        <ele>270.0</ele>
      </trkpt>
      <trkpt lat="48.33826661109924" lon="6.194765567779541">
        <ele>270.0</ele>
      </trkpt>
      <trkpt lat="48.33851337432861" lon="6.194615280255675">
        <ele>270.0</ele>
      </trkpt>
      <trkpt lat="48.33860985003412" lon="6.194518720731139">
        <ele>270.0</ele>
      </trkpt>
      <trkpt lat="48.33876013755798" lon="6.194132482632995">
        <ele>271.0</ele>
      </trkpt>
      <trkpt lat="48.33892107009888" lon="6.193563854321837">
        <ele>271.0</ele>
      </trkpt>
      <trkpt lat="48.33901754580438" lon="6.193327903747559">
        <ele>271.0</ele>
      </trkpt>
      <trkpt lat="48.33912483416498" lon="6.193199073895812">
        <ele>272.0</ele>
      </trkpt>
      <trkpt lat="48.33924285136163" lon="6.193134784698486">
        <ele>272.0</ele>
      </trkpt>
      <trkpt lat="48.339403783902526" lon="6.193145429715514">
        <ele>273.0</ele>
      </trkpt>
      <trkpt lat="48.33955415524542" lon="6.19329571723938">
        <ele>274.0</ele>
      </trkpt>
      <trkpt lat="48.33961836062372" lon="6.193467378616333">
        <ele>275.0</ele>
      </trkpt>
      <trkpt lat="48.339747190475464" lon="6.19403600692749">
        <ele>276.0</ele>
      </trkpt>
      <trkpt lat="48.339950954541564" lon="6.194872772321105">
        <ele>278.0</ele>
      </trkpt>
      <trkpt lat="48.33995112217963" lon="6.194872772321105">
        <ele>279.0</ele>
      </trkpt>
      <trkpt lat="48.34004759788513" lon="6.195205450057983">
        <ele>280.0</ele>
      </trkpt>
      <trkpt lat="48.34015488624573" lon="6.195462858304381">
        <ele>282.0</ele>
      </trkpt>
      <trkpt lat="48.34051958285272" lon="6.196310436353087">
        <ele>283.0</ele>
      </trkpt>
      <trkpt lat="48.34137797355652" lon="6.198273813351989">
        <ele>285.0</ele>
      </trkpt>
      <trkpt lat="48.34154955111444" lon="6.19853138923645">
        <ele>287.0</ele>
      </trkpt>
      <trkpt lat="48.3419144153595" lon="6.198842441663146">
        <ele>289.0</ele>
      </trkpt>
      <trkpt lat="48.34203243255615" lon="6.198971187695861">
        <ele>291.0</ele>
      </trkpt>
      <trkpt lat="48.34213972091675" lon="6.199196493253112">
        <ele>293.0</ele>
      </trkpt>
      <trkpt lat="48.34238648414612" lon="6.199850952252746">
        <ele>295.0</ele>
      </trkpt>
      <trkpt lat="48.34271899424493" lon="6.200773632153869">
        <ele>297.0</ele>
      </trkpt>
      <trkpt lat="48.342719078063965" lon="6.200773632153869">
        <ele>299.0</ele>
      </trkpt>
      <trkpt lat="48.342762077227235" lon="6.200966751202941">
        <ele>301.0</ele>
      </trkpt>
      <trkpt lat="48.34284790791571" lon="6.201320802792907">
        <ele>304.0</ele>
      </trkpt>
      <trkpt lat="48.343255603685975" lon="6.204442977905273">
        <ele>306.0</ele>
      </trkpt>
      <trkpt lat="48.34338426589966" lon="6.204925775527954">
        <ele>309.0</ele>
      </trkpt>
      <trkpt lat="48.34360957145691" lon="6.20527982711792">
        <ele>311.0</ele>
      </trkpt>
      <trkpt lat="48.34389933384955" lon="6.205494403839111">
        <ele>313.0</ele>
      </trkpt>
      <trkpt lat="48.344746911898255" lon="6.206073760986328">
        <ele>315.0</ele>
      </trkpt>
      <trkpt lat="48.3460985776037" lon="6.20701789855957">
        <ele>316.0</ele>
      </trkpt>
      <trkpt lat="48.349489057436585" lon="6.209324514493346">
        <ele>318.0</ele>
      </trkpt>
      <trkpt lat="48.349682092666626" lon="6.209421157836914">
        <ele>319.0</ele>
      </trkpt>
      <trkpt lat="48.3498215675354" lon="6.209453344345093">
        <ele>320.0</ele>
      </trkpt>
      <trkpt lat="48.35003614425659" lon="6.209453344345093">
        <ele>321.0</ele>
      </trkpt>
      <trkpt lat="48.3516348246485" lon="6.20928168296814">
        <ele>322.0</ele>
      </trkpt>
      <trkpt lat="48.35166701115668" lon="6.20928168296814">
        <ele>322.0</ele>
      </trkpt>
      <trkpt lat="48.35225692950189" lon="6.2092172261327505">
        <ele>322.0</ele>
      </trkpt>
      <trkpt lat="48.35237503051758" lon="6.209228038787842">
        <ele>323.0</ele>
      </trkpt>
      <trkpt lat="48.352482318878174" lon="6.209270870313048">
        <ele>322.0</ele>
      </trkpt>
      <trkpt lat="48.35258960723877" lon="6.209356701001525">
        <ele>322.0</ele>
      </trkpt>
      <trkpt lat="48.352696895599365" lon="6.209496259689331">
        <ele>321.0</ele>
      </trkpt>
      <trkpt lat="48.35277191363275" lon="6.209646379575133">
        <ele>321.0</ele>
      </trkpt>
      <trkpt lat="48.35283645428717" lon="6.209903955459595">
        <ele>320.0</ele>
      </trkpt>
      <trkpt lat="48.35285774432123" lon="6.210139906033874">
        <ele>319.0</ele>
      </trkpt>
      <trkpt lat="48.35284701548517" lon="6.210376024246216">
        <ele>318.0</ele>
      </trkpt>
      <trkpt lat="48.35256814956665" lon="6.211180603131652">
        <ele>317.0</ele>
      </trkpt>
      <trkpt lat="48.35251450538635" lon="6.21147028170526">
        <ele>315.0</ele>
      </trkpt>
      <trkpt lat="48.352482318878174" lon="6.211770689114928">
        <ele>314.0</ele>
      </trkpt>
      <trkpt lat="48.35247150622308" lon="6.212071096524596">
        <ele>312.0</ele>
      </trkpt>
      <trkpt lat="48.3524929638952" lon="6.212317859753966">
        <ele>311.0</ele>
      </trkpt>
      <trkpt lat="48.35254669189453" lon="6.212532436475158">
        <ele>309.0</ele>
      </trkpt>
      <trkpt lat="48.35265398025513" lon="6.212790012359619">
        <ele>307.0</ele>
      </trkpt>
      <trkpt lat="48.3527398109436" lon="6.212886488065124">
        <ele>305.0</ele>
      </trkpt>
      <trkpt lat="48.35283637046814" lon="6.213004505261779">
        <ele>303.0</ele>
      </trkpt>
      <trkpt lat="48.35283645428717" lon="6.213004505261779">
        <ele>301.0</ele>
      </trkpt>
      <trkpt lat="48.354252576828" lon="6.214656746014953">
        <ele>299.0</ele>
      </trkpt>
      <trkpt lat="48.354434883221984" lon="6.214989339932799">
        <ele>297.0</ele>
      </trkpt>
      <trkpt lat="48.354520881548524" lon="6.2152361031621695">
        <ele>295.0</ele>
      </trkpt>
      <trkpt lat="48.35479983128607" lon="6.216040849685669">
        <ele>292.0</ele>
      </trkpt>
      <trkpt lat="48.35486403666437" lon="6.2162338849157095">
        <ele>290.0</ele>
      </trkpt>
      <trkpt lat="48.355185985565186" lon="6.21722093783319">
        <ele>288.0</ele>
      </trkpt>
      <trkpt lat="48.35529327392578" lon="6.21746770106256">
        <ele>286.0</ele>
      </trkpt>
      <trkpt lat="48.355411207303405" lon="6.217650091275573">
        <ele>285.0</ele>
      </trkpt>
      <trkpt lat="48.35558303631842" lon="6.217811107635498">
        <ele>283.0</ele>
      </trkpt>
      <trkpt lat="48.35761061869562" lon="6.219302415847778">
        <ele>281.0</ele>
      </trkpt>
      <trkpt lat="48.35761070251465" lon="6.219302415847778">
        <ele>279.0</ele>
      </trkpt>
      <trkpt lat="48.35775009356439" lon="6.219420349225402">
        <ele>278.0</ele>
      </trkpt>
      <trkpt lat="48.357868110761046" lon="6.219549179077148">
        <ele>276.0</ele>
      </trkpt>
      <trkpt lat="48.35810414515436" lon="6.219849586486816">
        <ele>275.0</ele>
      </trkpt>
      <trkpt lat="48.35913419723511" lon="6.221287250518799">
        <ele>274.0</ele>
      </trkpt>
      <trkpt lat="48.35969218052924" lon="6.222027540206909">
        <ele>272.0</ele>
      </trkpt>
      <trkpt lat="48.35978857241571" lon="6.222167015075684">
        <ele>272.0</ele>
      </trkpt>
      <trkpt lat="48.35986375808716" lon="6.222242116928101">
        <ele>271.0</ele>
      </trkpt>
      <trkpt lat="48.359917402267456" lon="6.222145473584533">
        <ele>270.0</ele>
      </trkpt>
      <trkpt lat="48.35999250411987" lon="6.222059726715088">
        <ele>269.0</ele>
      </trkpt>
      <trkpt lat="48.36087235249579" lon="6.2246238347142935">
        <ele>269.0</ele>
      </trkpt>
      <trkpt lat="48.36094745434821" lon="6.224838411435485">
        <ele>268.0</ele>
      </trkpt>
      <trkpt lat="48.360947370529175" lon="6.224838411435485">
        <ele>268.0</ele>
      </trkpt>
      <trkpt lat="48.36132279597223" lon="6.225932752713561">
        <ele>267.0</ele>
      </trkpt>
      <trkpt lat="48.361462270841" lon="6.226555025205016">
        <ele>267.0</ele>
      </trkpt>
      <trkpt lat="48.36148372851312" lon="6.226726686581969">
        <ele>267.0</ele>
      </trkpt>
      <trkpt lat="48.36155883036554" lon="6.2266945000737906">
        <ele>267.0</ele>
      </trkpt>
      <trkpt lat="48.361644661054015" lon="6.226619398221374">
        <ele>267.0</ele>
      </trkpt>
      <trkpt lat="48.36174130439758" lon="6.226404905319214">
        <ele>267.0</ele>
      </trkpt>
      <trkpt lat="48.361741388216615" lon="6.226404905319214">
        <ele>267.0</ele>
      </trkpt>
      <trkpt lat="48.36197725497186" lon="6.22575044631958">
        <ele>267.0</ele>
      </trkpt>
      <trkpt lat="48.36232057772577" lon="6.224559545516968">
        <ele>267.0</ele>
      </trkpt>
      <trkpt lat="48.36251369677484" lon="6.224119663238525">
        <ele>267.0</ele>
      </trkpt>
      <trkpt lat="48.363211154937744" lon="6.223057508468628">
        <ele>267.0</ele>
      </trkpt>
      <trkpt lat="48.36355447769165" lon="6.222606813535094">
        <ele>267.0</ele>
      </trkpt>
      <trkpt lat="48.363972902297974" lon="6.222134828567505">
        <ele>267.0</ele>
      </trkpt>
      <trkpt lat="48.36410156451166" lon="6.221941709518433">
        <ele>267.0</ele>
      </trkpt>
      <trkpt lat="48.36420885287225" lon="6.22171632014215">
        <ele>267.0</ele>
      </trkpt>
      <trkpt lat="48.364616548642516" lon="6.220600521191955">
        <ele>266.0</ele>
      </trkpt>
      <trkpt lat="48.364917039871216" lon="6.219699298962951">
        <ele>266.0</ele>
      </trkpt>
      <trkpt lat="48.365131532773376" lon="6.219066297635436">
        <ele>266.0</ele>
      </trkpt>
      <trkpt lat="48.36546412669122" lon="6.218218803405762">
        <ele>266.0</ele>
      </trkpt>
      <trkpt lat="48.36570016108453" lon="6.217564344406128">
        <ele>266.0</ele>
      </trkpt>
      <trkpt lat="48.36582907475531" lon="6.2171244621276855">
        <ele>265.0</ele>
      </trkpt>
      <trkpt lat="48.36609721183777" lon="6.215826189145446">
        <ele>265.0</ele>
      </trkpt>
      <trkpt lat="48.3660972956568" lon="6.215826189145446">
        <ele>265.0</ele>
      </trkpt>
      <trkpt lat="48.366140043362975" lon="6.215590154752135">
        <ele>264.0</ele>
      </trkpt>
      <trkpt lat="48.36624733172357" lon="6.2152791023254395">
        <ele>264.0</ele>
      </trkpt>
      <trkpt lat="48.366429805755615" lon="6.214967966079712">
        <ele>264.0</ele>
      </trkpt>
      <trkpt lat="48.36703053675592" lon="6.214238405227661">
        <ele>264.0</ele>
      </trkpt>
      <trkpt lat="48.36703062057495" lon="6.214238405227661">
        <ele>263.0</ele>
      </trkpt>
      <trkpt lat="48.36755624972284" lon="6.213616132736206">
        <ele>263.0</ele>
      </trkpt>
      <trkpt lat="48.36855411529541" lon="6.212210571393371">
        <ele>263.0</ele>
      </trkpt>
      <trkpt lat="48.368661403656006" lon="6.2120819091796875">
        <ele>264.0</ele>
      </trkpt>
      <trkpt lat="48.368929624557495" lon="6.211749231442809">
        <ele>264.0</ele>
      </trkpt>
      <trkpt lat="48.369197845458984" lon="6.21151328086853">
        <ele>264.0</ele>
      </trkpt>
      <trkpt lat="48.36934804916382" lon="6.211416637524962">
        <ele>265.0</ele>
      </trkpt>
      <trkpt lat="48.36955198086798" lon="6.211287891492248">
        <ele>266.0</ele>
      </trkpt>
      <trkpt lat="48.369959592819214" lon="6.2111592292785645">
        <ele>267.0</ele>
      </trkpt>
      <trkpt lat="48.37131142616272" lon="6.210848009213805">
        <ele>267.0</ele>
      </trkpt>
      <trkpt lat="48.37160110473633" lon="6.2108158227056265">
        <ele>269.0</ele>
      </trkpt>
      <trkpt lat="48.37229839526117" lon="6.2108158227056265">
        <ele>270.0</ele>
      </trkpt>
      <trkpt lat="48.37257742881775" lon="6.210826551541686">
        <ele>272.0</ele>
      </trkpt>
      <trkpt lat="48.37272754870355" lon="6.210794365033507">
        <ele>274.0</ele>
      </trkpt>
      <trkpt lat="48.37288856506348" lon="6.2108588218688965">
        <ele>276.0</ele>
      </trkpt>
      <trkpt lat="48.3734571095556" lon="6.2110411282628775">
        <ele>278.0</ele>
      </trkpt>
      <trkpt lat="48.37353229522705" lon="6.211051940917969">
        <ele>280.0</ele>
      </trkpt>
      <trkpt lat="48.37359666824341" lon="6.21103048324585">
        <ele>282.0</ele>
      </trkpt>
      <trkpt lat="48.37363966740668" lon="6.210955297574401">
        <ele>285.0</ele>
      </trkpt>
      <trkpt lat="48.3736611250788" lon="6.210923194885254">
        <ele>288.0</ele>
      </trkpt>
      <trkpt lat="48.374412059783936" lon="6.209871685132384">
        <ele>291.0</ele>
      </trkpt>
      <trkpt lat="48.37481967173517" lon="6.209270870313048">
        <ele>294.0</ele>
      </trkpt>
      <trkpt lat="48.375120079144835" lon="6.208691513165832">
        <ele>297.0</ele>
      </trkpt>
      <trkpt lat="48.37546348571777" lon="6.2081122398376465">
        <ele>300.0</ele>
      </trkpt>
      <trkpt lat="48.375656604766846" lon="6.2078118324279785">
        <ele>302.0</ele>
      </trkpt>
      <trkpt lat="48.37575308047235" lon="6.207683086395264">
        <ele>305.0</ele>
      </trkpt>
      <trkpt lat="48.376225233078" lon="6.207125103101134">
        <ele>307.0</ele>
      </trkpt>
      <trkpt lat="48.377662897109985" lon="6.2056230660527945">
        <ele>311.0</ele>
      </trkpt>
      <trkpt lat="48.37875723838806" lon="6.2048399448394775">
        <ele>313.0</ele>
      </trkpt>
      <trkpt lat="48.378971898928285" lon="6.20474330149591">
        <ele>315.0</ele>
      </trkpt>
      <trkpt lat="48.37905764579773" lon="6.204711198806763">
        <ele>316.0</ele>
      </trkpt>
      <trkpt lat="48.379411697387695" lon="6.204679012298584">
        <ele>317.0</ele>
      </trkpt>
      <trkpt lat="48.37941178120673" lon="6.204679012298584">
        <ele>317.0</ele>
      </trkpt>
      <trkpt lat="48.379658460617065" lon="6.204700386151671">
        <ele>318.0</ele>
      </trkpt>
      <trkpt lat="48.37987303733826" lon="6.204614555463195">
        <ele>317.0</ele>
      </trkpt>
      <trkpt lat="48.381181955337524" lon="6.2035417556762695">
        <ele>316.0</ele>
      </trkpt>
      <trkpt lat="48.38154665194452" lon="6.203284179791808">
        <ele>315.0</ele>
      </trkpt>
      <trkpt lat="48.38205107487738" lon="6.202908754348755">
        <ele>314.0</ele>
      </trkpt>
      <trkpt lat="48.38220111094415" lon="6.202790653333068">
        <ele>313.0</ele>
      </trkpt>
      <trkpt lat="48.38252297602594" lon="6.202597534283996">
        <ele>312.0</ele>
      </trkpt>
      <trkpt lat="48.382898569107056" lon="6.202404415234923">
        <ele>310.0</ele>
      </trkpt>
      <trkpt lat="48.38377824984491" lon="6.2020503636449575">
        <ele>308.0</ele>
      </trkpt>
      <trkpt lat="48.38410019874573" lon="6.201835786923766">
        <ele>306.0</ele>
      </trkpt>
      <trkpt lat="48.38420748710632" lon="6.201664209365845">
        <ele>302.0</ele>
      </trkpt>
      <trkpt lat="48.38432542048395" lon="6.201117038726807">
        <ele>300.0</ele>
      </trkpt>
      <trkpt lat="48.38443270884454" lon="6.200333749875426">
        <ele>298.0</ele>
      </trkpt>
      <trkpt lat="48.3845507260412" lon="6.199464714154601">
        <ele>296.0</ele>
      </trkpt>
      <trkpt lat="48.384625827893615" lon="6.199239492416382">
        <ele>294.0</ele>
      </trkpt>
      <trkpt lat="48.38476538658142" lon="6.199089204892516">
        <ele>292.0</ele>
      </trkpt>
      <trkpt lat="48.38499069213867" lon="6.199014186859131">
        <ele>290.0</ele>
      </trkpt>
      <trkpt lat="48.38561304844916" lon="6.198928272351623">
        <ele>288.0</ele>
      </trkpt>
      <trkpt lat="48.3858597278595" lon="6.198917543515563">
        <ele>287.0</ele>
      </trkpt>
      <trkpt lat="48.38604203425348" lon="6.198939085006714">
        <ele>285.0</ele>
      </trkpt>
      <trkpt lat="48.386117136105895" lon="6.199057018384337">
        <ele>283.0</ele>
      </trkpt>
      <trkpt lat="48.38626742362976" lon="6.199486255645752">
        <ele>282.0</ele>
      </trkpt>
      <trkpt lat="48.386439168825746" lon="6.200129985809326">
        <ele>280.0</ele>
      </trkpt>
      <trkpt lat="48.386482084169984" lon="6.200269460678101">
        <ele>279.0</ele>
      </trkpt>
      <trkpt lat="48.38655701838434" lon="6.2005698680877686">
        <ele>278.0</ele>
      </trkpt>
      <trkpt lat="48.386632204055786" lon="6.200977563858032">
        <ele>277.0</ele>
      </trkpt>
      <trkpt lat="48.3867073059082" lon="6.201084852218628">
        <ele>276.0</ele>
      </trkpt>
      <trkpt lat="48.3870720025152" lon="6.201138496398926">
        <ele>275.0</ele>
      </trkpt>
      <trkpt lat="48.38720083236694" lon="6.201192140579224">
        <ele>274.0</ele>
      </trkpt>
      <trkpt lat="48.38773727416992" lon="6.2014817353338">
        <ele>273.0</ele>
      </trkpt>
      <trkpt lat="48.38798403739929" lon="6.201513921841979">
        <ele>273.0</ele>
      </trkpt>
      <trkpt lat="48.38831663131714" lon="6.2015031930059195">
        <ele>272.0</ele>
      </trkpt>
      <trkpt lat="48.38852039538324" lon="6.201395904645324">
        <ele>272.0</ele>
      </trkpt>
      <trkpt lat="48.38849893771112" lon="6.201192140579224">
        <ele>271.0</ele>
      </trkpt>
      <trkpt lat="48.38853120803833" lon="6.200816631317139">
        <ele>271.0</ele>
      </trkpt>
      <trkpt lat="48.38858493603766" lon="6.200580513104796">
        <ele>271.0</ele>
      </trkpt>
      <trkpt lat="48.388595497235656" lon="6.200559055432677">
        <ele>271.0</ele>
      </trkpt>
      <trkpt lat="48.38949671946466" lon="6.199808120727539">
        <ele>271.0</ele>
      </trkpt>
      <trkpt lat="48.38980793952942" lon="6.199486255645752">
        <ele>271.0</ele>
      </trkpt>
      <trkpt lat="48.390172719955444" lon="6.19902491569519">
        <ele>271.0</ele>
      </trkpt>
      <trkpt lat="48.39024790562689" lon="6.198960542678833">
        <ele>271.0</ele>
      </trkpt>
      <trkpt lat="48.39091292582452" lon="6.198413372039795">
        <ele>272.0</ele>
      </trkpt>
      <trkpt lat="48.390913009643555" lon="6.198413372039795">
        <ele>272.0</ele>
      </trkpt>
      <trkpt lat="48.39095592498779" lon="6.1983811017125845">
        <ele>273.0</ele>
      </trkpt>
      <trkpt lat="48.391149044036865" lon="6.198327457532287">
        <ele>275.0</ele>
      </trkpt>
      <trkpt lat="48.391664028167725" lon="6.19824162684381">
        <ele>276.0</ele>
      </trkpt>
      <trkpt lat="48.39182496070862" lon="6.1981557961553335">
        <ele>277.0</ele>
      </trkpt>
      <trkpt lat="48.3920609112829" lon="6.197973405942321">
        <ele>278.0</ele>
      </trkpt>
      <trkpt lat="48.39223265647888" lon="6.197801744565368">
        <ele>279.0</ele>
      </trkpt>
      <trkpt lat="48.3927047252655" lon="6.197190284729004">
        <ele>281.0</ele>
      </trkpt>
      <trkpt lat="48.39320889674127" lon="6.196331894025207">
        <ele>282.0</ele>
      </trkpt>
      <trkpt lat="48.39331618510187" lon="6.196063673123717">
        <ele>283.0</ele>
      </trkpt>
      <trkpt lat="48.39342347346246" lon="6.195870554074645">
        <ele>284.0</ele>
      </trkpt>
      <trkpt lat="48.39347711764276" lon="6.195849096402526">
        <ele>285.0</ele>
      </trkpt>
      <trkpt lat="48.39352011680603" lon="6.195849096402526">
        <ele>286.0</ele>
      </trkpt>
      <trkpt lat="48.39386343955994" lon="6.1960851307958364">
        <ele>287.0</ele>
      </trkpt>
      <trkpt lat="48.39401355944574" lon="6.1958277225494385">
        <ele>288.0</ele>
      </trkpt>
      <trkpt lat="48.39447498321533" lon="6.195344924926758">
        <ele>289.0</ele>
      </trkpt>
      <trkpt lat="48.39505425654352" lon="6.194937229156494">
        <ele>290.0</ele>
      </trkpt>
      <trkpt lat="48.395644426345825" lon="6.194658279418945">
        <ele>290.0</ele>
      </trkpt>
      <trkpt lat="48.39658856391907" lon="6.1939287185668945">
        <ele>290.0</ele>
      </trkpt>
      <trkpt lat="48.39678176678717" lon="6.193821430206299">
        <ele>291.0</ele>
      </trkpt>
      <trkpt lat="48.39678168296814" lon="6.193821430206299">
        <ele>290.0</ele>
      </trkpt>
      <trkpt lat="48.39752197265625" lon="6.193424379453063">
        <ele>290.0</ele>
      </trkpt>
      <trkpt lat="48.39820853434503" lon="6.192941665649414">
        <ele>290.0</ele>
      </trkpt>
      <trkpt lat="48.398616230115294" lon="6.192630445584655">
        <ele>289.0</ele>
      </trkpt>
      <trkpt lat="48.39922785758972" lon="6.192094003781676">
        <ele>288.0</ele>
      </trkpt>
      <trkpt lat="48.400086080655456" lon="6.191568290814757">
        <ele>287.0</ele>
      </trkpt>
      <trkpt lat="48.40029001235962" lon="6.191332256421447">
        <ele>286.0</ele>
      </trkpt>
      <trkpt lat="48.40035446919501" lon="6.191235780715942">
        <ele>285.0</ele>
      </trkpt>
      <trkpt lat="48.40035438537598" lon="6.191235780715942">
        <ele>284.0</ele>
      </trkpt>
      <trkpt lat="48.40081572532654" lon="6.1905919667333364">
        <ele>283.0</ele>
      </trkpt>
      <trkpt lat="48.40096584521234" lon="6.19054913520813">
        <ele>281.0</ele>
      </trkpt>
      <trkpt lat="48.40120187960565" lon="6.1905919667333364">
        <ele>280.0</ele>
      </trkpt>
      <trkpt lat="48.40188852511346" lon="6.190785085782409">
        <ele>278.0</ele>
      </trkpt>
      <trkpt lat="48.402328407391906" lon="6.190785085782409">
        <ele>276.0</ele>
      </trkpt>
      <trkpt lat="48.40306886471808" lon="6.190667068585753">
        <ele>275.0</ele>
      </trkpt>
      <trkpt lat="48.403111696243286" lon="6.190667068585753">
        <ele>273.0</ele>
      </trkpt>
      <trkpt lat="48.40331554412842" lon="6.190731441602111">
        <ele>271.0</ele>
      </trkpt>
      <trkpt lat="48.40380907058716" lon="6.191128492355347">
        <ele>269.0</ele>
      </trkpt>
      <trkpt lat="48.40428105555475" lon="6.191546833142638">
        <ele>268.0</ele>
      </trkpt>
      <trkpt lat="48.40448498725891" lon="6.191149950027466">
        <ele>266.0</ele>
      </trkpt>
      <trkpt lat="48.404603004455566" lon="6.191031849011779">
        <ele>265.0</ele>
      </trkpt>
      <trkpt lat="48.40458154678345" lon="6.190699255093932">
        <ele>264.0</ele>
      </trkpt>
      <trkpt lat="48.40456008911133" lon="6.190162897109985">
        <ele>262.0</ele>
      </trkpt>
      <trkpt lat="48.404581462964416" lon="6.189980506896973">
        <ele>261.0</ele>
      </trkpt>
      <trkpt lat="48.404624462127686" lon="6.189776575192809">
        <ele>260.0</ele>
      </trkpt>
      <trkpt lat="48.40472093783319" lon="6.18954062461853">
        <ele>259.0</ele>
      </trkpt>
      <trkpt lat="48.40480676852167" lon="6.189336692914367">
        <ele>257.0</ele>
      </trkpt>
      <trkpt lat="48.40502134524286" lon="6.188918352127075">
        <ele>256.0</ele>
      </trkpt>
      <trkpt lat="48.4052038192749" lon="6.188671588897705">
        <ele>255.0</ele>
      </trkpt>
      <trkpt lat="48.40545049868524" lon="6.188446199521422">
        <ele>254.0</ele>
      </trkpt>
      <trkpt lat="48.40559005737305" lon="6.188274538144469">
        <ele>254.0</ele>
      </trkpt>
      <trkpt lat="48.40571880340576" lon="6.188135063275695">
        <ele>253.0</ele>
      </trkpt>
      <trkpt lat="48.40648063458502" lon="6.187394857406616">
        <ele>251.0</ele>
      </trkpt>
      <trkpt lat="48.406641483306885" lon="6.187255382537842">
        <ele>251.0</ele>
      </trkpt>
      <trkpt lat="48.406813060864806" lon="6.18704080581665">
        <ele>250.0</ele>
      </trkpt>
      <trkpt lat="48.40698488987982" lon="6.186869144439697">
        <ele>249.0</ele>
      </trkpt>
      <trkpt lat="48.4070707205683" lon="6.186783229932189">
        <ele>248.0</ele>
      </trkpt>
      <trkpt lat="48.40707063674927" lon="6.186783229932189">
        <ele>248.0</ele>
      </trkpt>
      <trkpt lat="48.40775736607611" lon="6.186032295227051">
        <ele>247.0</ele>
      </trkpt>
      <trkpt lat="48.407875215634704" lon="6.185882007703185">
        <ele>247.0</ele>
      </trkpt>
      <trkpt lat="48.40822926722467" lon="6.185270547866821">
        <ele>246.0</ele>
      </trkpt>
      <trkpt lat="48.40858340263367" lon="6.18505597114563">
        <ele>246.0</ele>
      </trkpt>
      <trkpt lat="48.40891591273248" lon="6.184937953948975">
        <ele>245.0</ele>
      </trkpt>
      <trkpt lat="48.409098302945495" lon="6.184841310605407">
        <ele>245.0</ele>
      </trkpt>
      <trkpt lat="48.40920567512512" lon="6.184755563735962">
        <ele>245.0</ele>
      </trkpt>
      <trkpt lat="48.40958118438721" lon="6.1842405796051025">
        <ele>244.0</ele>
      </trkpt>
      <trkpt lat="48.40969911776483" lon="6.184111749753356">
        <ele>244.0</ele>
      </trkpt>
      <trkpt lat="48.409860050305724" lon="6.183972274884582">
        <ele>244.0</ele>
      </trkpt>
      <trkpt lat="48.410171354189515" lon="6.183789884671569">
        <ele>244.0</ele>
      </trkpt>
      <trkpt lat="48.41017118655145" lon="6.183789884671569">
        <ele>244.0</ele>
      </trkpt>
      <trkpt lat="48.41107249259949" lon="6.183339357376099">
        <ele>244.0</ele>
      </trkpt>
      <trkpt lat="48.41216683387756" lon="6.182845830917358">
        <ele>243.0</ele>
      </trkpt>
      <trkpt lat="48.412359952926636" lon="6.182706356048584">
        <ele>243.0</ele>
      </trkpt>
      <trkpt lat="48.41251007281244" lon="6.182459592819214">
        <ele>243.0</ele>
      </trkpt>
      <trkpt lat="48.41264954768121" lon="6.182105541229248">
        <ele>244.0</ele>
      </trkpt>
      <trkpt lat="48.41295003890991" lon="6.181504726409912">
        <ele>244.0</ele>
      </trkpt>
      <trkpt lat="48.413078701123595" lon="6.181300794705749">
        <ele>244.0</ele>
      </trkpt>
      <trkpt lat="48.41352939605713" lon="6.1807215213775635">
        <ele>244.0</ele>
      </trkpt>
      <trkpt lat="48.41370097361505" lon="6.180592691525817">
        <ele>244.0</ele>
      </trkpt>
      <trkpt lat="48.414108669385314" lon="6.180356657132506">
        <ele>245.0</ele>
      </trkpt>
      <trkpt lat="48.41487041674554" lon="6.179680824279785">
        <ele>245.0</ele>
      </trkpt>
      <trkpt lat="48.41526746749878" lon="6.179391145706177">
        <ele>245.0</ele>
      </trkpt>
      <trkpt lat="48.415846824645996" lon="6.17902628146112">
        <ele>246.0</ele>
      </trkpt>
      <trkpt lat="48.416748046875" lon="6.178532755002379">
        <ele>246.0</ele>
      </trkpt>
      <trkpt lat="48.4171986579895" lon="6.178253805264831">
        <ele>247.0</ele>
      </trkpt>
      <trkpt lat="48.4174560662359" lon="6.178039228543639">
        <ele>247.0</ele>
      </trkpt>
      <trkpt lat="48.417638540267944" lon="6.177846109494567">
        <ele>248.0</ele>
      </trkpt>
      <trkpt lat="48.41818571090698" lon="6.177341938018799">
        <ele>249.0</ele>
      </trkpt>
      <trkpt lat="48.418335830792785" lon="6.177223837003112">
        <ele>249.0</ele>
      </trkpt>
      <trkpt lat="48.418840169906616" lon="6.176901971921325">
        <ele>250.0</ele>
      </trkpt>
      <trkpt lat="48.41918340884149" lon="6.176590835675597">
        <ele>250.0</ele>
      </trkpt>
      <trkpt lat="48.42041730880737" lon="6.175389289855957">
        <ele>251.0</ele>
      </trkpt>
      <trkpt lat="48.42077136039734" lon="6.175088882446289">
        <ele>252.0</ele>
      </trkpt>
      <trkpt lat="48.42091083526611" lon="6.17501369677484">
        <ele>252.0</ele>
      </trkpt>
      <trkpt lat="48.421060955151916" lon="6.174992239102721">
        <ele>253.0</ele>
      </trkpt>
      <trkpt lat="48.42125407420099" lon="6.175088882446289">
        <ele>253.0</ele>
      </trkpt>
      <trkpt lat="48.421586751937866" lon="6.175357103347778">
        <ele>254.0</ele>
      </trkpt>
      <trkpt lat="48.422058736905456" lon="6.175689697265625">
        <ele>254.0</ele>
      </trkpt>
      <trkpt lat="48.42277756892145" lon="6.176086664199829">
        <ele>255.0</ele>
      </trkpt>
      <trkpt lat="48.42295995913446" lon="6.1761510372161865">
        <ele>255.0</ele>
      </trkpt>
      <trkpt lat="48.423346197232604" lon="6.176215326413512">
        <ele>256.0</ele>
      </trkpt>
      <trkpt lat="48.424826860427856" lon="6.17631196975708">
        <ele>256.0</ele>
      </trkpt>
      <trkpt lat="48.42522374354303" lon="6.17631196975708">
        <ele>256.0</ele>
      </trkpt>
      <trkpt lat="48.42536338604987" lon="6.176290428265929">
        <ele>256.0</ele>
      </trkpt>
      <trkpt lat="48.42572808265686" lon="6.176193868741393">
        <ele>256.0</ele>
      </trkpt>
      <trkpt lat="48.42623225413263" lon="6.176033020019531">
        <ele>255.0</ele>
      </trkpt>
      <trkpt lat="48.426629304885864" lon="6.175968563184142">
        <ele>255.0</ele>
      </trkpt>
      <trkpt lat="48.427112102508545" lon="6.176033020019531">
        <ele>254.0</ele>
      </trkpt>
      <trkpt lat="48.427873849868774" lon="6.176215326413512">
        <ele>253.0</ele>
      </trkpt>
      <trkpt lat="48.42877507209778" lon="6.1764514446258545">
        <ele>252.0</ele>
      </trkpt>
      <trkpt lat="48.4289466496557" lon="6.176494276151061">
        <ele>251.0</ele>
      </trkpt>
      <trkpt lat="48.42904329299927" lon="6.176547920331359">
        <ele>250.0</ele>
      </trkpt>
      <trkpt lat="48.42916131019592" lon="6.176547920331359">
        <ele>249.0</ele>
      </trkpt>
      <trkpt lat="48.42951536178589" lon="6.176462089642882">
        <ele>249.0</ele>
      </trkpt>
      <trkpt lat="48.42960110865533" lon="6.1764835473150015">
        <ele>248.0</ele>
      </trkpt>
      <trkpt lat="48.429676378145814" lon="6.176612377166748">
        <ele>248.0</ele>
      </trkpt>
      <trkpt lat="48.42970839701593" lon="6.1765265464782715">
        <ele>248.0</ele>
      </trkpt>
      <trkpt lat="48.4297513961792" lon="6.176494276151061">
        <ele>248.0</ele>
      </trkpt>
      <trkpt lat="48.43053460121155" lon="6.1761831399053335">
        <ele>248.0</ele>
      </trkpt>
      <trkpt lat="48.430577516555786" lon="6.1761510372161865">
        <ele>248.0</ele>
      </trkpt>
      <trkpt lat="48.43062034808099" lon="6.176129495725036">
        <ele>249.0</ele>
      </trkpt>
      <trkpt lat="48.4309100266546" lon="6.175957918167114">
        <ele>249.0</ele>
      </trkpt>
      <trkpt lat="48.431071043014526" lon="6.175807630643249">
        <ele>250.0</ele>
      </trkpt>
      <trkpt lat="48.431135499849916" lon="6.175743341445923">
        <ele>251.0</ele>
      </trkpt>
      <trkpt lat="48.43217611312866" lon="6.174241304397583">
        <ele>253.0</ele>
      </trkpt>
      <trkpt lat="48.432176196947694" lon="6.174241304397583">
        <ele>254.0</ele>
      </trkpt>
      <trkpt lat="48.43224048614502" lon="6.174166202545166">
        <ele>256.0</ele>
      </trkpt>
      <trkpt lat="48.43279846943915" lon="6.173200607299805">
        <ele>257.0</ele>
      </trkpt>
      <trkpt lat="48.43283065594733" lon="6.173146963119507">
        <ele>259.0</ele>
      </trkpt>
      <trkpt lat="48.43340992927551" lon="6.172149181365967">
        <ele>261.0</ele>
      </trkpt>
      <trkpt lat="48.43347430229187" lon="6.172234928235412">
        <ele>263.0</ele>
      </trkpt>
      <trkpt lat="48.43363515101373" lon="6.172395944595337">
        <ele>265.0</ele>
      </trkpt>
      <trkpt lat="48.43375325202942" lon="6.172492504119873">
        <ele>267.0</ele>
      </trkpt>
      <trkpt lat="48.43397855758667" lon="6.172567522153258">
        <ele>269.0</ele>
      </trkpt>
      <trkpt lat="48.434343254193664" lon="6.17253533564508">
        <ele>271.0</ele>
      </trkpt>
      <trkpt lat="48.43485823832452" lon="6.172395944595337">
        <ele>274.0</ele>
      </trkpt>
      <trkpt lat="48.43542686663568" lon="6.172202825546265">
        <ele>276.0</ele>
      </trkpt>
      <trkpt lat="48.43571662902832" lon="6.172159826382995">
        <ele>279.0</ele>
      </trkpt>
      <trkpt lat="48.43588829040527" lon="6.172181284055114">
        <ele>281.0</ele>
      </trkpt>
      <trkpt lat="48.43611351214349" lon="6.172277927398682">
        <ele>284.0</ele>
      </trkpt>
      <trkpt lat="48.436542665585876" lon="6.172492504119873">
        <ele>287.0</ele>
      </trkpt>
      <trkpt lat="48.4368109703064" lon="6.17257833480835">
        <ele>289.0</ele>
      </trkpt>
      <trkpt lat="48.43704700469971" lon="6.172599708661437">
        <ele>292.0</ele>
      </trkpt>
      <trkpt lat="48.437830125913024" lon="6.172610521316528">
        <ele>295.0</ele>
      </trkpt>
      <trkpt lat="48.43873143196106" lon="6.172674810513854">
        <ele>298.0</ele>
      </trkpt>
      <trkpt lat="48.43977212905884" lon="6.172771453857422">
        <ele>301.0</ele>
      </trkpt>
      <trkpt lat="48.440061723813415" lon="6.172749996185303">
        <ele>304.0</ele>
      </trkpt>
      <trkpt lat="48.44042658805847" lon="6.172653352841735">
        <ele>307.0</ele>
      </trkpt>
      <trkpt lat="48.44114533625543" lon="6.172438859939575">
        <ele>309.0</ele>
      </trkpt>
      <trkpt lat="48.44146728515625" lon="6.172320758923888">
        <ele>312.0</ele>
      </trkpt>
      <trkpt lat="48.44173558987677" lon="6.172181284055114">
        <ele>314.0</ele>
      </trkpt>
      <trkpt lat="48.442368507385254" lon="6.171762943267822">
        <ele>317.0</ele>
      </trkpt>
      <trkpt lat="48.44272255897522" lon="6.171591198071837">
        <ele>319.0</ele>
      </trkpt>
      <trkpt lat="48.44304442405701" lon="6.171494722366333">
        <ele>321.0</ele>
      </trkpt>
      <trkpt lat="48.443269645795226" lon="6.171462535858154">
        <ele>323.0</ele>
      </trkpt>
      <trkpt lat="48.44352722167969" lon="6.171441078186035">
        <ele>325.0</ele>
      </trkpt>
      <trkpt lat="48.44438544474542" lon="6.171451723203063">
        <ele>326.0</ele>
      </trkpt>
      <trkpt lat="48.44497561454773" lon="6.171473180875182">
        <ele>328.0</ele>
      </trkpt>
      <trkpt lat="48.446541940793395" lon="6.171644842252135">
        <ele>329.0</ele>
      </trkpt>
      <trkpt lat="48.44687453471124" lon="6.171655654907227">
        <ele>330.0</ele>
      </trkpt>
      <trkpt lat="48.44720721244812" lon="6.171580469235778">
        <ele>331.0</ele>
      </trkpt>
      <trkpt lat="48.4482479095459" lon="6.171269416809082">
        <ele>331.0</ele>
      </trkpt>
      <trkpt lat="48.44870924949646" lon="6.171140670776367">
        <ele>331.0</ele>
      </trkpt>
      <trkpt lat="48.449063301086426" lon="6.1710654851049185">
        <ele>331.0</ele>
      </trkpt>
      <trkpt lat="48.44939581118524" lon="6.171044027432799">
        <ele>330.0</ele>
      </trkpt>
      <trkpt lat="48.44972840510309" lon="6.1710654851049185">
        <ele>329.0</ele>
      </trkpt>
      <trkpt lat="48.44988933764398" lon="6.1711084842681885">
        <ele>328.0</ele>
      </trkpt>
      <trkpt lat="48.45003962516785" lon="6.171183502301574">
        <ele>327.0</ele>
      </trkpt>
      <trkpt lat="48.45070472918451" lon="6.171591198071837">
        <ele>325.0</ele>
      </trkpt>
      <trkpt lat="48.451101779937744" lon="6.17177358828485">
        <ele>323.0</ele>
      </trkpt>
      <trkpt lat="48.45141283236444" lon="6.171870231628418">
        <ele>321.0</ele>
      </trkpt>
      <trkpt lat="48.4516704082489" lon="6.171880876645446">
        <ele>319.0</ele>
      </trkpt>
      <trkpt lat="48.45190635882318" lon="6.17181658744812">
        <ele>317.0</ele>
      </trkpt>
      <trkpt lat="48.45213174819946" lon="6.171719944104552">
        <ele>315.0</ele>
      </trkpt>
      <trkpt lat="48.45309725962579" lon="6.171258604153991">
        <ele>312.0</ele>
      </trkpt>
      <trkpt lat="48.45374115742743" lon="6.170893907546997">
        <ele>310.0</ele>
      </trkpt>
      <trkpt lat="48.454041481018066" lon="6.170711433514953">
        <ele>307.0</ele>
      </trkpt>
      <trkpt lat="48.45425605773926" lon="6.170604145154357">
        <ele>304.0</ele>
      </trkpt>
      <trkpt lat="48.45518955029547" lon="6.170303737744689">
        <ele>301.0</ele>
      </trkpt>
      <trkpt lat="48.45547906123102" lon="6.170228635892272">
        <ele>298.0</ele>
      </trkpt>
      <trkpt lat="48.45573663711548" lon="6.170250093564391">
        <ele>295.0</ele>
      </trkpt>
      <trkpt lat="48.456004941836" lon="6.17032527923584">
        <ele>292.0</ele>
      </trkpt>
      <trkpt lat="48.456305265426636" lon="6.1703895684331656">
        <ele>289.0</ele>
      </trkpt>
      <trkpt lat="48.45659486018121" lon="6.170368110761046">
        <ele>285.0</ele>
      </trkpt>
      <trkpt lat="48.457603454589844" lon="6.170024871826172">
        <ele>282.0</ele>
      </trkpt>
      <trkpt lat="48.45924496650696" lon="6.169735109433532">
        <ele>279.0</ele>
      </trkpt>
      <trkpt lat="48.45943808555603" lon="6.169670820236206">
        <ele>275.0</ele>
      </trkpt>
      <trkpt lat="48.46027493476868" lon="6.169295227155089">
        <ele>272.0</ele>
      </trkpt>
      <trkpt lat="48.4604359511286" lon="6.1692845821380615">
        <ele>269.0</ele>
      </trkpt>
      <trkpt lat="48.460553884506226" lon="6.169338226318359">
        <ele>266.0</ele>
      </trkpt>
      <trkpt lat="48.460800647735596" lon="6.169531345367432">
        <ele>263.0</ele>
      </trkpt>
      <trkpt lat="48.460993682965636" lon="6.169670820236206">
        <ele>257.0</ele>
      </trkpt>
      <trkpt lat="48.461068868637085" lon="6.169745922088623">
        <ele>255.0</ele>
      </trkpt>
      <trkpt lat="48.461562395095825" lon="6.1703895684331656">
        <ele>252.0</ele>
      </trkpt>
      <trkpt lat="48.46216320991516" lon="6.171752130612731">
        <ele>247.0</ele>
      </trkpt>
      <trkpt lat="48.46253880299628" lon="6.173093318939209">
        <ele>244.0</ele>
      </trkpt>
      <trkpt lat="48.4626030921936" lon="6.17327562533319">
        <ele>243.0</ele>
      </trkpt>
      <trkpt lat="48.46264600753784" lon="6.173382913693786">
        <ele>241.0</ele>
      </trkpt>
      <trkpt lat="48.462839126586914" lon="6.173715507611632">
        <ele>239.0</ele>
      </trkpt>
      <trkpt lat="48.46383682452142" lon="6.175078069791198">
        <ele>237.0</ele>
      </trkpt>
      <trkpt lat="48.46546760760248" lon="6.177298938855529">
        <ele>236.0</ele>
      </trkpt>
      <trkpt lat="48.465800285339355" lon="6.1780070420354605">
        <ele>235.0</ele>
      </trkpt>
      <trkpt lat="48.46587530337274" lon="6.178189516067505">
        <ele>234.0</ele>
      </trkpt>
      <trkpt lat="48.46619725227356" lon="6.178865432739258">
        <ele>233.0</ele>
      </trkpt>
      <trkpt lat="48.46626162528992" lon="6.178940450772643">
        <ele>233.0</ele>
      </trkpt>
      <trkpt lat="48.46640118397772" lon="6.17901555262506">
        <ele>233.0</ele>
      </trkpt>
      <trkpt lat="48.46646547317505" lon="6.179101383313537">
        <ele>232.0</ele>
      </trkpt>
      <trkpt lat="48.46662640571594" lon="6.179519891738892">
        <ele>232.0</ele>
      </trkpt>
      <trkpt lat="48.46665850840509" lon="6.179584264755249">
        <ele>233.0</ele>
      </trkpt>
      <trkpt lat="48.466840982437134" lon="6.1793803330510855">
        <ele>233.0</ele>
      </trkpt>
      <trkpt lat="48.46743115223944" lon="6.178489923477173">
        <ele>233.0</ele>
      </trkpt>
      <trkpt lat="48.467484628781676" lon="6.178414737805724">
        <ele>234.0</ele>
      </trkpt>
      <trkpt lat="48.46790313720703" lon="6.1779749393463135">
        <ele>235.0</ele>
      </trkpt>
      <trkpt lat="48.46832147799432" lon="6.177652990445495">
        <ele>236.0</ele>
      </trkpt>
      <trkpt lat="48.46836447715759" lon="6.1776315327733755">
        <ele>237.0</ele>
      </trkpt>
      <trkpt lat="48.46862188540399" lon="6.1776315327733755">
        <ele>238.0</ele>
      </trkpt>
      <trkpt lat="48.468858087435365" lon="6.17752424441278">
        <ele>240.0</ele>
      </trkpt>
      <trkpt lat="48.469126308336854" lon="6.17732048034668">
        <ele>241.0</ele>
      </trkpt>
      <trkpt lat="48.46955546177924" lon="6.17700926028192">
        <ele>243.0</ele>
      </trkpt>
      <trkpt lat="48.46963039599359" lon="6.17700926028192">
        <ele>245.0</ele>
      </trkpt>
      <trkpt lat="48.46971622668207" lon="6.177041530609131">
        <ele>247.0</ele>
      </trkpt>
      <trkpt lat="48.47015627659857" lon="6.177545702084899">
        <ele>249.0</ele>
      </trkpt>
      <trkpt lat="48.47024202346802" lon="6.1776315327733755">
        <ele>252.0</ele>
      </trkpt>
      <trkpt lat="48.47087502479553" lon="6.178135871887207">
        <ele>254.0</ele>
      </trkpt>
      <trkpt lat="48.471626127138734" lon="6.178393280133605">
        <ele>257.0</ele>
      </trkpt>
      <trkpt lat="48.47180834971368" lon="6.178457736968994">
        <ele>260.0</ele>
      </trkpt>
      <trkpt lat="48.47190507687628" lon="6.178468465805054">
        <ele>263.0</ele>
      </trkpt>
      <trkpt lat="48.47196936607361" lon="6.178446924313903">
        <ele>266.0</ele>
      </trkpt>
      <trkpt lat="48.47201228141785" lon="6.178446924313903">
        <ele>269.0</ele>
      </trkpt>
      <trkpt lat="48.47338548861444" lon="6.17781400680542">
        <ele>272.0</ele>
      </trkpt>
      <trkpt lat="48.47351431846619" lon="6.177728176116943">
        <ele>275.0</ele>
      </trkpt>
      <trkpt lat="48.47372889518738" lon="6.177513599395752">
        <ele>278.0</ele>
      </trkpt>
      <trkpt lat="48.47416877746582" lon="6.176912784576416">
        <ele>281.0</ele>
      </trkpt>
      <trkpt lat="48.47440481185913" lon="6.1767088528722525">
        <ele>284.0</ele>
      </trkpt>
      <trkpt lat="48.47593903541565" lon="6.175786172971129">
        <ele>287.0</ele>
      </trkpt>
      <trkpt lat="48.47632518969476" lon="6.175625324249268">
        <ele>289.0</ele>
      </trkpt>
      <trkpt lat="48.47659349441528" lon="6.175700342282653">
        <ele>291.0</ele>
      </trkpt>
      <trkpt lat="48.47675442695618" lon="6.175947105512023">
        <ele>293.0</ele>
      </trkpt>
      <trkpt lat="48.4772264957428" lon="6.176816141232848">
        <ele>294.0</ele>
      </trkpt>
      <trkpt lat="48.47747325897217" lon="6.1772560235112906">
        <ele>295.0</ele>
      </trkpt>
      <trkpt lat="48.4776771068573" lon="6.1776315327733755">
        <ele>295.0</ele>
      </trkpt>
      <trkpt lat="48.47819217480719" lon="6.178672229871154">
        <ele>296.0</ele>
      </trkpt>
      <trkpt lat="48.47843893803656" lon="6.179208671674132">
        <ele>296.0</ele>
      </trkpt>
      <trkpt lat="48.4788357373327" lon="6.1801207065582275">
        <ele>295.0</ele>
      </trkpt>
      <trkpt lat="48.47883582115173" lon="6.1801207065582275">
        <ele>295.0</ele>
      </trkpt>
      <trkpt lat="48.48136774264276" lon="6.185925006866455">
        <ele>293.0</ele>
      </trkpt>
      <trkpt lat="48.48185054026544" lon="6.186536466702819">
        <ele>292.0</ele>
      </trkpt>
      <trkpt lat="48.48217248916626" lon="6.186772584915161">
        <ele>290.0</ele>
      </trkpt>
      <trkpt lat="48.48639965057373" lon="6.187469959259033">
        <ele>289.0</ele>
      </trkpt>
      <trkpt lat="48.486506855115294" lon="6.187491333112121">
        <ele>287.0</ele>
      </trkpt>
      <trkpt lat="48.486506938934326" lon="6.187491333112121">
        <ele>285.0</ele>
      </trkpt>
      <trkpt lat="48.48858833312988" lon="6.187834739685059">
        <ele>284.0</ele>
      </trkpt>
      <trkpt lat="48.48891011439264" lon="6.187909841537476">
        <ele>281.0</ele>
      </trkpt>
      <trkpt lat="48.491495847702026" lon="6.188682233914733">
        <ele>279.0</ele>
      </trkpt>
      <trkpt lat="48.495519161224365" lon="6.189873218536377">
        <ele>275.0</ele>
      </trkpt>
      <trkpt lat="48.49681735038757" lon="6.190270101651549">
        <ele>272.0</ele>
      </trkpt>
      <trkpt lat="48.496999656781554" lon="6.190366744995117">
        <ele>269.0</ele>
      </trkpt>
      <trkpt lat="48.49699982441962" lon="6.190366744995117">
        <ele>266.0</ele>
      </trkpt>
      <trkpt lat="48.497246503829956" lon="6.190688610076904">
        <ele>264.0</ele>
      </trkpt>
      <trkpt lat="48.499510288238525" lon="6.193982362747192">
        <ele>260.0</ele>
      </trkpt>
      <trkpt lat="48.49967122077942" lon="6.194175481796265">
        <ele>257.0</ele>
      </trkpt>
      <trkpt lat="48.49993935786188" lon="6.194400703534484">
        <ele>254.0</ele>
      </trkpt>
      <trkpt lat="48.50016474723816" lon="6.19455099105835">
        <ele>252.0</ele>
      </trkpt>
      <trkpt lat="48.50033640861511" lon="6.194615280255675">
        <ele>249.0</ele>
      </trkpt>
      <trkpt lat="48.50054017268121" lon="6.194647466763854">
        <ele>246.0</ele>
      </trkpt>
      <trkpt lat="48.5006046295166" lon="6.194636821746826">
        <ele>244.0</ele>
      </trkpt>
      <trkpt lat="48.50077620707452" lon="6.1945295333862305">
        <ele>242.0</ele>
      </trkpt>
      <trkpt lat="48.50085139274597" lon="6.194443702697754">
        <ele>240.0</ele>
      </trkpt>
      <trkpt lat="48.5009156819433" lon="6.194293415173888">
        <ele>238.0</ele>
      </trkpt>
      <trkpt lat="48.500969326123595" lon="6.194111108779907">
        <ele>236.0</ele>
      </trkpt>
      <trkpt lat="48.50109815597534" lon="6.193445837125182">
        <ele>234.0</ele>
      </trkpt>
      <trkpt lat="48.50115180015564" lon="6.19329571723938">
        <ele>233.0</ele>
      </trkpt>
      <trkpt lat="48.50122690200806" lon="6.193177616223693">
        <ele>232.0</ele>
      </trkpt>
      <trkpt lat="48.50139856338501" lon="6.193048870190978">
        <ele>231.0</ele>
      </trkpt>
      <trkpt lat="48.501484310254455" lon="6.193048870190978">
        <ele>230.0</ele>
      </trkpt>
      <trkpt lat="48.501484394073486" lon="6.193048870190978">
        <ele>229.0</ele>
      </trkpt>
      <trkpt lat="48.50157014094293" lon="6.193070327863097">
        <ele>229.0</ele>
      </trkpt>
      <trkpt lat="48.50162386894226" lon="6.193113327026367">
        <ele>229.0</ele>
      </trkpt>
      <trkpt lat="48.5016667842865" lon="6.193156158551574">
        <ele>229.0</ele>
      </trkpt>
      <trkpt lat="48.503297567367554" lon="6.194840585812926">
        <ele>229.0</ele>
      </trkpt>
      <trkpt lat="48.50353351794183" lon="6.195012331008911">
        <ele>229.0</ele>
      </trkpt>
      <trkpt lat="48.50359805859625" lon="6.195033704861999">
        <ele>230.0</ele>
      </trkpt>
      <trkpt lat="48.50370526313782" lon="6.195033704861999">
        <ele>231.0</ele>
      </trkpt>
      <trkpt lat="48.503791177645326" lon="6.194990873336792">
        <ele>232.0</ele>
      </trkpt>
      <trkpt lat="48.504552925005555" lon="6.194647466763854">
        <ele>233.0</ele>
      </trkpt>
      <trkpt lat="48.50455284118652" lon="6.194647466763854">
        <ele>235.0</ele>
      </trkpt>
      <trkpt lat="48.5046923160553" lon="6.194583177566528">
        <ele>236.0</ele>
      </trkpt>
      <trkpt lat="48.50807189941406" lon="6.193606853485107">
        <ele>238.0</ele>
      </trkpt>
      <trkpt lat="48.50908041000366" lon="6.193317091092467">
        <ele>240.0</ele>
      </trkpt>
      <trkpt lat="48.509552562609315" lon="6.193177616223693">
        <ele>243.0</ele>
      </trkpt>
      <trkpt lat="48.51004600524902" lon="6.1930381413549185">
        <ele>245.0</ele>
      </trkpt>
      <trkpt lat="48.51045370101929" lon="6.192995309829712">
        <ele>248.0</ele>
      </trkpt>
      <trkpt lat="48.51067900657654" lon="6.193070327863097">
        <ele>250.0</ele>
      </trkpt>
      <trkpt lat="48.51117253303528" lon="6.193478023633361">
        <ele>253.0</ele>
      </trkpt>
      <trkpt lat="48.51212731562555" lon="6.194497346878052">
        <ele>256.0</ele>
      </trkpt>
      <trkpt lat="48.512470722198486" lon="6.194722652435303">
        <ele>259.0</ele>
      </trkpt>
      <trkpt lat="48.51259938441217" lon="6.194722652435303">
        <ele>262.0</ele>
      </trkpt>
      <trkpt lat="48.51266392506659" lon="6.194647466763854">
        <ele>265.0</ele>
      </trkpt>
      <trkpt lat="48.51279250346124" lon="6.19450799189508">
        <ele>267.0</ele>
      </trkpt>
      <trkpt lat="48.51283541880548" lon="6.1943042278289795">
        <ele>270.0</ele>
      </trkpt>
      <trkpt lat="48.51288906298578" lon="6.193724786862731">
        <ele>273.0</ele>
      </trkpt>
      <trkpt lat="48.51366153918207" lon="6.192061817273498">
        <ele>276.0</ele>
      </trkpt>
      <trkpt lat="48.51390830241144" lon="6.191847240552306">
        <ele>278.0</ele>
      </trkpt>
      <trkpt lat="48.51888656616211" lon="6.190270101651549">
        <ele>282.0</ele>
      </trkpt>
      <trkpt lat="48.51888648234308" lon="6.190270101651549">
        <ele>284.0</ele>
      </trkpt>
      <trkpt lat="48.520978605374694" lon="6.189594268798828">
        <ele>286.0</ele>
      </trkpt>
      <trkpt lat="48.52308145724237" lon="6.188864707946777">
        <ele>288.0</ele>
      </trkpt>
      <trkpt lat="48.52723368443549" lon="6.187373315915465">
        <ele>290.0</ele>
      </trkpt>
      <trkpt lat="48.52883228100836" lon="6.18679404258728">
        <ele>292.0</ele>
      </trkpt>
      <trkpt lat="48.529025400057435" lon="6.186729585751891">
        <ele>294.0</ele>
      </trkpt>
      <trkpt lat="48.53141793049872" lon="6.185871362686157">
        <ele>296.0</ele>
      </trkpt>
      <trkpt lat="48.53143930435181" lon="6.185860550031066">
        <ele>298.0</ele>
      </trkpt>
      <trkpt lat="48.53562355041504" lon="6.184369325637817">
        <ele>300.0</ele>
      </trkpt>
      <trkpt lat="48.53577375411987" lon="6.184283494949341">
        <ele>302.0</ele>
      </trkpt>
      <trkpt lat="48.53594549931586" lon="6.184090292081237">
        <ele>304.0</ele>
      </trkpt>
      <trkpt lat="48.53604189120233" lon="6.183907985687256">
        <ele>305.0</ele>
      </trkpt>
      <trkpt lat="48.53615999221802" lon="6.1837685108184814">
        <ele>307.0</ele>
      </trkpt>
      <trkpt lat="48.53658922947943" lon="6.1831676959991455">
        <ele>308.0</ele>
      </trkpt>
      <trkpt lat="48.53676080703735" lon="6.183071052655578">
        <ele>310.0</ele>
      </trkpt>
      <trkpt lat="48.53686817921698" lon="6.18306040763855">
        <ele>311.0</ele>
      </trkpt>
      <trkpt lat="48.53716858662665" lon="6.183210527524352">
        <ele>313.0</ele>
      </trkpt>
      <trkpt lat="48.53803753852844" lon="6.183629035949707">
        <ele>314.0</ele>
      </trkpt>
      <trkpt lat="48.538037622347474" lon="6.183629035949707">
        <ele>316.0</ele>
      </trkpt>
      <trkpt lat="48.538648998364806" lon="6.183929443359375">
        <ele>317.0</ele>
      </trkpt>
      <trkpt lat="48.53901386260986" lon="6.184058105573058">
        <ele>319.0</ele>
      </trkpt>
      <trkpt lat="48.53951803408563" lon="6.184143936261535">
        <ele>321.0</ele>
      </trkpt>
      <trkpt lat="48.54259729385376" lon="6.18456244468689">
        <ele>323.0</ele>
      </trkpt>
      <trkpt lat="48.543208837509155" lon="6.184658920392394">
        <ele>325.0</ele>
      </trkpt>
      <trkpt lat="48.543659364804626" lon="6.184830665588379">
        <ele>327.0</ele>
      </trkpt>
      <trkpt lat="48.54411005973816" lon="6.185077428817749">
        <ele>328.0</ele>
      </trkpt>
      <trkpt lat="48.54488253593445" lon="6.185635244473815">
        <ele>330.0</ele>
      </trkpt>
      <trkpt lat="48.54609497822821" lon="6.186525821685791">
        <ele>333.0</ele>
      </trkpt>
      <trkpt lat="48.548691272735596" lon="6.188424825668335">
        <ele>335.0</ele>
      </trkpt>
      <trkpt lat="48.549978733062744" lon="6.189551269635558">
        <ele>338.0</ele>
      </trkpt>
      <trkpt lat="48.55077266693115" lon="6.190248727798462">
        <ele>339.0</ele>
      </trkpt>
      <trkpt lat="48.55138421058655" lon="6.190742254257202">
        <ele>341.0</ele>
      </trkpt>
      <trkpt lat="48.55164170265198" lon="6.190881729125977">
        <ele>342.0</ele>
      </trkpt>
      <trkpt lat="48.551963567733765" lon="6.1909996625036">
        <ele>343.0</ele>
      </trkpt>
      <trkpt lat="48.55234972201288" lon="6.191064119338989">
        <ele>343.0</ele>
      </trkpt>
      <trkpt lat="48.55276823043823" lon="6.191031849011779">
        <ele>344.0</ele>
      </trkpt>
      <trkpt lat="48.55295053683221" lon="6.191021120175719">
        <ele>344.0</ele>
      </trkpt>
      <trkpt lat="48.5532187577337" lon="6.190935373306274">
        <ele>344.0</ele>
      </trkpt>
      <trkpt lat="48.55359426699579" lon="6.190720796585083">
        <ele>344.0</ele>
      </trkpt>
      <trkpt lat="48.55376601219177" lon="6.1905919667333364">
        <ele>344.0</ele>
      </trkpt>
      <trkpt lat="48.5542272683233" lon="6.190119981765747">
        <ele>343.0</ele>
      </trkpt>
      <trkpt lat="48.5542809125036" lon="6.1901092529296875">
        <ele>342.0</ele>
      </trkpt>
      <trkpt lat="48.554731607437134" lon="6.189637100324035">
        <ele>341.0</ele>
      </trkpt>
      <trkpt lat="48.55505347251892" lon="6.189422523602843">
        <ele>338.0</ele>
      </trkpt>
      <trkpt lat="48.55512857437134" lon="6.189401149749756">
        <ele>336.0</ele>
      </trkpt>
      <trkpt lat="48.55545035563409" lon="6.18930459022522">
        <ele>333.0</ele>
      </trkpt>
      <trkpt lat="48.55608335696161" lon="6.189229404553771">
        <ele>331.0</ele>
      </trkpt>
      <trkpt lat="48.556405222043395" lon="6.1891114711761475">
        <ele>328.0</ele>
      </trkpt>
      <trkpt lat="48.557918071746826" lon="6.1882853507995605">
        <ele>324.0</ele>
      </trkpt>
      <trkpt lat="48.55813264846802" lon="6.188145792111754">
        <ele>321.0</ele>
      </trkpt>
      <trkpt lat="48.55857253074646" lon="6.188102960586548">
        <ele>317.0</ele>
      </trkpt>
      <trkpt lat="48.56005302630365" lon="6.1878453847020864">
        <ele>312.0</ele>
      </trkpt>
      <trkpt lat="48.56132984161377" lon="6.187330400571227">
        <ele>308.0</ele>
      </trkpt>
      <trkpt lat="48.56135129928589" lon="6.1873196717351675">
        <ele>303.0</ele>
      </trkpt>
      <trkpt lat="48.56160870753229" lon="6.187351858243346">
        <ele>294.0</ele>
      </trkpt>
      <trkpt lat="48.56244555674493" lon="6.1875449772924185">
        <ele>289.0</ele>
      </trkpt>
      <trkpt lat="48.5627996083349" lon="6.187598621472716">
        <ele>283.0</ele>
      </trkpt>
      <trkpt lat="48.563164472579956" lon="6.187598621472716">
        <ele>278.0</ele>
      </trkpt>
      <trkpt lat="48.56380820274353" lon="6.187566434964538">
        <ele>273.0</ele>
      </trkpt>
      <trkpt lat="48.564408933743834" lon="6.187491333112121">
        <ele>268.0</ele>
      </trkpt>
      <trkpt lat="48.56479517184198" lon="6.187330400571227">
        <ele>264.0</ele>
      </trkpt>
      <trkpt lat="48.56509557925165" lon="6.187148094177246">
        <ele>259.0</ele>
      </trkpt>
      <trkpt lat="48.56590032577515" lon="6.186429178342223">
        <ele>255.0</ele>
      </trkpt>
      <trkpt lat="48.56605052947998" lon="6.18625751696527">
        <ele>251.0</ele>
      </trkpt>
      <trkpt lat="48.566168546676636" lon="6.186107397079468">
        <ele>247.0</ele>
      </trkpt>
      <trkpt lat="48.56684446334839" lon="6.185002326965332">
        <ele>244.0</ele>
      </trkpt>
      <trkpt lat="48.566919481381774" lon="6.184937953948975">
        <ele>240.0</ele>
      </trkpt>
      <trkpt lat="48.56701612472534" lon="6.184905683621764">
        <ele>238.0</ele>
      </trkpt>
      <trkpt lat="48.56712341308594" lon="6.184948682785034">
        <ele>235.0</ele>
      </trkpt>
      <trkpt lat="48.567177057266235" lon="6.1849915981292725">
        <ele>233.0</ele>
      </trkpt>
      <trkpt lat="48.56717714108527" lon="6.1849915981292725">
        <ele>231.0</ele>
      </trkpt>
      <trkpt lat="48.56726280413568" lon="6.185152446851134">
        <ele>229.0</ele>
      </trkpt>
      <trkpt lat="48.567649042233825" lon="6.186118125915527">
        <ele>227.0</ele>
      </trkpt>
      <trkpt lat="48.56838949956" lon="6.187866842374206">
        <ele>226.0</ele>
      </trkpt>
      <trkpt lat="48.568410789594054" lon="6.188081419095397">
        <ele>225.0</ele>
      </trkpt>
      <trkpt lat="48.56849662028253" lon="6.188113605603576">
        <ele>224.0</ele>
      </trkpt>
      <trkpt lat="48.568657636642456" lon="6.188263893127441">
        <ele>224.0</ele>
      </trkpt>
      <trkpt lat="48.568657552823424" lon="6.188263893127441">
        <ele>223.0</ele>
      </trkpt>
      <trkpt lat="48.568700551986694" lon="6.18829607963562">
        <ele>223.0</ele>
      </trkpt>
      <trkpt lat="48.56878638267517" lon="6.188306724652648">
        <ele>223.0</ele>
      </trkpt>
      <trkpt lat="48.56910824775696" lon="6.188027774915099">
        <ele>223.0</ele>
      </trkpt>
      <trkpt lat="48.57015975750983" lon="6.187491333112121">
        <ele>223.0</ele>
      </trkpt>
      <trkpt lat="48.57033141888678" lon="6.187405502423644">
        <ele>223.0</ele>
      </trkpt>
      <trkpt lat="48.57033133506775" lon="6.187405502423644">
        <ele>223.0</ele>
      </trkpt>
      <trkpt lat="48.57261666096747" lon="6.18625751696527">
        <ele>224.0</ele>
      </trkpt>
      <trkpt lat="48.5735285282135" lon="6.185785531997681">
        <ele>224.0</ele>
      </trkpt>
      <trkpt lat="48.57451549731195" lon="6.185281192883849">
        <ele>224.0</ele>
      </trkpt>
      <trkpt lat="48.57459059916437" lon="6.185216903686523">
        <ele>225.0</ele>
      </trkpt>
      <trkpt lat="48.57471942901611" lon="6.18504524230957">
        <ele>225.0</ele>
      </trkpt>
      <trkpt lat="48.574912548065186" lon="6.1846911907196045">
        <ele>225.0</ele>
      </trkpt>
      <trkpt lat="48.57517012394965" lon="6.184133207425475">
        <ele>226.0</ele>
      </trkpt>
      <trkpt lat="48.575406074523926" lon="6.183500289916992">
        <ele>226.0</ele>
      </trkpt>
      <trkpt lat="48.5755455493927" lon="6.183028137311339">
        <ele>227.0</ele>
      </trkpt>
      <trkpt lat="48.57562065124512" lon="6.182695543393493">
        <ele>227.0</ele>
      </trkpt>
      <trkpt lat="48.575631296262145" lon="6.182631254196167">
        <ele>227.0</ele>
      </trkpt>
      <trkpt lat="48.57576004229486" lon="6.18200889788568">
        <ele>228.0</ele>
      </trkpt>
      <trkpt lat="48.57613563537598" lon="6.180474758148193">
        <ele>228.0</ele>
      </trkpt>
      <trkpt lat="48.57638239860535" lon="6.1800456047058105">
        <ele>228.0</ele>
      </trkpt>
      <trkpt lat="48.57653251849115" lon="6.179916774854064">
        <ele>229.0</ele>
      </trkpt>
      <trkpt lat="48.57673645019531" lon="6.17982029914856">
        <ele>229.0</ele>
      </trkpt>
      <trkpt lat="48.57683300971985" lon="6.17979884147644">
        <ele>229.0</ele>
      </trkpt>
      <trkpt lat="48.57697248458862" lon="6.179788028821349">
        <ele>229.0</ele>
      </trkpt>
      <trkpt lat="48.577197790145874" lon="6.179788028821349">
        <ele>229.0</ele>
      </trkpt>
      <trkpt lat="48.57735872268677" lon="6.179830944165587">
        <ele>230.0</ele>
      </trkpt>
      <trkpt lat="48.57874274253845" lon="6.180324470624328">
        <ele>229.0</ele>
      </trkpt>
      <trkpt lat="48.57885003089905" lon="6.179616367444396">
        <ele>229.0</ele>
      </trkpt>
      <trkpt lat="48.578903675079346" lon="6.179369604215026">
        <ele>229.0</ele>
      </trkpt>
      <trkpt lat="48.57897869311273" lon="6.1791980266571045">
        <ele>230.0</ele>
      </trkpt>
      <trkpt lat="48.57898950576782" lon="6.1790799256414175">
        <ele>229.0</ele>
      </trkpt>
      <trkpt lat="48.578957319259644" lon="6.179047739133239">
        <ele>229.0</ele>
      </trkpt>
      <trkpt lat="48.5792254563421" lon="6.178586399182677">
        <ele>229.0</ele>
      </trkpt>
      <trkpt lat="48.57983708381653" lon="6.177427768707275">
        <ele>229.0</ele>
      </trkpt>
      <trkpt lat="48.58033061027527" lon="6.1767839547246695">
        <ele>229.0</ele>
      </trkpt>
      <trkpt lat="48.580909883603454" lon="6.176086664199829">
        <ele>229.0</ele>
      </trkpt>
      <trkpt lat="48.581103002652526" lon="6.175807630643249">
        <ele>229.0</ele>
      </trkpt>
      <trkpt lat="48.58132839202881" lon="6.175582408905029">
        <ele>228.0</ele>
      </trkpt>
      <trkpt lat="48.58173608779907" lon="6.175088882446289">
        <ele>228.0</ele>
      </trkpt>
      <trkpt lat="48.581736171618104" lon="6.175088882446289">
        <ele>228.0</ele>
      </trkpt>
      <trkpt lat="48.58251920901239" lon="6.174219846725464">
        <ele>228.0</ele>
      </trkpt>
      <trkpt lat="48.5845685005188" lon="6.171752130612731">
        <ele>227.0</ele>
      </trkpt>
      <trkpt lat="48.58509421348572" lon="6.171183502301574">
        <ele>227.0</ele>
      </trkpt>
      <trkpt lat="48.5855770111084" lon="6.17057204246521">
        <ele>227.0</ele>
      </trkpt>
      <trkpt lat="48.58695021830499" lon="6.169059192761779">
        <ele>227.0</ele>
      </trkpt>
      <trkpt lat="48.58706823550165" lon="6.168909072875977">
        <ele>226.0</ele>
      </trkpt>
      <trkpt lat="48.587186336517334" lon="6.168651496991515">
        <ele>226.0</ele>
      </trkpt>
      <trkpt lat="48.58729362487793" lon="6.168544292449951">
        <ele>226.0</ele>
      </trkpt>
      <trkpt lat="48.58729370869696" lon="6.168544292449951">
        <ele>226.0</ele>
      </trkpt>
      <trkpt lat="48.587379455566406" lon="6.168447732925415">
        <ele>226.0</ele>
      </trkpt>
      <trkpt lat="48.58746520243585" lon="6.168308258056641">
        <ele>226.0</ele>
      </trkpt>
      <trkpt lat="48.58755103312433" lon="6.168125784024596">
        <ele>226.0</ele>
      </trkpt>
      <trkpt lat="48.58777650631964" lon="6.167750274762511">
        <ele>225.0</ele>
      </trkpt>
      <trkpt lat="48.58817330561578" lon="6.167117273434997">
        <ele>225.0</ele>
      </trkpt>
      <trkpt lat="48.588409423828125" lon="6.1669135093688965">
        <ele>225.0</ele>
      </trkpt>
      <trkpt lat="48.588688373565674" lon="6.166763221845031">
        <ele>225.0</ele>
      </trkpt>
      <trkpt lat="48.58874201774597" lon="6.166688119992614">
        <ele>225.0</ele>
      </trkpt>
      <trkpt lat="48.58911752700806" lon="6.166001474484801">
        <ele>225.0</ele>
      </trkpt>
      <trkpt lat="48.589374935254455" lon="6.165604591369629">
        <ele>225.0</ele>
      </trkpt>
      <trkpt lat="48.59101644717157" lon="6.163415824994445">
        <ele>225.0</ele>
      </trkpt>
      <trkpt lat="48.59244346618652" lon="6.161817228421569">
        <ele>225.0</ele>
      </trkpt>
      <trkpt lat="48.59497547149658" lon="6.158856153488159">
        <ele>225.0</ele>
      </trkpt>
      <trkpt lat="48.59618774615228" lon="6.157514965161681">
        <ele>225.0</ele>
      </trkpt>
      <trkpt lat="48.59657406806946" lon="6.157203828915954">
        <ele>225.0</ele>
      </trkpt>
      <trkpt lat="48.597121238708496" lon="6.156785488128662">
        <ele>225.0</ele>
      </trkpt>
      <trkpt lat="48.5972713585943" lon="6.156635200604796">
        <ele>225.0</ele>
      </trkpt>
      <trkpt lat="48.59727144241333" lon="6.156635200604796">
        <ele>225.0</ele>
      </trkpt>
      <trkpt lat="48.597357189282775" lon="6.156603097915649">
        <ele>225.0</ele>
      </trkpt>
      <trkpt lat="48.59848380088806" lon="6.155787706375122">
        <ele>225.0</ele>
      </trkpt>
      <trkpt lat="48.598655462265015" lon="6.1557018756866455">
        <ele>225.0</ele>
      </trkpt>
      <trkpt lat="48.59880566596985" lon="6.15555158816278">
        <ele>225.0</ele>
      </trkpt>
      <trkpt lat="48.59880574978888" lon="6.15555158816278">
        <ele>225.0</ele>
      </trkpt>
      <trkpt lat="48.59890214167535" lon="6.155616044998169">
        <ele>225.0</ele>
      </trkpt>
      <trkpt lat="48.59910607337952" lon="6.15559458732605">
        <ele>226.0</ele>
      </trkpt>
      <trkpt lat="48.60058665275574" lon="6.155143892392516">
        <ele>226.0</ele>
      </trkpt>
      <trkpt lat="48.6010479927063" lon="6.154929315671325">
        <ele>226.0</ele>
      </trkpt>
      <trkpt lat="48.60148787498474" lon="6.154618179425597">
        <ele>226.0</ele>
      </trkpt>
      <trkpt lat="48.60190621577203" lon="6.15429631434381">
        <ele>226.0</ele>
      </trkpt>
      <trkpt lat="48.60203496180475" lon="6.154221212491393">
        <ele>227.0</ele>
      </trkpt>
      <trkpt lat="48.60232472419739" lon="6.153899431228638">
        <ele>227.0</ele>
      </trkpt>
      <trkpt lat="48.602410554885864" lon="6.154103195294738">
        <ele>227.0</ele>
      </trkpt>
      <trkpt lat="48.60244274139404" lon="6.154156839475036">
        <ele>227.0</ele>
      </trkpt>
      <trkpt lat="48.60264667309821" lon="6.154693365097046">
        <ele>228.0</ele>
      </trkpt>
      <trkpt lat="48.60273250378668" lon="6.155218994244933">
        <ele>228.0</ele>
      </trkpt>
      <trkpt lat="48.60279670916498" lon="6.155487298965454">
        <ele>229.0</ele>
      </trkpt>
      <trkpt lat="48.602668046951294" lon="6.155669689178467">
        <ele>229.0</ele>
      </trkpt>
      <trkpt lat="48.60266796313226" lon="6.155669689178467">
        <ele>230.0</ele>
      </trkpt>
      <trkpt lat="48.60257148742676" lon="6.156088029965758">
        <ele>230.0</ele>
      </trkpt>
      <trkpt lat="48.60254994593561" lon="6.156366979703307">
        <ele>231.0</ele>
      </trkpt>
      <trkpt lat="48.602603590115905" lon="6.156753217801452">
        <ele>231.0</ele>
      </trkpt>
      <trkpt lat="48.602657318115234" lon="6.157010793685913">
        <ele>232.0</ele>
      </trkpt>
      <trkpt lat="48.60278606414795" lon="6.157321846112609">
        <ele>232.0</ele>
      </trkpt>
      <trkpt lat="48.604148626327515" lon="6.15908145904541">
        <ele>233.0</ele>
      </trkpt>
      <trkpt lat="48.60440603457391" lon="6.159446155652404">
        <ele>233.0</ele>
      </trkpt>
      <trkpt lat="48.60458850860596" lon="6.159574901685119">
        <ele>234.0</ele>
      </trkpt>
      <trkpt lat="48.604609966278076" lon="6.159660732373595">
        <ele>234.0</ele>
      </trkpt>
      <trkpt lat="48.60513559542596" lon="6.16059422492981">
        <ele>235.0</ele>
      </trkpt>
      <trkpt lat="48.60559701919556" lon="6.1616777535527945">
        <ele>235.0</ele>
      </trkpt>
      <trkpt lat="48.606358766555786" lon="6.163608944043517">
        <ele>236.0</ele>
      </trkpt>
      <trkpt lat="48.606605529785156" lon="6.164070283994079">
        <ele>236.0</ele>
      </trkpt>
      <trkpt lat="48.60715261660516" lon="6.1652719136327505">
        <ele>236.0</ele>
      </trkpt>
      <trkpt lat="48.607807075604796" lon="6.1669135093688965">
        <ele>237.0</ele>
      </trkpt>
      <trkpt lat="48.60802173614502" lon="6.167514324188232">
        <ele>237.0</ele>
      </trkpt>
      <trkpt lat="48.60825777053833" lon="6.168394088745117">
        <ele>237.0</ele>
      </trkpt>
      <trkpt lat="48.60852599143982" lon="6.169649278745055">
        <ele>238.0</ele>
      </trkpt>
      <trkpt lat="48.60859036445618" lon="6.170024871826172">
        <ele>238.0</ele>
      </trkpt>
      <trkpt lat="48.608644008636475" lon="6.170443212613463">
        <ele>238.0</ele>
      </trkpt>
      <trkpt lat="48.6087082978338" lon="6.171076213940978">
        <ele>239.0</ele>
      </trkpt>
      <trkpt lat="48.60874048434198" lon="6.171752130612731">
        <ele>239.0</ele>
      </trkpt>
      <trkpt lat="48.60872975550592" lon="6.1731040477752686">
        <ele>239.0</ele>
      </trkpt>
      <trkpt lat="48.60875129699707" lon="6.173221981152892">
        <ele>239.0</ele>
      </trkpt>
      <trkpt lat="48.608858585357666" lon="6.173468744382262">
        <ele>240.0</ele>
      </trkpt>
      <trkpt lat="48.608815586194396" lon="6.173586845397949">
        <ele>240.0</ele>
      </trkpt>
      <trkpt lat="48.6087082978338" lon="6.173640489578247">
        <ele>240.0</ele>
      </trkpt>
      <trkpt lat="48.60854736529291" lon="6.173651134595275">
        <ele>240.0</ele>
      </trkpt>
      <trkpt lat="48.60871911048889" lon="6.173726320266724">
        <ele>241.0</ele>
      </trkpt>
      <trkpt lat="48.60880494117737" lon="6.173822795972228">
        <ele>241.0</ele>
      </trkpt>
      <trkpt lat="48.60882639884949" lon="6.173930084332824">
        <ele>241.0</ele>
      </trkpt>
      <trkpt lat="48.608869230374694" lon="6.1740373726934195">
        <ele>241.0</ele>
      </trkpt>
      <trkpt lat="48.60892287455499" lon="6.1741124745458364">
        <ele>242.0</ele>
      </trkpt>
      <trkpt lat="48.60898741520941" lon="6.174176847562194">
        <ele>242.0</ele>
      </trkpt>
      <trkpt lat="48.60905170440674" lon="6.174198305234313">
        <ele>242.0</ele>
      </trkpt>
      <trkpt lat="48.60919117927551" lon="6.174187660217285">
        <ele>243.0</ele>
      </trkpt>
      <trkpt lat="48.60930919647217" lon="6.174091016873717">
        <ele>243.0</ele>
      </trkpt>
      <trkpt lat="48.60939494334161" lon="6.173930084332824">
        <ele>244.0</ele>
      </trkpt>
      <trkpt lat="48.60950223170221" lon="6.173908710479736">
        <ele>244.0</ele>
      </trkpt>
      <trkpt lat="48.60999584197998" lon="6.173919439315796">
        <ele>245.0</ele>
      </trkpt>
      <trkpt lat="48.61010321415961" lon="6.173951542004943">
        <ele>246.0</ele>
      </trkpt>
      <trkpt lat="48.610146045684814" lon="6.1739622708410025">
        <ele>247.0</ele>
      </trkpt>
      <trkpt lat="48.610189044848084" lon="6.173973083496094">
        <ele>247.0</ele>
      </trkpt>
      <trkpt lat="48.61022114753723" lon="6.173983728513122">
        <ele>248.0</ele>
      </trkpt>
      <trkpt lat="48.61024260520935" lon="6.174069559201598">
        <ele>249.0</ele>
      </trkpt>
      <trkpt lat="48.61030697822571" lon="6.174144661054015">
        <ele>250.0</ele>
      </trkpt>
      <trkpt lat="48.61082196235657" lon="6.174305593594909">
        <ele>251.0</ele>
      </trkpt>
      <trkpt lat="48.61128330230713" lon="6.174488067626953">
        <ele>253.0</ele>
      </trkpt>
      <trkpt lat="48.6115300655365" lon="6.174606001004577">
        <ele>254.0</ele>
      </trkpt>
      <trkpt lat="48.61174464225769" lon="6.174745475873351">
        <ele>255.0</ele>
      </trkpt>
      <trkpt lat="48.61194840632379" lon="6.1749600525945425">
        <ele>256.0</ele>
      </trkpt>
      <trkpt lat="48.61206650733948" lon="6.175153171643615">
        <ele>257.0</ele>
      </trkpt>
      <trkpt lat="48.61216298304498" lon="6.175357103347778">
        <ele>258.0</ele>
      </trkpt>
      <trkpt lat="48.61238828860223" lon="6.175957918167114">
        <ele>259.0</ele>
      </trkpt>
      <trkpt lat="48.61249557696283" lon="6.1761831399053335">
        <ele>260.0</ele>
      </trkpt>
      <trkpt lat="48.612602865323424" lon="6.176344156265259">
        <ele>261.0</ele>
      </trkpt>
      <trkpt lat="48.61269950866699" lon="6.1764514446258545">
        <ele>261.0</ele>
      </trkpt>
      <trkpt lat="48.61293545924127" lon="6.176655208691955">
        <ele>262.0</ele>
      </trkpt>
      <trkpt lat="48.6134397983551" lon="6.176977073773742">
        <ele>263.0</ele>
      </trkpt>
      <trkpt lat="48.6136435624212" lon="6.17703071795404">
        <ele>264.0</ele>
      </trkpt>
      <trkpt lat="48.61381530761719" lon="6.17703071795404">
        <ele>264.0</ele>
      </trkpt>
      <trkpt lat="48.6139440536499" lon="6.176987886428833">
        <ele>264.0</ele>
      </trkpt>
      <trkpt lat="48.614351665601134" lon="6.176773309707642">
        <ele>265.0</ele>
      </trkpt>
      <trkpt lat="48.61452341079712" lon="6.176719665527344">
        <ele>265.0</ele>
      </trkpt>
      <trkpt lat="48.61573576927185" lon="6.176537191495299">
        <ele>265.0</ele>
      </trkpt>
      <trkpt lat="48.61604690551758" lon="6.176494276151061">
        <ele>265.0</ele>
      </trkpt>
      <trkpt lat="48.61604698933661" lon="6.176494276151061">
        <ele>265.0</ele>
      </trkpt>
      <trkpt lat="48.6171197053045" lon="6.176376258954406">
        <ele>264.0</ele>
      </trkpt>
      <trkpt lat="48.617366468533874" lon="6.176376258954406">
        <ele>264.0</ele>
      </trkpt>
      <trkpt lat="48.61754894256592" lon="6.176419258117676">
        <ele>265.0</ele>
      </trkpt>
      <trkpt lat="48.617838621139526" lon="6.176547920331359">
        <ele>265.0</ele>
      </trkpt>
      <trkpt lat="48.61824631690979" lon="6.176773309707642">
        <ele>265.0</ele>
      </trkpt>
      <trkpt lat="48.618321334943175" lon="6.176912784576416">
        <ele>265.0</ele>
      </trkpt>
      <trkpt lat="48.618342792615294" lon="6.176998531445861">
        <ele>265.0</ele>
      </trkpt>
      <trkpt lat="48.61837497912347" lon="6.1772560235112906">
        <ele>265.0</ele>
      </trkpt>
      <trkpt lat="48.61845016479492" lon="6.17727748118341">
        <ele>265.0</ele>
      </trkpt>
      <trkpt lat="48.618568098172545" lon="6.17732048034668">
        <ele>265.0</ele>
      </trkpt>
      <trkpt lat="48.61856818199158" lon="6.17732048034668">
        <ele>265.0</ele>
      </trkpt>
      <trkpt lat="48.618632555007935" lon="6.177363311871886">
        <ele>266.0</ele>
      </trkpt>
      <trkpt lat="48.61870757304132" lon="6.177288293838501">
        <ele>266.0</ele>
      </trkpt>
      <trkpt lat="48.61895442008972" lon="6.177202379330993">
        <ele>267.0</ele>
      </trkpt>
      <trkpt lat="48.61925482749939" lon="6.1773741245269775">
        <ele>267.0</ele>
      </trkpt>
      <trkpt lat="48.61940494738519" lon="6.177427768707275">
        <ele>268.0</ele>
      </trkpt>
      <trkpt lat="48.619834184646606" lon="6.177738821133971">
        <ele>269.0</ele>
      </trkpt>
      <trkpt lat="48.620156049728394" lon="6.177921295166016">
        <ele>269.0</ele>
      </trkpt>
      <trkpt lat="48.62032771110535" lon="6.1780070420354605">
        <ele>270.0</ele>
      </trkpt>
      <trkpt lat="48.62167954444885" lon="6.178339635953307">
        <ele>271.0</ele>
      </trkpt>
      <trkpt lat="48.621679628267884" lon="6.178339635953307">
        <ele>272.0</ele>
      </trkpt>
      <trkpt lat="48.62173318862915" lon="6.178361093625426">
        <ele>272.0</ele>
      </trkpt>
      <trkpt lat="48.62177610397339" lon="6.178414737805724">
        <ele>273.0</ele>
      </trkpt>
      <trkpt lat="48.62184056080878" lon="6.178414737805724">
        <ele>273.0</ele>
      </trkpt>
      <trkpt lat="48.621894204989076" lon="6.178404092788696">
        <ele>274.0</ele>
      </trkpt>
      <trkpt lat="48.62202278338373" lon="6.178393280133605">
        <ele>274.0</ele>
      </trkpt>
      <trkpt lat="48.62255930900574" lon="6.178532755002379">
        <ele>275.0</ele>
      </trkpt>
      <trkpt lat="48.62272024154663" lon="6.178543567657471">
        <ele>276.0</ele>
      </trkpt>
      <trkpt lat="48.622859716415405" lon="6.178522109985352">
        <ele>276.0</ele>
      </trkpt>
      <trkpt lat="48.62319222651422" lon="6.178393280133605">
        <ele>276.0</ele>
      </trkpt>
      <trkpt lat="48.62331032752991" lon="6.178371822461486">
        <ele>277.0</ele>
      </trkpt>
      <trkpt lat="48.62350344657898" lon="6.178371822461486">
        <ele>277.0</ele>
      </trkpt>
      <trkpt lat="48.623825227841735" lon="6.178404092788696">
        <ele>277.0</ele>
      </trkpt>
      <trkpt lat="48.62447968684137" lon="6.178522109985352">
        <ele>278.0</ele>
      </trkpt>
      <trkpt lat="48.62476936541498" lon="6.178650856018066">
        <ele>278.0</ele>
      </trkpt>
      <trkpt lat="48.62497329711914" lon="6.178704500198364">
        <ele>278.0</ele>
      </trkpt>
      <trkpt lat="48.62497338093817" lon="6.178704500198364">
        <ele>278.0</ele>
      </trkpt>
      <trkpt lat="48.625069772824645" lon="6.178715145215392">
        <ele>278.0</ele>
      </trkpt>
      <trkpt lat="48.62506985664368" lon="6.178715145215392">
        <ele>278.0</ele>
      </trkpt>
      <trkpt lat="48.6254346370697" lon="6.178715145215392">
        <ele>278.0</ele>
      </trkpt>
      <trkpt lat="48.62575641833246" lon="6.178800975903869">
        <ele>278.0</ele>
      </trkpt>
      <trkpt lat="48.62601399421692" lon="6.178940450772643">
        <ele>278.0</ele>
      </trkpt>
      <trkpt lat="48.62628221511841" lon="6.179133569821715">
        <ele>277.0</ele>
      </trkpt>
      <trkpt lat="48.62650752067566" lon="6.179358959197998">
        <ele>277.0</ele>
      </trkpt>
      <trkpt lat="48.626786386594176" lon="6.179562723264098">
        <ele>276.0</ele>
      </trkpt>
      <trkpt lat="48.627076148986816" lon="6.179680824279785">
        <ele>276.0</ele>
      </trkpt>
      <trkpt lat="48.6277627106756" lon="6.180088436231017">
        <ele>275.0</ele>
      </trkpt>
      <trkpt lat="48.62817040644586" lon="6.180260181427002">
        <ele>275.0</ele>
      </trkpt>
      <trkpt lat="48.62885705195367" lon="6.180399656295776">
        <ele>274.0</ele>
      </trkpt>
      <trkpt lat="48.628857135772705" lon="6.180399656295776">
        <ele>273.0</ele>
      </trkpt>
      <trkpt lat="48.629683339968324" lon="6.180582046508789">
        <ele>272.0</ele>
      </trkpt>
      <trkpt lat="48.62977981567383" lon="6.1806034203618765">
        <ele>271.0</ele>
      </trkpt>
      <trkpt lat="48.62996220588684" lon="6.180657064542174">
        <ele>270.0</ele>
      </trkpt>
      <trkpt lat="48.63147488795221" lon="6.181064760312438">
        <ele>269.0</ele>
      </trkpt>
      <trkpt lat="48.631839752197266" lon="6.181129217147827">
        <ele>267.0</ele>
      </trkpt>
      <trkpt lat="48.633331060409546" lon="6.181279337033629">
        <ele>266.0</ele>
      </trkpt>
      <trkpt lat="48.63416782580316" lon="6.181236505508423">
        <ele>265.0</ele>
      </trkpt>
      <trkpt lat="48.63441458903253" lon="6.18125787936151">
        <ele>264.0</ele>
      </trkpt>
      <trkpt lat="48.6346077080816" lon="6.181300794705749">
        <ele>263.0</ele>
      </trkpt>
      <trkpt lat="48.634833097457886" lon="6.181408166885376">
        <ele>262.0</ele>
      </trkpt>
      <trkpt lat="48.635069048032165" lon="6.1815690994262695">
        <ele>261.0</ele>
      </trkpt>
      <trkpt lat="48.635830795392394" lon="6.18226638995111">
        <ele>260.0</ele>
      </trkpt>
      <trkpt lat="48.635830879211426" lon="6.182362949475646">
        <ele>259.0</ele>
      </trkpt>
      <trkpt lat="48.635830795392394" lon="6.182362949475646">
        <ele>258.0</ele>
      </trkpt>
      <trkpt lat="48.635830795392394" lon="6.182448780164123">
        <ele>258.0</ele>
      </trkpt>
      <trkpt lat="48.63585225306451" lon="6.182491779327393">
        <ele>257.0</ele>
      </trkpt>
      <trkpt lat="48.63620630465448" lon="6.182641899213195">
        <ele>257.0</ele>
      </trkpt>
      <trkpt lat="48.63642088137567" lon="6.18277064524591">
        <ele>256.0</ele>
      </trkpt>
      <trkpt lat="48.636474609375" lon="6.182835018262267">
        <ele>256.0</ele>
      </trkpt>
      <trkpt lat="48.63665699958801" lon="6.183242714032531">
        <ele>255.0</ele>
      </trkpt>
      <trkpt lat="48.63669983111322" lon="6.183285713195801">
        <ele>255.0</ele>
      </trkpt>
      <trkpt lat="48.63675355911255" lon="6.183296358212829">
        <ele>255.0</ele>
      </trkpt>
      <trkpt lat="48.63675347529352" lon="6.183296358212829">
        <ele>255.0</ele>
      </trkpt>
      <trkpt lat="48.636860847473145" lon="6.183285713195801">
        <ele>255.0</ele>
      </trkpt>
      <trkpt lat="48.63689303398132" lon="6.183285713195801">
        <ele>254.0</ele>
      </trkpt>
      <trkpt lat="48.63689295016229" lon="6.183285713195801">
        <ele>254.0</ele>
      </trkpt>
      <trkpt lat="48.63694659434259" lon="6.18326417170465">
        <ele>254.0</ele>
      </trkpt>
      <trkpt lat="48.637075340375304" lon="6.18301740847528">
        <ele>254.0</ele>
      </trkpt>
      <trkpt lat="48.637118339538574" lon="6.182985305786133">
        <ele>254.0</ele>
      </trkpt>
      <trkpt lat="48.63738647662103" lon="6.182910120114684">
        <ele>254.0</ele>
      </trkpt>
      <trkpt lat="48.63764405250549" lon="6.182910120114684">
        <ele>254.0</ele>
      </trkpt>
      <trkpt lat="48.63766551017761" lon="6.182899475097656">
        <ele>254.0</ele>
      </trkpt>
      <trkpt lat="48.63769769668579" lon="6.182856475934386">
        <ele>254.0</ele>
      </trkpt>
      <trkpt lat="48.63771915435791" lon="6.18281364440918">
        <ele>254.0</ele>
      </trkpt>
      <trkpt lat="48.63777279853821" lon="6.182781374081969">
        <ele>254.0</ele>
      </trkpt>
      <trkpt lat="48.63800874911249" lon="6.182727729901671">
        <ele>254.0</ele>
      </trkpt>
      <trkpt lat="48.63863102160394" lon="6.182620441541076">
        <ele>253.0</ele>
      </trkpt>
      <trkpt lat="48.6395001411438" lon="6.182523965835571">
        <ele>253.0</ele>
      </trkpt>
      <trkpt lat="48.63950005732477" lon="6.182523965835571">
        <ele>252.0</ele>
      </trkpt>
      <trkpt lat="48.64002593792975" lon="6.182459592819214">
        <ele>252.0</ele>
      </trkpt>
      <trkpt lat="48.64137760363519" lon="6.182320034131408">
        <ele>252.0</ele>
      </trkpt>
      <trkpt lat="48.64150643348694" lon="6.182352304458618">
        <ele>252.0</ele>
      </trkpt>
      <trkpt lat="48.641581535339355" lon="6.18229866027832">
        <ele>251.0</ele>
      </trkpt>
      <trkpt lat="48.641806840896606" lon="6.18225566111505">
        <ele>251.0</ele>
      </trkpt>
      <trkpt lat="48.64190331660211" lon="6.182180559262633">
        <ele>251.0</ele>
      </trkpt>
      <trkpt lat="48.642547046765685" lon="6.182116270065308">
        <ele>251.0</ele>
      </trkpt>
      <trkpt lat="48.643062114715576" lon="6.182159185409546">
        <ele>250.0</ele>
      </trkpt>
      <trkpt lat="48.64325514994562" lon="6.182191371917725">
        <ele>250.0</ele>
      </trkpt>
      <trkpt lat="48.64328742027283" lon="6.182223558425903">
        <ele>250.0</ele>
      </trkpt>
      <trkpt lat="48.643362522125244" lon="6.1822450160980225">
        <ele>249.0</ele>
      </trkpt>
      <trkpt lat="48.64343770779669" lon="6.182191371917725">
        <ele>249.0</ele>
      </trkpt>
      <trkpt lat="48.64348045550287" lon="6.182094728574157">
        <ele>249.0</ele>
      </trkpt>
      <trkpt lat="48.643587827682495" lon="6.18206262588501">
        <ele>248.0</ele>
      </trkpt>
      <trkpt lat="48.64394179545343" lon="6.181955253705382">
        <ele>248.0</ele>
      </trkpt>
      <trkpt lat="48.64467144012451" lon="6.181912338361144">
        <ele>248.0</ele>
      </trkpt>
      <trkpt lat="48.645390355959535" lon="6.1818695068359375">
        <ele>247.0</ele>
      </trkpt>
      <trkpt lat="48.645518934354186" lon="6.181880151852965">
        <ele>247.0</ele>
      </trkpt>
      <trkpt lat="48.64551901817322" lon="6.181880151852965">
        <ele>247.0</ele>
      </trkpt>
      <trkpt lat="48.64633432589471" lon="6.1819446086883545">
        <ele>246.0</ele>
      </trkpt>
      <trkpt lat="48.646334409713745" lon="6.1819446086883545">
        <ele>246.0</ele>
      </trkpt>
      <trkpt lat="48.64646315574646" lon="6.181965982541442">
        <ele>245.0</ele>
      </trkpt>
      <trkpt lat="48.646892393007874" lon="6.1821269150823355">
        <ele>245.0</ele>
      </trkpt>
      <trkpt lat="48.64714980125427" lon="6.182223558425903">
        <ele>244.0</ele>
      </trkpt>
      <trkpt lat="48.647407377138734" lon="6.182330846786499">
        <ele>244.0</ele>
      </trkpt>
      <trkpt lat="48.64750385284424" lon="6.182362949475646">
        <ele>243.0</ele>
      </trkpt>
      <trkpt lat="48.647632682695985" lon="6.182416593655944">
        <ele>243.0</ele>
      </trkpt>
      <trkpt lat="48.647900903597474" lon="6.182523965835571">
        <ele>243.0</ele>
      </trkpt>
      <trkpt lat="48.64823349751532" lon="6.182641899213195">
        <ele>243.0</ele>
      </trkpt>
      <trkpt lat="48.64918828010559" lon="6.18306040763855">
        <ele>242.0</ele>
      </trkpt>
      <trkpt lat="48.650078773498535" lon="6.183543121442199">
        <ele>242.0</ele>
      </trkpt>
      <trkpt lat="48.65007885731757" lon="6.183543121442199">
        <ele>242.0</ele>
      </trkpt>
      <trkpt lat="48.650379264727235" lon="6.183714866638184">
        <ele>242.0</ele>
      </trkpt>
      <trkpt lat="48.65047574043274" lon="6.1837685108184814">
        <ele>242.0</ele>
      </trkpt>
      <trkpt lat="48.65115157328546" lon="6.184111749753356">
        <ele>243.0</ele>
      </trkpt>
      <trkpt lat="48.65115165710449" lon="6.184111749753356">
        <ele>243.0</ele>
      </trkpt>
      <trkpt lat="48.651355504989624" lon="6.184219038113952">
        <ele>243.0</ele>
      </trkpt>
      <trkpt lat="48.652632320299745" lon="6.184905683621764">
        <ele>244.0</ele>
      </trkpt>
      <trkpt lat="48.65272879600525" lon="6.184970140457153">
        <ele>245.0</ele>
      </trkpt>
      <trkpt lat="48.65268579684198" lon="6.184626733884215">
        <ele>247.0</ele>
      </trkpt>
      <trkpt lat="48.65267515182495" lon="6.184401512145996">
        <ele>247.0</ele>
      </trkpt>
      <trkpt lat="48.65267506800592" lon="6.184401512145996">
        <ele>248.0</ele>
      </trkpt>
      <trkpt lat="48.65268579684198" lon="6.183993816375732">
        <ele>249.0</ele>
      </trkpt>
      <trkpt lat="48.65266442298889" lon="6.183543121442199">
        <ele>249.0</ele>
      </trkpt>
      <trkpt lat="48.652610778808594" lon="6.183242714032531">
        <ele>250.0</ele>
      </trkpt>
      <trkpt lat="48.652546321973205" lon="6.182920932769775">
        <ele>251.0</ele>
      </trkpt>
      <trkpt lat="48.65222445689142" lon="6.181579744443297">
        <ele>252.0</ele>
      </trkpt>
      <trkpt lat="48.652299558743834" lon="6.181215047836304">
        <ele>252.0</ele>
      </trkpt>
      <trkpt lat="48.652299558743834" lon="6.18105411529541">
        <ele>253.0</ele>
      </trkpt>
      <trkpt lat="48.65214943885803" lon="6.180624878033996">
        <ele>254.0</ele>
      </trkpt>
      <trkpt lat="48.652074337005615" lon="6.180292367935181">
        <ele>255.0</ele>
      </trkpt>
      <trkpt lat="48.65201004780829" lon="6.17979884147644">
        <ele>255.0</ele>
      </trkpt>
      <trkpt lat="48.65200996398926" lon="6.17979884147644">
        <ele>256.0</ele>
      </trkpt>
      <trkpt lat="48.65202069282532" lon="6.179723655804992">
        <ele>256.0</ele>
      </trkpt>
      <trkpt lat="48.65210643969476" lon="6.179562723264098">
        <ele>257.0</ele>
      </trkpt>
      <trkpt lat="48.65213862620294" lon="6.179337501525879">
        <ele>257.0</ele>
      </trkpt>
      <trkpt lat="48.65218170918524" lon="6.179230213165283">
        <ele>257.0</ele>
      </trkpt>
      <trkpt lat="48.65219235420227" lon="6.179208671674132">
        <ele>257.0</ele>
      </trkpt>
      <trkpt lat="48.65219227038324" lon="6.179208671674132">
        <ele>258.0</ele>
      </trkpt>
      <trkpt lat="48.65263215266168" lon="6.1787795182317495">
        <ele>258.0</ele>
      </trkpt>
      <trkpt lat="48.65272879600525" lon="6.178618669509888">
        <ele>258.0</ele>
      </trkpt>
      <trkpt lat="48.653039848431945" lon="6.178457736968994">
        <ele>258.0</ele>
      </trkpt>
      <trkpt lat="48.653297424316406" lon="6.178404092788696">
        <ele>258.0</ele>
      </trkpt>
      <trkpt lat="48.65346900187433" lon="6.178404092788696">
        <ele>258.0</ele>
      </trkpt>
      <trkpt lat="48.65358701907098" lon="6.178436279296875">
        <ele>258.0</ele>
      </trkpt>
      <trkpt lat="48.65387678146362" lon="6.1785972118377686">
        <ele>257.0</ele>
      </trkpt>
      <trkpt lat="48.65424156188965" lon="6.1787795182317495">
        <ele>257.0</ele>
      </trkpt>
      <trkpt lat="48.654295206069946" lon="6.1788225173950195">
        <ele>257.0</ele>
      </trkpt>
      <trkpt lat="48.65439176559448" lon="6.178961908444762">
        <ele>257.0</ele>
      </trkpt>
      <trkpt lat="48.65442386828363" lon="6.1789727210998535">
        <ele>257.0</ele>
      </trkpt>
      <trkpt lat="48.65444540977478" lon="6.178940450772643">
        <ele>257.0</ele>
      </trkpt>
      <trkpt lat="48.65447759628296" lon="6.1788976192474365">
        <ele>257.0</ele>
      </trkpt>
      <trkpt lat="48.65447751246393" lon="6.178865432739258">
        <ele>257.0</ele>
      </trkpt>
      <trkpt lat="48.65461707115173" lon="6.178940450772643">
        <ele>257.0</ele>
      </trkpt>
      <trkpt lat="48.65469217300415" lon="6.1789727210998535">
        <ele>257.0</ele>
      </trkpt>
      <trkpt lat="48.65469208918512" lon="6.1789727210998535">
        <ele>257.0</ele>
      </trkpt>
      <trkpt lat="48.65475662983954" lon="6.17901555262506">
        <ele>257.0</ele>
      </trkpt>
      <trkpt lat="48.65478873252869" lon="6.179069196805358">
        <ele>257.0</ele>
      </trkpt>
      <trkpt lat="48.65489602088928" lon="6.17905855178833">
        <ele>257.0</ele>
      </trkpt>
      <trkpt lat="48.65507832728326" lon="6.179101383313537">
        <ele>257.0</ele>
      </trkpt>
      <trkpt lat="48.655303716659546" lon="6.179112195968628">
        <ele>257.0</ele>
      </trkpt>
      <trkpt lat="48.655604124069214" lon="6.17905855178833">
        <ele>256.0</ele>
      </trkpt>
      <trkpt lat="48.65589380264282" lon="6.178951263427734">
        <ele>257.0</ele>
      </trkpt>
      <trkpt lat="48.65589371882379" lon="6.178951263427734">
        <ele>256.0</ele>
      </trkpt>
      <trkpt lat="48.65717045031488" lon="6.178243160247803">
        <ele>256.0</ele>
      </trkpt>
      <trkpt lat="48.65797519683838" lon="6.177878296002746">
        <ele>256.0</ele>
      </trkpt>
      <trkpt lat="48.65806111134589" lon="6.177899753674865">
        <ele>256.0</ele>
      </trkpt>
      <trkpt lat="48.658061027526855" lon="6.177899753674865">
        <ele>255.0</ele>
      </trkpt>
      <trkpt lat="48.65810385905206" lon="6.177899753674865">
        <ele>255.0</ele>
      </trkpt>
      <trkpt lat="48.65817904472351" lon="6.177867650985718">
        <ele>255.0</ele>
      </trkpt>
      <trkpt lat="48.65827560424805" lon="6.17781400680542">
        <ele>254.0</ele>
      </trkpt>
      <trkpt lat="48.6582971457392" lon="6.17781400680542">
        <ele>254.0</ele>
      </trkpt>
      <trkpt lat="48.65841516293585" lon="6.177889108657837">
        <ele>254.0</ele>
      </trkpt>
      <trkpt lat="48.65841507911682" lon="6.177889108657837">
        <ele>253.0</ele>
      </trkpt>
      <trkpt lat="48.65847945213318" lon="6.177921295166016">
        <ele>253.0</ele>
      </trkpt>
      <trkpt lat="48.65851163864136" lon="6.1779319401830435">
        <ele>252.0</ele>
      </trkpt>
      <trkpt lat="48.658576011657715" lon="6.177792465314269">
        <ele>252.0</ele>
      </trkpt>
      <trkpt lat="48.658844316378236" lon="6.177599346265197">
        <ele>251.0</ele>
      </trkpt>
      <trkpt lat="48.65898379124701" lon="6.177502870559692">
        <ele>250.0</ele>
      </trkpt>
      <trkpt lat="48.660056591033936" lon="6.1767088528722525">
        <ele>249.0</ele>
      </trkpt>
      <trkpt lat="48.660056507214904" lon="6.1767088528722525">
        <ele>249.0</ele>
      </trkpt>
      <trkpt lat="48.660281812772155" lon="6.1765265464782715">
        <ele>248.0</ele>
      </trkpt>
      <trkpt lat="48.66075404919684" lon="6.176011562347412">
        <ele>248.0</ele>
      </trkpt>
      <trkpt lat="48.66075396537781" lon="6.176011562347412">
        <ele>247.0</ele>
      </trkpt>
      <trkpt lat="48.66078623570502" lon="6.175979375839233">
        <ele>247.0</ele>
      </trkpt>
      <trkpt lat="48.66096862591803" lon="6.175700342282653">
        <ele>247.0</ele>
      </trkpt>
      <trkpt lat="48.661097288131714" lon="6.1754857655614614">
        <ele>246.0</ele>
      </trkpt>
      <trkpt lat="48.66118320263922" lon="6.175357103347778">
        <ele>246.0</ele>
      </trkpt>
      <trkpt lat="48.66174101829529" lon="6.174445068463683">
        <ele>246.0</ele>
      </trkpt>
      <trkpt lat="48.661848306655884" lon="6.174273490905762">
        <ele>246.0</ele>
      </trkpt>
      <trkpt lat="48.661826848983765" lon="6.174241304397583">
        <ele>245.0</ele>
      </trkpt>
      <trkpt lat="48.66182676516473" lon="6.174241304397583">
        <ele>245.0</ele>
      </trkpt>
      <trkpt lat="48.661816120147705" lon="6.174219846725464">
        <ele>245.0</ele>
      </trkpt>
      <trkpt lat="48.66175174713135" lon="6.174134016036987">
        <ele>245.0</ele>
      </trkpt>
      <trkpt lat="48.661751663312316" lon="6.174134016036987">
        <ele>245.0</ele>
      </trkpt>
      <trkpt lat="48.662341833114624" lon="6.1731791496276855">
        <ele>245.0</ele>
      </trkpt>
      <trkpt lat="48.66234174929559" lon="6.1731791496276855">
        <ele>245.0</ele>
      </trkpt>
      <trkpt lat="48.662545680999756" lon="6.172835743054748">
        <ele>245.0</ele>
      </trkpt>
      <trkpt lat="48.66264224052429" lon="6.172760641202331">
        <ele>245.0</ele>
      </trkpt>
      <trkpt lat="48.66272798739374" lon="6.172717809677124">
        <ele>245.0</ele>
      </trkpt>
      <trkpt lat="48.66286754608154" lon="6.172492504119873">
        <ele>246.0</ele>
      </trkpt>
      <trkpt lat="48.66289981640875" lon="6.172438859939575">
        <ele>246.0</ele>
      </trkpt>
      <trkpt lat="48.66289973258972" lon="6.172438859939575">
        <ele>246.0</ele>
      </trkpt>
      <trkpt lat="48.663006937131286" lon="6.17226711474359">
        <ele>246.0</ele>
      </trkpt>
      <trkpt lat="48.663039207458496" lon="6.172170639038086">
        <ele>246.0</ele>
      </trkpt>
      <trkpt lat="48.663039207458496" lon="6.172116994857788">
        <ele>247.0</ele>
      </trkpt>
      <trkpt lat="48.6630820389837" lon="6.171977519989014">
        <ele>247.0</ele>
      </trkpt>
      <trkpt lat="48.66313576698303" lon="6.171880876645446">
        <ele>247.0</ele>
      </trkpt>
      <trkpt lat="48.663135683164" lon="6.171880876645446">
        <ele>247.0</ele>
      </trkpt>
      <trkpt lat="48.663275158032775" lon="6.171644842252135">
        <ele>247.0</ele>
      </trkpt>
      <trkpt lat="48.66343609057367" lon="6.171634197235107">
        <ele>247.0</ele>
      </trkpt>
      <trkpt lat="48.66402626037598" lon="6.170668601989746">
        <ele>247.0</ele>
      </trkpt>
      <trkpt lat="48.66402626037598" lon="6.170657789334655">
        <ele>247.0</ele>
      </trkpt>
      <trkpt lat="48.66444460116327" lon="6.169992685317993">
        <ele>247.0</ele>
      </trkpt>
      <trkpt lat="48.664391040802" lon="6.1698423977941275">
        <ele>247.0</ele>
      </trkpt>
      <trkpt lat="48.66453059948981" lon="6.169595634564757">
        <ele>247.0</ele>
      </trkpt>
      <trkpt lat="48.66468071937561" lon="6.169359600171447">
        <ele>247.0</ele>
      </trkpt>
      <trkpt lat="48.664788007736206" lon="6.169424057006836">
        <ele>247.0</ele>
      </trkpt>
      <trkpt lat="48.665142143145204" lon="6.168855428695679">
        <ele>247.0</ele>
      </trkpt>
      <trkpt lat="48.6652494315058" lon="6.168672954663634">
        <ele>247.0</ele>
      </trkpt>
      <trkpt lat="48.66524934768677" lon="6.168672954663634">
        <ele>247.0</ele>
      </trkpt>
      <trkpt lat="48.66568922996521" lon="6.167964851483703">
        <ele>246.0</ele>
      </trkpt>
      <trkpt lat="48.66564639844" lon="6.167782545089722">
        <ele>246.0</ele>
      </trkpt>
      <trkpt lat="48.66569995880127" lon="6.167696630582213">
        <ele>246.0</ele>
      </trkpt>
      <trkpt lat="48.66573222912848" lon="6.167653799057007">
        <ele>246.0</ele>
      </trkpt>
      <trkpt lat="48.66573214530945" lon="6.167653799057007">
        <ele>246.0</ele>
      </trkpt>
      <trkpt lat="48.66575360298157" lon="6.167600154876709">
        <ele>246.0</ele>
      </trkpt>
      <trkpt lat="48.66591453552246" lon="6.167482053861022">
        <ele>245.0</ele>
      </trkpt>
      <trkpt lat="48.666021740064025" lon="6.167385578155518">
        <ele>245.0</ele>
      </trkpt>
      <trkpt lat="48.66649397648871" lon="6.166634475812316">
        <ele>245.0</ele>
      </trkpt>
      <trkpt lat="48.66649389266968" lon="6.166634475812316">
        <ele>245.0</ele>
      </trkpt>
      <trkpt lat="48.666579807177186" lon="6.1664950009435415">
        <ele>245.0</ele>
      </trkpt>
      <trkpt lat="48.666579723358154" lon="6.1664950009435415">
        <ele>245.0</ele>
      </trkpt>
      <trkpt lat="48.66666555404663" lon="6.166334068402648">
        <ele>245.0</ele>
      </trkpt>
      <trkpt lat="48.66669765673578" lon="6.166194593533874">
        <ele>245.0</ele>
      </trkpt>
      <trkpt lat="48.66672984324396" lon="6.166023015975952">
        <ele>245.0</ele>
      </trkpt>
      <trkpt lat="48.666805028915405" lon="6.165851354598999">
        <ele>245.0</ele>
      </trkpt>
      <trkpt lat="48.666826570406556" lon="6.16578689776361">
        <ele>245.0</ele>
      </trkpt>
      <trkpt lat="48.666826486587524" lon="6.16578689776361">
        <ele>244.0</ele>
      </trkpt>
      <trkpt lat="48.666912317276" lon="6.1655723210424185">
        <ele>245.0</ele>
      </trkpt>
      <trkpt lat="48.667073249816895" lon="6.165078794583678">
        <ele>244.0</ele>
      </trkpt>
      <trkpt lat="48.667126977816224" lon="6.164917862042785">
        <ele>244.0</ele>
      </trkpt>
      <trkpt lat="48.66714835166931" lon="6.164864217862487">
        <ele>244.0</ele>
      </trkpt>
      <trkpt lat="48.66716980934143" lon="6.164789199829102">
        <ele>244.0</ele>
      </trkpt>
      <trkpt lat="48.6671697255224" lon="6.164789199829102">
        <ele>244.0</ele>
      </trkpt>
      <trkpt lat="48.66730920039117" lon="6.164360046386719">
        <ele>244.0</ele>
      </trkpt>
      <trkpt lat="48.667523777112365" lon="6.1638665199279785">
        <ele>244.0</ele>
      </trkpt>
      <trkpt lat="48.668274879455566" lon="6.162353670224547">
        <ele>244.0</ele>
      </trkpt>
      <trkpt lat="48.668382251635194" lon="6.162128448486328">
        <ele>244.0</ele>
      </trkpt>
      <trkpt lat="48.66838216781616" lon="6.162128448486328">
        <ele>243.0</ele>
      </trkpt>
      <trkpt lat="48.66848945617676" lon="6.161881685256958">
        <ele>243.0</ele>
      </trkpt>
      <trkpt lat="48.668543100357056" lon="6.161924516782165">
        <ele>243.0</ele>
      </trkpt>
      <trkpt lat="48.66943359375" lon="6.1622249241918325">
        <ele>244.0</ele>
      </trkpt>
      <trkpt lat="48.66944440640509" lon="6.162182092666626">
        <ele>243.0</ele>
      </trkpt>
      <trkpt lat="48.66956225596368" lon="6.16182804107666">
        <ele>243.0</ele>
      </trkpt>
      <trkpt lat="48.67010951042175" lon="6.16203180514276">
        <ele>243.0</ele>
      </trkpt>
      <trkpt lat="48.6705922242254" lon="6.162192737683654">
        <ele>243.0</ele>
      </trkpt>
      <trkpt lat="48.67064595222473" lon="6.162246381863952">
        <ele>243.0</ele>
      </trkpt>
      <trkpt lat="48.670688951388" lon="6.162332212552428">
        <ele>242.0</ele>
      </trkpt>
      <trkpt lat="48.67090352810919" lon="6.162139093503356">
        <ele>242.0</ele>
      </trkpt>
      <trkpt lat="48.67122530937195" lon="6.161838686093688">
        <ele>242.0</ele>
      </trkpt>
      <trkpt lat="48.67145069874823" lon="6.161656379699707">
        <ele>241.0</ele>
      </trkpt>
      <trkpt lat="48.6714506149292" lon="6.161656379699707">
        <ele>241.0</ele>
      </trkpt>
      <trkpt lat="48.67178329266608" lon="6.161355888471007">
        <ele>241.0</ele>
      </trkpt>
      <trkpt lat="48.671783208847046" lon="6.161355888471007">
        <ele>240.0</ele>
      </trkpt>
      <trkpt lat="48.67186903953552" lon="6.161270057782531">
        <ele>240.0</ele>
      </trkpt>
      <trkpt lat="48.672341108322144" lon="6.160851716995239">
        <ele>239.0</ele>
      </trkpt>
      <trkpt lat="48.672620141878724" lon="6.16059422492981">
        <ele>239.0</ele>
      </trkpt>
      <trkpt lat="48.673081481829286" lon="6.160175716504455">
        <ele>239.0</ele>
      </trkpt>
      <trkpt lat="48.673328245058656" lon="6.159950494766235">
        <ele>238.0</ele>
      </trkpt>
      <trkpt lat="48.673532009124756" lon="6.159768020734191">
        <ele>237.0</ele>
      </trkpt>
      <trkpt lat="48.67369294166565" lon="6.159617900848389">
        <ele>237.0</ele>
      </trkpt>
      <trkpt lat="48.67410063743591" lon="6.159253036603332">
        <ele>237.0</ele>
      </trkpt>
      <trkpt lat="48.67475509643555" lon="6.158652221783996">
        <ele>235.0</ele>
      </trkpt>
      <trkpt lat="48.674862468615174" lon="6.158555746078491">
        <ele>235.0</ele>
      </trkpt>
      <trkpt lat="48.67564567364752" lon="6.15784764289856">
        <ele>234.0</ele>
      </trkpt>
      <trkpt lat="48.676353776827455" lon="6.157203828915954">
        <ele>233.0</ele>
      </trkpt>
      <trkpt lat="48.67651470936835" lon="6.157064437866211">
        <ele>232.0</ele>
      </trkpt>
      <trkpt lat="48.67668628692627" lon="6.156903505325317">
        <ele>232.0</ele>
      </trkpt>
      <trkpt lat="48.6766863707453" lon="6.156903505325317">
        <ele>231.0</ele>
      </trkpt>
      <trkpt lat="48.676815116778016" lon="6.15679613314569">
        <ele>230.0</ele>
      </trkpt>
      <trkpt lat="48.677040338516235" lon="6.15659236907959">
        <ele>229.0</ele>
      </trkpt>
      <trkpt lat="48.677287101745605" lon="6.156356334686279">
        <ele>228.0</ele>
      </trkpt>
      <trkpt lat="48.67763050831854" lon="6.15604511462152">
        <ele>227.0</ele>
      </trkpt>
      <trkpt lat="48.67823132313788" lon="6.155508756637573">
        <ele>226.0</ele>
      </trkpt>
      <trkpt lat="48.67825278081" lon="6.155497943982482">
        <ele>226.0</ele>
      </trkpt>
      <trkpt lat="48.678252613171935" lon="6.155497943982482">
        <ele>225.0</ele>
      </trkpt>
      <trkpt lat="48.67916473187506" lon="6.154661178588867">
        <ele>224.0</ele>
      </trkpt>
      <trkpt lat="48.67916464805603" lon="6.154661178588867">
        <ele>224.0</ele>
      </trkpt>
      <trkpt lat="48.680022871121764" lon="6.153888618573546">
        <ele>223.0</ele>
      </trkpt>
      <trkpt lat="48.680087411776185" lon="6.153813516721129">
        <ele>223.0</ele>
      </trkpt>
      <trkpt lat="48.6802698019892" lon="6.153652667999268">
        <ele>222.0</ele>
      </trkpt>
      <trkpt lat="48.68028053082526" lon="6.153631210327148">
        <ele>222.0</ele>
      </trkpt>
      <trkpt lat="48.680334175005555" lon="6.153577566146851">
        <ele>222.0</ele>
      </trkpt>
      <trkpt lat="48.68037709034979" lon="6.153534566983581">
        <ele>221.0</ele>
      </trkpt>
      <trkpt lat="48.68048429489136" lon="6.153438091278076">
        <ele>221.0</ele>
      </trkpt>
      <trkpt lat="48.68051656521857" lon="6.1534059047698975">
        <ele>221.0</ele>
      </trkpt>
      <trkpt lat="48.680784702301025" lon="6.153126871213317">
        <ele>221.0</ele>
      </trkpt>
      <trkpt lat="48.681074380874634" lon="6.152858650311828">
        <ele>221.0</ele>
      </trkpt>
      <trkpt lat="48.68116021156311" lon="6.152772819623351">
        <ele>221.0</ele>
      </trkpt>
      <trkpt lat="48.68116012774408" lon="6.152772819623351">
        <ele>221.0</ele>
      </trkpt>
      <trkpt lat="48.68170738220215" lon="6.152236461639404">
        <ele>221.0</ele>
      </trkpt>
      <trkpt lat="48.68199706077576" lon="6.151968240737915">
        <ele>221.0</ele>
      </trkpt>
      <trkpt lat="48.68241548538208" lon="6.151657020673156">
        <ele>221.0</ele>
      </trkpt>
      <trkpt lat="48.68241540156305" lon="6.151657020673156">
        <ele>222.0</ele>
      </trkpt>
      <trkpt lat="48.68295192718506" lon="6.15134596824646">
        <ele>222.0</ele>
      </trkpt>
      <trkpt lat="48.6839497089386" lon="6.150873899459839">
        <ele>222.0</ele>
      </trkpt>
      <trkpt lat="48.683767318725586" lon="6.150476932525635">
        <ele>222.0</ele>
      </trkpt>
      <trkpt lat="48.68364930152893" lon="6.150262271985412">
        <ele>223.0</ele>
      </trkpt>
      <trkpt lat="48.6838960647583" lon="6.150079881772399">
        <ele>224.0</ele>
      </trkpt>
      <trkpt lat="48.68391743861139" lon="6.15004769526422">
        <ele>225.0</ele>
      </trkpt>
      <trkpt lat="48.6839497089386" lon="6.1499834060668945">
        <ele>226.0</ele>
      </trkpt>
      <trkpt lat="48.68396035395563" lon="6.149876117706299">
        <ele>227.0</ele>
      </trkpt>
      <trkpt lat="48.68394979275763" lon="6.149414777755737">
        <ele>228.0</ele>
      </trkpt>
      <trkpt lat="48.68396043777466" lon="6.149296760559082">
        <ele>230.0</ele>
      </trkpt>
      <trkpt lat="48.68399262428284" lon="6.149168014526367">
        <ele>231.0</ele>
      </trkpt>
      <trkpt lat="48.683992540463805" lon="6.149168014526367">
        <ele>233.0</ele>
      </trkpt>
      <trkpt lat="48.68442177772522" lon="6.14810585975647">
        <ele>235.0</ele>
      </trkpt>
      <trkpt lat="48.684818828478456" lon="6.147183179855347">
        <ele>237.0</ele>
      </trkpt>
      <trkpt lat="48.68486157618463" lon="6.14709734916687">
        <ele>238.0</ele>
      </trkpt>
      <trkpt lat="48.6849582195282" lon="6.1470543500036">
        <ele>240.0</ele>
      </trkpt>
      <trkpt lat="48.684968864545226" lon="6.146893417462707">
        <ele>242.0</ele>
      </trkpt>
      <trkpt lat="48.685044050216675" lon="6.1466466542333364">
        <ele>243.0</ele>
      </trkpt>
      <trkpt lat="48.68510842323303" lon="6.146485721692443">
        <ele>245.0</ele>
      </trkpt>
      <trkpt lat="48.685290813446045" lon="6.146035194396973">
        <ele>247.0</ele>
      </trkpt>
      <trkpt lat="48.68535510264337" lon="6.145831262692809">
        <ele>249.0</ele>
      </trkpt>
      <trkpt lat="48.68536591529846" lon="6.145766973495483">
        <ele>250.0</ele>
      </trkpt>
      <trkpt lat="48.68543020449579" lon="6.14480129443109">
        <ele>252.0</ele>
      </trkpt>
      <trkpt lat="48.685559118166566" lon="6.144146835431457">
        <ele>254.0</ele>
      </trkpt>
      <trkpt lat="48.68567696772516" lon="6.143782055005431">
        <ele>255.0</ele>
      </trkpt>
      <trkpt lat="48.68579498492181" lon="6.143460189923644">
        <ele>257.0</ele>
      </trkpt>
      <trkpt lat="48.68608466349542" lon="6.142966663464904">
        <ele>259.0</ele>
      </trkpt>
      <trkpt lat="48.68612766265869" lon="6.142945205792785">
        <ele>261.0</ele>
      </trkpt>
      <trkpt lat="48.6861704941839" lon="6.142837917432189">
        <ele>263.0</ele>
      </trkpt>
      <trkpt lat="48.68620268069208" lon="6.142784273251891">
        <ele>265.0</ele>
      </trkpt>
      <trkpt lat="48.6862672213465" lon="6.142837917432189">
        <ele>266.0</ele>
      </trkpt>
      <trkpt lat="48.686267137527466" lon="6.142837917432189">
        <ele>268.0</ele>
      </trkpt>
      <trkpt lat="48.68692168034613" lon="6.143256425857544">
        <ele>271.0</ele>
      </trkpt>
      <trkpt lat="48.6870717164129" lon="6.143352901563048">
        <ele>273.0</ele>
      </trkpt>
      <trkpt lat="48.68722200393677" lon="6.1433422565460205">
        <ele>276.0</ele>
      </trkpt>
      <trkpt lat="48.687297105789185" lon="6.143267070874572">
        <ele>278.0</ele>
      </trkpt>
      <trkpt lat="48.687522411346436" lon="6.142934560775757">
        <ele>280.0</ele>
      </trkpt>
      <trkpt lat="48.68764034472406" lon="6.142902374267578">
        <ele>286.0</ele>
      </trkpt>
      <trkpt lat="48.68771553039551" lon="6.142612611874938">
        <ele>287.0</ele>
      </trkpt>
      <trkpt lat="48.68793019093573" lon="6.1418187618255615">
        <ele>288.0</ele>
      </trkpt>
      <trkpt lat="48.68798383511603" lon="6.141614830121398">
        <ele>290.0</ele>
      </trkpt>
      <trkpt lat="48.68815541267395" lon="6.140810251235962">
        <ele>291.0</ele>
      </trkpt>
      <trkpt lat="48.6882305983454" lon="6.140284538269043">
        <ele>293.0</ele>
      </trkpt>
      <trkpt lat="48.688262701034546" lon="6.140112793073058">
        <ele>294.0</ele>
      </trkpt>
      <trkpt lat="48.68836998939514" lon="6.139276027679443">
        <ele>296.0</ele>
      </trkpt>
      <trkpt lat="48.68861675262451" lon="6.137988483533263">
        <ele>298.0</ele>
      </trkpt>
      <trkpt lat="48.68867039680481" lon="6.137666618451476">
        <ele>299.0</ele>
      </trkpt>
      <trkpt lat="48.68867031298578" lon="6.137666618451476">
        <ele>301.0</ele>
      </trkpt>
      <trkpt lat="48.68874549865723" lon="6.137216091156006">
        <ele>303.0</ele>
      </trkpt>
      <trkpt lat="48.688788414001465" lon="6.136711752042174">
        <ele>305.0</ele>
      </trkpt>
      <trkpt lat="48.688799226656556" lon="6.136464988812804">
        <ele>307.0</ele>
      </trkpt>
      <trkpt lat="48.688799226656556" lon="6.136271869763732">
        <ele>309.0</ele>
      </trkpt>
      <trkpt lat="48.688777685165405" lon="6.135960817337036">
        <ele>311.0</ele>
      </trkpt>
      <trkpt lat="48.68876704014838" lon="6.135735511779785">
        <ele>313.0</ele>
      </trkpt>
      <trkpt lat="48.688766956329346" lon="6.135735511779785">
        <ele>315.0</ele>
      </trkpt>
      <trkpt lat="48.688734686002135" lon="6.135402834042907">
        <ele>317.0</ele>
      </trkpt>
      <trkpt lat="48.688777685165405" lon="6.135102426633239">
        <ele>322.0</ele>
      </trkpt>
      <trkpt lat="48.688852870836854" lon="6.134748375043273">
        <ele>323.0</ele>
      </trkpt>
      <trkpt lat="48.68890643119812" lon="6.134512424468994">
        <ele>325.0</ele>
      </trkpt>
      <trkpt lat="48.6889386177063" lon="6.134372865781188">
        <ele>326.0</ele>
      </trkpt>
      <trkpt lat="48.689002990722656" lon="6.134040271863341">
        <ele>328.0</ele>
      </trkpt>
      <trkpt lat="48.68911027908325" lon="6.133525287732482">
        <ele>329.0</ele>
      </trkpt>
      <trkpt lat="48.68914246559143" lon="6.13333216868341">
        <ele>330.0</ele>
      </trkpt>
      <trkpt lat="48.68922838009894" lon="6.132903015241027">
        <ele>331.0</ele>
      </trkpt>
      <trkpt lat="48.689260482788086" lon="6.132709896191955">
        <ele>331.0</ele>
      </trkpt>
      <trkpt lat="48.68920692242682" lon="6.132677709683776">
        <ele>334.0</ele>
      </trkpt>
      <trkpt lat="48.689045989885926" lon="6.132591878995299">
        <ele>332.0</ele>
      </trkpt>
      <trkpt lat="48.68874549865723" lon="6.132420301437378">
        <ele>333.0</ele>
      </trkpt>
      <trkpt lat="48.688520193099976" lon="6.1322378274053335">
        <ele>334.0</ele>
      </trkpt>
      <trkpt lat="48.68833780288696" lon="6.132055437192321">
        <ele>335.0</ele>
      </trkpt>
      <trkpt lat="48.688262617215514" lon="6.131669199094176">
        <ele>336.0</ele>
      </trkpt>
      <trkpt lat="48.68825205601752" lon="6.131604909896851">
        <ele>337.0</ele>
      </trkpt>
      <trkpt lat="48.6882305983454" lon="6.131422435864806">
        <ele>339.0</ele>
      </trkpt>
      <trkpt lat="48.68812322616577" lon="6.13038182258606">
        <ele>341.0</ele>
      </trkpt>
      <trkpt lat="48.68804804049432" lon="6.129105007275939">
        <ele>342.0</ele>
      </trkpt>
      <trkpt lat="48.68867031298578" lon="6.128965616226196">
        <ele>343.0</ele>
      </trkpt>
      <trkpt lat="48.68870249949396" lon="6.128976261243224">
        <ele>343.0</ele>
      </trkpt>
      <trkpt lat="48.688777685165405" lon="6.129759466275573">
        <ele>343.0</ele>
      </trkpt>
      <trkpt lat="48.688799142837524" lon="6.129802465438843">
        <ele>344.0</ele>
      </trkpt>
      <trkpt lat="48.6888313293457" lon="6.1298346519470215">
        <ele>344.0</ele>
      </trkpt>
      <trkpt lat="48.68892051279545" lon="6.1298346519470215">
        <ele>349.0</ele>
      </trkpt>
    </trkseg>
  </trk>
</gpx>
