<?xml version="1.0" encoding="UTF-8"?>
<gpx creator="Garmin Connect" version="1.1"
  xsi:schemaLocation="http://www.topografix.com/GPX/1/1 http://www.topografix.com/GPX/11.xsd"
  xmlns:ns3="http://www.garmin.com/xmlschemas/TrackPointExtension/v1"
  xmlns="http://www.topografix.com/GPX/1/1"
  xmlns:xsi="http://www.w3.org/2001/XMLSchema-instance" xmlns:ns2="http://www.garmin.com/xmlschemas/GpxExtensions/v3">
  <metadata>
    <name>103 – La Planche des Belles Filles</name>
    <link href="connect.garmin.com">
      <text>Garmin Connect</text>
    </link>
    <time>2024-04-20T07:40:48.000Z</time>
  </metadata>
  <trk>
    <name>103 – La Planche des Belles Filles</name>
    <trkseg>
      <trkpt lat="47.91502995416522" lon="6.667409939691424">
        <ele>427.07</ele>
      </trkpt>
      <trkpt lat="47.91481998749077" lon="6.667649997398257">
        <ele>427.03</ele>
      </trkpt>
      <trkpt lat="47.914669951424" lon="6.667769942432642">
        <ele>427.07</ele>
      </trkpt>
      <trkpt lat="47.91416997089982" lon="6.667119925841689">
        <ele>427.22</ele>
      </trkpt>
      <trkpt lat="47.91362992487848" lon="6.66769995354116">
        <ele>427.33</ele>
      </trkpt>
      <trkpt lat="47.91308996267617" lon="6.66827998124063">
        <ele>427.62</ele>
      </trkpt>
      <trkpt lat="47.91240993887186" lon="6.669011972844601">
        <ele>427.97</ele>
      </trkpt>
      <trkpt lat="47.911729998886585" lon="6.669744048267603">
        <ele>428.91</ele>
      </trkpt>
      <trkpt lat="47.91104997508228" lon="6.6704760398715734">
        <ele>429.33</ele>
      </trkpt>
      <trkpt lat="47.91036995127797" lon="6.671208031475544">
        <ele>429.93</ele>
      </trkpt>
      <trkpt lat="47.909689927473664" lon="6.671939939260483">
        <ele>430.44</ele>
      </trkpt>
      <trkpt lat="47.90928994305432" lon="6.672399938106537">
        <ele>431.06</ele>
      </trkpt>
      <trkpt lat="47.90891996584833" lon="6.672929925844073">
        <ele>431.75</ele>
      </trkpt>
      <trkpt lat="47.90851998142898" lon="6.67362998239696">
        <ele>432.54</ele>
      </trkpt>
      <trkpt lat="47.90819996036589" lon="6.67433992959559">
        <ele>433.3</ele>
      </trkpt>
      <trkpt lat="47.90797993540764" lon="6.674929931759834">
        <ele>434.04</ele>
      </trkpt>
      <trkpt lat="47.90771992877126" lon="6.675869962200522">
        <ele>434.93</ele>
      </trkpt>
      <trkpt lat="47.907539969310164" lon="6.676829941570759">
        <ele>436.33</ele>
      </trkpt>
      <trkpt lat="47.90741600096226" lon="6.677979938685894">
        <ele>436.99</ele>
      </trkpt>
      <trkpt lat="47.90729203261435" lon="6.679129935801029">
        <ele>437.8</ele>
      </trkpt>
      <trkpt lat="47.90716798044741" lon="6.680279932916164">
        <ele>438.98</ele>
      </trkpt>
      <trkpt lat="47.907044012099504" lon="6.6814299300313">
        <ele>440.13</ele>
      </trkpt>
      <trkpt lat="47.906919959932566" lon="6.682579927146435">
        <ele>441.3</ele>
      </trkpt>
      <trkpt lat="47.90683999657631" lon="6.683829920366406">
        <ele>442.47</ele>
      </trkpt>
      <trkpt lat="47.90681996382773" lon="6.68505996465683">
        <ele>443.63</ele>
      </trkpt>
      <trkpt lat="47.9068299382925" lon="6.685969987884164">
        <ele>444.71</ele>
      </trkpt>
      <trkpt lat="47.906874949112535" lon="6.686724945902824">
        <ele>445.96</ele>
      </trkpt>
      <trkpt lat="47.906919959932566" lon="6.687479987740517">
        <ele>447.05</ele>
      </trkpt>
      <trkpt lat="47.90703998878598" lon="6.688625626266003">
        <ele>448.15</ele>
      </trkpt>
      <trkpt lat="47.9071600176394" lon="6.68977134861052">
        <ele>449.32</ele>
      </trkpt>
      <trkpt lat="47.907280046492815" lon="6.690917070955038">
        <ele>450.29</ele>
      </trkpt>
      <trkpt lat="47.9073999915272" lon="6.692062793299556">
        <ele>451.34</ele>
      </trkpt>
      <trkpt lat="47.907520020380616" lon="6.6932085156440735">
        <ele>452.41</ele>
      </trkpt>
      <trkpt lat="47.907639965415" lon="6.694354237988591">
        <ele>453.31</ele>
      </trkpt>
      <trkpt lat="47.90775999426842" lon="6.695499960333109">
        <ele>453.77</ele>
      </trkpt>
      <trkpt lat="47.90781497955322" lon="6.696204962208867">
        <ele>454.16</ele>
      </trkpt>
      <trkpt lat="47.90786996483803" lon="6.696909964084625">
        <ele>454.69</ele>
      </trkpt>
      <trkpt lat="47.907859990373254" lon="6.697459984570742">
        <ele>455.3</ele>
      </trkpt>
      <trkpt lat="47.907799975946546" lon="6.69805996119976">
        <ele>455.81</ele>
      </trkpt>
      <trkpt lat="47.907669972628355" lon="6.6987499594688416">
        <ele>456.06</ele>
      </trkpt>
      <trkpt lat="47.90754994377494" lon="6.6991799511015415">
        <ele>456.35</ele>
      </trkpt>
      <trkpt lat="47.90741994045675" lon="6.699559986591339">
        <ele>456.67</ele>
      </trkpt>
      <trkpt lat="47.90716999210417" lon="6.700149988755584">
        <ele>456.99</ele>
      </trkpt>
      <trkpt lat="47.9068299382925" lon="6.700719958171248">
        <ele>457.24</ele>
      </trkpt>
      <trkpt lat="47.906317468732595" lon="6.701462510973215">
        <ele>457.14</ele>
      </trkpt>
      <trkpt lat="47.90580499917269" lon="6.70220497995615">
        <ele>457.13</ele>
      </trkpt>
      <trkpt lat="47.90529244579375" lon="6.702947448939085">
        <ele>457.03</ele>
      </trkpt>
      <trkpt lat="47.90477997623384" lon="6.70368991792202">
        <ele>456.86</ele>
      </trkpt>
      <trkpt lat="47.90414999239147" lon="6.704596001654863">
        <ele>456.94</ele>
      </trkpt>
      <trkpt lat="47.903520008549094" lon="6.705502001568675">
        <ele>456.73</ele>
      </trkpt>
      <trkpt lat="47.90288994088769" lon="6.706408001482487">
        <ele>456.78</ele>
      </trkpt>
      <trkpt lat="47.90225995704532" lon="6.707314001396298">
        <ele>456.86</ele>
      </trkpt>
      <trkpt lat="47.901629973202944" lon="6.708219917491078">
        <ele>456.98</ele>
      </trkpt>
      <trkpt lat="47.90129997767508" lon="6.708719981834292">
        <ele>456.86</ele>
      </trkpt>
      <trkpt lat="47.90096998214722" lon="6.709219962358475">
        <ele>456.96</ele>
      </trkpt>
      <trkpt lat="47.90058500133455" lon="6.709879953414202">
        <ele>456.89</ele>
      </trkpt>
      <trkpt lat="47.90019993670285" lon="6.710539944469929">
        <ele>456.91</ele>
      </trkpt>
      <trkpt lat="47.89965000003576" lon="6.71159204095602">
        <ele>456.96</ele>
      </trkpt>
      <trkpt lat="47.899099979549646" lon="6.71264405362308">
        <ele>457.09</ele>
      </trkpt>
      <trkpt lat="47.89854995906353" lon="6.71369606629014">
        <ele>457.09</ele>
      </trkpt>
      <trkpt lat="47.897999938577414" lon="6.714747995138168">
        <ele>457.16</ele>
      </trkpt>
      <trkpt lat="47.8974499180913" lon="6.7157999239861965">
        <ele>457.2</ele>
      </trkpt>
      <trkpt lat="47.89729996584356" lon="6.716109970584512">
        <ele>457.41</ele>
      </trkpt>
      <trkpt lat="47.89699997752905" lon="6.716809943318367">
        <ele>457.58</ele>
      </trkpt>
      <trkpt lat="47.89678992703557" lon="6.717409919947386">
        <ele>457.87</ele>
      </trkpt>
      <trkpt lat="47.896539978682995" lon="6.7184599209576845">
        <ele>458.1</ele>
      </trkpt>
      <trkpt lat="47.89646998979151" lon="6.718859989196062">
        <ele>458.32</ele>
      </trkpt>
      <trkpt lat="47.89633001200855" lon="6.719877468422055">
        <ele>458.72</ele>
      </trkpt>
      <trkpt lat="47.89618995040655" lon="6.720894947648048">
        <ele>459.11</ele>
      </trkpt>
      <trkpt lat="47.89604997262359" lon="6.721912426874042">
        <ele>459.33</ele>
      </trkpt>
      <trkpt lat="47.89590999484062" lon="6.722929989919066">
        <ele>459.76</ele>
      </trkpt>
      <trkpt lat="47.89570991881192" lon="6.723859962075949">
        <ele>460.08</ele>
      </trkpt>
      <trkpt lat="47.89547991938889" lon="6.724669989198446">
        <ele>460.35</ele>
      </trkpt>
      <trkpt lat="47.8951099421829" lon="6.725589986890554">
        <ele>460.87</ele>
      </trkpt>
      <trkpt lat="47.894779946655035" lon="6.726219970732927">
        <ele>461.27</ele>
      </trkpt>
      <trkpt lat="47.89452999830246" lon="6.726629929617047">
        <ele>461.75</ele>
      </trkpt>
      <trkpt lat="47.894369987770915" lon="6.726859929040074">
        <ele>462.28</ele>
      </trkpt>
      <trkpt lat="47.894024988636374" lon="6.727294949814677">
        <ele>462.8</ele>
      </trkpt>
      <trkpt lat="47.893679989501834" lon="6.72772997058928">
        <ele>463.2</ele>
      </trkpt>
      <trkpt lat="47.89302997291088" lon="6.728489957749844">
        <ele>463.76</ele>
      </trkpt>
      <trkpt lat="47.893039947375655" lon="6.728489957749844">
        <ele>464.25</ele>
      </trkpt>
      <trkpt lat="47.892869962379336" lon="6.728699924424291">
        <ele>464.71</ele>
      </trkpt>
      <trkpt lat="47.89268991909921" lon="6.728969989344478">
        <ele>465.09</ele>
      </trkpt>
      <trkpt lat="47.89235992357135" lon="6.729529984295368">
        <ele>465.47</ele>
      </trkpt>
      <trkpt lat="47.89209991693497" lon="6.730019990354776">
        <ele>466.07</ele>
      </trkpt>
      <trkpt lat="47.891879975795746" lon="6.730519970878959">
        <ele>466.68</ele>
      </trkpt>
      <trkpt lat="47.891599936410785" lon="6.731269983574748">
        <ele>467.39</ele>
      </trkpt>
      <trkpt lat="47.89135996252298" lon="6.7320299707353115">
        <ele>467.98</ele>
      </trkpt>
      <trkpt lat="47.89119995199144" lon="6.7326699290424585">
        <ele>468.4</ele>
      </trkpt>
      <trkpt lat="47.8910999558866" lon="6.733239982277155">
        <ele>469.06</ele>
      </trkpt>
      <trkpt lat="47.89092494174838" lon="6.734394924715161">
        <ele>469.81</ele>
      </trkpt>
      <trkpt lat="47.89074992761016" lon="6.735549950972199">
        <ele>470.52</ele>
      </trkpt>
      <trkpt lat="47.89064993150532" lon="6.735969968140125">
        <ele>471.28</ele>
      </trkpt>
      <trkpt lat="47.89051992818713" lon="6.736359978094697">
        <ele>471.97</ele>
      </trkpt>
      <trkpt lat="47.89022999815643" lon="6.7370999325066805">
        <ele>472.52</ele>
      </trkpt>
      <trkpt lat="47.88995993323624" lon="6.737699992954731">
        <ele>473.08</ele>
      </trkpt>
      <trkpt lat="47.8897999227047" lon="6.7379899229854345">
        <ele>473.69</ele>
      </trkpt>
      <trkpt lat="47.889709984883666" lon="6.738109951838851">
        <ele>474.31</ele>
      </trkpt>
      <trkpt lat="47.88949993439019" lon="6.738349925726652">
        <ele>474.95</ele>
      </trkpt>
      <trkpt lat="47.88888000883162" lon="6.739202449098229">
        <ele>475.66</ele>
      </trkpt>
      <trkpt lat="47.88825999945402" lon="6.740054972469807">
        <ele>476.2</ele>
      </trkpt>
      <trkpt lat="47.88763999007642" lon="6.740907495841384">
        <ele>476.82</ele>
      </trkpt>
      <trkpt lat="47.887019980698824" lon="6.7417599353939295">
        <ele>477.55</ele>
      </trkpt>
      <trkpt lat="47.88690992631018" lon="6.741939978674054">
        <ele>478.2</ele>
      </trkpt>
      <trkpt lat="47.886809930205345" lon="6.741959927603602">
        <ele>478.85</ele>
      </trkpt>
      <trkpt lat="47.88651991635561" lon="6.7424899991601706">
        <ele>479.48</ele>
      </trkpt>
      <trkpt lat="47.88587333634496" lon="6.743373284116387">
        <ele>480.18</ele>
      </trkpt>
      <trkpt lat="47.88522667251527" lon="6.744256652891636">
        <ele>480.83</ele>
      </trkpt>
      <trkpt lat="47.88457992486656" lon="6.745139937847853">
        <ele>481.5</ele>
      </trkpt>
      <trkpt lat="47.88453994318843" lon="6.745249992236495">
        <ele>482.15</ele>
      </trkpt>
      <trkpt lat="47.88453994318843" lon="6.745339930057526">
        <ele>482.79</ele>
      </trkpt>
      <trkpt lat="47.884289994835854" lon="6.745669925585389">
        <ele>483.5</ele>
      </trkpt>
      <trkpt lat="47.883949941024184" lon="6.746199997141957">
        <ele>484.28</ele>
      </trkpt>
      <trkpt lat="47.88360997103155" lon="6.746729984879494">
        <ele>484.95</ele>
      </trkpt>
      <trkpt lat="47.88313999772072" lon="6.747419983148575">
        <ele>485.66</ele>
      </trkpt>
      <trkpt lat="47.88266499526799" lon="6.7482199519872665">
        <ele>486.46</ele>
      </trkpt>
      <trkpt lat="47.882189992815256" lon="6.749019920825958">
        <ele>487.18</ele>
      </trkpt>
      <trkpt lat="47.88176327012479" lon="6.749783344566822">
        <ele>487.82</ele>
      </trkpt>
      <trkpt lat="47.88133663125336" lon="6.750546600669622">
        <ele>488.68</ele>
      </trkpt>
      <trkpt lat="47.88090999238193" lon="6.7513099405914545">
        <ele>489.47</ele>
      </trkpt>
      <trkpt lat="47.880859952419996" lon="6.751479925587773">
        <ele>490.16</ele>
      </trkpt>
      <trkpt lat="47.88043993525207" lon="6.7522199638187885">
        <ele>490.85</ele>
      </trkpt>
      <trkpt lat="47.879929980263114" lon="6.753029990941286">
        <ele>491.48</ele>
      </trkpt>
      <trkpt lat="47.87942999973893" lon="6.753699956461787">
        <ele>492.02</ele>
      </trkpt>
      <trkpt lat="47.87892993539572" lon="6.754369921982288">
        <ele>492.65</ele>
      </trkpt>
      <trkpt lat="47.87828494794667" lon="6.755124963819981">
        <ele>493.37</ele>
      </trkpt>
      <trkpt lat="47.87763996049762" lon="6.755879921838641">
        <ele>493.95</ele>
      </trkpt>
      <trkpt lat="47.877249950543046" lon="6.756349978968501">
        <ele>494.62</ele>
      </trkpt>
      <trkpt lat="47.87696999497712" lon="6.756609985604882">
        <ele>495.26</ele>
      </trkpt>
      <trkpt lat="47.876859940588474" lon="6.756759937852621">
        <ele>495.74</ele>
      </trkpt>
      <trkpt lat="47.876449981704354" lon="6.757439961656928">
        <ele>496.05</ele>
      </trkpt>
      <trkpt lat="47.8760399390012" lon="6.758119985461235">
        <ele>496.65</ele>
      </trkpt>
      <trkpt lat="47.87577498704195" lon="6.75866992212832">
        <ele>496.97</ele>
      </trkpt>
      <trkpt lat="47.875509951263666" lon="6.759219942614436">
        <ele>497.29</ele>
      </trkpt>
      <trkpt lat="47.87540995515883" lon="6.759469974786043">
        <ele>497.61</ele>
      </trkpt>
      <trkpt lat="47.87529998458922" lon="6.759819919243455">
        <ele>497.93</ele>
      </trkpt>
      <trkpt lat="47.87510996684432" lon="6.760709993541241">
        <ele>498.37</ele>
      </trkpt>
      <trkpt lat="47.87504995241761" lon="6.761119952425361">
        <ele>498.63</ele>
      </trkpt>
      <trkpt lat="47.87503997795284" lon="6.761709954589605">
        <ele>498.88</ele>
      </trkpt>
      <trkpt lat="47.874989937990904" lon="6.762229967862368">
        <ele>499.11</ele>
      </trkpt>
      <trkpt lat="47.874989937990904" lon="6.762679992243648">
        <ele>499.4</ele>
      </trkpt>
      <trkpt lat="47.874969989061356" lon="6.762799937278032">
        <ele>499.66</ele>
      </trkpt>
      <trkpt lat="47.875079959630966" lon="6.7631099838763475">
        <ele>499.88</ele>
      </trkpt>
      <trkpt lat="47.874969989061356" lon="6.763329925015569">
        <ele>500.09</ele>
      </trkpt>
      <trkpt lat="47.874939981848" lon="6.763819931074977">
        <ele>500.32</ele>
      </trkpt>
      <trkpt lat="47.874939981848" lon="6.76446994766593">
        <ele>500.59</ele>
      </trkpt>
      <trkpt lat="47.87500745616853" lon="6.765702422708273">
        <ele>500.92</ele>
      </trkpt>
      <trkpt lat="47.875075014308095" lon="6.766934981569648">
        <ele>500.98</ele>
      </trkpt>
      <trkpt lat="47.875142488628626" lon="6.768167456611991">
        <ele>501.45</ele>
      </trkpt>
      <trkpt lat="47.87520996294916" lon="6.769399931654334">
        <ele>501.85</ele>
      </trkpt>
      <trkpt lat="47.875274922698736" lon="6.770334932953119">
        <ele>502.23</ele>
      </trkpt>
      <trkpt lat="47.87533996626735" lon="6.7712699342519045">
        <ele>502.48</ele>
      </trkpt>
      <trkpt lat="47.87541599012911" lon="6.772575918585062">
        <ele>503.03</ele>
      </trkpt>
      <trkpt lat="47.87549201399088" lon="6.773881986737251">
        <ele>503.38</ele>
      </trkpt>
      <trkpt lat="47.875568037852645" lon="6.775187971070409">
        <ele>503.62</ele>
      </trkpt>
      <trkpt lat="47.87564397789538" lon="6.776493955403566">
        <ele>504.15</ele>
      </trkpt>
      <trkpt lat="47.87571991793811" lon="6.777799939736724">
        <ele>504.6</ele>
      </trkpt>
      <trkpt lat="47.87573995068669" lon="6.7784099746495485">
        <ele>505.03</ele>
      </trkpt>
      <trkpt lat="47.87572997622192" lon="6.778979944065213">
        <ele>505.38</ele>
      </trkpt>
      <trkpt lat="47.875699969008565" lon="6.779539939016104">
        <ele>505.74</ele>
      </trkpt>
      <trkpt lat="47.87563995458186" lon="6.77995995618403">
        <ele>506.16</ele>
      </trkpt>
      <trkpt lat="47.87546996958554" lon="6.780899986624718">
        <ele>506.71</ele>
      </trkpt>
      <trkpt lat="47.87534994073212" lon="6.781409941613674">
        <ele>507.23</ele>
      </trkpt>
      <trkpt lat="47.875139974057674" lon="6.782089965417981">
        <ele>507.69</ele>
      </trkpt>
      <trkpt lat="47.874969989061356" lon="6.782509982585907">
        <ele>508.17</ele>
      </trkpt>
      <trkpt lat="47.874579979106784" lon="6.783229988068342">
        <ele>508.74</ele>
      </trkpt>
      <trkpt lat="47.87448995746672" lon="6.783379940316081">
        <ele>509.24</ele>
      </trkpt>
      <trkpt lat="47.87422995083034" lon="6.7837299685925245">
        <ele>509.79</ele>
      </trkpt>
      <trkpt lat="47.87389995530248" lon="6.784264985471964">
        <ele>510.19</ele>
      </trkpt>
      <trkpt lat="47.87356995977461" lon="6.7847999185323715">
        <ele>510.64</ele>
      </trkpt>
      <trkpt lat="47.87336996756494" lon="6.785219935700297">
        <ele>511.03</ele>
      </trkpt>
      <trkpt lat="47.87314994260669" lon="6.78584991954267">
        <ele>511.49</ele>
      </trkpt>
      <trkpt lat="47.87293494679034" lon="6.7865699250251055">
        <ele>511.87</ele>
      </trkpt>
      <trkpt lat="47.87271995097399" lon="6.787289930507541">
        <ele>512.5</ele>
      </trkpt>
      <trkpt lat="47.872649962082505" lon="6.7874799482524395">
        <ele>512.97</ele>
      </trkpt>
      <trkpt lat="47.87254996597767" lon="6.787619926035404">
        <ele>513.45</ele>
      </trkpt>
      <trkpt lat="47.87218996323645" lon="6.788409920409322">
        <ele>513.77</ele>
      </trkpt>
      <trkpt lat="47.871939931064844" lon="6.788779981434345">
        <ele>514.26</ele>
      </trkpt>
      <trkpt lat="47.871469957754016" lon="6.78932991810143">
        <ele>514.71</ele>
      </trkpt>
      <trkpt lat="47.87081994116306" lon="6.790049923583865">
        <ele>515.37</ele>
      </trkpt>
      <trkpt lat="47.8704399894923" lon="6.790379919111729">
        <ele>515.88</ele>
      </trkpt>
      <trkpt lat="47.8696799185127" lon="6.790909990668297">
        <ele>516.5</ele>
      </trkpt>
      <trkpt lat="47.86911497823894" lon="6.791254989802837">
        <ele>517.22</ele>
      </trkpt>
      <trkpt lat="47.86854995414615" lon="6.791599988937378">
        <ele>517.8</ele>
      </trkpt>
      <trkpt lat="47.867989959195256" lon="6.79207993671298">
        <ele>518.43</ele>
      </trkpt>
      <trkpt lat="47.8675299603492" lon="6.792659964412451">
        <ele>519.04</ele>
      </trkpt>
      <trkpt lat="47.8670999687165" lon="6.7934599332511425">
        <ele>519.58</ele>
      </trkpt>
      <trkpt lat="47.866739965975285" lon="6.794439945369959">
        <ele>520.35</ele>
      </trkpt>
      <trkpt lat="47.86663996987045" lon="6.794899944216013">
        <ele>521.05</ele>
      </trkpt>
      <trkpt lat="47.86655992269516" lon="6.795339994132519">
        <ele>521.8</ele>
      </trkpt>
      <trkpt lat="47.86645992659032" lon="6.796519998461008">
        <ele>522.48</ele>
      </trkpt>
      <trkpt lat="47.866374934092164" lon="6.797744929790497">
        <ele>523.2</ele>
      </trkpt>
      <trkpt lat="47.866289941594005" lon="6.798969944939017">
        <ele>523.85</ele>
      </trkpt>
      <trkpt lat="47.866224981844425" lon="6.799714928492904">
        <ele>524.53</ele>
      </trkpt>
      <trkpt lat="47.866159938275814" lon="6.800459995865822">
        <ele>525.22</ele>
      </trkpt>
      <trkpt lat="47.86602993495762" lon="6.801429949700832">
        <ele>525.8</ele>
      </trkpt>
      <trkpt lat="47.86594997160137" lon="6.801739996299148">
        <ele>526.44</ele>
      </trkpt>
      <trkpt lat="47.865669932216406" lon="6.8025499396026134">
        <ele>527.35</ele>
      </trkpt>
      <trkpt lat="47.86534999497235" lon="6.803169948980212">
        <ele>528.05</ele>
      </trkpt>
      <trkpt lat="47.86509996280074" lon="6.803559958934784">
        <ele>528.68</ele>
      </trkpt>
      <trkpt lat="47.86491991952062" lon="6.803799932822585">
        <ele>529.43</ele>
      </trkpt>
      <trkpt lat="47.86442999728024" lon="6.804319946095347">
        <ele>530.15</ele>
      </trkpt>
      <trkpt lat="47.863989947363734" lon="6.804629992693663">
        <ele>530.85</ele>
      </trkpt>
      <trkpt lat="47.86372994072735" lon="6.8047799449414015">
        <ele>531.57</ele>
      </trkpt>
      <trkpt lat="47.8630299679935" lon="6.8050099443644285">
        <ele>532.72</ele>
      </trkpt>
      <trkpt lat="47.86260995082557" lon="6.805049926042557">
        <ele>533.3</ele>
      </trkpt>
      <trkpt lat="47.862079963088036" lon="6.80498999543488">
        <ele>533.78</ele>
      </trkpt>
      <trkpt lat="47.861329950392246" lon="6.8047799449414015">
        <ele>534.43</ele>
      </trkpt>
      <trkpt lat="47.860899958759546" lon="6.804719930514693">
        <ele>535.03</ele>
      </trkpt>
      <trkpt lat="47.86057993769646" lon="6.804719930514693">
        <ele>535.57</ele>
      </trkpt>
      <trkpt lat="47.859759936109185" lon="6.804889999330044">
        <ele>536.19</ele>
      </trkpt>
      <trkpt lat="47.85898243077099" lon="6.805250002071261">
        <ele>536.92</ele>
      </trkpt>
      <trkpt lat="47.8582049254328" lon="6.805610004812479">
        <ele>537.84</ele>
      </trkpt>
      <trkpt lat="47.85742742009461" lon="6.805970007553697">
        <ele>538.42</ele>
      </trkpt>
      <trkpt lat="47.85664999857545" lon="6.8063299264758825">
        <ele>538.86</ele>
      </trkpt>
      <trkpt lat="47.85581993870437" lon="6.80672999471426">
        <ele>539.54</ele>
      </trkpt>
      <trkpt lat="47.85523999482393" lon="6.807149928063154">
        <ele>540.12</ele>
      </trkpt>
      <trkpt lat="47.854879992082715" lon="6.807499956339598">
        <ele>540.65</ele>
      </trkpt>
      <trkpt lat="47.85443994216621" lon="6.8080999329686165">
        <ele>541.32</ele>
      </trkpt>
      <trkpt lat="47.85409997217357" lon="6.808749949559569">
        <ele>542.07</ele>
      </trkpt>
      <trkpt lat="47.8538999799639" lon="6.809219922870398">
        <ele>542.6</ele>
      </trkpt>
      <trkpt lat="47.853659922257066" lon="6.81016992777586">
        <ele>542.78</ele>
      </trkpt>
      <trkpt lat="47.853569984436035" lon="6.810739981010556">
        <ele>543.26</ele>
      </trkpt>
      <trkpt lat="47.85349999554455" lon="6.811539949849248">
        <ele>543.99</ele>
      </trkpt>
      <trkpt lat="47.8535199444741" lon="6.812309995293617">
        <ele>544.63</ele>
      </trkpt>
      <trkpt lat="47.85363997332752" lon="6.813464937731624">
        <ele>545.0</ele>
      </trkpt>
      <trkpt lat="47.8537599183619" lon="6.814619963988662">
        <ele>545.81</ele>
      </trkpt>
      <trkpt lat="47.853869972750545" lon="6.814789948984981">
        <ele>546.34</ele>
      </trkpt>
      <trkpt lat="47.853979943320155" lon="6.814879970625043">
        <ele>546.83</ele>
      </trkpt>
      <trkpt lat="47.85404993221164" lon="6.8150099739432335">
        <ele>547.33</ele>
      </trkpt>
      <trkpt lat="47.8540899977088" lon="6.815159926190972">
        <ele>547.87</ele>
      </trkpt>
      <trkpt lat="47.85393996164203" lon="6.815699972212315">
        <ele>548.62</ele>
      </trkpt>
      <trkpt lat="47.8538999799639" lon="6.816019993275404">
        <ele>549.28</ele>
      </trkpt>
      <trkpt lat="47.85387994721532" lon="6.8163499888032675">
        <ele>549.92</ele>
      </trkpt>
      <trkpt lat="47.85387994721532" lon="6.816639918833971">
        <ele>550.65</ele>
      </trkpt>
      <trkpt lat="47.8539499361068" lon="6.817229920998216">
        <ele>551.41</ele>
      </trkpt>
      <trkpt lat="47.8540899977088" lon="6.817719927057624">
        <ele>552.16</ele>
      </trkpt>
      <trkpt lat="47.854189993813634" lon="6.817959984764457">
        <ele>552.91</ele>
      </trkpt>
      <trkpt lat="47.854319997131824" lon="6.818199958652258">
        <ele>553.65</ele>
      </trkpt>
      <trkpt lat="47.85460992716253" lon="6.818639924749732">
        <ele>554.36</ele>
      </trkpt>
      <trkpt lat="47.85499499179423" lon="6.819124985486269">
        <ele>555.2</ele>
      </trkpt>
      <trkpt lat="47.8553799726069" lon="6.819609962403774">
        <ele>556.24</ele>
      </trkpt>
      <trkpt lat="47.855309983715415" lon="6.819749940186739">
        <ele>557.23</ele>
      </trkpt>
      <trkpt lat="47.85525994375348" lon="6.819929983466864">
        <ele>558.3</ele>
      </trkpt>
      <trkpt lat="47.85524996928871" lon="6.820299960672855">
        <ele>559.44</ele>
      </trkpt>
      <trkpt lat="47.85523999482393" lon="6.820919970050454">
        <ele>560.69</ele>
      </trkpt>
      <trkpt lat="47.85525994375348" lon="6.821169918403029">
        <ele>561.9</ele>
      </trkpt>
      <trkpt lat="47.8553799726069" lon="6.821819934993982">
        <ele>563.28</ele>
      </trkpt>
      <trkpt lat="47.85529992543161" lon="6.822379929944873">
        <ele>564.82</ele>
      </trkpt>
      <trkpt lat="47.855309983715415" lon="6.822469951584935">
        <ele>566.19</ele>
      </trkpt>
      <trkpt lat="47.85538994707167" lon="6.822659969329834">
        <ele>567.63</ele>
      </trkpt>
      <trkpt lat="47.85549991764128" lon="6.822789972648025">
        <ele>569.0</ele>
      </trkpt>
      <trkpt lat="47.85612998530269" lon="6.823389949277043">
        <ele>570.38</ele>
      </trkpt>
      <trkpt lat="47.85654991865158" lon="6.823819940909743">
        <ele>571.91</ele>
      </trkpt>
      <trkpt lat="47.856709929183125" lon="6.82406997308135">
        <ele>573.32</ele>
      </trkpt>
      <trkpt lat="47.85675996914506" lon="6.824239958077669">
        <ele>574.76</ele>
      </trkpt>
      <trkpt lat="47.85680992528796" lon="6.824579928070307">
        <ele>576.32</ele>
      </trkpt>
      <trkpt lat="47.85686993971467" lon="6.82490992359817">
        <ele>577.83</ele>
      </trkpt>
      <trkpt lat="47.85686993971467" lon="6.825039926916361">
        <ele>579.24</ele>
      </trkpt>
      <trkpt lat="47.85681998357177" lon="6.825189962983131">
        <ele>580.66</ele>
      </trkpt>
      <trkpt lat="47.85677991807461" lon="6.82522994466126">
        <ele>582.02</ele>
      </trkpt>
      <trkpt lat="47.85671998746693" lon="6.825239919126034">
        <ele>583.37</ele>
      </trkpt>
      <trkpt lat="47.85667992196977" lon="6.82522994466126">
        <ele>584.69</ele>
      </trkpt>
      <trkpt lat="47.85663994029164" lon="6.8251999374479055">
        <ele>586.01</ele>
      </trkpt>
      <trkpt lat="47.85651999525726" lon="6.824919981881976">
        <ele>587.29</ele>
      </trkpt>
      <trkpt lat="47.85639996640384" lon="6.824699956923723">
        <ele>588.55</ele>
      </trkpt>
      <trkpt lat="47.856279937550426" lon="6.824569953605533">
        <ele>589.84</ele>
      </trkpt>
      <trkpt lat="47.85572991706431" lon="6.824229983612895">
        <ele>591.26</ele>
      </trkpt>
      <trkpt lat="47.85550997592509" lon="6.824119929224253">
        <ele>592.68</ele>
      </trkpt>
      <trkpt lat="47.85535993985832" lon="6.824099980294704">
        <ele>594.09</ele>
      </trkpt>
      <trkpt lat="47.855269918218255" lon="6.824109954759479">
        <ele>595.46</ele>
      </trkpt>
      <trkpt lat="47.85520998761058" lon="6.824139961972833">
        <ele>596.86</ele>
      </trkpt>
      <trkpt lat="47.855189954862" lon="6.824289998039603">
        <ele>598.35</ele>
      </trkpt>
      <trkpt lat="47.85521996207535" lon="6.82436996139586">
        <ele>599.74</ele>
      </trkpt>
      <trkpt lat="47.85535993985832" lon="6.8245399463921785">
        <ele>601.11</ele>
      </trkpt>
      <trkpt lat="47.85548994317651" lon="6.824729964137077">
        <ele>602.53</ele>
      </trkpt>
      <trkpt lat="47.855609972029924" lon="6.825039926916361">
        <ele>604.05</ele>
      </trkpt>
      <trkpt lat="47.85572991706431" lon="6.825479976832867">
        <ele>605.55</ele>
      </trkpt>
      <trkpt lat="47.85574994981289" lon="6.825729925185442">
        <ele>607.14</ele>
      </trkpt>
      <trkpt lat="47.855719942599535" lon="6.82580997236073">
        <ele>608.68</ele>
      </trkpt>
      <trkpt lat="47.85568993538618" lon="6.825829921290278">
        <ele>610.23</ele>
      </trkpt>
      <trkpt lat="47.855609972029924" lon="6.82580997236073">
        <ele>611.83</ele>
      </trkpt>
      <trkpt lat="47.85514997318387" lon="6.824889974668622">
        <ele>613.33</ele>
      </trkpt>
      <trkpt lat="47.855099933221936" lon="6.824849992990494">
        <ele>614.92</ele>
      </trkpt>
      <trkpt lat="47.8549999371171" lon="6.824859967455268">
        <ele>616.66</ele>
      </trkpt>
      <trkpt lat="47.85495995543897" lon="6.824889974668622">
        <ele>618.35</ele>
      </trkpt>
      <trkpt lat="47.85491997376084" lon="6.825019977986813">
        <ele>620.16</ele>
      </trkpt>
      <trkpt lat="47.855009995400906" lon="6.825429936870933">
        <ele>622.03</ele>
      </trkpt>
      <trkpt lat="47.85507998429239" lon="6.825909968465567">
        <ele>623.67</ele>
      </trkpt>
      <trkpt lat="47.85506992600858" lon="6.826459988951683">
        <ele>625.37</ele>
      </trkpt>
      <trkpt lat="47.8549999371171" lon="6.826809933409095">
        <ele>627.09</ele>
      </trkpt>
      <trkpt lat="47.854599952697754" lon="6.827809978276491">
        <ele>628.97</ele>
      </trkpt>
      <trkpt lat="47.854429967701435" lon="6.828049952164292">
        <ele>630.67</ele>
      </trkpt>
      <trkpt lat="47.853979943320155" lon="6.828634925186634">
        <ele>632.37</ele>
      </trkpt>
      <trkpt lat="47.853529918938875" lon="6.8292199820280075">
        <ele>634.43</ele>
      </trkpt>
      <trkpt lat="47.85358993336558" lon="6.829129960387945">
        <ele>635.99</ele>
      </trkpt>
      <trkpt lat="47.85338994115591" lon="6.829429948702455">
        <ele>637.8</ele>
      </trkpt>
      <trkpt lat="47.853009989485145" lon="6.8301099725067616">
        <ele>639.66</ele>
      </trkpt>
      <trkpt lat="47.85291996784508" lon="6.830209968611598">
        <ele>641.28</ele>
      </trkpt>
      <trkpt lat="47.852859953418374" lon="6.830209968611598">
        <ele>642.89</ele>
      </trkpt>
      <trkpt lat="47.852839920669794" lon="6.830199994146824">
        <ele>644.47</ele>
      </trkpt>
      <trkpt lat="47.85278996452689" lon="6.830099998041987">
        <ele>646.1</ele>
      </trkpt>
      <trkpt lat="47.85277999006212" lon="6.830019950866699">
        <ele>647.68</ele>
      </trkpt>
      <trkpt lat="47.85278996452689" lon="6.829569926485419">
        <ele>649.25</ele>
      </trkpt>
      <trkpt lat="47.85276993177831" lon="6.829259963706136">
        <ele>650.82</ele>
      </trkpt>
      <trkpt lat="47.8527099173516" lon="6.828999957069755">
        <ele>652.48</ele>
      </trkpt>
      <trkpt lat="47.852539932355285" lon="6.8285399582237005">
        <ele>654.34</ele>
      </trkpt>
      <trkpt lat="47.852389980107546" lon="6.827939981594682">
        <ele>656.27</ele>
      </trkpt>
      <trkpt lat="47.85232996568084" lon="6.827799919992685">
        <ele>658.13</ele>
      </trkpt>
      <trkpt lat="47.85219996236265" lon="6.827729931101203">
        <ele>660.03</ele>
      </trkpt>
      <trkpt lat="47.85215998068452" lon="6.827729931101203">
        <ele>662.02</ele>
      </trkpt>
      <trkpt lat="47.85192998126149" lon="6.827769996598363">
        <ele>664.1</ele>
      </trkpt>
      <trkpt lat="47.851439975202084" lon="6.827939981594682">
        <ele>666.43</ele>
      </trkpt>
      <trkpt lat="47.851059939712286" lon="6.828099992126226">
        <ele>668.86</ele>
      </trkpt>
      <trkpt lat="47.85063992254436" lon="6.82842998765409">
        <ele>671.5</ele>
      </trkpt>
      <trkpt lat="47.850539926439524" lon="6.828489918261766">
        <ele>674.1</ele>
      </trkpt>
      <trkpt lat="47.85020993091166" lon="6.828549932688475">
        <ele>676.78</ele>
      </trkpt>
      <trkpt lat="47.85007992759347" lon="6.828659987077117">
        <ele>679.62</ele>
      </trkpt>
      <trkpt lat="47.85002997145057" lon="6.828749924898148">
        <ele>682.6</ele>
      </trkpt>
      <trkpt lat="47.849749932065606" lon="6.829509995877743">
        <ele>685.95</ele>
      </trkpt>
      <trkpt lat="47.849509958177805" lon="6.830089939758182">
        <ele>689.28</ele>
      </trkpt>
      <trkpt lat="47.849269984290004" lon="6.830669967457652">
        <ele>692.83</ele>
      </trkpt>
      <trkpt lat="47.84895993769169" lon="6.831149999052286">
        <ele>696.42</ele>
      </trkpt>
      <trkpt lat="47.84868995659053" lon="6.8316299468278885">
        <ele>700.13</ele>
      </trkpt>
      <trkpt lat="47.84854997880757" lon="6.831789957359433">
        <ele>703.81</ele>
      </trkpt>
      <trkpt lat="47.848069947212934" lon="6.832089945673943">
        <ele>707.85</ele>
      </trkpt>
      <trkpt lat="47.847509952262044" lon="6.8323099706321955">
        <ele>711.91</ele>
      </trkpt>
      <trkpt lat="47.847319934517145" lon="6.832359926775098">
        <ele>715.72</ele>
      </trkpt>
      <trkpt lat="47.846909975633025" lon="6.832379959523678">
        <ele>719.69</ele>
      </trkpt>
      <trkpt lat="47.84646992571652" lon="6.832489930093288">
        <ele>723.87</ele>
      </trkpt>
      <trkpt lat="47.846159962937236" lon="6.832529995590448">
        <ele>727.98</ele>
      </trkpt>
      <trkpt lat="47.84592996351421" lon="6.832589926198125">
        <ele>731.91</ele>
      </trkpt>
      <trkpt lat="47.84540995024145" lon="6.832939954474568">
        <ele>736.03</ele>
      </trkpt>
      <trkpt lat="47.84491994418204" lon="6.833209935575724">
        <ele>740.23</ele>
      </trkpt>
      <trkpt lat="47.844329942017794" lon="6.833819970488548">
        <ele>744.66</ele>
      </trkpt>
      <trkpt lat="47.84405996091664" lon="6.834039995446801">
        <ele>748.4</ele>
      </trkpt>
      <trkpt lat="47.843279941007495" lon="6.834359932690859">
        <ele>752.08</ele>
      </trkpt>
      <trkpt lat="47.84302999265492" lon="6.834589932113886">
        <ele>755.72</ele>
      </trkpt>
      <trkpt lat="47.84285992383957" lon="6.834779949858785">
        <ele>759.22</ele>
      </trkpt>
      <trkpt lat="47.84261994995177" lon="6.8350899964571">
        <ele>762.73</ele>
      </trkpt>
      <trkpt lat="47.84235994331539" lon="6.835489980876446">
        <ele>766.13</ele>
      </trkpt>
      <trkpt lat="47.841859962791204" lon="6.836029943078756">
        <ele>769.62</ele>
      </trkpt>
      <trkpt lat="47.84169995225966" lon="6.836149971932173">
        <ele>772.68</ele>
      </trkpt>
      <trkpt lat="47.84165997058153" lon="6.836149971932173">
        <ele>775.53</ele>
      </trkpt>
      <trkpt lat="47.8416099306196" lon="6.836129939183593">
        <ele>778.25</ele>
      </trkpt>
      <trkpt lat="47.84157992340624" lon="6.8360899575054646">
        <ele>780.81</ele>
      </trkpt>
      <trkpt lat="47.84152996726334" lon="6.835989961400628">
        <ele>783.27</ele>
      </trkpt>
      <trkpt lat="47.84150993451476" lon="6.835889965295792">
        <ele>785.58</ele>
      </trkpt>
      <trkpt lat="47.84150993451476" lon="6.835709922015667">
        <ele>787.81</ele>
      </trkpt>
      <trkpt lat="47.841559974476695" lon="6.835309937596321">
        <ele>789.93</ele>
      </trkpt>
      <trkpt lat="47.84167991951108" lon="6.834584986791015">
        <ele>791.94</ele>
      </trkpt>
      <trkpt lat="47.841799948364496" lon="6.8338599521666765">
        <ele>794.19</ele>
      </trkpt>
      <trkpt lat="47.84182995557785" lon="6.833569938316941">
        <ele>795.99</ele>
      </trkpt>
      <trkpt lat="47.84182995557785" lon="6.833259975537658">
        <ele>797.6</ele>
      </trkpt>
      <trkpt lat="47.84180992282927" lon="6.833109939470887">
        <ele>799.29</ele>
      </trkpt>
      <trkpt lat="47.841729959473014" lon="6.832929980009794">
        <ele>800.97</ele>
      </trkpt>
      <trkpt lat="47.84163993783295" lon="6.832849932834506">
        <ele>802.61</ele>
      </trkpt>
      <trkpt lat="47.84126996062696" lon="6.832659998908639">
        <ele>804.29</ele>
      </trkpt>
      <trkpt lat="47.84106996841729" lon="6.832489930093288">
        <ele>806.0</ele>
      </trkpt>
      <trkpt lat="47.84075992181897" lon="6.832149960100651">
        <ele>807.68</ele>
      </trkpt>
      <trkpt lat="47.84051994793117" lon="6.831939993426204">
        <ele>809.48</ele>
      </trkpt>
      <trkpt lat="47.840399919077754" lon="6.831789957359433">
        <ele>811.25</ele>
      </trkpt>
      <trkpt lat="47.84004997462034" lon="6.831209929659963">
        <ele>813.24</ele>
      </trkpt>
      <trkpt lat="47.83974998630583" lon="6.830649934709072">
        <ele>815.35</ele>
      </trkpt>
      <trkpt lat="47.83943993970752" lon="6.829924983903766">
        <ele>817.64</ele>
      </trkpt>
      <trkpt lat="47.839129976928234" lon="6.8291999492794275">
        <ele>819.51</ele>
      </trkpt>
      <trkpt lat="47.83899997361004" lon="6.828939942643046">
        <ele>821.43</ele>
      </trkpt>
      <trkpt lat="47.83847996033728" lon="6.828129915520549">
        <ele>823.69</ele>
      </trkpt>
      <trkpt lat="47.83795994706452" lon="6.827319972217083">
        <ele>825.73</ele>
      </trkpt>
      <trkpt lat="47.83757999539375" lon="6.826799958944321">
        <ele>827.71</ele>
      </trkpt>
      <trkpt lat="47.83745996654034" lon="6.826659981161356">
        <ele>829.63</ele>
      </trkpt>
      <trkpt lat="47.83726994879544" lon="6.826509945094585">
        <ele>831.6</ele>
      </trkpt>
      <trkpt lat="47.836939953267574" lon="6.826319927349687">
        <ele>833.52</ele>
      </trkpt>
      <trkpt lat="47.836829982697964" lon="6.8262899201363325">
        <ele>835.35</ele>
      </trkpt>
      <trkpt lat="47.83664993941784" lon="6.8262899201363325">
        <ele>837.17</ele>
      </trkpt>
      <trkpt lat="47.836529994383454" lon="6.826319927349687">
        <ele>838.97</ele>
      </trkpt>
      <trkpt lat="47.8360699955374" lon="6.826509945094585">
        <ele>840.78</ele>
      </trkpt>
      <trkpt lat="47.83598994836211" lon="6.8265599850565195">
        <ele>842.58</ele>
      </trkpt>
      <trkpt lat="47.835929933935404" lon="6.82666995562613">
        <ele>844.44</ele>
      </trkpt>
      <trkpt lat="47.83591995947063" lon="6.826759977266192">
        <ele>846.33</ele>
      </trkpt>
      <trkpt lat="47.835949966683984" lon="6.826819991692901">
        <ele>848.25</ele>
      </trkpt>
      <trkpt lat="47.83598994836211" lon="6.826859973371029">
        <ele>850.19</ele>
      </trkpt>
      <trkpt lat="47.836059937253594" lon="6.826859973371029">
        <ele>852.17</ele>
      </trkpt>
      <trkpt lat="47.836319943889976" lon="6.82664992287755">
        <ele>854.06</ele>
      </trkpt>
      <trkpt lat="47.83643997274339" lon="6.826619999483228">
        <ele>856.05</ele>
      </trkpt>
      <trkpt lat="47.836549943313" lon="6.826659981161356">
        <ele>858.12</ele>
      </trkpt>
      <trkpt lat="47.836659997701645" lon="6.8267399445176125">
        <ele>860.26</ele>
      </trkpt>
      <trkpt lat="47.83696996048093" lon="6.827249983325601">
        <ele>862.59</ele>
      </trkpt>
      <trkpt lat="47.837259974330664" lon="6.8278999999165535">
        <ele>865.03</ele>
      </trkpt>
      <trkpt lat="47.837499948218465" lon="6.828629979863763">
        <ele>867.49</ele>
      </trkpt>
      <trkpt lat="47.837739922106266" lon="6.829359959810972">
        <ele>869.86</ele>
      </trkpt>
      <trkpt lat="47.83790999092162" lon="6.830019950866699">
        <ele>872.39</ele>
      </trkpt>
      <trkpt lat="47.83801996149123" lon="6.8307349272072315">
        <ele>874.78</ele>
      </trkpt>
      <trkpt lat="47.83812993206084" lon="6.8314499873667955">
        <ele>877.26</ele>
      </trkpt>
      <trkpt lat="47.83823998644948" lon="6.832009982317686">
        <ele>879.69</ele>
      </trkpt>
      <trkpt lat="47.83831994980574" lon="6.832689922302961">
        <ele>881.89</ele>
      </trkpt>
      <trkpt lat="47.83843997865915" lon="6.8334499932825565">
        <ele>884.21</ele>
      </trkpt>
      <trkpt lat="47.83842992037535" lon="6.8341099843382835">
        <ele>886.65</ele>
      </trkpt>
      <trkpt lat="47.83844995312393" lon="6.834419947117567">
        <ele>888.83</ele>
      </trkpt>
      <trkpt lat="47.838529916480184" lon="6.834839964285493">
        <ele>890.91</ele>
      </trkpt>
      <trkpt lat="47.838509967550635" lon="6.834999974817038">
        <ele>893.04</ele>
      </trkpt>
      <trkpt lat="47.83846998587251" lon="6.835039956495166">
        <ele>895.22</ele>
      </trkpt>
      <trkpt lat="47.83836998976767" lon="6.835039956495166">
        <ele>897.47</ele>
      </trkpt>
      <trkpt lat="47.83832992427051" lon="6.834979942068458">
        <ele>899.63</ele>
      </trkpt>
      <trkpt lat="47.83804996870458" lon="6.834079977124929">
        <ele>902.17</ele>
      </trkpt>
      <trkpt lat="47.83790999092162" lon="6.83373992331326">
        <ele>904.28</ele>
      </trkpt>
      <trkpt lat="47.83746994100511" lon="6.833089990541339">
        <ele>906.65</ele>
      </trkpt>
      <trkpt lat="47.837329963222146" lon="6.832669973373413">
        <ele>908.73</ele>
      </trkpt>
      <trkpt lat="47.837259974330664" lon="6.832199916243553">
        <ele>910.66</ele>
      </trkpt>
      <trkpt lat="47.83714991994202" lon="6.831799931824207">
        <ele>912.53</ele>
      </trkpt>
      <trkpt lat="47.837049923837185" lon="6.83158996514976">
        <ele>914.37</ele>
      </trkpt>
      <trkpt lat="47.836959986016154" lon="6.83143992908299">
        <ele>916.1</ele>
      </trkpt>
      <trkpt lat="47.83685998991132" lon="6.831339932978153">
        <ele>917.78</ele>
      </trkpt>
      <trkpt lat="47.83675999380648" lon="6.831269944086671">
        <ele>919.42</ele>
      </trkpt>
      <trkpt lat="47.836529994383454" lon="6.831209929659963">
        <ele>921.04</ele>
      </trkpt>
      <trkpt lat="47.83642999827862" lon="6.831239936873317">
        <ele>922.62</ele>
      </trkpt>
      <trkpt lat="47.83624995499849" lon="6.831329958513379">
        <ele>924.19</ele>
      </trkpt>
      <trkpt lat="47.83598994836211" lon="6.831499943509698">
        <ele>925.64</ele>
      </trkpt>
      <trkpt lat="47.835929933935404" lon="6.83156993240118">
        <ele>927.15</ele>
      </trkpt>
      <trkpt lat="47.8358799777925" lon="6.831669928506017">
        <ele>928.69</ele>
      </trkpt>
      <trkpt lat="47.835869919508696" lon="6.831799931824207">
        <ele>930.27</ele>
      </trkpt>
      <trkpt lat="47.83593999221921" lon="6.8318799789994955">
        <ele>931.76</ele>
      </trkpt>
      <trkpt lat="47.83614995889366" lon="6.831839997321367">
        <ele>933.1</ele>
      </trkpt>
      <trkpt lat="47.83623998053372" lon="6.831849971786141">
        <ele>934.49</ele>
      </trkpt>
      <trkpt lat="47.836319943889976" lon="6.8318799789994955">
        <ele>935.88</ele>
      </trkpt>
      <trkpt lat="47.836379958316684" lon="6.831939993426204">
        <ele>937.33</ele>
      </trkpt>
      <trkpt lat="47.8364999871701" lon="6.832179967314005">
        <ele>938.85</ele>
      </trkpt>
      <trkpt lat="47.836529994383454" lon="6.832369985058904">
        <ele>940.37</ele>
      </trkpt>
      <trkpt lat="47.83653996884823" lon="6.833149921149015">
        <ele>942.2</ele>
      </trkpt>
      <trkpt lat="47.836639964953065" lon="6.834349958226085">
        <ele>943.69</ele>
      </trkpt>
      <trkpt lat="47.83662999048829" lon="6.834459928795695">
        <ele>945.3</ele>
      </trkpt>
      <trkpt lat="47.83656997606158" lon="6.834599990397692">
        <ele>947.1</ele>
      </trkpt>
      <trkpt lat="47.836489928886294" lon="6.834599990397692">
        <ele>948.9</ele>
      </trkpt>
      <trkpt lat="47.836449947208166" lon="6.8345399759709835">
        <ele>950.62</ele>
      </trkpt>
      <trkpt lat="47.836339976638556" lon="6.833999929949641">
        <ele>952.31</ele>
      </trkpt>
      <trkpt lat="47.83615993335843" lon="6.833539931103587">
        <ele>954.16</ele>
      </trkpt>
      <trkpt lat="47.835999922826886" lon="6.833289982751012">
        <ele>956.0</ele>
      </trkpt>
      <trkpt lat="47.83589992672205" lon="6.833209935575724">
        <ele>957.86</ele>
      </trkpt>
      <trkpt lat="47.835414949804544" lon="6.833034921437502">
        <ele>959.9</ele>
      </trkpt>
      <trkpt lat="47.83492997288704" lon="6.832859991118312">
        <ele>961.94</ele>
      </trkpt>
      <trkpt lat="47.83453996293247" lon="6.8327699694782495">
        <ele>963.83</ele>
      </trkpt>
      <trkpt lat="47.83407996408641" lon="6.8327199295163155">
        <ele>965.81</ele>
      </trkpt>
      <trkpt lat="47.8339699935168" lon="6.832679947838187">
        <ele>967.76</ele>
      </trkpt>
      <trkpt lat="47.83337999135256" lon="6.832259930670261">
        <ele>969.96</ele>
      </trkpt>
      <trkpt lat="47.83310992643237" lon="6.832159934565425">
        <ele>971.99</ele>
      </trkpt>
      <trkpt lat="47.83294999971986" lon="6.8321099784225225">
        <ele>973.97</ele>
      </trkpt>
      <trkpt lat="47.83280993811786" lon="6.8321099784225225">
        <ele>976.01</ele>
      </trkpt>
      <trkpt lat="47.83265998587012" lon="6.832159934565425">
        <ele>978.09</ele>
      </trkpt>
      <trkpt lat="47.83232999034226" lon="6.832359926775098">
        <ele>980.27</ele>
      </trkpt>
      <trkpt lat="47.83213997259736" lon="6.83244994841516">
        <ele>982.41</ele>
      </trkpt>
      <trkpt lat="47.83176999539137" lon="6.832579951733351">
        <ele>984.73</ele>
      </trkpt>
      <trkpt lat="47.83164996653795" lon="6.832589926198125">
        <ele>986.79</ele>
      </trkpt>
      <trkpt lat="47.83157997764647" lon="6.832619933411479">
        <ele>988.88</ele>
      </trkpt>
      <trkpt lat="47.83151996321976" lon="6.832659998908639">
        <ele>990.98</ele>
      </trkpt>
      <trkpt lat="47.83146992325783" lon="6.8327199295163155">
        <ele>993.05</ele>
      </trkpt>
      <trkpt lat="47.831439999863505" lon="6.832819925621152">
        <ele>995.15</ele>
      </trkpt>
      <trkpt lat="47.831459948793054" lon="6.832929980009794">
        <ele>997.32</ele>
      </trkpt>
      <trkpt lat="47.83151996321976" lon="6.8329899944365025">
        <ele>999.57</ele>
      </trkpt>
      <trkpt lat="47.83178994432092" lon="6.8329899944365025">
        <ele>1002.04</ele>
      </trkpt>
      <trkpt lat="47.83205992542207" lon="6.833019917830825">
        <ele>1004.34</ele>
      </trkpt>
      <trkpt lat="47.83230995759368" lon="6.833099965006113">
        <ele>1006.69</ele>
      </trkpt>
      <trkpt lat="47.83258999697864" lon="6.833229968324304">
        <ele>1009.16</ele>
      </trkpt>
      <trkpt lat="47.833179999142885" lon="6.833559963852167">
        <ele>1011.73</ele>
      </trkpt>
      <trkpt lat="47.833779975771904" lon="6.834069918841124">
        <ele>1013.92</ele>
      </trkpt>
      <trkpt lat="47.83405993133783" lon="6.834409972652793">
        <ele>1016.27</ele>
      </trkpt>
      <trkpt lat="47.834149952977896" lon="6.834569983184338">
        <ele>1018.59</ele>
      </trkpt>
      <trkpt lat="47.83415992744267" lon="6.834579957649112">
        <ele>1020.76</ele>
      </trkpt>
      <trkpt lat="47.83421994186938" lon="6.8347199354320765">
        <ele>1022.96</ele>
      </trkpt>
      <trkpt lat="47.83428993076086" lon="6.8349699676036835">
        <ele>1025.17</ele>
      </trkpt>
      <trkpt lat="47.83443996682763" lon="6.835939921438694">
        <ele>1027.74</ele>
      </trkpt>
      <trkpt lat="47.834469974040985" lon="6.836559930816293">
        <ele>1030.06</ele>
      </trkpt>
      <trkpt lat="47.83452998846769" lon="6.837159991264343">
        <ele>1032.25</ele>
      </trkpt>
      <trkpt lat="47.83454993739724" lon="6.83777991682291">
        <ele>1034.25</ele>
      </trkpt>
      <trkpt lat="47.83453996293247" lon="6.838379977270961">
        <ele>1036.23</ele>
      </trkpt>
      <trkpt lat="47.83462998457253" lon="6.839259993284941">
        <ele>1038.06</ele>
      </trkpt>
      <trkpt lat="47.834659991785884" lon="6.840079994872212">
        <ele>1039.62</ele>
      </trkpt>
      <trkpt lat="47.83471992239356" lon="6.840529935434461">
        <ele>1041.08</ele>
      </trkpt>
      <trkpt lat="47.834709947928786" lon="6.840609982609749">
        <ele>1042.59</ele>
      </trkpt>
      <trkpt lat="47.83462998457253" lon="6.840709978714585">
        <ele>1044.05</ele>
      </trkpt>
      <trkpt lat="47.834579944610596" lon="6.840719953179359">
        <ele>1045.5</ele>
      </trkpt>
      <trkpt lat="47.83451993018389" lon="6.840679971501231">
        <ele>1046.94</ele>
      </trkpt>
      <trkpt lat="47.83448992297053" lon="6.840619957074523">
        <ele>1048.37</ele>
      </trkpt>
      <trkpt lat="47.83441993407905" lon="6.840219972655177">
        <ele>1049.92</ele>
      </trkpt>
      <trkpt lat="47.83430996350944" lon="6.839809929952025">
        <ele>1051.45</ele>
      </trkpt>
      <trkpt lat="47.83410997129977" lon="6.839289916679263">
        <ele>1052.98</ele>
      </trkpt>
      <trkpt lat="47.83383999019861" lon="6.8387499544769526">
        <ele>1054.55</ele>
      </trkpt>
      <trkpt lat="47.8337699174881" lon="6.83865993283689">
        <ele>1055.96</ele>
      </trkpt>
      <trkpt lat="47.833699928596616" lon="6.838599918410182">
        <ele>1057.41</ele>
      </trkpt>
      <trkpt lat="47.83362993970513" lon="6.838579969480634">
        <ele>1058.91</ele>
      </trkpt>
      <trkpt lat="47.83351996913552" lon="6.838619951158762">
        <ele>1060.51</ele>
      </trkpt>
      <trkpt lat="47.833439921960235" lon="6.838799994438887">
        <ele>1062.2</ele>
      </trkpt>
      <trkpt lat="47.83340999856591" lon="6.838989928364754">
        <ele>1063.89</ele>
      </trkpt>
      <trkpt lat="47.83336993306875" lon="6.839659977704287">
        <ele>1065.77</ele>
      </trkpt>
      <trkpt lat="47.8333399258554" lon="6.839819988235831">
        <ele>1067.73</ele>
      </trkpt>
      <trkpt lat="47.83323992975056" lon="6.8400399293750525">
        <ele>1069.8</ele>
      </trkpt>
      <trkpt lat="47.833159966394305" lon="6.840129951015115">
        <ele>1071.99</ele>
      </trkpt>
      <trkpt lat="47.83305997028947" lon="6.840199939906597">
        <ele>1074.3</ele>
      </trkpt>
      <trkpt lat="47.83292996697128" lon="6.840239921584725">
        <ele>1076.77</ele>
      </trkpt>
      <trkpt lat="47.83276995643973" lon="6.840249979868531">
        <ele>1079.36</ele>
      </trkpt>
      <trkpt lat="47.83251992426813" lon="6.840209998190403">
        <ele>1082.11</ele>
      </trkpt>
      <trkpt lat="47.83235999755561" lon="6.840129951015115">
        <ele>1084.94</ele>
      </trkpt>
      <trkpt lat="47.83176999539137" lon="6.839759973809123">
        <ele>1088.17</ele>
      </trkpt>
      <trkpt lat="47.831529937684536" lon="6.839639944955707">
        <ele>1091.34</ele>
      </trkpt>
      <trkpt lat="47.8307599760592" lon="6.839359989389777">
        <ele>1094.93</ele>
      </trkpt>
      <trkpt lat="47.830429980531335" lon="6.839149938896298">
        <ele>1098.49</ele>
      </trkpt>
      <trkpt lat="47.83011993393302" lon="6.838849950581789">
        <ele>1102.11</ele>
      </trkpt>
      <trkpt lat="47.829699916765094" lon="6.838389951735735">
        <ele>1106.0</ele>
      </trkpt>
      <trkpt lat="47.829229943454266" lon="6.837909920141101">
        <ele>1110.05</ele>
      </trkpt>
      <trkpt lat="47.828879998996854" lon="6.837639939039946">
        <ele>1113.85</ele>
      </trkpt>
      <trkpt lat="47.82828999683261" lon="6.837269961833954">
        <ele>1117.85</ele>
      </trkpt>
      <trkpt lat="47.82801993191242" lon="6.837119925767183">
        <ele>1121.69</ele>
      </trkpt>
      <trkpt lat="47.827829997986555" lon="6.836989922448993">
        <ele>1125.49</ele>
      </trkpt>
      <trkpt lat="47.82759999856353" lon="6.83678993023932">
        <ele>1129.35</ele>
      </trkpt>
      <trkpt lat="47.82722499221563" lon="6.836409978568554">
        <ele>1133.17</ele>
      </trkpt>
      <trkpt lat="47.82684998586774" lon="6.836029943078756">
        <ele>1136.97</ele>
      </trkpt>
      <trkpt lat="47.826669942587614" lon="6.835869932547212">
        <ele>1140.69</ele>
      </trkpt>
      <trkpt lat="47.82616493292153" lon="6.835474977269769">
        <ele>1144.47</ele>
      </trkpt>
      <trkpt lat="47.825659923255444" lon="6.835079938173294">
        <ele>1147.91</ele>
      </trkpt>
      <trkpt lat="47.825299920514226" lon="6.834929985925555">
        <ele>1151.3</ele>
      </trkpt>
      <trkpt lat="47.82497998327017" lon="6.834839964285493">
        <ele>1154.61</ele>
      </trkpt>
      <trkpt lat="47.82435997389257" lon="6.834859997034073">
        <ele>1157.79</ele>
      </trkpt>
      <trkpt lat="47.82382998615503" lon="6.834799982607365">
        <ele>1160.92</ele>
      </trkpt>
      <trkpt lat="47.82317996956408" lon="6.834679953753948">
        <ele>1163.88</ele>
      </trkpt>
      <trkpt lat="47.8225399274379" lon="6.834509968757629">
        <ele>1166.74</ele>
      </trkpt>
      <trkpt lat="47.82192997634411" lon="6.834439979866147">
        <ele>1169.27</ele>
      </trkpt>
      <trkpt lat="47.82197993248701" lon="6.834439979866147">
        <ele>1171.37</ele>
      </trkpt>
      <trkpt lat="47.8218699619174" lon="6.834429921582341">
        <ele>1173.33</ele>
      </trkpt>
      <trkpt lat="47.82154994085431" lon="6.834279969334602">
        <ele>1175.12</ele>
      </trkpt>
      <trkpt lat="47.821429995819926" lon="6.834249962121248">
        <ele>1176.61</ele>
      </trkpt>
      <trkpt lat="47.82126998528838" lon="6.834259936586022">
        <ele>1177.86</ele>
      </trkpt>
      <trkpt lat="47.820529947057366" lon="6.834679953753948">
        <ele>1178.85</ele>
      </trkpt>
      <trkpt lat="47.82040991820395" lon="6.834799982607365">
        <ele>1179.63</ele>
      </trkpt>
      <trkpt lat="47.82036993652582" lon="6.834859997034073">
        <ele>1180.14</ele>
      </trkpt>
      <trkpt lat="47.82035996206105" lon="6.835059989243746">
        <ele>1180.4</ele>
      </trkpt>
      <trkpt lat="47.82066992484033" lon="6.835989961400628">
        <ele>1180.31</ele>
      </trkpt>
      <trkpt lat="47.8208199609071" lon="6.836649952456355">
        <ele>1180.24</ele>
      </trkpt>
      <trkpt lat="47.82085994258523" lon="6.836909959092736">
        <ele>1179.83</ele>
      </trkpt>
      <trkpt lat="47.820869917050004" lon="6.837159991264343">
        <ele>1179.19</ele>
      </trkpt>
      <trkpt lat="47.82078995369375" lon="6.838169926777482">
        <ele>1178.24</ele>
      </trkpt>
      <trkpt lat="47.82070999033749" lon="6.83869999833405">
        <ele>1177.24</ele>
      </trkpt>
      <trkpt lat="47.820589961484075" lon="6.839139964431524">
        <ele>1176.0</ele>
      </trkpt>
      <trkpt lat="47.82029994763434" lon="6.839769948273897">
        <ele>1174.66</ele>
      </trkpt>
      <trkpt lat="47.820049999281764" lon="6.840109918266535">
        <ele>1173.15</ele>
      </trkpt>
      <trkpt lat="47.81984992325306" lon="6.8403099942952394">
        <ele>1171.44</ele>
      </trkpt>
      <trkpt lat="47.81907996162772" lon="6.840939978137612">
        <ele>1169.51</ele>
      </trkpt>
      <trkpt lat="47.81863999553025" lon="6.84127994813025">
        <ele>1167.37</ele>
      </trkpt>
      <trkpt lat="47.81816993840039" lon="6.841589994728565">
        <ele>1165.27</ele>
      </trkpt>
      <trkpt lat="47.81735999509692" lon="6.842019986361265">
        <ele>1162.89</ele>
      </trkpt>
      <trkpt lat="47.81688993796706" lon="6.842189971357584">
        <ele>1160.63</ele>
      </trkpt>
      <trkpt lat="47.81663998961449" lon="6.842239927500486">
        <ele>1158.36</ele>
      </trkpt>
      <trkpt lat="47.81626992858946" lon="6.842279992997646">
        <ele>1156.1</ele>
      </trkpt>
      <trkpt lat="47.81558998860419" lon="6.842329949140549">
        <ele>1153.72</ele>
      </trkpt>
      <trkpt lat="47.81490996479988" lon="6.842379989102483">
        <ele>1151.43</ele>
      </trkpt>
      <trkpt lat="47.81466999091208" lon="6.842349981889129">
        <ele>1149.32</ele>
      </trkpt>
      <trkpt lat="47.81455993652344" lon="6.842309916391969">
        <ele>1147.2</ele>
      </trkpt>
      <trkpt lat="47.81439992599189" lon="6.842209920287132">
        <ele>1145.08</ele>
      </trkpt>
      <trkpt lat="47.81425994820893" lon="6.842079916968942">
        <ele>1142.98</ele>
      </trkpt>
      <trkpt lat="47.813649997115135" lon="6.8414299841970205">
        <ele>1141.0</ele>
      </trkpt>
      <trkpt lat="47.81309327110648" lon="6.8408966436982155">
        <ele>1139.04</ele>
      </trkpt>
      <trkpt lat="47.81253662891686" lon="6.84036330319941">
        <ele>1136.89</ele>
      </trkpt>
      <trkpt lat="47.81197998672724" lon="6.839829962700605">
        <ele>1134.75</ele>
      </trkpt>
      <trkpt lat="47.811439940705895" lon="6.839479934424162">
        <ele>1132.51</ele>
      </trkpt>
      <trkpt lat="47.811199966818094" lon="6.839369963854551">
        <ele>1130.51</ele>
      </trkpt>
      <trkpt lat="47.81094993464649" lon="6.839319923892617">
        <ele>1128.52</ele>
      </trkpt>
      <trkpt lat="47.81056998297572" lon="6.839289916679263">
        <ele>1126.6</ele>
      </trkpt>
      <trkpt lat="47.810319950804114" lon="6.8393799383193254">
        <ele>1124.77</ele>
      </trkpt>
      <trkpt lat="47.80970999971032" lon="6.839739941060543">
        <ele>1122.59</ele>
      </trkpt>
      <trkpt lat="47.80963992699981" lon="6.839809929952025">
        <ele>1120.81</ele>
      </trkpt>
      <trkpt lat="47.80954998917878" lon="6.840009922161698">
        <ele>1119.03</ele>
      </trkpt>
      <trkpt lat="47.80950992368162" lon="6.840149983763695">
        <ele>1117.33</ele>
      </trkpt>
      <trkpt lat="47.809459967538714" lon="6.84043999761343">
        <ele>1115.68</ele>
      </trkpt>
      <trkpt lat="47.80946994200349" lon="6.840779967606068">
        <ele>1114.07</ele>
      </trkpt>
      <trkpt lat="47.80951998196542" lon="6.841129995882511">
        <ele>1112.37</ele>
      </trkpt>
      <trkpt lat="47.80955996364355" lon="6.84129998087883">
        <ele>1110.68</ele>
      </trkpt>
      <trkpt lat="47.80972994863987" lon="6.841699965298176">
        <ele>1108.95</ele>
      </trkpt>
      <trkpt lat="47.80979993753135" lon="6.841769954189658">
        <ele>1107.34</ele>
      </trkpt>
      <trkpt lat="47.81017997302115" lon="6.841999953612685">
        <ele>1105.78</ele>
      </trkpt>
      <trkpt lat="47.81023998744786" lon="6.842129956930876">
        <ele>1104.08</ele>
      </trkpt>
      <trkpt lat="47.81024996191263" lon="6.842339923605323">
        <ele>1102.3</ele>
      </trkpt>
      <trkpt lat="47.81022992916405" lon="6.842839987948537">
        <ele>1100.46</ele>
      </trkpt>
      <trkpt lat="47.810319950804114" lon="6.843999959528446">
        <ele>1098.52</ele>
      </trkpt>
      <trkpt lat="47.810319950804114" lon="6.844319980591536">
        <ele>1096.79</ele>
      </trkpt>
      <trkpt lat="47.81028994359076" lon="6.844989946112037">
        <ele>1094.83</ele>
      </trkpt>
      <trkpt lat="47.810189947485924" lon="6.846039947122335">
        <ele>1092.39</ele>
      </trkpt>
      <trkpt lat="47.81015994027257" lon="6.846169950440526">
        <ele>1090.61</ele>
      </trkpt>
      <trkpt lat="47.810019962489605" lon="6.846479997038841">
        <ele>1088.8</ele>
      </trkpt>
      <trkpt lat="47.80983991920948" lon="6.846739919856191">
        <ele>1087.02</ele>
      </trkpt>
      <trkpt lat="47.80963992699981" lon="6.846889955922961">
        <ele>1085.26</ele>
      </trkpt>
      <trkpt lat="47.80884993262589" lon="6.847099922597408">
        <ele>1083.4</ele>
      </trkpt>
      <trkpt lat="47.80820997431874" lon="6.847459925338626">
        <ele>1081.46</ele>
      </trkpt>
      <trkpt lat="47.80806999653578" lon="6.847499990835786">
        <ele>1079.72</ele>
      </trkpt>
      <trkpt lat="47.8078599460423" lon="6.84752999804914">
        <ele>1077.98</ele>
      </trkpt>
      <trkpt lat="47.807419979944825" lon="6.84750996530056">
        <ele>1076.27</ele>
      </trkpt>
      <trkpt lat="47.80716994777322" lon="6.847469983622432">
        <ele>1074.64</ele>
      </trkpt>
      <trkpt lat="47.806839952245355" lon="6.847369987517595">
        <ele>1072.99</ele>
      </trkpt>
      <trkpt lat="47.80641993507743" lon="6.847099922597408">
        <ele>1071.07</ele>
      </trkpt>
      <trkpt lat="47.80603998340666" lon="6.846909988671541">
        <ele>1069.3</ele>
      </trkpt>
      <trkpt lat="47.80583999119699" lon="6.846819967031479">
        <ele>1067.75</ele>
      </trkpt>
      <trkpt lat="47.80536993406713" lon="6.846699938178062">
        <ele>1066.34</ele>
      </trkpt>
      <trkpt lat="47.8052799962461" lon="6.846659956499934">
        <ele>1064.94</ele>
      </trkpt>
      <trkpt lat="47.805229956284165" lon="6.846609916538">
        <ele>1063.52</ele>
      </trkpt>
      <trkpt lat="47.80523993074894" lon="6.846449989825487">
        <ele>1061.95</ele>
      </trkpt>
      <trkpt lat="47.805269937962294" lon="6.846399949863553">
        <ele>1060.5</ele>
      </trkpt>
      <trkpt lat="47.80531997792423" lon="6.846389975398779">
        <ele>1059.08</ele>
      </trkpt>
      <trkpt lat="47.80590998008847" lon="6.846619974821806">
        <ele>1057.66</ele>
      </trkpt>
      <trkpt lat="47.8063299972564" lon="6.846679989248514">
        <ele>1056.34</ele>
      </trkpt>
      <trkpt lat="47.806709948927164" lon="6.846699938178062">
        <ele>1055.08</ele>
      </trkpt>
      <trkpt lat="47.807229962199926" lon="6.84664998203516">
        <ele>1053.56</ele>
      </trkpt>
      <trkpt lat="47.80753992497921" lon="6.846579993143678">
        <ele>1052.11</ele>
      </trkpt>
      <trkpt lat="47.80775994993746" lon="6.846469938755035">
        <ele>1050.69</ele>
      </trkpt>
      <trkpt lat="47.80789992772043" lon="6.846349993720651">
        <ele>1049.28</ele>
      </trkpt>
      <trkpt lat="47.808169992640615" lon="6.845949925482273">
        <ele>1047.69</ele>
      </trkpt>
      <trkpt lat="47.808579951524734" lon="6.845479952171445">
        <ele>1046.51</ele>
      </trkpt>
      <trkpt lat="47.808989994227886" lon="6.844899924471974">
        <ele>1045.27</ele>
      </trkpt>
      <trkpt lat="47.80901991762221" lon="6.844819961115718">
        <ele>1043.95</ele>
      </trkpt>
      <trkpt lat="47.80901991762221" lon="6.8447299394756556">
        <ele>1042.54</ele>
      </trkpt>
      <trkpt lat="47.808969961479306" lon="6.844609994441271">
        <ele>1040.98</ele>
      </trkpt>
      <trkpt lat="47.80892997980118" lon="6.844589961692691">
        <ele>1039.42</ele>
      </trkpt>
      <trkpt lat="47.80888999812305" lon="6.844589961692691">
        <ele>1037.83</ele>
      </trkpt>
      <trkpt lat="47.80884993262589" lon="6.844619968906045">
        <ele>1036.2</ele>
      </trkpt>
      <trkpt lat="47.80861993320286" lon="6.845109974965453">
        <ele>1034.56</ele>
      </trkpt>
      <trkpt lat="47.808519937098026" lon="6.845229919999838">
        <ele>1032.93</ele>
      </trkpt>
      <trkpt lat="47.80800998210907" lon="6.8456099554896355">
        <ele>1030.9</ele>
      </trkpt>
      <trkpt lat="47.80770999379456" lon="6.845909943804145">
        <ele>1029.35</ele>
      </trkpt>
      <trkpt lat="47.807549983263016" lon="6.845989990979433">
        <ele>1027.71</ele>
      </trkpt>
      <trkpt lat="47.8073799982667" lon="6.845989990979433">
        <ele>1025.86</ele>
      </trkpt>
      <trkpt lat="47.80649998225272" lon="6.845739958807826">
        <ele>1023.45</ele>
      </trkpt>
      <trkpt lat="47.806299990043044" lon="6.845649937167764">
        <ele>1021.66</ele>
      </trkpt>
      <trkpt lat="47.80581995844841" lon="6.845349948853254">
        <ele>1019.73</ele>
      </trkpt>
      <trkpt lat="47.805314948782325" lon="6.844934960827231">
        <ele>1017.82</ele>
      </trkpt>
      <trkpt lat="47.80480993911624" lon="6.8445199728012085">
        <ele>1015.59</ele>
      </trkpt>
      <trkpt lat="47.80456996522844" lon="6.844359962269664">
        <ele>1013.58</ele>
      </trkpt>
      <trkpt lat="47.804429987445474" lon="6.8442899733781815">
        <ele>1011.58</ele>
      </trkpt>
      <trkpt lat="47.80386999249458" lon="6.8440899811685085">
        <ele>1009.43</ele>
      </trkpt>
      <trkpt lat="47.803659942001104" lon="6.844039941206574">
        <ele>1007.42</ele>
      </trkpt>
      <trkpt lat="47.803079998120666" lon="6.843989985063672">
        <ele>1005.56</ele>
      </trkpt>
      <trkpt lat="47.80278998427093" lon="6.843939945101738">
        <ele>1003.81</ele>
      </trkpt>
      <trkpt lat="47.80246996320784" lon="6.843799967318773">
        <ele>1001.88</ele>
      </trkpt>
      <trkpt lat="47.80199998989701" lon="6.843529986217618">
        <ele>999.66</ele>
      </trkpt>
      <trkpt lat="47.801879961043596" lon="6.843499979004264">
        <ele>997.72</ele>
      </trkpt>
      <trkpt lat="47.801769990473986" lon="6.843519927933812">
        <ele>995.89</ele>
      </trkpt>
      <trkpt lat="47.80158994719386" lon="6.843649931252003">
        <ele>994.04</ele>
      </trkpt>
      <trkpt lat="47.80145994387567" lon="6.8438599817454815">
        <ele>992.36</ele>
      </trkpt>
      <trkpt lat="47.801019977778196" lon="6.845019953325391">
        <ele>990.85</ele>
      </trkpt>
      <trkpt lat="47.800949988886714" lon="6.845149956643581">
        <ele>989.37</ele>
      </trkpt>
      <trkpt lat="47.8008299600333" lon="6.845309967175126">
        <ele>987.94</ele>
      </trkpt>
      <trkpt lat="47.80064991675317" lon="6.845449944958091">
        <ele>986.44</ele>
      </trkpt>
      <trkpt lat="47.80031992122531" lon="6.845559999346733">
        <ele>984.83</ele>
      </trkpt>
      <trkpt lat="47.79990996234119" lon="6.84563996270299">
        <ele>983.66</ele>
      </trkpt>
      <trkpt lat="47.799749951809645" lon="6.84563996270299">
        <ele>982.41</ele>
      </trkpt>
      <trkpt lat="47.7995399851352" lon="6.8455899227410555">
        <ele>981.18</ele>
      </trkpt>
      <trkpt lat="47.7993499673903" lon="6.845479952171445">
        <ele>980.08</ele>
      </trkpt>
      <trkpt lat="47.7987349871546" lon="6.844679983332753">
        <ele>978.4</ele>
      </trkpt>
      <trkpt lat="47.798119923099875" lon="6.84387993067503">
        <ele>977.04</ele>
      </trkpt>
      <trkpt lat="47.79797994531691" lon="6.843759985640645">
        <ele>975.76</ele>
      </trkpt>
      <trkpt lat="47.79764994978905" lon="6.8435899168252945">
        <ele>974.55</ele>
      </trkpt>
      <trkpt lat="47.797129936516285" lon="6.8431799579411745">
        <ele>973.17</ele>
      </trkpt>
      <trkpt lat="47.796829948201776" lon="6.842999998480082">
        <ele>972.06</ele>
      </trkpt>
      <trkpt lat="47.79666993767023" lon="6.842849962413311">
        <ele>970.96</ele>
      </trkpt>
      <trkpt lat="47.79648997820914" lon="6.842649970203638">
        <ele>969.98</ele>
      </trkpt>
      <trkpt lat="47.79642996378243" lon="6.842549974098802">
        <ele>968.82</ele>
      </trkpt>
      <trkpt lat="47.79642996378243" lon="6.842349981889129">
        <ele>967.41</ele>
      </trkpt>
      <trkpt lat="47.79647991992533" lon="6.842279992997646">
        <ele>966.05</ele>
      </trkpt>
      <trkpt lat="47.79653993435204" lon="6.8422699347138405">
        <ele>964.68</ele>
      </trkpt>
      <trkpt lat="47.79659994877875" lon="6.842299941927195">
        <ele>963.34</ele>
      </trkpt>
      <trkpt lat="47.79672995209694" lon="6.8425399996340275">
        <ele>962.05</ele>
      </trkpt>
      <trkpt lat="47.79683992266655" lon="6.842679977416992">
        <ele>960.82</ele>
      </trkpt>
      <trkpt lat="47.79694997705519" lon="6.842779973521829">
        <ele>959.54</ele>
      </trkpt>
      <trkpt lat="47.79777995310724" lon="6.843139976263046">
        <ele>958.21</ele>
      </trkpt>
      <trkpt lat="47.79809997417033" lon="6.843189932405949">
        <ele>956.53</ele>
      </trkpt>
      <trkpt lat="47.79837992973626" lon="6.843279954046011">
        <ele>954.88</ele>
      </trkpt>
      <trkpt lat="47.79866994358599" lon="6.84346997179091">
        <ele>953.31</ele>
      </trkpt>
      <trkpt lat="47.79905492439866" lon="6.84381497092545">
        <ele>951.65</ele>
      </trkpt>
      <trkpt lat="47.79943998903036" lon="6.844159970059991">
        <ele>949.97</ele>
      </trkpt>
      <trkpt lat="47.79954995959997" lon="6.844239933416247">
        <ele>948.27</ele>
      </trkpt>
      <trkpt lat="47.79965993016958" lon="6.844299947842956">
        <ele>946.54</ele>
      </trkpt>
      <trkpt lat="47.79992999508977" lon="6.844319980591536">
        <ele>944.72</ele>
      </trkpt>
      <trkpt lat="47.800179943442345" lon="6.8442899733781815">
        <ele>942.99</ele>
      </trkpt>
      <trkpt lat="47.80026996508241" lon="6.844239933416247">
        <ele>941.14</ele>
      </trkpt>
      <trkpt lat="47.800309946760535" lon="6.844199951738119">
        <ele>939.17</ele>
      </trkpt>
      <trkpt lat="47.8004549536854" lon="6.843404928222299">
        <ele>936.63</ele>
      </trkpt>
      <trkpt lat="47.80059996061027" lon="6.84260998852551">
        <ele>933.92</ele>
      </trkpt>
      <trkpt lat="47.80070993117988" lon="6.8422899674624205">
        <ele>931.79</ele>
      </trkpt>
      <trkpt lat="47.800869941711426" lon="6.842019986361265">
        <ele>929.75</ele>
      </trkpt>
      <trkpt lat="47.801449969410896" lon="6.841399976983666">
        <ele>927.42</ele>
      </trkpt>
      <trkpt lat="47.80157997272909" lon="6.841309955343604">
        <ele>925.18</ele>
      </trkpt>
      <trkpt lat="47.801789939403534" lon="6.841239966452122">
        <ele>922.88</ele>
      </trkpt>
      <trkpt lat="47.801939975470304" lon="6.841229991987348">
        <ele>920.55</ele>
      </trkpt>
      <trkpt lat="47.80209998600185" lon="6.841249940916896">
        <ele>918.24</ele>
      </trkpt>
      <trkpt lat="47.80288998037577" lon="6.841569961979985">
        <ele>916.02</ele>
      </trkpt>
      <trkpt lat="47.80345994979143" lon="6.841584965586662">
        <ele>913.47</ele>
      </trkpt>
      <trkpt lat="47.804029919207096" lon="6.841599969193339">
        <ele>910.36</ele>
      </trkpt>
      <trkpt lat="47.80491999350488" lon="6.841779928654432">
        <ele>907.78</ele>
      </trkpt>
      <trkpt lat="47.805289970710874" lon="6.841959971934557">
        <ele>906.1</ele>
      </trkpt>
      <trkpt lat="47.805359959602356" lon="6.841949997469783">
        <ele>903.72</ele>
      </trkpt>
      <trkpt lat="47.80542994849384" lon="6.841869950294495">
        <ele>901.06</ele>
      </trkpt>
      <trkpt lat="47.80542994849384" lon="6.841739946976304">
        <ele>898.43</ele>
      </trkpt>
      <trkpt lat="47.805359959602356" lon="6.841639950871468">
        <ele>895.73</ele>
      </trkpt>
      <trkpt lat="47.80487992800772" lon="6.841489914804697">
        <ele>892.5</ele>
      </trkpt>
      <trkpt lat="47.80439998023212" lon="6.841339962556958">
        <ele>890.14</ele>
      </trkpt>
      <trkpt lat="47.80405992642045" lon="6.841219933703542">
        <ele>887.88</ele>
      </trkpt>
      <trkpt lat="47.803249983116984" lon="6.840799916535616">
        <ele>885.65</ele>
      </trkpt>
      <trkpt lat="47.80286994762719" lon="6.8406999204307795">
        <ele>883.56</ele>
      </trkpt>
      <trkpt lat="47.802629973739386" lon="6.840559942647815">
        <ele>881.27</ele>
      </trkpt>
      <trkpt lat="47.80229997821152" lon="6.8402699287980795">
        <ele>878.73</ele>
      </trkpt>
      <trkpt lat="47.801879961043596" lon="6.840129951015115">
        <ele>876.53</ele>
      </trkpt>
      <trkpt lat="47.80140998773277" lon="6.8400949984788895">
        <ele>874.29</ele>
      </trkpt>
      <trkpt lat="47.80093993060291" lon="6.840059962123632">
        <ele>872.12</ele>
      </trkpt>
      <trkpt lat="47.80078997835517" lon="6.840059962123632">
        <ele>870.32</ele>
      </trkpt>
      <trkpt lat="47.800629967823625" lon="6.840099943801761">
        <ele>868.66</ele>
      </trkpt>
      <trkpt lat="47.80053994618356" lon="6.840159958228469">
        <ele>867.23</ele>
      </trkpt>
      <trkpt lat="47.80033995397389" lon="6.84039993211627">
        <ele>866.02</ele>
      </trkpt>
      <trkpt lat="47.80025999061763" lon="6.840459946542978">
        <ele>864.72</ele>
      </trkpt>
      <trkpt lat="47.79994994401932" lon="6.840459946542978">
        <ele>863.23</ele>
      </trkpt>
      <trkpt lat="47.79988992959261" lon="6.840509986504912">
        <ele>862.24</ele>
      </trkpt>
      <trkpt lat="47.79983997344971" lon="6.840579975396395">
        <ele>861.37</ele>
      </trkpt>
      <trkpt lat="47.79978993348777" lon="6.8406999204307795">
        <ele>860.64</ele>
      </trkpt>
      <trkpt lat="47.79973997734487" lon="6.841009967029095">
        <ele>860.1</ele>
      </trkpt>
      <trkpt lat="47.79968993738294" lon="6.841099988669157">
        <ele>859.46</ele>
      </trkpt>
      <trkpt lat="47.799639981240034" lon="6.841139970347285">
        <ele>858.84</ele>
      </trkpt>
      <trkpt lat="47.799579966813326" lon="6.841139970347285">
        <ele>858.23</ele>
      </trkpt>
      <trkpt lat="47.79951995238662" lon="6.841089930385351">
        <ele>857.61</ele>
      </trkpt>
      <trkpt lat="47.79945993795991" lon="6.840999992564321">
        <ele>857.02</ele>
      </trkpt>
      <trkpt lat="47.7993499673903" lon="6.8407499603927135">
        <ele>856.32</ele>
      </trkpt>
      <trkpt lat="47.79917998239398" lon="6.84043999761343">
        <ele>855.46</ele>
      </trkpt>
      <trkpt lat="47.79909993521869" lon="6.840329943224788">
        <ele>854.76</ele>
      </trkpt>
      <trkpt lat="47.7989699319005" lon="6.840199939906597">
        <ele>854.06</ele>
      </trkpt>
      <trkpt lat="47.798779997974634" lon="6.840069936588407">
        <ele>853.22</ele>
      </trkpt>
      <trkpt lat="47.798679918050766" lon="6.840029954910278">
        <ele>852.52</ele>
      </trkpt>
      <trkpt lat="47.79857992194593" lon="6.840009922161698">
        <ele>851.92</ele>
      </trkpt>
      <trkpt lat="47.798269959166646" lon="6.840019980445504">
        <ele>851.53</ele>
      </trkpt>
      <trkpt lat="47.79820994473994" lon="6.83998997323215">
        <ele>850.85</ele>
      </trkpt>
      <trkpt lat="47.79812998138368" lon="6.839909926056862">
        <ele>850.06</ele>
      </trkpt>
      <trkpt lat="47.798009952530265" lon="6.839569956064224">
        <ele>848.77</ele>
      </trkpt>
      <trkpt lat="47.7979199308902" lon="6.839439952746034">
        <ele>847.79</ele>
      </trkpt>
      <trkpt lat="47.79784994199872" lon="6.8393799383193254">
        <ele>846.92</ele>
      </trkpt>
      <trkpt lat="47.79769998975098" lon="6.839299974963069">
        <ele>846.09</ele>
      </trkpt>
      <trkpt lat="47.79749999754131" lon="6.839299974963069">
        <ele>845.4</ele>
      </trkpt>
      <trkpt lat="47.7972499653697" lon="6.839339956641197">
        <ele>844.68</ele>
      </trkpt>
      <trkpt lat="47.79718995094299" lon="6.839319923892617">
        <ele>843.73</ele>
      </trkpt>
      <trkpt lat="47.797149969264865" lon="6.839279942214489">
        <ele>842.68</ele>
      </trkpt>
      <trkpt lat="47.797129936516285" lon="6.839219927787781">
        <ele>841.56</ele>
      </trkpt>
      <trkpt lat="47.797129936516285" lon="6.839079950004816">
        <ele>840.26</ele>
      </trkpt>
      <trkpt lat="47.79718995094299" lon="6.839009961113334">
        <ele>839.03</ele>
      </trkpt>
      <trkpt lat="47.797279972583055" lon="6.838989928364754">
        <ele>837.83</ele>
      </trkpt>
      <trkpt lat="47.79747996479273" lon="6.839049942791462">
        <ele>836.61</ele>
      </trkpt>
      <trkpt lat="47.79793996363878" lon="6.839119931682944">
        <ele>835.11</ele>
      </trkpt>
      <trkpt lat="47.79809997417033" lon="6.839189920574427">
        <ele>833.82</ele>
      </trkpt>
      <trkpt lat="47.798309940844774" lon="6.839419919997454">
        <ele>832.76</ele>
      </trkpt>
      <trkpt lat="47.79837992973626" lon="6.839439952746034">
        <ele>831.39</ele>
      </trkpt>
      <trkpt lat="47.79866994358599" lon="6.839369963854551">
        <ele>829.78</ele>
      </trkpt>
      <trkpt lat="47.79889994300902" lon="6.839369963854551">
        <ele>828.33</ele>
      </trkpt>
      <trkpt lat="47.799059953540564" lon="6.839439952746034">
        <ele>826.86</ele>
      </trkpt>
      <trkpt lat="47.79919993132353" lon="6.839519999921322">
        <ele>825.29</ele>
      </trkpt>
      <trkpt lat="47.79928995296359" lon="6.839549923315644">
        <ele>823.59</ele>
      </trkpt>
      <trkpt lat="47.79941995628178" lon="6.839499967172742">
        <ele>821.62</ele>
      </trkpt>
      <trkpt lat="47.7995399851352" lon="6.839389996603131">
        <ele>819.62</ele>
      </trkpt>
      <trkpt lat="47.8000199329108" lon="6.838839976117015">
        <ele>817.59</ele>
      </trkpt>
      <trkpt lat="47.80010995455086" lon="6.838779961690307">
        <ele>815.77</ele>
      </trkpt>
      <trkpt lat="47.80034992843866" lon="6.838689940050244">
        <ele>813.94</ele>
      </trkpt>
      <trkpt lat="47.80096993781626" lon="6.838524984195828">
        <ele>811.82</ele>
      </trkpt>
      <trkpt lat="47.80158994719386" lon="6.838359944522381">
        <ele>809.47</ele>
      </trkpt>
      <trkpt lat="47.80165993608534" lon="6.8383099883794785">
        <ele>807.5</ele>
      </trkpt>
      <trkpt lat="47.80170997604728" lon="6.83824997395277">
        <ele>805.58</ele>
      </trkpt>
      <trkpt lat="47.801749957725406" lon="6.838159952312708">
        <ele>803.68</ele>
      </trkpt>
      <trkpt lat="47.801789939403534" lon="6.837929952889681">
        <ele>801.82</ele>
      </trkpt>
      <trkpt lat="47.801789939403534" lon="6.83779994957149">
        <ele>800.04</ele>
      </trkpt>
      <trkpt lat="47.80177996493876" lon="6.8376299645751715">
        <ele>798.31</ele>
      </trkpt>
      <trkpt lat="47.80156999826431" lon="6.837009955197573">
        <ele>796.39</ele>
      </trkpt>
      <trkpt lat="47.801509983837605" lon="6.836599996313453">
        <ele>794.48</ele>
      </trkpt>
      <trkpt lat="47.801379980519414" lon="6.836009994149208">
        <ele>792.43</ele>
      </trkpt>
      <trkpt lat="47.80119993723929" lon="6.834889920428395">
        <ele>790.58</ele>
      </trkpt>
      <trkpt lat="47.80119993723929" lon="6.834649946540594">
        <ele>789.01</ele>
      </trkpt>
      <trkpt lat="47.801299933344126" lon="6.8342899437993765">
        <ele>787.74</ele>
      </trkpt>
      <trkpt lat="47.801379980519414" lon="6.834149966016412">
        <ele>786.35</ele>
      </trkpt>
      <trkpt lat="47.80138995498419" lon="6.833979981020093">
        <ele>784.83</ele>
      </trkpt>
      <trkpt lat="47.801339998841286" lon="6.833909992128611">
        <ele>783.23</ele>
      </trkpt>
      <trkpt lat="47.801299933344126" lon="6.833899933844805">
        <ele>781.69</ele>
      </trkpt>
      <trkpt lat="47.801259951666" lon="6.833909992128611">
        <ele>780.16</ele>
      </trkpt>
      <trkpt lat="47.801059959456325" lon="6.834219954907894">
        <ele>778.37</ele>
      </trkpt>
      <trkpt lat="47.80064991675317" lon="6.834629997611046">
        <ele>776.5</ele>
      </trkpt>
      <trkpt lat="47.800519997254014" lon="6.834839964285493">
        <ele>775.05</ele>
      </trkpt>
      <trkpt lat="47.8004499245435" lon="6.835059989243746">
        <ele>773.61</ele>
      </trkpt>
      <trkpt lat="47.800419917330146" lon="6.835349919274449">
        <ele>772.33</ele>
      </trkpt>
      <trkpt lat="47.80042997561395" lon="6.835549995303154">
        <ele>771.08</ele>
      </trkpt>
      <trkpt lat="47.80050993897021" lon="6.836149971932173">
        <ele>769.93</ele>
      </trkpt>
      <trkpt lat="47.800459982827306" lon="6.836459934711456">
        <ele>768.55</ele>
      </trkpt>
      <trkpt lat="47.80042997561395" lon="6.836559930816293">
        <ele>767.16</ele>
      </trkpt>
      <trkpt lat="47.80036996118724" lon="6.836679959669709">
        <ele>765.75</ele>
      </trkpt>
      <trkpt lat="47.800309946760535" lon="6.836739974096417">
        <ele>764.28</ele>
      </trkpt>
      <trkpt lat="47.80023995786905" lon="6.8367699813097715">
        <ele>762.77</ele>
      </trkpt>
      <trkpt lat="47.80003996565938" lon="6.83678993023932">
        <ele>761.12</ele>
      </trkpt>
      <trkpt lat="47.79997995123267" lon="6.8368099629879">
        <ele>759.52</ele>
      </trkpt>
      <trkpt lat="47.79973997734487" lon="6.837069969624281">
        <ele>757.91</ele>
      </trkpt>
      <trkpt lat="47.79962992295623" lon="6.837129984050989">
        <ele>756.27</ele>
      </trkpt>
      <trkpt lat="47.79937997460365" lon="6.837139958515763">
        <ele>754.41</ele>
      </trkpt>
      <trkpt lat="47.79922993853688" lon="6.837119925767183">
        <ele>752.59</ele>
      </trkpt>
      <trkpt lat="47.798889968544245" lon="6.837039962410927">
        <ele>750.72</ele>
      </trkpt>
      <trkpt lat="47.79847992584109" lon="6.836839970201254">
        <ele>748.77</ele>
      </trkpt>
      <trkpt lat="47.798329973593354" lon="6.836799988523126">
        <ele>746.93</ele>
      </trkpt>
      <trkpt lat="47.79782999306917" lon="6.83678993023932">
        <ele>744.76</ele>
      </trkpt>
      <trkpt lat="47.79732992872596" lon="6.836779955774546">
        <ele>743.2</ele>
      </trkpt>
      <trkpt lat="47.797299921512604" lon="6.836729999631643">
        <ele>741.41</ele>
      </trkpt>
      <trkpt lat="47.797279972583055" lon="6.836619945243001">
        <ele>739.5</ele>
      </trkpt>
      <trkpt lat="47.797299921512604" lon="6.83650997467339">
        <ele>737.56</ele>
      </trkpt>
      <trkpt lat="47.797339987009764" lon="6.836469992995262">
        <ele>735.73</ele>
      </trkpt>
      <trkpt lat="47.797729996964335" lon="6.836409978568554">
        <ele>733.78</ele>
      </trkpt>
      <trkpt lat="47.797989919781685" lon="6.836329931393266">
        <ele>732.26</ele>
      </trkpt>
      <trkpt lat="47.798329973593354" lon="6.836129939183593">
        <ele>730.55</ele>
      </trkpt>
      <trkpt lat="47.79870992526412" lon="6.835969928652048">
        <ele>728.96</ele>
      </trkpt>
      <trkpt lat="47.79881997965276" lon="6.835899939760566">
        <ele>727.46</ele>
      </trkpt>
      <trkpt lat="47.79887999407947" lon="6.835819976404309">
        <ele>725.99</ele>
      </trkpt>
      <trkpt lat="47.79894998297095" lon="6.835679998621345">
        <ele>724.52</ele>
      </trkpt>
      <trkpt lat="47.7989699319005" lon="6.835589976981282">
        <ele>723.14</ele>
      </trkpt>
      <trkpt lat="47.7989699319005" lon="6.835079938173294">
        <ele>721.58</ele>
      </trkpt>
      <trkpt lat="47.79898996464908" lon="6.834879945963621">
        <ele>720.27</ele>
      </trkpt>
      <trkpt lat="47.799169924110174" lon="6.834169998764992">
        <ele>719.17</ele>
      </trkpt>
      <trkpt lat="47.79927997849882" lon="6.8338799849152565">
        <ele>717.94</ele>
      </trkpt>
      <trkpt lat="47.799339992925525" lon="6.833769930526614">
        <ele>716.85</ele>
      </trkpt>
      <trkpt lat="47.79995991848409" lon="6.833119997754693">
        <ele>715.94</ele>
      </trkpt>
      <trkpt lat="47.80008992180228" lon="6.832909947261214">
        <ele>714.98</ele>
      </trkpt>
      <trkpt lat="47.80012998729944" lon="6.832649940624833">
        <ele>713.9</ele>
      </trkpt>
      <trkpt lat="47.80009998008609" lon="6.83246998116374">
        <ele>712.87</ele>
      </trkpt>
      <trkpt lat="47.800049940124154" lon="6.832329919561744">
        <ele>711.86</ele>
      </trkpt>
      <trkpt lat="47.79988992959261" lon="6.832049963995814">
        <ele>710.98</ele>
      </trkpt>
      <trkpt lat="47.79980996623635" lon="6.831939993426204">
        <ele>710.15</ele>
      </trkpt>
      <trkpt lat="47.79962992295623" lon="6.831789957359433">
        <ele>709.38</ele>
      </trkpt>
      <trkpt lat="47.79943998903036" lon="6.831709994003177">
        <ele>708.53</ele>
      </trkpt>
      <trkpt lat="47.79923999682069" lon="6.831709994003177">
        <ele>707.67</ele>
      </trkpt>
      <trkpt lat="47.799169924110174" lon="6.831739917397499">
        <ele>706.82</ele>
      </trkpt>
      <trkpt lat="47.79880992136896" lon="6.832299996167421">
        <ele>705.36</ele>
      </trkpt>
      <trkpt lat="47.79874999076128" lon="6.83233997784555">
        <ele>704.47</ele>
      </trkpt>
      <trkpt lat="47.798679918050766" lon="6.83233997784555">
        <ele>703.65</ele>
      </trkpt>
      <trkpt lat="47.79821497388184" lon="6.832209974527359">
        <ele>702.85</ele>
      </trkpt>
      <trkpt lat="47.797749945893884" lon="6.832079971209168">
        <ele>702.22</ele>
      </trkpt>
      <trkpt lat="47.79737996868789" lon="6.8318799789994955">
        <ele>701.62</ele>
      </trkpt>
      <trkpt lat="47.79728994704783" lon="6.83186992071569">
        <ele>700.75</ele>
      </trkpt>
      <trkpt lat="47.79702994041145" lon="6.831899927929044">
        <ele>699.63</ele>
      </trkpt>
      <trkpt lat="47.796909995377064" lon="6.83188995346427">
        <ele>698.61</ele>
      </trkpt>
      <trkpt lat="47.796099968254566" lon="6.831429954618216">
        <ele>697.67</ele>
      </trkpt>
      <trkpt lat="47.79571993276477" lon="6.831119991838932">
        <ele>697.18</ele>
      </trkpt>
      <trkpt lat="47.795599987730384" lon="6.831089984625578">
        <ele>696.21</ele>
      </trkpt>
      <trkpt lat="47.79543997719884" lon="6.831109933555126">
        <ele>694.97</ele>
      </trkpt>
      <trkpt lat="47.79475995339453" lon="6.831259969621897">
        <ele>693.24</ele>
      </trkpt>
      <trkpt lat="47.794639924541116" lon="6.831239936873317">
        <ele>692.2</ele>
      </trkpt>
      <trkpt lat="47.79445996508002" lon="6.83113994076848">
        <ele>691.27</ele>
      </trkpt>
      <trkpt lat="47.79430992901325" lon="6.8309899885207415">
        <ele>690.47</ele>
      </trkpt>
      <trkpt lat="47.79423994012177" lon="6.830899966880679">
        <ele>689.6</ele>
      </trkpt>
      <trkpt lat="47.79408998787403" lon="6.830779938027263">
        <ele>688.6</ele>
      </trkpt>
      <trkpt lat="47.793649937957525" lon="6.830609953030944">
        <ele>687.04</ele>
      </trkpt>
      <trkpt lat="47.79331994242966" lon="6.8305599968880415">
        <ele>685.45</ele>
      </trkpt>
      <trkpt lat="47.79319999739528" lon="6.8305199313908815">
        <ele>684.18</ele>
      </trkpt>
      <trkpt lat="47.793109975755215" lon="6.830419935286045">
        <ele>682.92</ele>
      </trkpt>
      <trkpt lat="47.79266992583871" lon="6.829789951443672">
        <ele>681.53</ele>
      </trkpt>
      <trkpt lat="47.79213993810117" lon="6.8289699498564005">
        <ele>680.87</ele>
      </trkpt>
      <trkpt lat="47.79204991646111" lon="6.828879928216338">
        <ele>679.56</ele>
      </trkpt>
      <trkpt lat="47.79199996031821" lon="6.82885997928679">
        <ele>678.09</ele>
      </trkpt>
      <trkpt lat="47.7918899897486" lon="6.828869953751564">
        <ele>676.53</ele>
      </trkpt>
      <trkpt lat="47.79182997532189" lon="6.828889986500144">
        <ele>674.8</ele>
      </trkpt>
      <trkpt lat="47.79144993983209" lon="6.829249989241362">
        <ele>672.4</ele>
      </trkpt>
      <trkpt lat="47.7908399887383" lon="6.829639999195933">
        <ele>669.83</ele>
      </trkpt>
      <trkpt lat="47.790769999846816" lon="6.829659948125482">
        <ele>667.77</ele>
      </trkpt>
      <trkpt lat="47.7906499709934" lon="6.829659948125482">
        <ele>665.65</ele>
      </trkpt>
      <trkpt lat="47.790299942716956" lon="6.829459955915809">
        <ele>663.7</ele>
      </trkpt>
      <trkpt lat="47.790169939398766" lon="6.829429948702455">
        <ele>661.43</ele>
      </trkpt>
      <trkpt lat="47.789849918335676" lon="6.829469930380583">
        <ele>658.91</ele>
      </trkpt>
      <trkpt lat="47.789609944447875" lon="6.829529944807291">
        <ele>656.45</ele>
      </trkpt>
      <trkpt lat="47.78925999999046" lon="6.8296499736607075">
        <ele>653.77</ele>
      </trkpt>
      <trkpt lat="47.78894995339215" lon="6.829789951443672">
        <ele>650.88</ele>
      </trkpt>
      <trkpt lat="47.78841996565461" lon="6.830144925042987">
        <ele>647.71</ele>
      </trkpt>
      <trkpt lat="47.787889977917075" lon="6.830499982461333">
        <ele>644.26</ele>
      </trkpt>
      <trkpt lat="47.787719992920756" lon="6.830639960244298">
        <ele>641.1</ele>
      </trkpt>
      <trkpt lat="47.78700493276119" lon="6.831319984048605">
        <ele>637.32</ele>
      </trkpt>
      <trkpt lat="47.78628995642066" lon="6.83199992403388">
        <ele>634.34</ele>
      </trkpt>
      <trkpt lat="47.78589994646609" lon="6.832479955628514">
        <ele>630.68</ele>
      </trkpt>
      <trkpt lat="47.78542997315526" lon="6.833209935575724">
        <ele>626.98</ele>
      </trkpt>
      <trkpt lat="47.784969974309206" lon="6.8338799849152565">
        <ele>622.99</ele>
      </trkpt>
      <trkpt lat="47.784899985417724" lon="6.833949973806739">
        <ele>619.76</ele>
      </trkpt>
      <trkpt lat="47.78480996377766" lon="6.833999929949641">
        <ele>616.63</ele>
      </trkpt>
      <trkpt lat="47.784559931606054" lon="6.834049969911575">
        <ele>613.61</ele>
      </trkpt>
      <trkpt lat="47.78388996608555" lon="6.8341099843382835">
        <ele>610.27</ele>
      </trkpt>
      <trkpt lat="47.78321991674602" lon="6.834169998764992">
        <ele>607.24</ele>
      </trkpt>
      <trkpt lat="47.78303995728493" lon="6.834119958803058">
        <ele>604.33</ele>
      </trkpt>
      <trkpt lat="47.78274994343519" lon="6.833909992128611">
        <ele>601.46</ele>
      </trkpt>
      <trkpt lat="47.78226999565959" lon="6.833559963852167">
        <ele>598.57</ele>
      </trkpt>
      <trkpt lat="47.78183992020786" lon="6.833169953897595">
        <ele>596.56</ele>
      </trkpt>
      <trkpt lat="47.78164998628199" lon="6.833129972219467">
        <ele>594.07</ele>
      </trkpt>
      <trkpt lat="47.78155996464193" lon="6.833149921149015">
        <ele>591.54</ele>
      </trkpt>
      <trkpt lat="47.78140992857516" lon="6.8332199938595295">
        <ele>588.97</ele>
      </trkpt>
      <trkpt lat="47.7808999735862" lon="6.833549989387393">
        <ele>586.02</ele>
      </trkpt>
      <trkpt lat="47.78030997142196" lon="6.833809996023774">
        <ele>583.39</ele>
      </trkpt>
      <trkpt lat="47.78013998642564" lon="6.8338799849152565">
        <ele>581.08</ele>
      </trkpt>
      <trkpt lat="47.77957999147475" lon="6.833869926631451">
        <ele>578.84</ele>
      </trkpt>
      <trkpt lat="47.77944998815656" lon="6.833889959380031">
        <ele>576.58</ele>
      </trkpt>
      <trkpt lat="47.77896995656192" lon="6.834069918841124">
        <ele>573.93</ele>
      </trkpt>
      <trkpt lat="47.778739957138896" lon="6.83418994769454">
        <ele>571.65</ele>
      </trkpt>
      <trkpt lat="47.77859997935593" lon="6.834339983761311">
        <ele>569.63</ele>
      </trkpt>
      <trkpt lat="47.778479950502515" lon="6.834549950435758">
        <ele>567.74</ele>
      </trkpt>
      <trkpt lat="47.77842999435961" lon="6.834689928218722">
        <ele>566.0</ele>
      </trkpt>
      <trkpt lat="47.778369979932904" lon="6.834939960390329">
        <ele>564.37</ele>
      </trkpt>
      <trkpt lat="47.778309965506196" lon="6.835569944232702">
        <ele>562.91</ele>
      </trkpt>
      <trkpt lat="47.778239976614714" lon="6.835709922015667">
        <ele>561.27</ele>
      </trkpt>
      <trkpt lat="47.778199994936585" lon="6.835749987512827">
        <ele>559.62</ele>
      </trkpt>
      <trkpt lat="47.77813998050988" lon="6.835769936442375">
        <ele>557.92</ele>
      </trkpt>
      <trkpt lat="47.77801995165646" lon="6.835749987512827">
        <ele>556.21</ele>
      </trkpt>
      <trkpt lat="47.77723993174732" lon="6.835359977558255">
        <ele>554.25</ele>
      </trkpt>
      <trkpt lat="47.77715996839106" lon="6.835269955918193">
        <ele>552.66</ele>
      </trkpt>
      <trkpt lat="47.77666996233165" lon="6.834589932113886">
        <ele>550.77</ele>
      </trkpt>
      <trkpt lat="47.776094963774085" lon="6.833904962986708">
        <ele>549.27</ele>
      </trkpt>
      <trkpt lat="47.77551996521652" lon="6.8332199938595295">
        <ele>548.01</ele>
      </trkpt>
      <trkpt lat="47.775319973006845" lon="6.8329699616879225">
        <ele>546.76</ele>
      </trkpt>
      <trkpt lat="47.7752099186182" lon="6.832809951156378">
        <ele>545.46</ele>
      </trkpt>
      <trkpt lat="47.77502995915711" lon="6.83246998116374">
        <ele>544.16</ele>
      </trkpt>
      <trkpt lat="47.77460994198918" lon="6.831369940191507">
        <ele>542.95</ele>
      </trkpt>
      <trkpt lat="47.774329986423254" lon="6.830669967457652">
        <ele>541.36</ele>
      </trkpt>
      <trkpt lat="47.77388993650675" lon="6.829799925908446">
        <ele>540.05</ele>
      </trkpt>
      <trkpt lat="47.77369991876185" lon="6.829519970342517">
        <ele>538.92</ele>
      </trkpt>
      <trkpt lat="47.77349992655218" lon="6.829319978132844">
        <ele>537.84</ele>
      </trkpt>
      <trkpt lat="47.77313992381096" lon="6.829099953174591">
        <ele>536.76</ele>
      </trkpt>
      <trkpt lat="47.773019978776574" lon="6.829059971496463">
        <ele>535.77</ele>
      </trkpt>
      <trkpt lat="47.77275997214019" lon="6.829029964283109">
        <ele>534.84</ele>
      </trkpt>
      <trkpt lat="47.77231992222369" lon="6.829059971496463">
        <ele>534.01</ele>
      </trkpt>
      <trkpt lat="47.77203996665776" lon="6.829039938747883">
        <ele>533.18</ele>
      </trkpt>
      <trkpt lat="47.7717599272728" lon="6.828909935429692">
        <ele>532.29</ele>
      </trkpt>
      <trkpt lat="47.77100999839604" lon="6.828489918261766">
        <ele>531.41</ele>
      </trkpt>
      <trkpt lat="47.77027498930693" lon="6.828254973515868">
        <ele>530.36</ele>
      </trkpt>
      <trkpt lat="47.769539980217814" lon="6.828019944950938">
        <ele>529.4</ele>
      </trkpt>
      <trkpt lat="47.76928994804621" lon="6.827889941632748">
        <ele>528.59</ele>
      </trkpt>
      <trkpt lat="47.76929992251098" lon="6.827889941632748">
        <ele>527.81</ele>
      </trkpt>
      <trkpt lat="47.769089955836535" lon="6.827729931101203">
        <ele>527.02</ele>
      </trkpt>
      <trkpt lat="47.76871997863054" lon="6.827294994145632">
        <ele>526.23</ele>
      </trkpt>
      <trkpt lat="47.76834991760552" lon="6.826859973371029">
        <ele>525.61</ele>
      </trkpt>
      <trkpt lat="47.76824992150068" lon="6.826759977266192">
        <ele>524.9</ele>
      </trkpt>
      <trkpt lat="47.76768992654979" lon="6.8263099528849125">
        <ele>524.14</ele>
      </trkpt>
      <trkpt lat="47.767079975456" lon="6.825889935716987">
        <ele>523.38</ele>
      </trkpt>
      <trkpt lat="47.76698995381594" lon="6.825799997895956">
        <ele>522.56</ele>
      </trkpt>
      <trkpt lat="47.766749979928136" lon="6.825409987941384">
        <ele>521.6</ele>
      </trkpt>
      <trkpt lat="47.7666499838233" lon="6.825289959087968">
        <ele>520.71</ele>
      </trkpt>
      <trkpt lat="47.76651998050511" lon="6.825189962983131">
        <ele>519.81</ele>
      </trkpt>
      <trkpt lat="47.76606995612383" lon="6.825009919703007">
        <ele>519.0</ele>
      </trkpt>
      <trkpt lat="47.765459921211004" lon="6.824719989672303">
        <ele>518.04</ele>
      </trkpt>
      <trkpt lat="47.76523998007178" lon="6.824569953605533">
        <ele>517.06</ele>
      </trkpt>
      <trkpt lat="47.76508994400501" lon="6.824379935860634">
        <ele>516.07</ele>
      </trkpt>
      <trkpt lat="47.76492993347347" lon="6.824089922010899">
        <ele>515.14</ele>
      </trkpt>
      <trkpt lat="47.76467998512089" lon="6.823389949277043">
        <ele>514.23</ele>
      </trkpt>
      <trkpt lat="47.7645499818027" lon="6.823129942640662">
        <ele>513.42</ele>
      </trkpt>
      <trkpt lat="47.76441997848451" lon="6.822959957644343">
        <ele>512.6</ele>
      </trkpt>
      <trkpt lat="47.76428997516632" lon="6.822839928790927">
        <ele>511.78</ele>
      </trkpt>
      <trkpt lat="47.763849925249815" lon="6.8225399404764175">
        <ele>510.87</ele>
      </trkpt>
      <trkpt lat="47.76350995525718" lon="6.822339948266745">
        <ele>510.0</ele>
      </trkpt>
      <trkpt lat="47.76302992366254" lon="6.822174992412329">
        <ele>509.21</ele>
      </trkpt>
      <trkpt lat="47.76254997588694" lon="6.822009952738881">
        <ele>508.39</ele>
      </trkpt>
      <trkpt lat="47.762369932606816" lon="6.8218999821692705">
        <ele>507.64</ele>
      </trkpt>
      <trkpt lat="47.76172997429967" lon="6.821379968896508">
        <ele>506.91</ele>
      </trkpt>
      <trkpt lat="47.761119939386845" lon="6.821009907871485">
        <ele>506.36</ele>
      </trkpt>
      <trkpt lat="47.76050998829305" lon="6.820639930665493">
        <ele>505.61</ele>
      </trkpt>
      <trkpt lat="47.75989995338023" lon="6.820269953459501">
        <ele>505.07</ele>
      </trkpt>
      <trkpt lat="47.75944992899895" lon="6.8200799357146025">
        <ele>504.53</ele>
      </trkpt>
      <trkpt lat="47.75903997011483" lon="6.819889917969704">
        <ele>504.0</ele>
      </trkpt>
      <trkpt lat="47.75888993404806" lon="6.819789921864867">
        <ele>503.47</ele>
      </trkpt>
      <trkpt lat="47.758759930729866" lon="6.819679951295257">
        <ele>502.96</ele>
      </trkpt>
      <trkpt lat="47.758409986272454" lon="6.819349955767393">
        <ele>502.5</ele>
      </trkpt>
      <trkpt lat="47.75804998353124" lon="6.819279966875911">
        <ele>502.11</ele>
      </trkpt>
      <trkpt lat="47.75736995972693" lon="6.81903999298811">
        <ele>501.63</ele>
      </trkpt>
      <trkpt lat="47.75702998973429" lon="6.8189699202775955">
        <ele>501.22</ele>
      </trkpt>
      <trkpt lat="47.756459936499596" lon="6.8189699202775955">
        <ele>500.91</ele>
      </trkpt>
      <trkpt lat="47.75618995539844" lon="6.8190099857747555">
        <ele>500.53</ele>
      </trkpt>
      <trkpt lat="47.75564999319613" lon="6.819184999912977">
        <ele>500.24</ele>
      </trkpt>
      <trkpt lat="47.75510994717479" lon="6.819359930232167">
        <ele>499.98</ele>
      </trkpt>
      <trkpt lat="47.75483996607363" lon="6.819379962980747">
        <ele>499.61</ele>
      </trkpt>
      <trkpt lat="47.754739969968796" lon="6.819349955767393">
        <ele>499.3</ele>
      </trkpt>
      <trkpt lat="47.75455992668867" lon="6.819229926913977">
        <ele>498.96</ele>
      </trkpt>
      <trkpt lat="47.75424996390939" lon="6.818939996883273">
        <ele>498.66</ele>
      </trkpt>
      <trkpt lat="47.754159942269325" lon="6.818889956921339">
        <ele>498.44</ele>
      </trkpt>
      <trkpt lat="47.75394997559488" lon="6.818839916959405">
        <ele>498.23</ele>
      </trkpt>
      <trkpt lat="47.753429962322116" lon="6.818849975243211">
        <ele>497.98</ele>
      </trkpt>
      <trkpt lat="47.7532599773258" lon="6.818889956921339">
        <ele>497.77</ele>
      </trkpt>
      <trkpt lat="47.752759996801615" lon="6.819174941629171">
        <ele>497.63</ele>
      </trkpt>
      <trkpt lat="47.7522599324584" lon="6.819459926337004">
        <ele>497.53</ele>
      </trkpt>
      <trkpt lat="47.75208994746208" lon="6.819549947977066">
        <ele>497.32</ele>
      </trkpt>
      <trkpt lat="47.751709995791316" lon="6.819709958508611">
        <ele>497.04</ele>
      </trkpt>
      <trkpt lat="47.75162994861603" lon="6.819719932973385">
        <ele>496.87</ele>
      </trkpt>
      <trkpt lat="47.75150991976261" lon="6.819699984043837">
        <ele>496.69</ele>
      </trkpt>
      <trkpt lat="47.75135996751487" lon="6.8196499440819025">
        <ele>496.52</ele>
      </trkpt>
      <trkpt lat="47.75098999030888" lon="6.819479959085584">
        <ele>496.39</ele>
      </trkpt>
      <trkpt lat="47.75081992149353" lon="6.81942991912365">
        <ele>496.24</ele>
      </trkpt>
      <trkpt lat="47.75055999867618" lon="6.81942991912365">
        <ele>496.11</ele>
      </trkpt>
      <trkpt lat="47.75027995929122" lon="6.819479959085584">
        <ele>495.93</ele>
      </trkpt>
      <trkpt lat="47.7501599304378" lon="6.81955992244184">
        <ele>495.74</ele>
      </trkpt>
      <trkpt lat="47.749709989875555" lon="6.8198999762535095">
        <ele>495.6</ele>
      </trkpt>
      <trkpt lat="47.749689957126975" lon="6.819849936291575">
        <ele>495.42</ele>
      </trkpt>
      <trkpt lat="47.74964997544885" lon="6.819819929078221">
        <ele>495.24</ele>
      </trkpt>
      <trkpt lat="47.74958996102214" lon="6.819809954613447">
        <ele>495.05</ele>
      </trkpt>
      <trkpt lat="47.74907992221415" lon="6.819849936291575">
        <ele>494.79</ele>
      </trkpt>
      <trkpt lat="47.74871991947293" lon="6.820059986785054">
        <ele>494.57</ele>
      </trkpt>
      <trkpt lat="47.74833996780217" lon="6.820229971781373">
        <ele>494.39</ele>
      </trkpt>
      <trkpt lat="47.747799921780825" lon="6.820359975099564">
        <ele>494.22</ele>
      </trkpt>
      <trkpt lat="47.747259959578514" lon="6.820489978417754">
        <ele>494.03</ele>
      </trkpt>
      <trkpt lat="47.74712995626032" lon="6.820519985631108">
        <ele>493.87</ele>
      </trkpt>
      <trkpt lat="47.746379943564534" lon="6.8204599712044">
        <ele>493.72</ele>
      </trkpt>
      <trkpt lat="47.74604994803667" lon="6.820419989526272">
        <ele>493.54</ele>
      </trkpt>
      <trkpt lat="47.745969984680414" lon="6.82043993845582">
        <ele>493.42</ele>
      </trkpt>
      <trkpt lat="47.745849955827" lon="6.820509927347302">
        <ele>493.29</ele>
      </trkpt>
      <trkpt lat="47.74550998583436" lon="6.82090999558568">
        <ele>493.01</ele>
      </trkpt>
      <trkpt lat="47.74544997140765" lon="6.820939918980002">
        <ele>492.98</ele>
      </trkpt>
      <trkpt lat="47.74509994313121" lon="6.820999933406711">
        <ele>493.02</ele>
      </trkpt>
      <trkpt lat="47.74490992538631" lon="6.821069922298193">
        <ele>493.23</ele>
      </trkpt>
      <trkpt lat="47.744529973715544" lon="6.821309980005026">
        <ele>493.48</ele>
      </trkpt>
      <trkpt lat="47.74443995207548" lon="6.82133998721838">
        <ele>493.7</ele>
      </trkpt>
      <trkpt lat="47.744339955970645" lon="6.8213199544698">
        <ele>493.98</ele>
      </trkpt>
      <trkpt lat="47.74383997544646" lon="6.821079980581999">
        <ele>494.28</ele>
      </trkpt>
      <trkpt lat="47.7433699183166" lon="6.821049973368645">
        <ele>494.65</ele>
      </trkpt>
      <trkpt lat="47.74337997660041" lon="6.820949977263808">
        <ele>495.22</ele>
      </trkpt>
      <trkpt lat="47.7433199621737" lon="6.8207399267703295">
        <ele>495.88</ele>
      </trkpt>
      <trkpt lat="47.74324997328222" lon="6.820569941774011">
        <ele>496.57</ele>
      </trkpt>
      <trkpt lat="47.74318995885551" lon="6.820489978417754">
        <ele>497.33</ele>
      </trkpt>
      <trkpt lat="47.742879996076226" lon="6.819889917969704">
        <ele>498.15</ele>
      </trkpt>
      <trkpt lat="47.742709927260876" lon="6.819279966875911">
        <ele>499.22</ele>
      </trkpt>
      <trkpt lat="47.74260993115604" lon="6.81901996023953">
        <ele>500.24</ele>
      </trkpt>
      <trkpt lat="47.74212998338044" lon="6.81828998029232">
        <ele>501.42</ele>
      </trkpt>
      <trkpt lat="47.74169999174774" lon="6.817849930375814">
        <ele>502.66</ele>
      </trkpt>
      <trkpt lat="47.74120998568833" lon="6.8167799804359674">
        <ele>504.23</ele>
      </trkpt>
      <trkpt lat="47.74116992019117" lon="6.816749973222613">
        <ele>505.47</ele>
      </trkpt>
      <trkpt lat="47.741099931299686" lon="6.81652994826436">
        <ele>506.87</ele>
      </trkpt>
      <trkpt lat="47.74088996462524" lon="6.8160999566316605">
        <ele>508.25</ele>
      </trkpt>
      <trkpt lat="47.74079994298518" lon="6.815789993852377">
        <ele>509.64</ele>
      </trkpt>
      <trkpt lat="47.74079994298518" lon="6.815469972789288">
        <ele>511.04</ele>
      </trkpt>
      <trkpt lat="47.74082995019853" lon="6.815269980579615">
        <ele>512.43</ele>
      </trkpt>
      <trkpt lat="47.741119964048266" lon="6.814310001209378">
        <ele>514.03</ele>
      </trkpt>
      <trkpt lat="47.741409977898" lon="6.81334993802011">
        <ele>515.45</ele>
      </trkpt>
      <trkpt lat="47.74142992682755" lon="6.813089931383729">
        <ele>516.84</ele>
      </trkpt>
      <trkpt lat="47.74135993793607" lon="6.8120949156582355">
        <ele>518.25</ele>
      </trkpt>
      <trkpt lat="47.741289949044585" lon="6.811099983751774">
        <ele>519.88</ele>
      </trkpt>
      <trkpt lat="47.74129992350936" lon="6.810859926044941">
        <ele>521.2</ele>
      </trkpt>
      <trkpt lat="47.74134996347129" lon="6.810539988800883">
        <ele>522.45</ele>
      </trkpt>
      <trkpt lat="47.741529922932386" lon="6.809559976682067">
        <ele>523.64</ele>
      </trkpt>
      <trkpt lat="47.74170996621251" lon="6.8085799645632505">
        <ele>524.88</ele>
      </trkpt>
      <trkpt lat="47.741719940677285" lon="6.808359939604998">
        <ele>526.2</ele>
      </trkpt>
      <trkpt lat="47.741589937359095" lon="6.807429967448115">
        <ele>527.85</ele>
      </trkpt>
      <trkpt lat="47.74155993014574" lon="6.806574929505587">
        <ele>528.88</ele>
      </trkpt>
      <trkpt lat="47.741529922932386" lon="6.80571997538209">
        <ele>529.9</ele>
      </trkpt>
      <trkpt lat="47.741479966789484" lon="6.8052099365741014">
        <ele>531.01</ele>
      </trkpt>
      <trkpt lat="47.741179978474975" lon="6.804199917241931">
        <ele>532.21</ele>
      </trkpt>
      <trkpt lat="47.741049975156784" lon="6.80309996008873">
        <ele>533.29</ele>
      </trkpt>
      <trkpt lat="47.74105994962156" lon="6.802589921280742">
        <ele>534.4</ele>
      </trkpt>
      <trkpt lat="47.741139996796846" lon="6.802039984613657">
        <ele>535.62</ele>
      </trkpt>
      <trkpt lat="47.741409977898" lon="6.800949918106198">
        <ele>536.78</ele>
      </trkpt>
      <trkpt lat="47.741409977898" lon="6.800939943641424">
        <ele>537.82</ele>
      </trkpt>
      <trkpt lat="47.741589937359095" lon="6.800259919837117">
        <ele>538.57</ele>
      </trkpt>
      <trkpt lat="47.741869976744056" lon="6.79961996152997">
        <ele>539.83</ele>
      </trkpt>
      <trkpt lat="47.74195999838412" lon="6.799359954893589">
        <ele>540.93</ele>
      </trkpt>
      <trkpt lat="47.74196997284889" lon="6.799119981005788">
        <ele>541.94</ele>
      </trkpt>
      <trkpt lat="47.74193996563554" lon="6.798979919403791">
        <ele>542.85</ele>
      </trkpt>
      <trkpt lat="47.74187995120883" lon="6.798899956047535">
        <ele>543.71</ele>
      </trkpt>
      <trkpt lat="47.74175992235541" lon="6.7988199926912785">
        <ele>544.48</ele>
      </trkpt>
      <trkpt lat="47.741569988429546" lon="6.7988199926912785">
        <ele>545.12</ele>
      </trkpt>
      <trkpt lat="47.74129992350936" lon="6.798859974369407">
        <ele>545.55</ele>
      </trkpt>
      <trkpt lat="47.74114997126162" lon="6.798849999904633">
        <ele>545.98</ele>
      </trkpt>
      <trkpt lat="47.74103991687298" lon="6.7988199926912785">
        <ele>546.35</ele>
      </trkpt>
      <trkpt lat="47.74086993187666" lon="6.798689989373088">
        <ele>546.7</ele>
      </trkpt>
      <trkpt lat="47.740749986842275" lon="6.798529978841543">
        <ele>547.0</ele>
      </trkpt>
      <trkpt lat="47.74030993692577" lon="6.797619955614209">
        <ele>547.55</ele>
      </trkpt>
      <trkpt lat="47.740169959142804" lon="6.797399930655956">
        <ele>547.5</ele>
      </trkpt>
      <trkpt lat="47.73976997472346" lon="6.796879917383194">
        <ele>547.13</ele>
      </trkpt>
      <trkpt lat="47.73966997861862" lon="6.796699957922101">
        <ele>546.78</ele>
      </trkpt>
      <trkpt lat="47.739589931443334" lon="6.796499965712428">
        <ele>546.28</ele>
      </trkpt>
      <trkpt lat="47.7394899353385" lon="6.796129988506436">
        <ele>545.58</ele>
      </trkpt>
      <trkpt lat="47.73935993202031" lon="6.795384921133518">
        <ele>544.64</ele>
      </trkpt>
      <trkpt lat="47.739229928702116" lon="6.794639937579632">
        <ele>543.47</ele>
      </trkpt>
      <trkpt lat="47.73912993259728" lon="6.794169964268804">
        <ele>542.39</ele>
      </trkpt>
      <trkpt lat="47.73903999477625" lon="6.793929990381002">
        <ele>541.13</ele>
      </trkpt>
      <trkpt lat="47.73858997039497" lon="6.79297998547554">
        <ele>539.48</ele>
      </trkpt>
      <trkpt lat="47.73818998597562" lon="6.7919599916785955">
        <ele>537.81</ele>
      </trkpt>
      <trkpt lat="47.73808998987079" lon="6.791599988937378">
        <ele>536.13</ele>
      </trkpt>
      <trkpt lat="47.7380099426955" lon="6.791179971769452">
        <ele>534.37</ele>
      </trkpt>
      <trkpt lat="47.73790500126779" lon="6.7903399374336">
        <ele>532.43</ele>
      </trkpt>
      <trkpt lat="47.73779997602105" lon="6.7894999869167805">
        <ele>530.3</ele>
      </trkpt>
      <trkpt lat="47.73760995827615" lon="6.7883899714797735">
        <ele>528.44</ele>
      </trkpt>
      <trkpt lat="47.73746998049319" lon="6.787779936566949">
        <ele>526.52</ele>
      </trkpt>
      <trkpt lat="47.737246602773666" lon="6.7869466077536345">
        <ele>524.42</ele>
      </trkpt>
      <trkpt lat="47.73702330887318" lon="6.78611327894032">
        <ele>522.27</ele>
      </trkpt>
      <trkpt lat="47.736799931153655" lon="6.785279950127006">
        <ele>520.23</ele>
      </trkpt>
      <trkpt lat="47.73661997169256" lon="6.784909972921014">
        <ele>518.16</ele>
      </trkpt>
      <trkpt lat="47.736154943704605" lon="6.784209916368127">
        <ele>515.83</ele>
      </trkpt>
      <trkpt lat="47.73568999953568" lon="6.783509943634272">
        <ele>513.77</ele>
      </trkpt>
      <trkpt lat="47.73549998179078" lon="6.783289918676019">
        <ele>511.8</ele>
      </trkpt>
      <trkpt lat="47.735399985685945" lon="6.783229988068342">
        <ele>509.88</ele>
      </trkpt>
      <trkpt lat="47.735209967941046" lon="6.783209955319762">
        <ele>508.01</ele>
      </trkpt>
      <trkpt lat="47.73497996851802" lon="6.783279944211245">
        <ele>506.23</ele>
      </trkpt>
      <trkpt lat="47.734819957986474" lon="6.783409947529435">
        <ele>504.54</ele>
      </trkpt>
      <trkpt lat="47.73474996909499" lon="6.7835499253124">
        <ele>502.92</ele>
      </trkpt>
      <trkpt lat="47.73456992581487" lon="6.78410992026329">
        <ele>501.22</ele>
      </trkpt>
      <trkpt lat="47.73446992971003" lon="6.784259956330061">
        <ele>499.77</ele>
      </trkpt>
      <trkpt lat="47.73431997746229" lon="6.784359952434897">
        <ele>498.4</ele>
      </trkpt>
      <trkpt lat="47.73384992033243" lon="6.784459948539734">
        <ele>497.09</ele>
      </trkpt>
      <trkpt lat="47.733639953657985" lon="6.784419966861606">
        <ele>495.98</ele>
      </trkpt>
      <trkpt lat="47.73355999030173" lon="6.784379985183477">
        <ele>494.95</ele>
      </trkpt>
      <trkpt lat="47.73345999419689" lon="6.784229949116707">
        <ele>494.02</ele>
      </trkpt>
      <trkpt lat="47.73338992148638" lon="6.784039931371808">
        <ele>493.19</ele>
      </trkpt>
      <trkpt lat="47.733359998092055" lon="6.783789983019233">
        <ele>492.47</ele>
      </trkpt>
      <trkpt lat="47.73338992148638" lon="6.783259995281696">
        <ele>491.87</ele>
      </trkpt>
      <trkpt lat="47.73336997255683" lon="6.782949948683381">
        <ele>491.26</ele>
      </trkpt>
      <trkpt lat="47.733209962025285" lon="6.782149979844689">
        <ele>490.41</ele>
      </trkpt>
      <trkpt lat="47.73323996923864" lon="6.782059958204627">
        <ele>490.11</ele>
      </trkpt>
      <trkpt lat="47.73323996923864" lon="6.782009918242693">
        <ele>489.96</ele>
      </trkpt>
      <trkpt lat="47.733209962025285" lon="6.781919980421662">
        <ele>489.94</ele>
      </trkpt>
      <trkpt lat="47.73315992206335" lon="6.781889973208308">
        <ele>490.04</ele>
      </trkpt>
      <trkpt lat="47.733099991455674" lon="6.781899947673082">
        <ele>490.27</ele>
      </trkpt>
      <trkpt lat="47.73304995149374" lon="6.781209949404001">
        <ele>490.63</ele>
      </trkpt>
      <trkpt lat="47.73308993317187" lon="6.780659928917885">
        <ele>491.05</ele>
      </trkpt>
      <trkpt lat="47.733209962025285" lon="6.780259944498539">
        <ele>491.65</ele>
      </trkpt>
      <trkpt lat="47.733489917591214" lon="6.779559971764684">
        <ele>492.31</ele>
      </trkpt>
      <trkpt lat="47.733939941972494" lon="6.778419949114323">
        <ele>493.27</ele>
      </trkpt>
      <trkpt lat="47.734154937788844" lon="6.777774961665273">
        <ele>494.22</ele>
      </trkpt>
      <trkpt lat="47.734369933605194" lon="6.777129974216223">
        <ele>495.16</ele>
      </trkpt>
      <trkpt lat="47.734459955245256" lon="6.776779945939779">
        <ele>496.12</ele>
      </trkpt>
      <trkpt lat="47.73446992971003" lon="6.77662999369204">
        <ele>497.14</ele>
      </trkpt>
      <trkpt lat="47.73446992971003" lon="6.776299998164177">
        <ele>498.23</ele>
      </trkpt>
      <trkpt lat="47.734389966353774" lon="6.775999926030636">
        <ele>499.35</ele>
      </trkpt>
      <trkpt lat="47.73426993750036" lon="6.7757499776780605">
        <ele>500.44</ele>
      </trkpt>
      <trkpt lat="47.73367993533611" lon="6.775059979408979">
        <ele>501.46</ele>
      </trkpt>
      <trkpt lat="47.73354993201792" lon="6.7748199217021465">
        <ele>502.59</ele>
      </trkpt>
      <trkpt lat="47.733489917591214" lon="6.774659994989634">
        <ele>503.71</ele>
      </trkpt>
      <trkpt lat="47.73340995423496" lon="6.774349948391318">
        <ele>504.83</ele>
      </trkpt>
      <trkpt lat="47.73326000198722" lon="6.773369936272502">
        <ele>505.93</ele>
      </trkpt>
      <trkpt lat="47.73310996592045" lon="6.772389924153686">
        <ele>507.06</ele>
      </trkpt>
      <trkpt lat="47.733019944280386" lon="6.7719499580562115">
        <ele>508.12</ele>
      </trkpt>
      <trkpt lat="47.7327099815011" lon="6.770749920979142">
        <ele>509.26</ele>
      </trkpt>
      <trkpt lat="47.73238996043801" lon="6.769659938290715">
        <ele>510.2</ele>
      </trkpt>
      <trkpt lat="47.73225995711982" lon="6.769079994410276">
        <ele>510.94</ele>
      </trkpt>
      <trkpt lat="47.73199995048344" lon="6.768239960074425">
        <ele>511.65</ele>
      </trkpt>
      <trkpt lat="47.73188997991383" lon="6.7679499462246895">
        <ele>512.03</ele>
      </trkpt>
      <trkpt lat="47.73162997327745" lon="6.767339995130897">
        <ele>512.19</ele>
      </trkpt>
      <trkpt lat="47.73136996664107" lon="6.766729960218072">
        <ele>512.18</ele>
      </trkpt>
      <trkpt lat="47.730799997225404" lon="6.765709966421127">
        <ele>511.92</ele>
      </trkpt>
      <trkpt lat="47.730719950050116" lon="6.765589937567711">
        <ele>511.56</ele>
      </trkpt>
      <trkpt lat="47.73055993951857" lon="6.765449959784746">
        <ele>511.0</ele>
      </trkpt>
      <trkpt lat="47.73046991787851" lon="6.765419952571392">
        <ele>510.37</ele>
      </trkpt>
      <trkpt lat="47.7303599473089" lon="6.765419952571392">
        <ele>509.58</ele>
      </trkpt>
      <trkpt lat="47.73009994067252" lon="6.765469992533326">
        <ele>508.64</ele>
      </trkpt>
      <trkpt lat="47.729709930717945" lon="6.765589937567711">
        <ele>507.64</ele>
      </trkpt>
      <trkpt lat="47.7295499201864" lon="6.765579963102937">
        <ele>506.52</ele>
      </trkpt>
      <trkpt lat="47.72932997904718" lon="6.7654799669981">
        <ele>505.33</ele>
      </trkpt>
      <trkpt lat="47.72923995740712" lon="6.765399919822812">
        <ele>503.92</ele>
      </trkpt>
      <trkpt lat="47.729129986837506" lon="6.765209985896945">
        <ele>502.31</ele>
      </trkpt>
      <trkpt lat="47.72900995798409" lon="6.764949979260564">
        <ele>500.5</ele>
      </trkpt>
      <trkpt lat="47.72880996577442" lon="6.764409933239222">
        <ele>498.59</ele>
      </trkpt>
      <trkpt lat="47.728589940816164" lon="6.763729993253946">
        <ele>496.57</ele>
      </trkpt>
      <trkpt lat="47.72837997414172" lon="6.762889958918095">
        <ele>494.36</ele>
      </trkpt>
      <trkpt lat="47.7282599452883" lon="6.76227992400527">
        <ele>491.94</ele>
      </trkpt>
      <trkpt lat="47.727989964187145" lon="6.7611099779605865">
        <ele>489.41</ele>
      </trkpt>
      <trkpt lat="47.727689975872636" lon="6.760069951415062">
        <ele>486.88</ele>
      </trkpt>
      <trkpt lat="47.72741999477148" lon="6.759404931217432">
        <ele>484.57</ele>
      </trkpt>
      <trkpt lat="47.727149929851294" lon="6.758739994838834">
        <ele>482.22</ele>
      </trkpt>
      <trkpt lat="47.726999977603555" lon="6.758439922705293">
        <ele>479.81</ele>
      </trkpt>
      <trkpt lat="47.72688992321491" lon="6.758269937708974">
        <ele>477.45</ele>
      </trkpt>
      <trkpt lat="47.726719938218594" lon="6.758099952712655">
        <ele>475.18</ele>
      </trkpt>
      <trkpt lat="47.72632992826402" lon="6.757879927754402">
        <ele>472.84</ele>
      </trkpt>
      <trkpt lat="47.726139994338155" lon="6.75780993886292">
        <ele>470.69</ele>
      </trkpt>
      <trkpt lat="47.725799940526485" lon="6.7577399499714375">
        <ele>468.7</ele>
      </trkpt>
      <trkpt lat="47.72558997385204" lon="6.757639953866601">
        <ele>466.73</ele>
      </trkpt>
      <trkpt lat="47.725429963320494" lon="6.7575199250131845">
        <ele>464.76</ele>
      </trkpt>
      <trkpt lat="47.72532996721566" lon="6.757419928908348">
        <ele>462.81</ele>
      </trkpt>
      <trkpt lat="47.72513994947076" lon="6.757199987769127">
        <ele>460.82</ele>
      </trkpt>
      <trkpt lat="47.724939957261086" lon="6.756829926744103">
        <ele>458.81</ele>
      </trkpt>
      <trkpt lat="47.72489997558296" lon="6.756709981709719">
        <ele>457.03</ele>
      </trkpt>
      <trkpt lat="47.72485999390483" lon="6.756459949538112">
        <ele>455.31</ele>
      </trkpt>
      <trkpt lat="47.72488991729915" lon="6.756179993972182">
        <ele>453.66</ele>
      </trkpt>
      <trkpt lat="47.7250599861145" lon="6.755359992384911">
        <ele>452.19</ele>
      </trkpt>
      <trkpt lat="47.72507993504405" lon="6.7550799529999495">
        <ele>450.83</ele>
      </trkpt>
      <trkpt lat="47.725069960579276" lon="6.754829920828342">
        <ele>449.48</ele>
      </trkpt>
      <trkpt lat="47.72500994615257" lon="6.754439994692802">
        <ele>448.2</ele>
      </trkpt>
      <trkpt lat="47.72481992840767" lon="6.753629967570305">
        <ele>446.84</ele>
      </trkpt>
      <trkpt lat="47.72459998726845" lon="6.75280493684113">
        <ele>445.76</ele>
      </trkpt>
      <trkpt lat="47.724379962310195" lon="6.751979989930987">
        <ele>444.63</ele>
      </trkpt>
      <trkpt lat="47.72422498092055" lon="6.750929988920689">
        <ele>443.43</ele>
      </trkpt>
      <trkpt lat="47.72406999953091" lon="6.74987998791039">
        <ele>442.3</ele>
      </trkpt>
      <trkpt lat="47.72402993403375" lon="6.749259978532791">
        <ele>441.25</ele>
      </trkpt>
      <trkpt lat="47.72402993403375" lon="6.748869968578219">
        <ele>440.3</ele>
      </trkpt>
      <trkpt lat="47.724059941247106" lon="6.748519940301776">
        <ele>439.49</ele>
      </trkpt>
      <trkpt lat="47.72419991903007" lon="6.747639924287796">
        <ele>438.67</ele>
      </trkpt>
      <trkpt lat="47.724229926243424" lon="6.747339935973287">
        <ele>437.85</ele>
      </trkpt>
      <trkpt lat="47.72421995177865" lon="6.746919918805361">
        <ele>437.05</ele>
      </trkpt>
      <trkpt lat="47.724189944565296" lon="6.746709952130914">
        <ele>436.32</ele>
      </trkpt>
      <trkpt lat="47.72389993071556" lon="6.745889950543642">
        <ele>435.69</ele>
      </trkpt>
      <trkpt lat="47.72353246808052" lon="6.744892420247197">
        <ele>435.16</ele>
      </trkpt>
      <trkpt lat="47.72316500544548" lon="6.743894889950752">
        <ele>434.6</ele>
      </trkpt>
      <trkpt lat="47.72279745899141" lon="6.742897443473339">
        <ele>433.97</ele>
      </trkpt>
      <trkpt lat="47.72242999635637" lon="6.741899996995926">
        <ele>433.21</ele>
      </trkpt>
      <trkpt lat="47.72226998582482" lon="6.741599924862385">
        <ele>432.58</ele>
      </trkpt>
      <trkpt lat="47.721609994769096" lon="6.740694930776954">
        <ele>431.77</ele>
      </trkpt>
      <trkpt lat="47.72094991989434" lon="6.739789936691523">
        <ele>431.39</ele>
      </trkpt>
      <trkpt lat="47.72075998596847" lon="6.739549962803721">
        <ele>431.03</ele>
      </trkpt>
      <trkpt lat="47.720639957115054" lon="6.739459941163659">
        <ele>430.57</ele>
      </trkpt>
      <trkpt lat="47.72051992826164" lon="6.739409985020757">
        <ele>430.11</ele>
      </trkpt>
      <trkpt lat="47.72040995769203" lon="6.739389952272177">
        <ele>429.67</ele>
      </trkpt>
      <trkpt lat="47.72006998769939" lon="6.739379977807403">
        <ele>429.16</ele>
      </trkpt>
      <trkpt lat="47.72004995495081" lon="6.739379977807403">
        <ele>428.76</ele>
      </trkpt>
      <trkpt lat="47.71966991946101" lon="6.739379977807403">
        <ele>428.33</ele>
      </trkpt>
      <trkpt lat="47.7193199750036" lon="6.739339996129274">
        <ele>427.94</ele>
      </trkpt>
      <trkpt lat="47.71897992119193" lon="6.739249974489212">
        <ele>427.62</ele>
      </trkpt>
      <trkpt lat="47.71881999447942" lon="6.73913992010057">
        <ele>427.3</ele>
      </trkpt>
      <trkpt lat="47.71865998394787" lon="6.738979993388057">
        <ele>427.01</ele>
      </trkpt>
      <trkpt lat="47.71821993403137" lon="6.738444976508617">
        <ele>426.77</ele>
      </trkpt>
      <trkpt lat="47.71777996793389" lon="6.737909959629178">
        <ele>426.59</ele>
      </trkpt>
      <trkpt lat="47.71763999015093" lon="6.737699992954731">
        <ele>426.43</ele>
      </trkpt>
      <trkpt lat="47.71751996129751" lon="6.737449960783124">
        <ele>426.28</ele>
      </trkpt>
      <trkpt lat="47.71738995797932" lon="6.737109990790486">
        <ele>426.16</ele>
      </trkpt>
      <trkpt lat="47.71729993633926" lon="6.736659966409206">
        <ele>426.08</ele>
      </trkpt>
      <trkpt lat="47.717309994623065" lon="6.736379927024245">
        <ele>426.12</ele>
      </trkpt>
      <trkpt lat="47.71734997630119" lon="6.736289989203215">
        <ele>426.2</ele>
      </trkpt>
      <trkpt lat="47.717459946870804" lon="6.736139953136444">
        <ele>426.31</ele>
      </trkpt>
      <trkpt lat="47.717699920758605" lon="6.73610994592309">
        <ele>426.52</ele>
      </trkpt>
      <trkpt lat="47.717849956825376" lon="6.736139953136444">
        <ele>426.78</ele>
      </trkpt>
      <trkpt lat="47.71804994903505" lon="6.7362399492412806">
        <ele>427.12</ele>
      </trkpt>
      <trkpt lat="47.71836997009814" lon="6.736359978094697">
        <ele>427.48</ele>
      </trkpt>
      <trkpt lat="47.71858999505639" lon="6.736389985308051">
        <ele>427.87</ele>
      </trkpt>
      <trkpt lat="47.718789987266064" lon="6.736359978094697">
        <ele>428.31</ele>
      </trkpt>
      <trkpt lat="47.71906994283199" lon="6.736269956454635">
        <ele>428.85</ele>
      </trkpt>
      <trkpt lat="47.71929994225502" lon="6.73610994592309">
        <ele>429.38</ele>
      </trkpt>
      <trkpt lat="47.719649970531464" lon="6.735809957608581">
        <ele>429.96</ele>
      </trkpt>
      <trkpt lat="47.72011994384229" lon="6.7353499587625265">
        <ele>430.58</ele>
      </trkpt>
      <trkpt lat="47.72058991715312" lon="6.734889959916472">
        <ele>431.11</ele>
      </trkpt>
      <trkpt lat="47.72126994095743" lon="6.734269950538874">
        <ele>431.89</ele>
      </trkpt>
      <trkpt lat="47.72159993648529" lon="6.7340099439024925">
        <ele>432.62</ele>
      </trkpt>
      <trkpt lat="47.72204996086657" lon="6.733634937554598">
        <ele>433.32</ele>
      </trkpt>
      <trkpt lat="47.72249998524785" lon="6.733259931206703">
        <ele>434.04</ele>
      </trkpt>
      <trkpt lat="47.722769966349006" lon="6.733049964532256">
        <ele>434.66</ele>
      </trkpt>
      <trkpt lat="47.72299996577203" lon="6.73294996842742">
        <ele>435.38</ele>
      </trkpt>
      <trkpt lat="47.723739920184016" lon="6.732889954000711">
        <ele>436.28</ele>
      </trkpt>
      <trkpt lat="47.72445992566645" lon="6.732779983431101">
        <ele>437.25</ele>
      </trkpt>
      <trkpt lat="47.72528998553753" lon="6.73251997679472">
        <ele>438.08</ele>
      </trkpt>
      <trkpt lat="47.726119961589575" lon="6.7322599701583385">
        <ele>438.9</ele>
      </trkpt>
      <trkpt lat="47.726399917155504" lon="6.7322099301964045">
        <ele>439.6</ele>
      </trkpt>
      <trkpt lat="47.72692998871207" lon="6.732169948518276">
        <ele>440.33</ele>
      </trkpt>
      <trkpt lat="47.727819979190826" lon="6.732159974053502">
        <ele>441.07</ele>
      </trkpt>
      <trkpt lat="47.72850997745991" lon="6.732249995693564">
        <ele>441.76</ele>
      </trkpt>
      <trkpt lat="47.72891993634403" lon="6.732279919087887">
        <ele>442.56</ele>
      </trkpt>
      <trkpt lat="47.729109954088926" lon="6.73219995573163">
        <ele>443.34</ele>
      </trkpt>
      <trkpt lat="47.72926996462047" lon="6.73208998516202">
        <ele>444.11</ele>
      </trkpt>
      <trkpt lat="47.729469956830144" lon="6.731949923560023">
        <ele>444.85</ele>
      </trkpt>
      <trkpt lat="47.72978997789323" lon="6.731669967994094">
        <ele>445.59</ele>
      </trkpt>
      <trkpt lat="47.73020999506116" lon="6.731399986892939">
        <ele>446.38</ele>
      </trkpt>
      <trkpt lat="47.730479976162314" lon="6.731149954721332">
        <ele>447.12</ele>
      </trkpt>
      <trkpt lat="47.731039971113205" lon="6.730449981987476">
        <ele>447.89</ele>
      </trkpt>
      <trkpt lat="47.73112999275327" lon="6.730359960347414">
        <ele>448.62</ele>
      </trkpt>
      <trkpt lat="47.73138999938965" lon="6.730159968137741">
        <ele>449.39</ele>
      </trkpt>
      <trkpt lat="47.73177992552519" lon="6.729979924857616">
        <ele>450.25</ele>
      </trkpt>
      <trkpt lat="47.73254997096956" lon="6.729789990931749">
        <ele>451.09</ele>
      </trkpt>
      <trkpt lat="47.733014998957515" lon="6.729649929329753">
        <ele>451.9</ele>
      </trkpt>
      <trkpt lat="47.73347994312644" lon="6.729509951546788">
        <ele>452.75</ele>
      </trkpt>
      <trkpt lat="47.7339999563992" lon="6.729259919375181">
        <ele>453.5</ele>
      </trkpt>
      <trkpt lat="47.73457495495677" lon="6.7289249785244465">
        <ele>454.32</ele>
      </trkpt>
      <trkpt lat="47.73514995351434" lon="6.72858995385468">
        <ele>455.14</ele>
      </trkpt>
      <trkpt lat="47.73532999679446" lon="6.728549972176552">
        <ele>455.94</ele>
      </trkpt>
      <trkpt lat="47.735959980636835" lon="6.7286699172109365">
        <ele>456.64</ele>
      </trkpt>
      <trkpt lat="47.73663992062211" lon="6.728619961068034">
        <ele>457.56</ele>
      </trkpt>
      <trkpt lat="47.7369099855423" lon="6.728509990498424">
        <ele>458.31</ele>
      </trkpt>
      <trkpt lat="47.737229922786355" lon="6.728349979966879">
        <ele>459.09</ele>
      </trkpt>
      <trkpt lat="47.73792997933924" lon="6.72817999497056">
        <ele>459.79</ele>
      </trkpt>
      <trkpt lat="47.73847999982536" lon="6.728074969723821">
        <ele>460.65</ele>
      </trkpt>
      <trkpt lat="47.73902993649244" lon="6.727969944477081">
        <ele>461.31</ele>
      </trkpt>
      <trkpt lat="47.73947996087372" lon="6.727969944477081">
        <ele>462.12</ele>
      </trkpt>
      <trkpt lat="47.74017498828471" lon="6.7281399294734">
        <ele>462.77</ele>
      </trkpt>
      <trkpt lat="47.74086993187666" lon="6.728309998288751">
        <ele>463.45</ele>
      </trkpt>
      <trkpt lat="47.74138994514942" lon="6.728469925001264">
        <ele>464.11</ele>
      </trkpt>
      <trkpt lat="47.74198992177844" lon="6.728679975494742">
        <ele>464.86</ele>
      </trkpt>
      <trkpt lat="47.74284998886287" lon="6.7289399821311235">
        <ele>465.45</ele>
      </trkpt>
      <trkpt lat="47.74296993389726" lon="6.728959931060672">
        <ele>466.03</ele>
      </trkpt>
      <trkpt lat="47.743159951642156" lon="6.7289399821311235">
        <ele>466.6</ele>
      </trkpt>
      <trkpt lat="47.7435599360615" lon="6.728859934955835">
        <ele>467.21</ele>
      </trkpt>
      <trkpt lat="47.7439399715513" lon="6.728919949382544">
        <ele>467.81</ele>
      </trkpt>
      <trkpt lat="47.74471999146044" lon="6.729259919375181">
        <ele>468.26</ele>
      </trkpt>
      <trkpt lat="47.74507999420166" lon="6.729299984872341">
        <ele>468.72</ele>
      </trkpt>
      <trkpt lat="47.74524997919798" lon="6.729269977658987">
        <ele>469.23</ele>
      </trkpt>
      <trkpt lat="47.74554996751249" lon="6.729129999876022">
        <ele>469.69</ele>
      </trkpt>
      <trkpt lat="47.74582992307842" lon="6.729049952700734">
        <ele>470.23</ele>
      </trkpt>
      <trkpt lat="47.745969984680414" lon="6.729049952700734">
        <ele>470.76</ele>
      </trkpt>
      <trkpt lat="47.74611993692815" lon="6.729079959914088">
        <ele>471.34</ele>
      </trkpt>
      <trkpt lat="47.74645999073982" lon="6.729319933801889">
        <ele>471.95</ele>
      </trkpt>
      <trkpt lat="47.74698997847736" lon="6.729924939572811">
        <ele>472.55</ele>
      </trkpt>
      <trkpt lat="47.747519966214895" lon="6.730529945343733">
        <ele>473.16</ele>
      </trkpt>
      <trkpt lat="47.74767997674644" lon="6.730559952557087">
        <ele>473.76</ele>
      </trkpt>
      <trkpt lat="47.74789991788566" lon="6.730489963665605">
        <ele>474.37</ele>
      </trkpt>
      <trkpt lat="47.74836997501552" lon="6.730389967560768">
        <ele>475.1</ele>
      </trkpt>
      <trkpt lat="47.74857994168997" lon="6.730369934812188">
        <ele>475.75</ele>
      </trkpt>
      <trkpt lat="47.7490599732846" lon="6.730409916490316">
        <ele>476.38</ele>
      </trkpt>
      <trkpt lat="47.74958996102214" lon="6.730649974197149">
        <ele>476.95</ele>
      </trkpt>
      <trkpt lat="47.74984996765852" lon="6.730739995837212">
        <ele>477.54</ele>
      </trkpt>
      <trkpt lat="47.75008994154632" lon="6.730769919231534">
        <ele>478.22</ele>
      </trkpt>
      <trkpt lat="47.750359922647476" lon="6.73075994476676">
        <ele>478.98</ele>
      </trkpt>
      <trkpt lat="47.750699976459146" lon="6.730819959193468">
        <ele>479.78</ele>
      </trkpt>
      <trkpt lat="47.751239938661456" lon="6.731059933081269">
        <ele>480.58</ele>
      </trkpt>
      <trkpt lat="47.75160999968648" lon="6.731299990788102">
        <ele>481.27</ele>
      </trkpt>
      <trkpt lat="47.75233997963369" lon="6.731949923560023">
        <ele>481.99</ele>
      </trkpt>
      <trkpt lat="47.752549946308136" lon="6.732149999588728">
        <ele>482.66</ele>
      </trkpt>
      <trkpt lat="47.75278992019594" lon="6.732299951836467">
        <ele>483.33</ele>
      </trkpt>
      <trkpt lat="47.75355996564031" lon="6.7326899617910385">
        <ele>484.01</ele>
      </trkpt>
      <trkpt lat="47.75386992841959" lon="6.73292993567884">
        <ele>484.8</ele>
      </trkpt>
      <trkpt lat="47.75406992062926" lon="6.733109978958964">
        <ele>485.58</ele>
      </trkpt>
      <trkpt lat="47.75457995943725" lon="6.73395998775959">
        <ele>486.13</ele>
      </trkpt>
      <trkpt lat="47.75509997271001" lon="6.734769931063056">
        <ele>486.78</ele>
      </trkpt>
      <trkpt lat="47.75539996102452" lon="6.735489936545491">
        <ele>487.41</ele>
      </trkpt>
      <trkpt lat="47.755489982664585" lon="6.736299963667989">
        <ele>488.16</ele>
      </trkpt>
      <trkpt lat="47.755579920485616" lon="6.737109990790486">
        <ele>488.74</ele>
      </trkpt>
      <trkpt lat="47.75564999319613" lon="6.737469993531704">
        <ele>489.33</ele>
      </trkpt>
      <trkpt lat="47.75573993101716" lon="6.737629920244217">
        <ele>489.98</ele>
      </trkpt>
      <trkpt lat="47.75586993433535" lon="6.737789930775762">
        <ele>490.64</ele>
      </trkpt>
      <trkpt lat="47.75601997040212" lon="6.737909959629178">
        <ele>491.32</ele>
      </trkpt>
      <trkpt lat="47.75616992264986" lon="6.73799998126924">
        <ele>492.01</ele>
      </trkpt>
      <trkpt lat="47.75674995034933" lon="6.738059995695949">
        <ele>492.76</ele>
      </trkpt>
      <trkpt lat="47.75691993534565" lon="6.738069970160723">
        <ele>493.34</ele>
      </trkpt>
      <trkpt lat="47.757059996947646" lon="6.738099977374077">
        <ele>493.93</ele>
      </trkpt>
      <trkpt lat="47.757189916446805" lon="6.738169966265559">
        <ele>494.52</ele>
      </trkpt>
      <trkpt lat="47.75736995972693" lon="6.738339951261878">
        <ele>495.11</ele>
      </trkpt>
      <trkpt lat="47.757769944146276" lon="6.738909920677543">
        <ele>495.69</ele>
      </trkpt>
      <trkpt lat="47.75843999348581" lon="6.739679966121912">
        <ele>496.23</ele>
      </trkpt>
      <trkpt lat="47.75898993015289" lon="6.74003996886313">
        <ele>496.89</ele>
      </trkpt>
      <trkpt lat="47.75945495814085" lon="6.740559982135892">
        <ele>497.55</ele>
      </trkpt>
      <trkpt lat="47.75991998612881" lon="6.741079995408654">
        <ele>498.23</ele>
      </trkpt>
      <trkpt lat="47.76019994169474" lon="6.741189965978265">
        <ele>498.88</ele>
      </trkpt>
      <trkpt lat="47.76072992943227" lon="6.741489954292774">
        <ele>499.48</ele>
      </trkpt>
      <trkpt lat="47.760839983820915" lon="6.741599924862385">
        <ele>500.03</ele>
      </trkpt>
      <trkpt lat="47.76112999767065" lon="6.742059923708439">
        <ele>500.61</ele>
      </trkpt>
      <trkpt lat="47.76119998656213" lon="6.742219934239984">
        <ele>501.12</ele>
      </trkpt>
      <trkpt lat="47.761439960449934" lon="6.742449933663011">
        <ele>501.72</ele>
      </trkpt>
      <trkpt lat="47.76162997819483" lon="6.742509948089719">
        <ele>502.24</ele>
      </trkpt>
      <trkpt lat="47.76172997429967" lon="6.742499973624945">
        <ele>502.69</ele>
      </trkpt>
      <trkpt lat="47.76246992871165" lon="6.742199985310435">
        <ele>503.13</ele>
      </trkpt>
      <trkpt lat="47.76310997083783" lon="6.742159919813275">
        <ele>503.55</ele>
      </trkpt>
      <trkpt lat="47.76364993304014" lon="6.742039974778891">
        <ele>503.77</ele>
      </trkpt>
      <trkpt lat="47.76383995078504" lon="6.741949953138828">
        <ele>504.03</ele>
      </trkpt>
      <trkpt lat="47.76411999017" lon="6.7417799681425095">
        <ele>504.26</ele>
      </trkpt>
      <trkpt lat="47.76434998959303" lon="6.741709979251027">
        <ele>504.54</ele>
      </trkpt>
      <trkpt lat="47.76466992683709" lon="6.741649964824319">
        <ele>504.8</ele>
      </trkpt>
      <trkpt lat="47.765009980648756" lon="6.7415599431842566">
        <ele>505.12</ele>
      </trkpt>
      <trkpt lat="47.7656499389559" lon="6.741319969296455">
        <ele>505.44</ele>
      </trkpt>
      <trkpt lat="47.765779942274094" lon="6.741339918226004">
        <ele>505.49</ele>
      </trkpt>
      <trkpt lat="47.76630993001163" lon="6.741489954292774">
        <ele>505.45</ele>
      </trkpt>
      <trkpt lat="47.7664599660784" lon="6.741599924862385">
        <ele>505.54</ele>
      </trkpt>
      <trkpt lat="47.76685995049775" lon="6.742039974778891">
        <ele>505.53</ele>
      </trkpt>
      <trkpt lat="47.76725993491709" lon="6.742479940876365">
        <ele>505.69</ele>
      </trkpt>
      <trkpt lat="47.76743997819722" lon="6.742639951407909">
        <ele>505.84</ele>
      </trkpt>
      <trkpt lat="47.76759998872876" lon="6.742719998583198">
        <ele>506.02</ele>
      </trkpt>
      <trkpt lat="47.76797994039953" lon="6.742759980261326">
        <ele>506.22</ele>
      </trkpt>
      <trkpt lat="47.7681299764663" lon="6.7426899913698435">
        <ele>506.39</ele>
      </trkpt>
      <trkpt lat="47.76825997978449" lon="6.742569962516427">
        <ele>506.57</ele>
      </trkpt>
      <trkpt lat="47.768549993634224" lon="6.742229992523789">
        <ele>506.95</ele>
      </trkpt>
      <trkpt lat="47.76868997141719" lon="6.742129996418953">
        <ele>507.21</ele>
      </trkpt>
      <trkpt lat="47.76884998194873" lon="6.742059923708439">
        <ele>507.49</ele>
      </trkpt>
      <trkpt lat="47.76914997026324" lon="6.742079956457019">
        <ele>507.8</ele>
      </trkpt>
      <trkpt lat="47.769349962472916" lon="6.742139970883727">
        <ele>508.14</ele>
      </trkpt>
      <trkpt lat="47.769629918038845" lon="6.7422599997371435">
        <ele>508.59</ele>
      </trkpt>
      <trkpt lat="47.76998992078006" lon="6.742369970306754">
        <ele>509.24</ele>
      </trkpt>
      <trkpt lat="47.77032997459173" lon="6.742529980838299">
        <ele>509.82</ele>
      </trkpt>
      <trkpt lat="47.77045997790992" lon="6.742699965834618">
        <ele>510.45</ele>
      </trkpt>
      <trkpt lat="47.77055997401476" lon="6.742929965257645">
        <ele>511.18</ele>
      </trkpt>
      <trkpt lat="47.77075996622443" lon="6.743849962949753">
        <ele>511.95</ele>
      </trkpt>
      <trkpt lat="47.771239997819066" lon="6.744779935106635">
        <ele>513.24</ele>
      </trkpt>
      <trkpt lat="47.771279979497194" lon="6.74493994563818">
        <ele>514.44</ele>
      </trkpt>
      <trkpt lat="47.77128995396197" lon="6.745159970596433">
        <ele>515.77</ele>
      </trkpt>
      <trkpt lat="47.77102994732559" lon="6.745899925008416">
        <ele>517.41</ele>
      </trkpt>
      <trkpt lat="47.77099994011223" lon="6.746129924431443">
        <ele>519.16</ele>
      </trkpt>
      <trkpt lat="47.77101997286081" lon="6.746369982138276">
        <ele>521.07</ele>
      </trkpt>
      <trkpt lat="47.771129943430424" lon="6.746659995988011">
        <ele>523.04</ele>
      </trkpt>
      <trkpt lat="47.771409982815385" lon="6.746949926018715">
        <ele>524.92</ele>
      </trkpt>
      <trkpt lat="47.77156999334693" lon="6.747179925441742">
        <ele>527.15</ele>
      </trkpt>
      <trkpt lat="47.771709971129894" lon="6.747479997575283">
        <ele>529.64</ele>
      </trkpt>
      <trkpt lat="47.77185992337763" lon="6.747899930924177">
        <ele>532.43</ele>
      </trkpt>
      <trkpt lat="47.77188993059099" lon="6.748059941455722">
        <ele>535.35</ele>
      </trkpt>
      <trkpt lat="47.77193997055292" lon="6.7486699763685465">
        <ele>538.71</ele>
      </trkpt>
      <trkpt lat="47.772244988009334" lon="6.749869929626584">
        <ele>541.75</ele>
      </trkpt>
      <trkpt lat="47.772549921646714" lon="6.751069966703653">
        <ele>545.39</ele>
      </trkpt>
      <trkpt lat="47.77259996160865" lon="6.75131999887526">
        <ele>549.01</ele>
      </trkpt>
      <trkpt lat="47.77261999435723" lon="6.751529965549707">
        <ele>552.84</ele>
      </trkpt>
      <trkpt lat="47.77261999435723" lon="6.751769939437509">
        <ele>556.92</ele>
      </trkpt>
      <trkpt lat="47.772699957713485" lon="6.752539984881878">
        <ele>561.27</ele>
      </trkpt>
      <trkpt lat="47.77277992106974" lon="6.7533099465072155">
        <ele>565.7</ele>
      </trkpt>
      <trkpt lat="47.77290497906506" lon="6.754249976947904">
        <ele>570.67</ele>
      </trkpt>
      <trkpt lat="47.77302995324135" lon="6.75518992356956">
        <ele>575.57</ele>
      </trkpt>
      <trkpt lat="47.77313992381096" lon="6.756169935688376">
        <ele>580.45</ele>
      </trkpt>
      <trkpt lat="47.7732999343425" lon="6.757159922271967">
        <ele>585.97</ele>
      </trkpt>
      <trkpt lat="47.77337998151779" lon="6.757409954443574">
        <ele>590.83</ele>
      </trkpt>
      <trkpt lat="47.773539992049336" lon="6.757769957184792">
        <ele>595.61</ele>
      </trkpt>
      <trkpt lat="47.77365993708372" lon="6.758139934390783">
        <ele>600.6</ele>
      </trkpt>
      <trkpt lat="47.77377996593714" lon="6.75866992212832">
        <ele>605.78</ele>
      </trkpt>
      <trkpt lat="47.7738699875772" lon="6.758979968726635">
        <ele>610.76</ele>
      </trkpt>
      <trkpt lat="47.774119935929775" lon="6.759654963389039">
        <ele>615.95</ele>
      </trkpt>
      <trkpt lat="47.77436996810138" lon="6.760329958051443">
        <ele>621.31</ele>
      </trkpt>
      <trkpt lat="47.77455998584628" lon="6.760899927467108">
        <ele>626.54</ele>
      </trkpt>
      <trkpt lat="47.774889981374145" lon="6.762059982866049">
        <ele>631.97</ele>
      </trkpt>
      <trkpt lat="47.774999951943755" lon="6.762339938431978">
        <ele>636.74</ele>
      </trkpt>
      <trkpt lat="47.77528996579349" lon="6.762984925881028">
        <ele>641.47</ele>
      </trkpt>
      <trkpt lat="47.775579979643226" lon="6.76362999714911">
        <ele>646.28</ele>
      </trkpt>
      <trkpt lat="47.775879967957735" lon="6.764409933239222">
        <ele>651.06</ele>
      </trkpt>
      <trkpt lat="47.77607996016741" lon="6.765169920399785">
        <ele>655.86</ele>
      </trkpt>
      <trkpt lat="47.776179956272244" lon="6.76532993093133">
        <ele>659.91</ele>
      </trkpt>
      <trkpt lat="47.77635999955237" lon="6.7655399814248085">
        <ele>663.72</ele>
      </trkpt>
      <trkpt lat="47.77653995901346" lon="6.765879951417446">
        <ele>667.53</ele>
      </trkpt>
      <trkpt lat="47.77689493261278" lon="6.766364928334951">
        <ele>671.3</ele>
      </trkpt>
      <trkpt lat="47.77724999003112" lon="6.766849989071488">
        <ele>674.94</ele>
      </trkpt>
      <trkpt lat="47.77747998945415" lon="6.767049981281161">
        <ele>678.03</ele>
      </trkpt>
      <trkpt lat="47.777899922803044" lon="6.767329936847091">
        <ele>680.77</ele>
      </trkpt>
      <trkpt lat="47.77812992222607" lon="6.7675399873405695">
        <ele>683.42</ele>
      </trkpt>
      <trkpt lat="47.778329998254776" lon="6.767829917371273">
        <ele>686.23</ele>
      </trkpt>
      <trkpt lat="47.77876996435225" lon="6.76852997392416">
        <ele>688.91</ele>
      </trkpt>
      <trkpt lat="47.77908998541534" lon="6.768679926171899">
        <ele>691.1</ele>
      </trkpt>
      <trkpt lat="47.779169948771596" lon="6.768759973347187">
        <ele>693.36</ele>
      </trkpt>
      <trkpt lat="47.77917992323637" lon="6.768869943916798">
        <ele>695.6</ele>
      </trkpt>
      <trkpt lat="47.77914999984205" lon="6.768969940021634">
        <ele>697.83</ele>
      </trkpt>
      <trkpt lat="47.77912996709347" lon="6.768989972770214">
        <ele>699.9</ele>
      </trkpt>
      <trkpt lat="47.779059978201985" lon="6.769009921699762">
        <ele>701.98</ele>
      </trkpt>
      <trkpt lat="47.77887993492186" lon="6.768889976665378">
        <ele>704.01</ele>
      </trkpt>
      <trkpt lat="47.778739957138896" lon="6.768769947811961">
        <ele>705.99</ele>
      </trkpt>
      <trkpt lat="47.77857994660735" lon="6.768599962815642">
        <ele>707.99</ele>
      </trkpt>
      <trkpt lat="47.77801995165646" lon="6.767929997295141">
        <ele>710.14</ele>
      </trkpt>
      <trkpt lat="47.77767998166382" lon="6.767619950696826">
        <ele>712.28</ele>
      </trkpt>
      <trkpt lat="47.777449982240796" lon="6.767479972913861">
        <ele>714.42</ele>
      </trkpt>
      <trkpt lat="47.77712996117771" lon="6.767359944060445">
        <ele>716.74</ele>
      </trkpt>
      <trkpt lat="47.77635999955237" lon="6.766959959641099">
        <ele>719.05</ele>
      </trkpt>
      <trkpt lat="47.77626997791231" lon="6.766929952427745">
        <ele>721.31</ele>
      </trkpt>
      <trkpt lat="47.776029920205474" lon="6.766889970749617">
        <ele>723.8</ele>
      </trkpt>
      <trkpt lat="47.775619961321354" lon="6.76665997132659">
        <ele>726.22</ele>
      </trkpt>
      <trkpt lat="47.775319973006845" lon="6.7666499968618155">
        <ele>729.1</ele>
      </trkpt>
      <trkpt lat="47.77521997690201" lon="6.7666099313646555">
        <ele>731.71</ele>
      </trkpt>
      <trkpt lat="47.775149988010526" lon="6.766549916937947">
        <ele>734.31</ele>
      </trkpt>
      <trkpt lat="47.77449997141957" lon="6.765709966421127">
        <ele>737.01</ele>
      </trkpt>
      <trkpt lat="47.774399975314736" lon="6.765609970316291">
        <ele>739.73</ele>
      </trkpt>
      <trkpt lat="47.774269971996546" lon="6.765569988638163">
        <ele>742.61</ele>
      </trkpt>
      <trkpt lat="47.77395992539823" lon="6.765639977529645">
        <ele>746.19</ele>
      </trkpt>
      <trkpt lat="47.773879962041974" lon="6.765609970316291">
        <ele>749.23</ele>
      </trkpt>
      <trkpt lat="47.77371995151043" lon="6.765419952571392">
        <ele>752.36</ele>
      </trkpt>
      <trkpt lat="47.77356999926269" lon="6.765129938721657">
        <ele>755.49</ele>
      </trkpt>
      <trkpt lat="47.77318996377289" lon="6.764129977673292">
        <ele>758.86</ele>
      </trkpt>
      <trkpt lat="47.77300992049277" lon="6.763529917225242">
        <ele>762.18</ele>
      </trkpt>
      <trkpt lat="47.77292995713651" lon="6.762949973344803">
        <ele>765.34</ele>
      </trkpt>
      <trkpt lat="47.77289994992316" lon="6.7628799844533205">
        <ele>768.61</ele>
      </trkpt>
      <trkpt lat="47.77279995381832" lon="6.762769930064678">
        <ele>772.01</ele>
      </trkpt>
      <trkpt lat="47.77275997214019" lon="6.76274998113513">
        <ele>775.44</ele>
      </trkpt>
      <trkpt lat="47.772719990462065" lon="6.762759955599904">
        <ele>778.96</ele>
      </trkpt>
      <trkpt lat="47.77268998324871" lon="6.762809995561838">
        <ele>782.54</ele>
      </trkpt>
      <trkpt lat="47.77268998324871" lon="6.762959947809577">
        <ele>786.19</ele>
      </trkpt>
      <trkpt lat="47.77272996492684" lon="6.763359932228923">
        <ele>789.93</ele>
      </trkpt>
      <trkpt lat="47.77273499406874" lon="6.764604980126023">
        <ele>793.92</ele>
      </trkpt>
      <trkpt lat="47.77273993939161" lon="6.765849944204092">
        <ele>797.94</ele>
      </trkpt>
      <trkpt lat="47.772809928283095" lon="6.766749992966652">
        <ele>802.05</ele>
      </trkpt>
      <trkpt lat="47.77283993549645" lon="6.766909919679165">
        <ele>805.66</ele>
      </trkpt>
      <trkpt lat="47.772889975458384" lon="6.7670399229973555">
        <ele>809.23</ele>
      </trkpt>
      <trkpt lat="47.7732999343425" lon="6.767639983445406">
        <ele>812.99</ele>
      </trkpt>
      <trkpt lat="47.77345994487405" lon="6.767919939011335">
        <ele>816.6</ele>
      </trkpt>
      <trkpt lat="47.77373998425901" lon="6.768639944493771">
        <ele>820.48</ele>
      </trkpt>
      <trkpt lat="47.77378994040191" lon="6.7688599694520235">
        <ele>823.96</ele>
      </trkpt>
      <trkpt lat="47.77382992208004" lon="6.7697699926793575">
        <ele>828.07</ele>
      </trkpt>
      <trkpt lat="47.773859929293394" lon="6.769979959353805">
        <ele>831.38</ele>
      </trkpt>
      <trkpt lat="47.7739199437201" lon="6.7701999843120575">
        <ele>834.5</ele>
      </trkpt>
      <trkpt lat="47.77414994314313" lon="6.77080993540585">
        <ele>837.74</ele>
      </trkpt>
      <trkpt lat="47.77423996478319" lon="6.770979920402169">
        <ele>840.74</ele>
      </trkpt>
      <trkpt lat="47.774309953674674" lon="6.7710399348288774">
        <ele>843.57</ele>
      </trkpt>
      <trkpt lat="47.77435999363661" lon="6.771049993112683">
        <ele>846.27</ele>
      </trkpt>
      <trkpt lat="47.77509994804859" lon="6.770989978685975">
        <ele>848.68</ele>
      </trkpt>
      <trkpt lat="47.77517999522388" lon="6.770999953150749">
        <ele>851.26</ele>
      </trkpt>
      <trkpt lat="47.77524998411536" lon="6.771029960364103">
        <ele>853.81</ele>
      </trkpt>
      <trkpt lat="47.775319973006845" lon="6.7710899747908115">
        <ele>856.33</ele>
      </trkpt>
      <trkpt lat="47.77537998743355" lon="6.771189970895648">
        <ele>858.82</ele>
      </trkpt>
      <trkpt lat="47.77547998353839" lon="6.7714999336749315">
        <ele>861.32</ele>
      </trkpt>
      <trkpt lat="47.77547998353839" lon="6.771729933097959">
        <ele>863.9</ele>
      </trkpt>
      <trkpt lat="47.77543991804123" lon="6.771939983591437">
        <ele>866.44</ele>
      </trkpt>
      <trkpt lat="47.77526993304491" lon="6.772269979119301">
        <ele>869.11</ele>
      </trkpt>
      <trkpt lat="47.77505996637046" lon="6.772479945793748">
        <ele>871.74</ele>
      </trkpt>
      <trkpt lat="47.77489995583892" lon="6.772539960220456">
        <ele>874.35</ele>
      </trkpt>
      <trkpt lat="47.77465998195112" lon="6.772509953007102">
        <ele>877.01</ele>
      </trkpt>
      <trkpt lat="47.77442998252809" lon="6.7724099569022655">
        <ele>879.74</ele>
      </trkpt>
      <trkpt lat="47.7742999792099" lon="6.772319935262203">
        <ele>882.45</ele>
      </trkpt>
      <trkpt lat="47.7739199437201" lon="6.771859936416149">
        <ele>885.14</ele>
      </trkpt>
      <trkpt lat="47.77380997315049" lon="6.771779973059893">
        <ele>887.82</ele>
      </trkpt>
      <trkpt lat="47.77335994876921" lon="6.771649969741702">
        <ele>890.91</ele>
      </trkpt>
      <trkpt lat="47.77307999320328" lon="6.771409995853901">
        <ele>893.87</ele>
      </trkpt>
      <trkpt lat="47.77296993881464" lon="6.771229952573776">
        <ele>896.6</ele>
      </trkpt>
      <trkpt lat="47.77266995050013" lon="6.770589994266629">
        <ele>899.48</ele>
      </trkpt>
      <trkpt lat="47.77253994718194" lon="6.770259998738766">
        <ele>902.34</ele>
      </trkpt>
      <trkpt lat="47.772459983825684" lon="6.770109962671995">
        <ele>905.2</ele>
      </trkpt>
      <trkpt lat="47.77235998772085" lon="6.769989933818579">
        <ele>908.15</ele>
      </trkpt>
      <trkpt lat="47.77191993780434" lon="6.769639989361167">
        <ele>911.42</ele>
      </trkpt>
      <trkpt lat="47.77156999334693" lon="6.769429938867688">
        <ele>914.84</ele>
      </trkpt>
      <trkpt lat="47.771409982815385" lon="6.7693099938333035">
        <ele>917.95</ele>
      </trkpt>
      <trkpt lat="47.77090991847217" lon="6.768769947811961">
        <ele>920.9</ele>
      </trkpt>
      <trkpt lat="47.77081998065114" lon="6.768619995564222">
        <ele>923.9</ele>
      </trkpt>
      <trkpt lat="47.770529966801405" lon="6.767704943194985">
        <ele>927.34</ele>
      </trkpt>
      <trkpt lat="47.77023995295167" lon="6.76678997464478">
        <ele>930.55</ele>
      </trkpt>
      <trkpt lat="47.770209945738316" lon="6.7666299641132355">
        <ele>933.53</ele>
      </trkpt>
      <trkpt lat="47.77018999680877" lon="6.766139958053827">
        <ele>936.55</ele>
      </trkpt>
      <trkpt lat="47.77014993131161" lon="6.766009954735637">
        <ele>939.56</ele>
      </trkpt>
      <trkpt lat="47.770099975168705" lon="6.7659099586308">
        <ele>942.55</ele>
      </trkpt>
      <trkpt lat="47.770039960742" lon="6.765879951417446">
        <ele>945.52</ele>
      </trkpt>
      <trkpt lat="47.76993996463716" lon="6.765879951417446">
        <ele>948.57</ele>
      </trkpt>
      <trkpt lat="47.76986997574568" lon="6.765939965844154">
        <ele>951.47</ele>
      </trkpt>
      <trkpt lat="47.76980996131897" lon="6.766089918091893">
        <ele>954.32</ele>
      </trkpt>
      <trkpt lat="47.769799986854196" lon="6.766289994120598">
        <ele>956.96</ele>
      </trkpt>
      <trkpt lat="47.769819935783744" lon="6.7666099313646555">
        <ele>959.51</ele>
      </trkpt>
      <trkpt lat="47.769889924675226" lon="6.7672849260270596">
        <ele>962.05</ele>
      </trkpt>
      <trkpt lat="47.76995999738574" lon="6.767959920689464">
        <ele>964.49</ele>
      </trkpt>
      <trkpt lat="47.77000995352864" lon="6.768734995275736">
        <ele>966.61</ele>
      </trkpt>
      <trkpt lat="47.77005999349058" lon="6.769509986042976">
        <ele>969.38</ele>
      </trkpt>
      <trkpt lat="47.77010994963348" lon="6.7696999199688435">
        <ele>971.52</ele>
      </trkpt>
      <trkpt lat="47.77048998512328" lon="6.7706099431961775">
        <ele>973.46</ele>
      </trkpt>
      <trkpt lat="47.770769940689206" lon="6.771174967288971">
        <ele>975.75</ele>
      </trkpt>
      <trkpt lat="47.77104998007417" lon="6.771739991381764">
        <ele>977.55</ele>
      </trkpt>
      <trkpt lat="47.7711399178952" lon="6.772019946947694">
        <ele>979.25</ele>
      </trkpt>
      <trkpt lat="47.7713299356401" lon="6.772769959643483">
        <ele>981.06</ele>
      </trkpt>
      <trkpt lat="47.77143999002874" lon="6.773129962384701">
        <ele>982.55</ele>
      </trkpt>
      <trkpt lat="47.77158994227648" lon="6.773389969021082">
        <ele>983.94</ele>
      </trkpt>
      <trkpt lat="47.77206997387111" lon="6.774119948968291">
        <ele>985.16</ele>
      </trkpt>
      <trkpt lat="47.772589987143874" lon="6.7748399544507265">
        <ele>986.59</ele>
      </trkpt>
      <trkpt lat="47.772999946027994" lon="6.775589967146516">
        <ele>988.26</ele>
      </trkpt>
      <trkpt lat="47.77350998483598" lon="6.776599986478686">
        <ele>990.23</ele>
      </trkpt>
      <trkpt lat="47.77401993982494" lon="6.777529958635569">
        <ele>991.49</ele>
      </trkpt>
      <trkpt lat="47.77421993203461" lon="6.777849979698658">
        <ele>992.8</ele>
      </trkpt>
      <trkpt lat="47.774379942566156" lon="6.777989957481623">
        <ele>993.94</ele>
      </trkpt>
      <trkpt lat="47.774804988875985" lon="6.778269996866584">
        <ele>994.94</ele>
      </trkpt>
      <trkpt lat="47.77522995136678" lon="6.778549952432513">
        <ele>996.14</ele>
      </trkpt>
      <trkpt lat="47.775319973006845" lon="6.778629999607801">
        <ele>997.38</ele>
      </trkpt>
      <trkpt lat="47.77536992914975" lon="6.778709962964058">
        <ele>998.68</ele>
      </trkpt>
      <trkpt lat="47.77538996189833" lon="6.778889922425151">
        <ele>1000.03</ele>
      </trkpt>
      <trkpt lat="47.77536992914975" lon="6.779009951278567">
        <ele>1001.5</ele>
      </trkpt>
      <trkpt lat="47.77533992193639" lon="6.77909997291863">
        <ele>1003.1</ele>
      </trkpt>
      <trkpt lat="47.775239925831556" lon="6.779239950701594">
        <ele>1004.82</ele>
      </trkpt>
      <trkpt lat="47.77511998079717" lon="6.779299965128303">
        <ele>1006.65</ele>
      </trkpt>
      <trkpt lat="47.77503993362188" lon="6.779299965128303">
        <ele>1008.61</ele>
      </trkpt>
      <trkpt lat="47.77474991977215" lon="6.779219917953014">
        <ele>1010.81</ele>
      </trkpt>
      <trkpt lat="47.774549927562475" lon="6.779129980131984">
        <ele>1013.17</ele>
      </trkpt>
      <trkpt lat="47.77414994314313" lon="6.778829991817474">
        <ele>1015.81</ele>
      </trkpt>
      <trkpt lat="47.77388993650675" lon="6.778659923002124">
        <ele>1018.57</ele>
      </trkpt>
      <trkpt lat="47.77364996261895" lon="6.778579959645867">
        <ele>1021.42</ele>
      </trkpt>
      <trkpt lat="47.77308996766806" lon="6.778509970754385">
        <ele>1024.65</ele>
      </trkpt>
      <trkpt lat="47.77222998440266" lon="6.778319953009486">
        <ele>1027.73</ele>
      </trkpt>
      <trkpt lat="47.77167996391654" lon="6.7781799752265215">
        <ele>1030.71</ele>
      </trkpt>
      <trkpt lat="47.771129943430424" lon="6.778039997443557">
        <ele>1033.99</ele>
      </trkpt>
      <trkpt lat="47.77099994011223" lon="6.777999931946397">
        <ele>1037.26</ele>
      </trkpt>
      <trkpt lat="47.77087999507785" lon="6.777909994125366">
        <ele>1040.59</ele>
      </trkpt>
      <trkpt lat="47.77073993347585" lon="6.777739925310016">
        <ele>1044.0</ele>
      </trkpt>
      <trkpt lat="47.770679919049144" lon="6.777639929205179">
        <ele>1047.5</ele>
      </trkpt>
      <trkpt lat="47.77051999233663" lon="6.777279926463962">
        <ele>1051.04</ele>
      </trkpt>
      <trkpt lat="47.7704699523747" lon="6.777049927040935">
        <ele>1054.65</ele>
      </trkpt>
      <trkpt lat="47.770319916307926" lon="6.777029978111386">
        <ele>1058.44</ele>
      </trkpt>
      <trkpt lat="47.77018999680877" lon="6.77690994925797">
        <ele>1062.26</ele>
      </trkpt>
      <trkpt lat="47.77012998238206" lon="6.776829985901713">
        <ele>1066.14</ele>
      </trkpt>
      <trkpt lat="47.77000995352864" lon="6.776519939303398">
        <ele>1070.19</ele>
      </trkpt>
      <trkpt lat="47.769799986854196" lon="6.775549985468388">
        <ele>1074.51</ele>
      </trkpt>
      <trkpt lat="47.76963997632265" lon="6.775049921125174">
        <ele>1078.93</ele>
      </trkpt>
      <trkpt lat="47.76956998743117" lon="6.774149956181645">
        <ele>1083.16</ele>
      </trkpt>
      <trkpt lat="47.76952992193401" lon="6.773939989507198">
        <ele>1087.26</ele>
      </trkpt>
      <trkpt lat="47.769329929724336" lon="6.7733199801296">
        <ele>1091.47</ele>
      </trkpt>
      <trkpt lat="47.769199926406145" lon="6.77297992631793">
        <ele>1095.52</ele>
      </trkpt>
      <trkpt lat="47.76877999305725" lon="6.772239971905947">
        <ele>1099.81</ele>
      </trkpt>
      <trkpt lat="47.768359975889325" lon="6.7714999336749315">
        <ele>1103.91</ele>
      </trkpt>
      <trkpt lat="47.7677499409765" lon="6.770589994266629">
        <ele>1107.82</ele>
      </trkpt>
      <trkpt lat="47.767669977620244" lon="6.770529979839921">
        <ele>1111.42</ele>
      </trkpt>
      <trkpt lat="47.767589930444956" lon="6.770509947091341">
        <ele>1114.9</ele>
      </trkpt>
      <trkpt lat="47.767499992623925" lon="6.770519921556115">
        <ele>1118.23</ele>
      </trkpt>
      <trkpt lat="47.76740997098386" lon="6.770559987053275">
        <ele>1121.41</ele>
      </trkpt>
      <trkpt lat="47.767329923808575" lon="6.7706299759447575">
        <ele>1124.44</ele>
      </trkpt>
      <trkpt lat="47.76701996102929" lon="6.771009927615523">
        <ele>1127.52</ele>
      </trkpt>
      <trkpt lat="47.76655996218324" lon="6.7717699985951185">
        <ele>1130.37</ele>
      </trkpt>
      <trkpt lat="47.76644999161363" lon="6.772029921412468">
        <ele>1132.76</ele>
      </trkpt>
      <trkpt lat="47.76642995886505" lon="6.772149950265884">
        <ele>1134.85</ele>
      </trkpt>
      <trkpt lat="47.76644999161363" lon="6.7724099569022655">
        <ele>1136.77</ele>
      </trkpt>
      <trkpt lat="47.7665099222213" lon="6.772559992969036">
        <ele>1138.37</ele>
      </trkpt>
      <trkpt lat="47.76703999377787" lon="6.773169944062829">
        <ele>1140.1</ele>
      </trkpt>
      <trkpt lat="47.7671299315989" lon="6.773339929059148">
        <ele>1141.01</ele>
      </trkpt>
      <trkpt lat="47.767179971560836" lon="6.773469932377338">
        <ele>1141.57</ele>
      </trkpt>
      <trkpt lat="47.76720997877419" lon="6.773789953440428">
        <ele>1141.84</ele>
      </trkpt>
      <trkpt lat="47.767179971560836" lon="6.773469932377338">
        <ele>1141.57</ele>
      </trkpt>
      <trkpt lat="47.7671299315989" lon="6.773339929059148">
        <ele>1141.01</ele>
      </trkpt>
      <trkpt lat="47.76703999377787" lon="6.773169944062829">
        <ele>1140.1</ele>
      </trkpt>
      <trkpt lat="47.7665099222213" lon="6.772559992969036">
        <ele>1138.37</ele>
      </trkpt>
      <trkpt lat="47.76644999161363" lon="6.7724099569022655">
        <ele>1136.77</ele>
      </trkpt>
      <trkpt lat="47.76642995886505" lon="6.772149950265884">
        <ele>1134.85</ele>
      </trkpt>
      <trkpt lat="47.76644999161363" lon="6.772029921412468">
        <ele>1132.76</ele>
      </trkpt>
      <trkpt lat="47.76655996218324" lon="6.7717699985951185">
        <ele>1130.37</ele>
      </trkpt>
      <trkpt lat="47.76701996102929" lon="6.771009927615523">
        <ele>1127.52</ele>
      </trkpt>
      <trkpt lat="47.767329923808575" lon="6.7706299759447575">
        <ele>1124.44</ele>
      </trkpt>
      <trkpt lat="47.76740997098386" lon="6.770559987053275">
        <ele>1121.41</ele>
      </trkpt>
      <trkpt lat="47.767499992623925" lon="6.770519921556115">
        <ele>1118.23</ele>
      </trkpt>
      <trkpt lat="47.767589930444956" lon="6.770509947091341">
        <ele>1114.9</ele>
      </trkpt>
      <trkpt lat="47.767669977620244" lon="6.770529979839921">
        <ele>1111.42</ele>
      </trkpt>
      <trkpt lat="47.7677499409765" lon="6.770589994266629">
        <ele>1107.82</ele>
      </trkpt>
      <trkpt lat="47.768359975889325" lon="6.7714999336749315">
        <ele>1103.91</ele>
      </trkpt>
      <trkpt lat="47.76877999305725" lon="6.772239971905947">
        <ele>1099.81</ele>
      </trkpt>
      <trkpt lat="47.769199926406145" lon="6.77297992631793">
        <ele>1095.52</ele>
      </trkpt>
      <trkpt lat="47.769329929724336" lon="6.7733199801296">
        <ele>1091.47</ele>
      </trkpt>
      <trkpt lat="47.76952992193401" lon="6.773939989507198">
        <ele>1087.26</ele>
      </trkpt>
      <trkpt lat="47.76956998743117" lon="6.774149956181645">
        <ele>1083.16</ele>
      </trkpt>
      <trkpt lat="47.76963997632265" lon="6.775049921125174">
        <ele>1078.93</ele>
      </trkpt>
      <trkpt lat="47.769799986854196" lon="6.775549985468388">
        <ele>1074.51</ele>
      </trkpt>
      <trkpt lat="47.77000995352864" lon="6.776519939303398">
        <ele>1070.19</ele>
      </trkpt>
      <trkpt lat="47.77012998238206" lon="6.776829985901713">
        <ele>1066.14</ele>
      </trkpt>
      <trkpt lat="47.77018999680877" lon="6.77690994925797">
        <ele>1062.26</ele>
      </trkpt>
      <trkpt lat="47.770319916307926" lon="6.777029978111386">
        <ele>1058.44</ele>
      </trkpt>
      <trkpt lat="47.7704699523747" lon="6.777049927040935">
        <ele>1054.65</ele>
      </trkpt>
      <trkpt lat="47.77051999233663" lon="6.777279926463962">
        <ele>1051.04</ele>
      </trkpt>
      <trkpt lat="47.770679919049144" lon="6.777639929205179">
        <ele>1047.5</ele>
      </trkpt>
      <trkpt lat="47.77073993347585" lon="6.777739925310016">
        <ele>1044.0</ele>
      </trkpt>
      <trkpt lat="47.77087999507785" lon="6.777909994125366">
        <ele>1040.59</ele>
      </trkpt>
      <trkpt lat="47.77099994011223" lon="6.777999931946397">
        <ele>1037.26</ele>
      </trkpt>
      <trkpt lat="47.771129943430424" lon="6.778039997443557">
        <ele>1033.99</ele>
      </trkpt>
      <trkpt lat="47.77167996391654" lon="6.7781799752265215">
        <ele>1030.71</ele>
      </trkpt>
      <trkpt lat="47.77222998440266" lon="6.778319953009486">
        <ele>1027.73</ele>
      </trkpt>
      <trkpt lat="47.77308996766806" lon="6.778509970754385">
        <ele>1024.65</ele>
      </trkpt>
      <trkpt lat="47.77364996261895" lon="6.778579959645867">
        <ele>1021.42</ele>
      </trkpt>
      <trkpt lat="47.77388993650675" lon="6.778659923002124">
        <ele>1018.57</ele>
      </trkpt>
      <trkpt lat="47.77414994314313" lon="6.778829991817474">
        <ele>1015.81</ele>
      </trkpt>
      <trkpt lat="47.774549927562475" lon="6.779129980131984">
        <ele>1013.17</ele>
      </trkpt>
      <trkpt lat="47.77474991977215" lon="6.779219917953014">
        <ele>1010.81</ele>
      </trkpt>
      <trkpt lat="47.77503993362188" lon="6.779299965128303">
        <ele>1008.61</ele>
      </trkpt>
      <trkpt lat="47.77511998079717" lon="6.779299965128303">
        <ele>1006.65</ele>
      </trkpt>
      <trkpt lat="47.775239925831556" lon="6.779239950701594">
        <ele>1004.82</ele>
      </trkpt>
      <trkpt lat="47.77533992193639" lon="6.77909997291863">
        <ele>1003.1</ele>
      </trkpt>
      <trkpt lat="47.77536992914975" lon="6.779009951278567">
        <ele>1001.5</ele>
      </trkpt>
      <trkpt lat="47.77538996189833" lon="6.778889922425151">
        <ele>1000.03</ele>
      </trkpt>
      <trkpt lat="47.77536992914975" lon="6.778709962964058">
        <ele>998.68</ele>
      </trkpt>
      <trkpt lat="47.775319973006845" lon="6.778629999607801">
        <ele>997.38</ele>
      </trkpt>
      <trkpt lat="47.77522995136678" lon="6.778549952432513">
        <ele>996.14</ele>
      </trkpt>
      <trkpt lat="47.774804988875985" lon="6.778269996866584">
        <ele>994.93</ele>
      </trkpt>
      <trkpt lat="47.774379942566156" lon="6.777989957481623">
        <ele>993.94</ele>
      </trkpt>
      <trkpt lat="47.77421993203461" lon="6.777849979698658">
        <ele>992.8</ele>
      </trkpt>
      <trkpt lat="47.77401993982494" lon="6.777529958635569">
        <ele>991.49</ele>
      </trkpt>
      <trkpt lat="47.77350998483598" lon="6.776599986478686">
        <ele>990.23</ele>
      </trkpt>
      <trkpt lat="47.772999946027994" lon="6.775589967146516">
        <ele>988.26</ele>
      </trkpt>
      <trkpt lat="47.772589987143874" lon="6.7748399544507265">
        <ele>986.59</ele>
      </trkpt>
      <trkpt lat="47.77206997387111" lon="6.774119948968291">
        <ele>985.16</ele>
      </trkpt>
      <trkpt lat="47.77158994227648" lon="6.773389969021082">
        <ele>983.94</ele>
      </trkpt>
      <trkpt lat="47.77143999002874" lon="6.773129962384701">
        <ele>982.55</ele>
      </trkpt>
      <trkpt lat="47.7713299356401" lon="6.772769959643483">
        <ele>981.06</ele>
      </trkpt>
      <trkpt lat="47.7711399178952" lon="6.772019946947694">
        <ele>979.25</ele>
      </trkpt>
      <trkpt lat="47.77104998007417" lon="6.771739991381764">
        <ele>977.55</ele>
      </trkpt>
      <trkpt lat="47.770769940689206" lon="6.771174967288971">
        <ele>975.75</ele>
      </trkpt>
      <trkpt lat="47.77048998512328" lon="6.7706099431961775">
        <ele>973.46</ele>
      </trkpt>
      <trkpt lat="47.77010994963348" lon="6.7696999199688435">
        <ele>971.52</ele>
      </trkpt>
      <trkpt lat="47.77005999349058" lon="6.769509986042976">
        <ele>969.38</ele>
      </trkpt>
      <trkpt lat="47.77000995352864" lon="6.768734995275736">
        <ele>966.62</ele>
      </trkpt>
      <trkpt lat="47.76995999738574" lon="6.767959920689464">
        <ele>964.49</ele>
      </trkpt>
      <trkpt lat="47.769889924675226" lon="6.7672849260270596">
        <ele>962.06</ele>
      </trkpt>
      <trkpt lat="47.769819935783744" lon="6.7666099313646555">
        <ele>959.51</ele>
      </trkpt>
      <trkpt lat="47.769799986854196" lon="6.766289994120598">
        <ele>956.96</ele>
      </trkpt>
      <trkpt lat="47.76980996131897" lon="6.766089918091893">
        <ele>954.32</ele>
      </trkpt>
      <trkpt lat="47.76986997574568" lon="6.765939965844154">
        <ele>951.47</ele>
      </trkpt>
      <trkpt lat="47.76993996463716" lon="6.765879951417446">
        <ele>948.57</ele>
      </trkpt>
      <trkpt lat="47.770039960742" lon="6.765879951417446">
        <ele>945.52</ele>
      </trkpt>
      <trkpt lat="47.770099975168705" lon="6.7659099586308">
        <ele>942.55</ele>
      </trkpt>
      <trkpt lat="47.77014993131161" lon="6.766009954735637">
        <ele>939.56</ele>
      </trkpt>
      <trkpt lat="47.77018999680877" lon="6.766139958053827">
        <ele>936.55</ele>
      </trkpt>
      <trkpt lat="47.770209945738316" lon="6.7666299641132355">
        <ele>933.53</ele>
      </trkpt>
      <trkpt lat="47.77023995295167" lon="6.76678997464478">
        <ele>930.55</ele>
      </trkpt>
      <trkpt lat="47.770529966801405" lon="6.767704943194985">
        <ele>927.35</ele>
      </trkpt>
      <trkpt lat="47.77081998065114" lon="6.768619995564222">
        <ele>923.9</ele>
      </trkpt>
      <trkpt lat="47.77090991847217" lon="6.768769947811961">
        <ele>920.9</ele>
      </trkpt>
      <trkpt lat="47.771409982815385" lon="6.7693099938333035">
        <ele>917.95</ele>
      </trkpt>
      <trkpt lat="47.77156999334693" lon="6.769429938867688">
        <ele>914.84</ele>
      </trkpt>
      <trkpt lat="47.77191993780434" lon="6.769639989361167">
        <ele>911.42</ele>
      </trkpt>
      <trkpt lat="47.77235998772085" lon="6.769989933818579">
        <ele>908.15</ele>
      </trkpt>
      <trkpt lat="47.772459983825684" lon="6.770109962671995">
        <ele>905.2</ele>
      </trkpt>
      <trkpt lat="47.77253994718194" lon="6.770259998738766">
        <ele>902.34</ele>
      </trkpt>
      <trkpt lat="47.77266995050013" lon="6.770589994266629">
        <ele>899.48</ele>
      </trkpt>
      <trkpt lat="47.77296993881464" lon="6.771229952573776">
        <ele>896.6</ele>
      </trkpt>
      <trkpt lat="47.77307999320328" lon="6.771409995853901">
        <ele>893.87</ele>
      </trkpt>
      <trkpt lat="47.77335994876921" lon="6.771649969741702">
        <ele>890.91</ele>
      </trkpt>
      <trkpt lat="47.77380997315049" lon="6.771779973059893">
        <ele>887.82</ele>
      </trkpt>
      <trkpt lat="47.7739199437201" lon="6.771859936416149">
        <ele>885.14</ele>
      </trkpt>
      <trkpt lat="47.7742999792099" lon="6.772319935262203">
        <ele>882.45</ele>
      </trkpt>
      <trkpt lat="47.77442998252809" lon="6.7724099569022655">
        <ele>879.74</ele>
      </trkpt>
      <trkpt lat="47.77465998195112" lon="6.772509953007102">
        <ele>877.01</ele>
      </trkpt>
      <trkpt lat="47.77489995583892" lon="6.772539960220456">
        <ele>874.35</ele>
      </trkpt>
      <trkpt lat="47.77505996637046" lon="6.772479945793748">
        <ele>871.74</ele>
      </trkpt>
      <trkpt lat="47.77526993304491" lon="6.772269979119301">
        <ele>869.11</ele>
      </trkpt>
      <trkpt lat="47.77543991804123" lon="6.771939983591437">
        <ele>866.44</ele>
      </trkpt>
      <trkpt lat="47.77547998353839" lon="6.771729933097959">
        <ele>863.9</ele>
      </trkpt>
      <trkpt lat="47.77547998353839" lon="6.7714999336749315">
        <ele>861.32</ele>
      </trkpt>
      <trkpt lat="47.77537998743355" lon="6.771189970895648">
        <ele>858.82</ele>
      </trkpt>
      <trkpt lat="47.775319973006845" lon="6.7710899747908115">
        <ele>856.33</ele>
      </trkpt>
      <trkpt lat="47.77524998411536" lon="6.771029960364103">
        <ele>853.81</ele>
      </trkpt>
      <trkpt lat="47.77517999522388" lon="6.770999953150749">
        <ele>851.26</ele>
      </trkpt>
      <trkpt lat="47.77509994804859" lon="6.770989978685975">
        <ele>848.68</ele>
      </trkpt>
      <trkpt lat="47.77435999363661" lon="6.771049993112683">
        <ele>846.27</ele>
      </trkpt>
      <trkpt lat="47.774309953674674" lon="6.7710399348288774">
        <ele>843.57</ele>
      </trkpt>
      <trkpt lat="47.77423996478319" lon="6.770979920402169">
        <ele>840.74</ele>
      </trkpt>
      <trkpt lat="47.77414994314313" lon="6.77080993540585">
        <ele>837.74</ele>
      </trkpt>
      <trkpt lat="47.7739199437201" lon="6.7701999843120575">
        <ele>834.5</ele>
      </trkpt>
      <trkpt lat="47.773859929293394" lon="6.769979959353805">
        <ele>831.38</ele>
      </trkpt>
      <trkpt lat="47.77382992208004" lon="6.7697699926793575">
        <ele>828.07</ele>
      </trkpt>
      <trkpt lat="47.77378994040191" lon="6.7688599694520235">
        <ele>823.96</ele>
      </trkpt>
      <trkpt lat="47.77373998425901" lon="6.768639944493771">
        <ele>820.48</ele>
      </trkpt>
      <trkpt lat="47.77345994487405" lon="6.767919939011335">
        <ele>816.6</ele>
      </trkpt>
      <trkpt lat="47.7732999343425" lon="6.767639983445406">
        <ele>812.99</ele>
      </trkpt>
      <trkpt lat="47.772889975458384" lon="6.7670399229973555">
        <ele>809.23</ele>
      </trkpt>
      <trkpt lat="47.77283993549645" lon="6.766909919679165">
        <ele>805.66</ele>
      </trkpt>
      <trkpt lat="47.772809928283095" lon="6.766749992966652">
        <ele>802.05</ele>
      </trkpt>
      <trkpt lat="47.77273993939161" lon="6.765849944204092">
        <ele>797.94</ele>
      </trkpt>
      <trkpt lat="47.77273499406874" lon="6.764604980126023">
        <ele>793.98</ele>
      </trkpt>
      <trkpt lat="47.77272996492684" lon="6.763359932228923">
        <ele>789.93</ele>
      </trkpt>
      <trkpt lat="47.77268998324871" lon="6.762959947809577">
        <ele>786.19</ele>
      </trkpt>
      <trkpt lat="47.77268998324871" lon="6.762809995561838">
        <ele>782.54</ele>
      </trkpt>
      <trkpt lat="47.772719990462065" lon="6.762759955599904">
        <ele>778.96</ele>
      </trkpt>
      <trkpt lat="47.77275997214019" lon="6.76274998113513">
        <ele>775.44</ele>
      </trkpt>
      <trkpt lat="47.77279995381832" lon="6.762769930064678">
        <ele>772.01</ele>
      </trkpt>
      <trkpt lat="47.77289994992316" lon="6.7628799844533205">
        <ele>768.61</ele>
      </trkpt>
      <trkpt lat="47.77292995713651" lon="6.762949973344803">
        <ele>765.34</ele>
      </trkpt>
      <trkpt lat="47.77300992049277" lon="6.763529917225242">
        <ele>762.18</ele>
      </trkpt>
      <trkpt lat="47.77318996377289" lon="6.764129977673292">
        <ele>758.86</ele>
      </trkpt>
      <trkpt lat="47.77356999926269" lon="6.765129938721657">
        <ele>755.49</ele>
      </trkpt>
      <trkpt lat="47.77371995151043" lon="6.765419952571392">
        <ele>752.36</ele>
      </trkpt>
      <trkpt lat="47.773879962041974" lon="6.765609970316291">
        <ele>749.23</ele>
      </trkpt>
      <trkpt lat="47.77395992539823" lon="6.765639977529645">
        <ele>746.19</ele>
      </trkpt>
      <trkpt lat="47.774269971996546" lon="6.765569988638163">
        <ele>742.61</ele>
      </trkpt>
      <trkpt lat="47.774399975314736" lon="6.765609970316291">
        <ele>739.73</ele>
      </trkpt>
      <trkpt lat="47.77449997141957" lon="6.765709966421127">
        <ele>737.01</ele>
      </trkpt>
      <trkpt lat="47.775149988010526" lon="6.766549916937947">
        <ele>734.31</ele>
      </trkpt>
      <trkpt lat="47.77521997690201" lon="6.7666099313646555">
        <ele>731.71</ele>
      </trkpt>
      <trkpt lat="47.775319973006845" lon="6.7666499968618155">
        <ele>729.1</ele>
      </trkpt>
      <trkpt lat="47.775619961321354" lon="6.76665997132659">
        <ele>726.22</ele>
      </trkpt>
      <trkpt lat="47.776029920205474" lon="6.766889970749617">
        <ele>723.8</ele>
      </trkpt>
      <trkpt lat="47.77626997791231" lon="6.766929952427745">
        <ele>721.31</ele>
      </trkpt>
      <trkpt lat="47.77635999955237" lon="6.766959959641099">
        <ele>719.05</ele>
      </trkpt>
      <trkpt lat="47.77712996117771" lon="6.767359944060445">
        <ele>716.74</ele>
      </trkpt>
      <trkpt lat="47.777449982240796" lon="6.767479972913861">
        <ele>714.42</ele>
      </trkpt>
      <trkpt lat="47.77767998166382" lon="6.767619950696826">
        <ele>712.28</ele>
      </trkpt>
      <trkpt lat="47.77801995165646" lon="6.767929997295141">
        <ele>710.14</ele>
      </trkpt>
      <trkpt lat="47.77857994660735" lon="6.768599962815642">
        <ele>707.99</ele>
      </trkpt>
      <trkpt lat="47.778739957138896" lon="6.768769947811961">
        <ele>705.99</ele>
      </trkpt>
      <trkpt lat="47.77887993492186" lon="6.768889976665378">
        <ele>704.01</ele>
      </trkpt>
      <trkpt lat="47.779059978201985" lon="6.769009921699762">
        <ele>701.98</ele>
      </trkpt>
      <trkpt lat="47.77912996709347" lon="6.768989972770214">
        <ele>699.9</ele>
      </trkpt>
      <trkpt lat="47.77914999984205" lon="6.768969940021634">
        <ele>697.83</ele>
      </trkpt>
      <trkpt lat="47.77917992323637" lon="6.768869943916798">
        <ele>695.6</ele>
      </trkpt>
      <trkpt lat="47.779169948771596" lon="6.768759973347187">
        <ele>693.36</ele>
      </trkpt>
      <trkpt lat="47.77908998541534" lon="6.768679926171899">
        <ele>691.1</ele>
      </trkpt>
      <trkpt lat="47.77876996435225" lon="6.76852997392416">
        <ele>688.91</ele>
      </trkpt>
      <trkpt lat="47.778329998254776" lon="6.767829917371273">
        <ele>686.23</ele>
      </trkpt>
      <trkpt lat="47.77812992222607" lon="6.7675399873405695">
        <ele>683.42</ele>
      </trkpt>
      <trkpt lat="47.777899922803044" lon="6.767329936847091">
        <ele>680.77</ele>
      </trkpt>
      <trkpt lat="47.77747998945415" lon="6.767049981281161">
        <ele>678.03</ele>
      </trkpt>
      <trkpt lat="47.77724999003112" lon="6.766849989071488">
        <ele>674.94</ele>
      </trkpt>
      <trkpt lat="47.77689493261278" lon="6.766364928334951">
        <ele>668.47</ele>
      </trkpt>
      <trkpt lat="47.77653995901346" lon="6.765879951417446">
        <ele>667.53</ele>
      </trkpt>
      <trkpt lat="47.77635999955237" lon="6.7655399814248085">
        <ele>663.72</ele>
      </trkpt>
      <trkpt lat="47.776179956272244" lon="6.76532993093133">
        <ele>659.91</ele>
      </trkpt>
      <trkpt lat="47.77607996016741" lon="6.765169920399785">
        <ele>655.86</ele>
      </trkpt>
      <trkpt lat="47.775879967957735" lon="6.764409933239222">
        <ele>651.06</ele>
      </trkpt>
      <trkpt lat="47.775579979643226" lon="6.76362999714911">
        <ele>646.28</ele>
      </trkpt>
      <trkpt lat="47.77528996579349" lon="6.762984925881028">
        <ele>636.1</ele>
      </trkpt>
      <trkpt lat="47.774999951943755" lon="6.762339938431978">
        <ele>636.74</ele>
      </trkpt>
      <trkpt lat="47.774889981374145" lon="6.762059982866049">
        <ele>631.97</ele>
      </trkpt>
      <trkpt lat="47.77455998584628" lon="6.760899927467108">
        <ele>626.54</ele>
      </trkpt>
      <trkpt lat="47.77436996810138" lon="6.760329958051443">
        <ele>621.31</ele>
      </trkpt>
      <trkpt lat="47.774119935929775" lon="6.759654963389039">
        <ele>609.3</ele>
      </trkpt>
      <trkpt lat="47.7738699875772" lon="6.758979968726635">
        <ele>610.76</ele>
      </trkpt>
      <trkpt lat="47.77377996593714" lon="6.75866992212832">
        <ele>605.78</ele>
      </trkpt>
      <trkpt lat="47.77365993708372" lon="6.758139934390783">
        <ele>600.6</ele>
      </trkpt>
      <trkpt lat="47.773539992049336" lon="6.757769957184792">
        <ele>595.61</ele>
      </trkpt>
      <trkpt lat="47.77337998151779" lon="6.757409954443574">
        <ele>590.83</ele>
      </trkpt>
      <trkpt lat="47.7732999343425" lon="6.757159922271967">
        <ele>585.97</ele>
      </trkpt>
      <trkpt lat="47.77313992381096" lon="6.756169935688376">
        <ele>580.45</ele>
      </trkpt>
      <trkpt lat="47.77302995324135" lon="6.75518992356956">
        <ele>575.57</ele>
      </trkpt>
      <trkpt lat="47.77290497906506" lon="6.754249976947904">
        <ele>565.88</ele>
      </trkpt>
      <trkpt lat="47.77277992106974" lon="6.7533099465072155">
        <ele>565.7</ele>
      </trkpt>
      <trkpt lat="47.772699957713485" lon="6.752539984881878">
        <ele>558.08</ele>
      </trkpt>
      <trkpt lat="47.77261999435723" lon="6.751769939437509">
        <ele>556.92</ele>
      </trkpt>
      <trkpt lat="47.77261999435723" lon="6.751529965549707">
        <ele>552.84</ele>
      </trkpt>
      <trkpt lat="47.7728199865669" lon="6.751629961654544">
        <ele>548.82</ele>
      </trkpt>
      <trkpt lat="47.77285996824503" lon="6.7517099250108">
        <ele>546.6</ele>
      </trkpt>
      <trkpt lat="47.77287991717458" lon="6.751809921115637">
        <ele>544.84</ele>
      </trkpt>
      <trkpt lat="47.772849993780255" lon="6.75215994939208">
        <ele>543.65</ele>
      </trkpt>
      <trkpt lat="47.77285996824503" lon="6.752269919961691">
        <ele>542.62</ele>
      </trkpt>
      <trkpt lat="47.773019978776574" lon="6.753029990941286">
        <ele>541.98</ele>
      </trkpt>
      <trkpt lat="47.77318493463099" lon="6.75398494116962">
        <ele>541.62</ele>
      </trkpt>
      <trkpt lat="47.77334997430444" lon="6.754939975216985">
        <ele>541.63</ele>
      </trkpt>
      <trkpt lat="47.77362992987037" lon="6.755589991807938">
        <ele>541.61</ele>
      </trkpt>
      <trkpt lat="47.77373998425901" lon="6.755889980122447">
        <ele>542.03</ele>
      </trkpt>
      <trkpt lat="47.773899994790554" lon="6.756489956751466">
        <ele>542.98</ele>
      </trkpt>
      <trkpt lat="47.77423996478319" lon="6.757429987192154">
        <ele>544.27</ele>
      </trkpt>
      <trkpt lat="47.774399975314736" lon="6.758139934390783">
        <ele>545.36</ele>
      </trkpt>
      <trkpt lat="47.77450994588435" lon="6.758429948240519">
        <ele>546.55</ele>
      </trkpt>
      <trkpt lat="47.77459996752441" lon="6.758569926023483">
        <ele>547.97</ele>
      </trkpt>
      <trkpt lat="47.77502995915711" lon="6.758899921551347">
        <ele>549.36</ele>
      </trkpt>
      <trkpt lat="47.7752099186182" lon="6.759099997580051">
        <ele>551.1</ele>
      </trkpt>
      <trkpt lat="47.775449976325035" lon="6.759409960359335">
        <ele>553.03</ele>
      </trkpt>
      <trkpt lat="47.77576496824622" lon="6.759904995560646">
        <ele>554.96</ele>
      </trkpt>
      <trkpt lat="47.77607996016741" lon="6.7603999469429255">
        <ele>557.01</ele>
      </trkpt>
      <trkpt lat="47.77644499205053" lon="6.760919960215688">
        <ele>559.41</ele>
      </trkpt>
      <trkpt lat="47.77680994011462" lon="6.76143997348845">
        <ele>561.83</ele>
      </trkpt>
      <trkpt lat="47.77689996175468" lon="6.761629991233349">
        <ele>564.11</ele>
      </trkpt>
      <trkpt lat="47.77707992121577" lon="6.762239942327142">
        <ele>566.67</ele>
      </trkpt>
      <trkpt lat="47.7773099206388" lon="6.762924995273352">
        <ele>569.15</ele>
      </trkpt>
      <trkpt lat="47.77753992006183" lon="6.76360996440053">
        <ele>571.79</ele>
      </trkpt>
      <trkpt lat="47.7779299300164" lon="6.7639699671417475">
        <ele>574.27</ele>
      </trkpt>
      <trkpt lat="47.77831993997097" lon="6.764329969882965">
        <ele>576.6</ele>
      </trkpt>
      <trkpt lat="47.778799971565604" lon="6.764669939875603">
        <ele>578.86</ele>
      </trkpt>
      <trkpt lat="47.77945996262133" lon="6.765069924294949">
        <ele>581.15</ele>
      </trkpt>
      <trkpt lat="47.779639922082424" lon="6.765219960361719">
        <ele>583.35</ele>
      </trkpt>
      <trkpt lat="47.78009992092848" lon="6.76577995531261">
        <ele>585.62</ele>
      </trkpt>
      <trkpt lat="47.780519938096404" lon="6.766239954158664">
        <ele>587.86</ele>
      </trkpt>
      <trkpt lat="47.78093995526433" lon="6.766699953004718">
        <ele>589.72</ele>
      </trkpt>
      <trkpt lat="47.781039951369166" lon="6.7668399307876825">
        <ele>591.76</ele>
      </trkpt>
      <trkpt lat="47.781139947474" lon="6.767049981281161">
        <ele>593.81</ele>
      </trkpt>
      <trkpt lat="47.78127992525697" lon="6.767449965700507">
        <ele>596.01</ele>
      </trkpt>
      <trkpt lat="47.78134999796748" lon="6.767799993976951">
        <ele>598.16</ele>
      </trkpt>
      <trkpt lat="47.781469943001866" lon="6.768049942329526">
        <ele>600.17</ele>
      </trkpt>
      <trkpt lat="47.7815699391067" lon="6.768149938434362">
        <ele>602.1</ele>
      </trkpt>
      <trkpt lat="47.7819499745965" lon="6.768459985032678">
        <ele>603.89</ele>
      </trkpt>
      <trkpt lat="47.78243998065591" lon="6.768909925594926">
        <ele>606.03</ele>
      </trkpt>
      <trkpt lat="47.78257995843887" lon="6.769019979983568">
        <ele>608.04</ele>
      </trkpt>
      <trkpt lat="47.78271993622184" lon="6.7690899688750505">
        <ele>610.0</ele>
      </trkpt>
      <trkpt lat="47.78290995396674" lon="6.769149983301759">
        <ele>611.97</ele>
      </trkpt>
      <trkpt lat="47.783269956707954" lon="6.769109917804599">
        <ele>614.08</ele>
      </trkpt>
      <trkpt lat="47.783549996092916" lon="6.76897999830544">
        <ele>616.33</ele>
      </trkpt>
      <trkpt lat="47.7840499766171" lon="6.768689984455705">
        <ele>618.57</ele>
      </trkpt>
      <trkpt lat="47.784149972721934" lon="6.768649918958545">
        <ele>620.44</ele>
      </trkpt>
      <trkpt lat="47.784259943291545" lon="6.768639944493771">
        <ele>622.28</ele>
      </trkpt>
      <trkpt lat="47.78448994271457" lon="6.768669951707125">
        <ele>624.17</ele>
      </trkpt>
      <trkpt lat="47.78460997156799" lon="6.768719991669059">
        <ele>625.99</ele>
      </trkpt>
      <trkpt lat="47.784949941560626" lon="6.769029954448342">
        <ele>628.04</ele>
      </trkpt>
      <trkpt lat="47.7853399515152" lon="6.7694999277591705">
        <ele>629.98</ele>
      </trkpt>
      <trkpt lat="47.785589983686805" lon="6.769939977675676">
        <ele>631.67</ele>
      </trkpt>
      <trkpt lat="47.78593992814422" lon="6.770919989794493">
        <ele>633.2</ele>
      </trkpt>
      <trkpt lat="47.78628995642066" lon="6.771899918094277">
        <ele>634.86</ele>
      </trkpt>
      <trkpt lat="47.78660997748375" lon="6.772559992969036">
        <ele>636.33</ele>
      </trkpt>
      <trkpt lat="47.786689940840006" lon="6.7728899884969">
        <ele>637.66</ele>
      </trkpt>
      <trkpt lat="47.786839976906776" lon="6.773919956758618">
        <ele>639.1</ele>
      </trkpt>
      <trkpt lat="47.786899991333485" lon="6.774089941754937">
        <ele>640.39</ele>
      </trkpt>
      <trkpt lat="47.787029994651675" lon="6.77428993396461">
        <ele>641.6</ele>
      </trkpt>
      <trkpt lat="47.78756492771208" lon="6.774959983304143">
        <ele>642.61</ele>
      </trkpt>
      <trkpt lat="47.78809994459152" lon="6.775629948824644">
        <ele>643.87</ele>
      </trkpt>
      <trkpt lat="47.788319969549775" lon="6.775809992104769">
        <ele>644.8</ele>
      </trkpt>
      <trkpt lat="47.7887899428606" lon="6.776149962097406">
        <ele>645.65</ele>
      </trkpt>
      <trkpt lat="47.78905992396176" lon="6.776429917663336">
        <ele>646.59</ele>
      </trkpt>
      <trkpt lat="47.789309956133366" lon="6.776829985901713">
        <ele>647.52</ele>
      </trkpt>
      <trkpt lat="47.78952998109162" lon="6.777299959212542">
        <ele>648.55</ele>
      </trkpt>
      <trkpt lat="47.79005493968725" lon="6.778184920549393">
        <ele>649.54</ele>
      </trkpt>
      <trkpt lat="47.79057998210192" lon="6.7790699657052755">
        <ele>651.14</ele>
      </trkpt>
      <trkpt lat="47.790809981524944" lon="6.779379928484559">
        <ele>652.11</ele>
      </trkpt>
      <trkpt lat="47.7910799626261" lon="6.779599953442812">
        <ele>653.08</ele>
      </trkpt>
      <trkpt lat="47.791519928723574" lon="6.7799099162220955">
        <ele>654.19</ele>
      </trkpt>
      <trkpt lat="47.79195997864008" lon="6.780219962820411">
        <ele>655.36</ele>
      </trkpt>
      <trkpt lat="47.79204991646111" lon="6.780319958925247">
        <ele>656.41</ele>
      </trkpt>
      <trkpt lat="47.7921799197793" lon="6.780529925599694">
        <ele>657.5</ele>
      </trkpt>
      <trkpt lat="47.79250496998429" lon="6.78116493858397">
        <ele>658.81</ele>
      </trkpt>
      <trkpt lat="47.792829936370254" lon="6.781799951568246">
        <ele>659.8</ele>
      </trkpt>
      <trkpt lat="47.79292993247509" lon="6.781859965994954">
        <ele>660.93</ele>
      </trkpt>
      <trkpt lat="47.79346997849643" lon="6.782039925456047">
        <ele>662.12</ele>
      </trkpt>
      <trkpt lat="47.7938499301672" lon="6.78223991766572">
        <ele>663.39</ele>
      </trkpt>
      <trkpt lat="47.79430992901325" lon="6.782539989799261">
        <ele>664.64</ele>
      </trkpt>
      <trkpt lat="47.79438997618854" lon="6.782629927620292">
        <ele>665.93</ele>
      </trkpt>
      <trkpt lat="47.794529953971505" lon="6.782899992540479">
        <ele>667.32</ele>
      </trkpt>
      <trkpt lat="47.794829942286015" lon="6.783809931948781">
        <ele>669.12</ele>
      </trkpt>
      <trkpt lat="47.794959945604205" lon="6.784039931371808">
        <ele>670.58</ele>
      </trkpt>
      <trkpt lat="47.79504996724427" lon="6.78414998576045">
        <ele>672.01</ele>
      </trkpt>
      <trkpt lat="47.7953299228102" lon="6.7843899596482515">
        <ele>673.45</ele>
      </trkpt>
      <trkpt lat="47.795559922233224" lon="6.784459948539734">
        <ele>674.92</ele>
      </trkpt>
      <trkpt lat="47.796079935505986" lon="6.785039976239204">
        <ele>676.53</ele>
      </trkpt>
      <trkpt lat="47.796419989317656" lon="6.785169979557395">
        <ele>678.2</ele>
      </trkpt>
      <trkpt lat="47.7966299559921" lon="6.785449935123324">
        <ele>679.99</ele>
      </trkpt>
      <trkpt lat="47.79683992266655" lon="6.785819996148348">
        <ele>681.77</ele>
      </trkpt>
      <trkpt lat="47.79735993593931" lon="6.786909978836775">
        <ele>683.82</ele>
      </trkpt>
      <trkpt lat="47.797859916463494" lon="6.7879099398851395">
        <ele>685.59</ele>
      </trkpt>
      <trkpt lat="47.79808999970555" lon="6.788459960371256">
        <ele>687.43</ele>
      </trkpt>
      <trkpt lat="47.798334918916225" lon="6.789089944213629">
        <ele>689.43</ele>
      </trkpt>
      <trkpt lat="47.79857992194593" lon="6.789719928056002">
        <ele>691.68</ele>
      </trkpt>
      <trkpt lat="47.798994993790984" lon="6.79065995849669">
        <ele>694.28</ele>
      </trkpt>
      <trkpt lat="47.79940998181701" lon="6.791599988937378">
        <ele>696.31</ele>
      </trkpt>
      <trkpt lat="47.79948994517326" lon="6.7917299922555685">
        <ele>698.25</ele>
      </trkpt>
      <trkpt lat="47.800049940124154" lon="6.79239995777607">
        <ele>700.37</ele>
      </trkpt>
      <trkpt lat="47.800159994512796" lon="6.792649989947677">
        <ele>702.33</ele>
      </trkpt>
      <trkpt lat="47.80024993233383" lon="6.792909996584058">
        <ele>704.24</ele>
      </trkpt>
      <trkpt lat="47.80028999783099" lon="6.793129937723279">
        <ele>706.1</ele>
      </trkpt>
      <trkpt lat="47.80031992122531" lon="6.793519947677851">
        <ele>707.95</ele>
      </trkpt>
      <trkpt lat="47.80034992843866" lon="6.793569987639785">
        <ele>709.79</ele>
      </trkpt>
      <trkpt lat="47.80042997561395" lon="6.793599994853139">
        <ele>711.71</ele>
      </trkpt>
      <trkpt lat="47.800479931756854" lon="6.793569987639785">
        <ele>713.6</ele>
      </trkpt>
      <trkpt lat="47.800519997254014" lon="6.793519947677851">
        <ele>715.48</ele>
      </trkpt>
      <trkpt lat="47.800569953396916" lon="6.793359937146306">
        <ele>717.41</ele>
      </trkpt>
      <trkpt lat="47.800549920648336" lon="6.7927999421954155">
        <ele>719.19</ele>
      </trkpt>
      <trkpt lat="47.800499964505434" lon="6.79241999052465">
        <ele>721.11</ele>
      </trkpt>
      <trkpt lat="47.80037993565202" lon="6.791799981147051">
        <ele>722.97</ele>
      </trkpt>
      <trkpt lat="47.80008992180228" lon="6.790599944069982">
        <ele>725.21</ele>
      </trkpt>
      <trkpt lat="47.8000199329108" lon="6.790419984608889">
        <ele>726.95</ele>
      </trkpt>
      <trkpt lat="47.79994994401932" lon="6.790309930220246">
        <ele>728.67</ele>
      </trkpt>
      <trkpt lat="47.799779959023" lon="6.790169952437282">
        <ele>730.25</ele>
      </trkpt>
      <trkpt lat="47.799729919061065" lon="6.790069956332445">
        <ele>732.1</ele>
      </trkpt>
      <trkpt lat="47.79971994459629" lon="6.789819924160838">
        <ele>734.13</ele>
      </trkpt>
      <trkpt lat="47.79973997734487" lon="6.7897299863398075">
        <ele>736.23</ele>
      </trkpt>
      <trkpt lat="47.79983997344971" lon="6.789629990234971">
        <ele>738.57</ele>
      </trkpt>
      <trkpt lat="47.79995991848409" lon="6.789629990234971">
        <ele>740.89</ele>
      </trkpt>
      <trkpt lat="47.800029991194606" lon="6.7896899208426476">
        <ele>743.14</ele>
      </trkpt>
      <trkpt lat="47.80007994733751" lon="6.78979997523129">
        <ele>745.39</ele>
      </trkpt>
      <trkpt lat="47.80012998729944" lon="6.789989992976189">
        <ele>747.77</ele>
      </trkpt>
      <trkpt lat="47.800179943442345" lon="6.7903699446469545">
        <ele>750.18</ele>
      </trkpt>
      <trkpt lat="47.80023995786905" lon="6.790559962391853">
        <ele>752.73</ele>
      </trkpt>
      <trkpt lat="47.800479931756854" lon="6.791129931807518">
        <ele>755.3</ele>
      </trkpt>
      <trkpt lat="47.80081495642662" lon="6.791739966720343">
        <ele>758.29</ele>
      </trkpt>
      <trkpt lat="47.80114998109639" lon="6.7923499178141356">
        <ele>761.46</ele>
      </trkpt>
      <trkpt lat="47.80145994387567" lon="6.793019967153668">
        <ele>764.51</ele>
      </trkpt>
      <trkpt lat="47.80179999768734" lon="6.7939099576324224">
        <ele>767.57</ele>
      </trkpt>
      <trkpt lat="47.80196998268366" lon="6.794169964268804">
        <ele>770.77</ele>
      </trkpt>
      <trkpt lat="47.802159916609526" lon="6.794359982013702">
        <ele>774.02</ele>
      </trkpt>
      <trkpt lat="47.80268495902419" lon="6.794669944792986">
        <ele>777.74</ele>
      </trkpt>
      <trkpt lat="47.803209917619824" lon="6.794979991391301">
        <ele>780.69</ele>
      </trkpt>
      <trkpt lat="47.80381995253265" lon="6.795179983600974">
        <ele>783.85</ele>
      </trkpt>
      <trkpt lat="47.80398993752897" lon="6.795209990814328">
        <ele>787.06</ele>
      </trkpt>
      <trkpt lat="47.804349940270185" lon="6.795169925317168">
        <ele>790.46</ele>
      </trkpt>
      <trkpt lat="47.8046599868685" lon="6.795119969174266">
        <ele>793.71</ele>
      </trkpt>
      <trkpt lat="47.805209923535585" lon="6.794969933107495">
        <ele>797.12</ele>
      </trkpt>
      <trkpt lat="47.8057599440217" lon="6.7948199808597565">
        <ele>800.71</ele>
      </trkpt>
      <trkpt lat="47.805869998410344" lon="6.794749991968274">
        <ele>803.91</ele>
      </trkpt>
      <trkpt lat="47.80601995065808" lon="6.794589981436729">
        <ele>807.12</ele>
      </trkpt>
      <trkpt lat="47.80616998672485" lon="6.794549999758601">
        <ele>810.24</ele>
      </trkpt>
      <trkpt lat="47.8065699711442" lon="6.7946199886500835">
        <ele>812.92</ele>
      </trkpt>
      <trkpt lat="47.807159973308444" lon="6.794659970328212">
        <ele>815.9</ele>
      </trkpt>
      <trkpt lat="47.807249994948506" lon="6.794639937579632">
        <ele>819.0</ele>
      </trkpt>
      <trkpt lat="47.80764997936785" lon="6.794459978118539">
        <ele>822.62</ele>
      </trkpt>
      <trkpt lat="47.807719968259335" lon="6.794459978118539">
        <ele>825.73</ele>
      </trkpt>
      <trkpt lat="47.80787997879088" lon="6.794539941474795">
        <ele>828.89</ele>
      </trkpt>
      <trkpt lat="47.808559918776155" lon="6.795099936425686">
        <ele>832.09</ele>
      </trkpt>
      <trkpt lat="47.808689922094345" lon="6.79514997638762">
        <ele>835.05</ele>
      </trkpt>
      <trkpt lat="47.80914497561753" lon="6.7952299397438765">
        <ele>838.33</ele>
      </trkpt>
      <trkpt lat="47.80959994532168" lon="6.795309986919165">
        <ele>841.38</ele>
      </trkpt>
      <trkpt lat="47.81034995801747" lon="6.795539986342192">
        <ele>843.87</ele>
      </trkpt>
      <trkpt lat="47.810599990189075" lon="6.795589942485094">
        <ele>846.67</ele>
      </trkpt>
      <trkpt lat="47.81080995686352" lon="6.795679964125156">
        <ele>849.56</ele>
      </trkpt>
      <trkpt lat="47.811249922961" lon="6.795914992690086">
        <ele>852.77</ele>
      </trkpt>
      <trkpt lat="47.8116899728775" lon="6.796149937435985">
        <ele>856.01</ele>
      </trkpt>
      <trkpt lat="47.81179994344711" lon="6.796229984611273">
        <ele>858.84</ele>
      </trkpt>
      <trkpt lat="47.811999935656786" lon="6.7964599840343">
        <ele>861.63</ele>
      </trkpt>
      <trkpt lat="47.81214997172356" lon="6.7968199867755175">
        <ele>864.29</ele>
      </trkpt>
      <trkpt lat="47.81239992007613" lon="6.7976899445056915">
        <ele>866.93</ele>
      </trkpt>
      <trkpt lat="47.812429927289486" lon="6.797909969463944">
        <ele>869.6</ele>
      </trkpt>
      <trkpt lat="47.81238994561136" lon="6.7983499355614185">
        <ele>872.26</ele>
      </trkpt>
      <trkpt lat="47.812429927289486" lon="6.798999952152371">
        <ele>875.21</ele>
      </trkpt>
      <trkpt lat="47.812489941716194" lon="6.799249984323978">
        <ele>878.03</ele>
      </trkpt>
      <trkpt lat="47.81262991949916" lon="6.799519965425134">
        <ele>881.03</ele>
      </trkpt>
      <trkpt lat="47.81272999942303" lon="6.799609987065196">
        <ele>883.8</ele>
      </trkpt>
      <trkpt lat="47.812899984419346" lon="6.799699924886227">
        <ele>886.64</ele>
      </trkpt>
      <trkpt lat="47.813179939985275" lon="6.80006998591125">
        <ele>889.29</ele>
      </trkpt>
      <trkpt lat="47.81324992887676" lon="6.8001199420541525">
        <ele>891.87</ele>
      </trkpt>
      <trkpt lat="47.81363993883133" lon="6.800209963694215">
        <ele>894.65</ele>
      </trkpt>
      <trkpt lat="47.81370992772281" lon="6.800249945372343">
        <ele>897.21</ele>
      </trkpt>
      <trkpt lat="47.81391997821629" lon="6.800429988652468">
        <ele>899.73</ele>
      </trkpt>
      <trkpt lat="47.81406993046403" lon="6.800409955903888">
        <ele>902.31</ele>
      </trkpt>
      <trkpt lat="47.814189959317446" lon="6.8003699742257595">
        <ele>904.9</ele>
      </trkpt>
      <trkpt lat="47.814339995384216" lon="6.800299985334277">
        <ele>907.56</ele>
      </trkpt>
      <trkpt lat="47.81455993652344" lon="6.800149949267507">
        <ele>910.44</ele>
      </trkpt>
      <trkpt lat="47.814679965376854" lon="6.800129916518927">
        <ele>913.1</ele>
      </trkpt>
      <trkpt lat="47.814769987016916" lon="6.800159923732281">
        <ele>915.65</ele>
      </trkpt>
      <trkpt lat="47.81514993868768" lon="6.800649929791689">
        <ele>917.95</ele>
      </trkpt>
      <trkpt lat="47.815349930897355" lon="6.800719918683171">
        <ele>920.6</ele>
      </trkpt>
      <trkpt lat="47.815499966964126" lon="6.800689995288849">
        <ele>923.19</ele>
      </trkpt>
      <trkpt lat="47.815669951960444" lon="6.800609948113561">
        <ele>925.76</ele>
      </trkpt>
      <trkpt lat="47.81572996638715" lon="6.800539959222078">
        <ele>928.29</ele>
      </trkpt>
      <trkpt lat="47.815929958596826" lon="6.7996899504214525">
        <ele>931.24</ele>
      </trkpt>
      <trkpt lat="47.81597999855876" lon="6.79959992878139">
        <ele>933.71</ele>
      </trkpt>
      <trkpt lat="47.816039929166436" lon="6.799539998173714">
        <ele>936.19</ele>
      </trkpt>
      <trkpt lat="47.81634997576475" lon="6.799329947680235">
        <ele>938.83</ele>
      </trkpt>
      <trkpt lat="47.816359950229526" lon="6.7992599587887526">
        <ele>941.47</ele>
      </trkpt>
      <trkpt lat="47.81630999408662" lon="6.799119981005788">
        <ele>944.35</ele>
      </trkpt>
      <trkpt lat="47.81625995412469" lon="6.799099948257208">
        <ele>947.0</ele>
      </trkpt>
      <trkpt lat="47.81614998355508" lon="6.799139929935336">
        <ele>949.57</ele>
      </trkpt>
      <trkpt lat="47.81591998413205" lon="6.799289966002107">
        <ele>952.09</ele>
      </trkpt>
      <trkpt lat="47.8156999591738" lon="6.799359954893589">
        <ele>954.9</ele>
      </trkpt>
      <trkpt lat="47.8155099414289" lon="6.799389962106943">
        <ele>957.71</ele>
      </trkpt>
      <trkpt lat="47.815319923684" lon="6.799339922145009">
        <ele>960.58</ele>
      </trkpt>
      <trkpt lat="47.81518992036581" lon="6.799269933253527">
        <ele>963.41</ele>
      </trkpt>
      <trkpt lat="47.8150799497962" lon="6.799129955470562">
        <ele>966.37</ele>
      </trkpt>
      <trkpt lat="47.81499998643994" lon="6.798989977687597">
        <ele>969.39</ele>
      </trkpt>
      <trkpt lat="47.814939972013235" lon="6.798769952729344">
        <ele>972.63</ele>
      </trkpt>
      <trkpt lat="47.81473997980356" lon="6.7977499589324">
        <ele>976.48</ele>
      </trkpt>
      <trkpt lat="47.814639983698726" lon="6.797109916806221">
        <ele>979.99</ele>
      </trkpt>
      <trkpt lat="47.81455993652344" lon="6.796259991824627">
        <ele>983.61</ele>
      </trkpt>
      <trkpt lat="47.81449992209673" lon="6.795909963548183">
        <ele>987.07</ele>
      </trkpt>
      <trkpt lat="47.81419993378222" lon="6.794839929789305">
        <ele>991.08</ele>
      </trkpt>
      <trkpt lat="47.8137899748981" lon="6.793719939887524">
        <ele>994.75</ele>
      </trkpt>
      <trkpt lat="47.81366994604468" lon="6.793209984898567">
        <ele>998.36</ele>
      </trkpt>
      <trkpt lat="47.813649997115135" lon="6.792359976097941">
        <ele>1002.01</ele>
      </trkpt>
      <trkpt lat="47.81363993883133" lon="6.792189991101623">
        <ele>1005.46</ele>
      </trkpt>
      <trkpt lat="47.8135999571532" lon="6.7919599916785955">
        <ele>1008.88</ele>
      </trkpt>
      <trkpt lat="47.813479928299785" lon="6.791549948975444">
        <ele>1012.26</ele>
      </trkpt>
      <trkpt lat="47.813029987737536" lon="6.790649984031916">
        <ele>1016.0</ele>
      </trkpt>
      <trkpt lat="47.81279998831451" lon="6.790379919111729">
        <ele>1019.14</ele>
      </trkpt>
      <trkpt lat="47.812619945034385" lon="6.79022996686399">
        <ele>1022.1</ele>
      </trkpt>
      <trkpt lat="47.81227997504175" lon="6.789869964122772">
        <ele>1025.16</ele>
      </trkpt>
      <trkpt lat="47.81189993955195" lon="6.789504932239652">
        <ele>1028.17</ele>
      </trkpt>
      <trkpt lat="47.811519987881184" lon="6.789139984175563">
        <ele>1031.27</ele>
      </trkpt>
      <trkpt lat="47.81133994460106" lon="6.789059937000275">
        <ele>1033.77</ele>
      </trkpt>
      <trkpt lat="47.811159985139966" lon="6.7890499625355005">
        <ele>1036.06</ele>
      </trkpt>
      <trkpt lat="47.81101992353797" lon="6.789079969748855">
        <ele>1038.24</ele>
      </trkpt>
      <trkpt lat="47.81086997129023" lon="6.789159933105111">
        <ele>1040.29</ele>
      </trkpt>
      <trkpt lat="47.81043997965753" lon="6.789519935846329">
        <ele>1042.16</ele>
      </trkpt>
      <trkpt lat="47.810129933059216" lon="6.789819924160838">
        <ele>1043.79</ele>
      </trkpt>
      <trkpt lat="47.80998995527625" lon="6.789889996871352">
        <ele>1045.34</ele>
      </trkpt>
      <trkpt lat="47.80987998470664" lon="6.789919920265675">
        <ele>1046.78</ele>
      </trkpt>
      <trkpt lat="47.809699941426516" lon="6.7899099458009005">
        <ele>1048.08</ele>
      </trkpt>
      <trkpt lat="47.80963992699981" lon="6.789859989657998">
        <ele>1049.39</ele>
      </trkpt>
      <trkpt lat="47.80957999639213" lon="6.789609957486391">
        <ele>1050.81</ele>
      </trkpt>
      <trkpt lat="47.80959994532168" lon="6.7894599214196205">
        <ele>1052.16</ele>
      </trkpt>
      <trkpt lat="47.80965995974839" lon="6.789409965276718">
        <ele>1053.42</ele>
      </trkpt>
      <trkpt lat="47.809719974175096" lon="6.789399990811944">
        <ele>1054.62</ele>
      </trkpt>
      <trkpt lat="47.809999929741025" lon="6.789589924737811">
        <ele>1055.74</ele>
      </trkpt>
      <trkpt lat="47.81005994416773" lon="6.789599983021617">
        <ele>1056.85</ele>
      </trkpt>
      <trkpt lat="47.81011995859444" lon="6.789579950273037">
        <ele>1057.95</ele>
      </trkpt>
      <trkpt lat="47.81024996191263" lon="6.789469979703426">
        <ele>1059.12</ele>
      </trkpt>
      <trkpt lat="47.81047996133566" lon="6.7892299219965935">
        <ele>1060.32</ele>
      </trkpt>
      <trkpt lat="47.81069998629391" lon="6.788909984752536">
        <ele>1061.57</ele>
      </trkpt>
      <trkpt lat="47.81093996018171" lon="6.788679985329509">
        <ele>1063.04</ele>
      </trkpt>
      <trkpt lat="47.811089996248484" lon="6.788629945367575">
        <ele>1064.28</ele>
      </trkpt>
      <trkpt lat="47.811329970136285" lon="6.788579989224672">
        <ele>1065.66</ele>
      </trkpt>
      <trkpt lat="47.81153993681073" lon="6.7885699309408665">
        <ele>1067.02</ele>
      </trkpt>
      <trkpt lat="47.81165996566415" lon="6.788579989224672">
        <ele>1068.37</ele>
      </trkpt>
      <trkpt lat="47.811909997835755" lon="6.788679985329509">
        <ele>1069.47</ele>
      </trkpt>
      <trkpt lat="47.81213999725878" lon="6.788599938154221">
        <ele>1071.01</ele>
      </trkpt>
      <trkpt lat="47.81226991675794" lon="6.788609996438026">
        <ele>1072.47</ele>
      </trkpt>
      <trkpt lat="47.81269999220967" lon="6.788769923150539">
        <ele>1074.32</ele>
      </trkpt>
      <trkpt lat="47.812879951670766" lon="6.78893999196589">
        <ele>1075.81</ele>
      </trkpt>
      <trkpt lat="47.81301992945373" lon="6.789109976962209">
        <ele>1077.38</ele>
      </trkpt>
      <trkpt lat="47.8131699655205" lon="6.789259929209948">
        <ele>1079.06</ele>
      </trkpt>
      <trkpt lat="47.81384998932481" lon="6.789559917524457">
        <ele>1081.0</ele>
      </trkpt>
      <trkpt lat="47.8144599404186" lon="6.789999967440963">
        <ele>1083.2</ele>
      </trkpt>
      <trkpt lat="47.814509980380535" lon="6.790059981867671">
        <ele>1084.96</ele>
      </trkpt>
      <trkpt lat="47.81455993652344" lon="6.7901599779725075">
        <ele>1086.72</ele>
      </trkpt>
      <trkpt lat="47.8146499581635" lon="6.790509922429919">
        <ele>1088.36</ele>
      </trkpt>
      <trkpt lat="47.814729921519756" lon="6.79063992574811">
        <ele>1090.21</ele>
      </trkpt>
      <trkpt lat="47.81487995758653" lon="6.79080999456346">
        <ele>1092.24</ele>
      </trkpt>
      <trkpt lat="47.81496997922659" lon="6.791009986773133">
        <ele>1094.11</ele>
      </trkpt>
      <trkpt lat="47.81503996811807" lon="6.79123998619616">
        <ele>1095.94</ele>
      </trkpt>
      <trkpt lat="47.8150799497962" lon="6.791659919545054">
        <ele>1097.68</ele>
      </trkpt>
      <trkpt lat="47.81511993147433" lon="6.791809955611825">
        <ele>1099.56</ele>
      </trkpt>
      <trkpt lat="47.815629970282316" lon="6.792709920555353">
        <ele>1101.9</ele>
      </trkpt>
      <trkpt lat="47.81574999913573" lon="6.792839923873544">
        <ele>1103.78</ele>
      </trkpt>
      <trkpt lat="47.81597999855876" lon="6.793009992688894">
        <ele>1105.73</ele>
      </trkpt>
      <trkpt lat="47.816439997404814" lon="6.793179977685213">
        <ele>1108.14</ele>
      </trkpt>
      <trkpt lat="47.81690997071564" lon="6.793309981003404">
        <ele>1110.16</ele>
      </trkpt>
      <trkpt lat="47.81775997951627" lon="6.793699990957975">
        <ele>1112.04</ele>
      </trkpt>
      <trkpt lat="47.81787992455065" lon="6.793799987062812">
        <ele>1113.75</ele>
      </trkpt>
      <trkpt lat="47.81845995225012" lon="6.794549999758601">
        <ele>1115.1</ele>
      </trkpt>
      <trkpt lat="47.81853999942541" lon="6.794599955901504">
        <ele>1116.78</ele>
      </trkpt>
      <trkpt lat="47.818609988316894" lon="6.794609930366278">
        <ele>1118.42</ele>
      </trkpt>
      <trkpt lat="47.81881995499134" lon="6.794509934261441">
        <ele>1120.12</ele>
      </trkpt>
      <trkpt lat="47.81893998384476" lon="6.794519992545247">
        <ele>1121.68</ele>
      </trkpt>
      <trkpt lat="47.819129917770624" lon="6.794609930366278">
        <ele>1123.17</ele>
      </trkpt>
      <trkpt lat="47.81924994662404" lon="6.794669944792986">
        <ele>1124.61</ele>
      </trkpt>
      <trkpt lat="47.81950995326042" lon="6.794659970328212">
        <ele>1126.1</ele>
      </trkpt>
      <trkpt lat="47.81965998932719" lon="6.794609930366278">
        <ele>1127.42</ele>
      </trkpt>
      <trkpt lat="47.81981999985874" lon="6.794479927048087">
        <ele>1128.81</ele>
      </trkpt>
      <trkpt lat="47.81989996321499" lon="6.794379930943251">
        <ele>1130.12</ele>
      </trkpt>
      <trkpt lat="47.819989984855056" lon="6.794239953160286">
        <ele>1131.45</ele>
      </trkpt>
      <trkpt lat="47.82016994431615" lon="6.79383996874094">
        <ele>1132.83</ele>
      </trkpt>
      <trkpt lat="47.82025996595621" lon="6.793699990957975">
        <ele>1134.09</ele>
      </trkpt>
      <trkpt lat="47.82031998038292" lon="6.793639976531267">
        <ele>1135.32</ele>
      </trkpt>
      <trkpt lat="47.820399943739176" lon="6.793599994853139">
        <ele>1136.53</ele>
      </trkpt>
      <trkpt lat="47.82055995427072" lon="6.793579962104559">
        <ele>1137.74</ele>
      </trkpt>
      <trkpt lat="47.82072993926704" lon="6.793629918247461">
        <ele>1138.99</ele>
      </trkpt>
      <trkpt lat="47.820849968120456" lon="6.793599994853139">
        <ele>1140.24</ele>
      </trkpt>
      <trkpt lat="47.82092993147671" lon="6.793559929355979">
        <ele>1141.49</ele>
      </trkpt>
      <trkpt lat="47.82110997475684" lon="6.793439984321594">
        <ele>1142.85</ele>
      </trkpt>
      <trkpt lat="47.821299992501736" lon="6.793119963258505">
        <ele>1144.1</ele>
      </trkpt>
      <trkpt lat="47.8214399702847" lon="6.79297998547554">
        <ele>1145.3</ele>
      </trkpt>
      <trkpt lat="47.8216799441725" lon="6.79282994940877">
        <ele>1146.49</ele>
      </trkpt>
      <trkpt lat="47.82211999408901" lon="6.792609924450517">
        <ele>1147.96</ele>
      </trkpt>
      <trkpt lat="47.82218998298049" lon="6.79250992834568">
        <ele>1149.21</ele>
      </trkpt>
      <trkpt lat="47.82223993912339" lon="6.792279928922653">
        <ele>1150.38</ele>
      </trkpt>
      <trkpt lat="47.82236994244158" lon="6.7914599273353815">
        <ele>1151.67</ele>
      </trkpt>
      <trkpt lat="47.82254998572171" lon="6.790969921275973">
        <ele>1152.94</ele>
      </trkpt>
      <trkpt lat="47.82259994186461" lon="6.790719972923398">
        <ele>1153.95</ele>
      </trkpt>
      <trkpt lat="47.822609916329384" lon="6.790509922429919">
        <ele>1154.86</ele>
      </trkpt>
      <trkpt lat="47.82251997850835" lon="6.789529994130135">
        <ele>1155.71</ele>
      </trkpt>
      <trkpt lat="47.82250992022455" lon="6.789159933105111">
        <ele>1156.36</ele>
      </trkpt>
      <trkpt lat="47.82252995297313" lon="6.78891995921731">
        <ele>1156.87</ele>
      </trkpt>
      <trkpt lat="47.82251997850835" lon="6.788479993119836">
        <ele>1157.22</ele>
      </trkpt>
      <trkpt lat="47.822609916329384" lon="6.787679940462112">
        <ele>1157.24</ele>
      </trkpt>
      <trkpt lat="47.8225399274379" lon="6.787349944934249">
        <ele>1157.13</ele>
      </trkpt>
      <trkpt lat="47.82254998572171" lon="6.787149952724576">
        <ele>1156.99</ele>
      </trkpt>
      <trkpt lat="47.82257999293506" lon="6.7870499566197395">
        <ele>1156.75</ele>
      </trkpt>
      <trkpt lat="47.82266993075609" lon="6.786929927766323">
        <ele>1156.36</ele>
      </trkpt>
      <trkpt lat="47.82270999625325" lon="6.786899920552969">
        <ele>1155.77</ele>
      </trkpt>
      <trkpt lat="47.82281996682286" lon="6.786889946088195">
        <ele>1155.02</ele>
      </trkpt>
      <trkpt lat="47.82287998124957" lon="6.786929927766323">
        <ele>1154.07</ele>
      </trkpt>
      <trkpt lat="47.823429917916656" lon="6.787539962679148">
        <ele>1153.02</ele>
      </trkpt>
      <trkpt lat="47.82373996451497" lon="6.787819918245077">
        <ele>1151.64</ele>
      </trkpt>
      <trkpt lat="47.82392998225987" lon="6.787859983742237">
        <ele>1150.05</ele>
      </trkpt>
      <trkpt lat="47.82412997446954" lon="6.787859983742237">
        <ele>1148.26</ele>
      </trkpt>
      <trkpt lat="47.82489993609488" lon="6.787599977105856">
        <ele>1146.03</ele>
      </trkpt>
      <trkpt lat="47.82546998932958" lon="6.7874799482524395">
        <ele>1143.83</ele>
      </trkpt>
      <trkpt lat="47.82590995542705" lon="6.787419933825731">
        <ele>1141.77</ele>
      </trkpt>
      <trkpt lat="47.82599997706711" lon="6.787389926612377">
        <ele>1139.59</ele>
      </trkpt>
      <trkpt lat="47.82609997317195" lon="6.787289930507541">
        <ele>1137.26</ele>
      </trkpt>
      <trkpt lat="47.82615998759866" lon="6.787109971046448">
        <ele>1134.72</ele>
      </trkpt>
      <trkpt lat="47.82618999481201" lon="6.786469928920269">
        <ele>1131.81</ele>
      </trkpt>
      <trkpt lat="47.826219918206334" lon="6.78618997335434">
        <ele>1129.17</ele>
      </trkpt>
      <trkpt lat="47.8263199981302" lon="6.78545999340713">
        <ele>1126.07</ele>
      </trkpt>
      <trkpt lat="47.82641999423504" lon="6.784729929640889">
        <ele>1122.88</ele>
      </trkpt>
      <trkpt lat="47.82646995037794" lon="6.78455994464457">
        <ele>1120.1</ele>
      </trkpt>
      <trkpt lat="47.82654999755323" lon="6.78444997407496">
        <ele>1117.29</ele>
      </trkpt>
      <trkpt lat="47.82659995369613" lon="6.784419966861606">
        <ele>1114.51</ele>
      </trkpt>
      <trkpt lat="47.82670992426574" lon="6.7843899596482515">
        <ele>1111.75</ele>
      </trkpt>
      <trkpt lat="47.82676993869245" lon="6.7844099923968315">
        <ele>1109.0</ele>
      </trkpt>
      <trkpt lat="47.82695995643735" lon="6.784549970179796">
        <ele>1106.42</ele>
      </trkpt>
      <trkpt lat="47.827119966968894" lon="6.7845699191093445">
        <ele>1103.69</ele>
      </trkpt>
      <trkpt lat="47.82776998355985" lon="6.78444997407496">
        <ele>1100.55</ele>
      </trkpt>
      <trkpt lat="47.827999982982874" lon="6.78442994132638">
        <ele>1097.54</ele>
      </trkpt>
      <trkpt lat="47.82819997519255" lon="6.784509988501668">
        <ele>1094.63</ele>
      </trkpt>
      <trkpt lat="47.82872996293008" lon="6.784809976816177">
        <ele>1091.59</ele>
      </trkpt>
      <trkpt lat="47.82925995066762" lon="6.785109965130687">
        <ele>1088.49</ele>
      </trkpt>
      <trkpt lat="47.82933999784291" lon="6.785119939595461">
        <ele>1085.61</ele>
      </trkpt>
      <trkpt lat="47.82942993566394" lon="6.785099990665913">
        <ele>1082.67</ele>
      </trkpt>
      <trkpt lat="47.82949992455542" lon="6.7850499507039785">
        <ele>1079.7</ele>
      </trkpt>
      <trkpt lat="47.83001499250531" lon="6.7845849227160215">
        <ele>1076.26</ele>
      </trkpt>
      <trkpt lat="47.83052997663617" lon="6.784119978547096">
        <ele>1073.04</ele>
      </trkpt>
      <trkpt lat="47.83103498630226" lon="6.783969942480326">
        <ele>1070.16</ele>
      </trkpt>
      <trkpt lat="47.83153999596834" lon="6.783819990232587">
        <ele>1067.4</ele>
      </trkpt>
      <trkpt lat="47.83181995153427" lon="6.783779924735427">
        <ele>1064.65</ele>
      </trkpt>
      <trkpt lat="47.83200996927917" lon="6.783819990232587">
        <ele>1061.99</ele>
      </trkpt>
      <trkpt lat="47.8322899248451" lon="6.7839799169451">
        <ele>1059.31</ele>
      </trkpt>
      <trkpt lat="47.83252998255193" lon="6.7841799929738045">
        <ele>1056.75</ele>
      </trkpt>
      <trkpt lat="47.83282997086644" lon="6.784549970179796">
        <ele>1054.34</ele>
      </trkpt>
      <trkpt lat="47.83293994143605" lon="6.784609984606504">
        <ele>1051.77</ele>
      </trkpt>
      <trkpt lat="47.83303993754089" lon="6.784599926322699">
        <ele>1049.15</ele>
      </trkpt>
      <trkpt lat="47.83324998803437" lon="6.784479981288314">
        <ele>1046.42</ele>
      </trkpt>
      <trkpt lat="47.833349984139204" lon="6.7843899596482515">
        <ele>1043.89</ele>
      </trkpt>
      <trkpt lat="47.83353991806507" lon="6.78412995301187">
        <ele>1041.26</ele>
      </trkpt>
      <trkpt lat="47.83366992138326" lon="6.7839099280536175">
        <ele>1038.75</ele>
      </trkpt>
      <trkpt lat="47.83383999019861" lon="6.783529976382852">
        <ele>1036.33</ele>
      </trkpt>
      <trkpt lat="47.83400997519493" lon="6.782629927620292">
        <ele>1033.74</ele>
      </trkpt>
      <trkpt lat="47.834039982408285" lon="6.782329939305782">
        <ele>1031.59</ele>
      </trkpt>
      <trkpt lat="47.83404995687306" lon="6.7819099221378565">
        <ele>1029.43</ele>
      </trkpt>
      <trkpt lat="47.83397996798158" lon="6.781549919396639">
        <ele>1027.22</ele>
      </trkpt>
      <trkpt lat="47.83387997187674" lon="6.781229982152581">
        <ele>1024.96</ele>
      </trkpt>
      <trkpt lat="47.83344495110214" lon="6.78008995950222">
        <ele>1022.73</ele>
      </trkpt>
      <trkpt lat="47.833009930327535" lon="6.778949936851859">
        <ele>1020.38</ele>
      </trkpt>
      <trkpt lat="47.83297992311418" lon="6.77875991910696">
        <ele>1018.61</ele>
      </trkpt>
      <trkpt lat="47.832989981397986" lon="6.778659923002124">
        <ele>1016.93</ele>
      </trkpt>
      <trkpt lat="47.83301998861134" lon="6.778569985181093">
        <ele>1015.35</ele>
      </trkpt>
      <trkpt lat="47.83306994475424" lon="6.778509970754385">
        <ele>1013.8</ele>
      </trkpt>
      <trkpt lat="47.833179999142885" lon="6.778449956327677">
        <ele>1012.33</ele>
      </trkpt>
      <trkpt lat="47.833289969712496" lon="6.778489938005805">
        <ele>1010.92</ele>
      </trkpt>
      <trkpt lat="47.833419973030686" lon="6.778679955750704">
        <ele>1009.62</ele>
      </trkpt>
      <trkpt lat="47.833569925278425" lon="6.778959995135665">
        <ele>1008.3</ele>
      </trkpt>
      <trkpt lat="47.83363999798894" lon="6.779049932956696">
        <ele>1006.89</ele>
      </trkpt>
      <trkpt lat="47.83383999019861" lon="6.77920994348824">
        <ele>1005.43</ele>
      </trkpt>
      <trkpt lat="47.83402992412448" lon="6.779419993981719">
        <ele>1003.91</ele>
      </trkpt>
      <trkpt lat="47.83413997851312" lon="6.779619986191392">
        <ele>1002.33</ele>
      </trkpt>
      <trkpt lat="47.83432999625802" lon="6.780129941180348">
        <ele>1000.73</ele>
      </trkpt>
      <trkpt lat="47.83442999236286" lon="6.780319958925247">
        <ele>999.04</ele>
      </trkpt>
      <trkpt lat="47.83484992571175" lon="6.7809699755162">
        <ele>997.28</ele>
      </trkpt>
      <trkpt lat="47.8350199945271" lon="6.781189916655421">
        <ele>995.34</ele>
      </trkpt>
      <trkpt lat="47.83533993177116" lon="6.7814999632537365">
        <ele>992.94</ele>
      </trkpt>
      <trkpt lat="47.83552994951606" lon="6.781779918819666">
        <ele>990.9</ele>
      </trkpt>
      <trkpt lat="47.835949966683984" lon="6.782214939594269">
        <ele>988.78</ele>
      </trkpt>
      <trkpt lat="47.83636998385191" lon="6.782649960368872">
        <ele>986.49</ele>
      </trkpt>
      <trkpt lat="47.83647995442152" lon="6.782749956473708">
        <ele>984.34</ele>
      </trkpt>
      <trkpt lat="47.836639964953065" lon="6.782849952578545">
        <ele>982.16</ele>
      </trkpt>
      <trkpt lat="47.83707993105054" lon="6.783009963110089">
        <ele>979.91</ele>
      </trkpt>
      <trkpt lat="47.837199959903955" lon="6.783039970323443">
        <ele>977.55</ele>
      </trkpt>
      <trkpt lat="47.83726994879544" lon="6.783019937574863">
        <ele>975.18</ele>
      </trkpt>
      <trkpt lat="47.837799936532974" lon="6.782769989222288">
        <ele>972.18</ele>
      </trkpt>
      <trkpt lat="47.8379799798131" lon="6.7825899459421635">
        <ele>969.77</ele>
      </trkpt>
      <trkpt lat="47.838249960914254" lon="6.782119972631335">
        <ele>967.34</ele>
      </trkpt>
      <trkpt lat="47.8385999891907" lon="6.781579926609993">
        <ele>965.08</ele>
      </trkpt>
      <trkpt lat="47.83872999250889" lon="6.781489988788962">
        <ele>963.0</ele>
      </trkpt>
      <trkpt lat="47.83884993754327" lon="6.781489988788962">
        <ele>960.99</ele>
      </trkpt>
      <trkpt lat="47.83899997361004" lon="6.781549919396639">
        <ele>959.07</ele>
      </trkpt>
      <trkpt lat="47.839089995250106" lon="6.781619992107153">
        <ele>957.14</ele>
      </trkpt>
      <trkpt lat="47.83944999799132" lon="6.7821799870580435">
        <ele>955.16</ele>
      </trkpt>
      <trkpt lat="47.83971997909248" lon="6.782779963687062">
        <ele>953.33</ele>
      </trkpt>
      <trkpt lat="47.839929945766926" lon="6.783309951424599">
        <ele>951.5</ele>
      </trkpt>
      <trkpt lat="47.840119963511825" lon="6.784079996868968">
        <ele>949.69</ele>
      </trkpt>
      <trkpt lat="47.840269999578595" lon="6.784349977970123">
        <ele>948.14</ele>
      </trkpt>
      <trkpt lat="47.84032993018627" lon="6.7843899596482515">
        <ele>946.65</ele>
      </trkpt>
      <trkpt lat="47.84046999178827" lon="6.784419966861606">
        <ele>945.17</ele>
      </trkpt>
      <trkpt lat="47.84072999842465" lon="6.7843899596482515">
        <ele>943.71</ele>
      </trkpt>
      <trkpt lat="47.840809961780906" lon="6.7844099923968315">
        <ele>942.43</ele>
      </trkpt>
      <trkpt lat="47.840869976207614" lon="6.78444997407496">
        <ele>941.25</ele>
      </trkpt>
      <trkpt lat="47.840939965099096" lon="6.784539995715022">
        <ele>940.14</ele>
      </trkpt>
      <trkpt lat="47.84106996841729" lon="6.784789944067597">
        <ele>939.19</ele>
      </trkpt>
      <trkpt lat="47.84146995283663" lon="6.785819996148348">
        <ele>938.14</ele>
      </trkpt>
      <trkpt lat="47.841559974476695" lon="6.785949999466538">
        <ele>937.17</ele>
      </trkpt>
      <trkpt lat="47.841839930042624" lon="6.7861799988895655">
        <ele>936.21</ele>
      </trkpt>
      <trkpt lat="47.84190991893411" lon="6.786259962245822">
        <ele>935.31</ele>
      </trkpt>
      <trkpt lat="47.8420499805361" lon="6.7865699250251055">
        <ele>934.49</ele>
      </trkpt>
      <trkpt lat="47.842159951105714" lon="6.786739993840456">
        <ele>933.59</ele>
      </trkpt>
      <trkpt lat="47.84261994995177" lon="6.7870499566197395">
        <ele>932.49</ele>
      </trkpt>
      <trkpt lat="47.842829916626215" lon="6.787309963256121">
        <ele>931.63</ele>
      </trkpt>
      <trkpt lat="47.8429099638015" lon="6.787449941039085">
        <ele>930.8</ele>
      </trkpt>
      <trkpt lat="47.84306997433305" lon="6.787879932671785">
        <ele>930.04</ele>
      </trkpt>
      <trkpt lat="47.84350994043052" lon="6.788379997014999">
        <ele>928.81</ele>
      </trkpt>
      <trkpt lat="47.84382996149361" lon="6.78889992646873">
        <ele>927.87</ele>
      </trkpt>
      <trkpt lat="47.84422994591296" lon="6.789339976385236">
        <ele>926.9</ele>
      </trkpt>
      <trkpt lat="47.84431996755302" lon="6.789379958063364">
        <ele>926.0</ele>
      </trkpt>
      <trkpt lat="47.844439996406436" lon="6.789359925314784">
        <ele>925.09</ele>
      </trkpt>
      <trkpt lat="47.84451995976269" lon="6.789259929209948">
        <ele>924.15</ele>
      </trkpt>
      <trkpt lat="47.8446299303323" lon="6.78891995921731">
        <ele>923.18</ele>
      </trkpt>
      <trkpt lat="47.84474995918572" lon="6.788739999756217">
        <ele>922.29</ele>
      </trkpt>
      <trkpt lat="47.845149943605065" lon="6.788309924304485">
        <ele>921.44</ele>
      </trkpt>
      <trkpt lat="47.84536996856332" lon="6.7881599720567465">
        <ele>920.64</ele>
      </trkpt>
      <trkpt lat="47.84551992081106" lon="6.7881599720567465">
        <ele>919.81</ele>
      </trkpt>
      <trkpt lat="47.8458199929446" lon="6.788339931517839">
        <ele>918.91</ele>
      </trkpt>
      <trkpt lat="47.84590993076563" lon="6.7883699387311935">
        <ele>918.0</ele>
      </trkpt>
      <trkpt lat="47.8462499845773" lon="6.788419978693128">
        <ele>916.99</ele>
      </trkpt>
      <trkpt lat="47.84639993682504" lon="6.788409920409322">
        <ele>916.02</ele>
      </trkpt>
      <trkpt lat="47.84661996178329" lon="6.7883699387311935">
        <ele>914.98</ele>
      </trkpt>
      <trkpt lat="47.84682992845774" lon="6.788279917091131">
        <ele>913.92</ele>
      </trkpt>
      <trkpt lat="47.84694995731115" lon="6.788209928199649">
        <ele>912.84</ele>
      </trkpt>
      <trkpt lat="47.8472999855876" lon="6.787899965420365">
        <ele>911.91</ele>
      </trkpt>
      <trkpt lat="47.84741993062198" lon="6.787759987637401">
        <ele>910.79</ele>
      </trkpt>
      <trkpt lat="47.847509952262044" lon="6.787619926035404">
        <ele>909.7</ele>
      </trkpt>
      <trkpt lat="47.84786492586136" lon="6.786949960514903">
        <ele>908.38</ele>
      </trkpt>
      <trkpt lat="47.848219983279705" lon="6.786279994994402">
        <ele>906.92</ele>
      </trkpt>
      <trkpt lat="47.84827999770641" lon="6.786199947819114">
        <ele>905.7</ele>
      </trkpt>
      <trkpt lat="47.84842994995415" lon="6.786059970036149">
        <ele>904.39</ele>
      </trkpt>
      <trkpt lat="47.84860999323428" lon="6.785979922860861">
        <ele>903.08</ele>
      </trkpt>
      <trkpt lat="47.84869993105531" lon="6.785959973931313">
        <ele>901.81</ele>
      </trkpt>
      <trkpt lat="47.84902992658317" lon="6.786009930074215">
        <ele>900.42</ele>
      </trkpt>
      <trkpt lat="47.84912992268801" lon="6.786009930074215">
        <ele>899.11</ele>
      </trkpt>
      <trkpt lat="47.849189937114716" lon="6.785969948396087">
        <ele>897.81</ele>
      </trkpt>
      <trkpt lat="47.84932999871671" lon="6.78575998172164">
        <ele>896.42</ele>
      </trkpt>
      <trkpt lat="47.84940996207297" lon="6.785599971190095">
        <ele>895.1</ele>
      </trkpt>
      <trkpt lat="47.84945991821587" lon="6.78541992790997">
        <ele>893.79</ele>
      </trkpt>
      <trkpt lat="47.84959997981787" lon="6.784649966284633">
        <ele>892.55</ele>
      </trkpt>
      <trkpt lat="47.849639961495996" lon="6.784309996291995">
        <ele>891.41</ele>
      </trkpt>
      <trkpt lat="47.84959997981787" lon="6.784089971333742">
        <ele>890.13</ele>
      </trkpt>
      <trkpt lat="47.84955999813974" lon="6.783959968015552">
        <ele>888.87</ele>
      </trkpt>
      <trkpt lat="47.8492649551481" lon="6.783294947817922">
        <ele>887.36</ele>
      </trkpt>
      <trkpt lat="47.848969995975494" lon="6.782629927620292">
        <ele>886.16</ele>
      </trkpt>
      <trkpt lat="47.84872993826866" lon="6.781999943777919">
        <ele>884.87</ele>
      </trkpt>
      <trkpt lat="47.848499938845634" lon="6.781239956617355">
        <ele>883.7</ele>
      </trkpt>
      <trkpt lat="47.84844998270273" lon="6.780999982729554">
        <ele>882.63</ele>
      </trkpt>
      <trkpt lat="47.848369935527444" lon="6.780399922281504">
        <ele>881.6</ele>
      </trkpt>
      <trkpt lat="47.84818997606635" lon="6.779699949547648">
        <ele>880.43</ele>
      </trkpt>
      <trkpt lat="47.848089979961514" lon="6.7794999573379755">
        <ele>879.36</ele>
      </trkpt>
      <trkpt lat="47.84775998443365" lon="6.778939962387085">
        <ele>878.3</ele>
      </trkpt>
      <trkpt lat="47.847659988328815" lon="6.778629999607801">
        <ele>877.31</ele>
      </trkpt>
      <trkpt lat="47.8475399594754" lon="6.778059946373105">
        <ele>876.27</ele>
      </trkpt>
      <trkpt lat="47.847469970583916" lon="6.777369948104024">
        <ele>875.51</ele>
      </trkpt>
      <trkpt lat="47.84740995615721" lon="6.777159981429577">
        <ele>874.55</ele>
      </trkpt>
      <trkpt lat="47.847039978951216" lon="6.776429917663336">
        <ele>873.42</ele>
      </trkpt>
      <trkpt lat="47.846699925139546" lon="6.775526599958539">
        <ele>872.25</ele>
      </trkpt>
      <trkpt lat="47.84635995514691" lon="6.774623282253742">
        <ele>870.78</ele>
      </trkpt>
      <trkpt lat="47.84601998515427" lon="6.773719964548945">
        <ele>869.73</ele>
      </trkpt>
      <trkpt lat="47.84565998241305" lon="6.772599974647164">
        <ele>868.41</ele>
      </trkpt>
      <trkpt lat="47.84550994634628" lon="6.772249946370721">
        <ele>867.29</ele>
      </trkpt>
      <trkpt lat="47.84510996192694" lon="6.771779973059893">
        <ele>865.96</ele>
      </trkpt>
      <trkpt lat="47.844419963657856" lon="6.7710399348288774">
        <ele>864.66</ele>
      </trkpt>
      <trkpt lat="47.844289960339665" lon="6.770879924297333">
        <ele>863.25</ele>
      </trkpt>
      <trkpt lat="47.84408996812999" lon="6.770559987053275">
        <ele>861.86</ele>
      </trkpt>
      <trkpt lat="47.84407999366522" lon="6.770549928769469">
        <ele>860.43</ele>
      </trkpt>
      <trkpt lat="47.84363499842584" lon="6.769829923287034">
        <ele>858.57</ele>
      </trkpt>
      <trkpt lat="47.84318991936743" lon="6.769109917804599">
        <ele>856.71</ele>
      </trkpt>
      <trkpt lat="47.843019934371114" lon="6.768789980560541">
        <ele>855.07</ele>
      </trkpt>
      <trkpt lat="47.84293997101486" lon="6.768409945070744">
        <ele>853.63</ele>
      </trkpt>
      <trkpt lat="47.84292999655008" lon="6.76807994954288">
        <ele>852.11</ele>
      </trkpt>
      <trkpt lat="47.842999985441566" lon="6.767859924584627">
        <ele>850.76</ele>
      </trkpt>
      <trkpt lat="47.843089923262596" lon="6.767739979550242">
        <ele>849.46</ele>
      </trkpt>
      <trkpt lat="47.843409944325686" lon="6.767579969018698">
        <ele>848.05</ele>
      </trkpt>
      <trkpt lat="47.843489991500974" lon="6.767509980127215">
        <ele>846.7</ele>
      </trkpt>
      <trkpt lat="47.84368998371065" lon="6.767279980704188">
        <ele>845.22</ele>
      </trkpt>
      <trkpt lat="47.8439599648118" lon="6.766779916360974">
        <ele>843.86</ele>
      </trkpt>
      <trkpt lat="47.84411997534335" lon="6.766689978539944">
        <ele>842.93</ele>
      </trkpt>
      <trkpt lat="47.84433991648257" lon="6.766449920833111">
        <ele>841.83</ele>
      </trkpt>
      <trkpt lat="47.84452993422747" lon="6.766309943050146">
        <ele>840.78</ele>
      </trkpt>
      <trkpt lat="47.84492991864681" lon="6.766099976375699">
        <ele>839.94</ele>
      </trkpt>
      <trkpt lat="47.845059921965" lon="6.765959998592734">
        <ele>839.1</ele>
      </trkpt>
      <trkpt lat="47.84517995081842" lon="6.7657699808478355">
        <ele>838.29</ele>
      </trkpt>
      <trkpt lat="47.84542998299003" lon="6.764699947088957">
        <ele>837.05</ele>
      </trkpt>
      <trkpt lat="47.84549997188151" lon="6.76448998041451">
        <ele>836.39</ele>
      </trkpt>
      <trkpt lat="47.84560994245112" lon="6.764269955456257">
        <ele>835.88</ele>
      </trkpt>
      <trkpt lat="47.84582996740937" lon="6.763999974355102">
        <ele>835.5</ele>
      </trkpt>
      <trkpt lat="47.845899956300855" lon="6.763889919966459">
        <ele>835.04</ele>
      </trkpt>
      <trkpt lat="47.84597991965711" lon="6.763639971613884">
        <ele>834.55</ele>
      </trkpt>
      <trkpt lat="47.84611998125911" lon="6.762659959495068">
        <ele>833.83</ele>
      </trkpt>
      <trkpt lat="47.846139930188656" lon="6.762359971180558">
        <ele>833.47</ele>
      </trkpt>
      <trkpt lat="47.84611998125911" lon="6.762009942904115">
        <ele>833.23</ele>
      </trkpt>
      <trkpt lat="47.84597991965711" lon="6.761529995128512">
        <ele>832.93</ele>
      </trkpt>
      <trkpt lat="47.845729971304536" lon="6.761069996282458">
        <ele>832.57</ele>
      </trkpt>
      <trkpt lat="47.84538991749287" lon="6.760089984163642">
        <ele>832.31</ele>
      </trkpt>
      <trkpt lat="47.845279946923256" lon="6.75956997089088">
        <ele>831.84</ele>
      </trkpt>
      <trkpt lat="47.84530995413661" lon="6.75922991707921">
        <ele>831.49</ele>
      </trkpt>
      <trkpt lat="47.84538991749287" lon="6.758849965408444">
        <ele>831.02</ele>
      </trkpt>
      <trkpt lat="47.84560994245112" lon="6.75838996656239">
        <ele>830.81</ele>
      </trkpt>
      <trkpt lat="47.84589492715895" lon="6.757849920541048">
        <ele>830.65</ele>
      </trkpt>
      <trkpt lat="47.846179995685816" lon="6.7573099583387375">
        <ele>830.47</ele>
      </trkpt>
      <trkpt lat="47.84620991908014" lon="6.757179955020547">
        <ele>830.04</ele>
      </trkpt>
      <trkpt lat="47.846219977363944" lon="6.75692992284894">
        <ele>829.51</ele>
      </trkpt>
      <trkpt lat="47.846159962937236" lon="6.7565399967134">
        <ele>828.96</ele>
      </trkpt>
      <trkpt lat="47.8461099229753" lon="6.756039932370186">
        <ele>828.38</ele>
      </trkpt>
      <trkpt lat="47.84609994851053" lon="6.7555199190974236">
        <ele>827.64</ele>
      </trkpt>
      <trkpt lat="47.846009926870465" lon="6.754979956895113">
        <ele>826.89</ele>
      </trkpt>
      <trkpt lat="47.84594999626279" lon="6.754299933090806">
        <ele>825.93</ele>
      </trkpt>
      <trkpt lat="47.84596994519234" lon="6.754069933667779">
        <ele>825.25</ele>
      </trkpt>
      <trkpt lat="47.846009926870465" lon="6.753849992528558">
        <ele>824.58</ele>
      </trkpt>
      <trkpt lat="47.84606994129717" lon="6.753699956461787">
        <ele>823.88</ele>
      </trkpt>
      <trkpt lat="47.84625995904207" lon="6.753419917076826">
        <ele>823.07</ele>
      </trkpt>
      <trkpt lat="47.84635995514691" lon="6.75333995372057">
        <ele>822.25</ele>
      </trkpt>
      <trkpt lat="47.8469199500978" lon="6.75305999815464">
        <ele>821.45</ele>
      </trkpt>
      <trkpt lat="47.84704995341599" lon="6.753009958192706">
        <ele>820.6</ele>
      </trkpt>
      <trkpt lat="47.84717995673418" lon="6.752989925444126">
        <ele>819.72</ele>
      </trkpt>
      <trkpt lat="47.84743996337056" lon="6.75303996540606">
        <ele>818.77</ele>
      </trkpt>
      <trkpt lat="47.847749926149845" lon="6.753179943189025">
        <ele>817.76</ele>
      </trkpt>
      <trkpt lat="47.84785998053849" lon="6.753199975937605">
        <ele>816.66</ele>
      </trkpt>
      <trkpt lat="47.84798998385668" lon="6.753189917653799">
        <ele>815.52</ele>
      </trkpt>
      <trkpt lat="47.848199950531125" lon="6.753089921548963">
        <ele>814.28</ele>
      </trkpt>
      <trkpt lat="47.84867998212576" lon="6.752759926021099">
        <ele>812.97</ele>
      </trkpt>
      <trkpt lat="47.84880998544395" lon="6.752719944342971">
        <ele>811.7</ele>
      </trkpt>
      <trkpt lat="47.84936495125294" lon="6.752679962664843">
        <ele>810.3</ele>
      </trkpt>
      <trkpt lat="47.849919917061925" lon="6.752639980986714">
        <ele>808.73</ele>
      </trkpt>
      <trkpt lat="47.85007992759347" lon="6.752679962664843">
        <ele>807.29</ele>
      </trkpt>
      <trkpt lat="47.850239938125014" lon="6.752769984304905">
        <ele>805.85</ele>
      </trkpt>
      <trkpt lat="47.85035996697843" lon="6.752869980409741">
        <ele>804.41</ele>
      </trkpt>
      <trkpt lat="47.85044998861849" lon="6.752979950979352">
        <ele>802.96</ele>
      </trkpt>
      <trkpt lat="47.850629948079586" lon="6.7533099465072155">
        <ele>801.52</ele>
      </trkpt>
      <trkpt lat="47.850839998573065" lon="6.753999944776297">
        <ele>799.82</ele>
      </trkpt>
      <trkpt lat="47.85091996192932" lon="6.754529932513833">
        <ele>798.17</ele>
      </trkpt>
      <trkpt lat="47.85090998746455" lon="6.754889935255051">
        <ele>796.64</ele>
      </trkpt>
      <trkpt lat="47.85084997303784" lon="6.75563994795084">
        <ele>794.99</ele>
      </trkpt>
      <trkpt lat="47.85086992196739" lon="6.756049990653992">
        <ele>793.15</ele>
      </trkpt>
      <trkpt lat="47.85090998746455" lon="6.756249982863665">
        <ele>791.36</ele>
      </trkpt>
      <trkpt lat="47.851229924708605" lon="6.757439961656928">
        <ele>789.52</ele>
      </trkpt>
      <trkpt lat="47.85158992744982" lon="6.75838996656239">
        <ele>787.31</ele>
      </trkpt>
      <trkpt lat="47.85194993019104" lon="6.759339971467853">
        <ele>785.41</ele>
      </trkpt>
      <trkpt lat="47.85205998457968" lon="6.759509956464171">
        <ele>783.6</ele>
      </trkpt>
      <trkpt lat="47.85213994793594" lon="6.75956997089088">
        <ele>781.73</ele>
      </trkpt>
      <trkpt lat="47.852879986166954" lon="6.759859984740615">
        <ele>779.45</ele>
      </trkpt>
      <trkpt lat="47.853439981117845" lon="6.760049918666482">
        <ele>777.39</ele>
      </trkpt>
      <trkpt lat="47.85383996553719" lon="6.760139940306544">
        <ele>775.25</ele>
      </trkpt>
      <trkpt lat="47.85444991663098" lon="6.760349990800023">
        <ele>773.49</ele>
      </trkpt>
      <trkpt lat="47.8545699454844" lon="6.760349990800023">
        <ele>771.41</ele>
      </trkpt>
      <trkpt lat="47.85476993769407" lon="6.760339932516217">
        <ele>769.17</ele>
      </trkpt>
      <trkpt lat="47.855049977079034" lon="6.760239936411381">
        <ele>766.78</ele>
      </trkpt>
      <trkpt lat="47.85534996539354" lon="6.760269943624735">
        <ele>764.54</ele>
      </trkpt>
      <trkpt lat="47.855479968711734" lon="6.760239936411381">
        <ele>762.38</ele>
      </trkpt>
      <trkpt lat="47.85557996481657" lon="6.7601799219846725">
        <ele>760.15</ele>
      </trkpt>
      <trkpt lat="47.85564995370805" lon="6.760089984163642">
        <ele>757.83</ele>
      </trkpt>
      <trkpt lat="47.85576998256147" lon="6.759849926456809">
        <ele>755.4</ele>
      </trkpt>
      <trkpt lat="47.855869978666306" lon="6.759689999744296">
        <ele>753.14</ele>
      </trkpt>
      <trkpt lat="47.856019930914044" lon="6.759589919820428">
        <ele>751.03</ele>
      </trkpt>
      <trkpt lat="47.856534998863935" lon="6.759479949250817">
        <ele>748.97</ele>
      </trkpt>
      <trkpt lat="47.857049982994795" lon="6.759369978681207">
        <ele>746.62</ele>
      </trkpt>
      <trkpt lat="47.85723991692066" lon="6.75922991707921">
        <ele>744.56</ele>
      </trkpt>
      <trkpt lat="47.85735994577408" lon="6.759039983153343">
        <ele>742.38</ele>
      </trkpt>
      <trkpt lat="47.85743999294937" lon="6.75870998762548">
        <ele>739.98</ele>
      </trkpt>
      <trkpt lat="47.857459941878915" lon="6.757919993251562">
        <ele>737.07</ele>
      </trkpt>
      <trkpt lat="47.85770997405052" lon="6.756989937275648">
        <ele>735.24</ele>
      </trkpt>
      <trkpt lat="47.85768994130194" lon="6.756799919530749">
        <ele>733.18</ele>
      </trkpt>
      <trkpt lat="47.85757997073233" lon="6.756339920684695">
        <ele>730.93</ele>
      </trkpt>
      <trkpt lat="47.85762498155236" lon="6.755304923281074">
        <ele>728.81</ele>
      </trkpt>
      <trkpt lat="47.857669992372394" lon="6.754269925877452">
        <ele>726.76</ele>
      </trkpt>
      <trkpt lat="47.85755993798375" lon="6.7537599708884954">
        <ele>724.81</ele>
      </trkpt>
      <trkpt lat="47.85751995630562" lon="6.753479931503534">
        <ele>723.07</ele>
      </trkpt>
      <trkpt lat="47.8575299307704" lon="6.753199975937605">
        <ele>721.43</ele>
      </trkpt>
      <trkpt lat="47.85755993798375" lon="6.7530799470841885">
        <ele>720.04</ele>
      </trkpt>
      <trkpt lat="47.85761995241046" lon="6.752939969301224">
        <ele>718.77</ele>
      </trkpt>
      <trkpt lat="47.8579699806869" lon="6.752539984881878">
        <ele>717.7</ele>
      </trkpt>
      <trkpt lat="47.85810995846987" lon="6.7521399166435">
        <ele>716.44</ele>
      </trkpt>
      <trkpt lat="47.85828991793096" lon="6.751859961077571">
        <ele>715.66</ele>
      </trkpt>
      <trkpt lat="47.85832998342812" lon="6.7517599649727345">
        <ele>714.73</ele>
      </trkpt>
      <trkpt lat="47.858339957892895" lon="6.751649994403124">
        <ele>713.93</ele>
      </trkpt>
      <trkpt lat="47.85832998342812" lon="6.751549998298287">
        <ele>713.14</ele>
      </trkpt>
      <trkpt lat="47.85828991793096" lon="6.751449918374419">
        <ele>712.37</ele>
      </trkpt>
      <trkpt lat="47.8581599984318" lon="6.7512799333781">
        <ele>711.69</ele>
      </trkpt>
      <trkpt lat="47.858079951256514" lon="6.751199970021844">
        <ele>710.92</ele>
      </trkpt>
      <trkpt lat="47.857909966260195" lon="6.751089999452233">
        <ele>710.02</ele>
      </trkpt>
      <trkpt lat="47.85786998458207" lon="6.751029985025525">
        <ele>709.3</ele>
      </trkpt>
      <trkpt lat="47.85781994462013" lon="6.75086997449398">
        <ele>708.64</ele>
      </trkpt>
      <trkpt lat="47.85782991908491" lon="6.750589935109019">
        <ele>708.13</ele>
      </trkpt>
      <trkpt lat="47.85781994462013" lon="6.750479964539409">
        <ele>707.47</ele>
      </trkpt>
      <trkpt lat="47.85776998847723" lon="6.750319954007864">
        <ele>706.72</ele>
      </trkpt>
      <trkpt lat="47.85772992298007" lon="6.750249965116382">
        <ele>705.88</ele>
      </trkpt>
      <trkpt lat="47.857459941878915" lon="6.7500099912285805">
        <ele>704.6</ele>
      </trkpt>
      <trkpt lat="47.85737997852266" lon="6.749869929626584">
        <ele>703.61</ele>
      </trkpt>
      <trkpt lat="47.857329938560724" lon="6.749649988487363">
        <ele>702.67</ele>
      </trkpt>
      <trkpt lat="47.85733999684453" lon="6.749489977955818">
        <ele>701.82</ele>
      </trkpt>
      <trkpt lat="47.85740998573601" lon="6.749249920248985">
        <ele>700.93</ele>
      </trkpt>
      <trkpt lat="47.85763998515904" lon="6.748779946938157">
        <ele>699.83</ele>
      </trkpt>
      <trkpt lat="47.85774995572865" lon="6.7486699763685465">
        <ele>698.95</ele>
      </trkpt>
      <trkpt lat="47.8579599224031" lon="6.748639969155192">
        <ele>698.34</ele>
      </trkpt>
      <trkpt lat="47.85800996236503" lon="6.748619936406612">
        <ele>697.56</ele>
      </trkpt>
      <trkpt lat="47.858079951256514" lon="6.74856998026371">
        <ele>696.78</ele>
      </trkpt>
      <trkpt lat="47.8581599984318" lon="6.7484199441969395">
        <ele>695.86</ele>
      </trkpt>
      <trkpt lat="47.85821992903948" lon="6.748209977522492">
        <ele>695.01</ele>
      </trkpt>
      <trkpt lat="47.858229987323284" lon="6.74809992313385">
        <ele>694.18</ele>
      </trkpt>
      <trkpt lat="47.858189921826124" lon="6.747599942609668">
        <ele>693.01</ele>
      </trkpt>
      <trkpt lat="47.85821992903948" lon="6.747469939291477">
        <ele>692.26</ele>
      </trkpt>
      <trkpt lat="47.85830995067954" lon="6.747359968721867">
        <ele>691.65</ele>
      </trkpt>
      <trkpt lat="47.85836996510625" lon="6.747339935973287">
        <ele>691.16</ele>
      </trkpt>
      <trkpt lat="47.858769949525595" lon="6.747339935973287">
        <ele>690.72</ele>
      </trkpt>
      <trkpt lat="47.85888997837901" lon="6.7473099287599325">
        <ele>690.3</ele>
      </trkpt>
      <trkpt lat="47.85923992283642" lon="6.747159976512194">
        <ele>689.96</ele>
      </trkpt>
      <trkpt lat="47.85943999886513" lon="6.747149918228388">
        <ele>689.73</ele>
      </trkpt>
      <trkpt lat="47.85976999439299" lon="6.747219990938902">
        <ele>689.57</ele>
      </trkpt>
      <trkpt lat="47.85985993221402" lon="6.747229965403676">
        <ele>689.47</ele>
      </trkpt>
      <trkpt lat="47.85995992831886" lon="6.747199958190322">
        <ele>689.43</ele>
      </trkpt>
      <trkpt lat="47.86000996828079" lon="6.747089987620711">
        <ele>689.54</ele>
      </trkpt>
      <trkpt lat="47.86000996828079" lon="6.747029973194003">
        <ele>689.69</ele>
      </trkpt>
      <trkpt lat="47.860079957172275" lon="6.746939951553941">
        <ele>689.96</ele>
      </trkpt>
      <trkpt lat="47.860659984871745" lon="6.746639963239431">
        <ele>690.75</ele>
      </trkpt>
      <trkpt lat="47.86079996265471" lon="6.746479952707887">
        <ele>691.13</ele>
      </trkpt>
      <trkpt lat="47.8609299659729" lon="6.746189938858151">
        <ele>691.6</ele>
      </trkpt>
      <trkpt lat="47.86104999482632" lon="6.74583999440074">
        <ele>692.03</ele>
      </trkpt>
      <trkpt lat="47.8611199837178" lon="6.745479991659522">
        <ele>692.43</ele>
      </trkpt>
      <trkpt lat="47.86115996539593" lon="6.7450999561697245">
        <ele>692.78</ele>
      </trkpt>
      <trkpt lat="47.861195001751184" lon="6.74422999843955">
        <ele>693.05</ele>
      </trkpt>
      <trkpt lat="47.86122995428741" lon="6.743359956890345">
        <ele>693.16</ele>
      </trkpt>
      <trkpt lat="47.86143992096186" lon="6.742509948089719">
        <ele>693.57</ele>
      </trkpt>
      <trkpt lat="47.86163999699056" lon="6.741849957033992">
        <ele>693.98</ele>
      </trkpt>
      <trkpt lat="47.861839989200234" lon="6.741189965978265">
        <ele>694.39</ele>
      </trkpt>
      <trkpt lat="47.86187997087836" lon="6.740829963237047">
        <ele>695.31</ele>
      </trkpt>
      <trkpt lat="47.8617899492383" lon="6.740479934960604">
        <ele>696.43</ele>
      </trkpt>
      <trkpt lat="47.861629938706756" lon="6.740309949964285">
        <ele>697.2</ele>
      </trkpt>
      <trkpt lat="47.86141997203231" lon="6.7401899211108685">
        <ele>697.82</ele>
      </trkpt>
      <trkpt lat="47.86133992485702" lon="6.740109957754612">
        <ele>698.67</ele>
      </trkpt>
      <trkpt lat="47.86126993596554" lon="6.7400099616497755">
        <ele>699.63</ele>
      </trkpt>
      <trkpt lat="47.86120992153883" lon="6.739809969440103">
        <ele>700.78</ele>
      </trkpt>
      <trkpt lat="47.86120992153883" lon="6.739699998870492">
        <ele>702.0</ele>
      </trkpt>
      <trkpt lat="47.86128996871412" lon="6.739449966698885">
        <ele>703.47</ele>
      </trkpt>
      <trkpt lat="47.861309917643666" lon="6.739299930632114">
        <ele>704.84</ele>
      </trkpt>
      <trkpt lat="47.86128996871412" lon="6.73885996453464">
        <ele>706.35</ele>
      </trkpt>
      <trkpt lat="47.861309917643666" lon="6.738329976797104">
        <ele>708.01</ele>
      </trkpt>
      <trkpt lat="47.86128996871412" lon="6.738219922408462">
        <ele>709.57</ele>
      </trkpt>
      <trkpt lat="47.8609799221158" lon="6.737479967996478">
        <ele>710.96</ele>
      </trkpt>
      <trkpt lat="47.86096994765103" lon="6.7373299319297075">
        <ele>712.62</ele>
      </trkpt>
      <trkpt lat="47.86098998039961" lon="6.737219961360097">
        <ele>714.36</ele>
      </trkpt>
      <trkpt lat="47.86103993654251" lon="6.7371399980038404">
        <ele>716.22</ele>
      </trkpt>
      <trkpt lat="47.8611699398607" lon="6.7371399980038404">
        <ele>718.2</ele>
      </trkpt>
      <trkpt lat="47.861279994249344" lon="6.737259943038225">
        <ele>720.31</ele>
      </trkpt>
      <trkpt lat="47.86141997203231" lon="6.737499916926026">
        <ele>722.58</ele>
      </trkpt>
      <trkpt lat="47.86165994592011" lon="6.737839970737696">
        <ele>724.96</ele>
      </trkpt>
      <trkpt lat="47.86171996034682" lon="6.73784994520247">
        <ele>727.18</ele>
      </trkpt>
      <trkpt lat="47.86182993091643" lon="6.737829996272922">
        <ele>729.46</ele>
      </trkpt>
      <trkpt lat="47.86212991923094" lon="6.737629920244217">
        <ele>731.79</ele>
      </trkpt>
      <trkpt lat="47.862569969147444" lon="6.7375999968498945">
        <ele>734.19</ele>
      </trkpt>
      <trkpt lat="47.863019993528724" lon="6.737169921398163">
        <ele>736.64</ele>
      </trkpt>
      <trkpt lat="47.86320992745459" lon="6.737049976363778">
        <ele>739.1</ele>
      </trkpt>
      <trkpt lat="47.86403998732567" lon="6.736879991367459">
        <ele>741.84</ele>
      </trkpt>
      <trkpt lat="47.86421994678676" lon="6.736899940297008">
        <ele>744.11</ele>
      </trkpt>
      <trkpt lat="47.864679945632815" lon="6.737059950828552">
        <ele>746.33</ele>
      </trkpt>
      <trkpt lat="47.86509996280074" lon="6.737279975786805">
        <ele>748.53</ele>
      </trkpt>
      <trkpt lat="47.86526994779706" lon="6.7373299319297075">
        <ele>750.54</ele>
      </trkpt>
      <trkpt lat="47.865429958328605" lon="6.7373499646782875">
        <ele>752.49</ele>
      </trkpt>
      <trkpt lat="47.86549994722009" lon="6.737289950251579">
        <ele>754.4</ele>
      </trkpt>
      <trkpt lat="47.865559961646795" lon="6.737199928611517">
        <ele>756.25</ele>
      </trkpt>
      <trkpt lat="47.86562995053828" lon="6.736899940297008">
        <ele>758.06</ele>
      </trkpt>
      <trkpt lat="47.865579994395375" lon="6.73655997030437">
        <ele>759.83</ele>
      </trkpt>
      <trkpt lat="47.865129970014095" lon="6.7357999831438065">
        <ele>761.53</ele>
      </trkpt>
      <trkpt lat="47.865019999444485" lon="6.7355299182236195">
        <ele>762.84</ele>
      </trkpt>
      <trkpt lat="47.86503994837403" lon="6.7353499587625265">
        <ele>764.11</ele>
      </trkpt>
      <trkpt lat="47.8651899844408" lon="6.734809996560216">
        <ele>765.32</ele>
      </trkpt>
      <trkpt lat="47.86526994779706" lon="6.733864936977625">
        <ele>766.19</ele>
      </trkpt>
      <trkpt lat="47.86534999497235" lon="6.7329199612140656">
        <ele>767.21</ele>
      </trkpt>
      <trkpt lat="47.865644954144955" lon="6.732234992086887">
        <ele>768.23</ele>
      </trkpt>
      <trkpt lat="47.86593999713659" lon="6.7315499391406775">
        <ele>769.01</ele>
      </trkpt>
      <trkpt lat="47.86608994938433" lon="6.730789951980114">
        <ele>769.69</ele>
      </trkpt>
      <trkpt lat="47.86620997823775" lon="6.730589959770441">
        <ele>770.16</ele>
      </trkpt>
      <trkpt lat="47.86688497290015" lon="6.7304599564522505">
        <ele>770.22</ele>
      </trkpt>
      <trkpt lat="47.867559967562556" lon="6.73032995313406">
        <ele>770.21</ele>
      </trkpt>
      <trkpt lat="47.867919970303774" lon="6.730229957029223">
        <ele>770.36</ele>
      </trkpt>
      <trkpt lat="47.868049973621964" lon="6.730149993672967">
        <ele>770.45</ele>
      </trkpt>
      <trkpt lat="47.868289947509766" lon="6.72991999424994">
        <ele>770.5</ele>
      </trkpt>
      <trkpt lat="47.868739971891046" lon="6.7293699737638235">
        <ele>770.42</ele>
      </trkpt>
      <trkpt lat="47.86882999353111" lon="6.729219937697053">
        <ele>770.32</ele>
      </trkpt>
      <trkpt lat="47.86885991692543" lon="6.729069985449314">
        <ele>770.18</ele>
      </trkpt>
      <trkpt lat="47.86893996410072" lon="6.727859973907471">
        <ele>769.87</ele>
      </trkpt>
      <trkpt lat="47.86896997131407" lon="6.727699963375926">
        <ele>769.61</ele>
      </trkpt>
      <trkpt lat="47.869039960205555" lon="6.7275499273091555">
        <ele>769.34</ele>
      </trkpt>
      <trkpt lat="47.86939996294677" lon="6.7273499350994825">
        <ele>769.18</ele>
      </trkpt>
      <trkpt lat="47.869469951838255" lon="6.727229990065098">
        <ele>768.94</ele>
      </trkpt>
      <trkpt lat="47.86951999180019" lon="6.727069979533553">
        <ele>768.66</ele>
      </trkpt>
      <trkpt lat="47.86949995905161" lon="6.726119974628091">
        <ele>768.18</ele>
      </trkpt>
      <trkpt lat="47.86945997737348" lon="6.72542997635901">
        <ele>767.68</ele>
      </trkpt>
      <trkpt lat="47.86951999180019" lon="6.72508992254734">
        <ele>767.43</ele>
      </trkpt>
      <trkpt lat="47.86990991793573" lon="6.72411996871233">
        <ele>767.57</ele>
      </trkpt>
      <trkpt lat="47.87038994953036" lon="6.723459977656603">
        <ele>767.43</ele>
      </trkpt>
      <trkpt lat="47.87061994895339" lon="6.723269959911704">
        <ele>767.37</ele>
      </trkpt>
      <trkpt lat="47.87142997607589" lon="6.722899982705712">
        <ele>767.31</ele>
      </trkpt>
      <trkpt lat="47.87158998660743" lon="6.7227299977093935">
        <ele>767.12</ele>
      </trkpt>
      <trkpt lat="47.871874971315265" lon="6.721794996410608">
        <ele>767.0</ele>
      </trkpt>
      <trkpt lat="47.8721599560231" lon="6.720859995111823">
        <ele>767.05</ele>
      </trkpt>
      <trkpt lat="47.8725899476558" lon="6.719999928027391">
        <ele>766.78</ele>
      </trkpt>
      <trkpt lat="47.872714921832085" lon="6.719234995543957">
        <ele>766.55</ele>
      </trkpt>
      <trkpt lat="47.872839979827404" lon="6.71846997924149">
        <ele>766.12</ele>
      </trkpt>
      <trkpt lat="47.87298993207514" lon="6.717789955437183">
        <ele>765.88</ele>
      </trkpt>
      <trkpt lat="47.87319998256862" lon="6.717199953272939">
        <ele>765.51</ele>
      </trkpt>
      <trkpt lat="47.87327994592488" lon="6.71612991951406">
        <ele>765.15</ele>
      </trkpt>
      <trkpt lat="47.873189924284816" lon="6.715439921244979">
        <ele>764.94</ele>
      </trkpt>
      <trkpt lat="47.87304994650185" lon="6.714629977941513">
        <ele>764.59</ele>
      </trkpt>
      <trkpt lat="47.8730299975723" lon="6.71442998573184">
        <ele>764.21</ele>
      </trkpt>
      <trkpt lat="47.87306997925043" lon="6.714309956878424">
        <ele>763.82</ele>
      </trkpt>
      <trkpt lat="47.87314994260669" lon="6.714199986308813">
        <ele>763.41</ele>
      </trkpt>
      <trkpt lat="47.873359993100166" lon="6.714089931920171">
        <ele>762.98</ele>
      </trkpt>
      <trkpt lat="47.873699963092804" lon="6.713989935815334">
        <ele>762.57</ele>
      </trkpt>
      <trkpt lat="47.87413992919028" lon="6.713909972459078">
        <ele>762.2</ele>
      </trkpt>
      <trkpt lat="47.874369928613305" lon="6.71384995803237">
        <ele>761.9</ele>
      </trkpt>
      <trkpt lat="47.87446992471814" lon="6.713729929178953">
        <ele>761.64</ele>
      </trkpt>
      <trkpt lat="47.87472993135452" lon="6.712979916483164">
        <ele>761.36</ele>
      </trkpt>
      <trkpt lat="47.87504492327571" lon="6.711859926581383">
        <ele>761.15</ele>
      </trkpt>
      <trkpt lat="47.87535999901593" lon="6.710739936679602">
        <ele>760.94</ele>
      </trkpt>
      <trkpt lat="47.87585495039821" lon="6.710414970293641">
        <ele>760.99</ele>
      </trkpt>
      <trkpt lat="47.87634998559952" lon="6.710089920088649">
        <ele>760.83</ele>
      </trkpt>
      <trkpt lat="47.87682993337512" lon="6.709669986739755">
        <ele>760.72</ele>
      </trkpt>
      <trkpt lat="47.8768499661237" lon="6.709319958463311">
        <ele>760.69</ele>
      </trkpt>
      <trkpt lat="47.8766549192369" lon="6.708699949085712">
        <ele>760.68</ele>
      </trkpt>
      <trkpt lat="47.87645995616913" lon="6.708079939708114">
        <ele>760.56</ele>
      </trkpt>
      <trkpt lat="47.87649993784726" lon="6.707759918645024">
        <ele>760.42</ele>
      </trkpt>
      <trkpt lat="47.87682993337512" lon="6.707139993086457">
        <ele>760.12</ele>
      </trkpt>
      <trkpt lat="47.8770399838686" lon="6.706809997558594">
        <ele>759.94</ele>
      </trkpt>
      <trkpt lat="47.87735992111266" lon="6.7064799182116985">
        <ele>759.85</ele>
      </trkpt>
      <trkpt lat="47.87772998213768" lon="6.70602997764945">
        <ele>759.86</ele>
      </trkpt>
      <trkpt lat="47.87787993438542" lon="6.705979937687516">
        <ele>759.68</ele>
      </trkpt>
      <trkpt lat="47.87833993323147" lon="6.70630993321538">
        <ele>759.34</ele>
      </trkpt>
      <trkpt lat="47.87839994765818" lon="6.706509925425053">
        <ele>759.09</ele>
      </trkpt>
      <trkpt lat="47.878579990938306" lon="6.70677999034524">
        <ele>758.67</ele>
      </trkpt>
      <trkpt lat="47.87880999036133" lon="6.706939917057753">
        <ele>758.17</ele>
      </trkpt>
      <trkpt lat="47.8789999242872" lon="6.70718994922936">
        <ele>757.69</ele>
      </trkpt>
      <trkpt lat="47.87907997146249" lon="6.707349959760904">
        <ele>757.18</ele>
      </trkpt>
      <trkpt lat="47.8791899420321" lon="6.707699988037348">
        <ele>756.63</ele>
      </trkpt>
      <trkpt lat="47.879459923133254" lon="6.708329971879721">
        <ele>756.01</ele>
      </trkpt>
      <trkpt lat="47.87944994866848" lon="6.708319997414947">
        <ele>755.26</ele>
      </trkpt>
      <trkpt lat="47.87970995530486" lon="6.708849985152483">
        <ele>754.3</ele>
      </trkpt>
      <trkpt lat="47.87979997694492" lon="6.709119966253638">
        <ele>753.3</ele>
      </trkpt>
      <trkpt lat="47.87983995862305" lon="6.709539983421564">
        <ele>752.4</ele>
      </trkpt>
      <trkpt lat="47.87987994030118" lon="6.710589984431863">
        <ele>751.39</ele>
      </trkpt>
      <trkpt lat="47.87977994419634" lon="6.7109799943864346">
        <ele>749.88</ele>
      </trkpt>
      <trkpt lat="47.879629991948605" lon="6.711279982700944">
        <ele>748.07</ele>
      </trkpt>
      <trkpt lat="47.87953997030854" lon="6.711349971592426">
        <ele>746.23</ele>
      </trkpt>
      <trkpt lat="47.87925993092358" lon="6.711459942162037">
        <ele>744.23</ele>
      </trkpt>
      <trkpt lat="47.87903998978436" lon="6.711519956588745">
        <ele>742.15</ele>
      </trkpt>
      <trkpt lat="47.87886992096901" lon="6.7116099782288074">
        <ele>739.82</ele>
      </trkpt>
      <trkpt lat="47.87850991822779" lon="6.712079951539636">
        <ele>737.11</ele>
      </trkpt>
      <trkpt lat="47.878429954871535" lon="6.71223996207118">
        <ele>734.46</ele>
      </trkpt>
      <trkpt lat="47.878429954871535" lon="6.712349932640791">
        <ele>731.65</ele>
      </trkpt>
      <trkpt lat="47.87847999483347" lon="6.712429979816079">
        <ele>728.67</ele>
      </trkpt>
      <trkpt lat="47.87854998372495" lon="6.712489994242787">
        <ele>725.53</ele>
      </trkpt>
      <trkpt lat="47.87931994535029" lon="6.712769949808717">
        <ele>721.4</ele>
      </trkpt>
      <trkpt lat="47.88008999079466" lon="6.713049989193678">
        <ele>717.84</ele>
      </trkpt>
      <trkpt lat="47.88024991750717" lon="6.713049989193678">
        <ele>714.39</ele>
      </trkpt>
      <trkpt lat="47.880599945783615" lon="6.712999949231744">
        <ele>710.7</ele>
      </trkpt>
      <trkpt lat="47.880839919671416" lon="6.712889978662133">
        <ele>707.04</ele>
      </trkpt>
      <trkpt lat="47.88106991909444" lon="6.712839938700199">
        <ele>703.37</ele>
      </trkpt>
      <trkpt lat="47.881219955161214" lon="6.712869945913553">
        <ele>699.63</ele>
      </trkpt>
      <trkpt lat="47.88133998401463" lon="6.7129299603402615">
        <ele>695.94</ele>
      </trkpt>
      <trkpt lat="47.8815299179405" lon="6.7131399270147085">
        <ele>692.09</ele>
      </trkpt>
      <trkpt lat="47.88211992010474" lon="6.713899997994304">
        <ele>687.64</ele>
      </trkpt>
      <trkpt lat="47.88230993784964" lon="6.714079957455397">
        <ele>683.89</ele>
      </trkpt>
      <trkpt lat="47.8828299511224" lon="6.714359996840358">
        <ele>680.09</ele>
      </trkpt>
      <trkpt lat="47.88314997218549" lon="6.714419927448034">
        <ele>676.29</ele>
      </trkpt>
      <trkpt lat="47.883329931646585" lon="6.71440995298326">
        <ele>672.67</ele>
      </trkpt>
      <trkpt lat="47.88348994217813" lon="6.714349938556552">
        <ele>669.13</ele>
      </trkpt>
      <trkpt lat="47.88357996381819" lon="6.714379945769906">
        <ele>665.47</ele>
      </trkpt>
      <trkpt lat="47.88361994549632" lon="6.714439960196614">
        <ele>661.78</ele>
      </trkpt>
      <trkpt lat="47.88361994549632" lon="6.714519923552871">
        <ele>658.09</ele>
      </trkpt>
      <trkpt lat="47.88358993828297" lon="6.714619919657707">
        <ele>654.42</ele>
      </trkpt>
      <trkpt lat="47.88296992890537" lon="6.7151599656790495">
        <ele>650.36</ele>
      </trkpt>
      <trkpt lat="47.882619984447956" lon="6.7156399972736835">
        <ele>646.66</ele>
      </trkpt>
      <trkpt lat="47.88225998170674" lon="6.7158199567347765">
        <ele>643.1</ele>
      </trkpt>
      <trkpt lat="47.8821599856019" lon="6.71614995226264">
        <ele>639.63</ele>
      </trkpt>
      <trkpt lat="47.88206996396184" lon="6.716899964958429">
        <ele>636.06</ele>
      </trkpt>
      <trkpt lat="47.88212997838855" lon="6.717039942741394">
        <ele>632.87</ele>
      </trkpt>
      <trkpt lat="47.882189992815256" lon="6.717059975489974">
        <ele>629.85</ele>
      </trkpt>
      <trkpt lat="47.88234991952777" lon="6.717019993811846">
        <ele>626.98</ele>
      </trkpt>
      <trkpt lat="47.88241999223828" lon="6.717019993811846">
        <ele>624.11</ele>
      </trkpt>
      <trkpt lat="47.882469948381186" lon="6.717099957168102">
        <ele>621.29</ele>
      </trkpt>
      <trkpt lat="47.88247992284596" lon="6.717199953272939">
        <ele>618.55</ele>
      </trkpt>
      <trkpt lat="47.882489981129766" lon="6.717519974336028">
        <ele>615.74</ele>
      </trkpt>
      <trkpt lat="47.88241999223828" lon="6.717829937115312">
        <ele>613.06</ele>
      </trkpt>
      <trkpt lat="47.88230993784964" lon="6.7180299293249846">
        <ele>610.43</ele>
      </trkpt>
      <trkpt lat="47.88226995617151" lon="6.718209972605109">
        <ele>607.93</ele>
      </trkpt>
      <trkpt lat="47.88228998892009" lon="6.718389932066202">
        <ele>605.58</ele>
      </trkpt>
      <trkpt lat="47.88232997059822" lon="6.7184599209576845">
        <ele>603.42</ele>
      </trkpt>
      <trkpt lat="47.8823999594897" lon="6.7184999864548445">
        <ele>601.35</ele>
      </trkpt>
      <trkpt lat="47.88247992284596" lon="6.718489928171039">
        <ele>599.38</ele>
      </trkpt>
      <trkpt lat="47.882549995556474" lon="6.718509960919619">
        <ele>597.42</ele>
      </trkpt>
      <trkpt lat="47.8825899772346" lon="6.718549942597747">
        <ele>595.46</ele>
      </trkpt>
      <trkpt lat="47.8825899772346" lon="6.718619931489229">
        <ele>593.46</ele>
      </trkpt>
      <trkpt lat="47.88255997002125" lon="6.718739960342646">
        <ele>591.41</ele>
      </trkpt>
      <trkpt lat="47.88249995559454" lon="6.718789916485548">
        <ele>589.41</ele>
      </trkpt>
      <trkpt lat="47.88234991952777" lon="6.718819923698902">
        <ele>587.4</ele>
      </trkpt>
      <trkpt lat="47.88178992457688" lon="6.7184999864548445">
        <ele>585.29</ele>
      </trkpt>
      <trkpt lat="47.88170996122062" lon="6.718509960919619">
        <ele>583.32</ele>
      </trkpt>
      <trkpt lat="47.881669979542494" lon="6.718569975346327">
        <ele>581.34</ele>
      </trkpt>
      <trkpt lat="47.881649946793914" lon="6.718629989773035">
        <ele>579.35</ele>
      </trkpt>
      <trkpt lat="47.88169998675585" lon="6.7189099453389645">
        <ele>577.26</ele>
      </trkpt>
      <trkpt lat="47.88181993179023" lon="6.719109937548637">
        <ele>575.3</ele>
      </trkpt>
      <trkpt lat="47.882254952564836" lon="6.719729946926236">
        <ele>573.21</ele>
      </trkpt>
      <trkpt lat="47.88268997333944" lon="6.720349956303835">
        <ele>570.79</ele>
      </trkpt>
      <trkpt lat="47.88281997665763" lon="6.720569981262088">
        <ele>568.71</ele>
      </trkpt>
      <trkpt lat="47.882979987189174" lon="6.720789922401309">
        <ele>566.65</ele>
      </trkpt>
      <trkpt lat="47.883109990507364" lon="6.720929984003305">
        <ele>564.64</ele>
      </trkpt>
      <trkpt lat="47.88327997550368" lon="6.721269953995943">
        <ele>562.53</ele>
      </trkpt>
      <trkpt lat="47.88337997160852" lon="6.721409931778908">
        <ele>560.53</ele>
      </trkpt>
      <trkpt lat="47.88352992385626" lon="6.721559967845678">
        <ele>558.47</ele>
      </trkpt>
      <trkpt lat="47.8838299959898" lon="6.721609923988581">
        <ele>556.41</ele>
      </trkpt>
      <trkpt lat="47.88397994823754" lon="6.721609923988581">
        <ele>554.42</ele>
      </trkpt>
      <trkpt lat="47.88415999151766" lon="6.721559967845678">
        <ele>552.49</ele>
      </trkpt>
      <trkpt lat="47.88444992154837" lon="6.721439938992262">
        <ele>550.58</ele>
      </trkpt>
      <trkpt lat="47.8845499176532" lon="6.721439938992262">
        <ele>548.64</ele>
      </trkpt>
      <trkpt lat="47.88461999036372" lon="6.72151998616755">
        <ele>546.66</ele>
      </trkpt>
      <trkpt lat="47.884659972041845" lon="6.721639931201935">
        <ele>544.64</ele>
      </trkpt>
      <trkpt lat="47.8846899792552" lon="6.722209984436631">
        <ele>542.41</ele>
      </trkpt>
      <trkpt lat="47.8847399353981" lon="6.722449958324432">
        <ele>540.39</ele>
      </trkpt>
      <trkpt lat="47.88479994982481" lon="6.7224999982863665">
        <ele>538.45</ele>
      </trkpt>
      <trkpt lat="47.8851199708879" lon="6.722579961642623">
        <ele>536.39</ele>
      </trkpt>
      <trkpt lat="47.8853099886328" lon="6.722749946638942">
        <ele>534.35</ele>
      </trkpt>
      <trkpt lat="47.88548994809389" lon="6.723109949380159">
        <ele>532.27</ele>
      </trkpt>
      <trkpt lat="47.885649958625436" lon="6.723279934376478">
        <ele>530.29</ele>
      </trkpt>
      <trkpt lat="47.88590996526182" lon="6.723319999873638">
        <ele>528.28</ele>
      </trkpt>
      <trkpt lat="47.8859799541533" lon="6.7233499232679605">
        <ele>526.34</ele>
      </trkpt>
      <trkpt lat="47.88617994636297" lon="6.7233899887651205">
        <ele>524.39</ele>
      </trkpt>
      <trkpt lat="47.88638999685645" lon="6.723469952121377">
        <ele>522.42</ele>
      </trkpt>
      <trkpt lat="47.8866499196738" lon="6.7236199881881475">
        <ele>520.44</ele>
      </trkpt>
      <trkpt lat="47.886939933523536" lon="6.723749991506338">
        <ele>518.33</ele>
      </trkpt>
      <trkpt lat="47.88750998675823" lon="6.723919976502657">
        <ele>516.07</ele>
      </trkpt>
      <trkpt lat="47.8880799561739" lon="6.724089961498976">
        <ele>513.82</ele>
      </trkpt>
      <trkpt lat="47.88808993063867" lon="6.72409993596375">
        <ele>511.73</ele>
      </trkpt>
      <trkpt lat="47.88814994506538" lon="6.724129943177104">
        <ele>509.61</ele>
      </trkpt>
      <trkpt lat="47.88853995501995" lon="6.724419957026839">
        <ele>507.29</ele>
      </trkpt>
      <trkpt lat="47.888869950547814" lon="6.724749952554703">
        <ele>504.97</ele>
      </trkpt>
      <trkpt lat="47.889109924435616" lon="6.7251299880445">
        <ele>502.67</ele>
      </trkpt>
      <trkpt lat="47.88930991664529" lon="6.725519997999072">
        <ele>500.29</ele>
      </trkpt>
      <trkpt lat="47.88951996713877" lon="6.726159956306219">
        <ele>498.16</ele>
      </trkpt>
      <trkpt lat="47.889579981565475" lon="6.726609980687499">
        <ele>496.07</ele>
      </trkpt>
      <trkpt lat="47.88958995603025" lon="6.7268499545753">
        <ele>493.99</ele>
      </trkpt>
      <trkpt lat="47.889559948816895" lon="6.727049946784973">
        <ele>491.96</ele>
      </trkpt>
      <trkpt lat="47.88935995660722" lon="6.7277799267321825">
        <ele>489.85</ele>
      </trkpt>
      <trkpt lat="47.88934998214245" lon="6.727959970012307">
        <ele>487.99</ele>
      </trkpt>
      <trkpt lat="47.888999953866005" lon="6.728759938850999">
        <ele>486.27</ele>
      </trkpt>
      <trkpt lat="47.88892996497452" lon="6.729009971022606">
        <ele>484.44</ele>
      </trkpt>
      <trkpt lat="47.88891999050975" lon="6.729439962655306">
        <ele>482.61</ele>
      </trkpt>
      <trkpt lat="47.88896994665265" lon="6.7297999653965235">
        <ele>480.8</ele>
      </trkpt>
      <trkpt lat="47.889169938862324" lon="6.730159968137741">
        <ele>479.07</ele>
      </trkpt>
      <trkpt lat="47.889369931072" lon="6.730639999732375">
        <ele>477.45</ele>
      </trkpt>
      <trkpt lat="47.88960998877883" lon="6.731089940294623">
        <ele>475.89</ele>
      </trkpt>
      <trkpt lat="47.88990997709334" lon="6.731529990211129">
        <ele>474.49</ele>
      </trkpt>
      <trkpt lat="47.89014995098114" lon="6.731759989634156">
        <ele>473.2</ele>
      </trkpt>
      <trkpt lat="47.89026997983456" lon="6.731939949095249">
        <ele>471.99</ele>
      </trkpt>
      <trkpt lat="47.89037995040417" lon="6.732299951836467">
        <ele>470.83</ele>
      </trkpt>
      <trkpt lat="47.890479946509004" lon="6.73348993062973">
        <ele>469.82</ele>
      </trkpt>
      <trkpt lat="47.89048992097378" lon="6.734269950538874">
        <ele>468.92</ele>
      </trkpt>
      <trkpt lat="47.89068999700248" lon="6.734039951115847">
        <ele>467.92</ele>
      </trkpt>
      <trkpt lat="47.89080994203687" lon="6.73393995501101">
        <ele>467.08</ele>
      </trkpt>
      <trkpt lat="47.890929970890284" lon="6.733899973332882">
        <ele>466.31</ele>
      </trkpt>
      <trkpt lat="47.890999959781766" lon="6.733899973332882">
        <ele>465.62</ele>
      </trkpt>
      <trkpt lat="47.8910999558866" lon="6.733239982277155">
        <ele>469.06</ele>
      </trkpt>
      <trkpt lat="47.89119995199144" lon="6.7326699290424585">
        <ele>468.4</ele>
      </trkpt>
      <trkpt lat="47.89135996252298" lon="6.7320299707353115">
        <ele>467.98</ele>
      </trkpt>
      <trkpt lat="47.891599936410785" lon="6.731269983574748">
        <ele>467.39</ele>
      </trkpt>
      <trkpt lat="47.891879975795746" lon="6.730519970878959">
        <ele>466.68</ele>
      </trkpt>
      <trkpt lat="47.89209991693497" lon="6.730019990354776">
        <ele>466.07</ele>
      </trkpt>
      <trkpt lat="47.89235992357135" lon="6.729529984295368">
        <ele>465.47</ele>
      </trkpt>
      <trkpt lat="47.89268991909921" lon="6.728969989344478">
        <ele>465.09</ele>
      </trkpt>
      <trkpt lat="47.892869962379336" lon="6.728699924424291">
        <ele>464.71</ele>
      </trkpt>
      <trkpt lat="47.893274975940585" lon="6.728214947506785">
        <ele>461.0</ele>
      </trkpt>
      <trkpt lat="47.893679989501834" lon="6.72772997058928">
        <ele>463.2</ele>
      </trkpt>
      <trkpt lat="47.894024988636374" lon="6.727294949814677">
        <ele>460.41</ele>
      </trkpt>
      <trkpt lat="47.894369987770915" lon="6.726859929040074">
        <ele>462.28</ele>
      </trkpt>
      <trkpt lat="47.89452999830246" lon="6.726629929617047">
        <ele>461.75</ele>
      </trkpt>
      <trkpt lat="47.894779946655035" lon="6.726219970732927">
        <ele>461.27</ele>
      </trkpt>
      <trkpt lat="47.8951099421829" lon="6.725589986890554">
        <ele>460.87</ele>
      </trkpt>
      <trkpt lat="47.89547991938889" lon="6.724669989198446">
        <ele>460.35</ele>
      </trkpt>
      <trkpt lat="47.89570991881192" lon="6.723859962075949">
        <ele>460.08</ele>
      </trkpt>
      <trkpt lat="47.89590999484062" lon="6.722929989919066">
        <ele>459.76</ele>
      </trkpt>
      <trkpt lat="47.89604997262359" lon="6.721912426874042">
        <ele>458.46</ele>
      </trkpt>
      <trkpt lat="47.89618995040655" lon="6.720894947648048">
        <ele>458.41</ele>
      </trkpt>
      <trkpt lat="47.89633001200855" lon="6.719877468422055">
        <ele>458.17</ele>
      </trkpt>
      <trkpt lat="47.89646998979151" lon="6.718859989196062">
        <ele>458.32</ele>
      </trkpt>
      <trkpt lat="47.896539978682995" lon="6.7184599209576845">
        <ele>458.1</ele>
      </trkpt>
      <trkpt lat="47.89678992703557" lon="6.717409919947386">
        <ele>457.87</ele>
      </trkpt>
      <trkpt lat="47.89699997752905" lon="6.716809943318367">
        <ele>457.58</ele>
      </trkpt>
      <trkpt lat="47.89729996584356" lon="6.716109970584512">
        <ele>457.41</ele>
      </trkpt>
      <trkpt lat="47.8974499180913" lon="6.7157999239861965">
        <ele>457.2</ele>
      </trkpt>
      <trkpt lat="47.897999938577414" lon="6.714747995138168">
        <ele>457.4</ele>
      </trkpt>
      <trkpt lat="47.89854995906353" lon="6.71369606629014">
        <ele>457.4</ele>
      </trkpt>
      <trkpt lat="47.899099979549646" lon="6.71264405362308">
        <ele>457.45</ele>
      </trkpt>
      <trkpt lat="47.89965000003576" lon="6.71159204095602">
        <ele>457.37</ele>
      </trkpt>
      <trkpt lat="47.90019993670285" lon="6.710539944469929">
        <ele>456.91</ele>
      </trkpt>
      <trkpt lat="47.90058500133455" lon="6.709879953414202">
        <ele>457.38</ele>
      </trkpt>
      <trkpt lat="47.90096998214722" lon="6.709219962358475">
        <ele>456.96</ele>
      </trkpt>
      <trkpt lat="47.90129997767508" lon="6.708719981834292">
        <ele>457.39</ele>
      </trkpt>
      <trkpt lat="47.901629973202944" lon="6.708219917491078">
        <ele>456.98</ele>
      </trkpt>
      <trkpt lat="47.90222332812846" lon="6.707363286986947">
        <ele>457.45</ele>
      </trkpt>
      <trkpt lat="47.90281659923494" lon="6.706506656482816">
        <ele>457.3</ele>
      </trkpt>
      <trkpt lat="47.90340995416045" lon="6.705649942159653">
        <ele>457.25</ele>
      </trkpt>
      <trkpt lat="47.90398000739515" lon="6.704828348010778">
        <ele>457.44</ele>
      </trkpt>
      <trkpt lat="47.90454997681081" lon="6.704006670042872">
        <ele>457.33</ele>
      </trkpt>
      <trkpt lat="47.90511994622648" lon="6.703185075893998">
        <ele>457.44</ele>
      </trkpt>
      <trkpt lat="47.905689999461174" lon="6.702363397926092">
        <ele>457.56</ele>
      </trkpt>
      <trkpt lat="47.90625996887684" lon="6.701541636139154">
        <ele>457.54</ele>
      </trkpt>
      <trkpt lat="47.9068299382925" lon="6.700719958171248">
        <ele>457.24</ele>
      </trkpt>
      <trkpt lat="47.90716999210417" lon="6.700149988755584">
        <ele>456.99</ele>
      </trkpt>
      <trkpt lat="47.90741994045675" lon="6.699559986591339">
        <ele>456.67</ele>
      </trkpt>
      <trkpt lat="47.90754994377494" lon="6.6991799511015415">
        <ele>456.35</ele>
      </trkpt>
      <trkpt lat="47.907669972628355" lon="6.6987499594688416">
        <ele>456.06</ele>
      </trkpt>
      <trkpt lat="47.907799975946546" lon="6.69805996119976">
        <ele>455.81</ele>
      </trkpt>
      <trkpt lat="47.907859990373254" lon="6.697459984570742">
        <ele>455.3</ele>
      </trkpt>
      <trkpt lat="47.90786996483803" lon="6.696909964084625">
        <ele>454.69</ele>
      </trkpt>
      <trkpt lat="47.90781497955322" lon="6.696204962208867">
        <ele>454.33</ele>
      </trkpt>
      <trkpt lat="47.90775999426842" lon="6.695499960333109">
        <ele>453.77</ele>
      </trkpt>
      <trkpt lat="47.907639965415" lon="6.694354237988591">
        <ele>453.43</ele>
      </trkpt>
      <trkpt lat="47.907520020380616" lon="6.6932085156440735">
        <ele>452.5</ele>
      </trkpt>
      <trkpt lat="47.9073999915272" lon="6.692062793299556">
        <ele>451.41</ele>
      </trkpt>
      <trkpt lat="47.907280046492815" lon="6.690917070955038">
        <ele>450.35</ele>
      </trkpt>
      <trkpt lat="47.9071600176394" lon="6.68977134861052">
        <ele>449.36</ele>
      </trkpt>
      <trkpt lat="47.90703998878598" lon="6.688625626266003">
        <ele>448.16</ele>
      </trkpt>
      <trkpt lat="47.906919959932566" lon="6.687479987740517">
        <ele>447.05</ele>
      </trkpt>
      <trkpt lat="47.906874949112535" lon="6.686724945902824">
        <ele>445.94</ele>
      </trkpt>
      <trkpt lat="47.9068299382925" lon="6.685969987884164">
        <ele>444.71</ele>
      </trkpt>
      <trkpt lat="47.90681996382773" lon="6.68505996465683">
        <ele>443.63</ele>
      </trkpt>
      <trkpt lat="47.90683999657631" lon="6.683829920366406">
        <ele>442.47</ele>
      </trkpt>
      <trkpt lat="47.906919959932566" lon="6.682579927146435">
        <ele>441.3</ele>
      </trkpt>
      <trkpt lat="47.907044012099504" lon="6.6814299300313">
        <ele>440.04</ele>
      </trkpt>
      <trkpt lat="47.90716798044741" lon="6.680279932916164">
        <ele>438.88</ele>
      </trkpt>
      <trkpt lat="47.90729203261435" lon="6.679129935801029">
        <ele>437.69</ele>
      </trkpt>
      <trkpt lat="47.90741600096226" lon="6.677979938685894">
        <ele>436.87</ele>
      </trkpt>
      <trkpt lat="47.907539969310164" lon="6.676829941570759">
        <ele>436.33</ele>
      </trkpt>
      <trkpt lat="47.90771992877126" lon="6.675869962200522">
        <ele>434.93</ele>
      </trkpt>
      <trkpt lat="47.90797993540764" lon="6.674929931759834">
        <ele>434.04</ele>
      </trkpt>
      <trkpt lat="47.90819996036589" lon="6.67433992959559">
        <ele>433.3</ele>
      </trkpt>
      <trkpt lat="47.90851998142898" lon="6.67362998239696">
        <ele>432.54</ele>
      </trkpt>
      <trkpt lat="47.90891996584833" lon="6.672929925844073">
        <ele>431.75</ele>
      </trkpt>
      <trkpt lat="47.90928994305432" lon="6.672399938106537">
        <ele>431.06</ele>
      </trkpt>
      <trkpt lat="47.909689927473664" lon="6.671939939260483">
        <ele>430.44</ele>
      </trkpt>
      <trkpt lat="47.91032996959984" lon="6.6712514497339725">
        <ele>429.86</ele>
      </trkpt>
      <trkpt lat="47.91097001172602" lon="6.670562876388431">
        <ele>429.33</ele>
      </trkpt>
      <trkpt lat="47.91160997003317" lon="6.66987438686192">
        <ele>428.93</ele>
      </trkpt>
      <trkpt lat="47.91225001215935" lon="6.669185813516378">
        <ele>428.05</ele>
      </trkpt>
      <trkpt lat="47.912889970466495" lon="6.668497156351805">
        <ele>427.69</ele>
      </trkpt>
      <trkpt lat="47.91352992877364" lon="6.667808583006263">
        <ele>427.48</ele>
      </trkpt>
      <trkpt lat="47.91416997089982" lon="6.667119925841689">
        <ele>427.22</ele>
      </trkpt>
      <trkpt lat="47.914669951424" lon="6.667769942432642">
        <ele>427.07</ele>
      </trkpt>
      <trkpt lat="47.91481998749077" lon="6.667649997398257">
        <ele>427.03</ele>
      </trkpt>
      <trkpt lat="47.9152899608016" lon="6.667129984125495">
        <ele>427.71</ele>
      </trkpt>
    </trkseg>
  </trk>
</gpx>
