<?xml version="1.0" encoding="UTF-8"?>
<gpx creator="Garmin Connect" version="1.1"
  xsi:schemaLocation="http://www.topografix.com/GPX/1/1 http://www.topografix.com/GPX/11.xsd"
  xmlns:ns3="http://www.garmin.com/xmlschemas/TrackPointExtension/v1"
  xmlns="http://www.topografix.com/GPX/1/1"
  xmlns:xsi="http://www.w3.org/2001/XMLSchema-instance" xmlns:ns2="http://www.garmin.com/xmlschemas/GpxExtensions/v3">
  <metadata>
    <name>100 - Nancy</name>
    <link href="connect.garmin.com">
      <text>Garmin Connect</text>
    </link>
    <time>2026-05-16T12:51:51.000Z</time>
  </metadata>
  <trk>
    <name>100 - Nancy</name>
    <trkseg>
      <trkpt lat="48.6890853010118" lon="6.129789389669895">
        <ele>349.6</ele>
      </trkpt>
      <trkpt lat="48.68928009644151" lon="6.129736918956041">
        <ele>349.81</ele>
      </trkpt>
      <trkpt lat="48.68947505950928" lon="6.1296844482421875">
        <ele>350.07</ele>
      </trkpt>
      <trkpt lat="48.689517974853516" lon="6.129577159881592">
        <ele>350.33</ele>
      </trkpt>
      <trkpt lat="48.689485704526305" lon="6.1292005609720945">
        <ele>350.71</ele>
      </trkpt>
      <trkpt lat="48.68945368565619" lon="6.128826141357422">
        <ele>350.96</ele>
      </trkpt>
      <trkpt lat="48.68964672088623" lon="6.128793954849243">
        <ele>351.22</ele>
      </trkpt>
      <trkpt lat="48.6898398399353" lon="6.1287617683410645">
        <ele>351.39</ele>
      </trkpt>
      <trkpt lat="48.68994721211493" lon="6.1287617683410645">
        <ele>351.38</ele>
      </trkpt>
      <trkpt lat="48.69003304280341" lon="6.128783226013184">
        <ele>351.25</ele>
      </trkpt>
      <trkpt lat="48.69009733200073" lon="6.129062175750732">
        <ele>351.07</ele>
      </trkpt>
      <trkpt lat="48.690097415819764" lon="6.129190921783447">
        <ele>350.67</ele>
      </trkpt>
      <trkpt lat="48.68995760567486" lon="6.129588643088937">
        <ele>350.01</ele>
      </trkpt>
      <trkpt lat="48.689818382263184" lon="6.1299848556518555">
        <ele>348.94</ele>
      </trkpt>
      <trkpt lat="48.6897431127727" lon="6.130232121795416">
        <ele>347.9</ele>
      </trkpt>
      <trkpt lat="48.68966817855835" lon="6.130478382110596">
        <ele>346.76</ele>
      </trkpt>
      <trkpt lat="48.68958209641278" lon="6.130908541381359">
        <ele>345.45</ele>
      </trkpt>
      <trkpt lat="48.689496014267206" lon="6.131338784471154">
        <ele>343.97</ele>
      </trkpt>
      <trkpt lat="48.68941068649292" lon="6.131765842437744">
        <ele>342.56</ele>
      </trkpt>
      <trkpt lat="48.689324939623475" lon="6.132023334503174">
        <ele>341.13</ele>
      </trkpt>
      <trkpt lat="48.68932485580444" lon="6.132023334503174">
        <ele>339.78</ele>
      </trkpt>
      <trkpt lat="48.68927104398608" lon="6.132302954792976">
        <ele>338.38</ele>
      </trkpt>
      <trkpt lat="48.68921756744385" lon="6.1325812339782715">
        <ele>336.92</ele>
      </trkpt>
      <trkpt lat="48.68919619359076" lon="6.132688522338867">
        <ele>335.5</ele>
      </trkpt>
      <trkpt lat="48.68915327824652" lon="6.132903099060059">
        <ele>334.01</ele>
      </trkpt>
      <trkpt lat="48.689088905230165" lon="6.133246421813965">
        <ele>332.48</ele>
      </trkpt>
      <trkpt lat="48.689045989885926" lon="6.133418083190918">
        <ele>331.05</ele>
      </trkpt>
      <trkpt lat="48.6889885738492" lon="6.133726369589567">
        <ele>329.57</ele>
      </trkpt>
      <trkpt lat="48.688931157812476" lon="6.134034739807248">
        <ele>328.06</ele>
      </trkpt>
      <trkpt lat="48.68887424468994" lon="6.134340763092041">
        <ele>326.5</ele>
      </trkpt>
      <trkpt lat="48.68885278701782" lon="6.134469509124756">
        <ele>324.96</ele>
      </trkpt>
      <trkpt lat="48.68879897519946" lon="6.134706046432257">
        <ele>323.43</ele>
      </trkpt>
      <trkpt lat="48.68874549865723" lon="6.134941577911377">
        <ele>321.86</ele>
      </trkpt>
      <trkpt lat="48.68872404098511" lon="6.135199069976807">
        <ele>320.28</ele>
      </trkpt>
      <trkpt lat="48.68874549865723" lon="6.135413646697998">
        <ele>318.61</ele>
      </trkpt>
      <trkpt lat="48.688766956329346" lon="6.135735511779785">
        <ele>316.9</ele>
      </trkpt>
      <trkpt lat="48.6887884978205" lon="6.135950088500977">
        <ele>315.24</ele>
      </trkpt>
      <trkpt lat="48.688788414001465" lon="6.136271953582764">
        <ele>313.51</ele>
      </trkpt>
      <trkpt lat="48.688788414001465" lon="6.136465072631836">
        <ele>311.8</ele>
      </trkpt>
      <trkpt lat="48.688788414001465" lon="6.1367011070251465">
        <ele>310.01</ele>
      </trkpt>
      <trkpt lat="48.688766872510314" lon="6.13695926964283">
        <ele>308.13</ele>
      </trkpt>
      <trkpt lat="48.68874549865723" lon="6.137216091156006">
        <ele>306.27</ele>
      </trkpt>
      <trkpt lat="48.68868112564087" lon="6.137645244598389">
        <ele>304.37</ele>
      </trkpt>
      <trkpt lat="48.68861675262451" lon="6.137988567352295">
        <ele>302.49</ele>
      </trkpt>
      <trkpt lat="48.68853067047894" lon="6.138418726623058">
        <ele>300.59</ele>
      </trkpt>
      <trkpt lat="48.6884446721524" lon="6.138848969712853">
        <ele>298.67</ele>
      </trkpt>
      <trkpt lat="48.688359344378114" lon="6.139276027679443">
        <ele>296.6</ele>
      </trkpt>
      <trkpt lat="48.68830553255975" lon="6.139695541933179">
        <ele>294.76</ele>
      </trkpt>
      <trkpt lat="48.68825205601752" lon="6.14011287689209">
        <ele>292.92</ele>
      </trkpt>
      <trkpt lat="48.6882305983454" lon="6.140284538269043">
        <ele>291.14</ele>
      </trkpt>
      <trkpt lat="48.6881875153631" lon="6.140553429722786">
        <ele>289.27</ele>
      </trkpt>
      <trkpt lat="48.68814476765692" lon="6.1408209800720215">
        <ele>287.35</ele>
      </trkpt>
      <trkpt lat="48.68804795667529" lon="6.141251139342785">
        <ele>285.45</ele>
      </trkpt>
      <trkpt lat="48.68795164860785" lon="6.141679286956787">
        <ele>283.51</ele>
      </trkpt>
      <trkpt lat="48.68793019093573" lon="6.14185094833374">
        <ele>281.7</ele>
      </trkpt>
      <trkpt lat="48.68782256729901" lon="6.142238024622202">
        <ele>279.81</ele>
      </trkpt>
      <trkpt lat="48.68771553039551" lon="6.142623424530029">
        <ele>277.89</ele>
      </trkpt>
      <trkpt lat="48.687543869018555" lon="6.142676984891295">
        <ele>275.77</ele>
      </trkpt>
      <trkpt lat="48.6873722076416" lon="6.142730712890625">
        <ele>273.69</ele>
      </trkpt>
      <trkpt lat="48.687071884050965" lon="6.14260196685791">
        <ele>271.41</ele>
      </trkpt>
      <trkpt lat="48.68685722351074" lon="6.142516136169434">
        <ele>269.24</ele>
      </trkpt>
      <trkpt lat="48.68661037646234" lon="6.142365848645568">
        <ele>267.07</ele>
      </trkpt>
      <trkpt lat="48.686363697052" lon="6.142215728759766">
        <ele>264.91</ele>
      </trkpt>
      <trkpt lat="48.68620268069208" lon="6.142086898908019">
        <ele>262.84</ele>
      </trkpt>
      <trkpt lat="48.68604191578925" lon="6.141958236694336">
        <ele>260.84</ele>
      </trkpt>
      <trkpt lat="48.68589171208441" lon="6.141765117645264">
        <ele>258.86</ele>
      </trkpt>
      <trkpt lat="48.685805881395936" lon="6.141636371612549">
        <ele>256.95</ele>
      </trkpt>
      <trkpt lat="48.68578442372382" lon="6.1415934562683105">
        <ele>255.19</ele>
      </trkpt>
      <trkpt lat="48.68565542623401" lon="6.141346273943782">
        <ele>253.51</ele>
      </trkpt>
      <trkpt lat="48.685526847839355" lon="6.14109992980957">
        <ele>251.98</ele>
      </trkpt>
      <trkpt lat="48.68544110096991" lon="6.141207218170166">
        <ele>250.51</ele>
      </trkpt>
      <trkpt lat="48.68544101715088" lon="6.141207218170166">
        <ele>249.16</ele>
      </trkpt>
      <trkpt lat="48.68523339740932" lon="6.1414362117648125">
        <ele>247.81</ele>
      </trkpt>
      <trkpt lat="48.68502577766776" lon="6.141665289178491">
        <ele>246.54</ele>
      </trkpt>
      <trkpt lat="48.684818744659424" lon="6.1418938636779785">
        <ele>245.41</ele>
      </trkpt>
      <trkpt lat="48.68466854095459" lon="6.142086982727051">
        <ele>244.38</ele>
      </trkpt>
      <trkpt lat="48.684459161013365" lon="6.1422855500131845">
        <ele>243.38</ele>
      </trkpt>
      <trkpt lat="48.68424986489117" lon="6.14248420111835">
        <ele>242.48</ele>
      </trkpt>
      <trkpt lat="48.68404056876898" lon="6.142682768404484">
        <ele>241.63</ele>
      </trkpt>
      <trkpt lat="48.683831775560975" lon="6.142880916595459">
        <ele>240.87</ele>
      </trkpt>
      <trkpt lat="48.683788776397705" lon="6.142945289611816">
        <ele>240.22</ele>
      </trkpt>
      <trkpt lat="48.68362767621875" lon="6.143117034807801">
        <ele>239.63</ele>
      </trkpt>
      <trkpt lat="48.68346691131592" lon="6.143288612365723">
        <ele>239.14</ele>
      </trkpt>
      <trkpt lat="48.68338108062744" lon="6.143374443054199">
        <ele>238.72</ele>
      </trkpt>
      <trkpt lat="48.683173544704914" lon="6.14355331286788">
        <ele>238.36</ele>
      </trkpt>
      <trkpt lat="48.68296600878239" lon="6.1437321826815605">
        <ele>238.0</ele>
      </trkpt>
      <trkpt lat="48.682758808135986" lon="6.143910884857178">
        <ele>237.71</ele>
      </trkpt>
      <trkpt lat="48.68269443511963" lon="6.143953800201416">
        <ele>237.54</ele>
      </trkpt>
      <trkpt lat="48.68255487643182" lon="6.144071817398071">
        <ele>237.42</ele>
      </trkpt>
      <trkpt lat="48.68241556920111" lon="6.144189834594727">
        <ele>237.37</ele>
      </trkpt>
      <trkpt lat="48.682222282513976" lon="6.144318580627441">
        <ele>237.39</ele>
      </trkpt>
      <trkpt lat="48.682029247283936" lon="6.144447326660156">
        <ele>237.43</ele>
      </trkpt>
      <trkpt lat="48.68187912739813" lon="6.144468784332275">
        <ele>237.56</ele>
      </trkpt>
      <trkpt lat="48.68170738220215" lon="6.144404411315918">
        <ele>237.76</ele>
      </trkpt>
      <trkpt lat="48.68154636584222" lon="6.144275581464171">
        <ele>237.99</ele>
      </trkpt>
      <trkpt lat="48.68138551712036" lon="6.144146919250488">
        <ele>238.24</ele>
      </trkpt>
      <trkpt lat="48.681321144104004" lon="6.14410400390625">
        <ele>238.5</ele>
      </trkpt>
      <trkpt lat="48.68114956654608" lon="6.143975257873535">
        <ele>238.76</ele>
      </trkpt>
      <trkpt lat="48.68094555102289" lon="6.143803428858519">
        <ele>239.07</ele>
      </trkpt>
      <trkpt lat="48.68074187077582" lon="6.143631935119629">
        <ele>239.43</ele>
      </trkpt>
      <trkpt lat="48.68048437871039" lon="6.143438816070557">
        <ele>239.82</ele>
      </trkpt>
      <trkpt lat="48.68024826049805" lon="6.143310070037842">
        <ele>240.22</ele>
      </trkpt>
      <trkpt lat="48.680098140612245" lon="6.143310070037842">
        <ele>240.6</ele>
      </trkpt>
      <trkpt lat="48.67992639541626" lon="6.143342172726989">
        <ele>240.94</ele>
      </trkpt>
      <trkpt lat="48.67975473403931" lon="6.143374443054199">
        <ele>241.3</ele>
      </trkpt>
      <trkpt lat="48.67966898716986" lon="6.143245697021484">
        <ele>241.7</ele>
      </trkpt>
      <trkpt lat="48.67966890335083" lon="6.143245697021484">
        <ele>242.07</ele>
      </trkpt>
      <trkpt lat="48.67954024113715" lon="6.142945289611816">
        <ele>242.49</ele>
      </trkpt>
      <trkpt lat="48.67949732579291" lon="6.142880916595459">
        <ele>242.84</ele>
      </trkpt>
      <trkpt lat="48.67939003743231" lon="6.142666339874268">
        <ele>243.21</ele>
      </trkpt>
      <trkpt lat="48.67938995361328" lon="6.142666339874268">
        <ele>243.52</ele>
      </trkpt>
      <trkpt lat="48.67934703826904" lon="6.14260196685791">
        <ele>243.81</ele>
      </trkpt>
      <trkpt lat="48.679261207580566" lon="6.142473220825195">
        <ele>244.09</ele>
      </trkpt>
      <trkpt lat="48.6791214812547" lon="6.142236767336726">
        <ele>244.37</ele>
      </trkpt>
      <trkpt lat="48.67898225784302" lon="6.142001152038574">
        <ele>244.64</ele>
      </trkpt>
      <trkpt lat="48.67898234166205" lon="6.141915321350098">
        <ele>244.83</ele>
      </trkpt>
      <trkpt lat="48.67893934249878" lon="6.141786575317383">
        <ele>244.98</ele>
      </trkpt>
      <trkpt lat="48.67891796864569" lon="6.141636371612549">
        <ele>245.1</ele>
      </trkpt>
      <trkpt lat="48.678832054138184" lon="6.1415934562683105">
        <ele>245.16</ele>
      </trkpt>
      <trkpt lat="48.67876776494086" lon="6.141636371612549">
        <ele>245.13</ele>
      </trkpt>
      <trkpt lat="48.67874622344971" lon="6.1417436599731445">
        <ele>245.02</ele>
      </trkpt>
      <trkpt lat="48.678767681121826" lon="6.141829490661621">
        <ele>244.84</ele>
      </trkpt>
      <trkpt lat="48.67872476577759" lon="6.1418938636779785">
        <ele>244.64</ele>
      </trkpt>
      <trkpt lat="48.67861747741699" lon="6.142065525054932">
        <ele>244.29</ele>
      </trkpt>
      <trkpt lat="48.678574562072754" lon="6.142237186431885">
        <ele>243.94</ele>
      </trkpt>
      <trkpt lat="48.67858529090881" lon="6.142516890540719">
        <ele>243.53</ele>
      </trkpt>
      <trkpt lat="48.67859601974487" lon="6.142795085906982">
        <ele>243.11</ele>
      </trkpt>
      <trkpt lat="48.67856366559863" lon="6.143031707033515">
        <ele>242.7</ele>
      </trkpt>
      <trkpt lat="48.678531646728516" lon="6.1432671546936035">
        <ele>242.25</ele>
      </trkpt>
      <trkpt lat="48.678424106910825" lon="6.143482066690922">
        <ele>241.8</ele>
      </trkpt>
      <trkpt lat="48.678317070007324" lon="6.143696308135986">
        <ele>241.34</ele>
      </trkpt>
      <trkpt lat="48.67817751131952" lon="6.143857324495912">
        <ele>240.89</ele>
      </trkpt>
      <trkpt lat="48.67803820408881" lon="6.144018173217773">
        <ele>240.4</ele>
      </trkpt>
      <trkpt lat="48.678038120269775" lon="6.144018173217773">
        <ele>239.95</ele>
      </trkpt>
      <trkpt lat="48.67778071202338" lon="6.144275665283203">
        <ele>239.57</ele>
      </trkpt>
      <trkpt lat="48.67773779667914" lon="6.144318580627441">
        <ele>239.18</ele>
      </trkpt>
      <trkpt lat="48.67763042449951" lon="6.144447326660156">
        <ele>238.86</ele>
      </trkpt>
      <trkpt lat="48.67758750915527" lon="6.144447326660156">
        <ele>238.51</ele>
      </trkpt>
      <trkpt lat="48.6775016784668" lon="6.144533157348633">
        <ele>238.15</ele>
      </trkpt>
      <trkpt lat="48.67748022079468" lon="6.144576072692871">
        <ele>237.82</ele>
      </trkpt>
      <trkpt lat="48.67728718556464" lon="6.1447906494140625">
        <ele>237.48</ele>
      </trkpt>
      <trkpt lat="48.677287101745605" lon="6.1447906494140625">
        <ele>237.24</ele>
      </trkpt>
      <trkpt lat="48.677265644073486" lon="6.144812107086182">
        <ele>237.04</ele>
      </trkpt>
      <trkpt lat="48.67722272872925" lon="6.144812107086182">
        <ele>236.88</ele>
      </trkpt>
      <trkpt lat="48.67713689804077" lon="6.144919395446777">
        <ele>236.71</ele>
      </trkpt>
      <trkpt lat="48.67705115117133" lon="6.145005226135254">
        <ele>236.58</ele>
      </trkpt>
      <trkpt lat="48.6768364906311" lon="6.145176887512207">
        <ele>236.54</ele>
      </trkpt>
      <trkpt lat="48.6766863707453" lon="6.1452412605285645">
        <ele>236.65</ele>
      </trkpt>
      <trkpt lat="48.67668628692627" lon="6.1452412605285645">
        <ele>236.86</ele>
      </trkpt>
      <trkpt lat="48.6763858795166" lon="6.1451661586761475">
        <ele>237.12</ele>
      </trkpt>
      <trkpt lat="48.676085555925965" lon="6.1450910568237305">
        <ele>237.5</ele>
      </trkpt>
      <trkpt lat="48.67584943771362" lon="6.1450910568237305">
        <ele>238.01</ele>
      </trkpt>
      <trkpt lat="48.67565640248358" lon="6.145176887512207">
        <ele>238.62</ele>
      </trkpt>
      <trkpt lat="48.67547392845154" lon="6.145284175872803">
        <ele>239.34</ele>
      </trkpt>
      <trkpt lat="48.675291538238525" lon="6.145391464233398">
        <ele>240.16</ele>
      </trkpt>
      <trkpt lat="48.67511987686157" lon="6.145412921905518">
        <ele>241.06</ele>
      </trkpt>
      <trkpt lat="48.67496967315674" lon="6.145370006561279">
        <ele>242.07</ele>
      </trkpt>
      <trkpt lat="48.67474788799882" lon="6.14524838514626">
        <ele>243.24</ele>
      </trkpt>
      <trkpt lat="48.6745261028409" lon="6.145126763731241">
        <ele>244.48</ele>
      </trkpt>
      <trkpt lat="48.674304485321045" lon="6.145005226135254">
        <ele>245.82</ele>
      </trkpt>
      <trkpt lat="48.67411136627197" lon="6.145026683807373">
        <ele>247.23</ele>
      </trkpt>
      <trkpt lat="48.67398270405829" lon="6.145176887512207">
        <ele>248.61</ele>
      </trkpt>
      <trkpt lat="48.67398262023926" lon="6.145176887512207">
        <ele>249.95</ele>
      </trkpt>
      <trkpt lat="48.67389678955078" lon="6.145327091217041">
        <ele>251.33</ele>
      </trkpt>
      <trkpt lat="48.67378924973309" lon="6.145660355687141">
        <ele>252.72</ele>
      </trkpt>
      <trkpt lat="48.67368221282959" lon="6.145992279052734">
        <ele>254.17</ele>
      </trkpt>
      <trkpt lat="48.673532009124756" lon="6.146335601806641">
        <ele>255.72</ele>
      </trkpt>
      <trkpt lat="48.6733603477478" lon="6.146571636199951">
        <ele>257.27</ele>
      </trkpt>
      <trkpt lat="48.673131354153156" lon="6.1467361729592085">
        <ele>258.83</ele>
      </trkpt>
      <trkpt lat="48.67290236055851" lon="6.146900709718466">
        <ele>260.34</ele>
      </trkpt>
      <trkpt lat="48.67267370223999" lon="6.147065162658691">
        <ele>261.85</ele>
      </trkpt>
      <trkpt lat="48.672630870714784" lon="6.146872043609619">
        <ele>263.54</ele>
      </trkpt>
      <trkpt lat="48.672557696700096" lon="6.146501982584596">
        <ele>265.35</ele>
      </trkpt>
      <trkpt lat="48.67248452268541" lon="6.146132005378604">
        <ele>267.17</ele>
      </trkpt>
      <trkpt lat="48.67241143248975" lon="6.145762028172612">
        <ele>268.95</ele>
      </trkpt>
      <trkpt lat="48.672338258475065" lon="6.1453920509666204">
        <ele>270.76</ele>
      </trkpt>
      <trkpt lat="48.67226609028876" lon="6.145026683807373">
        <ele>272.56</ele>
      </trkpt>
      <trkpt lat="48.6722122784704" lon="6.144725438207388">
        <ele>274.34</ele>
      </trkpt>
      <trkpt lat="48.67215880192816" lon="6.144425868988037">
        <ele>276.05</ele>
      </trkpt>
      <trkpt lat="48.672094428911805" lon="6.144232749938965">
        <ele>277.74</ele>
      </trkpt>
      <trkpt lat="48.67200859822333" lon="6.143932342529297">
        <ele>279.44</ele>
      </trkpt>
      <trkpt lat="48.67192276753485" lon="6.143674850463867">
        <ele>281.13</ele>
      </trkpt>
      <trkpt lat="48.671858394518495" lon="6.1435675621032715">
        <ele>282.81</ele>
      </trkpt>
      <trkpt lat="48.671740125864744" lon="6.143395649269223">
        <ele>284.51</ele>
      </trkpt>
      <trkpt lat="48.67162227630615" lon="6.143224239349365">
        <ele>286.22</ele>
      </trkpt>
      <trkpt lat="48.67142924107611" lon="6.143031120300293">
        <ele>287.95</ele>
      </trkpt>
      <trkpt lat="48.67142915725708" lon="6.143031120300293">
        <ele>289.54</ele>
      </trkpt>
      <trkpt lat="48.6711932066828" lon="6.142773628234863">
        <ele>291.23</ele>
      </trkpt>
      <trkpt lat="48.67105356417596" lon="6.142590986564755">
        <ele>292.84</ele>
      </trkpt>
      <trkpt lat="48.67091425694525" lon="6.142408847808838">
        <ele>294.44</ele>
      </trkpt>
      <trkpt lat="48.67076405324042" lon="6.142172813415527">
        <ele>296.07</ele>
      </trkpt>
      <trkpt lat="48.67065676487982" lon="6.1420440673828125">
        <ele>297.65</ele>
      </trkpt>
      <trkpt lat="48.67065668106079" lon="6.1420440673828125">
        <ele>299.13</ele>
      </trkpt>
      <trkpt lat="48.670463310554624" lon="6.141764782369137">
        <ele>300.7</ele>
      </trkpt>
      <trkpt lat="48.67027044296265" lon="6.141486167907715">
        <ele>302.21</ele>
      </trkpt>
      <trkpt lat="48.67010389454663" lon="6.141206799075007">
        <ele>303.65</ele>
      </trkpt>
      <trkpt lat="48.66993734613061" lon="6.1409274302423">
        <ele>305.12</ele>
      </trkpt>
      <trkpt lat="48.66977088153362" lon="6.140648061409593">
        <ele>306.58</ele>
      </trkpt>
      <trkpt lat="48.669605338945985" lon="6.1403703689575195">
        <ele>308.0</ele>
      </trkpt>
      <trkpt lat="48.66944423876703" lon="6.140198539942503">
        <ele>309.43</ele>
      </trkpt>
      <trkpt lat="48.6692834738642" lon="6.140027046203613">
        <ele>310.85</ele>
      </trkpt>
      <trkpt lat="48.669283390045166" lon="6.140027046203613">
        <ele>312.19</ele>
      </trkpt>
      <trkpt lat="48.66907585412264" lon="6.139826634898782">
        <ele>313.61</ele>
      </trkpt>
      <trkpt lat="48.66886831820011" lon="6.13962622359395">
        <ele>314.98</ele>
      </trkpt>
      <trkpt lat="48.66866120137274" lon="6.139426231384277">
        <ele>316.32</ele>
      </trkpt>
      <trkpt lat="48.66863974370062" lon="6.139426231384277">
        <ele>317.64</ele>
      </trkpt>
      <trkpt lat="48.66846808232367" lon="6.139254570007324">
        <ele>319.01</ele>
      </trkpt>
      <trkpt lat="48.66844654083252" lon="6.139190196990967">
        <ele>320.32</ele>
      </trkpt>
      <trkpt lat="48.66838216781616" lon="6.139168739318848">
        <ele>321.66</ele>
      </trkpt>
      <trkpt lat="48.668317878618836" lon="6.13910436630249">
        <ele>323.0</ele>
      </trkpt>
      <trkpt lat="48.66806013509631" lon="6.138846622779965">
        <ele>324.43</ele>
      </trkpt>
      <trkpt lat="48.667802810668945" lon="6.138589382171631">
        <ele>325.83</ele>
      </trkpt>
      <trkpt lat="48.66760969161987" lon="6.138331890106201">
        <ele>327.23</ele>
      </trkpt>
      <trkpt lat="48.66745940409601" lon="6.138224517926574">
        <ele>328.62</ele>
      </trkpt>
      <trkpt lat="48.66730936802924" lon="6.13811731338501">
        <ele>330.01</ele>
      </trkpt>
      <trkpt lat="48.66708389483392" lon="6.137891840189695">
        <ele>331.4</ele>
      </trkpt>
      <trkpt lat="48.666858756914735" lon="6.137666702270508">
        <ele>332.78</ele>
      </trkpt>
      <trkpt lat="48.6668586730957" lon="6.137666702270508">
        <ele>334.1</ele>
      </trkpt>
      <trkpt lat="48.66667619906366" lon="6.137548601254821">
        <ele>335.47</ele>
      </trkpt>
      <trkpt lat="48.66649389266968" lon="6.137430667877197">
        <ele>336.83</ele>
      </trkpt>
      <trkpt lat="48.666343772783875" lon="6.137387752532959">
        <ele>338.23</ele>
      </trkpt>
      <trkpt lat="48.66605040617287" lon="6.137216007336974">
        <ele>339.71</ele>
      </trkpt>
      <trkpt lat="48.6657571233809" lon="6.137044345960021">
        <ele>341.11</ele>
      </trkpt>
      <trkpt lat="48.66546400822699" lon="6.1368727684021">
        <ele>342.46</ele>
      </trkpt>
      <trkpt lat="48.665292263031006" lon="6.136765480041504">
        <ele>343.78</ele>
      </trkpt>
      <trkpt lat="48.66527080535889" lon="6.136722564697266">
        <ele>345.03</ele>
      </trkpt>
      <trkpt lat="48.665099143981934" lon="6.13661527633667">
        <ele>346.33</ele>
      </trkpt>
      <trkpt lat="48.66488439962268" lon="6.136400531977415">
        <ele>347.67</ele>
      </trkpt>
      <trkpt lat="48.66466999053955" lon="6.136186122894287">
        <ele>348.97</ele>
      </trkpt>
      <trkpt lat="48.664512410759926" lon="6.135942544788122">
        <ele>350.17</ele>
      </trkpt>
      <trkpt lat="48.66435491479933" lon="6.135699050500989">
        <ele>351.33</ele>
      </trkpt>
      <trkpt lat="48.66419800557196" lon="6.135456562042236">
        <ele>352.46</ele>
      </trkpt>
      <trkpt lat="48.66415509022772" lon="6.135392189025879">
        <ele>353.6</ele>
      </trkpt>
      <trkpt lat="48.66398342885077" lon="6.13511323928833">
        <ele>354.73</ele>
      </trkpt>
      <trkpt lat="48.66384361870587" lon="6.134855328127742">
        <ele>355.83</ele>
      </trkpt>
      <trkpt lat="48.66370439529419" lon="6.134598255157471">
        <ele>356.92</ele>
      </trkpt>
      <trkpt lat="48.66350557655096" lon="6.134238252416253">
        <ele>358.01</ele>
      </trkpt>
      <trkpt lat="48.66330684162676" lon="6.1338782496750355">
        <ele>359.05</ele>
      </trkpt>
      <trkpt lat="48.663108022883534" lon="6.13351833075285">
        <ele>360.09</ele>
      </trkpt>
      <trkpt lat="48.66291054524481" lon="6.133160591125488">
        <ele>361.11</ele>
      </trkpt>
      <trkpt lat="48.6627817992121" lon="6.132946014404297">
        <ele>362.07</ele>
      </trkpt>
      <trkpt lat="48.662781715393066" lon="6.132946014404297">
        <ele>362.92</ele>
      </trkpt>
      <trkpt lat="48.66260980255902" lon="6.1326666455715895">
        <ele>363.79</ele>
      </trkpt>
      <trkpt lat="48.66243847645819" lon="6.132388114929199">
        <ele>364.58</ele>
      </trkpt>
      <trkpt lat="48.662212835624814" lon="6.1320658307522535">
        <ele>365.36</ele>
      </trkpt>
      <trkpt lat="48.66198778152466" lon="6.131744384765625">
        <ele>366.09</ele>
      </trkpt>
      <trkpt lat="48.66177320480347" lon="6.131401062011719">
        <ele>366.75</ele>
      </trkpt>
      <trkpt lat="48.66161554120481" lon="6.131024798378348">
        <ele>367.37</ele>
      </trkpt>
      <trkpt lat="48.66145787760615" lon="6.130648534744978">
        <ele>367.99</ele>
      </trkpt>
      <trkpt lat="48.6613002140075" lon="6.130272354930639">
        <ele>368.46</ele>
      </trkpt>
      <trkpt lat="48.66114255040884" lon="6.129896091297269">
        <ele>368.91</ele>
      </trkpt>
      <trkpt lat="48.66098488681018" lon="6.12951991148293">
        <ele>369.27</ele>
      </trkpt>
      <trkpt lat="48.660829067230225" lon="6.129148006439209">
        <ele>369.61</ele>
      </trkpt>
      <trkpt lat="48.660786151885986" lon="6.129083633422852">
        <ele>369.87</ele>
      </trkpt>
      <trkpt lat="48.66076469421387" lon="6.129040718078613">
        <ele>370.07</ele>
      </trkpt>
      <trkpt lat="48.66070032119751" lon="6.128997802734375">
        <ele>370.22</ele>
      </trkpt>
      <trkpt lat="48.66046437062323" lon="6.128890514373779">
        <ele>370.31</ele>
      </trkpt>
      <trkpt lat="48.66028189659119" lon="6.128826141357422">
        <ele>370.32</ele>
      </trkpt>
      <trkpt lat="48.660099506378174" lon="6.1287617683410645">
        <ele>370.26</ele>
      </trkpt>
      <trkpt lat="48.660099590197206" lon="6.1287617683410645">
        <ele>370.19</ele>
      </trkpt>
      <trkpt lat="48.659842098131776" lon="6.128683062270284">
        <ele>370.05</ele>
      </trkpt>
      <trkpt lat="48.659584606066346" lon="6.128604356199503">
        <ele>369.92</ele>
      </trkpt>
      <trkpt lat="48.65932711400092" lon="6.128525733947754">
        <ele>369.72</ele>
      </trkpt>
      <trkpt lat="48.65902662277222" lon="6.1284613609313965">
        <ele>369.42</ele>
      </trkpt>
      <trkpt lat="48.65900524891913" lon="6.128525733947754">
        <ele>369.14</ele>
      </trkpt>
      <trkpt lat="48.65900524891913" lon="6.12863302230835">
        <ele>368.84</ele>
      </trkpt>
      <trkpt lat="48.6590051651001" lon="6.12863302230835">
        <ele>368.53</ele>
      </trkpt>
      <trkpt lat="48.65900524891913" lon="6.128525733947754">
        <ele>369.14</ele>
      </trkpt>
      <trkpt lat="48.65902670659125" lon="6.1284613609313965">
        <ele>367.9</ele>
      </trkpt>
      <trkpt lat="48.658801401034" lon="6.128429174423218">
        <ele>367.47</ele>
      </trkpt>
      <trkpt lat="48.65857609547675" lon="6.128396987915039">
        <ele>367.04</ele>
      </trkpt>
      <trkpt lat="48.65841507911682" lon="6.128429090604186">
        <ele>366.63</ele>
      </trkpt>
      <trkpt lat="48.65825414657593" lon="6.1284613609313965">
        <ele>366.26</ele>
      </trkpt>
      <trkpt lat="48.65825423039496" lon="6.1284613609313965">
        <ele>365.92</ele>
      </trkpt>
      <trkpt lat="48.65799673832953" lon="6.128525650128722">
        <ele>365.58</ele>
      </trkpt>
      <trkpt lat="48.6577392462641" lon="6.128590106964111">
        <ele>365.25</ele>
      </trkpt>
      <trkpt lat="48.65756758488715" lon="6.128654479980469">
        <ele>364.94</ele>
      </trkpt>
      <trkpt lat="48.65740665234625" lon="6.128697311505675">
        <ele>364.63</ele>
      </trkpt>
      <trkpt lat="48.65724571980536" lon="6.128740310668945">
        <ele>364.36</ele>
      </trkpt>
      <trkpt lat="48.657038267701864" lon="6.128790350630879">
        <ele>364.16</ele>
      </trkpt>
      <trkpt lat="48.65683081559837" lon="6.1288403905928135">
        <ele>363.94</ele>
      </trkpt>
      <trkpt lat="48.65662336349487" lon="6.128890514373779">
        <ele>363.68</ele>
      </trkpt>
      <trkpt lat="48.65665202960372" lon="6.129206009209156">
        <ele>363.5</ele>
      </trkpt>
      <trkpt lat="48.656680695712566" lon="6.1295215878635645">
        <ele>363.36</ele>
      </trkpt>
      <trkpt lat="48.65670919418335" lon="6.1298346519470215">
        <ele>363.28</ele>
      </trkpt>
      <trkpt lat="48.65670927800238" lon="6.1298346519470215">
        <ele>363.17</ele>
      </trkpt>
      <trkpt lat="48.65674146451056" lon="6.130307978019118">
        <ele>363.16</ele>
      </trkpt>
      <trkpt lat="48.65677356719971" lon="6.130778789520264">
        <ele>363.1</ele>
      </trkpt>
      <trkpt lat="48.656709026545286" lon="6.131047597154975">
        <ele>363.09</ele>
      </trkpt>
      <trkpt lat="48.656644904986024" lon="6.131315231323242">
        <ele>363.14</ele>
      </trkpt>
      <trkpt lat="48.656515907496214" lon="6.131540788337588">
        <ele>363.13</ele>
      </trkpt>
      <trkpt lat="48.656387412920594" lon="6.131765842437744">
        <ele>363.1</ele>
      </trkpt>
      <trkpt lat="48.6561886779964" lon="6.132012773305178">
        <ele>363.15</ele>
      </trkpt>
      <trkpt lat="48.65599002689123" lon="6.132259787991643">
        <ele>363.2</ele>
      </trkpt>
      <trkpt lat="48.655791375786066" lon="6.132506802678108">
        <ele>363.22</ele>
      </trkpt>
      <trkpt lat="48.655593479052186" lon="6.132752895355225">
        <ele>363.23</ele>
      </trkpt>
      <trkpt lat="48.655593395233154" lon="6.132752895355225">
        <ele>363.29</ele>
      </trkpt>
      <trkpt lat="48.65536783821881" lon="6.133028492331505">
        <ele>363.35</ele>
      </trkpt>
      <trkpt lat="48.655142365023494" lon="6.133304173126817">
        <ele>363.45</ele>
      </trkpt>
      <trkpt lat="48.65491680800915" lon="6.133579770103097">
        <ele>363.58</ele>
      </trkpt>
      <trkpt lat="48.65469133481383" lon="6.133855450898409">
        <ele>363.65</ele>
      </trkpt>
      <trkpt lat="48.65446586161852" lon="6.134131047874689">
        <ele>363.75</ele>
      </trkpt>
      <trkpt lat="48.65424164570868" lon="6.134405136108398">
        <ele>363.92</ele>
      </trkpt>
      <trkpt lat="48.65424156188965" lon="6.134405136108398">
        <ele>364.1</ele>
      </trkpt>
      <trkpt lat="48.65410200320184" lon="6.134566152468324">
        <ele>364.31</ele>
      </trkpt>
      <trkpt lat="48.65396269597113" lon="6.1347270011901855">
        <ele>364.52</ele>
      </trkpt>
      <trkpt lat="48.65378365851939" lon="6.134948870167136">
        <ele>364.76</ele>
      </trkpt>
      <trkpt lat="48.653604704886675" lon="6.1351708229631186">
        <ele>364.98</ele>
      </trkpt>
      <trkpt lat="48.65342625416815" lon="6.135392189025879">
        <ele>365.25</ele>
      </trkpt>
      <trkpt lat="48.653361881151795" lon="6.1354780197143555">
        <ele>365.53</ele>
      </trkpt>
      <trkpt lat="48.65313632413745" lon="6.135757220908999">
        <ele>365.84</ele>
      </trkpt>
      <trkpt lat="48.6529107671231" lon="6.136036422103643">
        <ele>366.23</ele>
      </trkpt>
      <trkpt lat="48.65268529392779" lon="6.136315623298287">
        <ele>366.64</ele>
      </trkpt>
      <trkpt lat="48.65246065892279" lon="6.136593818664551">
        <ele>367.1</ele>
      </trkpt>
      <trkpt lat="48.65246057510376" lon="6.136593818664551">
        <ele>367.46</ele>
      </trkpt>
      <trkpt lat="48.65228866226971" lon="6.136808563023806">
        <ele>367.89</ele>
      </trkpt>
      <trkpt lat="48.65211725234985" lon="6.137022972106934">
        <ele>368.27</ele>
      </trkpt>
      <trkpt lat="48.651999067515135" lon="6.13720552995801">
        <ele>368.61</ele>
      </trkpt>
      <trkpt lat="48.65188121795654" lon="6.137387752532959">
        <ele>369.0</ele>
      </trkpt>
      <trkpt lat="48.65174149163067" lon="6.137677850201726">
        <ele>369.39</ele>
      </trkpt>
      <trkpt lat="48.651602268218994" lon="6.137967109680176">
        <ele>369.81</ele>
      </trkpt>
      <trkpt lat="48.65151618607342" lon="6.138203563168645">
        <ele>370.23</ele>
      </trkpt>
      <trkpt lat="48.65143060684204" lon="6.138439178466797">
        <ele>370.63</ele>
      </trkpt>
      <trkpt lat="48.65137679502368" lon="6.138686528429389">
        <ele>371.06</ele>
      </trkpt>
      <trkpt lat="48.651323318481445" lon="6.138932704925537">
        <ele>371.52</ele>
      </trkpt>
      <trkpt lat="48.65126590244472" lon="6.139269657433033">
        <ele>372.01</ele>
      </trkpt>
      <trkpt lat="48.65120857022703" lon="6.139606693759561">
        <ele>372.46</ele>
      </trkpt>
      <trkpt lat="48.651151740923524" lon="6.139941215515137">
        <ele>372.85</ele>
      </trkpt>
      <trkpt lat="48.651108825579286" lon="6.140263080596924">
        <ele>373.25</ele>
      </trkpt>
      <trkpt lat="48.651087284088135" lon="6.140521243214607">
        <ele>373.61</ele>
      </trkpt>
      <trkpt lat="48.65106591023505" lon="6.140778064727783">
        <ele>374.0</ele>
      </trkpt>
      <trkpt lat="48.65105149336159" lon="6.1411437671631575">
        <ele>374.38</ele>
      </trkpt>
      <trkpt lat="48.65103716030717" lon="6.141509553417563">
        <ele>374.81</ele>
      </trkpt>
      <trkpt lat="48.65102299489081" lon="6.141872406005859">
        <ele>375.24</ele>
      </trkpt>
      <trkpt lat="48.65102299489081" lon="6.142301559448242">
        <ele>375.69</ele>
      </trkpt>
      <trkpt lat="48.6510390881449" lon="6.142678074538708">
        <ele>376.07</ele>
      </trkpt>
      <trkpt lat="48.65105526521802" lon="6.143054589629173">
        <ele>376.46</ele>
      </trkpt>
      <trkpt lat="48.65107135847211" lon="6.143431104719639">
        <ele>376.83</ele>
      </trkpt>
      <trkpt lat="48.65108736790717" lon="6.143803596496582">
        <ele>377.25</ele>
      </trkpt>
      <trkpt lat="48.651087284088135" lon="6.143803596496582">
        <ele>377.59</ele>
      </trkpt>
      <trkpt lat="48.651098012924194" lon="6.144212381914258">
        <ele>377.92</ele>
      </trkpt>
      <trkpt lat="48.651108825579286" lon="6.144618988037109">
        <ele>378.16</ele>
      </trkpt>
      <trkpt lat="48.651108741760254" lon="6.144898692145944">
        <ele>378.46</ele>
      </trkpt>
      <trkpt lat="48.651108741760254" lon="6.145176887512207">
        <ele>378.75</ele>
      </trkpt>
      <trkpt lat="48.65107647143304" lon="6.14543505012989">
        <ele>379.01</ele>
      </trkpt>
      <trkpt lat="48.65104445256293" lon="6.145691871643066">
        <ele>379.26</ele>
      </trkpt>
      <trkpt lat="48.65102299489081" lon="6.1458420753479">
        <ele>379.52</ele>
      </trkpt>
      <trkpt lat="48.65095862187445" lon="6.146121025085449">
        <ele>379.77</ele>
      </trkpt>
      <trkpt lat="48.65089408122003" lon="6.14636829122901">
        <ele>380.06</ele>
      </trkpt>
      <trkpt lat="48.65082987584174" lon="6.1466145515441895">
        <ele>380.38</ele>
      </trkpt>
      <trkpt lat="48.65070104598999" lon="6.146893501281738">
        <ele>380.72</ele>
      </trkpt>
      <trkpt lat="48.65048655308783" lon="6.147000789642334">
        <ele>380.98</ele>
      </trkpt>
      <trkpt lat="48.6504864692688" lon="6.147000789642334">
        <ele>381.2</ele>
      </trkpt>
      <trkpt lat="48.65046509541571" lon="6.147000789642334">
        <ele>381.41</ele>
      </trkpt>
      <trkpt lat="48.6502290610224" lon="6.147022247314453">
        <ele>381.64</ele>
      </trkpt>
      <trkpt lat="48.65022897720337" lon="6.147022247314453">
        <ele>381.81</ele>
      </trkpt>
      <trkpt lat="48.6500358581543" lon="6.1468505859375">
        <ele>381.96</ele>
      </trkpt>
      <trkpt lat="48.649864280596375" lon="6.146636009216309">
        <ele>382.12</ele>
      </trkpt>
      <trkpt lat="48.64979990758002" lon="6.146550178527832">
        <ele>382.23</ele>
      </trkpt>
      <trkpt lat="48.64966018125415" lon="6.146302996203303">
        <ele>382.33</ele>
      </trkpt>
      <trkpt lat="48.64952087402344" lon="6.146056652069092">
        <ele>382.36</ele>
      </trkpt>
      <trkpt lat="48.64937041886151" lon="6.14578440785408">
        <ele>382.37</ele>
      </trkpt>
      <trkpt lat="48.64921996369958" lon="6.145512163639069">
        <ele>382.36</ele>
      </trkpt>
      <trkpt lat="48.649070262908936" lon="6.1452412605285645">
        <ele>382.31</ele>
      </trkpt>
      <trkpt lat="48.648908995091915" lon="6.144918808713555">
        <ele>382.23</ele>
      </trkpt>
      <trkpt lat="48.64874839782715" lon="6.14459753036499">
        <ele>382.14</ele>
      </trkpt>
      <trkpt lat="48.64858721382916" lon="6.144301984459162">
        <ele>382.02</ele>
      </trkpt>
      <trkpt lat="48.64842602983117" lon="6.144006522372365">
        <ele>381.84</ele>
      </trkpt>
      <trkpt lat="48.64826484583318" lon="6.1437109764665365">
        <ele>381.58</ele>
      </trkpt>
      <trkpt lat="48.648104667663574" lon="6.1434173583984375">
        <ele>381.26</ele>
      </trkpt>
      <trkpt lat="48.647932671010494" lon="6.14310035482049">
        <ele>380.97</ele>
      </trkpt>
      <trkpt lat="48.647760758176446" lon="6.142783351242542">
        <ele>380.64</ele>
      </trkpt>
      <trkpt lat="48.6475888453424" lon="6.142466347664595">
        <ele>380.22</ele>
      </trkpt>
      <trkpt lat="48.64741802215576" lon="6.142151355743408">
        <ele>379.78</ele>
      </trkpt>
      <trkpt lat="48.647353732958436" lon="6.1420440673828125">
        <ele>379.35</ele>
      </trkpt>
      <trkpt lat="48.647353649139404" lon="6.1420440673828125">
        <ele>378.89</ele>
      </trkpt>
      <trkpt lat="48.6473108176142" lon="6.141958236694336">
        <ele>378.4</ele>
      </trkpt>
      <trkpt lat="48.647160613909364" lon="6.141657829284668">
        <ele>377.92</ele>
      </trkpt>
      <trkpt lat="48.64705307409167" lon="6.141453646123409">
        <ele>377.38</ele>
      </trkpt>
      <trkpt lat="48.64694603718817" lon="6.141250133514404">
        <ele>376.8</ele>
      </trkpt>
      <trkpt lat="48.646764904260635" lon="6.14092156291008">
        <ele>376.23</ele>
      </trkpt>
      <trkpt lat="48.6465837713331" lon="6.140593076124787">
        <ele>375.69</ele>
      </trkpt>
      <trkpt lat="48.64640263840556" lon="6.140264589339495">
        <ele>375.11</ele>
      </trkpt>
      <trkpt lat="48.646221505478024" lon="6.139936102554202">
        <ele>374.42</ele>
      </trkpt>
      <trkpt lat="48.64604037255049" lon="6.1396076157689095">
        <ele>373.71</ele>
      </trkpt>
      <trkpt lat="48.64585923962295" lon="6.139279045164585">
        <ele>373.0</ele>
      </trkpt>
      <trkpt lat="48.64568003453314" lon="6.138954162597656">
        <ele>372.4</ele>
      </trkpt>
      <trkpt lat="48.64557274617255" lon="6.138739585876465">
        <ele>371.8</ele>
      </trkpt>
      <trkpt lat="48.64546537399292" lon="6.138567924499512">
        <ele>371.23</ele>
      </trkpt>
      <trkpt lat="48.64527225494385" lon="6.138331890106201">
        <ele>370.63</ele>
      </trkpt>
      <trkpt lat="48.64507921971381" lon="6.137967109680176">
        <ele>370.05</ele>
      </trkpt>
      <trkpt lat="48.64497176371515" lon="6.137784384191036">
        <ele>369.56</ele>
      </trkpt>
      <trkpt lat="48.644864642992616" lon="6.13760232925415">
        <ele>369.1</ele>
      </trkpt>
      <trkpt lat="48.644735645502806" lon="6.1373766884207726">
        <ele>368.65</ele>
      </trkpt>
      <trkpt lat="48.644607067108154" lon="6.137151718139648">
        <ele>368.19</ele>
      </trkpt>
      <trkpt lat="48.64449986256659" lon="6.137022972106934">
        <ele>367.79</ele>
      </trkpt>
      <trkpt lat="48.644306659698486" lon="6.136765480041504">
        <ele>367.35</ele>
      </trkpt>
      <trkpt lat="48.64408118650317" lon="6.136523829773068">
        <ele>366.99</ele>
      </trkpt>
      <trkpt lat="48.64385571330786" lon="6.136282263323665">
        <ele>366.77</ele>
      </trkpt>
      <trkpt lat="48.64363024011254" lon="6.136040696874261">
        <ele>366.67</ele>
      </trkpt>
      <trkpt lat="48.643405521288514" lon="6.135799884796143">
        <ele>366.63</ele>
      </trkpt>
      <trkpt lat="48.64344835281372" lon="6.135649681091309">
        <ele>366.63</ele>
      </trkpt>
      <trkpt lat="48.64344835281372" lon="6.135520935058594">
        <ele>366.69</ele>
      </trkpt>
      <trkpt lat="48.643341064453125" lon="6.135306358337402">
        <ele>366.81</ele>
      </trkpt>
      <trkpt lat="48.64319086074829" lon="6.135241985321045">
        <ele>366.98</ele>
      </trkpt>
      <trkpt lat="48.64304065704346" lon="6.13537073135376">
        <ele>367.21</ele>
      </trkpt>
      <trkpt lat="48.64301919937134" lon="6.135413646697998">
        <ele>367.5</ele>
      </trkpt>
      <trkpt lat="48.64276145584881" lon="6.135155903175473">
        <ele>367.88</ele>
      </trkpt>
      <trkpt lat="48.64250379614532" lon="6.13489824347198">
        <ele>368.31</ele>
      </trkpt>
      <trkpt lat="48.64224672317505" lon="6.134641170501709">
        <ele>368.71</ele>
      </trkpt>
      <trkpt lat="48.642002725973725" lon="6.1343971733003855">
        <ele>369.2</ele>
      </trkpt>
      <trkpt lat="48.64175881259143" lon="6.134153259918094">
        <ele>369.81</ele>
      </trkpt>
      <trkpt lat="48.64151489920914" lon="6.133909346535802">
        <ele>370.37</ele>
      </trkpt>
      <trkpt lat="48.64127098582685" lon="6.13366543315351">
        <ele>370.95</ele>
      </trkpt>
      <trkpt lat="48.64102707244456" lon="6.133421435952187">
        <ele>371.59</ele>
      </trkpt>
      <trkpt lat="48.64078416489065" lon="6.133178612217307">
        <ele>372.26</ele>
      </trkpt>
      <trkpt lat="48.640570091083646" lon="6.132964538410306">
        <ele>372.89</ele>
      </trkpt>
      <trkpt lat="48.640356017276645" lon="6.132750464603305">
        <ele>373.66</ele>
      </trkpt>
      <trkpt lat="48.640142027288675" lon="6.1325364746153355">
        <ele>374.44</ele>
      </trkpt>
      <trkpt lat="48.639927953481674" lon="6.132322400808334">
        <ele>375.22</ele>
      </trkpt>
      <trkpt lat="48.63971471786499" lon="6.13210916519165">
        <ele>375.99</ele>
      </trkpt>
      <trkpt lat="48.63947491161525" lon="6.131862150505185">
        <ele>376.75</ele>
      </trkpt>
      <trkpt lat="48.639235105365515" lon="6.131615219637752">
        <ele>377.45</ele>
      </trkpt>
      <trkpt lat="48.63899529911578" lon="6.131368288770318">
        <ele>378.04</ele>
      </trkpt>
      <trkpt lat="48.63875557668507" lon="6.1311213579028845">
        <ele>378.64</ele>
      </trkpt>
      <trkpt lat="48.63851577043533" lon="6.130874427035451">
        <ele>379.23</ele>
      </trkpt>
      <trkpt lat="48.63827705383301" lon="6.13062858581543">
        <ele>379.78</ele>
      </trkpt>
      <trkpt lat="48.63809457980096" lon="6.130446027964354">
        <ele>380.25</ele>
      </trkpt>
      <trkpt lat="48.637912357226014" lon="6.130263805389404">
        <ele>380.64</ele>
      </trkpt>
      <trkpt lat="48.637772714719176" lon="6.130113434046507">
        <ele>380.93</ele>
      </trkpt>
      <trkpt lat="48.637633323669434" lon="6.129963397979736">
        <ele>381.1</ele>
      </trkpt>
      <trkpt lat="48.6374831199646" lon="6.129813194274902">
        <ele>381.15</ele>
      </trkpt>
      <trkpt lat="48.637375831604004" lon="6.129727363586426">
        <ele>381.11</ele>
      </trkpt>
      <trkpt lat="48.637118423357606" lon="6.129469871520996">
        <ele>380.91</ele>
      </trkpt>
      <trkpt lat="48.63694659434259" lon="6.1292980425059795">
        <ele>380.64</ele>
      </trkpt>
      <trkpt lat="48.63677501678467" lon="6.12912654876709">
        <ele>380.28</ele>
      </trkpt>
      <trkpt lat="48.63653898239136" lon="6.129019260406494">
        <ele>379.79</ele>
      </trkpt>
      <trkpt lat="48.63641023635864" lon="6.128997802734375">
        <ele>379.23</ele>
      </trkpt>
      <trkpt lat="48.63623857498169" lon="6.129062175750732">
        <ele>378.56</ele>
      </trkpt>
      <trkpt lat="48.63602408207953" lon="6.129276752471924">
        <ele>377.76</ele>
      </trkpt>
      <trkpt lat="48.63595962524414" lon="6.1293840408325195">
        <ele>376.89</ele>
      </trkpt>
      <trkpt lat="48.63587354309857" lon="6.129620494320989">
        <ele>375.94</ele>
      </trkpt>
      <trkpt lat="48.63578796386719" lon="6.129856109619141">
        <ele>374.81</ele>
      </trkpt>
      <trkpt lat="48.63565175794065" lon="6.130275372415781">
        <ele>373.69</ele>
      </trkpt>
      <trkpt lat="48.63551555201411" lon="6.130694719031453">
        <ele>372.45</ele>
      </trkpt>
      <trkpt lat="48.635379346087575" lon="6.131114065647125">
        <ele>371.11</ele>
      </trkpt>
      <trkpt lat="48.63524314016104" lon="6.131533412262797">
        <ele>369.73</ele>
      </trkpt>
      <trkpt lat="48.63510701805353" lon="6.1319527588784695">
        <ele>368.2</ele>
      </trkpt>
      <trkpt lat="48.63497257232666" lon="6.13236665725708">
        <ele>366.63</ele>
      </trkpt>
      <trkpt lat="48.6349081993103" lon="6.132473945617676">
        <ele>364.96</ele>
      </trkpt>
      <trkpt lat="48.63477945327759" lon="6.132473945617676">
        <ele>363.13</ele>
      </trkpt>
      <trkpt lat="48.63469362258911" lon="6.13236665725708">
        <ele>361.21</ele>
      </trkpt>
      <trkpt lat="48.63467216491699" lon="6.132259368896484">
        <ele>359.23</ele>
      </trkpt>
      <trkpt lat="48.63471516408026" lon="6.131861312314868">
        <ele>357.05</ele>
      </trkpt>
      <trkpt lat="48.63475799560547" lon="6.131465435028076">
        <ele>354.85</ele>
      </trkpt>
      <trkpt lat="48.63477408885956" lon="6.1310135666280985">
        <ele>352.67</ele>
      </trkpt>
      <trkpt lat="48.63479026593268" lon="6.130561698228121">
        <ele>350.31</ele>
      </trkpt>
      <trkpt lat="48.63480635918677" lon="6.130109913647175">
        <ele>347.97</ele>
      </trkpt>
      <trkpt lat="48.634822368621826" lon="6.129662990570068">
        <ele>345.7</ele>
      </trkpt>
      <trkpt lat="48.63480091094971" lon="6.129190921783447">
        <ele>343.32</ele>
      </trkpt>
      <trkpt lat="48.634747099131346" lon="6.128900488838553">
        <ele>340.91</ele>
      </trkpt>
      <trkpt lat="48.63469362258911" lon="6.1286115646362305">
        <ele>338.53</ele>
      </trkpt>
      <trkpt lat="48.63459689542651" lon="6.128342757001519">
        <ele>336.09</ele>
      </trkpt>
      <trkpt lat="48.63450058735907" lon="6.128075122833252">
        <ele>333.65</ele>
      </trkpt>
      <trkpt lat="48.634393298998475" lon="6.127924919128418">
        <ele>331.21</ele>
      </trkpt>
      <trkpt lat="48.634135723114014" lon="6.127688884735107">
        <ele>328.7</ele>
      </trkpt>
      <trkpt lat="48.63394260406494" lon="6.12762451171875">
        <ele>326.25</ele>
      </trkpt>
      <trkpt lat="48.6337495688349" lon="6.127560138702393">
        <ele>323.85</ele>
      </trkpt>
      <trkpt lat="48.63346525467932" lon="6.127479672431946">
        <ele>321.39</ele>
      </trkpt>
      <trkpt lat="48.633180940523744" lon="6.127399206161499">
        <ele>319.04</ele>
      </trkpt>
      <trkpt lat="48.6328967101872" lon="6.127318739891052">
        <ele>316.72</ele>
      </trkpt>
      <trkpt lat="48.632612312212586" lon="6.1272382736206055">
        <ele>314.41</ele>
      </trkpt>
      <trkpt lat="48.632386922836304" lon="6.1271631717681885">
        <ele>312.14</ele>
      </trkpt>
      <trkpt lat="48.63216161727905" lon="6.1270880699157715">
        <ele>309.89</ele>
      </trkpt>
      <trkpt lat="48.63189331255853" lon="6.126873325556517">
        <ele>307.73</ele>
      </trkpt>
      <trkpt lat="48.631625259295106" lon="6.126658916473389">
        <ele>305.64</ele>
      </trkpt>
      <trkpt lat="48.63134974613786" lon="6.126454984769225">
        <ele>303.57</ele>
      </trkpt>
      <trkpt lat="48.63107423298061" lon="6.126251053065062">
        <ele>301.56</ele>
      </trkpt>
      <trkpt lat="48.63079871982336" lon="6.126047121360898">
        <ele>299.58</ele>
      </trkpt>
      <trkpt lat="48.630523290485144" lon="6.1258431896567345">
        <ele>297.7</ele>
      </trkpt>
      <trkpt lat="48.630247777327895" lon="6.125639257952571">
        <ele>295.94</ele>
      </trkpt>
      <trkpt lat="48.6299729347229" lon="6.125435829162598">
        <ele>294.25</ele>
      </trkpt>
      <trkpt lat="48.629801189526916" lon="6.1252962704747915">
        <ele>292.66</ele>
      </trkpt>
      <trkpt lat="48.629629611968994" lon="6.125156879425049">
        <ele>291.13</ele>
      </trkpt>
      <trkpt lat="48.62954378128052" lon="6.1251139640808105">
        <ele>289.68</ele>
      </trkpt>
      <trkpt lat="48.62954386509955" lon="6.1251139640808105">
        <ele>288.34</ele>
      </trkpt>
      <trkpt lat="48.629293413832784" lon="6.124942218884826">
        <ele>286.96</ele>
      </trkpt>
      <trkpt lat="48.62904296256602" lon="6.124770473688841">
        <ele>285.67</ele>
      </trkpt>
      <trkpt lat="48.62879284657538" lon="6.124598979949951">
        <ele>284.45</ele>
      </trkpt>
      <trkpt lat="48.628685558214784" lon="6.124534606933594">
        <ele>283.34</ele>
      </trkpt>
      <trkpt lat="48.6285138130188" lon="6.124427318572998">
        <ele>282.27</ele>
      </trkpt>
      <trkpt lat="48.628428066149354" lon="6.124298572540283">
        <ele>281.26</ele>
      </trkpt>
      <trkpt lat="48.628363693133" lon="6.124169826507568">
        <ele>280.29</ele>
      </trkpt>
      <trkpt lat="48.62829932011664" lon="6.123933792114258">
        <ele>279.39</ele>
      </trkpt>
      <trkpt lat="48.62818096764386" lon="6.123568173497915">
        <ele>278.55</ele>
      </trkpt>
      <trkpt lat="48.6280632019043" lon="6.123204231262207">
        <ele>277.69</ele>
      </trkpt>
      <trkpt lat="48.62806328572333" lon="6.123204231262207">
        <ele>276.9</ele>
      </trkpt>
      <trkpt lat="48.62804182805121" lon="6.123096942901611">
        <ele>276.09</ele>
      </trkpt>
      <trkpt lat="48.62797745503485" lon="6.122903823852539">
        <ele>275.29</ele>
      </trkpt>
      <trkpt lat="48.62795599736273" lon="6.122796535491943">
        <ele>274.53</ele>
      </trkpt>
      <trkpt lat="48.62782691605389" lon="6.122387917712331">
        <ele>273.73</ele>
      </trkpt>
      <trkpt lat="48.62769842147827" lon="6.121981143951416">
        <ele>272.98</ele>
      </trkpt>
      <trkpt lat="48.62760161049664" lon="6.121593983843923">
        <ele>272.25</ele>
      </trkpt>
      <trkpt lat="48.6275053024292" lon="6.121208667755127">
        <ele>271.5</ele>
      </trkpt>
      <trkpt lat="48.62740849144757" lon="6.120950588956475">
        <ele>270.81</ele>
      </trkpt>
      <trkpt lat="48.62731218338013" lon="6.120693683624268">
        <ele>270.13</ele>
      </trkpt>
      <trkpt lat="48.62710037268698" lon="6.120352875441313">
        <ele>269.41</ele>
      </trkpt>
      <trkpt lat="48.62688856199384" lon="6.12001215107739">
        <ele>268.73</ele>
      </trkpt>
      <trkpt lat="48.62667675130069" lon="6.119671426713467">
        <ele>268.09</ele>
      </trkpt>
      <trkpt lat="48.62646502442658" lon="6.119330702349544">
        <ele>267.46</ele>
      </trkpt>
      <trkpt lat="48.626253213733435" lon="6.1189899779856205">
        <ele>266.79</ele>
      </trkpt>
      <trkpt lat="48.62604140304029" lon="6.118649337440729">
        <ele>266.11</ele>
      </trkpt>
      <trkpt lat="48.62583168782294" lon="6.118311882019043">
        <ele>265.37</ele>
      </trkpt>
      <trkpt lat="48.62565256655216" lon="6.11802538856864">
        <ele>264.66</ele>
      </trkpt>
      <trkpt lat="48.62547352910042" lon="6.1177388951182365">
        <ele>264.0</ele>
      </trkpt>
      <trkpt lat="48.62529524601996" lon="6.117453575134277">
        <ele>263.32</ele>
      </trkpt>
      <trkpt lat="48.62510212697089" lon="6.11713171005249">
        <ele>262.65</ele>
      </trkpt>
      <trkpt lat="48.62490330822766" lon="6.116820154711604">
        <ele>262.01</ele>
      </trkpt>
      <trkpt lat="48.62470457330346" lon="6.116508599370718">
        <ele>261.37</ele>
      </trkpt>
      <trkpt lat="48.624505838379264" lon="6.116197044029832">
        <ele>260.68</ele>
      </trkpt>
      <trkpt lat="48.62430819310248" lon="6.11588716506958">
        <ele>260.02</ele>
      </trkpt>
      <trkpt lat="48.62422227859497" lon="6.115758419036865">
        <ele>259.33</ele>
      </trkpt>
      <trkpt lat="48.624222362414" lon="6.115758419036865">
        <ele>258.67</ele>
      </trkpt>
      <trkpt lat="48.62411482259631" lon="6.115575693547726">
        <ele>257.95</ele>
      </trkpt>
      <trkpt lat="48.62400770187378" lon="6.11539363861084">
        <ele>257.23</ele>
      </trkpt>
      <trkpt lat="48.623857498168945" lon="6.114985942840576">
        <ele>256.48</ele>
      </trkpt>
      <trkpt lat="48.62381081096828" lon="6.114552011713386">
        <ele>255.78</ele>
      </trkpt>
      <trkpt lat="48.623764207586646" lon="6.114118164405227">
        <ele>255.08</ele>
      </trkpt>
      <trkpt lat="48.62371760420501" lon="6.113684233278036">
        <ele>254.36</ele>
      </trkpt>
      <trkpt lat="48.62367100082338" lon="6.113250385969877">
        <ele>253.68</ele>
      </trkpt>
      <trkpt lat="48.623624397441745" lon="6.112816538661718">
        <ele>252.96</ele>
      </trkpt>
      <trkpt lat="48.6235785484314" lon="6.11238956451416">
        <ele>252.16</ele>
      </trkpt>
      <trkpt lat="48.62353554926813" lon="6.112142130732536">
        <ele>251.42</ele>
      </trkpt>
      <trkpt lat="48.62349280156195" lon="6.11189603805542">
        <ele>250.74</ele>
      </trkpt>
      <trkpt lat="48.62344988621771" lon="6.111724376678467">
        <ele>250.08</ele>
      </trkpt>
      <trkpt lat="48.623321140185" lon="6.111445426940918">
        <ele>249.41</ele>
      </trkpt>
      <trkpt lat="48.62320287153125" lon="6.111187431961298">
        <ele>248.74</ele>
      </trkpt>
      <trkpt lat="48.623085021972656" lon="6.110930442810059">
        <ele>248.11</ele>
      </trkpt>
      <trkpt lat="48.62308510579169" lon="6.110930442810059">
        <ele>247.5</ele>
      </trkpt>
      <trkpt lat="48.622920317575336" lon="6.110593657940626">
        <ele>246.92</ele>
      </trkpt>
      <trkpt lat="48.62275552935898" lon="6.110256956890225">
        <ele>246.3</ele>
      </trkpt>
      <trkpt lat="48.62259157933295" lon="6.109921932220459">
        <ele>245.68</ele>
      </trkpt>
      <trkpt lat="48.62241958267987" lon="6.10955648124218">
        <ele>245.1</ele>
      </trkpt>
      <trkpt lat="48.62224825657904" lon="6.109192371368408">
        <ele>244.57</ele>
      </trkpt>
      <trkpt lat="48.62208338454366" lon="6.108848378062248">
        <ele>244.02</ele>
      </trkpt>
      <trkpt lat="48.621918596327305" lon="6.10850446857512">
        <ele>243.39</ele>
      </trkpt>
      <trkpt lat="48.6217547301203" lon="6.1081624031066895">
        <ele>242.81</ele>
      </trkpt>
      <trkpt lat="48.62171181477606" lon="6.108076572418213">
        <ele>242.26</ele>
      </trkpt>
      <trkpt lat="48.62153981812298" lon="6.107711121439934">
        <ele>241.74</ele>
      </trkpt>
      <trkpt lat="48.62136849202216" lon="6.107347011566162">
        <ele>241.21</ele>
      </trkpt>
      <trkpt lat="48.62123966217041" lon="6.107046604156494">
        <ele>240.73</ele>
      </trkpt>
      <trkpt lat="48.62111074849963" lon="6.106874691322446">
        <ele>240.23</ele>
      </trkpt>
      <trkpt lat="48.62098217010498" lon="6.106703281402588">
        <ele>239.72</ele>
      </trkpt>
      <trkpt lat="48.62072987481952" lon="6.106483172625303">
        <ele>239.19</ele>
      </trkpt>
      <trkpt lat="48.620477663353086" lon="6.10626314766705">
        <ele>238.63</ele>
      </trkpt>
      <trkpt lat="48.620225451886654" lon="6.106043038889766">
        <ele>238.05</ele>
      </trkpt>
      <trkpt lat="48.61997374333441" lon="6.105823516845703">
        <ele>237.41</ele>
      </trkpt>
      <trkpt lat="48.61972681246698" lon="6.105630313977599">
        <ele>236.75</ele>
      </trkpt>
      <trkpt lat="48.61948013305664" lon="6.105437278747559">
        <ele>236.1</ele>
      </trkpt>
      <trkpt lat="48.61924409866333" lon="6.105351448059082">
        <ele>235.47</ele>
      </trkpt>
      <trkpt lat="48.61900814808905" lon="6.1052656173706055">
        <ele>234.88</ele>
      </trkpt>
      <trkpt lat="48.61881502903998" lon="6.105244159698486">
        <ele>234.28</ele>
      </trkpt>
      <trkpt lat="48.618654096499085" lon="6.105254804715514">
        <ele>233.67</ele>
      </trkpt>
      <trkpt lat="48.61849316395819" lon="6.1052656173706055">
        <ele>233.05</ele>
      </trkpt>
      <trkpt lat="48.61828931607306" lon="6.105265533551574">
        <ele>232.44</ele>
      </trkpt>
      <trkpt lat="48.6180853843689" lon="6.1052656173706055">
        <ele>231.85</ele>
      </trkpt>
      <trkpt lat="48.61780643463135" lon="6.105201244354248">
        <ele>231.18</ele>
      </trkpt>
      <trkpt lat="48.6175274848938" lon="6.105136871337891">
        <ele>230.58</ele>
      </trkpt>
      <trkpt lat="48.61752756871283" lon="6.105136871337891">
        <ele>230.05</ele>
      </trkpt>
      <trkpt lat="48.6172772012651" lon="6.105072498321533">
        <ele>229.5</ele>
      </trkpt>
      <trkpt lat="48.61702683381736" lon="6.105008125305176">
        <ele>229.0</ele>
      </trkpt>
      <trkpt lat="48.61677646636963" lon="6.104943752288818">
        <ele>228.48</ele>
      </trkpt>
      <trkpt lat="48.616604804992676" lon="6.1048901081085205">
        <ele>227.99</ele>
      </trkpt>
      <trkpt lat="48.61643314361572" lon="6.104836463928223">
        <ele>227.52</ele>
      </trkpt>
      <trkpt lat="48.61645460128784" lon="6.104578971862793">
        <ele>227.07</ele>
      </trkpt>
      <trkpt lat="48.61645468510687" lon="6.104578971862793">
        <ele>226.62</ele>
      </trkpt>
      <trkpt lat="48.61647614277899" lon="6.104266913607717">
        <ele>226.21</ele>
      </trkpt>
      <trkpt lat="48.61649751663208" lon="6.103956699371338">
        <ele>225.76</ele>
      </trkpt>
      <trkpt lat="48.61651905812323" lon="6.103785037994385">
        <ele>225.3</ele>
      </trkpt>
      <trkpt lat="48.61654051579535" lon="6.1034837923944">
        <ele>224.84</ele>
      </trkpt>
      <trkpt lat="48.61656188964844" lon="6.103184223175049">
        <ele>224.41</ele>
      </trkpt>
      <trkpt lat="48.61654034815729" lon="6.102882977575064">
        <ele>224.0</ele>
      </trkpt>
      <trkpt lat="48.61651905812323" lon="6.102583408355713">
        <ele>223.6</ele>
      </trkpt>
      <trkpt lat="48.61651905812323" lon="6.1025190353393555">
        <ele>223.2</ele>
      </trkpt>
      <trkpt lat="48.61647597514093" lon="6.102067166939378">
        <ele>222.76</ele>
      </trkpt>
      <trkpt lat="48.616433227434754" lon="6.101617813110352">
        <ele>222.33</ele>
      </trkpt>
      <trkpt lat="48.61642241477966" lon="6.101370379328728">
        <ele>221.99</ele>
      </trkpt>
      <trkpt lat="48.616411769762635" lon="6.101124286651611">
        <ele>221.61</ele>
      </trkpt>
      <trkpt lat="48.61636156216264" lon="6.100772833451629">
        <ele>221.23</ele>
      </trkpt>
      <trkpt lat="48.61631135456264" lon="6.100421464070678">
        <ele>220.87</ele>
      </trkpt>
      <trkpt lat="48.6162615660578" lon="6.100072860717773">
        <ele>220.48</ele>
      </trkpt>
      <trkpt lat="48.61624010838568" lon="6.0997724533081055">
        <ele>220.12</ele>
      </trkpt>
      <trkpt lat="48.61624002456665" lon="6.099557876586914">
        <ele>219.77</ele>
      </trkpt>
      <trkpt lat="48.61626148223877" lon="6.099127549678087">
        <ele>219.46</ele>
      </trkpt>
      <trkpt lat="48.61628293991089" lon="6.098699569702148">
        <ele>219.17</ele>
      </trkpt>
      <trkpt lat="48.61630448140204" lon="6.0984206199646">
        <ele>218.84</ele>
      </trkpt>
      <trkpt lat="48.61632828600705" lon="6.098033040761948">
        <ele>218.52</ele>
      </trkpt>
      <trkpt lat="48.616352090612054" lon="6.097645461559296">
        <ele>218.2</ele>
      </trkpt>
      <trkpt lat="48.616375727579" lon="6.097261067479849">
        <ele>217.93</ele>
      </trkpt>
      <trkpt lat="48.616390228271484" lon="6.0970258712768555">
        <ele>217.67</ele>
      </trkpt>
      <trkpt lat="48.616444040089846" lon="6.0966170858591795">
        <ele>217.43</ele>
      </trkpt>
      <trkpt lat="48.61649760045111" lon="6.096210479736328">
        <ele>217.22</ele>
      </trkpt>
      <trkpt lat="48.61657286994159" lon="6.095812506973743">
        <ele>217.04</ele>
      </trkpt>
      <trkpt lat="48.616647804155946" lon="6.09541654586792">
        <ele>216.85</ele>
      </trkpt>
      <trkpt lat="48.616690719500184" lon="6.0951583832502365">
        <ele>216.69</ele>
      </trkpt>
      <trkpt lat="48.61673355102539" lon="6.0949015617370605">
        <ele>216.54</ele>
      </trkpt>
      <trkpt lat="48.61675500869751" lon="6.094568045809865">
        <ele>216.45</ele>
      </trkpt>
      <trkpt lat="48.61677646636963" lon="6.094236373901367">
        <ele>216.36</ele>
      </trkpt>
      <trkpt lat="48.61677655018866" lon="6.094236373901367">
        <ele>216.3</ele>
      </trkpt>
      <trkpt lat="48.616783674806356" lon="6.093856254592538">
        <ele>216.32</ele>
      </trkpt>
      <trkpt lat="48.61679079942405" lon="6.093476135283709">
        <ele>216.3</ele>
      </trkpt>
      <trkpt lat="48.61679792404175" lon="6.093099117279053">
        <ele>216.28</ele>
      </trkpt>
      <trkpt lat="48.61671209335327" lon="6.092777252197266">
        <ele>216.35</ele>
      </trkpt>
      <trkpt lat="48.61667973920703" lon="6.0925190057605505">
        <ele>216.48</ele>
      </trkpt>
      <trkpt lat="48.616647720336914" lon="6.092262268066406">
        <ele>216.68</ele>
      </trkpt>
      <trkpt lat="48.616647720336914" lon="6.092004776000977">
        <ele>216.93</ele>
      </trkpt>
      <trkpt lat="48.61673355102539" lon="6.091639995574951">
        <ele>217.23</ele>
      </trkpt>
      <trkpt lat="48.616840839385986" lon="6.0913825035095215">
        <ele>217.58</ele>
      </trkpt>
      <trkpt lat="48.61692667007446" lon="6.091275215148926">
        <ele>217.98</ele>
      </trkpt>
      <trkpt lat="48.616948211565614" lon="6.091275215148926">
        <ele>218.46</ele>
      </trkpt>
      <trkpt lat="48.61705549992621" lon="6.091125011444092">
        <ele>218.98</ele>
      </trkpt>
      <trkpt lat="48.617098331451416" lon="6.091017723083496">
        <ele>219.6</ele>
      </trkpt>
      <trkpt lat="48.617184245958924" lon="6.0909104347229">
        <ele>220.29</ele>
      </trkpt>
      <trkpt lat="48.61729145050049" lon="6.090803146362305">
        <ele>221.04</ele>
      </trkpt>
      <trkpt lat="48.617491694167256" lon="6.090695774182677">
        <ele>221.91</ele>
      </trkpt>
      <trkpt lat="48.617692021653056" lon="6.090588485822082">
        <ele>222.85</ele>
      </trkpt>
      <trkpt lat="48.617892349138856" lon="6.090481281280518">
        <ele>223.85</ele>
      </trkpt>
      <trkpt lat="48.618171298876405" lon="6.090352451428771">
        <ele>224.9</ele>
      </trkpt>
      <trkpt lat="48.618450248613954" lon="6.090223789215088">
        <ele>226.13</ele>
      </trkpt>
      <trkpt lat="48.61851462163031" lon="6.090202331542969">
        <ele>227.31</ele>
      </trkpt>
      <trkpt lat="48.6187397595495" lon="6.09018087387085">
        <ele>228.6</ele>
      </trkpt>
      <trkpt lat="48.61896514892578" lon="6.0901594161987305">
        <ele>229.95</ele>
      </trkpt>
      <trkpt lat="48.61920109950006" lon="6.090148687362671">
        <ele>231.32</ele>
      </trkpt>
      <trkpt lat="48.6194372177124" lon="6.090137958526611">
        <ele>232.79</ele>
      </trkpt>
      <trkpt lat="48.61969470977783" lon="6.090052127838135">
        <ele>234.34</ele>
      </trkpt>
      <trkpt lat="48.619694793596864" lon="6.090052127838135">
        <ele>235.83</ele>
      </trkpt>
      <trkpt lat="48.61995588988066" lon="6.089894715696573">
        <ele>237.45</ele>
      </trkpt>
      <trkpt lat="48.62021698616445" lon="6.089737303555012">
        <ele>239.14</ele>
      </trkpt>
      <trkpt lat="48.620478082448244" lon="6.089579975232482">
        <ele>240.85</ele>
      </trkpt>
      <trkpt lat="48.62073917873204" lon="6.0894225630909204">
        <ele>242.67</ele>
      </trkpt>
      <trkpt lat="48.62100027501583" lon="6.089265150949359">
        <ele>244.46</ele>
      </trkpt>
      <trkpt lat="48.62126111984253" lon="6.089107990264893">
        <ele>246.27</ele>
      </trkpt>
      <trkpt lat="48.62141132354736" lon="6.088979244232178">
        <ele>248.01</ele>
      </trkpt>
      <trkpt lat="48.621611734852195" lon="6.088714292272925">
        <ele>249.82</ele>
      </trkpt>
      <trkpt lat="48.62181222997606" lon="6.088449340313673">
        <ele>251.61</ele>
      </trkpt>
      <trkpt lat="48.6220121383667" lon="6.0881853103637695">
        <ele>253.35</ele>
      </trkpt>
      <trkpt lat="48.62201222218573" lon="6.0881853103637695">
        <ele>255.07</ele>
      </trkpt>
      <trkpt lat="48.62220525741577" lon="6.087949275970459">
        <ele>256.78</ele>
      </trkpt>
      <trkpt lat="48.6223126295954" lon="6.087799072265625">
        <ele>258.5</ele>
      </trkpt>
      <trkpt lat="48.622398460283875" lon="6.087627410888672">
        <ele>260.24</ele>
      </trkpt>
      <trkpt lat="48.622522093355656" lon="6.0872564278542995">
        <ele>262.02</ele>
      </trkpt>
      <trkpt lat="48.622645726427436" lon="6.086885528638959">
        <ele>263.86</ele>
      </trkpt>
      <trkpt lat="48.622769359499216" lon="6.086514545604587">
        <ele>265.72</ele>
      </trkpt>
      <trkpt lat="48.622891986742616" lon="6.086146831512451">
        <ele>267.65</ele>
      </trkpt>
      <trkpt lat="48.62297781743109" lon="6.085867881774902">
        <ele>269.58</ele>
      </trkpt>
      <trkpt lat="48.62306364811957" lon="6.085631847381592">
        <ele>271.52</ele>
      </trkpt>
      <trkpt lat="48.62318543717265" lon="6.085273437201977">
        <ele>273.51</ele>
      </trkpt>
      <trkpt lat="48.623307226225734" lon="6.084915027022362">
        <ele>275.5</ele>
      </trkpt>
      <trkpt lat="48.62342834472656" lon="6.084558963775635">
        <ele>277.56</ele>
      </trkpt>
      <trkpt lat="48.62353563308716" lon="6.084280014038086">
        <ele>279.66</ele>
      </trkpt>
      <trkpt lat="48.62360008992255" lon="6.0842156410217285">
        <ele>281.72</ele>
      </trkpt>
      <trkpt lat="48.62372875213623" lon="6.08417272567749">
        <ele>283.85</ele>
      </trkpt>
      <trkpt lat="48.62377166748047" lon="6.084043979644775">
        <ele>285.92</ele>
      </trkpt>
      <trkpt lat="48.62385758198798" lon="6.083657741546631">
        <ele>288.06</ele>
      </trkpt>
      <trkpt lat="48.62396487034857" lon="6.083528995513916">
        <ele>290.2</ele>
      </trkpt>
      <trkpt lat="48.62400770187378" lon="6.083507537841797">
        <ele>292.35</ele>
      </trkpt>
      <trkpt lat="48.62414734438062" lon="6.083679283037782">
        <ele>294.59</ele>
      </trkpt>
      <trkpt lat="48.62428673543036" lon="6.083850860595703">
        <ele>296.9</ele>
      </trkpt>
      <trkpt lat="48.624436939135194" lon="6.083979606628418">
        <ele>299.26</ele>
      </trkpt>
      <trkpt lat="48.624587059020996" lon="6.084108352661133">
        <ele>301.64</ele>
      </trkpt>
      <trkpt lat="48.62465143203735" lon="6.0842156410217285">
        <ele>303.96</ele>
      </trkpt>
      <trkpt lat="48.624930465593934" lon="6.084344387054443">
        <ele>306.45</ele>
      </trkpt>
      <trkpt lat="48.625145042315125" lon="6.08443021774292">
        <ele>308.89</ele>
      </trkpt>
      <trkpt lat="48.6253381613642" lon="6.084537506103516">
        <ele>311.31</ele>
      </trkpt>
      <trkpt lat="48.62555265426636" lon="6.084580337628722">
        <ele>313.74</ele>
      </trkpt>
      <trkpt lat="48.62576723098755" lon="6.084623336791992">
        <ele>316.19</ele>
      </trkpt>
      <trkpt lat="48.62602472305298" lon="6.084623336791992">
        <ele>318.7</ele>
      </trkpt>
      <trkpt lat="48.62628229893744" lon="6.084430133923888">
        <ele>321.16</ele>
      </trkpt>
      <trkpt lat="48.62653970718384" lon="6.084237098693848">
        <ele>323.53</ele>
      </trkpt>
      <trkpt lat="48.6267005559057" lon="6.084194183349609">
        <ele>325.84</ele>
      </trkpt>
      <trkpt lat="48.626861572265625" lon="6.084151268005371">
        <ele>328.17</ele>
      </trkpt>
      <trkpt lat="48.627162063494325" lon="6.084108352661133">
        <ele>330.55</ele>
      </trkpt>
      <trkpt lat="48.62742483615875" lon="6.083984887227416">
        <ele>332.87</ele>
      </trkpt>
      <trkpt lat="48.62768769264221" lon="6.083861505612731">
        <ele>335.16</ele>
      </trkpt>
      <trkpt lat="48.62795054912567" lon="6.083738123998046">
        <ele>337.46</ele>
      </trkpt>
      <trkpt lat="48.62821340560913" lon="6.083614826202393">
        <ele>339.65</ele>
      </trkpt>
      <trkpt lat="48.6284065246582" lon="6.083614826202393">
        <ele>341.8</ele>
      </trkpt>
      <trkpt lat="48.62867466174066" lon="6.08364692889154">
        <ele>343.92</ele>
      </trkpt>
      <trkpt lat="48.62894296646118" lon="6.08367919921875">
        <ele>346.03</ele>
      </trkpt>
      <trkpt lat="48.62910381518304" lon="6.083657741546631">
        <ele>348.02</ele>
      </trkpt>
      <trkpt lat="48.62926483154297" lon="6.083636283874512">
        <ele>349.97</ele>
      </trkpt>
      <trkpt lat="48.62950078211725" lon="6.083557577803731">
        <ele>351.89</ele>
      </trkpt>
      <trkpt lat="48.62973681651056" lon="6.08347887173295">
        <ele>353.77</ele>
      </trkpt>
      <trkpt lat="48.6299729347229" lon="6.083400249481201">
        <ele>355.53</ele>
      </trkpt>
      <trkpt lat="48.63013378344476" lon="6.083357334136963">
        <ele>357.29</ele>
      </trkpt>
      <trkpt lat="48.63029479980469" lon="6.083314418792725">
        <ele>359.03</ele>
      </trkpt>
      <trkpt lat="48.63050946034491" lon="6.083335876464844">
        <ele>360.8</ele>
      </trkpt>
      <trkpt lat="48.630616748705506" lon="6.083357334136963">
        <ele>362.51</ele>
      </trkpt>
      <trkpt lat="48.630917156115174" lon="6.083357334136963">
        <ele>364.24</ele>
      </trkpt>
      <trkpt lat="48.63119602203369" lon="6.0832929611206055">
        <ele>365.87</ele>
      </trkpt>
      <trkpt lat="48.63141059875488" lon="6.083164215087891">
        <ele>367.45</ele>
      </trkpt>
      <trkpt lat="48.631603717803955" lon="6.083099842071533">
        <ele>369.1</ele>
      </trkpt>
      <trkpt lat="48.63179692067206" lon="6.083035469055176">
        <ele>370.75</ele>
      </trkpt>
      <trkpt lat="48.63205441273749" lon="6.08292818069458">
        <ele>372.38</ele>
      </trkpt>
      <trkpt lat="48.632321041077375" lon="6.082814689725637">
        <ele>374.01</ele>
      </trkpt>
      <trkpt lat="48.632587753236294" lon="6.0827012825757265">
        <ele>375.64</ele>
      </trkpt>
      <trkpt lat="48.63285446539521" lon="6.082587875425816">
        <ele>377.34</ele>
      </trkpt>
      <trkpt lat="48.6331210937351" lon="6.082474468275905">
        <ele>378.97</ele>
      </trkpt>
      <trkpt lat="48.63338780589402" lon="6.082361061125994">
        <ele>380.48</ele>
      </trkpt>
      <trkpt lat="48.633654518052936" lon="6.082247653976083">
        <ele>381.99</ele>
      </trkpt>
      <trkpt lat="48.633921230211854" lon="6.082134246826172">
        <ele>383.48</ele>
      </trkpt>
      <trkpt lat="48.63407143391669" lon="6.0820698738098145">
        <ele>384.91</ele>
      </trkpt>
      <trkpt lat="48.63436563871801" lon="6.081938026472926">
        <ele>386.4</ele>
      </trkpt>
      <trkpt lat="48.63465992733836" lon="6.081806179136038">
        <ele>387.79</ele>
      </trkpt>
      <trkpt lat="48.634954215958714" lon="6.081674415618181">
        <ele>389.23</ele>
      </trkpt>
      <trkpt lat="48.63524850457907" lon="6.081542568281293">
        <ele>390.67</ele>
      </trkpt>
      <trkpt lat="48.63554279319942" lon="6.081410804763436">
        <ele>392.04</ele>
      </trkpt>
      <trkpt lat="48.63583708181977" lon="6.081278957426548">
        <ele>393.29</ele>
      </trkpt>
      <trkpt lat="48.636131370440125" lon="6.081147193908691">
        <ele>394.54</ele>
      </trkpt>
      <trkpt lat="48.63633873872459" lon="6.081068487837911">
        <ele>395.65</ele>
      </trkpt>
      <trkpt lat="48.63654610700905" lon="6.08098978176713">
        <ele>396.68</ele>
      </trkpt>
      <trkpt lat="48.63675355911255" lon="6.080911159515381">
        <ele>397.65</ele>
      </trkpt>
      <trkpt lat="48.63698950968683" lon="6.080846786499023">
        <ele>398.56</ele>
      </trkpt>
      <trkpt lat="48.63722554408014" lon="6.080782413482666">
        <ele>399.48</ele>
      </trkpt>
      <trkpt lat="48.63746149465442" lon="6.080718040466309">
        <ele>400.35</ele>
      </trkpt>
      <trkpt lat="48.63769769668579" lon="6.080653667449951">
        <ele>401.11</ele>
      </trkpt>
      <trkpt lat="48.63769778050482" lon="6.080653667449951">
        <ele>401.83</ele>
      </trkpt>
      <trkpt lat="48.637858713045716" lon="6.080567752942443">
        <ele>402.46</ele>
      </trkpt>
      <trkpt lat="48.63801964558661" lon="6.080482006072998">
        <ele>403.04</ele>
      </trkpt>
      <trkpt lat="48.63827713765204" lon="6.080342447385192">
        <ele>403.59</ele>
      </trkpt>
      <trkpt lat="48.63853462971747" lon="6.0802029725164175">
        <ele>404.12</ele>
      </trkpt>
      <trkpt lat="48.63879220560193" lon="6.080063497647643">
        <ele>404.63</ele>
      </trkpt>
      <trkpt lat="48.63904961384833" lon="6.0799241065979">
        <ele>405.13</ele>
      </trkpt>
      <trkpt lat="48.63926410675049" lon="6.0797953605651855">
        <ele>405.62</ele>
      </trkpt>
      <trkpt lat="48.63951078616083" lon="6.079698801040649">
        <ele>406.01</ele>
      </trkpt>
      <trkpt lat="48.63975763320923" lon="6.079602241516113">
        <ele>406.36</ele>
      </trkpt>
      <trkpt lat="48.639979250729084" lon="6.079544993117452">
        <ele>406.65</ele>
      </trkpt>
      <trkpt lat="48.64020095206797" lon="6.07948774471879">
        <ele>406.96</ele>
      </trkpt>
      <trkpt lat="48.64042282104492" lon="6.07943058013916">
        <ele>407.19</ele>
      </trkpt>
      <trkpt lat="48.640698585659266" lon="6.079415241256356">
        <ele>407.37</ele>
      </trkpt>
      <trkpt lat="48.64097443409264" lon="6.079399902373552">
        <ele>407.51</ele>
      </trkpt>
      <trkpt lat="48.641250282526016" lon="6.079384563490748">
        <ele>407.55</ele>
      </trkpt>
      <trkpt lat="48.64152604714036" lon="6.0793692246079445">
        <ele>407.51</ele>
      </trkpt>
      <trkpt lat="48.641801895573735" lon="6.079353885725141">
        <ele>407.33</ele>
      </trkpt>
      <trkpt lat="48.64207774400711" lon="6.079338630661368">
        <ele>407.13</ele>
      </trkpt>
      <trkpt lat="48.642354011535645" lon="6.0793232917785645">
        <ele>406.89</ele>
      </trkpt>
      <trkpt lat="48.64265433512628" lon="6.079409038648009">
        <ele>406.64</ele>
      </trkpt>
      <trkpt lat="48.64295474253595" lon="6.079494869336486">
        <ele>406.26</ele>
      </trkpt>
      <trkpt lat="48.643255066126585" lon="6.079580700024962">
        <ele>405.87</ele>
      </trkpt>
      <trkpt lat="48.643555641174316" lon="6.079666614532471">
        <ele>405.5</ele>
      </trkpt>
      <trkpt lat="48.6438259575516" lon="6.079739537090063">
        <ele>405.13</ele>
      </trkpt>
      <trkpt lat="48.64409627392888" lon="6.0798124596476555">
        <ele>404.71</ele>
      </trkpt>
      <trkpt lat="48.64436659030616" lon="6.079885382205248">
        <ele>404.23</ele>
      </trkpt>
      <trkpt lat="48.644636906683445" lon="6.079958388581872">
        <ele>403.7</ele>
      </trkpt>
      <trkpt lat="48.64490747451782" lon="6.080031394958496">
        <ele>403.17</ele>
      </trkpt>
      <trkpt lat="48.6451970692724" lon="6.0800206661224365">
        <ele>402.68</ele>
      </trkpt>
      <trkpt lat="48.64548683166504" lon="6.080009937286377">
        <ele>402.19</ele>
      </trkpt>
      <trkpt lat="48.64573351107538" lon="6.079967021942139">
        <ele>401.57</ele>
      </trkpt>
      <trkpt lat="48.64598044194281" lon="6.0799241065979">
        <ele>400.88</ele>
      </trkpt>
      <trkpt lat="48.646266432479024" lon="6.079873982816935">
        <ele>400.16</ele>
      </trkpt>
      <trkpt lat="48.64655250683427" lon="6.0798239428550005">
        <ele>399.52</ele>
      </trkpt>
      <trkpt lat="48.64683874882758" lon="6.079773902893066">
        <ele>398.99</ele>
      </trkpt>
      <trkpt lat="48.64713488146663" lon="6.07970617711544">
        <ele>398.48</ele>
      </trkpt>
      <trkpt lat="48.64743101410568" lon="6.079638451337814">
        <ele>397.97</ele>
      </trkpt>
      <trkpt lat="48.64772714674473" lon="6.07957080937922">
        <ele>397.41</ele>
      </trkpt>
      <trkpt lat="48.648023530840874" lon="6.079503083601594">
        <ele>396.9</ele>
      </trkpt>
      <trkpt lat="48.64818203262985" lon="6.079466789960861">
        <ele>396.41</ele>
      </trkpt>
      <trkpt lat="48.648340702056885" lon="6.07943058013916">
        <ele>395.93</ele>
      </trkpt>
      <trkpt lat="48.64820089191198" lon="6.079054232686758">
        <ele>395.34</ele>
      </trkpt>
      <trkpt lat="48.648061165586114" lon="6.078677969053388">
        <ele>394.8</ele>
      </trkpt>
      <trkpt lat="48.64792135544121" lon="6.078301705420017">
        <ele>394.24</ele>
      </trkpt>
      <trkpt lat="48.64778280258179" lon="6.07792854309082">
        <ele>393.65</ele>
      </trkpt>
      <trkpt lat="48.64761617034674" lon="6.077576503157616">
        <ele>393.08</ele>
      </trkpt>
      <trkpt lat="48.64744962193072" lon="6.077224547043443">
        <ele>392.52</ele>
      </trkpt>
      <trkpt lat="48.64728298969567" lon="6.076872507110238">
        <ele>391.98</ele>
      </trkpt>
      <trkpt lat="48.64711644127965" lon="6.076520550996065">
        <ele>391.39</ele>
      </trkpt>
      <trkpt lat="48.6469498090446" lon="6.076168594881892">
        <ele>390.75</ele>
      </trkpt>
      <trkpt lat="48.64678326062858" lon="6.0758165549486876">
        <ele>390.1</ele>
      </trkpt>
      <trkpt lat="48.64661671221256" lon="6.075464598834515">
        <ele>389.4</ele>
      </trkpt>
      <trkpt lat="48.6464524269104" lon="6.075117588043213">
        <ele>388.69</ele>
      </trkpt>
      <trkpt lat="48.64621647633612" lon="6.07494592666626">
        <ele>387.98</ele>
      </trkpt>
      <trkpt lat="48.64601254463196" lon="6.074924468994141">
        <ele>387.25</ele>
      </trkpt>
      <trkpt lat="48.645808696746826" lon="6.0749030113220215">
        <ele>386.47</ele>
      </trkpt>
      <trkpt lat="48.64550116471946" lon="6.074949447065592">
        <ele>385.65</ele>
      </trkpt>
      <trkpt lat="48.6451936326921" lon="6.074995966628194">
        <ele>384.88</ele>
      </trkpt>
      <trkpt lat="48.64488618448377" lon="6.075042402371764">
        <ele>383.98</ele>
      </trkpt>
      <trkpt lat="48.6445786524564" lon="6.075088921934366">
        <ele>383.03</ele>
      </trkpt>
      <trkpt lat="48.64427112042904" lon="6.0751353576779366">
        <ele>382.12</ele>
      </trkpt>
      <trkpt lat="48.64396333694458" lon="6.07518196105957">
        <ele>381.22</ele>
      </trkpt>
      <trkpt lat="48.64370584487915" lon="6.075139045715332">
        <ele>380.23</ele>
      </trkpt>
      <trkpt lat="48.64346981048584" lon="6.074967384338379">
        <ele>379.25</ele>
      </trkpt>
      <trkpt lat="48.64344835281372" lon="6.07494592666626">
        <ele>378.28</ele>
      </trkpt>
      <trkpt lat="48.64330871030688" lon="6.074806284159422">
        <ele>377.27</ele>
      </trkpt>
      <trkpt lat="48.64316940307617" lon="6.074666976928711">
        <ele>376.22</ele>
      </trkpt>
      <trkpt lat="48.6429831571877" lon="6.074380483478308">
        <ele>375.11</ele>
      </trkpt>
      <trkpt lat="48.64279691129923" lon="6.0740939900279045">
        <ele>373.95</ele>
      </trkpt>
      <trkpt lat="48.64261074922979" lon="6.073807496577501">
        <ele>372.79</ele>
      </trkpt>
      <trkpt lat="48.64242450334132" lon="6.073521003127098">
        <ele>371.59</ele>
      </trkpt>
      <trkpt lat="48.64223834127188" lon="6.073234593495727">
        <ele>370.32</ele>
      </trkpt>
      <trkpt lat="48.64205360412598" lon="6.07295036315918">
        <ele>369.05</ele>
      </trkpt>
      <trkpt lat="48.64190314896405" lon="6.072703180834651">
        <ele>367.76</ele>
      </trkpt>
      <trkpt lat="48.64175319671631" lon="6.0724568367004395">
        <ele>366.44</ele>
      </trkpt>
      <trkpt lat="48.64159729331732" lon="6.07214511372149">
        <ele>365.05</ele>
      </trkpt>
      <trkpt lat="48.64144147373736" lon="6.071833474561572">
        <ele>363.62</ele>
      </trkpt>
      <trkpt lat="48.6412856541574" lon="6.071521835401654">
        <ele>362.26</ele>
      </trkpt>
      <trkpt lat="48.64113092422485" lon="6.071212291717529">
        <ele>360.79</ele>
      </trkpt>
      <trkpt lat="48.64104509353638" lon="6.0707831382751465">
        <ele>359.19</ele>
      </trkpt>
      <trkpt lat="48.641066551208496" lon="6.070568561553955">
        <ele>357.64</ele>
      </trkpt>
      <trkpt lat="48.641109466552734" lon="6.070353984832764">
        <ele>356.04</ele>
      </trkpt>
      <trkpt lat="48.64119529724121" lon="6.07020378112793">
        <ele>354.39</ele>
      </trkpt>
      <trkpt lat="48.64139939658344" lon="6.069881413131952">
        <ele>352.69</ele>
      </trkpt>
      <trkpt lat="48.641602993011475" lon="6.0695600509643555">
        <ele>351.04</ele>
      </trkpt>
      <trkpt lat="48.64164590835571" lon="6.069388389587402">
        <ele>349.36</ele>
      </trkpt>
      <trkpt lat="48.64171028137207" lon="6.069002151489258">
        <ele>347.63</ele>
      </trkpt>
      <trkpt lat="48.641716400161386" lon="6.068590264767408">
        <ele>345.79</ele>
      </trkpt>
      <trkpt lat="48.6417225189507" lon="6.068178378045559">
        <ele>343.89</ele>
      </trkpt>
      <trkpt lat="48.64172872155905" lon="6.0677664913237095">
        <ele>342.01</ele>
      </trkpt>
      <trkpt lat="48.64173484034836" lon="6.06735460460186">
        <ele>340.08</ele>
      </trkpt>
      <trkpt lat="48.64174095913768" lon="6.066942717880011">
        <ele>338.21</ele>
      </trkpt>
      <trkpt lat="48.641747161746025" lon="6.066530831158161">
        <ele>336.28</ele>
      </trkpt>
      <trkpt lat="48.64175319671631" lon="6.066126823425293">
        <ele>334.35</ele>
      </trkpt>
      <trkpt lat="48.641817569732666" lon="6.065719127655029">
        <ele>332.42</ele>
      </trkpt>
      <trkpt lat="48.641935838386416" lon="6.065288968384266">
        <ele>330.4</ele>
      </trkpt>
      <trkpt lat="48.64205360412598" lon="6.064860820770264">
        <ele>328.44</ele>
      </trkpt>
      <trkpt lat="48.642075061798096" lon="6.064667701721191">
        <ele>326.63</ele>
      </trkpt>
      <trkpt lat="48.64198923110962" lon="6.064281463623047">
        <ele>324.81</ele>
      </trkpt>
      <trkpt lat="48.64183911122382" lon="6.063895225524902">
        <ele>322.98</ele>
      </trkpt>
      <trkpt lat="48.64165990613401" lon="6.063529774546623">
        <ele>321.05</ele>
      </trkpt>
      <trkpt lat="48.641480784863234" lon="6.063164407387376">
        <ele>319.11</ele>
      </trkpt>
      <trkpt lat="48.64130258560181" lon="6.062800884246826">
        <ele>317.15</ele>
      </trkpt>
      <trkpt lat="48.64110913127661" lon="6.062462339177728">
        <ele>315.27</ele>
      </trkpt>
      <trkpt lat="48.64091576077044" lon="6.062123961746693">
        <ele>313.41</ele>
      </trkpt>
      <trkpt lat="48.64072230644524" lon="6.061785500496626">
        <ele>311.59</ele>
      </trkpt>
      <trkpt lat="48.64053010940552" lon="6.06144905090332">
        <ele>309.62</ele>
      </trkpt>
      <trkpt lat="48.64044411107898" lon="6.06123405508697">
        <ele>307.79</ele>
      </trkpt>
      <trkpt lat="48.640358448028564" lon="6.0610198974609375">
        <ele>305.88</ele>
      </trkpt>
      <trkpt lat="48.64029407501221" lon="6.06069803237915">
        <ele>304.18</ele>
      </trkpt>
      <trkpt lat="48.64029415883124" lon="6.06069803237915">
        <ele>302.45</ele>
      </trkpt>
      <trkpt lat="48.64025107584894" lon="6.060332246124744">
        <ele>300.74</ele>
      </trkpt>
      <trkpt lat="48.64020824432373" lon="6.0599684715271">
        <ele>299.0</ele>
      </trkpt>
      <trkpt lat="48.64018687047064" lon="6.059753894805908">
        <ele>297.25</ele>
      </trkpt>
      <trkpt lat="48.64016532897949" lon="6.0596466064453125">
        <ele>295.51</ele>
      </trkpt>
      <trkpt lat="48.640100955963135" lon="6.05921745300293">
        <ele>293.67</ele>
      </trkpt>
      <trkpt lat="48.63999366760254" lon="6.058809757232666">
        <ele>291.84</ele>
      </trkpt>
      <trkpt lat="48.63984312862158" lon="6.058422680944204">
        <ele>289.97</ele>
      </trkpt>
      <trkpt lat="48.63969326019287" lon="6.058037281036377">
        <ele>288.03</ele>
      </trkpt>
      <trkpt lat="48.63949125632644" lon="6.057723546400666">
        <ele>286.16</ele>
      </trkpt>
      <trkpt lat="48.63928925246" lon="6.0574098117649555">
        <ele>284.43</ele>
      </trkpt>
      <trkpt lat="48.6390873324126" lon="6.0570961609482765">
        <ele>282.77</ele>
      </trkpt>
      <trkpt lat="48.638885328546166" lon="6.056782426312566">
        <ele>280.99</ele>
      </trkpt>
      <trkpt lat="48.63868474960327" lon="6.05647087097168">
        <ele>279.11</ele>
      </trkpt>
      <trkpt lat="48.63852356560528" lon="6.056180689483881">
        <ele>277.15</ele>
      </trkpt>
      <trkpt lat="48.638362884521484" lon="6.055891513824463">
        <ele>275.21</ele>
      </trkpt>
      <trkpt lat="48.63818384706974" lon="6.0556551441550255">
        <ele>273.45</ele>
      </trkpt>
      <trkpt lat="48.638004809617996" lon="6.05541885830462">
        <ele>271.77</ele>
      </trkpt>
      <trkpt lat="48.637826442718506" lon="6.055183410644531">
        <ele>270.06</ele>
      </trkpt>
      <trkpt lat="48.63764589652419" lon="6.054916949942708">
        <ele>268.37</ele>
      </trkpt>
      <trkpt lat="48.63746543414891" lon="6.0546505730599165">
        <ele>266.72</ele>
      </trkpt>
      <trkpt lat="48.637284971773624" lon="6.054384196177125">
        <ele>265.08</ele>
      </trkpt>
      <trkpt lat="48.63710450939834" lon="6.054117735475302">
        <ele>263.48</ele>
      </trkpt>
      <trkpt lat="48.6369252204895" lon="6.0538530349731445">
        <ele>261.87</ele>
      </trkpt>
      <trkpt lat="48.63678004592657" lon="6.053503677248955">
        <ele>260.22</ele>
      </trkpt>
      <trkpt lat="48.63663495518267" lon="6.053154319524765">
        <ele>258.62</ele>
      </trkpt>
      <trkpt lat="48.63648986443877" lon="6.052804961800575">
        <ele>257.07</ele>
      </trkpt>
      <trkpt lat="48.636345863342285" lon="6.0524582862854">
        <ele>255.58</ele>
      </trkpt>
      <trkpt lat="48.636324405670166" lon="6.052415370941162">
        <ele>254.2</ele>
      </trkpt>
      <trkpt lat="48.63630294799805" lon="6.052350997924805">
        <ele>252.87</ele>
      </trkpt>
      <trkpt lat="48.63630303181708" lon="6.052350997924805">
        <ele>251.58</ele>
      </trkpt>
      <trkpt lat="48.63620622083545" lon="6.052103731781244">
        <ele>250.32</ele>
      </trkpt>
      <trkpt lat="48.636109828948975" lon="6.0518574714660645">
        <ele>249.1</ele>
      </trkpt>
      <trkpt lat="48.63607009872794" lon="6.051722439005971">
        <ele>247.93</ele>
      </trkpt>
      <trkpt lat="48.63600254058838" lon="6.051492691040039">
        <ele>246.77</ele>
      </trkpt>
      <trkpt lat="48.63593079149723" lon="6.05106957256794">
        <ele>245.56</ele>
      </trkpt>
      <trkpt lat="48.635859126225114" lon="6.0506464540958405">
        <ele>244.46</ele>
      </trkpt>
      <trkpt lat="48.63578804768622" lon="6.05022668838501">
        <ele>243.42</ele>
      </trkpt>
      <trkpt lat="48.63572342321277" lon="6.049882443621755">
        <ele>242.5</ele>
      </trkpt>
      <trkpt lat="48.63565921783447" lon="6.049540042877197">
        <ele>241.64</ele>
      </trkpt>
      <trkpt lat="48.63563767634332" lon="6.04919571429491">
        <ele>240.84</ele>
      </trkpt>
      <trkpt lat="48.635616386309266" lon="6.048853397369385">
        <ele>240.09</ele>
      </trkpt>
      <trkpt lat="48.6355194915086" lon="6.048466237261891">
        <ele>239.36</ele>
      </trkpt>
      <trkpt lat="48.63542318344116" lon="6.048080921173096">
        <ele>238.64</ele>
      </trkpt>
      <trkpt lat="48.6352726444602" lon="6.047704657539725">
        <ele>237.98</ele>
      </trkpt>
      <trkpt lat="48.635122776031494" lon="6.047329902648926">
        <ele>237.46</ele>
      </trkpt>
      <trkpt lat="48.63504742272198" lon="6.046942658722401">
        <ele>237.02</ele>
      </trkpt>
      <trkpt lat="48.63497257232666" lon="6.046557426452637">
        <ele>236.57</ele>
      </trkpt>
      <trkpt lat="48.63515496253967" lon="6.046450054273009">
        <ele>236.26</ele>
      </trkpt>
      <trkpt lat="48.635337352752686" lon="6.046342849731445">
        <ele>236.05</ele>
      </trkpt>
      <trkpt lat="48.635537596419454" lon="6.046214019879699">
        <ele>235.94</ele>
      </trkpt>
      <trkpt lat="48.63573792390525" lon="6.046085273846984">
        <ele>235.9</ele>
      </trkpt>
      <trkpt lat="48.63593816757202" lon="6.045956611633301">
        <ele>235.84</ele>
      </trkpt>
      <trkpt lat="48.63614201545715" lon="6.045806324109435">
        <ele>235.78</ele>
      </trkpt>
      <trkpt lat="48.636345863342285" lon="6.045656204223633">
        <ele>235.81</ele>
      </trkpt>
      <trkpt lat="48.636603355407715" lon="6.045527374371886">
        <ele>235.86</ele>
      </trkpt>
      <trkpt lat="48.636860847473145" lon="6.045398712158203">
        <ele>235.83</ele>
      </trkpt>
      <trkpt lat="48.63710400648415" lon="6.045320006087422">
        <ele>235.8</ele>
      </trkpt>
      <trkpt lat="48.63734716549516" lon="6.045241300016642">
        <ele>235.79</ele>
      </trkpt>
      <trkpt lat="48.637590408325195" lon="6.045162677764893">
        <ele>235.81</ele>
      </trkpt>
      <trkpt lat="48.63785502500832" lon="6.045048180967569">
        <ele>235.84</ele>
      </trkpt>
      <trkpt lat="48.638119641691446" lon="6.044933767989278">
        <ele>235.83</ele>
      </trkpt>
      <trkpt lat="48.6383843421936" lon="6.044819355010986">
        <ele>235.83</ele>
      </trkpt>
      <trkpt lat="48.63864895887673" lon="6.044704858213663">
        <ele>235.72</ele>
      </trkpt>
      <trkpt lat="48.638913575559855" lon="6.044590445235372">
        <ele>235.51</ele>
      </trkpt>
      <trkpt lat="48.63917827606201" lon="6.04447603225708">
        <ele>235.4</ele>
      </trkpt>
      <trkpt lat="48.639427134767175" lon="6.044411659240723">
        <ele>235.3</ele>
      </trkpt>
      <trkpt lat="48.63967599347234" lon="6.044347286224365">
        <ele>235.18</ele>
      </trkpt>
      <trkpt lat="48.6399248521775" lon="6.044282913208008">
        <ele>235.02</ele>
      </trkpt>
      <trkpt lat="48.640173710882664" lon="6.04421854019165">
        <ele>234.83</ele>
      </trkpt>
      <trkpt lat="48.64042282104492" lon="6.044154167175293">
        <ele>234.62</ele>
      </trkpt>
      <trkpt lat="48.640630189329386" lon="6.044082585722208">
        <ele>234.35</ele>
      </trkpt>
      <trkpt lat="48.64083764143288" lon="6.044011088088155">
        <ele>234.1</ele>
      </trkpt>
      <trkpt lat="48.64104509353638" lon="6.043939590454102">
        <ele>233.81</ele>
      </trkpt>
      <trkpt lat="48.64127391949296" lon="6.043910924345255">
        <ele>233.53</ele>
      </trkpt>
      <trkpt lat="48.64150274544954" lon="6.04388234205544">
        <ele>233.28</ele>
      </trkpt>
      <trkpt lat="48.64173173904419" lon="6.043853759765625">
        <ele>233.04</ele>
      </trkpt>
      <trkpt lat="48.64173182286322" lon="6.043853759765625">
        <ele>232.75</ele>
      </trkpt>
      <trkpt lat="48.64201077260077" lon="6.043710680678487">
        <ele>232.44</ele>
      </trkpt>
      <trkpt lat="48.64228972233832" lon="6.043567601591349">
        <ele>232.11</ele>
      </trkpt>
      <trkpt lat="48.64256867207587" lon="6.043424606323242">
        <ele>231.77</ele>
      </trkpt>
      <trkpt lat="48.64276179112494" lon="6.043317234143615">
        <ele>231.43</ele>
      </trkpt>
      <trkpt lat="48.64295491017401" lon="6.043210029602051">
        <ele>231.12</ele>
      </trkpt>
      <trkpt lat="48.64321231842041" lon="6.043102741241455">
        <ele>230.87</ele>
      </trkpt>
      <trkpt lat="48.64321240223944" lon="6.043102741241455">
        <ele>230.6</ele>
      </trkpt>
      <trkpt lat="48.643476935103536" lon="6.043002577498555">
        <ele>230.37</ele>
      </trkpt>
      <trkpt lat="48.64374155178666" lon="6.042902413755655">
        <ele>230.04</ele>
      </trkpt>
      <trkpt lat="48.64400625228882" lon="6.042802333831787">
        <ele>229.76</ele>
      </trkpt>
      <trkpt lat="48.64429794251919" lon="6.042776517570019">
        <ele>229.6</ele>
      </trkpt>
      <trkpt lat="48.64458971656859" lon="6.042750785127282">
        <ele>229.38</ele>
      </trkpt>
      <trkpt lat="48.64488149061799" lon="6.0427250526845455">
        <ele>229.15</ele>
      </trkpt>
      <trkpt lat="48.64517326466739" lon="6.042699320241809">
        <ele>229.01</ele>
      </trkpt>
      <trkpt lat="48.64546537399292" lon="6.042673587799072">
        <ele>228.93</ele>
      </trkpt>
      <trkpt lat="48.64572638645768" lon="6.042612735182047">
        <ele>228.8</ele>
      </trkpt>
      <trkpt lat="48.64598739892244" lon="6.042551966384053">
        <ele>228.66</ele>
      </trkpt>
      <trkpt lat="48.646248411387205" lon="6.04249119758606">
        <ele>228.55</ele>
      </trkpt>
      <trkpt lat="48.64650942385197" lon="6.042430428788066">
        <ele>228.53</ele>
      </trkpt>
      <trkpt lat="48.64677052013576" lon="6.0423695761710405">
        <ele>228.52</ele>
      </trkpt>
      <trkpt lat="48.64703178405762" lon="6.042308807373047">
        <ele>228.45</ele>
      </trkpt>
      <trkpt lat="48.647278463467956" lon="6.042212247848511">
        <ele>228.43</ele>
      </trkpt>
      <trkpt lat="48.64752531051636" lon="6.042115688323975">
        <ele>228.44</ele>
      </trkpt>
      <trkpt lat="48.647725554183125" lon="6.042008316144347">
        <ele>228.56</ele>
      </trkpt>
      <trkpt lat="48.647925881668925" lon="6.0419010277837515">
        <ele>228.7</ele>
      </trkpt>
      <trkpt lat="48.64812612533569" lon="6.0417938232421875">
        <ele>228.85</ele>
      </trkpt>
      <trkpt lat="48.648126209154725" lon="6.0417938232421875">
        <ele>228.98</ele>
      </trkpt>
      <trkpt lat="48.64832645282149" lon="6.041657868772745">
        <ele>229.15</ele>
      </trkpt>
      <trkpt lat="48.64852678030729" lon="6.041521914303303">
        <ele>229.35</ele>
      </trkpt>
      <trkpt lat="48.64872694015503" lon="6.041386127471924">
        <ele>229.57</ele>
      </trkpt>
      <trkpt lat="48.64894160069525" lon="6.041214382275939">
        <ele>229.78</ele>
      </trkpt>
      <trkpt lat="48.64915609359741" lon="6.041042804718018">
        <ele>229.97</ele>
      </trkpt>
      <trkpt lat="48.649156177416444" lon="6.041042804718018">
        <ele>230.15</ele>
      </trkpt>
      <trkpt lat="48.64933865144849" lon="6.040870975703001">
        <ele>230.35</ele>
      </trkpt>
      <trkpt lat="48.64952095784247" lon="6.040699481964111">
        <ele>230.52</ele>
      </trkpt>
      <trkpt lat="48.649649703875184" lon="6.040549278259277">
        <ele>230.7</ele>
      </trkpt>
      <trkpt lat="48.649885738268495" lon="6.040334701538086">
        <ele>230.89</ele>
      </trkpt>
      <trkpt lat="48.65010039880872" lon="6.040130686014891">
        <ele>231.02</ele>
      </trkpt>
      <trkpt lat="48.65031489171088" lon="6.039927005767822">
        <ele>231.04</ele>
      </trkpt>
      <trkpt lat="48.65054028108716" lon="6.039712261408567">
        <ele>231.11</ele>
      </trkpt>
      <trkpt lat="48.65076550282538" lon="6.0394978523254395">
        <ele>231.19</ele>
      </trkpt>
      <trkpt lat="48.65102844312787" lon="6.039267014712095">
        <ele>231.38</ele>
      </trkpt>
      <trkpt lat="48.65129138343036" lon="6.039036260917783">
        <ele>231.53</ele>
      </trkpt>
      <trkpt lat="48.651554407551885" lon="6.038805423304439">
        <ele>231.67</ele>
      </trkpt>
      <trkpt lat="48.651816844940186" lon="6.038575172424316">
        <ele>231.88</ele>
      </trkpt>
      <trkpt lat="48.65181692875922" lon="6.038575172424316">
        <ele>231.9</ele>
      </trkpt>
      <trkpt lat="48.65208523347974" lon="6.038328241556883">
        <ele>232.02</ele>
      </trkpt>
      <trkpt lat="48.65235362201929" lon="6.038081310689449">
        <ele>231.97</ele>
      </trkpt>
      <trkpt lat="48.652622010558844" lon="6.0378344636410475">
        <ele>231.91</ele>
      </trkpt>
      <trkpt lat="48.652890315279365" lon="6.037587532773614">
        <ele>231.85</ele>
      </trkpt>
      <trkpt lat="48.65315870381892" lon="6.03734060190618">
        <ele>231.73</ele>
      </trkpt>
      <trkpt lat="48.65342617034912" lon="6.037094593048096">
        <ele>231.56</ele>
      </trkpt>
      <trkpt lat="48.653619373217225" lon="6.036879764869809">
        <ele>231.37</ele>
      </trkpt>
      <trkpt lat="48.65381265990436" lon="6.036665020510554">
        <ele>231.26</ele>
      </trkpt>
      <trkpt lat="48.6540059465915" lon="6.0364502761512995">
        <ele>231.13</ele>
      </trkpt>
      <trkpt lat="48.65419864654541" lon="6.03623628616333">
        <ele>230.89</ele>
      </trkpt>
      <trkpt lat="48.65439914166927" lon="6.035928251221776">
        <ele>230.6</ele>
      </trkpt>
      <trkpt lat="48.65459963679314" lon="6.035620300099254">
        <ele>230.34</ele>
      </trkpt>
      <trkpt lat="48.654799461364746" lon="6.035313606262207">
        <ele>230.08</ele>
      </trkpt>
      <trkpt lat="48.65497849881649" lon="6.03499123826623">
        <ele>229.68</ele>
      </trkpt>
      <trkpt lat="48.655157620087266" lon="6.034668870270252">
        <ele>229.42</ele>
      </trkpt>
      <trkpt lat="48.65533674135804" lon="6.034346502274275">
        <ele>229.33</ele>
      </trkpt>
      <trkpt lat="48.655515778809786" lon="6.034024218097329">
        <ele>229.42</ele>
      </trkpt>
      <trkpt lat="48.65569490008056" lon="6.033701850101352">
        <ele>229.3</ele>
      </trkpt>
      <trkpt lat="48.655872428789735" lon="6.033382415771484">
        <ele>229.05</ele>
      </trkpt>
      <trkpt lat="48.65600134246051" lon="6.033124420791864">
        <ele>228.86</ele>
      </trkpt>
      <trkpt lat="48.65612983703613" lon="6.032867431640625">
        <ele>228.94</ele>
      </trkpt>
      <trkpt lat="48.65628012456" lon="6.0325026512146">
        <ele>229.17</ele>
      </trkpt>
      <trkpt lat="48.65638037212193" lon="6.032208697870374">
        <ele>229.49</ele>
      </trkpt>
      <trkpt lat="48.65648070350289" lon="6.03191482834518">
        <ele>229.82</ele>
      </trkpt>
      <trkpt lat="48.656580448150635" lon="6.031622886657715">
        <ele>230.16</ele>
      </trkpt>
      <trkpt lat="48.65673081949353" lon="6.031321976333857">
        <ele>230.65</ele>
      </trkpt>
      <trkpt lat="48.65688127465546" lon="6.031021066009998">
        <ele>231.19</ele>
      </trkpt>
      <trkpt lat="48.65703105926514" lon="6.030721664428711">
        <ele>231.81</ele>
      </trkpt>
      <trkpt lat="48.657231554389" lon="6.030413629487157">
        <ele>232.43</ele>
      </trkpt>
      <trkpt lat="48.65743204951286" lon="6.0301056783646345">
        <ele>233.2</ele>
      </trkpt>
      <trkpt lat="48.65763187408447" lon="6.029798984527588">
        <ele>234.03</ele>
      </trkpt>
      <trkpt lat="48.657832369208336" lon="6.029519699513912">
        <ele>234.99</ele>
      </trkpt>
      <trkpt lat="48.6580328643322" lon="6.0292404145002365">
        <ele>235.97</ele>
      </trkpt>
      <trkpt lat="48.65823268890381" lon="6.028962135314941">
        <ele>236.95</ele>
      </trkpt>
      <trkpt lat="48.6584559828043" lon="6.028717299923301">
        <ele>238.03</ele>
      </trkpt>
      <trkpt lat="48.65867936052382" lon="6.02847246453166">
        <ele>239.16</ele>
      </trkpt>
      <trkpt lat="48.65890265442431" lon="6.028227629140019">
        <ele>240.36</ele>
      </trkpt>
      <trkpt lat="48.65912603214383" lon="6.0279828775674105">
        <ele>241.57</ele>
      </trkpt>
      <trkpt lat="48.659348487854004" lon="6.02773904800415">
        <ele>242.79</ele>
      </trkpt>
      <trkpt lat="48.659616792574525" lon="6.0275243036448956">
        <ele>244.14</ele>
      </trkpt>
      <trkpt lat="48.659885097295046" lon="6.027309643104672">
        <ele>245.57</ele>
      </trkpt>
      <trkpt lat="48.6601534858346" lon="6.027094982564449">
        <ele>246.92</ele>
      </trkpt>
      <trkpt lat="48.66042137145996" lon="6.026880741119385">
        <ele>248.17</ele>
      </trkpt>
      <trkpt lat="48.66048574447632" lon="6.027052402496338">
        <ele>249.5</ele>
      </trkpt>
      <trkpt lat="48.66065740585327" lon="6.027095317840576">
        <ele>250.83</ele>
      </trkpt>
      <trkpt lat="48.660770477727056" lon="6.0272283386439085">
        <ele>252.15</ele>
      </trkpt>
      <trkpt lat="48.66065740585327" lon="6.027095317840576">
        <ele>250.83</ele>
      </trkpt>
      <trkpt lat="48.66048574447632" lon="6.027052402496338">
        <ele>249.5</ele>
      </trkpt>
      <trkpt lat="48.66042145527899" lon="6.026880741119385">
        <ele>255.07</ele>
      </trkpt>
      <trkpt lat="48.660653214901686" lon="6.026713270694017">
        <ele>256.22</ele>
      </trkpt>
      <trkpt lat="48.66088505834341" lon="6.026545884087682">
        <ele>257.41</ele>
      </trkpt>
      <trkpt lat="48.661116901785135" lon="6.026378413662314">
        <ele>258.46</ele>
      </trkpt>
      <trkpt lat="48.66134866140783" lon="6.026211027055979">
        <ele>259.44</ele>
      </trkpt>
      <trkpt lat="48.661580169573426" lon="6.026043891906738">
        <ele>260.5</ele>
      </trkpt>
      <trkpt lat="48.66173028945923" lon="6.025936603546143">
        <ele>261.51</ele>
      </trkpt>
      <trkpt lat="48.66173037327826" lon="6.025936603546143">
        <ele>262.44</ele>
      </trkpt>
      <trkpt lat="48.66190203465521" lon="6.025818502530456">
        <ele>263.38</ele>
      </trkpt>
      <trkpt lat="48.662073612213135" lon="6.025700569152832">
        <ele>264.35</ele>
      </trkpt>
      <trkpt lat="48.66215952672064" lon="6.025571823120117">
        <ele>265.24</ele>
      </trkpt>
      <trkpt lat="48.66222381591797" lon="6.025378704071045">
        <ele>266.12</ele>
      </trkpt>
      <trkpt lat="48.66221300326288" lon="6.025045188143849">
        <ele>266.98</ele>
      </trkpt>
      <trkpt lat="48.66220235824585" lon="6.024713516235352">
        <ele>267.88</ele>
      </trkpt>
      <trkpt lat="48.66224535740912" lon="6.024476811289787">
        <ele>268.82</ele>
      </trkpt>
      <trkpt lat="48.662288188934326" lon="6.0242414474487305">
        <ele>269.72</ele>
      </trkpt>
      <trkpt lat="48.66228827275336" lon="6.0242414474487305">
        <ele>270.57</ele>
      </trkpt>
      <trkpt lat="48.66236345842481" lon="6.0239295568317175">
        <ele>271.49</ele>
      </trkpt>
      <trkpt lat="48.66243839263916" lon="6.023619174957275">
        <ele>272.42</ele>
      </trkpt>
      <trkpt lat="48.66254584863782" lon="6.023318096995354">
        <ele>273.34</ele>
      </trkpt>
      <trkpt lat="48.66265296936035" lon="6.0230183601379395">
        <ele>274.22</ele>
      </trkpt>
      <trkpt lat="48.66265305317938" lon="6.0230183601379395">
        <ele>275.12</ele>
      </trkpt>
      <trkpt lat="48.662824630737305" lon="6.022696495056152">
        <ele>276.09</ele>
      </trkpt>
      <trkpt lat="48.66310358047485" lon="6.022524833679199">
        <ele>277.09</ele>
      </trkpt>
      <trkpt lat="48.663285886868834" lon="6.02251410484314">
        <ele>278.08</ele>
      </trkpt>
      <trkpt lat="48.66346836090088" lon="6.02250337600708">
        <ele>279.08</ele>
      </trkpt>
      <trkpt lat="48.663779413327575" lon="6.022535478696227">
        <ele>280.16</ele>
      </trkpt>
      <trkpt lat="48.664090633392334" lon="6.0225677490234375">
        <ele>281.27</ele>
      </trkpt>
      <trkpt lat="48.664326751604676" lon="6.022481918334961">
        <ele>282.35</ele>
      </trkpt>
      <trkpt lat="48.66441249847412" lon="6.022374629974365">
        <ele>283.47</ele>
      </trkpt>
      <trkpt lat="48.66445541381836" lon="6.02224588394165">
        <ele>284.55</ele>
      </trkpt>
      <trkpt lat="48.6644983291626" lon="6.021988391876221">
        <ele>285.67</ele>
      </trkpt>
      <trkpt lat="48.66447687149048" lon="6.021666526794434">
        <ele>286.76</ele>
      </trkpt>
      <trkpt lat="48.664391040802" lon="6.021451950073242">
        <ele>287.81</ele>
      </trkpt>
      <trkpt lat="48.66422985680401" lon="6.021172581240535">
        <ele>288.84</ele>
      </trkpt>
      <trkpt lat="48.664069175720215" lon="6.0208940505981445">
        <ele>289.89</ele>
      </trkpt>
      <trkpt lat="48.66396188735962" lon="6.020550727844238">
        <ele>291.1</ele>
      </trkpt>
      <trkpt lat="48.66391905583441" lon="6.02025032043457">
        <ele>292.45</ele>
      </trkpt>
      <trkpt lat="48.66386516019702" lon="6.019841535016894">
        <ele>293.88</ele>
      </trkpt>
      <trkpt lat="48.663811683654785" lon="6.019434928894043">
        <ele>295.25</ele>
      </trkpt>
      <trkpt lat="48.663811683654785" lon="6.019048690795898">
        <ele>296.63</ele>
      </trkpt>
      <trkpt lat="48.66382601670921" lon="6.018589613959193">
        <ele>297.87</ele>
      </trkpt>
      <trkpt lat="48.66384034976363" lon="6.01813062094152">
        <ele>299.25</ele>
      </trkpt>
      <trkpt lat="48.66385459899902" lon="6.017675399780273">
        <ele>300.59</ele>
      </trkpt>
      <trkpt lat="48.66389759816229" lon="6.017374154180288">
        <ele>301.85</ele>
      </trkpt>
      <trkpt lat="48.66394051350653" lon="6.0170745849609375">
        <ele>303.1</ele>
      </trkpt>
      <trkpt lat="48.66403724066913" lon="6.016741236671805">
        <ele>304.42</ele>
      </trkpt>
      <trkpt lat="48.66413354873657" lon="6.016409397125244">
        <ele>305.75</ele>
      </trkpt>
      <trkpt lat="48.66421937942505" lon="6.016044616699219">
        <ele>307.08</ele>
      </trkpt>
      <trkpt lat="48.66426237858832" lon="6.0157649125903845">
        <ele>308.27</ele>
      </trkpt>
      <trkpt lat="48.664305210113525" lon="6.015486717224121">
        <ele>309.52</ele>
      </trkpt>
      <trkpt lat="48.664326667785645" lon="6.015079021453857">
        <ele>310.75</ele>
      </trkpt>
      <trkpt lat="48.6642943136394" lon="6.014767047017813">
        <ele>311.92</ele>
      </trkpt>
      <trkpt lat="48.66426229476929" lon="6.014456748962402">
        <ele>313.13</ele>
      </trkpt>
      <trkpt lat="48.664154754951596" lon="6.014101859182119">
        <ele>314.3</ele>
      </trkpt>
      <trkpt lat="48.664047718048096" lon="6.013748645782471">
        <ele>315.35</ele>
      </trkpt>
      <trkpt lat="48.664015363901854" lon="6.013511940836906">
        <ele>316.37</ele>
      </trkpt>
      <trkpt lat="48.66398334503174" lon="6.01327657699585">
        <ele>317.36</ele>
      </trkpt>
      <trkpt lat="48.66398334503174" lon="6.013007601723075">
        <ele>318.26</ele>
      </trkpt>
      <trkpt lat="48.66398334503174" lon="6.012740135192871">
        <ele>319.07</ele>
      </trkpt>
      <trkpt lat="48.66406934335828" lon="6.012406703084707">
        <ele>319.87</ele>
      </trkpt>
      <trkpt lat="48.66415509022772" lon="6.012074947357178">
        <ele>320.54</ele>
      </trkpt>
      <trkpt lat="48.66421946324408" lon="6.0118818283081055">
        <ele>321.21</ele>
      </trkpt>
      <trkpt lat="48.6642409209162" lon="6.011602124199271">
        <ele>321.77</ele>
      </trkpt>
      <trkpt lat="48.66426229476929" lon="6.011323928833008">
        <ele>322.25</ele>
      </trkpt>
      <trkpt lat="48.664245028048754" lon="6.010852698236704">
        <ele>322.63</ele>
      </trkpt>
      <trkpt lat="48.66422784514725" lon="6.0103814676404">
        <ele>323.02</ele>
      </trkpt>
      <trkpt lat="48.66421066224575" lon="6.009910237044096">
        <ele>323.41</ele>
      </trkpt>
      <trkpt lat="48.66419339552522" lon="6.009439090266824">
        <ele>323.67</ele>
      </trkpt>
      <trkpt lat="48.664176212623715" lon="6.00896785967052">
        <ele>323.78</ele>
      </trkpt>
      <trkpt lat="48.664159029722214" lon="6.008496629074216">
        <ele>323.93</ele>
      </trkpt>
      <trkpt lat="48.66414184682071" lon="6.008025482296944">
        <ele>324.04</ele>
      </trkpt>
      <trkpt lat="48.66412458010018" lon="6.00755425170064">
        <ele>323.93</ele>
      </trkpt>
      <trkpt lat="48.66410739719868" lon="6.007083021104336">
        <ele>323.66</ele>
      </trkpt>
      <trkpt lat="48.664090633392334" lon="6.006624698638916">
        <ele>323.47</ele>
      </trkpt>
      <trkpt lat="48.66407621651888" lon="6.006179954856634">
        <ele>323.2</ele>
      </trkpt>
      <trkpt lat="48.664061883464456" lon="6.005735294893384">
        <ele>322.82</ele>
      </trkpt>
      <trkpt lat="48.664047718048096" lon="6.005294322967529">
        <ele>322.4</ele>
      </trkpt>
      <trkpt lat="48.664026176556945" lon="6.004971535876393">
        <ele>321.98</ele>
      </trkpt>
      <trkpt lat="48.66400488652289" lon="6.004650592803955">
        <ele>321.55</ele>
      </trkpt>
      <trkpt lat="48.663990469649434" lon="6.004234598949552">
        <ele>321.02</ele>
      </trkpt>
      <trkpt lat="48.66397613659501" lon="6.003818605095148">
        <ele>320.46</ele>
      </trkpt>
      <trkpt lat="48.66396197117865" lon="6.003406047821045">
        <ele>319.92</ele>
      </trkpt>
      <trkpt lat="48.66394579410553" lon="6.002975720912218">
        <ele>319.35</ele>
      </trkpt>
      <trkpt lat="48.66392970085144" lon="6.002545394003391">
        <ele>318.81</ele>
      </trkpt>
      <trkpt lat="48.66391352377832" lon="6.002115067094564">
        <ele>318.32</ele>
      </trkpt>
      <trkpt lat="48.66389759816229" lon="6.001689434051514">
        <ele>317.7</ele>
      </trkpt>
      <trkpt lat="48.6638867855072" lon="6.001226752996445">
        <ele>317.11</ele>
      </trkpt>
      <trkpt lat="48.663876140490174" lon="6.000766754150391">
        <ele>316.53</ele>
      </trkpt>
      <trkpt lat="48.66386172361672" lon="6.000429634004831">
        <ele>315.95</ele>
      </trkpt>
      <trkpt lat="48.663847390562296" lon="6.000092513859272">
        <ele>315.34</ele>
      </trkpt>
      <trkpt lat="48.663833225145936" lon="5.999758243560791">
        <ele>314.77</ele>
      </trkpt>
      <trkpt lat="48.663817048072815" lon="5.999370915815234">
        <ele>314.26</ele>
      </trkpt>
      <trkpt lat="48.663800954818726" lon="5.998983588069677">
        <ele>313.77</ele>
      </trkpt>
      <trkpt lat="48.663784777745605" lon="5.998596344143152">
        <ele>313.35</ele>
      </trkpt>
      <trkpt lat="48.66376885212958" lon="5.998213291168213">
        <ele>312.94</ele>
      </trkpt>
      <trkpt lat="48.66374731063843" lon="5.997754214331508">
        <ele>312.51</ele>
      </trkpt>
      <trkpt lat="48.66372576914728" lon="5.997295221313834">
        <ele>312.12</ele>
      </trkpt>
      <trkpt lat="48.66370447911322" lon="5.996840000152588">
        <ele>311.79</ele>
      </trkpt>
      <trkpt lat="48.66370447911322" lon="5.99653959274292">
        <ele>311.55</ele>
      </trkpt>
      <trkpt lat="48.66368721239269" lon="5.996109265834093">
        <ele>311.33</ele>
      </trkpt>
      <trkpt lat="48.663670029491186" lon="5.995678938925266">
        <ele>311.13</ele>
      </trkpt>
      <trkpt lat="48.663652846589684" lon="5.995248612016439">
        <ele>310.98</ele>
      </trkpt>
      <trkpt lat="48.66363557986915" lon="5.994818285107613">
        <ele>310.86</ele>
      </trkpt>
      <trkpt lat="48.663618648424745" lon="5.994393825531006">
        <ele>310.82</ele>
      </trkpt>
      <trkpt lat="48.663597106933594" lon="5.9939957689493895">
        <ele>310.85</ele>
      </trkpt>
      <trkpt lat="48.663575733080506" lon="5.993599891662598">
        <ele>310.83</ele>
      </trkpt>
      <trkpt lat="48.66353281773627" lon="5.993235111236572">
        <ele>310.75</ele>
      </trkpt>
      <trkpt lat="48.66351136006415" lon="5.993192195892334">
        <ele>310.83</ele>
      </trkpt>
      <trkpt lat="48.6633825302124" lon="5.9928059577941895">
        <ele>310.94</ele>
      </trkpt>
      <trkpt lat="48.6631890758872" lon="5.9924878645688295">
        <ele>311.17</ele>
      </trkpt>
      <trkpt lat="48.662995705381036" lon="5.992169855162501">
        <ele>311.47</ele>
      </trkpt>
      <trkpt lat="48.66280233487487" lon="5.991851845756173">
        <ele>311.76</ele>
      </trkpt>
      <trkpt lat="48.6626089643687" lon="5.991533836349845">
        <ele>312.1</ele>
      </trkpt>
      <trkpt lat="48.66241693496704" lon="5.991218090057373">
        <ele>312.45</ele>
      </trkpt>
      <trkpt lat="48.66227712482214" lon="5.990895554423332">
        <ele>312.82</ele>
      </trkpt>
      <trkpt lat="48.66213798522949" lon="5.990574359893799">
        <ele>313.21</ele>
      </trkpt>
      <trkpt lat="48.66203396581113" lon="5.990197928622365">
        <ele>313.57</ele>
      </trkpt>
      <trkpt lat="48.661930030211806" lon="5.989821581169963">
        <ele>313.95</ele>
      </trkpt>
      <trkpt lat="48.66182609461248" lon="5.989445149898529">
        <ele>314.43</ele>
      </trkpt>
      <trkpt lat="48.66172215901315" lon="5.989068802446127">
        <ele>314.88</ele>
      </trkpt>
      <trkpt lat="48.661618223413825" lon="5.988692454993725">
        <ele>315.28</ele>
      </trkpt>
      <trkpt lat="48.66151571273804" lon="5.988321304321289">
        <ele>315.7</ele>
      </trkpt>
      <trkpt lat="48.66143683902919" lon="5.987926851958036">
        <ele>316.15</ele>
      </trkpt>
      <trkpt lat="48.66135796532035" lon="5.9875324834138155">
        <ele>316.61</ele>
      </trkpt>
      <trkpt lat="48.66127967834473" lon="5.987141132354736">
        <ele>317.07</ele>
      </trkpt>
      <trkpt lat="48.66122947074473" lon="5.98677534610033">
        <ele>317.5</ele>
      </trkpt>
      <trkpt lat="48.66117926314473" lon="5.986409643664956">
        <ele>317.94</ele>
      </trkpt>
      <trkpt lat="48.66112947463989" lon="5.98604679107666">
        <ele>318.35</ele>
      </trkpt>
      <trkpt lat="48.661129558458924" lon="5.98604679107666">
        <ele>318.82</ele>
      </trkpt>
      <trkpt lat="48.66107566282153" lon="5.985584193840623">
        <ele>319.27</ele>
      </trkpt>
      <trkpt lat="48.6610221862793" lon="5.985124111175537">
        <ele>319.78</ele>
      </trkpt>
      <trkpt lat="48.660979103296995" lon="5.984887406229973">
        <ele>320.3</ele>
      </trkpt>
      <trkpt lat="48.66093635559082" lon="5.984652042388916">
        <ele>320.81</ele>
      </trkpt>
      <trkpt lat="48.66091498173773" lon="5.984587669372559">
        <ele>321.28</ele>
      </trkpt>
      <trkpt lat="48.66083602420986" lon="5.984286507591605">
        <ele>321.73</ele>
      </trkpt>
      <trkpt lat="48.66075715050101" lon="5.9839854296296835">
        <ele>322.11</ele>
      </trkpt>
      <trkpt lat="48.66067886352539" lon="5.983686447143555">
        <ele>322.5</ele>
      </trkpt>
      <trkpt lat="48.66067894734442" lon="5.983686447143555">
        <ele>322.89</ele>
      </trkpt>
      <trkpt lat="48.660564199090004" lon="5.983406910672784">
        <ele>323.24</ele>
      </trkpt>
      <trkpt lat="48.66044953465462" lon="5.983127458021045">
        <ele>323.56</ele>
      </trkpt>
      <trkpt lat="48.660335540771484" lon="5.982849597930908">
        <ele>323.85</ele>
      </trkpt>
      <trkpt lat="48.66016387939453" lon="5.982484817504883">
        <ele>324.11</ele>
      </trkpt>
      <trkpt lat="48.66016396321356" lon="5.982484817504883">
        <ele>324.32</ele>
      </trkpt>
      <trkpt lat="48.65999196656048" lon="5.9821839071810246">
        <ele>324.48</ele>
      </trkpt>
      <trkpt lat="48.65982064045966" lon="5.981884002685547">
        <ele>324.6</ele>
      </trkpt>
      <trkpt lat="48.65973480977118" lon="5.981733798980713">
        <ele>324.64</ele>
      </trkpt>
      <trkpt lat="48.65954848006368" lon="5.981425764039159">
        <ele>324.6</ele>
      </trkpt>
      <trkpt lat="48.659362234175205" lon="5.9811178129166365">
        <ele>324.55</ele>
      </trkpt>
      <trkpt lat="48.65917682647705" lon="5.98081111907959">
        <ele>324.39</ele>
      </trkpt>
      <trkpt lat="48.65917691029608" lon="5.98081111907959">
        <ele>324.09</ele>
      </trkpt>
      <trkpt lat="48.65915545262396" lon="5.980746746063232">
        <ele>323.69</ele>
      </trkpt>
      <trkpt lat="48.65902662277222" lon="5.980575084686279">
        <ele>323.2</ele>
      </trkpt>
      <trkpt lat="48.658951353281736" lon="5.980360005050898">
        <ele>322.63</ele>
      </trkpt>
      <trkpt lat="48.65887641906738" lon="5.9801459312438965">
        <ele>321.93</ele>
      </trkpt>
      <trkpt lat="48.658876502886415" lon="5.9801459312438965">
        <ele>321.05</ele>
      </trkpt>
      <trkpt lat="48.65881212987006" lon="5.979866981506348">
        <ele>320.06</ele>
      </trkpt>
      <trkpt lat="48.65876913070679" lon="5.9796953201293945">
        <ele>318.96</ele>
      </trkpt>
      <trkpt lat="48.65864038467407" lon="5.979824066162109">
        <ele>317.6</ele>
      </trkpt>
      <trkpt lat="48.65838264115155" lon="5.9800817258656025">
        <ele>316.14</ele>
      </trkpt>
      <trkpt lat="48.65812540054321" lon="5.980339050292969">
        <ele>314.51</ele>
      </trkpt>
      <trkpt lat="48.65793219767511" lon="5.980499982833862">
        <ele>312.67</ele>
      </trkpt>
      <trkpt lat="48.6577392462641" lon="5.980660915374756">
        <ele>310.71</ele>
      </trkpt>
      <trkpt lat="48.65750312805176" lon="5.980789661407471">
        <ele>308.58</ele>
      </trkpt>
      <trkpt lat="48.657288551330566" lon="5.980854034423828">
        <ele>306.4</ele>
      </trkpt>
      <trkpt lat="48.65703105926514" lon="5.980864679440856">
        <ele>304.06</ele>
      </trkpt>
      <trkpt lat="48.65677365101874" lon="5.9808754082769156">
        <ele>301.65</ele>
      </trkpt>
      <trkpt lat="48.65651615895331" lon="5.980886137112975">
        <ele>299.16</ele>
      </trkpt>
      <trkpt lat="48.65625858306885" lon="5.980896949768066">
        <ele>296.62</ele>
      </trkpt>
      <trkpt lat="48.65615129470825" lon="5.980961322784424">
        <ele>294.11</ele>
      </trkpt>
      <trkpt lat="48.65602263249457" lon="5.981154441833496">
        <ele>291.54</ele>
      </trkpt>
      <trkpt lat="48.655857844278216" lon="5.981390727683902">
        <ele>288.88</ele>
      </trkpt>
      <trkpt lat="48.655693139880896" lon="5.9816270135343075">
        <ele>286.15</ele>
      </trkpt>
      <trkpt lat="48.6555290222168" lon="5.981862545013428">
        <ele>283.41</ele>
      </trkpt>
      <trkpt lat="48.6553527507931" lon="5.982197821140289">
        <ele>280.6</ele>
      </trkpt>
      <trkpt lat="48.655176563188434" lon="5.982533097267151">
        <ele>277.86</ele>
      </trkpt>
      <trkpt lat="48.65500037558377" lon="5.9828683733940125">
        <ele>275.14</ele>
      </trkpt>
      <trkpt lat="48.65482410416007" lon="5.983203649520874">
        <ele>272.34</ele>
      </trkpt>
      <trkpt lat="48.654649341478944" lon="5.983536243438721">
        <ele>269.54</ele>
      </trkpt>
      <trkpt lat="48.654541969299316" lon="5.983901023864746">
        <ele>266.86</ele>
      </trkpt>
      <trkpt lat="48.654509698972106" lon="5.9842451848089695">
        <ele>264.21</ele>
      </trkpt>
      <trkpt lat="48.65447768010199" lon="5.984587669372559">
        <ele>261.47</ele>
      </trkpt>
      <trkpt lat="48.654420264065266" lon="5.98500357940793">
        <ele>258.74</ele>
      </trkpt>
      <trkpt lat="48.65436284802854" lon="5.985419489443302">
        <ele>256.1</ele>
      </trkpt>
      <trkpt lat="48.654305934906006" lon="5.985832214355469">
        <ele>253.46</ele>
      </trkpt>
      <trkpt lat="48.65426301956177" lon="5.986068248748779">
        <ele>250.92</ele>
      </trkpt>
      <trkpt lat="48.654155815020204" lon="5.986239910125732">
        <ele>248.37</ele>
      </trkpt>
      <trkpt lat="48.65415573120117" lon="5.986239910125732">
        <ele>245.99</ele>
      </trkpt>
      <trkpt lat="48.65398406982422" lon="5.986454486846924">
        <ele>243.49</ele>
      </trkpt>
      <trkpt lat="48.653812324628234" lon="5.986583232879639">
        <ele>241.06</ele>
      </trkpt>
      <trkpt lat="48.65364074707031" lon="5.9867119789123535">
        <ele>238.72</ele>
      </trkpt>
      <trkpt lat="48.65349054336548" lon="5.986905097961426">
        <ele>236.44</ele>
      </trkpt>
      <trkpt lat="48.65342600271106" lon="5.987173905596137">
        <ele>234.34</ele>
      </trkpt>
      <trkpt lat="48.653361797332764" lon="5.987441539764404">
        <ele>232.33</ele>
      </trkpt>
      <trkpt lat="48.6533079855144" lon="5.987764159217477">
        <ele>230.4</ele>
      </trkpt>
      <trkpt lat="48.65325450897217" lon="5.9880852699279785">
        <ele>228.57</ele>
      </trkpt>
      <trkpt lat="48.6532115098089" lon="5.988504784181714">
        <ele>226.8</ele>
      </trkpt>
      <trkpt lat="48.65316876210272" lon="5.988922119140625">
        <ele>225.21</ele>
      </trkpt>
      <trkpt lat="48.65314722061157" lon="5.98905086517334">
        <ele>223.74</ele>
      </trkpt>
      <trkpt lat="48.653082847595215" lon="5.9891581535339355">
        <ele>222.35</ele>
      </trkpt>
      <trkpt lat="48.65299701690674" lon="5.9891581535339355">
        <ele>221.04</ele>
      </trkpt>
      <trkpt lat="48.65288972854614" lon="5.989029407501221">
        <ele>219.78</ele>
      </trkpt>
      <trkpt lat="48.652882520109415" lon="5.988663621246815">
        <ele>218.72</ele>
      </trkpt>
      <trkpt lat="48.65287531167269" lon="5.988297834992409">
        <ele>217.74</ele>
      </trkpt>
      <trkpt lat="48.65286827087402" lon="5.9879350662231445">
        <ele>216.9</ele>
      </trkpt>
      <trkpt lat="48.652825355529785" lon="5.9877848625183105">
        <ele>216.09</ele>
      </trkpt>
      <trkpt lat="48.652610778808594" lon="5.987613201141357">
        <ele>215.26</ele>
      </trkpt>
      <trkpt lat="48.652546405792236" lon="5.987462997436523">
        <ele>214.63</ele>
      </trkpt>
      <trkpt lat="48.65252494812012" lon="5.987269878387451">
        <ele>214.12</ele>
      </trkpt>
      <trkpt lat="48.652546405792236" lon="5.986889759078622">
        <ele>213.69</ele>
      </trkpt>
      <trkpt lat="48.65256794728339" lon="5.986509639769793">
        <ele>213.43</ele>
      </trkpt>
      <trkpt lat="48.652589321136475" lon="5.986132621765137">
        <ele>213.24</ele>
      </trkpt>
      <trkpt lat="48.6526036541909" lon="5.985705815255642">
        <ele>213.08</ele>
      </trkpt>
      <trkpt lat="48.65261798724532" lon="5.985279092565179">
        <ele>212.93</ele>
      </trkpt>
      <trkpt lat="48.652632320299745" lon="5.984852369874716">
        <ele>212.79</ele>
      </trkpt>
      <trkpt lat="48.65264665335417" lon="5.984425647184253">
        <ele>212.75</ele>
      </trkpt>
      <trkpt lat="48.65266098640859" lon="5.98399892449379">
        <ele>212.71</ele>
      </trkpt>
      <trkpt lat="48.65267515182495" lon="5.983579158782959">
        <ele>212.73</ele>
      </trkpt>
      <trkpt lat="48.65267515182495" lon="5.983256371691823">
        <ele>212.77</ele>
      </trkpt>
      <trkpt lat="48.65267515182495" lon="5.982933668419719">
        <ele>212.87</ele>
      </trkpt>
      <trkpt lat="48.65267515182495" lon="5.982613563537598">
        <ele>212.96</ele>
      </trkpt>
      <trkpt lat="48.65265897475183" lon="5.982188601046801">
        <ele>213.0</ele>
      </trkpt>
      <trkpt lat="48.65264288149774" lon="5.981763638556004">
        <ele>213.1</ele>
      </trkpt>
      <trkpt lat="48.65262670442462" lon="5.9813386760652065">
        <ele>213.21</ele>
      </trkpt>
      <trkpt lat="48.652610778808594" lon="5.9809184074401855">
        <ele>213.22</ele>
      </trkpt>
      <trkpt lat="48.65256769582629" lon="5.980488080531359">
        <ele>213.25</ele>
      </trkpt>
      <trkpt lat="48.65252494812012" lon="5.98006010055542">
        <ele>213.26</ele>
      </trkpt>
      <trkpt lat="48.65245604887605" lon="5.979677131399512">
        <ele>213.29</ele>
      </trkpt>
      <trkpt lat="48.65238723345101" lon="5.979294246062636">
        <ele>213.29</ele>
      </trkpt>
      <trkpt lat="48.65231841802597" lon="5.978911276906729">
        <ele>213.26</ele>
      </trkpt>
      <trkpt lat="48.65224960260093" lon="5.978528391569853">
        <ele>213.14</ele>
      </trkpt>
      <trkpt lat="48.65218162536621" lon="5.978150367736816">
        <ele>213.0</ele>
      </trkpt>
      <trkpt lat="48.65213871002197" lon="5.978043079376221">
        <ele>212.92</ele>
      </trkpt>
      <trkpt lat="48.65203150548041" lon="5.977914333343506">
        <ele>212.79</ele>
      </trkpt>
      <trkpt lat="48.65188121795654" lon="5.977914333343506">
        <ele>212.67</ele>
      </trkpt>
      <trkpt lat="48.65165054798126" lon="5.9780054446309805">
        <ele>212.56</ele>
      </trkpt>
      <trkpt lat="48.65141987800598" lon="5.978096639737487">
        <ele>212.48</ele>
      </trkpt>
      <trkpt lat="48.6511892080307" lon="5.978187834843993">
        <ele>212.45</ele>
      </trkpt>
      <trkpt lat="48.65095862187445" lon="5.978279113769531">
        <ele>212.43</ele>
      </trkpt>
      <trkpt lat="48.650851249694824" lon="5.978279113769531">
        <ele>212.35</ele>
      </trkpt>
      <trkpt lat="48.65076541900635" lon="5.978236198425293">
        <ele>212.28</ele>
      </trkpt>
      <trkpt lat="48.65070104598999" lon="5.978150367736816">
        <ele>212.21</ele>
      </trkpt>
      <trkpt lat="48.650658214464784" lon="5.977935791015625">
        <ele>212.13</ele>
      </trkpt>
      <trkpt lat="48.650615299120545" lon="5.977528095245361">
        <ele>212.08</ele>
      </trkpt>
      <trkpt lat="48.65056140348315" lon="5.977108497172594">
        <ele>211.99</ele>
      </trkpt>
      <trkpt lat="48.65050792694092" lon="5.976691246032715">
        <ele>211.89</ele>
      </trkpt>
      <trkpt lat="48.65050801075995" lon="5.976691246032715">
        <ele>211.87</ele>
      </trkpt>
      <trkpt lat="48.65039326250553" lon="5.976253878325224">
        <ele>211.85</ele>
      </trkpt>
      <trkpt lat="48.65027851425111" lon="5.975816510617733">
        <ele>211.95</ele>
      </trkpt>
      <trkpt lat="48.650163849815726" lon="5.975379226729274">
        <ele>212.0</ele>
      </trkpt>
      <trkpt lat="48.65004910156131" lon="5.974941859021783">
        <ele>212.02</ele>
      </trkpt>
      <trkpt lat="48.64993435330689" lon="5.974504575133324">
        <ele>211.96</ele>
      </trkpt>
      <trkpt lat="48.649821281433105" lon="5.97407341003418">
        <ele>212.01</ele>
      </trkpt>
      <trkpt lat="48.64977836608887" lon="5.973966121673584">
        <ele>212.08</ele>
      </trkpt>
      <trkpt lat="48.64969253540039" lon="5.973837375640869">
        <ele>212.19</ele>
      </trkpt>
      <trkpt lat="48.649585247039795" lon="5.97381591796875">
        <ele>212.31</ele>
      </trkpt>
      <trkpt lat="48.64952087402344" lon="5.973837375640869">
        <ele>212.46</ele>
      </trkpt>
      <trkpt lat="48.64924200810492" lon="5.974009037017822">
        <ele>212.69</ele>
      </trkpt>
      <trkpt lat="48.64915609359741" lon="5.9740519523620605">
        <ele>212.92</ele>
      </trkpt>
      <trkpt lat="48.649156177416444" lon="5.9740519523620605">
        <ele>213.11</ele>
      </trkpt>
      <trkpt lat="48.64913463592529" lon="5.97407341003418">
        <ele>213.33</ele>
      </trkpt>
      <trkpt lat="48.64894151687622" lon="5.974137783050537">
        <ele>213.67</ele>
      </trkpt>
      <trkpt lat="48.64879131317139" lon="5.974030494689941">
        <ele>213.94</ele>
      </trkpt>
      <trkpt lat="48.64874839782715" lon="5.973944664001465">
        <ele>214.16</ele>
      </trkpt>
      <trkpt lat="48.648632979020476" lon="5.973535962402821">
        <ele>214.41</ele>
      </trkpt>
      <trkpt lat="48.648517644032836" lon="5.973127344623208">
        <ele>214.66</ele>
      </trkpt>
      <trkpt lat="48.648402309045196" lon="5.9727187268435955">
        <ele>214.9</ele>
      </trkpt>
      <trkpt lat="48.648286974057555" lon="5.972310109063983">
        <ele>215.09</ele>
      </trkpt>
      <trkpt lat="48.648171639069915" lon="5.971901407465339">
        <ele>215.32</ele>
      </trkpt>
      <trkpt lat="48.648056304082274" lon="5.971492789685726">
        <ele>215.56</ele>
      </trkpt>
      <trkpt lat="48.6479408852756" lon="5.971084171906114">
        <ele>215.78</ele>
      </trkpt>
      <trkpt lat="48.64782555028796" lon="5.970675554126501">
        <ele>216.02</ele>
      </trkpt>
      <trkpt lat="48.64771021530032" lon="5.9702669363468885">
        <ele>216.21</ele>
      </trkpt>
      <trkpt lat="48.64759488031268" lon="5.969858318567276">
        <ele>216.44</ele>
      </trkpt>
      <trkpt lat="48.64748239517212" lon="5.9694600105285645">
        <ele>216.71</ele>
      </trkpt>
      <trkpt lat="48.64748247899115" lon="5.9694600105285645">
        <ele>216.95</ele>
      </trkpt>
      <trkpt lat="48.64737183786929" lon="5.969085171818733">
        <ele>217.26</ele>
      </trkpt>
      <trkpt lat="48.64726119674742" lon="5.968710333108902">
        <ele>217.53</ele>
      </trkpt>
      <trkpt lat="48.64715063944459" lon="5.968335494399071">
        <ele>217.82</ele>
      </trkpt>
      <trkpt lat="48.647039998322725" lon="5.9679606556892395">
        <ele>218.07</ele>
      </trkpt>
      <trkpt lat="48.64692935720086" lon="5.96758590079844">
        <ele>218.32</ele>
      </trkpt>
      <trkpt lat="48.64681879989803" lon="5.967211062088609">
        <ele>218.55</ele>
      </trkpt>
      <trkpt lat="48.64670991897583" lon="5.966842174530029">
        <ele>218.74</ele>
      </trkpt>
      <trkpt lat="48.64652358926833" lon="5.966498265042901">
        <ele>219.03</ele>
      </trkpt>
      <trkpt lat="48.646337343379855" lon="5.9661544393748045">
        <ele>219.24</ele>
      </trkpt>
      <trkpt lat="48.64615201950073" lon="5.9658122062683105">
        <ele>219.58</ele>
      </trkpt>
      <trkpt lat="48.64601757377386" lon="5.965408952906728">
        <ele>219.8</ele>
      </trkpt>
      <trkpt lat="48.64588321186602" lon="5.965005783364177">
        <ele>219.92</ele>
      </trkpt>
      <trkpt lat="48.64574876613915" lon="5.964602613821626">
        <ele>220.16</ele>
      </trkpt>
      <trkpt lat="48.645615577697754" lon="5.964202880859375">
        <ele>220.41</ele>
      </trkpt>
      <trkpt lat="48.64549722522497" lon="5.963794179260731">
        <ele>220.72</ele>
      </trkpt>
      <trkpt lat="48.64537895657122" lon="5.963385561481118">
        <ele>221.04</ele>
      </trkpt>
      <trkpt lat="48.64526068791747" lon="5.962976943701506">
        <ele>221.38</ele>
      </trkpt>
      <trkpt lat="48.64514350891113" lon="5.96257209777832">
        <ele>221.7</ele>
      </trkpt>
      <trkpt lat="48.64503596909344" lon="5.962157277390361">
        <ele>221.91</ele>
      </trkpt>
      <trkpt lat="48.64492842927575" lon="5.961742457002401">
        <ele>222.15</ele>
      </trkpt>
      <trkpt lat="48.64482088945806" lon="5.961327636614442">
        <ele>222.37</ele>
      </trkpt>
      <trkpt lat="48.64471334964037" lon="5.960912816226482">
        <ele>222.53</ele>
      </trkpt>
      <trkpt lat="48.64460580982268" lon="5.960498079657555">
        <ele>222.66</ele>
      </trkpt>
      <trkpt lat="48.64449827000499" lon="5.960083259269595">
        <ele>222.7</ele>
      </trkpt>
      <trkpt lat="48.64439249038696" lon="5.959675312042236">
        <ele>222.76</ele>
      </trkpt>
      <trkpt lat="48.64429567940533" lon="5.959288151934743">
        <ele>222.91</ele>
      </trkpt>
      <trkpt lat="48.64419937133789" lon="5.958902835845947">
        <ele>222.98</ele>
      </trkpt>
      <trkpt lat="48.64413483068347" lon="5.958483321592212">
        <ele>223.11</ele>
      </trkpt>
      <trkpt lat="48.644070625305176" lon="5.958065986633301">
        <ele>223.27</ele>
      </trkpt>
      <trkpt lat="48.64401605911553" lon="5.957628451287746">
        <ele>223.33</ele>
      </trkpt>
      <trkpt lat="48.643961576744914" lon="5.957190999761224">
        <ele>223.36</ele>
      </trkpt>
      <trkpt lat="48.6439070943743" lon="5.956753548234701">
        <ele>223.35</ele>
      </trkpt>
      <trkpt lat="48.643852612003684" lon="5.9563160967081785">
        <ele>223.19</ele>
      </trkpt>
      <trkpt lat="48.64379812963307" lon="5.955878645181656">
        <ele>223.19</ele>
      </trkpt>
      <trkpt lat="48.643743647262454" lon="5.955441193655133">
        <ele>223.22</ele>
      </trkpt>
      <trkpt lat="48.64368916489184" lon="5.955003742128611">
        <ele>223.14</ele>
      </trkpt>
      <trkpt lat="48.643634682521224" lon="5.954566290602088">
        <ele>222.95</ele>
      </trkpt>
      <trkpt lat="48.64358020015061" lon="5.954128755256534">
        <ele>222.85</ele>
      </trkpt>
      <trkpt lat="48.64352563396096" lon="5.953691303730011">
        <ele>222.76</ele>
      </trkpt>
      <trkpt lat="48.64347115159035" lon="5.953253852203488">
        <ele>222.6</ele>
      </trkpt>
      <trkpt lat="48.64341666921973" lon="5.952816400676966">
        <ele>222.57</ele>
      </trkpt>
      <trkpt lat="48.64336218684912" lon="5.952378949150443">
        <ele>222.26</ele>
      </trkpt>
      <trkpt lat="48.6433077044785" lon="5.95194149762392">
        <ele>221.99</ele>
      </trkpt>
      <trkpt lat="48.64325523376465" lon="5.951521396636963">
        <ele>221.75</ele>
      </trkpt>
      <trkpt lat="48.64321215078235" lon="5.9510608948767185">
        <ele>221.5</ele>
      </trkpt>
      <trkpt lat="48.64316915161908" lon="5.950600476935506">
        <ele>221.14</ele>
      </trkpt>
      <trkpt lat="48.64312615245581" lon="5.950140058994293">
        <ele>220.69</ele>
      </trkpt>
      <trkpt lat="48.643083069473505" lon="5.949679641053081">
        <ele>220.35</ele>
      </trkpt>
      <trkpt lat="48.64304065704346" lon="5.949225425720215">
        <ele>220.06</ele>
      </trkpt>
      <trkpt lat="48.643019115552306" lon="5.948848826810718">
        <ele>219.56</ele>
      </trkpt>
      <trkpt lat="48.642997574061155" lon="5.948472311720252">
        <ele>219.15</ele>
      </trkpt>
      <trkpt lat="48.642976032570004" lon="5.9480957966297865">
        <ele>218.77</ele>
      </trkpt>
      <trkpt lat="48.64295482635498" lon="5.947723388671875">
        <ele>218.35</ele>
      </trkpt>
      <trkpt lat="48.64294862374663" lon="5.947293061763048">
        <ele>217.78</ele>
      </trkpt>
      <trkpt lat="48.64294250495732" lon="5.946862734854221">
        <ele>217.19</ele>
      </trkpt>
      <trkpt lat="48.642936386168" lon="5.9464324079453945">
        <ele>216.7</ele>
      </trkpt>
      <trkpt lat="48.642930183559656" lon="5.946002081036568">
        <ele>216.29</ele>
      </trkpt>
      <trkpt lat="48.64292406477034" lon="5.945571754127741">
        <ele>215.82</ele>
      </trkpt>
      <trkpt lat="48.642917945981026" lon="5.945141427218914">
        <ele>215.29</ele>
      </trkpt>
      <trkpt lat="48.64291191101074" lon="5.944719314575195">
        <ele>214.97</ele>
      </trkpt>
      <trkpt lat="48.6429226398468" lon="5.944245904684067">
        <ele>214.75</ele>
      </trkpt>
      <trkpt lat="48.64293336868286" lon="5.94377257861197">
        <ele>214.53</ele>
      </trkpt>
      <trkpt lat="48.64294418133795" lon="5.943299168720841">
        <ele>214.38</ele>
      </trkpt>
      <trkpt lat="48.64295482635498" lon="5.942831039428711">
        <ele>214.35</ele>
      </trkpt>
      <trkpt lat="48.64291191101074" lon="5.942809581756592">
        <ele>214.36</ele>
      </trkpt>
      <trkpt lat="48.64287603646517" lon="5.94316815957427">
        <ele>214.38</ele>
      </trkpt>
      <trkpt lat="48.642840161919594" lon="5.943526737391949">
        <ele>214.58</ele>
      </trkpt>
      <trkpt lat="48.64280462265015" lon="5.943882465362549">
        <ele>214.84</ele>
      </trkpt>
      <trkpt lat="48.64280462265015" lon="5.943946838378906">
        <ele>215.16</ele>
      </trkpt>
      <trkpt lat="48.64280470646918" lon="5.943946838378906">
        <ele>215.55</ele>
      </trkpt>
      <trkpt lat="48.642750810831785" lon="5.944269457831979">
        <ele>216.03</ele>
      </trkpt>
      <trkpt lat="48.64269733428955" lon="5.9445905685424805">
        <ele>216.59</ele>
      </trkpt>
      <trkpt lat="48.64262206479907" lon="5.9448055643588305">
        <ele>217.27</ele>
      </trkpt>
      <trkpt lat="48.64254713058472" lon="5.945019721984863">
        <ele>218.06</ele>
      </trkpt>
      <trkpt lat="48.642354011535645" lon="5.945255756378174">
        <ele>218.99</ele>
      </trkpt>
      <trkpt lat="48.642117977142334" lon="5.945470333099365">
        <ele>220.05</ele>
      </trkpt>
      <trkpt lat="48.64191404543817" lon="5.945556163787842">
        <ele>220.99</ele>
      </trkpt>
      <trkpt lat="48.64171028137207" lon="5.945641994476318">
        <ele>221.88</ele>
      </trkpt>
      <trkpt lat="48.64145278930664" lon="5.945792198181152">
        <ele>222.74</ele>
      </trkpt>
      <trkpt lat="48.64128112792969" lon="5.9461140632629395">
        <ele>223.81</ele>
      </trkpt>
      <trkpt lat="48.64121675491333" lon="5.946435928344727">
        <ele>224.91</ele>
      </trkpt>
      <trkpt lat="48.64123829640448" lon="5.946876984089613">
        <ele>226.19</ele>
      </trkpt>
      <trkpt lat="48.6412597540766" lon="5.947315692901611">
        <ele>227.42</ele>
      </trkpt>
      <trkpt lat="48.64122739993036" lon="5.947627583518624">
        <ele>228.56</ele>
      </trkpt>
      <trkpt lat="48.64119529724121" lon="5.947937965393066">
        <ele>229.77</ele>
      </trkpt>
      <trkpt lat="48.641109466552734" lon="5.948367118835449">
        <ele>231.05</ele>
      </trkpt>
      <trkpt lat="48.64098038524389" lon="5.94873265363276">
        <ele>232.27</ele>
      </trkpt>
      <trkpt lat="48.64085138775408" lon="5.949098188430071">
        <ele>233.52</ele>
      </trkpt>
      <trkpt lat="48.64072239026427" lon="5.949463723227382">
        <ele>234.75</ele>
      </trkpt>
      <trkpt lat="48.64059339277446" lon="5.9498292580246925">
        <ele>235.99</ele>
      </trkpt>
      <trkpt lat="48.64046573638916" lon="5.950191020965576">
        <ele>237.22</ele>
      </trkpt>
      <trkpt lat="48.64039038307965" lon="5.950449015945196">
        <ele>238.51</ele>
      </trkpt>
      <trkpt lat="48.640315532684326" lon="5.9507060050964355">
        <ele>239.81</ele>
      </trkpt>
      <trkpt lat="48.64027270115912" lon="5.950984954833984">
        <ele>241.17</ele>
      </trkpt>
      <trkpt lat="48.640259709209204" lon="5.95143673941493">
        <ele>242.53</ele>
      </trkpt>
      <trkpt lat="48.64024680107832" lon="5.951888607814908">
        <ele>243.87</ele>
      </trkpt>
      <trkpt lat="48.640233892947435" lon="5.952340392395854">
        <ele>245.26</ele>
      </trkpt>
      <trkpt lat="48.64022098481655" lon="5.952792260795832">
        <ele>246.69</ele>
      </trkpt>
      <trkpt lat="48.64020824432373" lon="5.953238010406494">
        <ele>248.11</ele>
      </trkpt>
      <trkpt lat="48.64021017216146" lon="5.953697673976421">
        <ele>249.55</ele>
      </trkpt>
      <trkpt lat="48.64021218381822" lon="5.954157337546349">
        <ele>251.09</ele>
      </trkpt>
      <trkpt lat="48.64021411165595" lon="5.954617001116276">
        <ele>252.65</ele>
      </trkpt>
      <trkpt lat="48.64021612331271" lon="5.955076664686203">
        <ele>254.19</ele>
      </trkpt>
      <trkpt lat="48.64021805115044" lon="5.95553632825613">
        <ele>255.7</ele>
      </trkpt>
      <trkpt lat="48.6402200628072" lon="5.955995991826057">
        <ele>257.25</ele>
      </trkpt>
      <trkpt lat="48.64022199064493" lon="5.956455655395985">
        <ele>258.85</ele>
      </trkpt>
      <trkpt lat="48.64022400230169" lon="5.956915318965912">
        <ele>260.42</ele>
      </trkpt>
      <trkpt lat="48.64022593013942" lon="5.957374982535839">
        <ele>261.99</ele>
      </trkpt>
      <trkpt lat="48.640227941796184" lon="5.957834646105766">
        <ele>263.54</ele>
      </trkpt>
      <trkpt lat="48.64022978581488" lon="5.958280563354492">
        <ele>265.12</ele>
      </trkpt>
      <trkpt lat="48.64023691043258" lon="5.958743160590529">
        <ele>266.72</ele>
      </trkpt>
      <trkpt lat="48.64024403505027" lon="5.959205757826567">
        <ele>268.21</ele>
      </trkpt>
      <trkpt lat="48.640251243487" lon="5.959668355062604">
        <ele>269.64</ele>
      </trkpt>
      <trkpt lat="48.640258368104696" lon="5.960130952298641">
        <ele>271.08</ele>
      </trkpt>
      <trkpt lat="48.640265576541424" lon="5.9605935495346785">
        <ele>272.59</ele>
      </trkpt>
      <trkpt lat="48.64027261734009" lon="5.961048603057861">
        <ele>274.08</ele>
      </trkpt>
      <trkpt lat="48.64027270115912" lon="5.961048603057861">
        <ele>275.42</ele>
      </trkpt>
      <trkpt lat="48.640277897939086" lon="5.9615179896354675">
        <ele>276.86</ele>
      </trkpt>
      <trkpt lat="48.640283178538084" lon="5.9619874600321054">
        <ele>278.24</ele>
      </trkpt>
      <trkpt lat="48.64028845913708" lon="5.962456846609712">
        <ele>279.48</ele>
      </trkpt>
      <trkpt lat="48.64029373973608" lon="5.96292631700635">
        <ele>280.69</ele>
      </trkpt>
      <trkpt lat="48.64029893651605" lon="5.963395703583956">
        <ele>281.92</ele>
      </trkpt>
      <trkpt lat="48.640304217115045" lon="5.963865173980594">
        <ele>283.09</ele>
      </trkpt>
      <trkpt lat="48.64030949771404" lon="5.964334644377232">
        <ele>284.14</ele>
      </trkpt>
      <trkpt lat="48.64031477831304" lon="5.964804030954838">
        <ele>285.0</ele>
      </trkpt>
      <trkpt lat="48.64031997509301" lon="5.965273501351476">
        <ele>285.73</ele>
      </trkpt>
      <trkpt lat="48.640325255692005" lon="5.965742887929082">
        <ele>286.52</ele>
      </trkpt>
      <trkpt lat="48.640330536291" lon="5.96621235832572">
        <ele>287.42</ele>
      </trkpt>
      <trkpt lat="48.64033581689" lon="5.966681828722358">
        <ele>288.26</ele>
      </trkpt>
      <trkpt lat="48.64034101366997" lon="5.967151215299964">
        <ele>289.02</ele>
      </trkpt>
      <trkpt lat="48.640346294268966" lon="5.967620685696602">
        <ele>289.67</ele>
      </trkpt>
      <trkpt lat="48.640351574867964" lon="5.968090072274208">
        <ele>290.28</ele>
      </trkpt>
      <trkpt lat="48.64035685546696" lon="5.968559542670846">
        <ele>290.77</ele>
      </trkpt>
      <trkpt lat="48.64036163315177" lon="5.96900730393827">
        <ele>291.11</ele>
      </trkpt>
      <trkpt lat="48.640366829931736" lon="5.969474259763956">
        <ele>291.36</ele>
      </trkpt>
      <trkpt lat="48.6403720267117" lon="5.969941299408674">
        <ele>291.58</ele>
      </trkpt>
      <trkpt lat="48.6403773073107" lon="5.970408255234361">
        <ele>291.67</ele>
      </trkpt>
      <trkpt lat="48.64038250409067" lon="5.970875294879079">
        <ele>291.71</ele>
      </trkpt>
      <trkpt lat="48.640387784689665" lon="5.971342250704765">
        <ele>291.73</ele>
      </trkpt>
      <trkpt lat="48.64039298146963" lon="5.9718092903494835">
        <ele>291.6</ele>
      </trkpt>
      <trkpt lat="48.64039826206863" lon="5.972276329994202">
        <ele>291.39</ele>
      </trkpt>
      <trkpt lat="48.640403458848596" lon="5.972743285819888">
        <ele>291.1</ele>
      </trkpt>
      <trkpt lat="48.640408739447594" lon="5.973210325464606">
        <ele>290.84</ele>
      </trkpt>
      <trkpt lat="48.64041393622756" lon="5.9736773651093245">
        <ele>290.58</ele>
      </trkpt>
      <trkpt lat="48.64041921682656" lon="5.974144320935011">
        <ele>290.32</ele>
      </trkpt>
      <trkpt lat="48.640424413606524" lon="5.974611360579729">
        <ele>290.05</ele>
      </trkpt>
      <trkpt lat="48.64042969420552" lon="5.9750783164054155">
        <ele>289.92</ele>
      </trkpt>
      <trkpt lat="48.64043489098549" lon="5.975545356050134">
        <ele>289.94</ele>
      </trkpt>
      <trkpt lat="48.64044017158449" lon="5.976012395694852">
        <ele>290.02</ele>
      </trkpt>
      <trkpt lat="48.64044536836445" lon="5.976479351520538">
        <ele>290.08</ele>
      </trkpt>
      <trkpt lat="48.64045064896345" lon="5.9769463911652565">
        <ele>290.15</ele>
      </trkpt>
      <trkpt lat="48.64045584574342" lon="5.977413346990943">
        <ele>290.32</ele>
      </trkpt>
      <trkpt lat="48.640461126342416" lon="5.977880386635661">
        <ele>290.4</ele>
      </trkpt>
      <trkpt lat="48.64046573638916" lon="5.9783220291137695">
        <ele>290.51</ele>
      </trkpt>
      <trkpt lat="48.64054100587964" lon="5.978741459548473">
        <ele>290.73</ele>
      </trkpt>
      <trkpt lat="48.640616023913026" lon="5.979158878326416">
        <ele>291.13</ele>
      </trkpt>
      <trkpt lat="48.640691293403506" lon="5.979609405621886">
        <ele>291.64</ele>
      </trkpt>
      <trkpt lat="48.64076664671302" lon="5.9800599329173565">
        <ele>292.11</ele>
      </trkpt>
      <trkpt lat="48.6408419162035" lon="5.980510460212827">
        <ele>292.62</ele>
      </trkpt>
      <trkpt lat="48.64091726951301" lon="5.980960987508297">
        <ele>293.24</ele>
      </trkpt>
      <trkpt lat="48.64099262282252" lon="5.981411514803767">
        <ele>294.01</ele>
      </trkpt>
      <trkpt lat="48.641067892313" lon="5.981862042099237">
        <ele>294.7</ele>
      </trkpt>
      <trkpt lat="48.641143245622516" lon="5.982312569394708">
        <ele>295.44</ele>
      </trkpt>
      <trkpt lat="48.64121859893203" lon="5.982763096690178">
        <ele>296.37</ele>
      </trkpt>
      <trkpt lat="48.64129386842251" lon="5.983213623985648">
        <ele>297.32</ele>
      </trkpt>
      <trkpt lat="48.64136922173202" lon="5.983664151281118">
        <ele>298.19</ele>
      </trkpt>
      <trkpt lat="48.6414444912225" lon="5.98411476239562">
        <ele>299.1</ele>
      </trkpt>
      <trkpt lat="48.64151984453201" lon="5.984565289691091">
        <ele>300.09</ele>
      </trkpt>
      <trkpt lat="48.641595197841525" lon="5.985015816986561">
        <ele>301.14</ele>
      </trkpt>
      <trkpt lat="48.641670467332006" lon="5.985466344282031">
        <ele>302.3</ele>
      </trkpt>
      <trkpt lat="48.64174582064152" lon="5.985916871577501">
        <ele>303.42</ele>
      </trkpt>
      <trkpt lat="48.64182117395103" lon="5.9863673988729715">
        <ele>304.5</ele>
      </trkpt>
      <trkpt lat="48.64189644344151" lon="5.9868180099874735">
        <ele>305.64</ele>
      </trkpt>
      <trkpt lat="48.64197179675102" lon="5.987268537282944">
        <ele>306.84</ele>
      </trkpt>
      <trkpt lat="48.6420470662415" lon="5.987719064578414">
        <ele>308.06</ele>
      </trkpt>
      <trkpt lat="48.642122419551015" lon="5.988169591873884">
        <ele>309.25</ele>
      </trkpt>
      <trkpt lat="48.64219777286053" lon="5.988620119169354">
        <ele>310.28</ele>
      </trkpt>
      <trkpt lat="48.64227304235101" lon="5.989070730283856">
        <ele>311.33</ele>
      </trkpt>
      <trkpt lat="48.64234839566052" lon="5.989521257579327">
        <ele>312.42</ele>
      </trkpt>
      <trkpt lat="48.64242374897003" lon="5.989971784874797">
        <ele>313.46</ele>
      </trkpt>
      <trkpt lat="48.64249901846051" lon="5.990422312170267">
        <ele>314.34</ele>
      </trkpt>
      <trkpt lat="48.642574371770024" lon="5.990872923284769">
        <ele>315.08</ele>
      </trkpt>
      <trkpt lat="48.642649725079536" lon="5.991323450580239">
        <ele>315.84</ele>
      </trkpt>
      <trkpt lat="48.64272499457002" lon="5.9917739778757095">
        <ele>316.59</ele>
      </trkpt>
      <trkpt lat="48.64280034787953" lon="5.99222450517118">
        <ele>317.23</ele>
      </trkpt>
      <trkpt lat="48.64287561737001" lon="5.992675116285682">
        <ele>317.83</ele>
      </trkpt>
      <trkpt lat="48.64295097067952" lon="5.993125643581152">
        <ele>318.39</ele>
      </trkpt>
      <trkpt lat="48.643026323989034" lon="5.993576170876622">
        <ele>318.81</ele>
      </trkpt>
      <trkpt lat="48.643101593479514" lon="5.994026781991124">
        <ele>319.18</ele>
      </trkpt>
      <trkpt lat="48.643176946789026" lon="5.994477309286594">
        <ele>319.46</ele>
      </trkpt>
      <trkpt lat="48.64325230009854" lon="5.994927836582065">
        <ele>319.63</ele>
      </trkpt>
      <trkpt lat="48.64331969060004" lon="5.995337963104248">
        <ele>319.8</ele>
      </trkpt>
      <trkpt lat="48.64339278079569" lon="5.9957796055823565">
        <ele>320.09</ele>
      </trkpt>
      <trkpt lat="48.64346595481038" lon="5.996221331879497">
        <ele>320.42</ele>
      </trkpt>
      <trkpt lat="48.64353912882507" lon="5.996663058176637">
        <ele>320.75</ele>
      </trkpt>
      <trkpt lat="48.643612219020724" lon="5.997104784473777">
        <ele>321.0</ele>
      </trkpt>
      <trkpt lat="48.64368539303541" lon="5.997546510770917">
        <ele>321.18</ele>
      </trkpt>
      <trkpt lat="48.6437585670501" lon="5.997988153249025">
        <ele>321.28</ele>
      </trkpt>
      <trkpt lat="48.643831657245755" lon="5.9984298795461655">
        <ele>321.37</ele>
      </trkpt>
      <trkpt lat="48.64390483126044" lon="5.998871605843306">
        <ele>321.42</ele>
      </trkpt>
      <trkpt lat="48.64397800527513" lon="5.999313332140446">
        <ele>321.45</ele>
      </trkpt>
      <trkpt lat="48.644051095470786" lon="5.999755058437586">
        <ele>321.41</ele>
      </trkpt>
      <trkpt lat="48.644124269485474" lon="6.000196784734726">
        <ele>321.46</ele>
      </trkpt>
      <trkpt lat="48.64419744350016" lon="6.000638511031866">
        <ele>321.49</ele>
      </trkpt>
      <trkpt lat="48.64427053369582" lon="6.001080237329006">
        <ele>321.59</ele>
      </trkpt>
      <trkpt lat="48.644343707710505" lon="6.001521963626146">
        <ele>321.7</ele>
      </trkpt>
      <trkpt lat="48.64441394805908" lon="6.001946926116943">
        <ele>321.73</ele>
      </trkpt>
      <trkpt lat="48.644527941942215" lon="6.0023791808635">
        <ele>321.71</ele>
      </trkpt>
      <trkpt lat="48.64464193582535" lon="6.002811435610056">
        <ele>321.71</ele>
      </trkpt>
      <trkpt lat="48.64475592970848" lon="6.003243774175644">
        <ele>321.8</ele>
      </trkpt>
      <trkpt lat="48.644869923591614" lon="6.0036760289222">
        <ele>321.91</ele>
      </trkpt>
      <trkpt lat="48.64498391747475" lon="6.004108367487788">
        <ele>321.95</ele>
      </trkpt>
      <trkpt lat="48.64509791135788" lon="6.0045406222343445">
        <ele>321.97</ele>
      </trkpt>
      <trkpt lat="48.64521190524101" lon="6.0049729607999325">
        <ele>321.98</ele>
      </trkpt>
      <trkpt lat="48.64532598294318" lon="6.005405215546489">
        <ele>322.06</ele>
      </trkpt>
      <trkpt lat="48.64543997682631" lon="6.005837554112077">
        <ele>322.23</ele>
      </trkpt>
      <trkpt lat="48.64555128850043" lon="6.006259918212891">
        <ele>322.36</ele>
      </trkpt>
      <trkpt lat="48.645572662353516" lon="6.006560325622559">
        <ele>322.43</ele>
      </trkpt>
      <trkpt lat="48.64548440091312" lon="6.007003393024206">
        <ele>322.52</ele>
      </trkpt>
      <trkpt lat="48.645396223291755" lon="6.0074465442448854">
        <ele>322.66</ele>
      </trkpt>
      <trkpt lat="48.64530804567039" lon="6.007889695465565">
        <ele>322.85</ele>
      </trkpt>
      <trkpt lat="48.645219868049026" lon="6.008332846686244">
        <ele>323.12</ele>
      </trkpt>
      <trkpt lat="48.64513169042766" lon="6.008775997906923">
        <ele>323.46</ele>
      </trkpt>
      <trkpt lat="48.645043512806296" lon="6.009219065308571">
        <ele>323.71</ele>
      </trkpt>
      <trkpt lat="48.64495533518493" lon="6.00966221652925">
        <ele>323.91</ele>
      </trkpt>
      <trkpt lat="48.644867073744535" lon="6.010105367749929">
        <ele>324.09</ele>
      </trkpt>
      <trkpt lat="48.64477889612317" lon="6.010548518970609">
        <ele>324.29</ele>
      </trkpt>
      <trkpt lat="48.64469289779663" lon="6.010980606079102">
        <ele>324.62</ele>
      </trkpt>
      <trkpt lat="48.64469298161566" lon="6.010980606079102">
        <ele>324.93</ele>
      </trkpt>
      <trkpt lat="48.6446029599756" lon="6.011436246335506">
        <ele>325.34</ele>
      </trkpt>
      <trkpt lat="48.64451302215457" lon="6.011891886591911">
        <ele>325.78</ele>
      </trkpt>
      <trkpt lat="48.64442308433354" lon="6.012347526848316">
        <ele>326.24</ele>
      </trkpt>
      <trkpt lat="48.64433314651251" lon="6.012803167104721">
        <ele>326.68</ele>
      </trkpt>
      <trkpt lat="48.644243124872446" lon="6.013258807361126">
        <ele>327.07</ele>
      </trkpt>
      <trkpt lat="48.644153187051415" lon="6.013714447617531">
        <ele>327.47</ele>
      </trkpt>
      <trkpt lat="48.644063249230385" lon="6.014170171692967">
        <ele>327.79</ele>
      </trkpt>
      <trkpt lat="48.643973311409354" lon="6.014625811949372">
        <ele>328.1</ele>
      </trkpt>
      <trkpt lat="48.643883373588324" lon="6.015081452205777">
        <ele>328.48</ele>
      </trkpt>
      <trkpt lat="48.64379335194826" lon="6.015537092462182">
        <ele>328.89</ele>
      </trkpt>
      <trkpt lat="48.64370584487915" lon="6.015980243682861">
        <ele>329.22</ele>
      </trkpt>
      <trkpt lat="48.64370592869818" lon="6.015980243682861">
        <ele>329.64</ele>
      </trkpt>
      <trkpt lat="48.643551114946604" lon="6.0163564234972">
        <ele>330.03</ele>
      </trkpt>
      <trkpt lat="48.643396301195025" lon="6.01673268713057">
        <ele>330.45</ele>
      </trkpt>
      <trkpt lat="48.64324148744345" lon="6.017108950763941">
        <ele>330.9</ele>
      </trkpt>
      <trkpt lat="48.6430867575109" lon="6.0174851305782795">
        <ele>331.41</ele>
      </trkpt>
      <trkpt lat="48.64293194375932" lon="6.01786139421165">
        <ele>331.93</ele>
      </trkpt>
      <trkpt lat="48.642777130007744" lon="6.01823765784502">
        <ele>332.46</ele>
      </trkpt>
      <trkpt lat="48.6426224000752" lon="6.018613837659359">
        <ele>333.03</ele>
      </trkpt>
      <trkpt lat="48.64246758632362" lon="6.018990101292729">
        <ele>333.56</ele>
      </trkpt>
      <trkpt lat="48.64231277257204" lon="6.0193663649261">
        <ele>334.13</ele>
      </trkpt>
      <trkpt lat="48.642160976305604" lon="6.019735336303711">
        <ele>334.66</ele>
      </trkpt>
      <trkpt lat="48.64200431853533" lon="6.020110007375479">
        <ele>335.19</ele>
      </trkpt>
      <trkpt lat="48.64184766076505" lon="6.0204846784472466">
        <ele>335.64</ele>
      </trkpt>
      <trkpt lat="48.641691002994776" lon="6.020859349519014">
        <ele>336.1</ele>
      </trkpt>
      <trkpt lat="48.6415343452245" lon="6.021234020590782">
        <ele>336.58</ele>
      </trkpt>
      <trkpt lat="48.641377771273255" lon="6.021608775481582">
        <ele>337.09</ele>
      </trkpt>
      <trkpt lat="48.64122111350298" lon="6.0219834465533495">
        <ele>337.55</ele>
      </trkpt>
      <trkpt lat="48.641066551208496" lon="6.022353172302246">
        <ele>337.96</ele>
      </trkpt>
      <trkpt lat="48.64092682488263" lon="6.022654082626104">
        <ele>338.44</ele>
      </trkpt>
      <trkpt lat="48.64078760147095" lon="6.022953987121582">
        <ele>338.87</ele>
      </trkpt>
      <trkpt lat="48.64065885543823" lon="6.023147106170654">
        <ele>339.32</ele>
      </trkpt>
      <trkpt lat="48.64045266062021" lon="6.023383308202028">
        <ele>339.73</ele>
      </trkpt>
      <trkpt lat="48.64024646580219" lon="6.023619510233402">
        <ele>340.12</ele>
      </trkpt>
      <trkpt lat="48.64004027098417" lon="6.023855796083808">
        <ele>340.44</ele>
      </trkpt>
      <trkpt lat="48.639834159985185" lon="6.024091998115182">
        <ele>340.72</ele>
      </trkpt>
      <trkpt lat="48.639628887176514" lon="6.024327278137207">
        <ele>340.96</ele>
      </trkpt>
      <trkpt lat="48.639628970995545" lon="6.024327278137207">
        <ele>341.24</ele>
      </trkpt>
      <trkpt lat="48.63938681781292" lon="6.024600611999631">
        <ele>341.44</ele>
      </trkpt>
      <trkpt lat="48.639144748449326" lon="6.024873945862055">
        <ele>341.63</ele>
      </trkpt>
      <trkpt lat="48.63890267908573" lon="6.025147279724479">
        <ele>341.79</ele>
      </trkpt>
      <trkpt lat="48.638660525903106" lon="6.025420613586903">
        <ele>342.01</ele>
      </trkpt>
      <trkpt lat="48.63841845653951" lon="6.0256939474493265">
        <ele>342.19</ele>
      </trkpt>
      <trkpt lat="48.63817638717592" lon="6.02596728131175">
        <ele>342.37</ele>
      </trkpt>
      <trkpt lat="48.63793423399329" lon="6.026240615174174">
        <ele>342.66</ele>
      </trkpt>
      <trkpt lat="48.6376921646297" lon="6.026513949036598">
        <ele>343.06</ele>
      </trkpt>
      <trkpt lat="48.637450095266104" lon="6.026787282899022">
        <ele>343.49</ele>
      </trkpt>
      <trkpt lat="48.63720794208348" lon="6.027060616761446">
        <ele>343.86</ele>
      </trkpt>
      <trkpt lat="48.63696813583374" lon="6.027331352233887">
        <ele>344.19</ele>
      </trkpt>
      <trkpt lat="48.63696821965277" lon="6.027331352233887">
        <ele>344.48</ele>
      </trkpt>
      <trkpt lat="48.63673344254494" lon="6.027601333335042">
        <ele>344.81</ele>
      </trkpt>
      <trkpt lat="48.636498749256134" lon="6.027871314436197">
        <ele>345.18</ele>
      </trkpt>
      <trkpt lat="48.63626405596733" lon="6.028141295537353">
        <ele>345.56</ele>
      </trkpt>
      <trkpt lat="48.63602936267853" lon="6.02841136045754">
        <ele>345.88</ele>
      </trkpt>
      <trkpt lat="48.635794669389725" lon="6.028681341558695">
        <ele>346.1</ele>
      </trkpt>
      <trkpt lat="48.63555989228189" lon="6.02895132265985">
        <ele>346.38</ele>
      </trkpt>
      <trkpt lat="48.63532519899309" lon="6.029221303761005">
        <ele>346.6</ele>
      </trkpt>
      <trkpt lat="48.635090505704284" lon="6.029491368681192">
        <ele>346.75</ele>
      </trkpt>
      <trkpt lat="48.63485581241548" lon="6.029761349782348">
        <ele>346.93</ele>
      </trkpt>
      <trkpt lat="48.63462111912668" lon="6.030031330883503">
        <ele>347.06</ele>
      </trkpt>
      <trkpt lat="48.63438634201884" lon="6.030301311984658">
        <ele>347.12</ele>
      </trkpt>
      <trkpt lat="48.63415164873004" lon="6.0305712930858135">
        <ele>347.13</ele>
      </trkpt>
      <trkpt lat="48.63391695544124" lon="6.030841274186969">
        <ele>347.18</ele>
      </trkpt>
      <trkpt lat="48.63368511199951" lon="6.0311079025268555">
        <ele>347.28</ele>
      </trkpt>
      <trkpt lat="48.633577823638916" lon="6.03123664855957">
        <ele>347.32</ele>
      </trkpt>
      <trkpt lat="48.63334631547332" lon="6.031503863632679">
        <ele>347.31</ele>
      </trkpt>
      <trkpt lat="48.63311480730772" lon="6.031771162524819">
        <ele>347.25</ele>
      </trkpt>
      <trkpt lat="48.632883382961154" lon="6.03203846141696">
        <ele>347.3</ele>
      </trkpt>
      <trkpt lat="48.632651874795556" lon="6.032305676490068">
        <ele>347.29</ele>
      </trkpt>
      <trkpt lat="48.63242045044899" lon="6.032572975382209">
        <ele>347.2</ele>
      </trkpt>
      <trkpt lat="48.63218894228339" lon="6.0328401904553175">
        <ele>347.12</ele>
      </trkpt>
      <trkpt lat="48.631957517936826" lon="6.033107489347458">
        <ele>347.03</ele>
      </trkpt>
      <trkpt lat="48.63172600977123" lon="6.033374788239598">
        <ele>346.88</ele>
      </trkpt>
      <trkpt lat="48.63149642944336" lon="6.033639907836914">
        <ele>346.68</ele>
      </trkpt>
      <trkpt lat="48.63128595985472" lon="6.033876109868288">
        <ele>346.5</ele>
      </trkpt>
      <trkpt lat="48.631075490266085" lon="6.034112311899662">
        <ele>346.23</ele>
      </trkpt>
      <trkpt lat="48.63086502067745" lon="6.034348597750068">
        <ele>345.86</ele>
      </trkpt>
      <trkpt lat="48.63065455108881" lon="6.034584799781442">
        <ele>345.41</ele>
      </trkpt>
      <trkpt lat="48.63044500350952" lon="6.034820079803467">
        <ele>344.93</ele>
      </trkpt>
      <trkpt lat="48.630208717659116" lon="6.03511000983417">
        <ele>344.38</ele>
      </trkpt>
      <trkpt lat="48.6299729347229" lon="6.035399436950684">
        <ele>343.73</ele>
      </trkpt>
      <trkpt lat="48.629793897271156" lon="6.035621305927634">
        <ele>343.02</ele>
      </trkpt>
      <trkpt lat="48.629614943638444" lon="6.035843258723617">
        <ele>342.22</ele>
      </trkpt>
      <trkpt lat="48.62943649291992" lon="6.036064624786377">
        <ele>341.37</ele>
      </trkpt>
      <trkpt lat="48.629243206232786" lon="6.036257827654481">
        <ele>340.43</ele>
      </trkpt>
      <trkpt lat="48.62905033864081" lon="6.0364508628845215">
        <ele>339.49</ele>
      </trkpt>
      <trkpt lat="48.62890005111694" lon="6.036536693572998">
        <ele>338.48</ele>
      </trkpt>
      <trkpt lat="48.628615736961365" lon="6.036627804860473">
        <ele>337.36</ele>
      </trkpt>
      <trkpt lat="48.628331422805786" lon="6.036718999966979">
        <ele>336.21</ele>
      </trkpt>
      <trkpt lat="48.62804719246924" lon="6.036810195073485">
        <ele>334.97</ele>
      </trkpt>
      <trkpt lat="48.62776287831366" lon="6.036901390179992">
        <ele>333.7</ele>
      </trkpt>
      <trkpt lat="48.627478647977114" lon="6.036992585286498">
        <ele>332.34</ele>
      </trkpt>
      <trkpt lat="48.627194333821535" lon="6.037083780393004">
        <ele>330.92</ele>
      </trkpt>
      <trkpt lat="48.62691001966596" lon="6.037174975499511">
        <ele>329.5</ele>
      </trkpt>
      <trkpt lat="48.626625621691346" lon="6.037266254425049">
        <ele>328.01</ele>
      </trkpt>
      <trkpt lat="48.6263466719538" lon="6.037352001294494">
        <ele>326.46</ele>
      </trkpt>
      <trkpt lat="48.62606772221625" lon="6.03743783198297">
        <ele>324.87</ele>
      </trkpt>
      <trkpt lat="48.6257887724787" lon="6.037523662671447">
        <ele>323.2</ele>
      </trkpt>
      <trkpt lat="48.62550990656018" lon="6.037609493359923">
        <ele>321.54</ele>
      </trkpt>
      <trkpt lat="48.625230956822634" lon="6.0376953240484">
        <ele>319.78</ele>
      </trkpt>
      <trkpt lat="48.62495192326605" lon="6.037781238555908">
        <ele>317.95</ele>
      </trkpt>
      <trkpt lat="48.624671967700124" lon="6.037874445319176">
        <ele>316.04</ele>
      </trkpt>
      <trkpt lat="48.624392012134194" lon="6.037967819720507">
        <ele>314.1</ele>
      </trkpt>
      <trkpt lat="48.62417936325073" lon="6.038038730621338">
        <ele>312.11</ele>
      </trkpt>
      <trkpt lat="48.623975263908505" lon="6.038285661488771">
        <ele>310.1</ele>
      </trkpt>
      <trkpt lat="48.62377124838531" lon="6.038532676175237">
        <ele>308.03</ele>
      </trkpt>
      <trkpt lat="48.623567232862115" lon="6.038779690861702">
        <ele>305.93</ele>
      </trkpt>
      <trkpt lat="48.623363971710205" lon="6.039025783538818">
        <ele>303.85</ele>
      </trkpt>
      <trkpt lat="48.62315643578768" lon="6.03918319568038">
        <ele>301.67</ele>
      </trkpt>
      <trkpt lat="48.62294889986515" lon="6.039340607821941">
        <ele>299.48</ele>
      </trkpt>
      <trkpt lat="48.62274169921875" lon="6.0394978523254395">
        <ele>297.26</ele>
      </trkpt>
      <trkpt lat="48.622459061443806" lon="6.039658784866333">
        <ele>295.01</ele>
      </trkpt>
      <trkpt lat="48.62217650748789" lon="6.039819717407227">
        <ele>292.76</ele>
      </trkpt>
      <trkpt lat="48.62189395353198" lon="6.039980733767152">
        <ele>290.48</ele>
      </trkpt>
      <trkpt lat="48.62161139957607" lon="6.040141666308045">
        <ele>288.19</ele>
      </trkpt>
      <trkpt lat="48.621328845620155" lon="6.040302598848939">
        <ele>285.93</ele>
      </trkpt>
      <trkpt lat="48.62104654312134" lon="6.040463447570801">
        <ele>283.55</ele>
      </trkpt>
      <trkpt lat="48.620810424908996" lon="6.0405707359313965">
        <ele>281.13</ele>
      </trkpt>
      <trkpt lat="48.62057447433472" lon="6.040678024291992">
        <ele>278.66</ele>
      </trkpt>
      <trkpt lat="48.62026333808899" lon="6.040742313489318">
        <ele>276.22</ele>
      </trkpt>
      <trkpt lat="48.61995220184326" lon="6.040806770324707">
        <ele>273.83</ele>
      </trkpt>
      <trkpt lat="48.61980199813843" lon="6.040914058685303">
        <ele>271.51</ele>
      </trkpt>
      <trkpt lat="48.61973762512207" lon="6.041021347045898">
        <ele>269.23</ele>
      </trkpt>
      <trkpt lat="48.61971616744995" lon="6.041150093078613">
        <ele>266.97</ele>
      </trkpt>
      <trkpt lat="48.61973762512207" lon="6.041300296783447">
        <ele>264.71</ele>
      </trkpt>
      <trkpt lat="48.6199417244643" lon="6.0416333097964525">
        <ele>262.42</ele>
      </trkpt>
      <trkpt lat="48.620145320892334" lon="6.041965484619141">
        <ele>260.21</ele>
      </trkpt>
      <trkpt lat="48.620288567617536" lon="6.042287852615118">
        <ele>258.0</ele>
      </trkpt>
      <trkpt lat="48.62043189816177" lon="6.042610304430127">
        <ele>255.69</ele>
      </trkpt>
      <trkpt lat="48.62057447433472" lon="6.042931079864502">
        <ele>253.39</ele>
      </trkpt>
      <trkpt lat="48.62077312543988" lon="6.0431780107319355">
        <ele>251.2</ele>
      </trkpt>
      <trkpt lat="48.62097177654505" lon="6.043425025418401">
        <ele>249.1</ele>
      </trkpt>
      <trkpt lat="48.62117042765021" lon="6.043672040104866">
        <ele>247.05</ele>
      </trkpt>
      <trkpt lat="48.621368408203125" lon="6.043918132781982">
        <ele>245.0</ele>
      </trkpt>
      <trkpt lat="48.62152741290629" lon="6.0442232340574265">
        <ele>242.96</ele>
      </trkpt>
      <trkpt lat="48.62168641760945" lon="6.044528419151902">
        <ele>240.99</ele>
      </trkpt>
      <trkpt lat="48.62184550613165" lon="6.044833604246378">
        <ele>239.1</ele>
      </trkpt>
      <trkpt lat="48.62200451083481" lon="6.045138789340854">
        <ele>237.25</ele>
      </trkpt>
      <trkpt lat="48.62216234207153" lon="6.045441627502441">
        <ele>235.42</ele>
      </trkpt>
      <trkpt lat="48.62228044308722" lon="6.0456241853535175">
        <ele>233.7</ele>
      </trkpt>
      <trkpt lat="48.622398376464844" lon="6.045806407928467">
        <ele>232.03</ele>
      </trkpt>
      <trkpt lat="48.62262007780373" lon="6.045920820906758">
        <ele>230.49</ele>
      </trkpt>
      <trkpt lat="48.62284186296165" lon="6.04603523388505">
        <ele>229.02</ele>
      </trkpt>
      <trkpt lat="48.62306356430054" lon="6.046149730682373">
        <ele>227.62</ele>
      </trkpt>
      <trkpt lat="48.623149394989014" lon="6.0462141036987305">
        <ele>226.28</ele>
      </trkpt>
      <trkpt lat="48.623063396662474" lon="6.046418286859989">
        <ele>224.97</ele>
      </trkpt>
      <trkpt lat="48.62297773361206" lon="6.046621799468994">
        <ele>223.72</ele>
      </trkpt>
      <trkpt lat="48.62288092263043" lon="6.046922793611884">
        <ele>222.5</ele>
      </trkpt>
      <trkpt lat="48.62278461456299" lon="6.04722261428833">
        <ele>221.37</ele>
      </trkpt>
      <trkpt lat="48.6227632407099" lon="6.047329902648926">
        <ele>220.39</ele>
      </trkpt>
      <trkpt lat="48.62274161539972" lon="6.047609522938728">
        <ele>219.45</ele>
      </trkpt>
      <trkpt lat="48.62272024154663" lon="6.047887802124023">
        <ele>218.6</ele>
      </trkpt>
      <trkpt lat="48.62274169921875" lon="6.048135152086616">
        <ele>217.85</ele>
      </trkpt>
      <trkpt lat="48.62276315689087" lon="6.048381328582764">
        <ele>217.21</ele>
      </trkpt>
      <trkpt lat="48.62280615605414" lon="6.048424243927002">
        <ele>216.71</ele>
      </trkpt>
      <trkpt lat="48.62298854626715" lon="6.048252414911985">
        <ele>216.34</ele>
      </trkpt>
      <trkpt lat="48.62317085266113" lon="6.048080921173096">
        <ele>216.01</ele>
      </trkpt>
      <trkpt lat="48.62334259785712" lon="6.047952091321349">
        <ele>215.74</ele>
      </trkpt>
      <trkpt lat="48.62351425923407" lon="6.047823429107666">
        <ele>215.56</ele>
      </trkpt>
      <trkpt lat="48.62372883595526" lon="6.04771614074707">
        <ele>215.42</ele>
      </trkpt>
      <trkpt lat="48.623921955004334" lon="6.047651767730713">
        <ele>215.34</ele>
      </trkpt>
      <trkpt lat="48.62417936325073" lon="6.047603487968445">
        <ele>215.33</ele>
      </trkpt>
      <trkpt lat="48.62443677149713" lon="6.047555208206177">
        <ele>215.41</ele>
      </trkpt>
      <trkpt lat="48.62469417974353" lon="6.047506928443909">
        <ele>215.48</ele>
      </trkpt>
      <trkpt lat="48.62495183944702" lon="6.047458648681641">
        <ele>215.65</ele>
      </trkpt>
      <trkpt lat="48.62521846778691" lon="6.047351360321045">
        <ele>215.85</ele>
      </trkpt>
      <trkpt lat="48.62548517994583" lon="6.047244071960449">
        <ele>215.95</ele>
      </trkpt>
      <trkpt lat="48.625751892104745" lon="6.0471367835998535">
        <ele>216.06</ele>
      </trkpt>
      <trkpt lat="48.62601860426366" lon="6.047029495239258">
        <ele>216.26</ele>
      </trkpt>
      <trkpt lat="48.62628523260355" lon="6.046922206878662">
        <ele>216.48</ele>
      </trkpt>
      <trkpt lat="48.62655194476247" lon="6.046814918518066">
        <ele>216.78</ele>
      </trkpt>
      <trkpt lat="48.62681874074042" lon="6.046707630157471">
        <ele>217.13</ele>
      </trkpt>
      <trkpt lat="48.627076148986816" lon="6.046578884124756">
        <ele>217.41</ele>
      </trkpt>
      <trkpt lat="48.62722635269165" lon="6.046407222747803">
        <ele>217.74</ele>
      </trkpt>
      <trkpt lat="48.62737680785358" lon="6.046073958277702">
        <ele>218.07</ele>
      </trkpt>
      <trkpt lat="48.62752676010132" lon="6.045742034912109">
        <ele>218.36</ele>
      </trkpt>
      <trkpt lat="48.62774133682251" lon="6.045570373535156">
        <ele>218.63</ele>
      </trkpt>
      <trkpt lat="48.62798273563385" lon="6.045409357175231">
        <ele>218.85</ele>
      </trkpt>
      <trkpt lat="48.62822421826422" lon="6.045248424634337">
        <ele>219.01</ele>
      </trkpt>
      <trkpt lat="48.628465700894594" lon="6.045087408274412">
        <ele>219.1</ele>
      </trkpt>
      <trkpt lat="48.62870693206787" lon="6.044926643371582">
        <ele>219.14</ele>
      </trkpt>
      <trkpt lat="48.62890005111694" lon="6.044819271191955">
        <ele>219.16</ele>
      </trkpt>
      <trkpt lat="48.629093170166016" lon="6.044712066650391">
        <ele>219.18</ele>
      </trkpt>
      <trkpt lat="48.629329120740294" lon="6.044679880142212">
        <ele>219.19</ele>
      </trkpt>
      <trkpt lat="48.62956523895264" lon="6.044647693634033">
        <ele>219.11</ele>
      </trkpt>
      <trkpt lat="48.62976908683777" lon="6.044754981994629">
        <ele>219.03</ele>
      </trkpt>
      <trkpt lat="48.6299729347229" lon="6.044862270355225">
        <ele>218.95</ele>
      </trkpt>
      <trkpt lat="48.630219865590334" lon="6.045098388567567">
        <ele>218.81</ele>
      </trkpt>
      <trkpt lat="48.63046654500067" lon="6.045334339141846">
        <ele>218.6</ele>
      </trkpt>
      <trkpt lat="48.63070257939398" lon="6.045312881469727">
        <ele>218.33</ele>
      </trkpt>
      <trkpt lat="48.63089561462402" lon="6.045248508453369">
        <ele>218.11</ele>
      </trkpt>
      <trkpt lat="48.631138689816" lon="6.045212717726827">
        <ele>217.92</ele>
      </trkpt>
      <trkpt lat="48.631381848827004" lon="6.045176927000284">
        <ele>217.77</ele>
      </trkpt>
      <trkpt lat="48.631625175476074" lon="6.045141220092773">
        <ele>217.53</ele>
      </trkpt>
      <trkpt lat="48.63185039721429" lon="6.0450661182403564">
        <ele>217.24</ele>
      </trkpt>
      <trkpt lat="48.632075786590576" lon="6.0449910163879395">
        <ele>216.98</ele>
      </trkpt>
      <trkpt lat="48.63207587040961" lon="6.0449910163879395">
        <ele>216.74</ele>
      </trkpt>
      <trkpt lat="48.63222599029541" lon="6.044948101043701">
        <ele>216.47</ele>
      </trkpt>
      <trkpt lat="48.63248348236084" lon="6.044819355010986">
        <ele>216.16</ele>
      </trkpt>
      <trkpt lat="48.63272496499121" lon="6.044593881815672">
        <ele>215.97</ele>
      </trkpt>
      <trkpt lat="48.632966531440616" lon="6.0443684086203575">
        <ele>215.82</ele>
      </trkpt>
      <trkpt lat="48.63320809789002" lon="6.044143019244075">
        <ele>215.58</ele>
      </trkpt>
      <trkpt lat="48.6334490776062" lon="6.043918132781982">
        <ele>215.4</ele>
      </trkpt>
      <trkpt lat="48.633663821965456" lon="6.043681846931577">
        <ele>215.26</ele>
      </trkpt>
      <trkpt lat="48.633878231048584" lon="6.043446063995361">
        <ele>215.17</ele>
      </trkpt>
      <trkpt lat="48.63402843475342" lon="6.043252944946289">
        <ele>215.04</ele>
      </trkpt>
      <trkpt lat="48.634114265441895" lon="6.043038368225098">
        <ele>214.95</ele>
      </trkpt>
      <trkpt lat="48.63431819714606" lon="6.042909538373351">
        <ele>214.78</ele>
      </trkpt>
      <trkpt lat="48.63452204503119" lon="6.042780876159668">
        <ele>214.63</ele>
      </trkpt>
      <trkpt lat="48.634629333391786" lon="6.042652130126953">
        <ele>214.5</ele>
      </trkpt>
      <trkpt lat="48.63471516408026" lon="6.042544841766357">
        <ele>214.41</ele>
      </trkpt>
      <trkpt lat="48.63489403389394" lon="6.042351555079222">
        <ele>214.34</ele>
      </trkpt>
      <trkpt lat="48.635072987526655" lon="6.042158268392086">
        <ele>214.29</ele>
      </trkpt>
      <trkpt lat="48.63525152206421" lon="6.041965484619141">
        <ele>214.24</ele>
      </trkpt>
      <trkpt lat="48.635380268096924" lon="6.04172945022583">
        <ele>214.26</ele>
      </trkpt>
      <trkpt lat="48.63548755645752" lon="6.041665077209473">
        <ele>214.28</ele>
      </trkpt>
      <trkpt lat="48.635696936398745" lon="6.041428791359067">
        <ele>214.37</ele>
      </trkpt>
      <trkpt lat="48.63590631633997" lon="6.041192589327693">
        <ele>214.39</ele>
      </trkpt>
      <trkpt lat="48.636115696281195" lon="6.040956387296319">
        <ele>214.35</ele>
      </trkpt>
      <trkpt lat="48.636324405670166" lon="6.0407209396362305">
        <ele>214.49</ele>
      </trkpt>
      <trkpt lat="48.63647469319403" lon="6.040570568293333">
        <ele>214.62</ele>
      </trkpt>
      <trkpt lat="48.636624813079834" lon="6.0404205322265625">
        <ele>214.71</ele>
      </trkpt>
      <trkpt lat="48.636882305145264" lon="6.040248787030578">
        <ele>214.84</ele>
      </trkpt>
      <trkpt lat="48.63713979721069" lon="6.040077209472656">
        <ele>215.06</ele>
      </trkpt>
      <trkpt lat="48.63737574778497" lon="6.040019961073995">
        <ele>215.25</ele>
      </trkpt>
      <trkpt lat="48.63761178217828" lon="6.039962712675333">
        <ele>215.39</ele>
      </trkpt>
      <trkpt lat="48.637847900390625" lon="6.039905548095703">
        <ele>215.49</ele>
      </trkpt>
      <trkpt lat="48.63811243325472" lon="6.039866153150797">
        <ele>215.52</ele>
      </trkpt>
      <trkpt lat="48.638377049937844" lon="6.039826842024922">
        <ele>215.6</ele>
      </trkpt>
      <trkpt lat="48.63864166662097" lon="6.039787530899048">
        <ele>215.67</ele>
      </trkpt>
      <trkpt lat="48.638906283304095" lon="6.039748219773173">
        <ele>215.73</ele>
      </trkpt>
      <trkpt lat="48.63917081616819" lon="6.039708824828267">
        <ele>215.8</ele>
      </trkpt>
      <trkpt lat="48.63943576812744" lon="6.039669513702393">
        <ele>215.89</ele>
      </trkpt>
      <trkpt lat="48.6396573856473" lon="6.039662305265665">
        <ele>216.0</ele>
      </trkpt>
      <trkpt lat="48.639879086986184" lon="6.039655180647969">
        <ele>216.11</ele>
      </trkpt>
      <trkpt lat="48.640100955963135" lon="6.039648056030273">
        <ele>216.21</ele>
      </trkpt>
      <trkpt lat="48.64032978191972" lon="6.039676638320088">
        <ele>216.25</ele>
      </trkpt>
      <trkpt lat="48.6405586078763" lon="6.039705220609903">
        <ele>216.23</ele>
      </trkpt>
      <trkpt lat="48.64078760147095" lon="6.03973388671875">
        <ele>216.24</ele>
      </trkpt>
      <trkpt lat="48.64106219261885" lon="6.039798175916076">
        <ele>216.26</ele>
      </trkpt>
      <trkpt lat="48.64133678376675" lon="6.039862548932433">
        <ele>216.26</ele>
      </trkpt>
      <trkpt lat="48.641611374914646" lon="6.0399269219487906">
        <ele>216.27</ele>
      </trkpt>
      <trkpt lat="48.64188604988158" lon="6.039991294965148">
        <ele>216.23</ele>
      </trkpt>
      <trkpt lat="48.64216089248657" lon="6.040055751800537">
        <ele>216.14</ele>
      </trkpt>
      <trkpt lat="48.642425425350666" lon="6.040091458708048">
        <ele>216.09</ele>
      </trkpt>
      <trkpt lat="48.64269004203379" lon="6.04012724943459">
        <ele>215.99</ele>
      </trkpt>
      <trkpt lat="48.64295465871692" lon="6.040162956342101">
        <ele>215.82</ele>
      </trkpt>
      <trkpt lat="48.64321919158101" lon="6.040198747068644">
        <ele>215.71</ele>
      </trkpt>
      <trkpt lat="48.643483808264136" lon="6.040234453976154">
        <ele>215.65</ele>
      </trkpt>
      <trkpt lat="48.64374876022339" lon="6.0402703285217285">
        <ele>215.58</ele>
      </trkpt>
      <trkpt lat="48.64405335858464" lon="6.040338976308703">
        <ele>215.51</ele>
      </trkpt>
      <trkpt lat="48.64435804076493" lon="6.040407624095678">
        <ele>215.4</ele>
      </trkpt>
      <trkpt lat="48.64466263912618" lon="6.040476271882653">
        <ele>215.3</ele>
      </trkpt>
      <trkpt lat="48.64496732130647" lon="6.040544919669628">
        <ele>215.24</ele>
      </trkpt>
      <trkpt lat="48.64527225494385" lon="6.040613651275635">
        <ele>215.14</ele>
      </trkpt>
      <trkpt lat="48.64549747668207" lon="6.040624296292663">
        <ele>214.97</ele>
      </trkpt>
      <trkpt lat="48.64572286605835" lon="6.040635108947754">
        <ele>214.84</ele>
      </trkpt>
      <trkpt lat="48.64592663012445" lon="6.040592193603516">
        <ele>214.74</ele>
      </trkpt>
      <trkpt lat="48.64613056182861" lon="6.040549278259277">
        <ele>214.59</ele>
      </trkpt>
      <trkpt lat="48.64643809385598" lon="6.0404491145163774">
        <ele>214.44</ele>
      </trkpt>
      <trkpt lat="48.64674562588334" lon="6.0403489507734776">
        <ele>214.38</ele>
      </trkpt>
      <trkpt lat="48.647053241729736" lon="6.040248870849609">
        <ele>214.33</ele>
      </trkpt>
      <trkpt lat="48.64728927612305" lon="6.040136134251952">
        <ele>214.24</ele>
      </trkpt>
      <trkpt lat="48.64752531051636" lon="6.040023481473327">
        <ele>214.08</ele>
      </trkpt>
      <trkpt lat="48.64776134490967" lon="6.039910828694701">
        <ele>213.96</ele>
      </trkpt>
      <trkpt lat="48.64799737930298" lon="6.039798259735107">
        <ele>213.9</ele>
      </trkpt>
      <trkpt lat="48.64825495518744" lon="6.039612181484699">
        <ele>213.8</ele>
      </trkpt>
      <trkpt lat="48.6485125310719" lon="6.039426187053323">
        <ele>213.74</ele>
      </trkpt>
      <trkpt lat="48.64876985549927" lon="6.03924036026001">
        <ele>213.65</ele>
      </trkpt>
      <trkpt lat="48.64902030676603" lon="6.039025615900755">
        <ele>213.65</ele>
      </trkpt>
      <trkpt lat="48.6492707580328" lon="6.038810955360532">
        <ele>213.66</ele>
      </trkpt>
      <trkpt lat="48.649521209299564" lon="6.038596294820309">
        <ele>213.62</ele>
      </trkpt>
      <trkpt lat="48.64977166056633" lon="6.038381634280086">
        <ele>213.64</ele>
      </trkpt>
      <trkpt lat="48.650022111833096" lon="6.038166889920831">
        <ele>213.73</ele>
      </trkpt>
      <trkpt lat="48.65027189254761" lon="6.037952899932861">
        <ele>213.8</ele>
      </trkpt>
      <trkpt lat="48.65052234381437" lon="6.03770948946476">
        <ele>213.81</ele>
      </trkpt>
      <trkpt lat="48.65077287890017" lon="6.03746616281569">
        <ele>213.9</ele>
      </trkpt>
      <trkpt lat="48.65102291107178" lon="6.0372233390808105">
        <ele>214.1</ele>
      </trkpt>
      <trkpt lat="48.651208989322186" lon="6.036994177848101">
        <ele>214.31</ele>
      </trkpt>
      <trkpt lat="48.651395151391625" lon="6.0367651004344225">
        <ele>214.49</ele>
      </trkpt>
      <trkpt lat="48.651580810546875" lon="6.036536693572998">
        <ele>214.69</ele>
      </trkpt>
      <trkpt lat="48.65174191072583" lon="6.036300323903561">
        <ele>214.88</ele>
      </trkpt>
      <trkpt lat="48.65190267562866" lon="6.036064624786377">
        <ele>215.17</ele>
      </trkpt>
      <trkpt lat="48.65205304697156" lon="6.035785172134638">
        <ele>215.54</ele>
      </trkpt>
      <trkpt lat="48.65220350213349" lon="6.03550580330193">
        <ele>215.99</ele>
      </trkpt>
      <trkpt lat="48.652353286743164" lon="6.0352277755737305">
        <ele>216.45</ele>
      </trkpt>
      <trkpt lat="48.65248220041394" lon="6.034959051758051">
        <ele>216.87</ele>
      </trkpt>
      <trkpt lat="48.652610778808594" lon="6.034691333770752">
        <ele>217.24</ele>
      </trkpt>
      <trkpt lat="48.65275050513446" lon="6.034320434555411">
        <ele>217.63</ele>
      </trkpt>
      <trkpt lat="48.65289023146033" lon="6.033949535340071">
        <ele>218.11</ele>
      </trkpt>
      <trkpt lat="48.653030041605234" lon="6.03357863612473">
        <ele>218.68</ele>
      </trkpt>
      <trkpt lat="48.65316867828369" lon="6.033210754394531">
        <ele>219.27</ele>
      </trkpt>
      <trkpt lat="48.653347715735435" lon="6.03289551101625">
        <ele>219.91</ele>
      </trkpt>
      <trkpt lat="48.65352675318718" lon="6.032580351457">
        <ele>220.53</ele>
      </trkpt>
      <trkpt lat="48.65370512008667" lon="6.032266616821289">
        <ele>221.12</ele>
      </trkpt>
      <trkpt lat="48.6539092194289" lon="6.031944248825312">
        <ele>221.69</ele>
      </trkpt>
      <trkpt lat="48.654112815856934" lon="6.031622886657715">
        <ele>222.42</ele>
      </trkpt>
      <trkpt lat="48.65428472869098" lon="6.031278977170587">
        <ele>223.13</ele>
      </trkpt>
      <trkpt lat="48.65445672534406" lon="6.030935067683458">
        <ele>223.93</ele>
      </trkpt>
      <trkpt lat="48.654627883806825" lon="6.030592918395996">
        <ele>224.74</ele>
      </trkpt>
      <trkpt lat="48.65480692125857" lon="6.030284883454442">
        <ele>225.48</ele>
      </trkpt>
      <trkpt lat="48.65498595871031" lon="6.029976848512888">
        <ele>226.18</ele>
      </trkpt>
      <trkpt lat="48.65516424179077" lon="6.029670238494873">
        <ele>226.74</ele>
      </trkpt>
      <trkpt lat="48.6553146969527" lon="6.029347786679864">
        <ele>227.29</ele>
      </trkpt>
      <trkpt lat="48.65546464920044" lon="6.029026508331299">
        <ele>227.82</ele>
      </trkpt>
      <trkpt lat="48.65546473301947" lon="6.029026508331299">
        <ele>228.31</ele>
      </trkpt>
      <trkpt lat="48.65563186816871" lon="6.0286586266011">
        <ele>228.71</ele>
      </trkpt>
      <trkpt lat="48.655799087136984" lon="6.028290828689933">
        <ele>229.19</ele>
      </trkpt>
      <trkpt lat="48.655966222286224" lon="6.027923030778766">
        <ele>229.62</ele>
      </trkpt>
      <trkpt lat="48.6561334412545" lon="6.0275552328675985">
        <ele>229.96</ele>
      </trkpt>
      <trkpt lat="48.65630057640374" lon="6.027187434956431">
        <ele>230.28</ele>
      </trkpt>
      <trkpt lat="48.65646779537201" lon="6.026819637045264">
        <ele>230.54</ele>
      </trkpt>
      <trkpt lat="48.65663501434028" lon="6.026451755315065">
        <ele>230.74</ele>
      </trkpt>
      <trkpt lat="48.65680214948952" lon="6.026083957403898">
        <ele>230.65</ele>
      </trkpt>
      <trkpt lat="48.65696668624878" lon="6.025722026824951">
        <ele>230.54</ele>
      </trkpt>
      <trkpt lat="48.65713147446513" lon="6.025345763191581">
        <ele>230.56</ele>
      </trkpt>
      <trkpt lat="48.657296262681484" lon="6.024969583377242">
        <ele>230.42</ele>
      </trkpt>
      <trkpt lat="48.65746105089784" lon="6.024593403562903">
        <ele>230.05</ele>
      </trkpt>
      <trkpt lat="48.65762592293322" lon="6.024217223748565">
        <ele>229.61</ele>
      </trkpt>
      <trkpt lat="48.65779071114957" lon="6.023841043934226">
        <ele>229.09</ele>
      </trkpt>
      <trkpt lat="48.65795373916626" lon="6.023468971252441">
        <ele>228.77</ele>
      </trkpt>
      <trkpt lat="48.65811844356358" lon="6.023175269365311">
        <ele>228.41</ele>
      </trkpt>
      <trkpt lat="48.65828323177993" lon="6.02288156747818">
        <ele>227.94</ele>
      </trkpt>
      <trkpt lat="48.658447265625" lon="6.022589206695557">
        <ele>227.25</ele>
      </trkpt>
      <trkpt lat="48.65867625921965" lon="6.022342192009091">
        <ele>226.38</ele>
      </trkpt>
      <trkpt lat="48.658905336633325" lon="6.022095261141658">
        <ele>225.57</ele>
      </trkpt>
      <trkpt lat="48.659134414047" lon="6.021848330274224">
        <ele>224.83</ele>
      </trkpt>
      <trkpt lat="48.65936349146068" lon="6.021601399406791">
        <ele>224.13</ele>
      </trkpt>
      <trkpt lat="48.65959256887436" lon="6.0213543847203255">
        <ele>223.42</ele>
      </trkpt>
      <trkpt lat="48.659820556640625" lon="6.021108627319336">
        <ele>222.73</ele>
      </trkpt>
      <trkpt lat="48.66002465598285" lon="6.020764801651239">
        <ele>222.08</ele>
      </trkpt>
      <trkpt lat="48.66022825241089" lon="6.020421981811523">
        <ele>221.45</ele>
      </trkpt>
      <trkpt lat="48.66041449829936" lon="6.020042197778821">
        <ele>220.81</ele>
      </trkpt>
      <trkpt lat="48.66060074418783" lon="6.01966249756515">
        <ele>220.25</ele>
      </trkpt>
      <trkpt lat="48.660786151885986" lon="6.019284725189209">
        <ele>219.71</ele>
      </trkpt>
      <trkpt lat="48.660904336720705" lon="6.018967553973198">
        <ele>219.17</ele>
      </trkpt>
      <trkpt lat="48.661022605374455" lon="6.018650382757187">
        <ele>218.65</ele>
      </trkpt>
      <trkpt lat="48.661140874028206" lon="6.018333295360208">
        <ele>218.1</ele>
      </trkpt>
      <trkpt lat="48.66125822067261" lon="6.01801872253418">
        <ele>217.65</ele>
      </trkpt>
      <trkpt lat="48.66133349016309" lon="6.017685290426016">
        <ele>217.17</ele>
      </trkpt>
      <trkpt lat="48.66140842437744" lon="6.017353534698486">
        <ele>216.75</ele>
      </trkpt>
      <trkpt lat="48.66148008964956" lon="6.016916083171964">
        <ele>216.35</ele>
      </trkpt>
      <trkpt lat="48.661551838740706" lon="6.016478631645441">
        <ele>216.05</ele>
      </trkpt>
      <trkpt lat="48.66162300109863" lon="6.016044616699219">
        <ele>215.73</ele>
      </trkpt>
      <trkpt lat="48.66165527142584" lon="6.0155820194631815">
        <ele>215.45</ele>
      </trkpt>
      <trkpt lat="48.661687541753054" lon="6.015119422227144">
        <ele>215.22</ele>
      </trkpt>
      <trkpt lat="48.661719812080264" lon="6.014656824991107">
        <ele>214.92</ele>
      </trkpt>
      <trkpt lat="48.66175174713135" lon="6.014199256896973">
        <ele>214.58</ele>
      </trkpt>
      <trkpt lat="48.66175174713135" lon="6.013854928314686">
        <ele>214.37</ele>
      </trkpt>
      <trkpt lat="48.66175174713135" lon="6.01351261138916">
        <ele>214.22</ele>
      </trkpt>
      <trkpt lat="48.661740934476256" lon="6.013265093788505">
        <ele>214.05</ele>
      </trkpt>
      <trkpt lat="48.66173028945923" lon="6.01301908493042">
        <ele>213.85</ele>
      </trkpt>
      <trkpt lat="48.66167647764087" lon="6.012642569839954">
        <ele>213.59</ele>
      </trkpt>
      <trkpt lat="48.66162300109863" lon="6.01226806640625">
        <ele>213.45</ele>
      </trkpt>
      <trkpt lat="48.66155301220715" lon="6.011875458061695">
        <ele>213.36</ele>
      </trkpt>
      <trkpt lat="48.6614831071347" lon="6.01148284971714">
        <ele>213.3</ele>
      </trkpt>
      <trkpt lat="48.66141320206225" lon="6.011090241372585">
        <ele>213.16</ele>
      </trkpt>
      <trkpt lat="48.661344051361084" lon="6.010701656341553">
        <ele>212.99</ele>
      </trkpt>
      <trkpt lat="48.661272302269936" lon="6.010393286123872">
        <ele>212.9</ele>
      </trkpt>
      <trkpt lat="48.66120063699782" lon="6.010084999725223">
        <ele>212.83</ele>
      </trkpt>
      <trkpt lat="48.66112947463989" lon="6.00977897644043">
        <ele>212.73</ele>
      </trkpt>
      <trkpt lat="48.66103266365826" lon="6.009434815496206">
        <ele>212.67</ele>
      </trkpt>
      <trkpt lat="48.66093635559082" lon="6.009092330932617">
        <ele>212.65</ele>
      </trkpt>
      <trkpt lat="48.660835940390825" lon="6.008784044533968">
        <ele>212.59</ele>
      </trkpt>
      <trkpt lat="48.66073560900986" lon="6.0084758419543505">
        <ele>212.48</ele>
      </trkpt>
      <trkpt lat="48.66063594818115" lon="6.008169651031494">
        <ele>212.37</ele>
      </trkpt>
      <trkpt lat="48.66051407530904" lon="6.0078757815063">
        <ele>212.29</ele>
      </trkpt>
      <trkpt lat="48.660392286255956" lon="6.0075819958001375">
        <ele>212.21</ele>
      </trkpt>
      <trkpt lat="48.66027116775513" lon="6.007289886474609">
        <ele>212.17</ele>
      </trkpt>
      <trkpt lat="48.66008844226599" lon="6.00692443549633">
        <ele>212.19</ele>
      </trkpt>
      <trkpt lat="48.6599063873291" lon="6.006560325622559">
        <ele>212.18</ele>
      </trkpt>
      <trkpt lat="48.6597129330039" lon="6.006202083081007">
        <ele>212.17</ele>
      </trkpt>
      <trkpt lat="48.6595194786787" lon="6.005843924358487">
        <ele>212.22</ele>
      </trkpt>
      <trkpt lat="48.659327030181885" lon="6.005487442016602">
        <ele>212.31</ele>
      </trkpt>
      <trkpt lat="48.65915511734784" lon="6.005240343511105">
        <ele>212.39</ele>
      </trkpt>
      <trkpt lat="48.65898328833282" lon="6.004993245005608">
        <ele>212.46</ele>
      </trkpt>
      <trkpt lat="48.65881137549877" lon="6.004746230319142">
        <ele>212.49</ele>
      </trkpt>
      <trkpt lat="48.65864038467407" lon="6.004500389099121">
        <ele>212.53</ele>
      </trkpt>
      <trkpt lat="48.658447014167905" lon="6.004249770194292">
        <ele>212.74</ele>
      </trkpt>
      <trkpt lat="48.65825372748077" lon="6.003999151289463">
        <ele>212.98</ele>
      </trkpt>
      <trkpt lat="48.658061027526855" lon="6.003749370574951">
        <ele>213.22</ele>
      </trkpt>
      <trkpt lat="48.65782474167645" lon="6.003480898216367">
        <ele>213.42</ele>
      </trkpt>
      <trkpt lat="48.657588958740234" lon="6.003212928771973">
        <ele>213.6</ele>
      </trkpt>
      <trkpt lat="48.65734554827213" lon="6.002976726740599">
        <ele>213.74</ele>
      </trkpt>
      <trkpt lat="48.65710222162306" lon="6.002740524709225">
        <ele>213.93</ele>
      </trkpt>
      <trkpt lat="48.656859397888184" lon="6.002504825592041">
        <ele>214.14</ele>
      </trkpt>
      <trkpt lat="48.65663937292993" lon="6.002359902486205">
        <ele>214.36</ele>
      </trkpt>
      <trkpt lat="48.65641934797168" lon="6.002215063199401">
        <ele>214.63</ele>
      </trkpt>
      <trkpt lat="48.656199323013425" lon="6.002070140093565">
        <ele>214.91</ele>
      </trkpt>
      <trkpt lat="48.6559796333313" lon="6.001925468444824">
        <ele>215.19</ele>
      </trkpt>
      <trkpt lat="48.65570059977472" lon="6.001793118193746">
        <ele>215.52</ele>
      </trkpt>
      <trkpt lat="48.65542165003717" lon="6.001660767942667">
        <ele>215.95</ele>
      </trkpt>
      <trkpt lat="48.65514270029962" lon="6.001528417691588">
        <ele>216.45</ele>
      </trkpt>
      <trkpt lat="48.65486375056207" lon="6.00139606744051">
        <ele>216.8</ele>
      </trkpt>
      <trkpt lat="48.65458480082452" lon="6.001263801008463">
        <ele>217.13</ele>
      </trkpt>
      <trkpt lat="48.654305934906006" lon="6.001131534576416">
        <ele>217.57</ele>
      </trkpt>
      <trkpt lat="48.654026901349425" lon="6.000949060544372">
        <ele>218.11</ele>
      </trkpt>
      <trkpt lat="48.65374803543091" lon="6.000766754150391">
        <ele>218.73</ele>
      </trkpt>
      <trkpt lat="48.65350563079119" lon="6.000490570440888">
        <ele>219.26</ele>
      </trkpt>
      <trkpt lat="48.653263226151466" lon="6.000214470550418">
        <ele>219.76</ele>
      </trkpt>
      <trkpt lat="48.65302090533078" lon="5.999938286840916">
        <ele>220.2</ele>
      </trkpt>
      <trkpt lat="48.652778500691056" lon="5.999662186950445">
        <ele>220.7</ele>
      </trkpt>
      <trkpt lat="48.652536096051335" lon="5.999386087059975">
        <ele>221.22</ele>
      </trkpt>
      <trkpt lat="48.652293775230646" lon="5.999109987169504">
        <ele>221.88</ele>
      </trkpt>
      <trkpt lat="48.652052879333496" lon="5.998835563659668">
        <ele>222.56</ele>
      </trkpt>
      <trkpt lat="48.651977609843016" lon="5.998620484024286">
        <ele>223.12</ele>
      </trkpt>
      <trkpt lat="48.65190267562866" lon="5.998406410217285">
        <ele>223.67</ele>
      </trkpt>
      <trkpt lat="48.65188121795654" lon="5.998191833496094">
        <ele>224.18</ele>
      </trkpt>
      <trkpt lat="48.651881301775575" lon="5.998191833496094">
        <ele>224.61</ele>
      </trkpt>
      <trkpt lat="48.65187409333885" lon="5.99777583964169">
        <ele>224.98</ele>
      </trkpt>
      <trkpt lat="48.65186688490212" lon="5.997359845787287">
        <ele>225.29</ele>
      </trkpt>
      <trkpt lat="48.651859760284424" lon="5.996947288513184">
        <ele>225.55</ele>
      </trkpt>
      <trkpt lat="48.6517954710871" lon="5.996496677398682">
        <ele>225.85</ele>
      </trkpt>
      <trkpt lat="48.651709388941526" lon="5.996073558926582">
        <ele>226.12</ele>
      </trkpt>
      <trkpt lat="48.651623306795955" lon="5.995650524273515">
        <ele>226.39</ele>
      </trkpt>
      <trkpt lat="48.65153789520264" lon="5.995230674743652">
        <ele>226.64</ele>
      </trkpt>
      <trkpt lat="48.651441084221005" lon="5.99489732645452">
        <ele>226.88</ele>
      </trkpt>
      <trkpt lat="48.651344859972596" lon="5.994565486907959">
        <ele>227.08</ele>
      </trkpt>
      <trkpt lat="48.651301776990294" lon="5.994182517752051">
        <ele>227.16</ele>
      </trkpt>
      <trkpt lat="48.65125869400799" lon="5.993799548596144">
        <ele>227.22</ele>
      </trkpt>
      <trkpt lat="48.65121569484472" lon="5.993416579440236">
        <ele>227.27</ele>
      </trkpt>
      <trkpt lat="48.65117261186242" lon="5.9930336102843285">
        <ele>227.29</ele>
      </trkpt>
      <trkpt lat="48.65113019943237" lon="5.9926557540893555">
        <ele>227.25</ele>
      </trkpt>
      <trkpt lat="48.651089798659086" lon="5.992201203480363">
        <ele>227.13</ele>
      </trkpt>
      <trkpt lat="48.65104948170483" lon="5.99174665287137">
        <ele>227.0</ele>
      </trkpt>
      <trkpt lat="48.651009164750576" lon="5.9912921860814095">
        <ele>226.69</ele>
      </trkpt>
      <trkpt lat="48.65096884779632" lon="5.990837635472417">
        <ele>226.4</ele>
      </trkpt>
      <trkpt lat="48.650928447023034" lon="5.990383168682456">
        <ele>226.23</ele>
      </trkpt>
      <trkpt lat="48.65088813006878" lon="5.989928618073463">
        <ele>225.97</ele>
      </trkpt>
      <trkpt lat="48.650847813114524" lon="5.989474151283503">
        <ele>225.62</ele>
      </trkpt>
      <trkpt lat="48.650808334350586" lon="5.989029407501221">
        <ele>225.23</ele>
      </trkpt>
      <trkpt lat="48.65075812675059" lon="5.988656496629119">
        <ele>224.93</ele>
      </trkpt>
      <trkpt lat="48.65070791915059" lon="5.988283585757017">
        <ele>224.55</ele>
      </trkpt>
      <trkpt lat="48.650658214464784" lon="5.987913608551025">
        <ele>224.15</ele>
      </trkpt>
      <trkpt lat="48.65064740180969" lon="5.987520916387439">
        <ele>223.72</ele>
      </trkpt>
      <trkpt lat="48.6506365891546" lon="5.987128224223852">
        <ele>223.41</ele>
      </trkpt>
      <trkpt lat="48.65062586031854" lon="5.9867355320602655">
        <ele>223.14</ele>
      </trkpt>
      <trkpt lat="48.650615215301514" lon="5.986347198486328">
        <ele>222.75</ele>
      </trkpt>
      <trkpt lat="48.650615299120545" lon="5.986347198486328">
        <ele>222.31</ele>
      </trkpt>
      <trkpt lat="48.65060230717063" lon="5.985891055315733">
        <ele>221.91</ele>
      </trkpt>
      <trkpt lat="48.650589399039745" lon="5.985434912145138">
        <ele>221.36</ele>
      </trkpt>
      <trkpt lat="48.65057649090886" lon="5.984978768974543">
        <ele>220.79</ele>
      </trkpt>
      <trkpt lat="48.65056358277798" lon="5.9845226258039474">
        <ele>220.27</ele>
      </trkpt>
      <trkpt lat="48.650550842285156" lon="5.984072685241699">
        <ele>219.87</ele>
      </trkpt>
      <trkpt lat="48.65054271183908" lon="5.983612770214677">
        <ele>219.23</ele>
      </trkpt>
      <trkpt lat="48.650534665212035" lon="5.9831528551876545">
        <ele>218.61</ele>
      </trkpt>
      <trkpt lat="48.65052661858499" lon="5.982692940160632">
        <ele>218.01</ele>
      </trkpt>
      <trkpt lat="48.650518571957946" lon="5.98223302513361">
        <ele>217.54</ele>
      </trkpt>
      <trkpt lat="48.6505105253309" lon="5.981773110106587">
        <ele>217.08</ele>
      </trkpt>
      <trkpt lat="48.650502394884825" lon="5.981313195079565">
        <ele>216.63</ele>
      </trkpt>
      <trkpt lat="48.65049434825778" lon="5.980853280052543">
        <ele>216.21</ele>
      </trkpt>
      <trkpt lat="48.6504864692688" lon="5.980403423309326">
        <ele>215.9</ele>
      </trkpt>
      <trkpt lat="48.65046492777765" lon="5.980112906545401">
        <ele>215.49</ele>
      </trkpt>
      <trkpt lat="48.65044363774359" lon="5.979824066162109">
        <ele>215.13</ele>
      </trkpt>
      <trkpt lat="48.65040063858032" lon="5.979652404785156">
        <ele>214.8</ele>
      </trkpt>
      <trkpt lat="48.650400722399354" lon="5.979652404785156">
        <ele>214.48</ele>
      </trkpt>
      <trkpt lat="48.65031464025378" lon="5.979246385395527">
        <ele>214.17</ele>
      </trkpt>
      <trkpt lat="48.65022855810821" lon="5.9788403660058975">
        <ele>213.85</ele>
      </trkpt>
      <trkpt lat="48.65014255978167" lon="5.978434346616268">
        <ele>213.61</ele>
      </trkpt>
      <trkpt lat="48.6500564776361" lon="5.978028327226639">
        <ele>213.4</ele>
      </trkpt>
      <trkpt lat="48.64997047930956" lon="5.977622307837009">
        <ele>213.21</ele>
      </trkpt>
      <trkpt lat="48.64988439716399" lon="5.97721628844738">
        <ele>212.95</ele>
      </trkpt>
      <trkpt lat="48.649798315018415" lon="5.976810269057751">
        <ele>212.69</ele>
      </trkpt>
      <trkpt lat="48.64971399307251" lon="5.976412296295166">
        <ele>212.47</ele>
      </trkpt>
      <trkpt lat="48.64961718209088" lon="5.976021531969309">
        <ele>212.27</ele>
      </trkpt>
      <trkpt lat="48.64952037110925" lon="5.975630767643452">
        <ele>212.12</ele>
      </trkpt>
      <trkpt lat="48.649423560127616" lon="5.9752400033175945">
        <ele>212.02</ele>
      </trkpt>
      <trkpt lat="48.649326832965016" lon="5.974849322810769">
        <ele>211.94</ele>
      </trkpt>
      <trkpt lat="48.649230021983385" lon="5.974458558484912">
        <ele>211.79</ele>
      </trkpt>
      <trkpt lat="48.64913463592529" lon="5.97407341003418">
        <ele>213.33</ele>
      </trkpt>
      <trkpt lat="48.649156177416444" lon="5.9740519523620605">
        <ele>213.11</ele>
      </trkpt>
      <trkpt lat="48.64915609359741" lon="5.9740519523620605">
        <ele>212.92</ele>
      </trkpt>
      <trkpt lat="48.64924200810492" lon="5.974009037017822">
        <ele>212.69</ele>
      </trkpt>
      <trkpt lat="48.64952087402344" lon="5.973837375640869">
        <ele>212.46</ele>
      </trkpt>
      <trkpt lat="48.649585247039795" lon="5.97381591796875">
        <ele>212.31</ele>
      </trkpt>
      <trkpt lat="48.64969253540039" lon="5.973837375640869">
        <ele>212.19</ele>
      </trkpt>
      <trkpt lat="48.64977836608887" lon="5.973966121673584">
        <ele>212.08</ele>
      </trkpt>
      <trkpt lat="48.649821281433105" lon="5.97407341003418">
        <ele>212.01</ele>
      </trkpt>
      <trkpt lat="48.64993594586849" lon="5.974510693922639">
        <ele>211.29</ele>
      </trkpt>
      <trkpt lat="48.65005069412291" lon="5.974947977811098">
        <ele>211.45</ele>
      </trkpt>
      <trkpt lat="48.65016544237733" lon="5.975385345518589">
        <ele>211.54</ele>
      </trkpt>
      <trkpt lat="48.650280106812716" lon="5.975822629407048">
        <ele>211.58</ele>
      </trkpt>
      <trkpt lat="48.650394855067134" lon="5.976259913295507">
        <ele>211.57</ele>
      </trkpt>
      <trkpt lat="48.65050801075995" lon="5.976691246032715">
        <ele>211.87</ele>
      </trkpt>
      <trkpt lat="48.65050792694092" lon="5.976691246032715">
        <ele>211.89</ele>
      </trkpt>
      <trkpt lat="48.65056173875928" lon="5.97711076028645">
        <ele>211.97</ele>
      </trkpt>
      <trkpt lat="48.650615299120545" lon="5.977528095245361">
        <ele>212.08</ele>
      </trkpt>
      <trkpt lat="48.650658214464784" lon="5.977935791015625">
        <ele>212.13</ele>
      </trkpt>
      <trkpt lat="48.65070104598999" lon="5.978150367736816">
        <ele>212.21</ele>
      </trkpt>
      <trkpt lat="48.65076541900635" lon="5.978236198425293">
        <ele>212.28</ele>
      </trkpt>
      <trkpt lat="48.650851249694824" lon="5.978279113769531">
        <ele>212.35</ele>
      </trkpt>
      <trkpt lat="48.65095862187445" lon="5.978279113769531">
        <ele>212.43</ele>
      </trkpt>
      <trkpt lat="48.6511892080307" lon="5.978187918663025">
        <ele>212.8</ele>
      </trkpt>
      <trkpt lat="48.65141987800598" lon="5.9780967235565186">
        <ele>212.85</ele>
      </trkpt>
      <trkpt lat="48.65165054798126" lon="5.978005528450012">
        <ele>212.96</ele>
      </trkpt>
      <trkpt lat="48.65188121795654" lon="5.977914333343506">
        <ele>212.67</ele>
      </trkpt>
      <trkpt lat="48.65203150548041" lon="5.977914333343506">
        <ele>212.79</ele>
      </trkpt>
      <trkpt lat="48.65213871002197" lon="5.978043079376221">
        <ele>212.92</ele>
      </trkpt>
      <trkpt lat="48.65218162536621" lon="5.978150367736816">
        <ele>213.0</ele>
      </trkpt>
      <trkpt lat="48.65225044079125" lon="5.978533253073692">
        <ele>213.62</ele>
      </trkpt>
      <trkpt lat="48.65231925621629" lon="5.978916138410568">
        <ele>213.74</ele>
      </trkpt>
      <trkpt lat="48.652388071641326" lon="5.979299023747444">
        <ele>213.76</ele>
      </trkpt>
      <trkpt lat="48.652456970885396" lon="5.979681992903352">
        <ele>213.76</ele>
      </trkpt>
      <trkpt lat="48.65252494812012" lon="5.98006010055542">
        <ele>213.26</ele>
      </trkpt>
      <trkpt lat="48.65256794728339" lon="5.980490343645215">
        <ele>213.7</ele>
      </trkpt>
      <trkpt lat="48.652610778808594" lon="5.9809184074401855">
        <ele>213.22</ele>
      </trkpt>
      <trkpt lat="48.65262687206268" lon="5.981343286111951">
        <ele>213.63</ele>
      </trkpt>
      <trkpt lat="48.652643049135804" lon="5.981768248602748">
        <ele>213.49</ele>
      </trkpt>
      <trkpt lat="48.65265914238989" lon="5.982193211093545">
        <ele>213.37</ele>
      </trkpt>
      <trkpt lat="48.65267515182495" lon="5.982613563537598">
        <ele>212.96</ele>
      </trkpt>
      <trkpt lat="48.65267515182495" lon="5.982936266809702">
        <ele>213.19</ele>
      </trkpt>
      <trkpt lat="48.65267515182495" lon="5.983258970081806">
        <ele>213.05</ele>
      </trkpt>
      <trkpt lat="48.65267515182495" lon="5.983579158782959">
        <ele>212.73</ele>
      </trkpt>
      <trkpt lat="48.652660734951496" lon="5.984005881473422">
        <ele>212.92</ele>
      </trkpt>
      <trkpt lat="48.65264640189707" lon="5.984432604163885">
        <ele>212.92</ele>
      </trkpt>
      <trkpt lat="48.65263206884265" lon="5.984859326854348">
        <ele>212.92</ele>
      </trkpt>
      <trkpt lat="48.652617735788226" lon="5.985286049544811">
        <ele>213.01</ele>
      </trkpt>
      <trkpt lat="48.6526034027338" lon="5.985712772235274">
        <ele>213.11</ele>
      </trkpt>
      <trkpt lat="48.652589321136475" lon="5.986132621765137">
        <ele>213.24</ele>
      </trkpt>
      <trkpt lat="48.652567779645324" lon="5.986512657254934">
        <ele>213.36</ele>
      </trkpt>
      <trkpt lat="48.65254623815417" lon="5.986892776563764">
        <ele>213.57</ele>
      </trkpt>
      <trkpt lat="48.65252494812012" lon="5.987269878387451">
        <ele>214.12</ele>
      </trkpt>
      <trkpt lat="48.652546405792236" lon="5.987462997436523">
        <ele>214.63</ele>
      </trkpt>
      <trkpt lat="48.652610778808594" lon="5.987613201141357">
        <ele>215.26</ele>
      </trkpt>
      <trkpt lat="48.652825355529785" lon="5.9877848625183105">
        <ele>216.09</ele>
      </trkpt>
      <trkpt lat="48.65286827087402" lon="5.9879350662231445">
        <ele>216.9</ele>
      </trkpt>
      <trkpt lat="48.65287539549172" lon="5.988300768658519">
        <ele>217.26</ele>
      </trkpt>
      <trkpt lat="48.65288260392845" lon="5.988666554912925">
        <ele>218.17</ele>
      </trkpt>
      <trkpt lat="48.65288972854614" lon="5.989029407501221">
        <ele>219.78</ele>
      </trkpt>
      <trkpt lat="48.65299701690674" lon="5.9891581535339355">
        <ele>221.04</ele>
      </trkpt>
      <trkpt lat="48.653082847595215" lon="5.9891581535339355">
        <ele>222.35</ele>
      </trkpt>
      <trkpt lat="48.65314722061157" lon="5.98905086517334">
        <ele>223.74</ele>
      </trkpt>
      <trkpt lat="48.65316876210272" lon="5.988922119140625">
        <ele>225.21</ele>
      </trkpt>
      <trkpt lat="48.65321167744696" lon="5.988502521067858">
        <ele>225.88</ele>
      </trkpt>
      <trkpt lat="48.65325450897217" lon="5.9880852699279785">
        <ele>228.57</ele>
      </trkpt>
      <trkpt lat="48.6533082369715" lon="5.987762566655874">
        <ele>229.37</ele>
      </trkpt>
      <trkpt lat="48.653361797332764" lon="5.987441539764404">
        <ele>232.33</ele>
      </trkpt>
      <trkpt lat="48.65342625416815" lon="5.987172648310661">
        <ele>233.21</ele>
      </trkpt>
      <trkpt lat="48.65349054336548" lon="5.986905097961426">
        <ele>236.44</ele>
      </trkpt>
      <trkpt lat="48.65364074707031" lon="5.9867119789123535">
        <ele>238.72</ele>
      </trkpt>
      <trkpt lat="48.653812408447266" lon="5.986583149060607">
        <ele>239.85</ele>
      </trkpt>
      <trkpt lat="48.65398406982422" lon="5.986454486846924">
        <ele>243.49</ele>
      </trkpt>
      <trkpt lat="48.65415573120117" lon="5.986239910125732">
        <ele>245.99</ele>
      </trkpt>
      <trkpt lat="48.654155815020204" lon="5.986239910125732">
        <ele>248.37</ele>
      </trkpt>
      <trkpt lat="48.65426301956177" lon="5.986068248748779">
        <ele>250.92</ele>
      </trkpt>
      <trkpt lat="48.654305934906006" lon="5.985832214355469">
        <ele>253.46</ele>
      </trkpt>
      <trkpt lat="48.6543632671237" lon="5.985416220501065">
        <ele>255.01</ele>
      </trkpt>
      <trkpt lat="48.654420683160424" lon="5.9850003104656935">
        <ele>257.72</ele>
      </trkpt>
      <trkpt lat="48.65447768010199" lon="5.984587669372559">
        <ele>261.47</ele>
      </trkpt>
      <trkpt lat="48.65450986661017" lon="5.9842434246093035">
        <ele>263.39</ele>
      </trkpt>
      <trkpt lat="48.654541969299316" lon="5.983901023864746">
        <ele>266.86</ele>
      </trkpt>
      <trkpt lat="48.654649341478944" lon="5.983536243438721">
        <ele>269.54</ele>
      </trkpt>
      <trkpt lat="48.65482552908361" lon="5.983200967311859">
        <ele>271.95</ele>
      </trkpt>
      <trkpt lat="48.655001716688275" lon="5.982865691184998">
        <ele>274.94</ele>
      </trkpt>
      <trkpt lat="48.65517798811197" lon="5.982530415058136">
        <ele>277.87</ele>
      </trkpt>
      <trkpt lat="48.65535417571664" lon="5.982195138931274">
        <ele>280.83</ele>
      </trkpt>
      <trkpt lat="48.6555290222168" lon="5.981862545013428">
        <ele>283.41</ele>
      </trkpt>
      <trkpt lat="48.65569372661412" lon="5.98162617534399">
        <ele>286.91</ele>
      </trkpt>
      <trkpt lat="48.65585843101144" lon="5.981389889493585">
        <ele>289.94</ele>
      </trkpt>
      <trkpt lat="48.65602263249457" lon="5.981154441833496">
        <ele>291.54</ele>
      </trkpt>
      <trkpt lat="48.65615129470825" lon="5.980961322784424">
        <ele>294.11</ele>
      </trkpt>
      <trkpt lat="48.65625858306885" lon="5.980896949768066">
        <ele>296.62</ele>
      </trkpt>
      <trkpt lat="48.656515991315246" lon="5.980886220932007">
        <ele>301.62</ele>
      </trkpt>
      <trkpt lat="48.656773399561644" lon="5.980875492095947">
        <ele>304.51</ele>
      </trkpt>
      <trkpt lat="48.65703089162707" lon="5.980864763259888">
        <ele>307.33</ele>
      </trkpt>
      <trkpt lat="48.657288551330566" lon="5.980854034423828">
        <ele>306.4</ele>
      </trkpt>
      <trkpt lat="48.65750312805176" lon="5.980789661407471">
        <ele>308.58</ele>
      </trkpt>
      <trkpt lat="48.6577392462641" lon="5.980660915374756">
        <ele>310.71</ele>
      </trkpt>
      <trkpt lat="48.65793236531317" lon="5.980499899014831">
        <ele>317.68</ele>
      </trkpt>
      <trkpt lat="48.65812540054321" lon="5.980339050292969">
        <ele>314.51</ele>
      </trkpt>
      <trkpt lat="48.658383060246706" lon="5.980081306770444">
        <ele>322.03</ele>
      </trkpt>
      <trkpt lat="48.65864038467407" lon="5.979824066162109">
        <ele>317.6</ele>
      </trkpt>
      <trkpt lat="48.65876913070679" lon="5.9796953201293945">
        <ele>318.96</ele>
      </trkpt>
      <trkpt lat="48.65872629918158" lon="5.979437828063965">
        <ele>327.29</ele>
      </trkpt>
      <trkpt lat="48.65868338383734" lon="5.979287624359131">
        <ele>328.7</ele>
      </trkpt>
      <trkpt lat="48.658640468493104" lon="5.979115962982178">
        <ele>329.92</ele>
      </trkpt>
      <trkpt lat="48.65857592783868" lon="5.978857800364494">
        <ele>330.98</ele>
      </trkpt>
      <trkpt lat="48.65851172246039" lon="5.978600978851318">
        <ele>331.82</ele>
      </trkpt>
      <trkpt lat="48.65849026478827" lon="5.9784722328186035">
        <ele>332.49</ele>
      </trkpt>
      <trkpt lat="48.65851163864136" lon="5.978214740753174">
        <ele>333.07</ele>
      </trkpt>
      <trkpt lat="48.658619010820985" lon="5.977914333343506">
        <ele>333.42</ele>
      </trkpt>
      <trkpt lat="48.65883375518024" lon="5.97763504832983">
        <ele>333.65</ele>
      </trkpt>
      <trkpt lat="48.65904816426337" lon="5.977356433868408">
        <ele>333.68</ele>
      </trkpt>
      <trkpt lat="48.659219993278384" lon="5.977120064198971">
        <ele>333.54</ele>
      </trkpt>
      <trkpt lat="48.659391487017274" lon="5.976884365081787">
        <ele>333.23</ele>
      </trkpt>
      <trkpt lat="48.6594557762146" lon="5.976777076721191">
        <ele>332.76</ele>
      </trkpt>
      <trkpt lat="48.65964914672077" lon="5.976465437561274">
        <ele>332.14</ele>
      </trkpt>
      <trkpt lat="48.659842014312744" lon="5.976154804229736">
        <ele>331.36</ele>
      </trkpt>
      <trkpt lat="48.659842098131776" lon="5.976154804229736">
        <ele>330.47</ele>
      </trkpt>
      <trkpt lat="48.660049717873335" lon="5.97581097856164">
        <ele>329.34</ele>
      </trkpt>
      <trkpt lat="48.660257421433926" lon="5.975467152893543">
        <ele>328.08</ele>
      </trkpt>
      <trkpt lat="48.6604642868042" lon="5.975124835968018">
        <ele>326.78</ele>
      </trkpt>
      <trkpt lat="48.66061449050903" lon="5.974760055541992">
        <ele>325.4</ele>
      </trkpt>
      <trkpt lat="48.660614574328065" lon="5.974760055541992">
        <ele>323.95</ele>
      </trkpt>
      <trkpt lat="48.66067886352539" lon="5.97430944442749">
        <ele>322.43</ele>
      </trkpt>
      <trkpt lat="48.66067886352539" lon="5.973966121673584">
        <ele>320.81</ele>
      </trkpt>
      <trkpt lat="48.660886315628886" lon="5.973822958767414">
        <ele>318.99</ele>
      </trkpt>
      <trkpt lat="48.66109376773238" lon="5.973679879680276">
        <ele>317.11</ele>
      </trkpt>
      <trkpt lat="48.661301136016846" lon="5.973536968231201">
        <ele>315.18</ele>
      </trkpt>
      <trkpt lat="48.661537170410156" lon="5.973397409543395">
        <ele>313.19</ele>
      </trkpt>
      <trkpt lat="48.66177320480347" lon="5.973258018493652">
        <ele>311.23</ele>
      </trkpt>
      <trkpt lat="48.66206405684352" lon="5.973112508654594">
        <ele>309.31</ele>
      </trkpt>
      <trkpt lat="48.6623549927026" lon="5.972967082634568">
        <ele>307.35</ele>
      </trkpt>
      <trkpt lat="48.662645844742656" lon="5.972821656614542">
        <ele>305.37</ele>
      </trkpt>
      <trkpt lat="48.66293678060174" lon="5.972676230594516">
        <ele>303.42</ele>
      </trkpt>
      <trkpt lat="48.66322763264179" lon="5.97253080457449">
        <ele>301.44</ele>
      </trkpt>
      <trkpt lat="48.663518568500876" lon="5.972385294735432">
        <ele>299.51</ele>
      </trkpt>
      <trkpt lat="48.66380942054093" lon="5.9722398687154055">
        <ele>297.65</ele>
      </trkpt>
      <trkpt lat="48.66410035640001" lon="5.972094442695379">
        <ele>295.81</ele>
      </trkpt>
      <trkpt lat="48.664391040802" lon="5.971949100494385">
        <ele>293.92</ele>
      </trkpt>
      <trkpt lat="48.664641324430704" lon="5.971863269805908">
        <ele>292.07</ele>
      </trkpt>
      <trkpt lat="48.664891608059406" lon="5.971777439117432">
        <ele>290.31</ele>
      </trkpt>
      <trkpt lat="48.66514205932617" lon="5.971691608428955">
        <ele>288.62</ele>
      </trkpt>
      <trkpt lat="48.66538873873651" lon="5.971654057502747">
        <ele>286.97</ele>
      </trkpt>
      <trkpt lat="48.66563541814685" lon="5.971616506576538">
        <ele>285.37</ele>
      </trkpt>
      <trkpt lat="48.66588218137622" lon="5.97157895565033">
        <ele>283.81</ele>
      </trkpt>
      <trkpt lat="48.66612911224365" lon="5.971541404724121">
        <ele>282.29</ele>
      </trkpt>
      <trkpt lat="48.66641158238053" lon="5.971430512145162">
        <ele>280.81</ele>
      </trkpt>
      <trkpt lat="48.666694136336446" lon="5.971319619566202">
        <ele>279.24</ele>
      </trkpt>
      <trkpt lat="48.66697660647333" lon="5.971208810806274">
        <ele>277.7</ele>
      </trkpt>
      <trkpt lat="48.66725916042924" lon="5.971097918227315">
        <ele>276.3</ele>
      </trkpt>
      <trkpt lat="48.66754163056612" lon="5.9709870256483555">
        <ele>274.93</ele>
      </trkpt>
      <trkpt lat="48.667824268341064" lon="5.970876216888428">
        <ele>273.67</ele>
      </trkpt>
      <trkpt lat="48.66808167658746" lon="5.970795750617981">
        <ele>272.47</ele>
      </trkpt>
      <trkpt lat="48.66833916865289" lon="5.970715284347534">
        <ele>271.24</ele>
      </trkpt>
      <trkpt lat="48.66859666071832" lon="5.970634818077087">
        <ele>270.01</ele>
      </trkpt>
      <trkpt lat="48.66885423660278" lon="5.970554351806641">
        <ele>268.81</ele>
      </trkpt>
      <trkpt lat="48.669090354815125" lon="5.970468521118164">
        <ele>267.67</ele>
      </trkpt>
      <trkpt lat="48.669090270996094" lon="5.970468521118164">
        <ele>266.64</ele>
      </trkpt>
      <trkpt lat="48.66939059458673" lon="5.97037548199296">
        <ele>265.63</ele>
      </trkpt>
      <trkpt lat="48.6696910019964" lon="5.970282526686788">
        <ele>264.61</ele>
      </trkpt>
      <trkpt lat="48.6699914932251" lon="5.970189571380615">
        <ele>263.53</ele>
      </trkpt>
      <trkpt lat="48.67020606994629" lon="5.970067949965596">
        <ele>262.54</ele>
      </trkpt>
      <trkpt lat="48.67042064666748" lon="5.969946328550577">
        <ele>261.6</ele>
      </trkpt>
      <trkpt lat="48.67063522338867" lon="5.96982479095459">
        <ele>260.69</ele>
      </trkpt>
      <trkpt lat="48.67091425694525" lon="5.9696172550320625">
        <ele>259.83</ele>
      </trkpt>
      <trkpt lat="48.67119329050183" lon="5.969409719109535">
        <ele>258.9</ele>
      </trkpt>
      <trkpt lat="48.67147232405841" lon="5.96920226700604">
        <ele>257.96</ele>
      </trkpt>
      <trkpt lat="48.671751357614994" lon="5.968994731083512">
        <ele>257.11</ele>
      </trkpt>
      <trkpt lat="48.672030474990606" lon="5.968787278980017">
        <ele>256.35</ele>
      </trkpt>
      <trkpt lat="48.672308921813965" lon="5.96858024597168">
        <ele>255.59</ele>
      </trkpt>
      <trkpt lat="48.67259860038757" lon="5.968397771939635">
        <ele>254.79</ele>
      </trkpt>
      <trkpt lat="48.67288836278021" lon="5.968215381726623">
        <ele>253.95</ele>
      </trkpt>
      <trkpt lat="48.67317812517285" lon="5.968032907694578">
        <ele>253.11</ele>
      </trkpt>
      <trkpt lat="48.6734676361084" lon="5.967850685119629">
        <ele>252.22</ele>
      </trkpt>
      <trkpt lat="48.67372521199286" lon="5.967657482251525">
        <ele>251.35</ele>
      </trkpt>
      <trkpt lat="48.67398278787732" lon="5.967464279383421">
        <ele>250.48</ele>
      </trkpt>
      <trkpt lat="48.67424036376178" lon="5.967271076515317">
        <ele>249.69</ele>
      </trkpt>
      <trkpt lat="48.674497939646244" lon="5.967077873647213">
        <ele>248.93</ele>
      </trkpt>
      <trkpt lat="48.67475509643555" lon="5.966885089874268">
        <ele>248.07</ele>
      </trkpt>
      <trkpt lat="48.67505005560815" lon="5.966767072677612">
        <ele>247.23</ele>
      </trkpt>
      <trkpt lat="48.67534509859979" lon="5.966649055480957">
        <ele>246.39</ele>
      </trkpt>
      <trkpt lat="48.67564014159143" lon="5.966531038284302">
        <ele>245.56</ele>
      </trkpt>
      <trkpt lat="48.6759352684021" lon="5.9664130210876465">
        <ele>244.71</ele>
      </trkpt>
      <trkpt lat="48.67621430195868" lon="5.966192912310362">
        <ele>243.79</ele>
      </trkpt>
      <trkpt lat="48.67649333551526" lon="5.965972887352109">
        <ele>242.88</ele>
      </trkpt>
      <trkpt lat="48.67677245289087" lon="5.965752862393856">
        <ele>241.94</ele>
      </trkpt>
      <trkpt lat="48.677051067352295" lon="5.965533256530762">
        <ele>241.07</ele>
      </trkpt>
      <trkpt lat="48.67724418640137" lon="5.965425884351134">
        <ele>240.17</ele>
      </trkpt>
      <trkpt lat="48.67743730545044" lon="5.96531867980957">
        <ele>239.32</ele>
      </trkpt>
      <trkpt lat="48.67763042449951" lon="5.965275764465332">
        <ele>238.45</ele>
      </trkpt>
      <trkpt lat="48.67788783274591" lon="5.9652971383184195">
        <ele>237.63</ele>
      </trkpt>
      <trkpt lat="48.67814524099231" lon="5.965318595990539">
        <ele>236.85</ele>
      </trkpt>
      <trkpt lat="48.6784029006958" lon="5.9653401374816895">
        <ele>236.06</ele>
      </trkpt>
      <trkpt lat="48.67870917543769" lon="5.965330665931106">
        <ele>235.26</ele>
      </trkpt>
      <trkpt lat="48.67901545017958" lon="5.965321194380522">
        <ele>234.5</ele>
      </trkpt>
      <trkpt lat="48.679321724921465" lon="5.965311722829938">
        <ele>233.77</ele>
      </trkpt>
      <trkpt lat="48.67962825112045" lon="5.965302251279354">
        <ele>233.0</ele>
      </trkpt>
      <trkpt lat="48.679913487285376" lon="5.965293366461992">
        <ele>232.23</ele>
      </trkpt>
      <trkpt lat="48.680198807269335" lon="5.965284565463662">
        <ele>231.54</ele>
      </trkpt>
      <trkpt lat="48.68048437871039" lon="5.965275764465332">
        <ele>230.83</ele>
      </trkpt>
      <trkpt lat="48.68072032928467" lon="5.965232849121094">
        <ele>230.14</ele>
      </trkpt>
      <trkpt lat="48.6809241771698" lon="5.965136205777526">
        <ele>229.42</ele>
      </trkpt>
      <trkpt lat="48.68112802505493" lon="5.9650397300720215">
        <ele>228.72</ele>
      </trkpt>
      <trkpt lat="48.6812783125788" lon="5.964900171384215">
        <ele>228.06</ele>
      </trkpt>
      <trkpt lat="48.6814284324646" lon="5.964760780334473">
        <ele>227.41</ele>
      </trkpt>
      <trkpt lat="48.681600177660584" lon="5.964560285210609">
        <ele>226.81</ele>
      </trkpt>
      <trkpt lat="48.6817720066756" lon="5.964359873905778">
        <ele>226.22</ele>
      </trkpt>
      <trkpt lat="48.68194341659546" lon="5.964159965515137">
        <ele>225.7</ele>
      </trkpt>
      <trkpt lat="48.68212580680847" lon="5.964052593335509">
        <ele>225.21</ele>
      </trkpt>
      <trkpt lat="48.682308197021484" lon="5.963945388793945">
        <ele>224.72</ele>
      </trkpt>
      <trkpt lat="48.68250131607056" lon="5.963945388793945">
        <ele>224.24</ele>
      </trkpt>
      <trkpt lat="48.68276584893465" lon="5.963966762647033">
        <ele>223.81</ele>
      </trkpt>
      <trkpt lat="48.683030465617776" lon="5.963988220319152">
        <ele>223.46</ele>
      </trkpt>
      <trkpt lat="48.6832950823009" lon="5.964009677991271">
        <ele>223.16</ele>
      </trkpt>
      <trkpt lat="48.683559615164995" lon="5.96403113566339">
        <ele>222.86</ele>
      </trkpt>
      <trkpt lat="48.68382423184812" lon="5.964052593335509">
        <ele>222.59</ele>
      </trkpt>
      <trkpt lat="48.68408918380737" lon="5.96407413482666">
        <ele>222.4</ele>
      </trkpt>
      <trkpt lat="48.684318009763956" lon="5.964138424023986">
        <ele>222.25</ele>
      </trkpt>
      <trkpt lat="48.68454691953957" lon="5.964202797040343">
        <ele>222.14</ele>
      </trkpt>
      <trkpt lat="48.68477591313422" lon="5.964267253875732">
        <ele>222.02</ele>
      </trkpt>
      <trkpt lat="48.685011779889464" lon="5.964245796203613">
        <ele>221.96</ele>
      </trkpt>
      <trkpt lat="48.68524789810181" lon="5.964224338531494">
        <ele>221.93</ele>
      </trkpt>
      <trkpt lat="48.68541955947876" lon="5.964127695187926">
        <ele>221.94</ele>
      </trkpt>
      <trkpt lat="48.68559122085571" lon="5.964031219482422">
        <ele>221.93</ele>
      </trkpt>
      <trkpt lat="48.68573069572449" lon="5.963913118466735">
        <ele>221.96</ele>
      </trkpt>
      <trkpt lat="48.68587017059326" lon="5.963795185089111">
        <ele>222.01</ele>
      </trkpt>
      <trkpt lat="48.68609916418791" lon="5.9635374415665865">
        <ele>222.07</ele>
      </trkpt>
      <trkpt lat="48.686328241601586" lon="5.963279698044062">
        <ele>222.16</ele>
      </trkpt>
      <trkpt lat="48.686556816101074" lon="5.963022708892822">
        <ele>222.22</ele>
      </trkpt>
      <trkpt lat="48.68670710362494" lon="5.962904607877135">
        <ele>222.31</ele>
      </trkpt>
      <trkpt lat="48.686857307329774" lon="5.962786674499512">
        <ele>222.34</ele>
      </trkpt>
      <trkpt lat="48.68702896870673" lon="5.962657844647765">
        <ele>222.4</ele>
      </trkpt>
      <trkpt lat="48.68720063008368" lon="5.962529182434082">
        <ele>222.49</ele>
      </trkpt>
      <trkpt lat="48.68735074996948" lon="5.962378978729248">
        <ele>222.58</ele>
      </trkpt>
      <trkpt lat="48.687543952837586" lon="5.962185692042112">
        <ele>222.64</ele>
      </trkpt>
      <trkpt lat="48.68773698806763" lon="5.9619927406311035">
        <ele>222.72</ele>
      </trkpt>
      <trkpt lat="48.68789800442755" lon="5.961842369288206">
        <ele>222.76</ele>
      </trkpt>
      <trkpt lat="48.688058853149414" lon="5.9616923332214355">
        <ele>222.78</ele>
      </trkpt>
      <trkpt lat="48.68825213983655" lon="5.961477505043149">
        <ele>222.81</ele>
      </trkpt>
      <trkpt lat="48.68844517506659" lon="5.961263179779053">
        <ele>222.82</ele>
      </trkpt>
      <trkpt lat="48.68857400491834" lon="5.9610912669450045">
        <ele>222.81</ele>
      </trkpt>
      <trkpt lat="48.68870258331299" lon="5.9609198570251465">
        <ele>222.81</ele>
      </trkpt>
      <trkpt lat="48.6888315808028" lon="5.9612638503313065">
        <ele>222.77</ele>
      </trkpt>
      <trkpt lat="48.68896007537842" lon="5.961606502532959">
        <ele>222.77</ele>
      </trkpt>
      <trkpt lat="48.689099634066224" lon="5.961746061220765">
        <ele>222.73</ele>
      </trkpt>
      <trkpt lat="48.689239108935" lon="5.961885452270508">
        <ele>222.68</ele>
      </trkpt>
      <trkpt lat="48.68923902511597" lon="5.961885452270508">
        <ele>222.65</ele>
      </trkpt>
      <trkpt lat="48.68941068649292" lon="5.961960554122925">
        <ele>222.59</ele>
      </trkpt>
      <trkpt lat="48.689582431688905" lon="5.962035655975342">
        <ele>222.5</ele>
      </trkpt>
      <trkpt lat="48.68964680470526" lon="5.962057113647461">
        <ele>222.43</ele>
      </trkpt>
      <trkpt lat="48.689839923754334" lon="5.962100028991699">
        <ele>222.31</ele>
      </trkpt>
      <trkpt lat="48.690111665055156" lon="5.962178651243448">
        <ele>222.19</ele>
      </trkpt>
      <trkpt lat="48.69038340635598" lon="5.962257357314229">
        <ele>222.1</ele>
      </trkpt>
      <trkpt lat="48.69065523147583" lon="5.96233606338501">
        <ele>222.0</ele>
      </trkpt>
      <trkpt lat="48.69067241437733" lon="5.961875561624765">
        <ele>221.99</ele>
      </trkpt>
      <trkpt lat="48.69068959727883" lon="5.961415143683553">
        <ele>221.98</ele>
      </trkpt>
      <trkpt lat="48.69070686399937" lon="5.96095472574234">
        <ele>221.92</ele>
      </trkpt>
      <trkpt lat="48.69072404690087" lon="5.960494223982096">
        <ele>221.76</ele>
      </trkpt>
      <trkpt lat="48.69074106216431" lon="5.960040092468262">
        <ele>221.59</ele>
      </trkpt>
      <trkpt lat="48.690719520673156" lon="5.959738846868277">
        <ele>221.41</ele>
      </trkpt>
      <trkpt lat="48.69069814682007" lon="5.959439277648926">
        <ele>221.18</ele>
      </trkpt>
      <trkpt lat="48.6908483505249" lon="5.9593963623046875">
        <ele>220.9</ele>
      </trkpt>
      <trkpt lat="48.690998554229736" lon="5.95929971896112">
        <ele>220.6</ele>
      </trkpt>
      <trkpt lat="48.6911488417536" lon="5.959203243255615">
        <ele>220.25</ele>
      </trkpt>
      <trkpt lat="48.69136333465576" lon="5.9590744972229">
        <ele>219.82</ele>
      </trkpt>
      <trkpt lat="48.69138479232788" lon="5.9590744972229">
        <ele>219.42</ele>
      </trkpt>
      <trkpt lat="48.69149216450751" lon="5.958902835845947">
        <ele>218.95</ele>
      </trkpt>
      <trkpt lat="48.691631723195314" lon="5.958677195012569">
        <ele>218.46</ele>
      </trkpt>
      <trkpt lat="48.691771030426025" lon="5.958452224731445">
        <ele>217.96</ele>
      </trkpt>
      <trkpt lat="48.69189977645874" lon="5.95834493637085">
        <ele>217.42</ele>
      </trkpt>
      <trkpt lat="48.692071521654725" lon="5.958237648010254">
        <ele>216.86</ele>
      </trkpt>
      <trkpt lat="48.69215726852417" lon="5.958237648010254">
        <ele>216.28</ele>
      </trkpt>
      <trkpt lat="48.692286014556885" lon="5.95834493637085">
        <ele>215.72</ele>
      </trkpt>
      <trkpt lat="48.692307472229004" lon="5.958366394042969">
        <ele>215.18</ele>
      </trkpt>
      <trkpt lat="48.69253294542432" lon="5.958581054583192">
        <ele>214.65</ele>
      </trkpt>
      <trkpt lat="48.69275816716254" lon="5.958795547485352">
        <ele>214.13</ele>
      </trkpt>
      <trkpt lat="48.69292982853949" lon="5.958988666534424">
        <ele>213.56</ele>
      </trkpt>
      <trkpt lat="48.69295128621161" lon="5.959031581878662">
        <ele>213.02</ele>
      </trkpt>
      <trkpt lat="48.69312286376953" lon="5.959267616271973">
        <ele>212.42</ele>
      </trkpt>
      <trkpt lat="48.693337524309754" lon="5.959525108337402">
        <ele>211.85</ele>
      </trkpt>
      <trkpt lat="48.69338043965399" lon="5.95958948135376">
        <ele>211.35</ele>
      </trkpt>
      <trkpt lat="48.69338035583496" lon="5.95958948135376">
        <ele>210.89</ele>
      </trkpt>
      <trkpt lat="48.693552017211914" lon="5.9598469734191895">
        <ele>210.39</ele>
      </trkpt>
      <trkpt lat="48.69362720288336" lon="5.960072698071599">
        <ele>209.95</ele>
      </trkpt>
      <trkpt lat="48.69370222091675" lon="5.960297584533691">
        <ele>209.54</ele>
      </trkpt>
      <trkpt lat="48.69385242462158" lon="5.960705280303955">
        <ele>209.15</ele>
      </trkpt>
      <trkpt lat="48.69389533996582" lon="5.9607696533203125">
        <ele>208.87</ele>
      </trkpt>
      <trkpt lat="48.69400271214545" lon="5.960791110992432">
        <ele>208.61</ele>
      </trkpt>
      <trkpt lat="48.694045627489686" lon="5.960791110992432">
        <ele>208.42</ele>
      </trkpt>
      <trkpt lat="48.694088542833924" lon="5.960812568664551">
        <ele>208.28</ele>
      </trkpt>
      <trkpt lat="48.69415291585028" lon="5.960855484008789">
        <ele>208.18</ele>
      </trkpt>
      <trkpt lat="48.694045627489686" lon="5.961112976074219">
        <ele>208.16</ele>
      </trkpt>
      <trkpt lat="48.69389542378485" lon="5.961370468139648">
        <ele>208.22</ele>
      </trkpt>
      <trkpt lat="48.69372342713177" lon="5.961703564971685">
        <ele>208.33</ele>
      </trkpt>
      <trkpt lat="48.693552017211914" lon="5.962035655975342">
        <ele>208.46</ele>
      </trkpt>
      <trkpt lat="48.693552101030946" lon="5.962035655975342">
        <ele>208.59</ele>
      </trkpt>
      <trkpt lat="48.69353064335883" lon="5.962057113647461">
        <ele>208.76</ele>
      </trkpt>
      <trkpt lat="48.69338043965399" lon="5.962400436401367">
        <ele>208.95</ele>
      </trkpt>
      <trkpt lat="48.6932731512934" lon="5.962615013122559">
        <ele>209.2</ele>
      </trkpt>
      <trkpt lat="48.69316577911377" lon="5.962872505187988">
        <ele>209.52</ele>
      </trkpt>
      <trkpt lat="48.69310140609741" lon="5.963108539581299">
        <ele>209.87</ele>
      </trkpt>
      <trkpt lat="48.69307986460626" lon="5.963409701362252">
        <ele>210.26</ele>
      </trkpt>
      <trkpt lat="48.693058490753174" lon="5.963709354400635">
        <ele>210.62</ele>
      </trkpt>
      <trkpt lat="48.69333744049072" lon="5.963795185089111">
        <ele>210.96</ele>
      </trkpt>
      <trkpt lat="48.6936164740473" lon="5.963999032974243">
        <ele>211.35</ele>
      </trkpt>
      <trkpt lat="48.69389542378485" lon="5.964202880859375">
        <ele>211.68</ele>
      </trkpt>
      <trkpt lat="48.694056356325746" lon="5.9643638972193">
        <ele>211.97</ele>
      </trkpt>
      <trkpt lat="48.69421720504761" lon="5.964524745941162">
        <ele>212.23</ele>
      </trkpt>
      <trkpt lat="48.69443194940686" lon="5.964760947972536">
        <ele>212.49</ele>
      </trkpt>
      <trkpt lat="48.69464669376612" lon="5.96499715000391">
        <ele>212.75</ele>
      </trkpt>
      <trkpt lat="48.69486143812537" lon="5.965233352035284">
        <ele>213.02</ele>
      </trkpt>
      <trkpt lat="48.695075595751405" lon="5.965468883514404">
        <ele>213.3</ele>
      </trkpt>
      <trkpt lat="48.69526871480048" lon="5.965662002563477">
        <ele>213.56</ele>
      </trkpt>
      <trkpt lat="48.69537600316107" lon="5.965790748596191">
        <ele>213.85</ele>
      </trkpt>
      <trkpt lat="48.69559074752033" lon="5.966034075245261">
        <ele>214.19</ele>
      </trkpt>
      <trkpt lat="48.69580549187958" lon="5.966277485713363">
        <ele>214.42</ele>
      </trkpt>
      <trkpt lat="48.69601973332465" lon="5.966520309448242">
        <ele>214.67</ele>
      </trkpt>
      <trkpt lat="48.696019649505615" lon="5.966520309448242">
        <ele>214.86</ele>
      </trkpt>
      <trkpt lat="48.69615920819342" lon="5.966659868136048">
        <ele>215.04</ele>
      </trkpt>
      <trkpt lat="48.696298599243164" lon="5.966799259185791">
        <ele>215.17</ele>
      </trkpt>
      <trkpt lat="48.696523904800415" lon="5.966960191726685">
        <ele>215.29</ele>
      </trkpt>
      <trkpt lat="48.696749210357666" lon="5.967121124267578">
        <ele>215.42</ele>
      </trkpt>
      <trkpt lat="48.69699387811124" lon="5.967279877513647">
        <ele>215.56</ele>
      </trkpt>
      <trkpt lat="48.69723854586482" lon="5.967438714578748">
        <ele>215.7</ele>
      </trkpt>
      <trkpt lat="48.69748329743743" lon="5.967597551643848">
        <ele>215.76</ele>
      </trkpt>
      <trkpt lat="48.69772796519101" lon="5.967756388708949">
        <ele>215.78</ele>
      </trkpt>
      <trkpt lat="48.69797238148749" lon="5.967915058135986">
        <ele>215.78</ele>
      </trkpt>
      <trkpt lat="48.698079669848084" lon="5.967957973480225">
        <ele>215.82</ele>
      </trkpt>
      <trkpt lat="48.69828720577061" lon="5.968165509402752">
        <ele>215.81</ele>
      </trkpt>
      <trkpt lat="48.69849474169314" lon="5.968373045325279">
        <ele>215.8</ele>
      </trkpt>
      <trkpt lat="48.69870194233954" lon="5.96858024597168">
        <ele>215.8</ele>
      </trkpt>
      <trkpt lat="48.69870185852051" lon="5.96858024597168">
        <ele>215.86</ele>
      </trkpt>
      <trkpt lat="48.698970079422" lon="5.968762636184692">
        <ele>215.89</ele>
      </trkpt>
      <trkpt lat="48.699238300323486" lon="5.968945026397705">
        <ele>216.09</ele>
      </trkpt>
      <trkpt lat="48.699495792388916" lon="5.969116687774658">
        <ele>216.27</ele>
      </trkpt>
      <trkpt lat="48.699753284454346" lon="5.969288349151611">
        <ele>216.34</ele>
      </trkpt>
      <trkpt lat="48.69998940266669" lon="5.969445677474141">
        <ele>216.36</ele>
      </trkpt>
      <trkpt lat="48.70022552087903" lon="5.969603089615703">
        <ele>216.4</ele>
      </trkpt>
      <trkpt lat="48.70046147145331" lon="5.969760417938232">
        <ele>216.45</ele>
      </trkpt>
      <trkpt lat="48.70066531933844" lon="5.9698569774627686">
        <ele>216.5</ele>
      </trkpt>
      <trkpt lat="48.70086916722357" lon="5.969953536987305">
        <ele>216.56</ele>
      </trkpt>
      <trkpt lat="48.70114375837147" lon="5.970060741528869">
        <ele>216.63</ele>
      </trkpt>
      <trkpt lat="48.701418433338404" lon="5.970168029889464">
        <ele>216.62</ele>
      </trkpt>
      <trkpt lat="48.7016930244863" lon="5.97027531825006">
        <ele>216.61</ele>
      </trkpt>
      <trkpt lat="48.701967699453235" lon="5.970382606610656">
        <ele>216.63</ele>
      </trkpt>
      <trkpt lat="48.702242374420166" lon="5.970489978790283">
        <ele>216.67</ele>
      </trkpt>
      <trkpt lat="48.70241403579712" lon="5.9706079959869385">
        <ele>216.62</ele>
      </trkpt>
      <trkpt lat="48.70258569717407" lon="5.970726013183594">
        <ele>216.55</ele>
      </trkpt>
      <trkpt lat="48.702821815386415" lon="5.970933465287089">
        <ele>216.41</ele>
      </trkpt>
      <trkpt lat="48.70305801741779" lon="5.971141001209617">
        <ele>216.25</ele>
      </trkpt>
      <trkpt lat="48.703293800354004" lon="5.971348285675049">
        <ele>216.08</ele>
      </trkpt>
      <trkpt lat="48.703551376238465" lon="5.971552217379212">
        <ele>215.9</ele>
      </trkpt>
      <trkpt lat="48.70380878448486" lon="5.9717559814453125">
        <ele>215.73</ele>
      </trkpt>
      <trkpt lat="48.70404909364879" lon="5.971884727478027">
        <ele>215.49</ele>
      </trkpt>
      <trkpt lat="48.70428948663175" lon="5.972013473510742">
        <ele>215.18</ele>
      </trkpt>
      <trkpt lat="48.70452979579568" lon="5.972142219543457">
        <ele>214.83</ele>
      </trkpt>
      <trkpt lat="48.70477018877864" lon="5.972270965576172">
        <ele>214.56</ele>
      </trkpt>
      <trkpt lat="48.705010414123535" lon="5.972399711608887">
        <ele>214.23</ele>
      </trkpt>
      <trkpt lat="48.70528508909047" lon="5.972579922527075">
        <ele>213.88</ele>
      </trkpt>
      <trkpt lat="48.70555984787643" lon="5.972760217264295">
        <ele>213.52</ele>
      </trkpt>
      <trkpt lat="48.70583452284336" lon="5.972940512001514">
        <ele>213.15</ele>
      </trkpt>
      <trkpt lat="48.706109281629324" lon="5.973120806738734">
        <ele>212.67</ele>
      </trkpt>
      <trkpt lat="48.70638370513916" lon="5.973300933837891">
        <ele>212.18</ele>
      </trkpt>
      <trkpt lat="48.706632647663355" lon="5.973442504182458">
        <ele>211.7</ele>
      </trkpt>
      <trkpt lat="48.70688159018755" lon="5.973584158346057">
        <ele>211.26</ele>
      </trkpt>
      <trkpt lat="48.707130532711744" lon="5.973725812509656">
        <ele>210.82</ele>
      </trkpt>
      <trkpt lat="48.70737947523594" lon="5.973867466673255">
        <ele>210.37</ele>
      </trkpt>
      <trkpt lat="48.70762825012207" lon="5.974009037017822">
        <ele>209.89</ele>
      </trkpt>
      <trkpt lat="48.70784282684326" lon="5.974223613739014">
        <ele>209.37</ele>
      </trkpt>
      <trkpt lat="48.70803074911237" lon="5.974508263170719">
        <ele>208.81</ele>
      </trkpt>
      <trkpt lat="48.708218755200505" lon="5.974792912602425">
        <ele>208.34</ele>
      </trkpt>
      <trkpt lat="48.70840676128864" lon="5.97507756203413">
        <ele>207.9</ele>
      </trkpt>
      <trkpt lat="48.70859384536743" lon="5.975360870361328">
        <ele>207.48</ele>
      </trkpt>
      <trkpt lat="48.70877640321851" lon="5.975607885047793">
        <ele>207.09</ele>
      </trkpt>
      <trkpt lat="48.70895870961249" lon="5.975854396820068">
        <ele>206.75</ele>
      </trkpt>
      <trkpt lat="48.70914487168193" lon="5.976112140342593">
        <ele>206.47</ele>
      </trkpt>
      <trkpt lat="48.70933103375137" lon="5.976369883865118">
        <ele>206.23</ele>
      </trkpt>
      <trkpt lat="48.709516609087586" lon="5.976626873016357">
        <ele>205.97</ele>
      </trkpt>
      <trkpt lat="48.70965264737606" lon="5.976877575740218">
        <ele>205.73</ele>
      </trkpt>
      <trkpt lat="48.709788769483566" lon="5.977128278464079">
        <ele>205.52</ele>
      </trkpt>
      <trkpt lat="48.70992422103882" lon="5.977377891540527">
        <ele>205.36</ele>
      </trkpt>
      <trkpt lat="48.71005321852863" lon="5.977743426337838">
        <ele>205.26</ele>
      </trkpt>
      <trkpt lat="48.71018171310425" lon="5.978107452392578">
        <ele>205.24</ele>
      </trkpt>
      <trkpt lat="48.71028916910291" lon="5.97849452868104">
        <ele>205.32</ele>
      </trkpt>
      <trkpt lat="48.71039628982544" lon="5.978879928588867">
        <ele>205.42</ele>
      </trkpt>
      <trkpt lat="48.71053601615131" lon="5.979245379567146">
        <ele>205.54</ele>
      </trkpt>
      <trkpt lat="48.71067532338202" lon="5.979609489440918">
        <ele>205.72</ele>
      </trkpt>
      <trkpt lat="48.71075050905347" lon="5.979921296238899">
        <ele>205.93</ele>
      </trkpt>
      <trkpt lat="48.71082544326782" lon="5.980231761932373">
        <ele>206.13</ele>
      </trkpt>
      <trkpt lat="48.71084690093994" lon="5.980479111894965">
        <ele>206.43</ele>
      </trkpt>
      <trkpt lat="48.71086835861206" lon="5.980725288391113">
        <ele>206.8</ele>
      </trkpt>
      <trkpt lat="48.71086844243109" lon="5.980725288391113">
        <ele>207.26</ele>
      </trkpt>
      <trkpt lat="48.71086835861206" lon="5.980789661407471">
        <ele>207.77</ele>
      </trkpt>
      <trkpt lat="48.71086844243109" lon="5.980961322784424">
        <ele>208.33</ele>
      </trkpt>
      <trkpt lat="48.71088990010321" lon="5.981154441833496">
        <ele>208.92</ele>
      </trkpt>
      <trkpt lat="48.710904233157635" lon="5.981541685760021">
        <ele>209.61</ele>
      </trkpt>
      <trkpt lat="48.71091856621206" lon="5.981929013505578">
        <ele>210.44</ele>
      </trkpt>
      <trkpt lat="48.71093281544745" lon="5.98231315612793">
        <ele>211.3</ele>
      </trkpt>
      <trkpt lat="48.710975646972656" lon="5.9824419021606445">
        <ele>212.25</ele>
      </trkpt>
      <trkpt lat="48.71099718846381" lon="5.98280668258667">
        <ele>213.32</ele>
      </trkpt>
      <trkpt lat="48.711018646135926" lon="5.983085632324219">
        <ele>214.42</ele>
      </trkpt>
      <trkpt lat="48.71112585067749" lon="5.983257293701172">
        <ele>215.56</ele>
      </trkpt>
      <trkpt lat="48.71125468052924" lon="5.983418310061097">
        <ele>216.75</ele>
      </trkpt>
      <trkpt lat="48.71138334274292" lon="5.983579158782959">
        <ele>217.97</ele>
      </trkpt>
      <trkpt lat="48.71151217259467" lon="5.983922481536865">
        <ele>219.26</ele>
      </trkpt>
      <trkpt lat="48.7116052955389" lon="5.98428089171648">
        <ele>220.62</ele>
      </trkpt>
      <trkpt lat="48.71169850230217" lon="5.984639385715127">
        <ele>222.0</ele>
      </trkpt>
      <trkpt lat="48.711791038513184" lon="5.984995365142822">
        <ele>223.31</ele>
      </trkpt>
      <trkpt lat="48.711812580004334" lon="5.985307339578867">
        <ele>224.6</ele>
      </trkpt>
      <trkpt lat="48.711834037676454" lon="5.985617637634277">
        <ele>225.88</ele>
      </trkpt>
      <trkpt lat="48.711834037676454" lon="5.985875129699707">
        <ele>227.12</ele>
      </trkpt>
      <trkpt lat="48.711769580841064" lon="5.986068248748779">
        <ele>228.33</ele>
      </trkpt>
      <trkpt lat="48.71155500411987" lon="5.98630428314209">
        <ele>229.57</ele>
      </trkpt>
      <trkpt lat="48.71137253008783" lon="5.986422300338745">
        <ele>230.67</ele>
      </trkpt>
      <trkpt lat="48.71119022369385" lon="5.9865403175354">
        <ele>231.76</ele>
      </trkpt>
      <trkpt lat="48.71096843853593" lon="5.986640397459269">
        <ele>232.81</ele>
      </trkpt>
      <trkpt lat="48.71074673719704" lon="5.9867405612021685">
        <ele>233.75</ele>
      </trkpt>
      <trkpt lat="48.710525035858154" lon="5.986840724945068">
        <ele>234.64</ele>
      </trkpt>
      <trkpt lat="48.710289001464844" lon="5.9870123863220215">
        <ele>235.47</ele>
      </trkpt>
      <trkpt lat="48.71013888157904" lon="5.987184047698975">
        <ele>236.27</ele>
      </trkpt>
      <trkpt lat="48.709988594055176" lon="5.987548828125">
        <ele>237.04</ele>
      </trkpt>
      <trkpt lat="48.709907876327634" lon="5.987898353487253">
        <ele>237.71</ele>
      </trkpt>
      <trkpt lat="48.709827242419124" lon="5.988247878849506">
        <ele>238.36</ele>
      </trkpt>
      <trkpt lat="48.70974660851061" lon="5.98859740421176">
        <ele>238.92</ele>
      </trkpt>
      <trkpt lat="48.70966672897339" lon="5.988943576812744">
        <ele>239.41</ele>
      </trkpt>
      <trkpt lat="48.70963437482715" lon="5.989223197102547">
        <ele>239.83</ele>
      </trkpt>
      <trkpt lat="48.70960235595703" lon="5.989501476287842">
        <ele>240.22</ele>
      </trkpt>
      <trkpt lat="48.709573689848185" lon="5.989874387159944">
        <ele>240.57</ele>
      </trkpt>
      <trkpt lat="48.70954502373934" lon="5.990247298032045">
        <ele>240.82</ele>
      </trkpt>
      <trkpt lat="48.709516609087586" lon="5.990617275238037">
        <ele>241.02</ele>
      </trkpt>
      <trkpt lat="48.709494983777404" lon="5.990950707346201">
        <ele>241.18</ele>
      </trkpt>
      <trkpt lat="48.709473609924316" lon="5.9912824630737305">
        <ele>241.3</ele>
      </trkpt>
      <trkpt lat="48.709495067596436" lon="5.991647243499756">
        <ele>241.38</ele>
      </trkpt>
      <trkpt lat="48.709548795595765" lon="5.991996768862009">
        <ele>241.42</ele>
      </trkpt>
      <trkpt lat="48.709602607414126" lon="5.992346378043294">
        <ele>241.45</ele>
      </trkpt>
      <trkpt lat="48.70965641923249" lon="5.992695987224579">
        <ele>241.44</ele>
      </trkpt>
      <trkpt lat="48.70970964431763" lon="5.9930419921875">
        <ele>241.43</ele>
      </trkpt>
      <trkpt lat="48.70972397737205" lon="5.993422027677298">
        <ele>241.42</ele>
      </trkpt>
      <trkpt lat="48.709738310426474" lon="5.993802146986127">
        <ele>241.39</ele>
      </trkpt>
      <trkpt lat="48.7097526434809" lon="5.9941792488098145">
        <ele>241.4</ele>
      </trkpt>
      <trkpt lat="48.709774101153016" lon="5.994582669809461">
        <ele>241.43</ele>
      </trkpt>
      <trkpt lat="48.709795558825135" lon="5.994986090809107">
        <ele>241.51</ele>
      </trkpt>
      <trkpt lat="48.709817100316286" lon="5.995389511808753">
        <ele>241.52</ele>
      </trkpt>
      <trkpt lat="48.70983839035034" lon="5.99578857421875">
        <ele>241.6</ele>
      </trkpt>
      <trkpt lat="48.70979530736804" lon="5.996132735162973">
        <ele>241.76</ele>
      </trkpt>
      <trkpt lat="48.709752559661865" lon="5.9964752197265625">
        <ele>241.96</ele>
      </trkpt>
      <trkpt lat="48.709688019007444" lon="5.996876712888479">
        <ele>242.17</ele>
      </trkpt>
      <trkpt lat="48.70962347835302" lon="5.997278289869428">
        <ele>242.44</ele>
      </trkpt>
      <trkpt lat="48.70955944061279" lon="5.997676849365234">
        <ele>242.77</ele>
      </trkpt>
      <trkpt lat="48.709559524431825" lon="5.997676849365234">
        <ele>243.07</ele>
      </trkpt>
      <trkpt lat="48.70948417112231" lon="5.998096279799938">
        <ele>243.4</ele>
      </trkpt>
      <trkpt lat="48.70940932072699" lon="5.998513698577881">
        <ele>243.79</ele>
      </trkpt>
      <trkpt lat="48.709280574694276" lon="5.998899936676025">
        <ele>244.22</ele>
      </trkpt>
      <trkpt lat="48.7092016171664" lon="5.999222556129098">
        <ele>244.7</ele>
      </trkpt>
      <trkpt lat="48.709122743457556" lon="5.9995451755821705">
        <ele>245.24</ele>
      </trkpt>
      <trkpt lat="48.709044456481934" lon="5.999865531921387">
        <ele>245.75</ele>
      </trkpt>
      <trkpt lat="48.70897631160915" lon="6.000328045338392">
        <ele>246.35</ele>
      </trkpt>
      <trkpt lat="48.708908166736364" lon="6.000790558755398">
        <ele>246.93</ele>
      </trkpt>
      <trkpt lat="48.70884010568261" lon="6.001253155991435">
        <ele>247.47</ele>
      </trkpt>
      <trkpt lat="48.70877196080983" lon="6.001715669408441">
        <ele>248.09</ele>
      </trkpt>
      <trkpt lat="48.708703899756074" lon="6.002178182825446">
        <ele>248.76</ele>
      </trkpt>
      <trkpt lat="48.7086368445307" lon="6.002633571624756">
        <ele>249.42</ele>
      </trkpt>
      <trkpt lat="48.70861538685858" lon="6.002719402313232">
        <ele>250.05</ele>
      </trkpt>
      <trkpt lat="48.70855076238513" lon="6.003077896311879">
        <ele>250.66</ele>
      </trkpt>
      <trkpt lat="48.70848622173071" lon="6.003436390310526">
        <ele>251.36</ele>
      </trkpt>
      <trkpt lat="48.70842218399048" lon="6.0037922859191895">
        <ele>252.06</ele>
      </trkpt>
      <trkpt lat="48.70831489562988" lon="6.004157066345215">
        <ele>252.72</ele>
      </trkpt>
      <trkpt lat="48.708229064941406" lon="6.004328727722168">
        <ele>253.41</ele>
      </trkpt>
      <trkpt lat="48.708064276725054" lon="6.004608012735844">
        <ele>254.11</ele>
      </trkpt>
      <trkpt lat="48.70789957232773" lon="6.004887381568551">
        <ele>254.85</ele>
      </trkpt>
      <trkpt lat="48.707735538482666" lon="6.0051655769348145">
        <ele>255.59</ele>
      </trkpt>
      <trkpt lat="48.707551220431924" lon="6.005427595227957">
        <ele>256.34</ele>
      </trkpt>
      <trkpt lat="48.70736690238118" lon="6.005689697340131">
        <ele>257.08</ele>
      </trkpt>
      <trkpt lat="48.707183338701725" lon="6.005950877442956">
        <ele>257.8</ele>
      </trkpt>
      <trkpt lat="48.707183338701725" lon="6.005950961261988">
        <ele>258.49</ele>
      </trkpt>
      <trkpt lat="48.70697638951242" lon="6.00624524988234">
        <ele>259.26</ele>
      </trkpt>
      <trkpt lat="48.706769943237305" lon="6.0065388679504395">
        <ele>259.98</ele>
      </trkpt>
      <trkpt lat="48.706770027056336" lon="6.0065388679504395">
        <ele>260.65</ele>
      </trkpt>
      <trkpt lat="48.70662661269307" lon="6.006889985874295">
        <ele>261.37</ele>
      </trkpt>
      <trkpt lat="48.70648328214884" lon="6.007241103798151">
        <ele>262.05</ele>
      </trkpt>
      <trkpt lat="48.70634078979492" lon="6.007590293884277">
        <ele>262.7</ele>
      </trkpt>
      <trkpt lat="48.70621606707573" lon="6.007964378222823">
        <ele>263.32</ele>
      </trkpt>
      <trkpt lat="48.70609134435654" lon="6.008338546380401">
        <ele>263.9</ele>
      </trkpt>
      <trkpt lat="48.705966621637344" lon="6.008712714537978">
        <ele>264.47</ele>
      </trkpt>
      <trkpt lat="48.70584189891815" lon="6.009086882695556">
        <ele>265.05</ele>
      </trkpt>
      <trkpt lat="48.70571851730347" lon="6.009457111358643">
        <ele>265.59</ele>
      </trkpt>
      <trkpt lat="48.705567978322506" lon="6.009854832664132">
        <ele>266.12</ele>
      </trkpt>
      <trkpt lat="48.70541752316058" lon="6.010252637788653">
        <ele>266.67</ele>
      </trkpt>
      <trkpt lat="48.70526706799865" lon="6.010650359094143">
        <ele>267.15</ele>
      </trkpt>
      <trkpt lat="48.70511778630316" lon="6.011044979095459">
        <ele>267.62</ele>
      </trkpt>
      <trkpt lat="48.70495651848614" lon="6.01141395047307">
        <ele>268.05</ele>
      </trkpt>
      <trkpt lat="48.70479525066912" lon="6.011783005669713">
        <ele>268.43</ele>
      </trkpt>
      <trkpt lat="48.7046339828521" lon="6.012152060866356">
        <ele>268.77</ele>
      </trkpt>
      <trkpt lat="48.70447279885411" lon="6.012521116062999">
        <ele>269.08</ele>
      </trkpt>
      <trkpt lat="48.70431153103709" lon="6.012890171259642">
        <ele>269.39</ele>
      </trkpt>
      <trkpt lat="48.70415210723877" lon="6.0132551193237305">
        <ele>269.69</ele>
      </trkpt>
      <trkpt lat="48.704030234366655" lon="6.013591904193163">
        <ele>269.83</ele>
      </trkpt>
      <trkpt lat="48.70390836149454" lon="6.013928772881627">
        <ele>270.0</ele>
      </trkpt>
      <trkpt lat="48.703787326812744" lon="6.01426362991333">
        <ele>270.19</ele>
      </trkpt>
      <trkpt lat="48.70372295379639" lon="6.014671325683594">
        <ele>270.37</ele>
      </trkpt>
      <trkpt lat="48.70372295379639" lon="6.014928817749023">
        <ele>270.5</ele>
      </trkpt>
      <trkpt lat="48.703744411468506" lon="6.015373477712274">
        <ele>270.64</ele>
      </trkpt>
      <trkpt lat="48.70376595295966" lon="6.015818137675524">
        <ele>270.8</ele>
      </trkpt>
      <trkpt lat="48.703787326812744" lon="6.01625919342041">
        <ele>270.83</ele>
      </trkpt>
      <trkpt lat="48.703799564391375" lon="6.016674097627401">
        <ele>270.83</ele>
      </trkpt>
      <trkpt lat="48.70381188578904" lon="6.017089085653424">
        <ele>270.83</ele>
      </trkpt>
      <trkpt lat="48.7038242071867" lon="6.0175039898604155">
        <ele>270.83</ele>
      </trkpt>
      <trkpt lat="48.70383644476533" lon="6.017918977886438">
        <ele>270.78</ele>
      </trkpt>
      <trkpt lat="48.70384876616299" lon="6.018333965912461">
        <ele>270.7</ele>
      </trkpt>
      <trkpt lat="48.703861087560654" lon="6.0187488701194525">
        <ele>270.59</ele>
      </trkpt>
      <trkpt lat="48.70387315750122" lon="6.019155979156494">
        <ele>270.52</ele>
      </trkpt>
      <trkpt lat="48.704077173024416" lon="6.018908964470029">
        <ele>270.4</ele>
      </trkpt>
      <trkpt lat="48.70428118854761" lon="6.018661949783564">
        <ele>270.28</ele>
      </trkpt>
      <trkpt lat="48.70448520407081" lon="6.018414935097098">
        <ele>270.17</ele>
      </trkpt>
      <trkpt lat="48.70468854904175" lon="6.018168926239014">
        <ele>269.98</ele>
      </trkpt>
      <trkpt lat="48.704896084964275" lon="6.0179398488253355">
        <ele>269.79</ele>
      </trkpt>
      <trkpt lat="48.705103704705834" lon="6.017710771411657">
        <ele>269.63</ele>
      </trkpt>
      <trkpt lat="48.7053108215332" lon="6.017482280731201">
        <ele>269.5</ele>
      </trkpt>
      <trkpt lat="48.705536210909486" lon="6.0172889940440655">
        <ele>269.31</ele>
      </trkpt>
      <trkpt lat="48.705761432647705" lon="6.017096042633057">
        <ele>269.15</ele>
      </trkpt>
      <trkpt lat="48.70601900853217" lon="6.016859840601683">
        <ele>269.09</ele>
      </trkpt>
      <trkpt lat="48.70627666823566" lon="6.016623638570309">
        <ele>269.06</ele>
      </trkpt>
      <trkpt lat="48.70653432793915" lon="6.016387520357966">
        <ele>269.0</ele>
      </trkpt>
      <trkpt lat="48.706791400909424" lon="6.0161519050598145">
        <ele>268.9</ele>
      </trkpt>
      <trkpt lat="48.70694160461426" lon="6.016076719388366">
        <ele>268.8</ele>
      </trkpt>
      <trkpt lat="48.70709180831909" lon="6.0160017013549805">
        <ele>268.68</ele>
      </trkpt>
      <trkpt lat="48.70726338587701" lon="6.015948057174683">
        <ele>268.57</ele>
      </trkpt>
      <trkpt lat="48.707435131073" lon="6.015894412994385">
        <ele>268.46</ele>
      </trkpt>
      <trkpt lat="48.70774257928133" lon="6.015837164595723">
        <ele>268.36</ele>
      </trkpt>
      <trkpt lat="48.708050111308694" lon="6.0157799161970615">
        <ele>268.33</ele>
      </trkpt>
      <trkpt lat="48.70835781097412" lon="6.015722751617432">
        <ele>268.28</ele>
      </trkpt>
      <trkpt lat="48.708640951663256" lon="6.015692660585046">
        <ele>268.18</ele>
      </trkpt>
      <trkpt lat="48.70892417617142" lon="6.015662653371692">
        <ele>268.12</ele>
      </trkpt>
      <trkpt lat="48.70920731686056" lon="6.015632646158338">
        <ele>268.09</ele>
      </trkpt>
      <trkpt lat="48.70949054136872" lon="6.015602555125952">
        <ele>268.05</ele>
      </trkpt>
      <trkpt lat="48.709774017333984" lon="6.015572547912598">
        <ele>268.03</ele>
      </trkpt>
      <trkpt lat="48.709988510236144" lon="6.01556533947587">
        <ele>268.0</ele>
      </trkpt>
      <trkpt lat="48.710203003138304" lon="6.015558214858174">
        <ele>267.93</ele>
      </trkpt>
      <trkpt lat="48.71041774749756" lon="6.0155510902404785">
        <ele>267.86</ele>
      </trkpt>
      <trkpt lat="48.710696613416076" lon="6.015647565945983">
        <ele>267.78</ele>
      </trkpt>
      <trkpt lat="48.710975646972656" lon="6.015744209289551">
        <ele>267.71</ele>
      </trkpt>
      <trkpt lat="48.711222410202026" lon="6.015872955322266">
        <ele>267.67</ele>
      </trkpt>
      <trkpt lat="48.7114691734314" lon="6.0160017013549805">
        <ele>267.66</ele>
      </trkpt>
      <trkpt lat="48.71164083480835" lon="6.016130447387695">
        <ele>267.62</ele>
      </trkpt>
      <trkpt lat="48.71188416145742" lon="6.016402440145612">
        <ele>267.58</ele>
      </trkpt>
      <trkpt lat="48.71212757192552" lon="6.016674432903528">
        <ele>267.53</ele>
      </trkpt>
      <trkpt lat="48.7123703956604" lon="6.016945838928223">
        <ele>267.43</ele>
      </trkpt>
      <trkpt lat="48.71262788772583" lon="6.017031669616699">
        <ele>267.32</ele>
      </trkpt>
      <trkpt lat="48.71282092295587" lon="6.01701021194458">
        <ele>267.22</ele>
      </trkpt>
      <trkpt lat="48.713014125823975" lon="6.016988754272461">
        <ele>267.09</ele>
      </trkpt>
      <trkpt lat="48.713228618726134" lon="6.016956567764282">
        <ele>266.94</ele>
      </trkpt>
      <trkpt lat="48.71344327926636" lon="6.0169243812561035">
        <ele>266.77</ele>
      </trkpt>
      <trkpt lat="48.71359348297119" lon="6.016838550567627">
        <ele>266.59</ele>
      </trkpt>
      <trkpt lat="48.71380093507469" lon="6.016673929989338">
        <ele>266.4</ele>
      </trkpt>
      <trkpt lat="48.714008470997214" lon="6.016509309411049">
        <ele>266.21</ele>
      </trkpt>
      <trkpt lat="48.71421575546265" lon="6.016345024108887">
        <ele>265.99</ele>
      </trkpt>
      <trkpt lat="48.71443033218384" lon="6.016087532043457">
        <ele>265.68</ele>
      </trkpt>
      <trkpt lat="48.71449478901923" lon="6.015894412994385">
        <ele>265.35</ele>
      </trkpt>
      <trkpt lat="48.714580619707704" lon="6.015486717224121">
        <ele>265.02</ele>
      </trkpt>
      <trkpt lat="48.71470953337848" lon="6.015228722244501">
        <ele>264.62</ele>
      </trkpt>
      <trkpt lat="48.7148380279541" lon="6.014971733093262">
        <ele>264.21</ele>
      </trkpt>
      <trkpt lat="48.715074229985476" lon="6.014660261571407">
        <ele>263.77</ele>
      </trkpt>
      <trkpt lat="48.71531009674072" lon="6.014349460601807">
        <ele>263.26</ele>
      </trkpt>
      <trkpt lat="48.71552484109998" lon="6.014118539169431">
        <ele>262.82</ele>
      </trkpt>
      <trkpt lat="48.71573958545923" lon="6.0138877015560865">
        <ele>262.31</ele>
      </trkpt>
      <trkpt lat="48.71595432981849" lon="6.013656863942742">
        <ele>261.82</ele>
      </trkpt>
      <trkpt lat="48.71616840362549" lon="6.013426780700684">
        <ele>261.27</ele>
      </trkpt>
      <trkpt lat="48.716378873214126" lon="6.01314322091639">
        <ele>260.72</ele>
      </trkpt>
      <trkpt lat="48.716589426621795" lon="6.012859661132097">
        <ele>260.17</ele>
      </trkpt>
      <trkpt lat="48.716799980029464" lon="6.012576101347804">
        <ele>259.63</ele>
      </trkpt>
      <trkpt lat="48.71701053343713" lon="6.012292541563511">
        <ele>259.08</ele>
      </trkpt>
      <trkpt lat="48.71721991337836" lon="6.01201057434082">
        <ele>258.5</ele>
      </trkpt>
      <trkpt lat="48.717402471229434" lon="6.011779652908444">
        <ele>257.89</ele>
      </trkpt>
      <trkpt lat="48.71758502908051" lon="6.0115487314760685">
        <ele>257.33</ele>
      </trkpt>
      <trkpt lat="48.717767586931586" lon="6.011317810043693">
        <ele>256.82</ele>
      </trkpt>
      <trkpt lat="48.71794947423041" lon="6.011087894439697">
        <ele>256.26</ele>
      </trkpt>
      <trkpt lat="48.71818567626178" lon="6.010787151753902">
        <ele>255.74</ele>
      </trkpt>
      <trkpt lat="48.71842196211219" lon="6.010486409068108">
        <ele>255.2</ele>
      </trkpt>
      <trkpt lat="48.71865749359131" lon="6.010186672210693">
        <ele>254.71</ele>
      </trkpt>
      <trkpt lat="48.71889369562268" lon="6.009924653917551">
        <ele>254.26</ele>
      </trkpt>
      <trkpt lat="48.71912989765406" lon="6.009662635624409">
        <ele>253.78</ele>
      </trkpt>
      <trkpt lat="48.71936609968543" lon="6.009400617331266">
        <ele>253.42</ele>
      </trkpt>
      <trkpt lat="48.719602385535836" lon="6.009138682857156">
        <ele>253.15</ele>
      </trkpt>
      <trkpt lat="48.71983766555786" lon="6.008877754211426">
        <ele>252.91</ele>
      </trkpt>
      <trkpt lat="48.720063054934144" lon="6.008695280179381">
        <ele>252.62</ele>
      </trkpt>
      <trkpt lat="48.72028827667236" lon="6.0085129737854">
        <ele>252.32</ele>
      </trkpt>
      <trkpt lat="48.72055012732744" lon="6.008324045687914">
        <ele>252.12</ele>
      </trkpt>
      <trkpt lat="48.72081197798252" lon="6.008135117590427">
        <ele>251.89</ele>
      </trkpt>
      <trkpt lat="48.72107391245663" lon="6.007946273311973">
        <ele>251.62</ele>
      </trkpt>
      <trkpt lat="48.72133576311171" lon="6.007757345214486">
        <ele>251.39</ele>
      </trkpt>
      <trkpt lat="48.72159727849066" lon="6.007568836212158">
        <ele>251.13</ele>
      </trkpt>
      <trkpt lat="48.721838761121035" lon="6.007375633344054">
        <ele>250.86</ele>
      </trkpt>
      <trkpt lat="48.72208024375141" lon="6.00718243047595">
        <ele>250.59</ele>
      </trkpt>
      <trkpt lat="48.72232172638178" lon="6.006989227607846">
        <ele>250.34</ele>
      </trkpt>
      <trkpt lat="48.72256278991699" lon="6.006796360015869">
        <ele>250.06</ele>
      </trkpt>
      <trkpt lat="48.72269153594971" lon="6.006667613983154">
        <ele>249.83</ele>
      </trkpt>
      <trkpt lat="48.72286319732666" lon="6.006410121917725">
        <ele>249.6</ele>
      </trkpt>
      <trkpt lat="48.72293846681714" lon="6.005990607663989">
        <ele>249.47</ele>
      </trkpt>
      <trkpt lat="48.723013401031494" lon="6.005573272705078">
        <ele>249.37</ele>
      </trkpt>
      <trkpt lat="48.72312068939209" lon="6.005337238311768">
        <ele>249.25</ele>
      </trkpt>
      <trkpt lat="48.723227977752686" lon="6.0051655769348145">
        <ele>249.1</ele>
      </trkpt>
      <trkpt lat="48.72345881536603" lon="6.004923926666379">
        <ele>248.86</ele>
      </trkpt>
      <trkpt lat="48.723689652979374" lon="6.004682360216975">
        <ele>248.66</ele>
      </trkpt>
      <trkpt lat="48.72392049059272" lon="6.0044407937675714">
        <ele>248.5</ele>
      </trkpt>
      <trkpt lat="48.72415065765381" lon="6.004199981689453">
        <ele>248.33</ele>
      </trkpt>
      <trkpt lat="48.724365485832095" lon="6.003863364458084">
        <ele>248.16</ele>
      </trkpt>
      <trkpt lat="48.72458031401038" lon="6.003526747226715">
        <ele>247.98</ele>
      </trkpt>
      <trkpt lat="48.72479438781738" lon="6.0031914710998535">
        <ele>247.8</ele>
      </trkpt>
      <trkpt lat="48.72503042221069" lon="6.0028910636901855">
        <ele>247.61</ele>
      </trkpt>
      <trkpt lat="48.725255811586976" lon="6.002676319330931">
        <ele>247.4</ele>
      </trkpt>
      <trkpt lat="48.72548128478229" lon="6.002461574971676">
        <ele>247.18</ele>
      </trkpt>
      <trkpt lat="48.725706757977605" lon="6.002246914431453">
        <ele>246.92</ele>
      </trkpt>
      <trkpt lat="48.72593214735389" lon="6.002032170072198">
        <ele>246.65</ele>
      </trkpt>
      <trkpt lat="48.7261576205492" lon="6.001817509531975">
        <ele>246.36</ele>
      </trkpt>
      <trkpt lat="48.7263822555542" lon="6.001603603363037">
        <ele>246.1</ele>
      </trkpt>
      <trkpt lat="48.72658979147673" lon="6.001374525949359">
        <ele>245.83</ele>
      </trkpt>
      <trkpt lat="48.726797411218286" lon="6.001145448535681">
        <ele>245.52</ele>
      </trkpt>
      <trkpt lat="48.727004528045654" lon="6.000916957855225">
        <ele>245.19</ele>
      </trkpt>
      <trkpt lat="48.72724073007703" lon="6.000626944005489">
        <ele>244.87</ele>
      </trkpt>
      <trkpt lat="48.727476596832275" lon="6.000337600708008">
        <ele>244.54</ele>
      </trkpt>
      <trkpt lat="48.72768061235547" lon="6.000058315694332">
        <ele>244.19</ele>
      </trkpt>
      <trkpt lat="48.72788429260254" lon="5.99977970123291">
        <ele>243.74</ele>
      </trkpt>
      <trkpt lat="48.727970123291016" lon="5.999479293823242">
        <ele>243.28</ele>
      </trkpt>
      <trkpt lat="48.72816324234009" lon="5.999393463134766">
        <ele>242.86</ele>
      </trkpt>
      <trkpt lat="48.728235410526395" lon="5.99930863827467">
        <ele>242.42</ele>
      </trkpt>
      <trkpt lat="48.7284320499748" lon="5.999077465385199">
        <ele>241.97</ele>
      </trkpt>
      <trkpt lat="48.728628773242235" lon="5.998846376314759">
        <ele>241.51</ele>
      </trkpt>
      <trkpt lat="48.72882549650967" lon="5.998615203425288">
        <ele>240.99</ele>
      </trkpt>
      <trkpt lat="48.72902154922485" lon="5.998384952545166">
        <ele>240.46</ele>
      </trkpt>
      <trkpt lat="48.729272754862905" lon="5.9981444757431746">
        <ele>239.89</ele>
      </trkpt>
      <trkpt lat="48.729523960500956" lon="5.997903998941183">
        <ele>239.37</ele>
      </trkpt>
      <trkpt lat="48.72977516613901" lon="5.997663522139192">
        <ele>238.81</ele>
      </trkpt>
      <trkpt lat="48.73002637177706" lon="5.9974230453372">
        <ele>238.2</ele>
      </trkpt>
      <trkpt lat="48.73027757741511" lon="5.997182568535209">
        <ele>237.56</ele>
      </trkpt>
      <trkpt lat="48.73052878305316" lon="5.996942091733217">
        <ele>236.93</ele>
      </trkpt>
      <trkpt lat="48.73077998869121" lon="5.996701614931226">
        <ele>236.27</ele>
      </trkpt>
      <trkpt lat="48.73103119432926" lon="5.996461138129234">
        <ele>235.56</ele>
      </trkpt>
      <trkpt lat="48.731282483786345" lon="5.996220661327243">
        <ele>234.82</ele>
      </trkpt>
      <trkpt lat="48.73153209686279" lon="5.995981693267822">
        <ele>234.09</ele>
      </trkpt>
      <trkpt lat="48.73173971660435" lon="5.995745407417417">
        <ele>233.31</ele>
      </trkpt>
      <trkpt lat="48.73194733634591" lon="5.995509205386043">
        <ele>232.48</ele>
      </trkpt>
      <trkpt lat="48.73215445317328" lon="5.995273590087891">
        <ele>231.66</ele>
      </trkpt>
      <trkpt lat="48.73215436935425" lon="5.995273590087891">
        <ele>230.77</ele>
      </trkpt>
      <trkpt lat="48.73239534907043" lon="5.994972847402096">
        <ele>229.85</ele>
      </trkpt>
      <trkpt lat="48.73263641260564" lon="5.994672188535333">
        <ele>228.86</ele>
      </trkpt>
      <trkpt lat="48.73287747614086" lon="5.994371445849538">
        <ele>227.82</ele>
      </trkpt>
      <trkpt lat="48.73311845585704" lon="5.994070786982775">
        <ele>226.76</ele>
      </trkpt>
      <trkpt lat="48.73335951939225" lon="5.99377004429698">
        <ele>225.62</ele>
      </trkpt>
      <trkpt lat="48.733600582927465" lon="5.993469385430217">
        <ele>224.45</ele>
      </trkpt>
      <trkpt lat="48.73384164646268" lon="5.993168726563454">
        <ele>223.22</ele>
      </trkpt>
      <trkpt lat="48.73408262617886" lon="5.992867983877659">
        <ele>222.04</ele>
      </trkpt>
      <trkpt lat="48.73432159423828" lon="5.992569923400879">
        <ele>220.83</ele>
      </trkpt>
      <trkpt lat="48.734471797943115" lon="5.99249473772943">
        <ele>219.62</ele>
      </trkpt>
      <trkpt lat="48.73462200164795" lon="5.992419719696045">
        <ele>218.36</ele>
      </trkpt>
      <trkpt lat="48.7349009513855" lon="5.992484092712402">
        <ele>217.06</ele>
      </trkpt>
      <trkpt lat="48.73508342541754" lon="5.992655837908387">
        <ele>215.84</ele>
      </trkpt>
      <trkpt lat="48.73526573181152" lon="5.992827415466309">
        <ele>214.62</ele>
      </trkpt>
      <trkpt lat="48.7354482896626" lon="5.993063617497683">
        <ele>213.45</ele>
      </trkpt>
      <trkpt lat="48.73563059605658" lon="5.99329948425293">
        <ele>212.34</ele>
      </trkpt>
      <trkpt lat="48.73563051223755" lon="5.99329948425293">
        <ele>211.26</ele>
      </trkpt>
      <trkpt lat="48.73581952415407" lon="5.993570135906339">
        <ele>210.21</ele>
      </trkpt>
      <trkpt lat="48.736008536070585" lon="5.993840787559748">
        <ele>209.18</ele>
      </trkpt>
      <trkpt lat="48.736197631806135" lon="5.994111523032188">
        <ele>208.17</ele>
      </trkpt>
      <trkpt lat="48.73638664372265" lon="5.994382174685597">
        <ele>207.1</ele>
      </trkpt>
      <trkpt lat="48.73657464981079" lon="5.9946513175964355">
        <ele>206.12</ele>
      </trkpt>
      <trkpt lat="48.73674656264484" lon="5.994923394173384">
        <ele>205.26</ele>
      </trkpt>
      <trkpt lat="48.73691847547889" lon="5.995195554569364">
        <ele>204.42</ele>
      </trkpt>
      <trkpt lat="48.73708971776068" lon="5.995466709136963">
        <ele>203.63</ele>
      </trkpt>
      <trkpt lat="48.73708963394165" lon="5.995466709136963">
        <ele>202.88</ele>
      </trkpt>
      <trkpt lat="48.73719708994031" lon="5.995713891461492">
        <ele>202.23</ele>
      </trkpt>
      <trkpt lat="48.73730421066284" lon="5.995960235595703">
        <ele>201.54</ele>
      </trkpt>
      <trkpt lat="48.73744930140674" lon="5.996347228065133">
        <ele>200.91</ele>
      </trkpt>
      <trkpt lat="48.73759447596967" lon="5.996734220534563">
        <ele>200.3</ele>
      </trkpt>
      <trkpt lat="48.73773956671357" lon="5.997121213003993">
        <ele>199.86</ele>
      </trkpt>
      <trkpt lat="48.73788356781006" lon="5.997505187988281">
        <ele>199.46</ele>
      </trkpt>
      <trkpt lat="48.73805120587349" lon="5.997827555984259">
        <ele>199.05</ele>
      </trkpt>
      <trkpt lat="48.73821884393692" lon="5.998149923980236">
        <ele>198.62</ele>
      </trkpt>
      <trkpt lat="48.73838648200035" lon="5.9984722919762135">
        <ele>198.22</ele>
      </trkpt>
      <trkpt lat="48.73855412006378" lon="5.998794659972191">
        <ele>198.07</ele>
      </trkpt>
      <trkpt lat="48.738720417022705" lon="5.999114513397217">
        <ele>197.92</ele>
      </trkpt>
      <trkpt lat="48.73886005952954" lon="5.999383153393865">
        <ele>197.72</ele>
      </trkpt>
      <trkpt lat="48.738999366760254" lon="5.999650955200195">
        <ele>197.54</ele>
      </trkpt>
      <trkpt lat="48.73912811279297" lon="5.999865531921387">
        <ele>197.68</ele>
      </trkpt>
      <trkpt lat="48.739213943481445" lon="6.000080108642578">
        <ele>197.78</ele>
      </trkpt>
      <trkpt lat="48.7392783164978" lon="6.000316143035889">
        <ele>197.81</ele>
      </trkpt>
      <trkpt lat="48.73929977416992" lon="6.000552177429199">
        <ele>198.08</ele>
      </trkpt>
      <trkpt lat="48.73929977416992" lon="6.000874042510986">
        <ele>198.44</ele>
      </trkpt>
      <trkpt lat="48.739278400316834" lon="6.001131534576416">
        <ele>198.87</ele>
      </trkpt>
      <trkpt lat="48.739256942644715" lon="6.001582145690918">
        <ele>199.38</ele>
      </trkpt>
      <trkpt lat="48.739256858825684" lon="6.001582145690918">
        <ele>199.95</ele>
      </trkpt>
      <trkpt lat="48.739235401153564" lon="6.001861095428467">
        <ele>200.66</ele>
      </trkpt>
      <trkpt lat="48.739235401153564" lon="6.002075672149658">
        <ele>201.46</ele>
      </trkpt>
      <trkpt lat="48.73917111195624" lon="6.00252628326416">
        <ele>202.48</ele>
      </trkpt>
      <trkpt lat="48.73917102813721" lon="6.00252628326416">
        <ele>203.36</ele>
      </trkpt>
      <trkpt lat="48.73917111195624" lon="6.002590656280518">
        <ele>204.35</ele>
      </trkpt>
      <trkpt lat="48.73910673893988" lon="6.002869606018066">
        <ele>205.47</ele>
      </trkpt>
      <trkpt lat="48.73910673893988" lon="6.002955436706543">
        <ele>206.6</ele>
      </trkpt>
      <trkpt lat="48.73908528126776" lon="6.003062725067139">
        <ele>207.78</ele>
      </trkpt>
      <trkpt lat="48.73908528126776" lon="6.0031914710998535">
        <ele>209.01</ele>
      </trkpt>
      <trkpt lat="48.73908519744873" lon="6.0031914710998535">
        <ele>210.28</ele>
      </trkpt>
      <trkpt lat="48.73908519744873" lon="6.003620624542236">
        <ele>211.61</ele>
      </trkpt>
      <trkpt lat="48.73914957046509" lon="6.004049777984619">
        <ele>213.05</ele>
      </trkpt>
      <trkpt lat="48.73921402730048" lon="6.004350855946541">
        <ele>214.51</ele>
      </trkpt>
      <trkpt lat="48.7392783164978" lon="6.004650592803955">
        <ele>216.06</ele>
      </trkpt>
      <trkpt lat="48.739378647878766" lon="6.004930045455694">
        <ele>217.68</ele>
      </trkpt>
      <trkpt lat="48.73947897925973" lon="6.005209581926465">
        <ele>219.33</ele>
      </trkpt>
      <trkpt lat="48.73957872390747" lon="6.005487442016602">
        <ele>221.02</ele>
      </trkpt>
      <trkpt lat="48.7396324519068" lon="6.005745520815253">
        <ele>222.71</ele>
      </trkpt>
      <trkpt lat="48.739686012268066" lon="6.006002426147461">
        <ele>224.4</ele>
      </trkpt>
      <trkpt lat="48.739686012268066" lon="6.006282130256295">
        <ele>226.11</ele>
      </trkpt>
      <trkpt lat="48.739686012268066" lon="6.006560325622559">
        <ele>227.88</ele>
      </trkpt>
      <trkpt lat="48.73965726234019" lon="6.006897361949086">
        <ele>229.65</ele>
      </trkpt>
      <trkpt lat="48.73962859623134" lon="6.007234398275614">
        <ele>231.53</ele>
      </trkpt>
      <trkpt lat="48.73960018157959" lon="6.007568836212158">
        <ele>233.33</ele>
      </trkpt>
      <trkpt lat="48.73964309692383" lon="6.00801944732666">
        <ele>235.13</ele>
      </trkpt>
      <trkpt lat="48.739707469940186" lon="6.008362770080566">
        <ele>236.9</ele>
      </trkpt>
      <trkpt lat="48.739814925938845" lon="6.008760575205088">
        <ele>238.7</ele>
      </trkpt>
      <trkpt lat="48.73992204666138" lon="6.009156703948975">
        <ele>240.45</ele>
      </trkpt>
      <trkpt lat="48.739986503496766" lon="6.009554676711559">
        <ele>242.18</ele>
      </trkpt>
      <trkpt lat="48.74005079269409" lon="6.009950637817383">
        <ele>243.8</ele>
      </trkpt>
      <trkpt lat="48.740151124075055" lon="6.010380797088146">
        <ele>245.44</ele>
      </trkpt>
      <trkpt lat="48.74025153927505" lon="6.01081095635891">
        <ele>246.99</ele>
      </trkpt>
      <trkpt lat="48.74035128392279" lon="6.011238098144531">
        <ele>248.52</ele>
      </trkpt>
      <trkpt lat="48.74037274159491" lon="6.011485448107123">
        <ele>249.97</ele>
      </trkpt>
      <trkpt lat="48.740394115448" lon="6.0117316246032715">
        <ele>251.41</ele>
      </trkpt>
      <trkpt lat="48.74035128392279" lon="6.012096405029297">
        <ele>252.87</ele>
      </trkpt>
      <trkpt lat="48.7402973882854" lon="6.01240829564631">
        <ele>254.23</ele>
      </trkpt>
      <trkpt lat="48.740243911743164" lon="6.012718677520752">
        <ele>255.55</ele>
      </trkpt>
      <trkpt lat="48.74017392285168" lon="6.013122014701366">
        <ele>256.81</ele>
      </trkpt>
      <trkpt lat="48.74010401777923" lon="6.013525351881981">
        <ele>258.04</ele>
      </trkpt>
      <trkpt lat="48.74003411270678" lon="6.013928689062595">
        <ele>259.17</ele>
      </trkpt>
      <trkpt lat="48.739964962005615" lon="6.0143280029296875">
        <ele>260.27</ele>
      </trkpt>
      <trkpt lat="48.73988608829677" lon="6.014672080054879">
        <ele>261.33</ele>
      </trkpt>
      <trkpt lat="48.73980721458793" lon="6.015016240999103">
        <ele>262.3</ele>
      </trkpt>
      <trkpt lat="48.739728927612305" lon="6.015357971191406">
        <ele>263.15</ele>
      </trkpt>
      <trkpt lat="48.739686012268066" lon="6.015744209289551">
        <ele>263.95</ele>
      </trkpt>
      <trkpt lat="48.73967880383134" lon="6.016206806525588">
        <ele>264.68</ele>
      </trkpt>
      <trkpt lat="48.73967159539461" lon="6.016669403761625">
        <ele>265.33</ele>
      </trkpt>
      <trkpt lat="48.739664470776916" lon="6.0171320009976625">
        <ele>265.94</ele>
      </trkpt>
      <trkpt lat="48.73965726234019" lon="6.0175945982337">
        <ele>266.47</ele>
      </trkpt>
      <trkpt lat="48.73965013772249" lon="6.018057195469737">
        <ele>266.95</ele>
      </trkpt>
      <trkpt lat="48.73964309692383" lon="6.01851224899292">
        <ele>267.4</ele>
      </trkpt>
      <trkpt lat="48.739610742777586" lon="6.018942492082715">
        <ele>267.78</ele>
      </trkpt>
      <trkpt lat="48.739578472450376" lon="6.019372818991542">
        <ele>268.12</ele>
      </trkpt>
      <trkpt lat="48.739546202123165" lon="6.019803145900369">
        <ele>268.44</ele>
      </trkpt>
      <trkpt lat="48.73951435089111" lon="6.020228862762451">
        <ele>268.67</ele>
      </trkpt>
      <trkpt lat="48.7394389975816" lon="6.020583752542734">
        <ele>268.85</ele>
      </trkpt>
      <trkpt lat="48.73936414718628" lon="6.020936965942383">
        <ele>269.04</ele>
      </trkpt>
      <trkpt lat="48.739242274314165" lon="6.021245084702969">
        <ele>269.24</ele>
      </trkpt>
      <trkpt lat="48.73912048526108" lon="6.021553287282586">
        <ele>269.41</ele>
      </trkpt>
      <trkpt lat="48.738999450579286" lon="6.021859645843506">
        <ele>269.55</ele>
      </trkpt>
      <trkpt lat="48.73894555494189" lon="6.022096183151007">
        <ele>269.65</ele>
      </trkpt>
      <trkpt lat="48.73889207839966" lon="6.022331714630127">
        <ele>269.71</ele>
      </trkpt>
      <trkpt lat="48.73884924687445" lon="6.02276086807251">
        <ele>269.76</ele>
      </trkpt>
      <trkpt lat="48.73888143338263" lon="6.023169653490186">
        <ele>269.84</ele>
      </trkpt>
      <trkpt lat="48.73891353607178" lon="6.023576259613037">
        <ele>269.9</ele>
      </trkpt>
      <trkpt lat="48.73897799290717" lon="6.023977752774954">
        <ele>269.96</ele>
      </trkpt>
      <trkpt lat="48.73904253356159" lon="6.024379329755902">
        <ele>270.03</ele>
      </trkpt>
      <trkpt lat="48.73910665512085" lon="6.024777889251709">
        <ele>270.08</ele>
      </trkpt>
      <trkpt lat="48.73916038312018" lon="6.02500369772315">
        <ele>270.11</ele>
      </trkpt>
      <trkpt lat="48.739213943481445" lon="6.025228500366211">
        <ele>270.13</ele>
      </trkpt>
      <trkpt lat="48.73933581635356" lon="6.025594035163522">
        <ele>270.2</ele>
      </trkpt>
      <trkpt lat="48.739457689225674" lon="6.025959569960833">
        <ele>270.26</ele>
      </trkpt>
      <trkpt lat="48.7395788077265" lon="6.026322841644287">
        <ele>270.28</ele>
      </trkpt>
      <trkpt lat="48.73957872390747" lon="6.026322841644287">
        <ele>270.28</ele>
      </trkpt>
      <trkpt lat="48.73974585905671" lon="6.026712097227573">
        <ele>270.27</ele>
      </trkpt>
      <trkpt lat="48.73991307802498" lon="6.027101436629891">
        <ele>270.24</ele>
      </trkpt>
      <trkpt lat="48.740080296993256" lon="6.027490776032209">
        <ele>270.26</ele>
      </trkpt>
      <trkpt lat="48.74024751596153" lon="6.027880115434527">
        <ele>270.27</ele>
      </trkpt>
      <trkpt lat="48.7404147349298" lon="6.028269454836845">
        <ele>270.28</ele>
      </trkpt>
      <trkpt lat="48.74058195389807" lon="6.028658794239163">
        <ele>270.17</ele>
      </trkpt>
      <trkpt lat="48.740749172866344" lon="6.029048133641481">
        <ele>270.11</ele>
      </trkpt>
      <trkpt lat="48.74091639183462" lon="6.029437473043799">
        <ele>270.04</ele>
      </trkpt>
      <trkpt lat="48.74108084477484" lon="6.029820442199707">
        <ele>269.95</ele>
      </trkpt>
      <trkpt lat="48.74123557470739" lon="6.030190167948604">
        <ele>269.91</ele>
      </trkpt>
      <trkpt lat="48.74139038845897" lon="6.0305598936975">
        <ele>269.82</ele>
      </trkpt>
      <trkpt lat="48.741545118391514" lon="6.0309297032654285">
        <ele>269.77</ele>
      </trkpt>
      <trkpt lat="48.74169993214309" lon="6.031299429014325">
        <ele>269.74</ele>
      </trkpt>
      <trkpt lat="48.7418532371521" lon="6.031665802001953">
        <ele>269.64</ele>
      </trkpt>
      <trkpt lat="48.741989359259605" lon="6.0319451708346605">
        <ele>269.55</ele>
      </trkpt>
      <trkpt lat="48.74212548136711" lon="6.0322246234864">
        <ele>269.48</ele>
      </trkpt>
      <trkpt lat="48.74226093292236" lon="6.0325026512146">
        <ele>269.45</ele>
      </trkpt>
      <trkpt lat="48.74243284575641" lon="6.032825019210577">
        <ele>269.44</ele>
      </trkpt>
      <trkpt lat="48.74260484240949" lon="6.033147387206554">
        <ele>269.41</ele>
      </trkpt>
      <trkpt lat="48.742776000872254" lon="6.033468246459961">
        <ele>269.38</ele>
      </trkpt>
      <trkpt lat="48.74284037388861" lon="6.0335540771484375">
        <ele>269.37</ele>
      </trkpt>
      <trkpt lat="48.74300147406757" lon="6.033876445144415">
        <ele>269.39</ele>
      </trkpt>
      <trkpt lat="48.74316215515137" lon="6.034197807312012">
        <ele>269.39</ele>
      </trkpt>
      <trkpt lat="48.7433123588562" lon="6.034562587738037">
        <ele>269.37</ele>
      </trkpt>
      <trkpt lat="48.74338754452765" lon="6.034799125045538">
        <ele>269.38</ele>
      </trkpt>
      <trkpt lat="48.743462562561035" lon="6.035034656524658">
        <ele>269.39</ele>
      </trkpt>
      <trkpt lat="48.743527019396424" lon="6.0354003589600325">
        <ele>269.41</ele>
      </trkpt>
      <trkpt lat="48.74359130859375" lon="6.035764217376709">
        <ele>269.44</ele>
      </trkpt>
      <trkpt lat="48.74362357892096" lon="6.036129919812083">
        <ele>269.43</ele>
      </trkpt>
      <trkpt lat="48.74365568161011" lon="6.03649377822876">
        <ele>269.41</ele>
      </trkpt>
      <trkpt lat="48.74365568161011" lon="6.036815643310547">
        <ele>269.39</ele>
      </trkpt>
      <trkpt lat="48.743623327463865" lon="6.03707380592823">
        <ele>269.36</ele>
      </trkpt>
      <trkpt lat="48.74359130859375" lon="6.037330627441406">
        <ele>269.34</ele>
      </trkpt>
      <trkpt lat="48.74346264638007" lon="6.037695407867432">
        <ele>269.32</ele>
      </trkpt>
      <trkpt lat="48.74330489896238" lon="6.03808231651783">
        <ele>269.23</ele>
      </trkpt>
      <trkpt lat="48.74314723536372" lon="6.03846930898726">
        <ele>269.07</ele>
      </trkpt>
      <trkpt lat="48.742990493774414" lon="6.038854122161865">
        <ele>268.85</ele>
      </trkpt>
      <trkpt lat="48.74290441162884" lon="6.039112117141485">
        <ele>268.63</ele>
      </trkpt>
      <trkpt lat="48.74281883239746" lon="6.039369106292725">
        <ele>268.45</ele>
      </trkpt>
      <trkpt lat="48.74273995868862" lon="6.039691725745797">
        <ele>268.24</ele>
      </trkpt>
      <trkpt lat="48.74266108497977" lon="6.04001434519887">
        <ele>268.03</ele>
      </trkpt>
      <trkpt lat="48.74258288182318" lon="6.040334701538086">
        <ele>267.77</ele>
      </trkpt>
      <trkpt lat="48.74256134033203" lon="6.0407209396362305">
        <ele>267.46</ele>
      </trkpt>
      <trkpt lat="48.74255698174238" lon="6.041108183562756">
        <ele>267.06</ele>
      </trkpt>
      <trkpt lat="48.742552706971765" lon="6.041495511308312">
        <ele>266.67</ele>
      </trkpt>
      <trkpt lat="48.74254843220115" lon="6.0418827552348375">
        <ele>266.27</ele>
      </trkpt>
      <trkpt lat="48.7425440736115" lon="6.042270082980394">
        <ele>265.82</ele>
      </trkpt>
      <trkpt lat="48.74253988265991" lon="6.042652130126953">
        <ele>265.29</ele>
      </trkpt>
      <trkpt lat="48.74256134033203" lon="6.043102741241455">
        <ele>264.76</ele>
      </trkpt>
      <trkpt lat="48.7426043394953" lon="6.043414631858468">
        <ele>264.2</ele>
      </trkpt>
      <trkpt lat="48.74264717102051" lon="6.04372501373291">
        <ele>263.52</ele>
      </trkpt>
      <trkpt lat="48.74266862869263" lon="6.043810844421387">
        <ele>262.83</ele>
      </trkpt>
      <trkpt lat="48.74272235669196" lon="6.0441442765295506">
        <ele>262.07</ele>
      </trkpt>
      <trkpt lat="48.74277591705322" lon="6.04447603225708">
        <ele>261.29</ele>
      </trkpt>
      <trkpt lat="48.742814641445875" lon="6.044927816838026">
        <ele>260.53</ele>
      </trkpt>
      <trkpt lat="48.74285336583853" lon="6.045379601418972">
        <ele>259.68</ele>
      </trkpt>
      <trkpt lat="48.74289209023118" lon="6.04583146981895">
        <ele>258.72</ele>
      </trkpt>
      <trkpt lat="48.74293081462383" lon="6.046283254399896">
        <ele>257.69</ele>
      </trkpt>
      <trkpt lat="48.742969036102295" lon="6.04672908782959">
        <ele>256.6</ele>
      </trkpt>
      <trkpt lat="48.74293316155672" lon="6.047155810520053">
        <ele>255.5</ele>
      </trkpt>
      <trkpt lat="48.74289728701115" lon="6.047582533210516">
        <ele>254.27</ele>
      </trkpt>
      <trkpt lat="48.74286141246557" lon="6.048009255900979">
        <ele>252.98</ele>
      </trkpt>
      <trkpt lat="48.74282553792" lon="6.048435978591442">
        <ele>251.68</ele>
      </trkpt>
      <trkpt lat="48.742789747193456" lon="6.048862701281905">
        <ele>250.45</ele>
      </trkpt>
      <trkpt lat="48.7427544593811" lon="6.049282550811768">
        <ele>249.11</ele>
      </trkpt>
      <trkpt lat="48.742711544036865" lon="6.049561500549316">
        <ele>247.76</ele>
      </trkpt>
      <trkpt lat="48.742496967315674" lon="6.049904823303223">
        <ele>246.32</ele>
      </trkpt>
      <trkpt lat="48.74232530593872" lon="6.04996919631958">
        <ele>244.93</ele>
      </trkpt>
      <trkpt lat="48.74207854270935" lon="6.049947738647461">
        <ele>243.48</ele>
      </trkpt>
      <trkpt lat="48.74183177947998" lon="6.049926280975342">
        <ele>242.0</ele>
      </trkpt>
      <trkpt lat="48.74159566126764" lon="6.049786722287536">
        <ele>240.54</ele>
      </trkpt>
      <trkpt lat="48.74135971069336" lon="6.049647331237793">
        <ele>239.09</ele>
      </trkpt>
      <trkpt lat="48.741252422332764" lon="6.049625873565674">
        <ele>237.66</ele>
      </trkpt>
      <trkpt lat="48.74112367630005" lon="6.049690246582031">
        <ele>236.26</ele>
      </trkpt>
      <trkpt lat="48.74108076095581" lon="6.049776077270508">
        <ele>234.86</ele>
      </trkpt>
      <trkpt lat="48.740994930267334" lon="6.050012111663818">
        <ele>233.52</ele>
      </trkpt>
      <trkpt lat="48.74097355641425" lon="6.050162315368652">
        <ele>232.11</ele>
      </trkpt>
      <trkpt lat="48.740973472595215" lon="6.050162315368652">
        <ele>230.73</ele>
      </trkpt>
      <trkpt lat="48.74103784561157" lon="6.050591468811035">
        <ele>229.26</ele>
      </trkpt>
      <trkpt lat="48.741138176992536" lon="6.050914004445076">
        <ele>227.81</ele>
      </trkpt>
      <trkpt lat="48.7412385083735" lon="6.051236540079117">
        <ele>226.48</ele>
      </trkpt>
      <trkpt lat="48.74133825302124" lon="6.0515570640563965">
        <ele>225.16</ele>
      </trkpt>
      <trkpt lat="48.741466999053955" lon="6.051900386810303">
        <ele>223.72</ele>
      </trkpt>
      <trkpt lat="48.74168182723224" lon="6.052244128659368">
        <ele>222.46</ele>
      </trkpt>
      <trkpt lat="48.74189673922956" lon="6.052587870508432">
        <ele>221.28</ele>
      </trkpt>
      <trkpt lat="48.74211165122688" lon="6.052931696176529">
        <ele>220.12</ele>
      </trkpt>
      <trkpt lat="48.74232538975775" lon="6.053273677825928">
        <ele>218.89</ele>
      </trkpt>
      <trkpt lat="48.742475509643555" lon="6.053531169891357">
        <ele>217.94</ele>
      </trkpt>
      <trkpt lat="48.74262588098645" lon="6.053745998069644">
        <ele>217.1</ele>
      </trkpt>
      <trkpt lat="48.74277591705322" lon="6.05396032333374">
        <ele>216.41</ele>
      </trkpt>
      <trkpt lat="48.74292612075806" lon="6.054174900054932">
        <ele>215.87</ele>
      </trkpt>
      <trkpt lat="48.74309786595404" lon="6.054357374086976">
        <ele>215.45</ele>
      </trkpt>
      <trkpt lat="48.74326944351196" lon="6.054539680480957">
        <ele>215.14</ele>
      </trkpt>
      <trkpt lat="48.743527019396424" lon="6.054747132584453">
        <ele>214.94</ele>
      </trkpt>
      <trkpt lat="48.743784595280886" lon="6.05495466850698">
        <ele>214.81</ele>
      </trkpt>
      <trkpt lat="48.74404191970825" lon="6.055161952972412">
        <ele>214.7</ele>
      </trkpt>
      <trkpt lat="48.74429949559271" lon="6.055398071184754">
        <ele>214.66</ele>
      </trkpt>
      <trkpt lat="48.74455690383911" lon="6.055634021759033">
        <ele>214.7</ele>
      </trkpt>
      <trkpt lat="48.7447714805603" lon="6.05595588684082">
        <ele>214.83</ele>
      </trkpt>
      <trkpt lat="48.74485731124878" lon="6.056170463562012">
        <ele>215.06</ele>
      </trkpt>
      <trkpt lat="48.744943141937256" lon="6.056535243988037">
        <ele>215.31</ele>
      </trkpt>
      <trkpt lat="48.744943141937256" lon="6.056857109069824">
        <ele>215.56</ele>
      </trkpt>
      <trkpt lat="48.7448787689209" lon="6.057307720184326">
        <ele>216.09</ele>
      </trkpt>
      <trkpt lat="48.744760416448116" lon="6.057683983817697">
        <ele>216.88</ele>
      </trkpt>
      <trkpt lat="48.74464273452759" lon="6.058058738708496">
        <ele>217.71</ele>
      </trkpt>
      <trkpt lat="48.74459981918335" lon="6.0582733154296875">
        <ele>218.28</ele>
      </trkpt>
      <trkpt lat="48.74454600736499" lon="6.058633653447032">
        <ele>218.7</ele>
      </trkpt>
      <trkpt lat="48.74449219554663" lon="6.0589939914643764">
        <ele>219.12</ele>
      </trkpt>
      <trkpt lat="48.7444384675473" lon="6.059354329481721">
        <ele>219.6</ele>
      </trkpt>
      <trkpt lat="48.74438524246216" lon="6.05971097946167">
        <ele>220.25</ele>
      </trkpt>
      <trkpt lat="48.74433788470924" lon="6.060115406289697">
        <ele>220.76</ele>
      </trkpt>
      <trkpt lat="48.74429052695632" lon="6.060519916936755">
        <ele>221.05</ele>
      </trkpt>
      <trkpt lat="48.74424325302243" lon="6.060924343764782">
        <ele>221.25</ele>
      </trkpt>
      <trkpt lat="48.74419589526951" lon="6.06132885441184">
        <ele>221.91</ele>
      </trkpt>
      <trkpt lat="48.74414920806885" lon="6.061728000640869">
        <ele>222.43</ele>
      </trkpt>
      <trkpt lat="48.74414920806885" lon="6.0620291624218225">
        <ele>222.57</ele>
      </trkpt>
      <trkpt lat="48.74414920806885" lon="6.062328815460205">
        <ele>222.5</ele>
      </trkpt>
      <trkpt lat="48.744192123413086" lon="6.062736511230469">
        <ele>222.46</ele>
      </trkpt>
      <trkpt lat="48.744235122576356" lon="6.063066339120269">
        <ele>222.31</ele>
      </trkpt>
      <trkpt lat="48.744278121739626" lon="6.063396250829101">
        <ele>222.13</ele>
      </trkpt>
      <trkpt lat="48.7443208694458" lon="6.063723564147949">
        <ele>222.13</ele>
      </trkpt>
      <trkpt lat="48.74438532628119" lon="6.0640892665833235">
        <ele>222.01</ele>
      </trkpt>
      <trkpt lat="48.744449615478516" lon="6.064453125">
        <ele>221.72</ele>
      </trkpt>
      <trkpt lat="48.744524884968996" lon="6.064754202961922">
        <ele>221.21</ele>
      </trkpt>
      <trkpt lat="48.74459981918335" lon="6.065053939819336">
        <ele>220.81</ele>
      </trkpt>
      <trkpt lat="48.74472454190254" lon="6.065458199009299">
        <ele>220.32</ele>
      </trkpt>
      <trkpt lat="48.744849264621735" lon="6.065862458199263">
        <ele>219.64</ele>
      </trkpt>
      <trkpt lat="48.74497398734093" lon="6.066266801208258">
        <ele>218.72</ele>
      </trkpt>
      <trkpt lat="48.74509871006012" lon="6.066671060398221">
        <ele>217.66</ele>
      </trkpt>
      <trkpt lat="48.745222091674805" lon="6.067070960998535">
        <ele>216.89</ele>
      </trkpt>
      <trkpt lat="48.74528646469116" lon="6.067414283752441">
        <ele>216.14</ele>
      </trkpt>
      <trkpt lat="48.74531513080001" lon="6.0677585285156965">
        <ele>215.33</ele>
      </trkpt>
      <trkpt lat="48.745343796908855" lon="6.068102773278952">
        <ele>214.51</ele>
      </trkpt>
      <trkpt lat="48.74537229537964" lon="6.06844425201416">
        <ele>213.74</ele>
      </trkpt>
      <trkpt lat="48.74536148272455" lon="6.068799225613475">
        <ele>213.01</ele>
      </trkpt>
      <trkpt lat="48.74535083770752" lon="6.069152355194092">
        <ele>212.15</ele>
      </trkpt>
      <trkpt lat="48.74532393179834" lon="6.0695665050297976">
        <ele>211.35</ele>
      </trkpt>
      <trkpt lat="48.74529702588916" lon="6.069980654865503">
        <ele>210.48</ele>
      </trkpt>
      <trkpt lat="48.74527011997998" lon="6.070394888520241">
        <ele>209.57</ele>
      </trkpt>
      <trkpt lat="48.745243549346924" lon="6.070804595947266">
        <ele>208.67</ele>
      </trkpt>
      <trkpt lat="48.74526500701904" lon="6.071147918701172">
        <ele>207.83</ele>
      </trkpt>
      <trkpt lat="48.7453293800354" lon="6.071534156799316">
        <ele>206.95</ele>
      </trkpt>
      <trkpt lat="48.745426107198" lon="6.071856692433357">
        <ele>206.05</ele>
      </trkpt>
      <trkpt lat="48.74552249908447" lon="6.072177886962891">
        <ele>205.17</ele>
      </trkpt>
      <trkpt lat="48.74565124511719" lon="6.072585582733154">
        <ele>204.29</ele>
      </trkpt>
      <trkpt lat="48.74582290649414" lon="6.07243537902832">
        <ele>203.48</ele>
      </trkpt>
      <trkpt lat="48.74591963365674" lon="6.072865538299084">
        <ele>202.75</ele>
      </trkpt>
      <trkpt lat="48.74601602554321" lon="6.073293685913086">
        <ele>202.09</ele>
      </trkpt>
      <trkpt lat="48.746116356924176" lon="6.073594680055976">
        <ele>201.52</ele>
      </trkpt>
      <trkpt lat="48.74621668830514" lon="6.073895758017898">
        <ele>200.97</ele>
      </trkpt>
      <trkpt lat="48.74631643295288" lon="6.07419490814209">
        <ele>200.44</ele>
      </trkpt>
      <trkpt lat="48.74640226364136" lon="6.074516773223877">
        <ele>199.96</ele>
      </trkpt>
      <trkpt lat="48.74653126113117" lon="6.074853558093309">
        <ele>199.55</ele>
      </trkpt>
      <trkpt lat="48.74666025862098" lon="6.075190426781774">
        <ele>199.19</ele>
      </trkpt>
      <trkpt lat="48.7467885017395" lon="6.075525283813477">
        <ele>198.89</ele>
      </trkpt>
      <trkpt lat="48.74693895690143" lon="6.075833318755031">
        <ele>198.65</ele>
      </trkpt>
      <trkpt lat="48.74708941206336" lon="6.076141437515616">
        <ele>198.45</ele>
      </trkpt>
      <trkpt lat="48.747239112854004" lon="6.0764479637146">
        <ele>198.27</ele>
      </trkpt>
      <trkpt lat="48.74741530045867" lon="6.076753064990044">
        <ele>198.13</ele>
      </trkpt>
      <trkpt lat="48.747591488063335" lon="6.077058166265488">
        <ele>198.04</ele>
      </trkpt>
      <trkpt lat="48.74776775948703" lon="6.077363351359963">
        <ele>197.99</ele>
      </trkpt>
      <trkpt lat="48.7479439470917" lon="6.0776684526354074">
        <ele>198.05</ele>
      </trkpt>
      <trkpt lat="48.74811896122992" lon="6.077971458435059">
        <ele>198.19</ele>
      </trkpt>
      <trkpt lat="48.74831593595445" lon="6.078308075666428">
        <ele>198.28</ele>
      </trkpt>
      <trkpt lat="48.74851291067898" lon="6.078644692897797">
        <ele>198.41</ele>
      </trkpt>
      <trkpt lat="48.748709885403514" lon="6.078981393948197">
        <ele>198.58</ele>
      </trkpt>
      <trkpt lat="48.748906860128045" lon="6.079318011179566">
        <ele>198.77</ele>
      </trkpt>
      <trkpt lat="48.749103834852576" lon="6.079654628410935">
        <ele>199.07</ele>
      </trkpt>
      <trkpt lat="48.74929913319647" lon="6.079988479614258">
        <ele>199.42</ele>
      </trkpt>
      <trkpt lat="48.74947096221149" lon="6.080310847610235">
        <ele>199.75</ele>
      </trkpt>
      <trkpt lat="48.74964237213135" lon="6.080632209777832">
        <ele>200.03</ele>
      </trkpt>
      <trkpt lat="48.74966382980347" lon="6.080739498138428">
        <ele>200.45</ele>
      </trkpt>
      <trkpt lat="48.74964245595038" lon="6.080846786499023">
        <ele>200.96</ele>
      </trkpt>
      <trkpt lat="48.74979483895004" lon="6.081223972141743">
        <ele>201.45</ele>
      </trkpt>
      <trkpt lat="48.74994730576873" lon="6.081601157784462">
        <ele>202.03</ele>
      </trkpt>
      <trkpt lat="48.75009977258742" lon="6.081978343427181">
        <ele>202.65</ele>
      </trkpt>
      <trkpt lat="48.75025223940611" lon="6.0823555290699005">
        <ele>203.28</ele>
      </trkpt>
      <trkpt lat="48.7504047062248" lon="6.08273271471262">
        <ele>204.02</ele>
      </trkpt>
      <trkpt lat="48.75055717304349" lon="6.083109984174371">
        <ele>204.77</ele>
      </trkpt>
      <trkpt lat="48.75070955604315" lon="6.08348716981709">
        <ele>205.57</ele>
      </trkpt>
      <trkpt lat="48.75086202286184" lon="6.083864355459809">
        <ele>206.36</ele>
      </trkpt>
      <trkpt lat="48.75101448968053" lon="6.084241541102529">
        <ele>207.18</ele>
      </trkpt>
      <trkpt lat="48.75116695649922" lon="6.08461881056428">
        <ele>208.0</ele>
      </trkpt>
      <trkpt lat="48.75131615437567" lon="6.084988117218018">
        <ele>208.91</ele>
      </trkpt>
      <trkpt lat="48.75142947770655" lon="6.085230438038707">
        <ele>209.8</ele>
      </trkpt>
      <trkpt lat="48.75160910189152" lon="6.0856141615659">
        <ele>210.7</ele>
      </trkpt>
      <trkpt lat="48.75178813934326" lon="6.085996627807617">
        <ele>211.59</ele>
      </trkpt>
      <trkpt lat="48.75193859450519" lon="6.08628312125802">
        <ele>212.44</ele>
      </trkpt>
      <trkpt lat="48.75208904966712" lon="6.086569698527455">
        <ele>213.29</ele>
      </trkpt>
      <trkpt lat="48.752238834276795" lon="6.086854934692383">
        <ele>214.12</ele>
      </trkpt>
      <trkpt lat="48.752238750457764" lon="6.086854934692383">
        <ele>214.92</ele>
      </trkpt>
      <trkpt lat="48.752424996346235" lon="6.0872178710997105">
        <ele>215.76</ele>
      </trkpt>
      <trkpt lat="48.75261124223471" lon="6.087580807507038">
        <ele>216.63</ele>
      </trkpt>
      <trkpt lat="48.75279757194221" lon="6.0879438277333975">
        <ele>217.46</ele>
      </trkpt>
      <trkpt lat="48.75298381783068" lon="6.088306764140725">
        <ele>218.14</ele>
      </trkpt>
      <trkpt lat="48.753170147538185" lon="6.0886697843670845">
        <ele>218.79</ele>
      </trkpt>
      <trkpt lat="48.75335639342666" lon="6.089032720774412">
        <ele>219.43</ele>
      </trkpt>
      <trkpt lat="48.75354272313416" lon="6.0893957410007715">
        <ele>219.99</ele>
      </trkpt>
      <trkpt lat="48.75372896902263" lon="6.089758677408099">
        <ele>220.57</ele>
      </trkpt>
      <trkpt lat="48.75391253270209" lon="6.090116500854492">
        <ele>221.15</ele>
      </trkpt>
      <trkpt lat="48.75407011248171" lon="6.09043886885047">
        <ele>221.74</ele>
      </trkpt>
      <trkpt lat="48.75422769226134" lon="6.090761236846447">
        <ele>222.19</ele>
      </trkpt>
      <trkpt lat="48.75438451766968" lon="6.0910820960998535">
        <ele>222.66</ele>
      </trkpt>
      <trkpt lat="48.75449197366834" lon="6.0913830902427435">
        <ele>223.1</ele>
      </trkpt>
      <trkpt lat="48.75459951348603" lon="6.0916840843856335">
        <ele>223.48</ele>
      </trkpt>
      <trkpt lat="48.754706382751465" lon="6.091983318328857">
        <ele>223.78</ele>
      </trkpt>
      <trkpt lat="48.75466346740723" lon="6.092026233673096">
        <ele>224.1</ele>
      </trkpt>
      <trkpt lat="48.75479229725897" lon="6.092391014099121">
        <ele>224.27</ele>
      </trkpt>
      <trkpt lat="48.75485667027533" lon="6.0926055908203125">
        <ele>224.51</ele>
      </trkpt>
      <trkpt lat="48.75493193976581" lon="6.092885127291083">
        <ele>224.78</ele>
      </trkpt>
      <trkpt lat="48.755006873980165" lon="6.09316349029541">
        <ele>225.01</ele>
      </trkpt>
      <trkpt lat="48.75509278848767" lon="6.093486025929451">
        <ele>225.17</ele>
      </trkpt>
      <trkpt lat="48.755178451538086" lon="6.093807220458984">
        <ele>225.24</ele>
      </trkpt>
      <trkpt lat="48.755242908373475" lon="6.094064712524414">
        <ele>225.27</ele>
      </trkpt>
      <trkpt lat="48.75531457364559" lon="6.0944518726319075">
        <ele>225.32</ele>
      </trkpt>
      <trkpt lat="48.75538623891771" lon="6.094839116558433">
        <ele>225.28</ele>
      </trkpt>
      <trkpt lat="48.75545748509467" lon="6.095223426818848">
        <ele>225.21</ele>
      </trkpt>
      <trkpt lat="48.75551481731236" lon="6.095538921654224">
        <ele>225.11</ele>
      </trkpt>
      <trkpt lat="48.75557214953005" lon="6.095854416489601">
        <ele>224.96</ele>
      </trkpt>
      <trkpt lat="48.75562914647162" lon="6.09616756439209">
        <ele>224.77</ele>
      </trkpt>
      <trkpt lat="48.75570978038013" lon="6.096581630408764">
        <ele>224.48</ele>
      </trkpt>
      <trkpt lat="48.75579041428864" lon="6.096995696425438">
        <ele>224.26</ele>
      </trkpt>
      <trkpt lat="48.75587113201618" lon="6.097409762442112">
        <ele>224.01</ele>
      </trkpt>
      <trkpt lat="48.75595101155341" lon="6.097819805145264">
        <ele>223.67</ele>
      </trkpt>
      <trkpt lat="48.75602980144322" lon="6.098171090707183">
        <ele>223.27</ele>
      </trkpt>
      <trkpt lat="48.75610867515206" lon="6.098522376269102">
        <ele>222.87</ele>
      </trkpt>
      <trkpt lat="48.75618704594672" lon="6.098871231079102">
        <ele>222.53</ele>
      </trkpt>
      <trkpt lat="48.756229961290956" lon="6.098978519439697">
        <ele>222.15</ele>
      </trkpt>
      <trkpt lat="48.756251418963075" lon="6.099085807800293">
        <ele>221.76</ele>
      </trkpt>
      <trkpt lat="48.75625133514404" lon="6.099085807800293">
        <ele>221.36</ele>
      </trkpt>
      <trkpt lat="48.756351666525006" lon="6.099480092525482">
        <ele>220.94</ele>
      </trkpt>
      <trkpt lat="48.75645199790597" lon="6.099874377250671">
        <ele>220.49</ele>
      </trkpt>
      <trkpt lat="48.75655174255371" lon="6.100265979766846">
        <ele>219.94</ele>
      </trkpt>
      <trkpt lat="48.75665911473334" lon="6.100673675537109">
        <ele>219.48</ele>
      </trkpt>
      <trkpt lat="48.75665903091431" lon="6.100673675537109">
        <ele>219.07</ele>
      </trkpt>
      <trkpt lat="48.75677369534969" lon="6.101089417934418">
        <ele>218.67</ele>
      </trkpt>
      <trkpt lat="48.75688844360411" lon="6.101505244150758">
        <ele>218.36</ele>
      </trkpt>
      <trkpt lat="48.757002437487245" lon="6.1019182205200195">
        <ele>217.97</ele>
      </trkpt>
      <trkpt lat="48.75700235366821" lon="6.1019182205200195">
        <ele>217.62</ele>
      </trkpt>
      <trkpt lat="48.757066894322634" lon="6.102197840809822">
        <ele>217.26</ele>
      </trkpt>
      <trkpt lat="48.75713118351996" lon="6.102476119995117">
        <ele>216.9</ele>
      </trkpt>
      <trkpt lat="48.75722791068256" lon="6.102852467447519">
        <ele>216.6</ele>
      </trkpt>
      <trkpt lat="48.75732421875" lon="6.103227138519287">
        <ele>216.32</ele>
      </trkpt>
      <trkpt lat="48.75739303417504" lon="6.103657381609082">
        <ele>216.08</ele>
      </trkpt>
      <trkpt lat="48.75746184960008" lon="6.104087624698877">
        <ele>215.86</ele>
      </trkpt>
      <trkpt lat="48.75753074884415" lon="6.1045178677886724">
        <ele>215.72</ele>
      </trkpt>
      <trkpt lat="48.757599564269185" lon="6.104948110878468">
        <ele>215.61</ele>
      </trkpt>
      <trkpt lat="48.757667541503906" lon="6.105372905731201">
        <ele>215.48</ele>
      </trkpt>
      <trkpt lat="48.757710540667176" lon="6.105630397796631">
        <ele>215.38</ele>
      </trkpt>
      <trkpt lat="48.75775337219238" lon="6.1058878898620605">
        <ele>215.32</ele>
      </trkpt>
      <trkpt lat="48.75780710019171" lon="6.1061997804790735">
        <ele>215.31</ele>
      </trkpt>
      <trkpt lat="48.75786066055298" lon="6.106510162353516">
        <ele>215.27</ele>
      </trkpt>
      <trkpt lat="48.75790365971625" lon="6.106724739074707">
        <ele>215.3</ele>
      </trkpt>
      <trkpt lat="48.757946491241455" lon="6.107025146484375">
        <ele>215.41</ele>
      </trkpt>
      <trkpt lat="48.758000303059816" lon="6.107390848919749">
        <ele>215.61</ele>
      </trkpt>
      <trkpt lat="48.75805386342108" lon="6.107754707336426">
        <ele>215.81</ele>
      </trkpt>
      <trkpt lat="48.75805377960205" lon="6.107754707336426">
        <ele>216.0</ele>
      </trkpt>
      <trkpt lat="48.75808957032859" lon="6.108106076717377">
        <ele>216.18</ele>
      </trkpt>
      <trkpt lat="48.75812544487417" lon="6.108457446098328">
        <ele>216.4</ele>
      </trkpt>
      <trkpt lat="48.75816106796265" lon="6.108806133270264">
        <ele>216.66</ele>
      </trkpt>
      <trkpt lat="48.758182525634766" lon="6.109193377196789">
        <ele>217.06</ele>
      </trkpt>
      <trkpt lat="48.758203983306885" lon="6.109578609466553">
        <ele>217.42</ele>
      </trkpt>
      <trkpt lat="48.758203983306885" lon="6.11000893637538">
        <ele>217.75</ele>
      </trkpt>
      <trkpt lat="48.758203983306885" lon="6.110439263284206">
        <ele>218.22</ele>
      </trkpt>
      <trkpt lat="48.758203983306885" lon="6.110869590193033">
        <ele>218.73</ele>
      </trkpt>
      <trkpt lat="48.758203983306885" lon="6.111295223236084">
        <ele>219.21</ele>
      </trkpt>
      <trkpt lat="48.758225440979004" lon="6.11175237223506">
        <ele>219.69</ele>
      </trkpt>
      <trkpt lat="48.758246982470155" lon="6.112209605053067">
        <ele>220.23</ele>
      </trkpt>
      <trkpt lat="48.758268523961306" lon="6.112666837871075">
        <ele>220.73</ele>
      </trkpt>
      <trkpt lat="48.75828989781439" lon="6.113119125366211">
        <ele>221.29</ele>
      </trkpt>
      <trkpt lat="48.758282689377666" lon="6.113513577729464">
        <ele>221.85</ele>
      </trkpt>
      <trkpt lat="48.75827548094094" lon="6.113908030092716">
        <ele>222.43</ele>
      </trkpt>
      <trkpt lat="48.75826835632324" lon="6.114299297332764">
        <ele>223.01</ele>
      </trkpt>
      <trkpt lat="48.758268440142274" lon="6.114513874053955">
        <ele>223.59</ele>
      </trkpt>
      <trkpt lat="48.75826835632324" lon="6.114749908447266">
        <ele>224.17</ele>
      </trkpt>
      <trkpt lat="48.75827548094094" lon="6.115094153210521">
        <ele>224.78</ele>
      </trkpt>
      <trkpt lat="48.758282689377666" lon="6.115438397973776">
        <ele>225.39</ele>
      </trkpt>
      <trkpt lat="48.75828981399536" lon="6.115779876708984">
        <ele>225.96</ele>
      </trkpt>
      <trkpt lat="48.75831135548651" lon="6.116037368774414">
        <ele>226.55</ele>
      </trkpt>
      <trkpt lat="48.75837564468384" lon="6.11638069152832">
        <ele>227.13</ele>
      </trkpt>
      <trkpt lat="48.75844010151923" lon="6.116552352905273">
        <ele>227.67</ele>
      </trkpt>
      <trkpt lat="48.7586226593703" lon="6.1168639082461596">
        <ele>228.16</ele>
      </trkpt>
      <trkpt lat="48.75880479812622" lon="6.1171746253967285">
        <ele>228.67</ele>
      </trkpt>
      <trkpt lat="48.75894452445209" lon="6.117518534883857">
        <ele>229.18</ele>
      </trkpt>
      <trkpt lat="48.7590838316828" lon="6.117861270904541">
        <ele>229.68</ele>
      </trkpt>
      <trkpt lat="48.7592339515686" lon="6.118268966674805">
        <ele>230.2</ele>
      </trkpt>
      <trkpt lat="48.75936269760132" lon="6.118612289428711">
        <ele>230.57</ele>
      </trkpt>
      <trkpt lat="48.75944869592786" lon="6.118902554735541">
        <ele>230.92</ele>
      </trkpt>
      <trkpt lat="48.75953435897827" lon="6.119191646575928">
        <ele>231.18</ele>
      </trkpt>
      <trkpt lat="48.75958817079663" lon="6.119525078684092">
        <ele>231.37</ele>
      </trkpt>
      <trkpt lat="48.7596417311579" lon="6.119856834411621">
        <ele>231.49</ele>
      </trkpt>
      <trkpt lat="48.7596417311579" lon="6.120028495788574">
        <ele>231.57</ele>
      </trkpt>
      <trkpt lat="48.75963091850281" lon="6.12043728120625">
        <ele>231.56</ele>
      </trkpt>
      <trkpt lat="48.75962018966675" lon="6.120843887329102">
        <ele>231.53</ele>
      </trkpt>
      <trkpt lat="48.7596417311579" lon="6.121079921722412">
        <ele>231.39</ele>
      </trkpt>
      <trkpt lat="48.75966318883002" lon="6.121230125427246">
        <ele>231.15</ele>
      </trkpt>
      <trkpt lat="48.75976528041065" lon="6.121568754315376">
        <ele>230.79</ele>
      </trkpt>
      <trkpt lat="48.75986737199128" lon="6.121907467022538">
        <ele>230.39</ele>
      </trkpt>
      <trkpt lat="48.75996954739094" lon="6.1222461797297">
        <ele>229.97</ele>
      </trkpt>
      <trkpt lat="48.76007080078125" lon="6.122581958770752">
        <ele>229.47</ele>
      </trkpt>
      <trkpt lat="48.76017834059894" lon="6.122979763895273">
        <ele>228.78</ele>
      </trkpt>
      <trkpt lat="48.76028546132147" lon="6.12337589263916">
        <ele>227.96</ele>
      </trkpt>
      <trkpt lat="48.76028537750244" lon="6.12337589263916">
        <ele>227.21</ele>
      </trkpt>
      <trkpt lat="48.76032837666571" lon="6.123677054420114">
        <ele>226.34</ele>
      </trkpt>
      <trkpt lat="48.76037120819092" lon="6.123976707458496">
        <ele>225.43</ele>
      </trkpt>
      <trkpt lat="48.760457038879395" lon="6.124427318572998">
        <ele>224.41</ele>
      </trkpt>
      <trkpt lat="48.760500038042665" lon="6.12468539737165">
        <ele>223.37</ele>
      </trkpt>
      <trkpt lat="48.7605429533869" lon="6.124942302703857">
        <ele>222.28</ele>
      </trkpt>
      <trkpt lat="48.76061285845935" lon="6.1253079213202">
        <ele>221.11</ele>
      </trkpt>
      <trkpt lat="48.760682763531804" lon="6.125673623755574">
        <ele>219.96</ele>
      </trkpt>
      <trkpt lat="48.760752668604255" lon="6.1260393261909485">
        <ele>218.8</ele>
      </trkpt>
      <trkpt lat="48.76082190312445" lon="6.126401424407959">
        <ele>217.64</ele>
      </trkpt>
      <trkpt lat="48.76084336079657" lon="6.126551628112793">
        <ele>216.48</ele>
      </trkpt>
      <trkpt lat="48.76090781763196" lon="6.126917330548167">
        <ele>215.22</ele>
      </trkpt>
      <trkpt lat="48.760972023010254" lon="6.127281188964844">
        <ele>213.95</ele>
      </trkpt>
      <trkpt lat="48.76103639602661" lon="6.12762451171875">
        <ele>212.69</ele>
      </trkpt>
      <trkpt lat="48.76116522587836" lon="6.127560138702393">
        <ele>211.49</ele>
      </trkpt>
      <trkpt lat="48.76137971878052" lon="6.12752434797585">
        <ele>210.24</ele>
      </trkpt>
      <trkpt lat="48.76159429550171" lon="6.127488557249308">
        <ele>209.01</ele>
      </trkpt>
      <trkpt lat="48.76180895604193" lon="6.127452850341797">
        <ele>207.83</ele>
      </trkpt>
      <trkpt lat="48.7618088722229" lon="6.127452850341797">
        <ele>206.79</ele>
      </trkpt>
      <trkpt lat="48.76187332905829" lon="6.127452850341797">
        <ele>205.76</ele>
      </trkpt>
      <trkpt lat="48.761916160583496" lon="6.127452850341797">
        <ele>204.79</ele>
      </trkpt>
      <trkpt lat="48.76217373646796" lon="6.127409934997559">
        <ele>203.76</ele>
      </trkpt>
      <trkpt lat="48.76223802566528" lon="6.127431392669678">
        <ele>202.88</ele>
      </trkpt>
      <trkpt lat="48.76230239868164" lon="6.127645969390869">
        <ele>202.05</ele>
      </trkpt>
      <trkpt lat="48.76232385635376" lon="6.128033213317394">
        <ele>201.36</ele>
      </trkpt>
      <trkpt lat="48.76234539784491" lon="6.128420541062951">
        <ele>200.7</ele>
      </trkpt>
      <trkpt lat="48.762366771698" lon="6.128804683685303">
        <ele>200.05</ele>
      </trkpt>
      <trkpt lat="48.76223777420819" lon="6.12904105335474">
        <ele>199.44</ele>
      </trkpt>
      <trkpt lat="48.76210927963257" lon="6.129276752471924">
        <ele>198.95</ele>
      </trkpt>
      <trkpt lat="48.76206636428833" lon="6.129448413848877">
        <ele>198.48</ele>
      </trkpt>
      <trkpt lat="48.76204490661621" lon="6.129641532897949">
        <ele>198.01</ele>
      </trkpt>
      <trkpt lat="48.762102238833904" lon="6.1300502344965935">
        <ele>197.58</ele>
      </trkpt>
      <trkpt lat="48.7621595710516" lon="6.1304590199142694">
        <ele>197.21</ele>
      </trkpt>
      <trkpt lat="48.762216567993164" lon="6.13086462020874">
        <ele>196.95</ele>
      </trkpt>
      <trkpt lat="48.762173652648926" lon="6.130993366241455">
        <ele>196.7</ele>
      </trkpt>
      <trkpt lat="48.762012636289" lon="6.13111138343811">
        <ele>196.47</ele>
      </trkpt>
      <trkpt lat="48.76185178756714" lon="6.131229400634766">
        <ele>196.24</ele>
      </trkpt>
      <trkpt lat="48.761766040697694" lon="6.1313581466674805">
        <ele>196.03</ele>
      </trkpt>
      <trkpt lat="48.76176595687866" lon="6.1313581466674805">
        <ele>195.84</ele>
      </trkpt>
      <trkpt lat="48.761723041534424" lon="6.131551265716553">
        <ele>195.66</ele>
      </trkpt>
      <trkpt lat="48.761723041534424" lon="6.131787300109863">
        <ele>195.49</ele>
      </trkpt>
      <trkpt lat="48.76173377037048" lon="6.132174544036388">
        <ele>195.33</ele>
      </trkpt>
      <trkpt lat="48.761744583025575" lon="6.132559776306152">
        <ele>195.17</ele>
      </trkpt>
      <trkpt lat="48.761776853352785" lon="6.132903937250376">
        <ele>195.01</ele>
      </trkpt>
      <trkpt lat="48.76180895604193" lon="6.133246421813965">
        <ele>194.83</ele>
      </trkpt>
      <trkpt lat="48.76185178756714" lon="6.133439540863037">
        <ele>194.66</ele>
      </trkpt>
      <trkpt lat="48.76185178756714" lon="6.133782863616943">
        <ele>194.49</ele>
      </trkpt>
      <trkpt lat="48.76179797574878" lon="6.1340732127428055">
        <ele>194.29</ele>
      </trkpt>
      <trkpt lat="48.76174449920654" lon="6.13436222076416">
        <ele>194.06</ele>
      </trkpt>
      <trkpt lat="48.761701583862305" lon="6.134576797485352">
        <ele>193.85</ele>
      </trkpt>
      <trkpt lat="48.761561857536435" lon="6.134834624826908">
        <ele>193.67</ele>
      </trkpt>
      <trkpt lat="48.761422634124756" lon="6.135091781616211">
        <ele>193.51</ele>
      </trkpt>
      <trkpt lat="48.76137980259955" lon="6.135241985321045">
        <ele>193.33</ele>
      </trkpt>
      <trkpt lat="48.76137971878052" lon="6.135520935058594">
        <ele>193.15</ele>
      </trkpt>
      <trkpt lat="48.76146580092609" lon="6.135951094329357">
        <ele>193.04</ele>
      </trkpt>
      <trkpt lat="48.7615514639765" lon="6.136379241943359">
        <ele>192.92</ele>
      </trkpt>
      <trkpt lat="48.76163729466498" lon="6.136593818664551">
        <ele>192.78</ele>
      </trkpt>
      <trkpt lat="48.7618088722229" lon="6.136765480041504">
        <ele>192.63</ele>
      </trkpt>
      <trkpt lat="48.76180895604193" lon="6.136765480041504">
        <ele>192.48</ele>
      </trkpt>
      <trkpt lat="48.761916160583496" lon="6.136937141418457">
        <ele>192.31</ele>
      </trkpt>
      <trkpt lat="48.761916160583496" lon="6.137044429779053">
        <ele>192.17</ele>
      </trkpt>
      <trkpt lat="48.76189470291138" lon="6.137173175811768">
        <ele>192.03</ele>
      </trkpt>
      <trkpt lat="48.76171197742224" lon="6.137560084462166">
        <ele>191.89</ele>
      </trkpt>
      <trkpt lat="48.7615292519331" lon="6.137946993112564">
        <ele>191.72</ele>
      </trkpt>
      <trkpt lat="48.76134652644396" lon="6.138333901762962">
        <ele>191.55</ele>
      </trkpt>
      <trkpt lat="48.761165142059326" lon="6.138718128204346">
        <ele>191.47</ele>
      </trkpt>
      <trkpt lat="48.76112222671509" lon="6.13886833190918">
        <ele>191.42</ele>
      </trkpt>
      <trkpt lat="48.761165142059326" lon="6.13910436630249">
        <ele>191.36</ele>
      </trkpt>
      <trkpt lat="48.76127243041992" lon="6.13936185836792">
        <ele>191.28</ele>
      </trkpt>
      <trkpt lat="48.76148725859821" lon="6.139694871380925">
        <ele>191.2</ele>
      </trkpt>
      <trkpt lat="48.761701667681336" lon="6.140027046203613">
        <ele>191.13</ele>
      </trkpt>
      <trkpt lat="48.761723041534424" lon="6.140091419219971">
        <ele>191.11</ele>
      </trkpt>
      <trkpt lat="48.761723125353456" lon="6.140091419219971">
        <ele>191.1</ele>
      </trkpt>
      <trkpt lat="48.76192714087665" lon="6.140413703396916">
        <ele>191.06</ele>
      </trkpt>
      <trkpt lat="48.76213073730469" lon="6.140735149383545">
        <ele>191.07</ele>
      </trkpt>
      <trkpt lat="48.762173652648926" lon="6.140885353088379">
        <ele>191.16</ele>
      </trkpt>
      <trkpt lat="48.76215219497681" lon="6.141014099121094">
        <ele>191.24</ele>
      </trkpt>
      <trkpt lat="48.76204490661621" lon="6.141250133514404">
        <ele>191.35</ele>
      </trkpt>
      <trkpt lat="48.7618088722229" lon="6.141486167907715">
        <ele>191.46</ele>
      </trkpt>
      <trkpt lat="48.76180895604193" lon="6.141486167907715">
        <ele>191.55</ele>
      </trkpt>
      <trkpt lat="48.76165841706097" lon="6.141765536740422">
        <ele>191.69</ele>
      </trkpt>
      <trkpt lat="48.76150846481323" lon="6.1420440673828125">
        <ele>191.84</ele>
      </trkpt>
      <trkpt lat="48.761508548632264" lon="6.1420440673828125">
        <ele>191.95</ele>
      </trkpt>
      <trkpt lat="48.76130226999521" lon="6.142361992970109">
        <ele>192.05</ele>
      </trkpt>
      <trkpt lat="48.76109599135816" lon="6.142680002376437">
        <ele>192.14</ele>
      </trkpt>
      <trkpt lat="48.76088971272111" lon="6.142998011782765">
        <ele>192.25</ele>
      </trkpt>
      <trkpt lat="48.76068343408406" lon="6.143316021189094">
        <ele>192.36</ele>
      </trkpt>
      <trkpt lat="48.760478496551514" lon="6.143631935119629">
        <ele>192.49</ele>
      </trkpt>
      <trkpt lat="48.760285126045346" lon="6.143889678642154">
        <ele>192.68</ele>
      </trkpt>
      <trkpt lat="48.76009225845337" lon="6.144146919250488">
        <ele>192.85</ele>
      </trkpt>
      <trkpt lat="48.75982780940831" lon="6.1443977896124125">
        <ele>193.0</ele>
      </trkpt>
      <trkpt lat="48.759563360363245" lon="6.144648659974337">
        <ele>192.96</ele>
      </trkpt>
      <trkpt lat="48.75929891131818" lon="6.1448996141552925">
        <ele>192.89</ele>
      </trkpt>
      <trkpt lat="48.75903446227312" lon="6.145150484517217">
        <ele>192.99</ele>
      </trkpt>
      <trkpt lat="48.75877001322806" lon="6.145401354879141">
        <ele>193.16</ele>
      </trkpt>
      <trkpt lat="48.75850564800203" lon="6.145652309060097">
        <ele>193.33</ele>
      </trkpt>
      <trkpt lat="48.758241198956966" lon="6.145903179422021">
        <ele>193.38</ele>
      </trkpt>
      <trkpt lat="48.757976749911904" lon="6.146154049783945">
        <ele>193.35</ele>
      </trkpt>
      <trkpt lat="48.75771230086684" lon="6.146404920145869">
        <ele>193.38</ele>
      </trkpt>
      <trkpt lat="48.75744785182178" lon="6.146655874326825">
        <ele>193.47</ele>
      </trkpt>
      <trkpt lat="48.75718340277672" lon="6.146906744688749">
        <ele>193.63</ele>
      </trkpt>
      <trkpt lat="48.75691903755069" lon="6.1471576150506735">
        <ele>193.73</ele>
      </trkpt>
      <trkpt lat="48.756654588505626" lon="6.147408485412598">
        <ele>193.8</ele>
      </trkpt>
      <trkpt lat="48.756390139460564" lon="6.147659355774522">
        <ele>193.86</ele>
      </trkpt>
      <trkpt lat="48.7561256904155" lon="6.147910226136446">
        <ele>193.83</ele>
      </trkpt>
      <trkpt lat="48.75586124137044" lon="6.148161180317402">
        <ele>193.91</ele>
      </trkpt>
      <trkpt lat="48.75559687614441" lon="6.148412050679326">
        <ele>194.05</ele>
      </trkpt>
      <trkpt lat="48.75533242709935" lon="6.14866292104125">
        <ele>194.11</ele>
      </trkpt>
      <trkpt lat="48.75507116317749" lon="6.1489105224609375">
        <ele>194.11</ele>
      </trkpt>
      <trkpt lat="48.75507124699652" lon="6.1489105224609375">
        <ele>194.12</ele>
      </trkpt>
      <trkpt lat="48.75484116375446" lon="6.149128284305334">
        <ele>194.12</ele>
      </trkpt>
      <trkpt lat="48.754611080512404" lon="6.149346046149731">
        <ele>194.06</ele>
      </trkpt>
      <trkpt lat="48.75438108108938" lon="6.149563807994127">
        <ele>194.0</ele>
      </trkpt>
      <trkpt lat="48.75415099784732" lon="6.149781653657556">
        <ele>193.94</ele>
      </trkpt>
      <trkpt lat="48.75392099842429" lon="6.149999415501952">
        <ele>193.87</ele>
      </trkpt>
      <trkpt lat="48.75369091518223" lon="6.150217177346349">
        <ele>193.9</ele>
      </trkpt>
      <trkpt lat="48.753461921587586" lon="6.1504340171813965">
        <ele>194.02</ele>
      </trkpt>
      <trkpt lat="48.753261510282755" lon="6.150620095431805">
        <ele>194.04</ele>
      </trkpt>
      <trkpt lat="48.75306109897792" lon="6.150806173682213">
        <ele>193.83</ele>
      </trkpt>
      <trkpt lat="48.75286110676825" lon="6.150991916656494">
        <ele>193.6</ele>
      </trkpt>
      <trkpt lat="48.75263345427811" lon="6.151210851967335">
        <ele>193.51</ele>
      </trkpt>
      <trkpt lat="48.75240580178797" lon="6.151429871097207">
        <ele>193.58</ele>
      </trkpt>
      <trkpt lat="48.752178233116865" lon="6.151648890227079">
        <ele>193.65</ele>
      </trkpt>
      <trkpt lat="48.751950580626726" lon="6.151867909356952">
        <ele>193.65</ele>
      </trkpt>
      <trkpt lat="48.751723766326904" lon="6.15208625793457">
        <ele>193.66</ele>
      </trkpt>
      <trkpt lat="48.75153064727783" lon="6.152215003967285">
        <ele>193.69</ele>
      </trkpt>
      <trkpt lat="48.751240968704224" lon="6.15230075083673">
        <ele>193.6</ele>
      </trkpt>
      <trkpt lat="48.750951290130615" lon="6.152386581525207">
        <ele>193.53</ele>
      </trkpt>
      <trkpt lat="48.75066161155701" lon="6.152472412213683">
        <ele>193.47</ele>
      </trkpt>
      <trkpt lat="48.75037201680243" lon="6.15255824290216">
        <ele>193.42</ele>
      </trkpt>
      <trkpt lat="48.75008233822882" lon="6.152644073590636">
        <ele>193.41</ele>
      </trkpt>
      <trkpt lat="48.74979265965521" lon="6.152729904279113">
        <ele>193.35</ele>
      </trkpt>
      <trkpt lat="48.74950306490064" lon="6.152815734967589">
        <ele>193.29</ele>
      </trkpt>
      <trkpt lat="48.74921338632703" lon="6.152901565656066">
        <ele>193.36</ele>
      </trkpt>
      <trkpt lat="48.74892370775342" lon="6.1529873963445425">
        <ele>193.41</ele>
      </trkpt>
      <trkpt lat="48.74863386154175" lon="6.153073310852051">
        <ele>193.41</ele>
      </trkpt>
      <trkpt lat="48.748440742492676" lon="6.15309476852417">
        <ele>193.39</ele>
      </trkpt>
      <trkpt lat="48.74826908111572" lon="6.152923107147217">
        <ele>193.41</ele>
      </trkpt>
      <trkpt lat="48.74816179275513" lon="6.153073310852051">
        <ele>193.3</ele>
      </trkpt>
      <trkpt lat="48.74816187657416" lon="6.153073310852051">
        <ele>193.25</ele>
      </trkpt>
      <trkpt lat="48.74792198650539" lon="6.153345303609967">
        <ele>193.1</ele>
      </trkpt>
      <trkpt lat="48.74768218025565" lon="6.153617380186915">
        <ele>192.97</ele>
      </trkpt>
      <trkpt lat="48.747442374005914" lon="6.153889372944832">
        <ele>192.86</ele>
      </trkpt>
      <trkpt lat="48.747202483937144" lon="6.15416144952178">
        <ele>192.77</ele>
      </trkpt>
      <trkpt lat="48.74696267768741" lon="6.1544334422796965">
        <ele>192.72</ele>
      </trkpt>
      <trkpt lat="48.746724128723145" lon="6.1547040939331055">
        <ele>192.73</ele>
      </trkpt>
      <trkpt lat="48.746552215889096" lon="6.154951108619571">
        <ele>192.69</ele>
      </trkpt>
      <trkpt lat="48.74638080596924" lon="6.155197620391846">
        <ele>192.59</ele>
      </trkpt>
      <trkpt lat="48.74616597779095" lon="6.15547682158649">
        <ele>192.5</ele>
      </trkpt>
      <trkpt lat="48.74595173634589" lon="6.155755519866943">
        <ele>192.47</ele>
      </trkpt>
      <trkpt lat="48.745951652526855" lon="6.155755519866943">
        <ele>192.44</ele>
      </trkpt>
      <trkpt lat="48.74580128118396" lon="6.155977472662926">
        <ele>192.42</ele>
      </trkpt>
      <trkpt lat="48.74565090984106" lon="6.15619950927794">
        <ele>192.38</ele>
      </trkpt>
      <trkpt lat="48.745501125231385" lon="6.156420707702637">
        <ele>192.38</ele>
      </trkpt>
      <trkpt lat="48.74550104141235" lon="6.156420707702637">
        <ele>192.39</ele>
      </trkpt>
      <trkpt lat="48.745286129415035" lon="6.156753720715642">
        <ele>192.41</ele>
      </trkpt>
      <trkpt lat="48.74507188796997" lon="6.15708589553833">
        <ele>192.41</ele>
      </trkpt>
      <trkpt lat="48.74492168426514" lon="6.157386302947998">
        <ele>192.47</ele>
      </trkpt>
      <trkpt lat="48.74485731124878" lon="6.157557964324951">
        <ele>192.52</ele>
      </trkpt>
      <trkpt lat="48.74476050026715" lon="6.15779441781342">
        <ele>192.61</ele>
      </trkpt>
      <trkpt lat="48.74466419219971" lon="6.158030033111572">
        <ele>192.68</ele>
      </trkpt>
      <trkpt lat="48.74455698765814" lon="6.158459186553955">
        <ele>192.69</ele>
      </trkpt>
      <trkpt lat="48.74442824162543" lon="6.158866882324219">
        <ele>192.67</ele>
      </trkpt>
      <trkpt lat="48.744320617988706" lon="6.159297041594982">
        <ele>192.77</ele>
      </trkpt>
      <trkpt lat="48.744213581085205" lon="6.159725189208984">
        <ele>192.94</ele>
      </trkpt>
      <trkpt lat="48.744159769266844" lon="6.159993996843696">
        <ele>192.96</ele>
      </trkpt>
      <trkpt lat="48.74410629272461" lon="6.160261631011963">
        <ele>192.95</ele>
      </trkpt>
      <trkpt lat="48.74402021057904" lon="6.160675697028637">
        <ele>192.85</ele>
      </trkpt>
      <trkpt lat="48.7439342122525" lon="6.161089763045311">
        <ele>192.75</ele>
      </trkpt>
      <trkpt lat="48.74384821392596" lon="6.161503829061985">
        <ele>192.76</ele>
      </trkpt>
      <trkpt lat="48.743763053789735" lon="6.161913871765137">
        <ele>192.79</ele>
      </trkpt>
      <trkpt lat="48.74369842931628" lon="6.16226876154542">
        <ele>192.81</ele>
      </trkpt>
      <trkpt lat="48.74363422393799" lon="6.162621974945068">
        <ele>192.73</ele>
      </trkpt>
      <trkpt lat="48.7436128500849" lon="6.16307258605957">
        <ele>192.66</ele>
      </trkpt>
      <trkpt lat="48.74364503659308" lon="6.163319936022162">
        <ele>192.63</ele>
      </trkpt>
      <trkpt lat="48.74367713928223" lon="6.1635661125183105">
        <ele>192.56</ele>
      </trkpt>
      <trkpt lat="48.74374167993665" lon="6.16387439891696">
        <ele>192.47</ele>
      </trkpt>
      <trkpt lat="48.74380622059107" lon="6.164182685315609">
        <ele>192.39</ele>
      </trkpt>
      <trkpt lat="48.74387034215033" lon="6.164488792419434">
        <ele>192.31</ele>
      </trkpt>
      <trkpt lat="48.74393479898572" lon="6.164822140708566">
        <ele>192.3</ele>
      </trkpt>
      <trkpt lat="48.743999088183045" lon="6.165153980255127">
        <ele>192.27</ele>
      </trkpt>
      <trkpt lat="48.74404191970825" lon="6.165261268615723">
        <ele>192.26</ele>
      </trkpt>
      <trkpt lat="48.74407419003546" lon="6.165508618578315">
        <ele>192.31</ele>
      </trkpt>
      <trkpt lat="48.74410629272461" lon="6.165754795074463">
        <ele>192.35</ele>
      </trkpt>
      <trkpt lat="48.744192123413086" lon="6.166141033172607">
        <ele>192.43</ele>
      </trkpt>
      <trkpt lat="48.74417066574097" lon="6.166355609893799">
        <ele>192.5</ele>
      </trkpt>
      <trkpt lat="48.74396665021777" lon="6.166570270434022">
        <ele>192.6</ele>
      </trkpt>
      <trkpt lat="48.7437629699707" lon="6.166784763336182">
        <ele>192.72</ele>
      </trkpt>
      <trkpt lat="48.743555434048176" lon="6.166963633149862">
        <ele>192.83</ele>
      </trkpt>
      <trkpt lat="48.74334789812565" lon="6.167142502963543">
        <ele>192.94</ele>
      </trkpt>
      <trkpt lat="48.74314069747925" lon="6.16732120513916">
        <ele>193.1</ele>
      </trkpt>
      <trkpt lat="48.74296895228326" lon="6.167428493499756">
        <ele>193.26</ele>
      </trkpt>
      <trkpt lat="48.74279737472534" lon="6.167535781860352">
        <ele>193.41</ele>
      </trkpt>
      <trkpt lat="48.74252915382385" lon="6.167621528729796">
        <ele>193.49</ele>
      </trkpt>
      <trkpt lat="48.74226093292236" lon="6.167707443237305">
        <ele>193.54</ele>
      </trkpt>
      <trkpt lat="48.741981983184814" lon="6.167761003598571">
        <ele>193.72</ele>
      </trkpt>
      <trkpt lat="48.7417031172663" lon="6.1678147315979">
        <ele>193.93</ele>
      </trkpt>
      <trkpt lat="48.741399105638266" lon="6.167854042723775">
        <ele>194.12</ele>
      </trkpt>
      <trkpt lat="48.741095177829266" lon="6.167893353849649">
        <ele>194.37</ele>
      </trkpt>
      <trkpt lat="48.740791250020266" lon="6.167932664975524">
        <ele>194.54</ele>
      </trkpt>
      <trkpt lat="48.740487322211266" lon="6.16797205992043">
        <ele>194.78</ele>
      </trkpt>
      <trkpt lat="48.740183310583234" lon="6.168011371046305">
        <ele>195.07</ele>
      </trkpt>
      <trkpt lat="48.73987913131714" lon="6.168050765991211">
        <ele>195.44</ele>
      </trkpt>
      <trkpt lat="48.73987921513617" lon="6.168050765991211">
        <ele>195.72</ele>
      </trkpt>
      <trkpt lat="48.73958953656256" lon="6.1680935975164175">
        <ele>196.1</ele>
      </trkpt>
      <trkpt lat="48.739299857988954" lon="6.1681365966796875">
        <ele>196.45</ele>
      </trkpt>
      <trkpt lat="48.73904949054122" lon="6.168172303587198">
        <ele>196.79</ele>
      </trkpt>
      <trkpt lat="48.73879920691252" lon="6.168208094313741">
        <ele>197.1</ele>
      </trkpt>
      <trkpt lat="48.738548839464784" lon="6.168243885040283">
        <ele>197.42</ele>
      </trkpt>
      <trkpt lat="48.738505924120545" lon="6.168243885040283">
        <ele>197.69</ele>
      </trkpt>
      <trkpt lat="48.73825555667281" lon="6.16828671656549">
        <ele>197.98</ele>
      </trkpt>
      <trkpt lat="48.73800527304411" lon="6.168329631909728">
        <ele>198.22</ele>
      </trkpt>
      <trkpt lat="48.737754905596375" lon="6.168372631072998">
        <ele>198.42</ele>
      </trkpt>
      <trkpt lat="48.737492049112916" lon="6.168410098180175">
        <ele>198.58</ele>
      </trkpt>
      <trkpt lat="48.73722919262946" lon="6.168447649106383">
        <ele>198.66</ele>
      </trkpt>
      <trkpt lat="48.736966336146" lon="6.168485200032592">
        <ele>198.81</ele>
      </trkpt>
      <trkpt lat="48.736703395843506" lon="6.168522834777832">
        <ele>198.99</ele>
      </trkpt>
      <trkpt lat="48.736488902941346" lon="6.168522834777832">
        <ele>199.25</ele>
      </trkpt>
      <trkpt lat="48.736274326220155" lon="6.168458461761475">
        <ele>199.4</ele>
      </trkpt>
      <trkpt lat="48.736209869384766" lon="6.168458461761475">
        <ele>199.53</ele>
      </trkpt>
      <trkpt lat="48.73601675033569" lon="6.168404817581177">
        <ele>199.63</ele>
      </trkpt>
      <trkpt lat="48.73582363128662" lon="6.168351173400879">
        <ele>199.74</ele>
      </trkpt>
      <trkpt lat="48.73563051223755" lon="6.168372631072998">
        <ele>199.86</ele>
      </trkpt>
      <trkpt lat="48.73550159856677" lon="6.168522918596864">
        <ele>199.94</ele>
      </trkpt>
      <trkpt lat="48.73537302017212" lon="6.168673038482666">
        <ele>199.99</ele>
      </trkpt>
      <trkpt lat="48.73515852726996" lon="6.168758869171143">
        <ele>200.01</ele>
      </trkpt>
      <trkpt lat="48.735008323565125" lon="6.1688232421875">
        <ele>200.04</ele>
      </trkpt>
      <trkpt lat="48.73481520451605" lon="6.168973445892334">
        <ele>200.05</ele>
      </trkpt>
      <trkpt lat="48.73470766469836" lon="6.169156087562442">
        <ele>200.07</ele>
      </trkpt>
      <trkpt lat="48.73460054397583" lon="6.169338226318359">
        <ele>200.09</ele>
      </trkpt>
      <trkpt lat="48.73445042409003" lon="6.1693596839904785">
        <ele>200.12</ele>
      </trkpt>
      <trkpt lat="48.7343430519104" lon="6.169188022613525">
        <ele>200.19</ele>
      </trkpt>
      <trkpt lat="48.73434313572943" lon="6.169188022613525">
        <ele>200.2</ele>
      </trkpt>
      <trkpt lat="48.73432159423828" lon="6.169037818908691">
        <ele>200.22</ele>
      </trkpt>
      <trkpt lat="48.73432167805731" lon="6.169037818908691">
        <ele>200.23</ele>
      </trkpt>
      <trkpt lat="48.73442905023694" lon="6.168812094256282">
        <ele>200.22</ele>
      </trkpt>
      <trkpt lat="48.73453617095947" lon="6.1685872077941895">
        <ele>200.25</ele>
      </trkpt>
      <trkpt lat="48.73455762863159" lon="6.168394088745117">
        <ele>200.28</ele>
      </trkpt>
      <trkpt lat="48.73453617095947" lon="6.1681365966796875">
        <ele>200.32</ele>
      </trkpt>
      <trkpt lat="48.734493255615234" lon="6.167922019958496">
        <ele>200.34</ele>
      </trkpt>
      <trkpt lat="48.73440742492676" lon="6.168265342712402">
        <ele>200.3</ele>
      </trkpt>
      <trkpt lat="48.73432159423828" lon="6.1685872077941895">
        <ele>200.25</ele>
      </trkpt>
      <trkpt lat="48.734192848205566" lon="6.168780326843262">
        <ele>200.23</ele>
      </trkpt>
      <trkpt lat="48.7341929320246" lon="6.168780326843262">
        <ele>200.22</ele>
      </trkpt>
      <trkpt lat="48.73410701751709" lon="6.168866157531738">
        <ele>200.25</ele>
      </trkpt>
      <trkpt lat="48.73391389846802" lon="6.168919717893004">
        <ele>200.29</ele>
      </trkpt>
      <trkpt lat="48.733720779418945" lon="6.168973445892334">
        <ele>200.29</ele>
      </trkpt>
      <trkpt lat="48.733484745025635" lon="6.169005548581481">
        <ele>200.24</ele>
      </trkpt>
      <trkpt lat="48.733248710632324" lon="6.16903773508966">
        <ele>200.15</ele>
      </trkpt>
      <trkpt lat="48.733012760058045" lon="6.169069921597838">
        <ele>200.08</ele>
      </trkpt>
      <trkpt lat="48.7327766418457" lon="6.169102191925049">
        <ele>200.06</ele>
      </trkpt>
      <trkpt lat="48.732755184173584" lon="6.168673038482666">
        <ele>200.09</ele>
      </trkpt>
      <trkpt lat="48.732755267992616" lon="6.168673038482666">
        <ele>200.12</ele>
      </trkpt>
      <trkpt lat="48.732701456174254" lon="6.168371792882681">
        <ele>200.2</ele>
      </trkpt>
      <trkpt lat="48.73264797963202" lon="6.16807222366333">
        <ele>200.26</ele>
      </trkpt>
      <trkpt lat="48.73257262632251" lon="6.167738791555166">
        <ele>200.34</ele>
      </trkpt>
      <trkpt lat="48.732497775927186" lon="6.167407035827637">
        <ele>200.45</ele>
      </trkpt>
      <trkpt lat="48.73245486058295" lon="6.167192459106445">
        <ele>200.52</ele>
      </trkpt>
      <trkpt lat="48.732368778437376" lon="6.166880568489432">
        <ele>200.61</ele>
      </trkpt>
      <trkpt lat="48.73228311538696" lon="6.16657018661499">
        <ele>200.69</ele>
      </trkpt>
      <trkpt lat="48.7321759108454" lon="6.16633415222168">
        <ele>200.8</ele>
      </trkpt>
      <trkpt lat="48.732047164812684" lon="6.166141033172607">
        <ele>200.9</ele>
      </trkpt>
      <trkpt lat="48.731918167322874" lon="6.1658400390297174">
        <ele>200.94</ele>
      </trkpt>
      <trkpt lat="48.731789672747254" lon="6.1655402183532715">
        <ele>201.0</ele>
      </trkpt>
      <trkpt lat="48.731746757403016" lon="6.165454387664795">
        <ele>201.13</ele>
      </trkpt>
      <trkpt lat="48.73163946904242" lon="6.165111064910889">
        <ele>201.33</ele>
      </trkpt>
      <trkpt lat="48.73156771995127" lon="6.164809903129935">
        <ele>201.52</ele>
      </trkpt>
      <trkpt lat="48.731496054679155" lon="6.164508741348982">
        <ele>201.75</ele>
      </trkpt>
      <trkpt lat="48.73142489232123" lon="6.164209842681885">
        <ele>201.97</ele>
      </trkpt>
      <trkpt lat="48.73139253817499" lon="6.1639301385730505">
        <ele>202.16</ele>
      </trkpt>
      <trkpt lat="48.73136051930487" lon="6.163651943206787">
        <ele>202.34</ele>
      </trkpt>
      <trkpt lat="48.73132816515863" lon="6.163318427279592">
        <ele>202.49</ele>
      </trkpt>
      <trkpt lat="48.73129606246948" lon="6.162986755371094">
        <ele>202.68</ele>
      </trkpt>
      <trkpt lat="48.731220792979" lon="6.1626640520989895">
        <ele>202.93</ele>
      </trkpt>
      <trkpt lat="48.73114594258368" lon="6.1623430252075195">
        <ele>203.17</ele>
      </trkpt>
      <trkpt lat="48.73110302723944" lon="6.162257194519043">
        <ele>203.42</ele>
      </trkpt>
      <trkpt lat="48.73096330091357" lon="6.162020741030574">
        <ele>203.67</ele>
      </trkpt>
      <trkpt lat="48.73082407750189" lon="6.161785125732422">
        <ele>203.94</ele>
      </trkpt>
      <trkpt lat="48.730641435831785" lon="6.161559568718076">
        <ele>204.27</ele>
      </trkpt>
      <trkpt lat="48.73045929707587" lon="6.16133451461792">
        <ele>204.57</ele>
      </trkpt>
      <trkpt lat="48.73037338256836" lon="6.161248683929443">
        <ele>204.83</ele>
      </trkpt>
      <trkpt lat="48.730309093371034" lon="6.161184310913086">
        <ele>205.08</ele>
      </trkpt>
      <trkpt lat="48.7301158066839" lon="6.16099102422595">
        <ele>205.39</ele>
      </trkpt>
      <trkpt lat="48.72992251999676" lon="6.1607977375388145">
        <ele>205.61</ele>
      </trkpt>
      <trkpt lat="48.72972973622382" lon="6.160604953765869">
        <ele>205.79</ele>
      </trkpt>
      <trkpt lat="48.72964390553534" lon="6.16058349609375">
        <ele>205.96</ele>
      </trkpt>
      <trkpt lat="48.729515159502625" lon="6.160626411437988">
        <ele>206.23</ele>
      </trkpt>
      <trkpt lat="48.72938641346991" lon="6.160669326782227">
        <ele>206.43</ele>
      </trkpt>
      <trkpt lat="48.72921475209296" lon="6.160690784454346">
        <ele>206.55</ele>
      </trkpt>
      <trkpt lat="48.72908592224121" lon="6.16058349609375">
        <ele>206.69</ele>
      </trkpt>
      <trkpt lat="48.729000091552734" lon="6.160433292388916">
        <ele>206.83</ele>
      </trkpt>
      <trkpt lat="48.72889255173504" lon="6.160035403445363">
        <ele>206.98</ele>
      </trkpt>
      <trkpt lat="48.72878551483154" lon="6.159639358520508">
        <ele>207.21</ele>
      </trkpt>
      <trkpt lat="48.728785598650575" lon="6.159639358520508">
        <ele>207.44</ele>
      </trkpt>
      <trkpt lat="48.72868518345058" lon="6.159288072958589">
        <ele>207.6</ele>
      </trkpt>
      <trkpt lat="48.728584852069616" lon="6.158936787396669">
        <ele>207.89</ele>
      </trkpt>
      <trkpt lat="48.72848519124091" lon="6.15858793258667">
        <ele>208.31</ele>
      </trkpt>
      <trkpt lat="48.728366838768125" lon="6.158222313970327">
        <ele>208.71</ele>
      </trkpt>
      <trkpt lat="48.728249073028564" lon="6.157858371734619">
        <ele>209.12</ele>
      </trkpt>
      <trkpt lat="48.728130804374814" lon="6.157568106427789">
        <ele>209.49</ele>
      </trkpt>
      <trkpt lat="48.728013122454286" lon="6.157279014587402">
        <ele>209.85</ele>
      </trkpt>
      <trkpt lat="48.72786979191005" lon="6.156992353498936">
        <ele>210.23</ele>
      </trkpt>
      <trkpt lat="48.72772646136582" lon="6.156705776229501">
        <ele>210.66</ele>
      </trkpt>
      <trkpt lat="48.72758388519287" lon="6.156420707702637">
        <ele>211.09</ele>
      </trkpt>
      <trkpt lat="48.727519512176514" lon="6.156249046325684">
        <ele>211.54</ele>
      </trkpt>
      <trkpt lat="48.727498054504395" lon="6.15609884262085">
        <ele>212.02</ele>
      </trkpt>
      <trkpt lat="48.727498138323426" lon="6.156055927276611">
        <ele>212.52</ele>
      </trkpt>
      <trkpt lat="48.72745522297919" lon="6.155905723571777">
        <ele>213.05</ele>
      </trkpt>
      <trkpt lat="48.72736930847168" lon="6.1559271812438965">
        <ele>213.63</ele>
      </trkpt>
      <trkpt lat="48.72732639312744" lon="6.155905723571777">
        <ele>214.22</ele>
      </trkpt>
      <trkpt lat="48.72719773091376" lon="6.155819892883301">
        <ele>214.84</ele>
      </trkpt>
      <trkpt lat="48.7269901111722" lon="6.155633814632893">
        <ele>215.48</ele>
      </trkpt>
      <trkpt lat="48.72678257524967" lon="6.155447736382484">
        <ele>216.1</ele>
      </trkpt>
      <trkpt lat="48.72657537460327" lon="6.155261993408203">
        <ele>216.77</ele>
      </trkpt>
      <trkpt lat="48.726360546424985" lon="6.155025707557797">
        <ele>217.47</ele>
      </trkpt>
      <trkpt lat="48.72614580206573" lon="6.1547895055264235">
        <ele>218.21</ele>
      </trkpt>
      <trkpt lat="48.7259316444397" lon="6.1545538902282715">
        <ele>218.99</ele>
      </trkpt>
      <trkpt lat="48.72593172825873" lon="6.1545538902282715">
        <ele>219.67</ele>
      </trkpt>
      <trkpt lat="48.725759983062744" lon="6.154360771179199">
        <ele>220.41</ele>
      </trkpt>
      <trkpt lat="48.725580945611" lon="6.1541100684553385">
        <ele>221.13</ele>
      </trkpt>
      <trkpt lat="48.72540199197829" lon="6.1538594495505095">
        <ele>221.78</ele>
      </trkpt>
      <trkpt lat="48.7252236250788" lon="6.153609752655029">
        <ele>222.43</ele>
      </trkpt>
      <trkpt lat="48.725051963701844" lon="6.1533522605896">
        <ele>223.09</ele>
      </trkpt>
      <trkpt lat="48.72494467534125" lon="6.153202056884766">
        <ele>223.76</ele>
      </trkpt>
      <trkpt lat="48.72473009862006" lon="6.1528801918029785">
        <ele>224.36</ele>
      </trkpt>
      <trkpt lat="48.724515521898866" lon="6.152558326721191">
        <ele>224.92</ele>
      </trkpt>
      <trkpt lat="48.724300945177674" lon="6.152236461639404">
        <ele>225.65</ele>
      </trkpt>
      <trkpt lat="48.724134312942624" lon="6.151962457224727">
        <ele>226.36</ele>
      </trkpt>
      <trkpt lat="48.723967764526606" lon="6.151688452810049">
        <ele>227.05</ele>
      </trkpt>
      <trkpt lat="48.72380121611059" lon="6.151414532214403">
        <ele>227.73</ele>
      </trkpt>
      <trkpt lat="48.72363567352295" lon="6.151142120361328">
        <ele>228.39</ele>
      </trkpt>
      <trkpt lat="48.72363575734198" lon="6.151142120361328">
        <ele>228.91</ele>
      </trkpt>
      <trkpt lat="48.72354984283447" lon="6.150991916656494">
        <ele>229.42</ele>
      </trkpt>
      <trkpt lat="48.72339963912964" lon="6.150712966918945">
        <ele>229.87</ele>
      </trkpt>
      <trkpt lat="48.72339972294867" lon="6.150712966918945">
        <ele>230.28</ele>
      </trkpt>
      <trkpt lat="48.72329218313098" lon="6.150487242266536">
        <ele>230.65</ele>
      </trkpt>
      <trkpt lat="48.72318514622748" lon="6.150262355804443">
        <ele>230.98</ele>
      </trkpt>
      <trkpt lat="48.72300242073834" lon="6.149929175153375">
        <ele>231.27</ele>
      </trkpt>
      <trkpt lat="48.72282028198242" lon="6.14959716796875">
        <ele>231.56</ele>
      </trkpt>
      <trkpt lat="48.72264862060547" lon="6.1493611335754395">
        <ele>231.76</ele>
      </trkpt>
      <trkpt lat="48.72248760424554" lon="6.1492000333964825">
        <ele>231.93</ele>
      </trkpt>
      <trkpt lat="48.72232683934271" lon="6.149039268493652">
        <ele>232.06</ele>
      </trkpt>
      <trkpt lat="48.72218728065491" lon="6.148910438641906">
        <ele>232.15</ele>
      </trkpt>
      <trkpt lat="48.722047889605165" lon="6.148781776428223">
        <ele>232.2</ele>
      </trkpt>
      <trkpt lat="48.722047889605165" lon="6.1487603187561035">
        <ele>232.18</ele>
      </trkpt>
      <trkpt lat="48.721811855211854" lon="6.148524284362793">
        <ele>232.13</ele>
      </trkpt>
      <trkpt lat="48.72170448303223" lon="6.148438453674316">
        <ele>232.03</ele>
      </trkpt>
      <trkpt lat="48.721511447802186" lon="6.148245334625244">
        <ele>231.86</ele>
      </trkpt>
      <trkpt lat="48.72146853245795" lon="6.148202419281006">
        <ele>231.67</ele>
      </trkpt>
      <trkpt lat="48.72142553329468" lon="6.148159503936768">
        <ele>231.44</ele>
      </trkpt>
      <trkpt lat="48.7212966196239" lon="6.14801986142993">
        <ele>231.15</ele>
      </trkpt>
      <trkpt lat="48.72116804122925" lon="6.147880554199219">
        <ele>230.85</ele>
      </trkpt>
      <trkpt lat="48.720996379852295" lon="6.147623062133789">
        <ele>230.52</ele>
      </trkpt>
      <trkpt lat="48.72099646367133" lon="6.147623062133789">
        <ele>230.2</ele>
      </trkpt>
      <trkpt lat="48.720878195017576" lon="6.1473973374813795">
        <ele>229.92</ele>
      </trkpt>
      <trkpt lat="48.720760345458984" lon="6.147172451019287">
        <ele>229.69</ele>
      </trkpt>
      <trkpt lat="48.72065280564129" lon="6.146882101893425">
        <ele>229.36</ele>
      </trkpt>
      <trkpt lat="48.72054576873779" lon="6.14659309387207">
        <ele>228.85</ele>
      </trkpt>
      <trkpt lat="48.72042532078922" lon="6.146197384223342">
        <ele>228.31</ele>
      </trkpt>
      <trkpt lat="48.72030487284064" lon="6.145801674574614">
        <ele>227.84</ele>
      </trkpt>
      <trkpt lat="48.72018442489207" lon="6.145405964925885">
        <ele>227.54</ele>
      </trkpt>
      <trkpt lat="48.72006397694349" lon="6.145010255277157">
        <ele>227.25</ele>
      </trkpt>
      <trkpt lat="48.71994495391846" lon="6.144618988037109">
        <ele>226.87</ele>
      </trkpt>
      <trkpt lat="48.719831965863705" lon="6.144188744947314">
        <ele>226.52</ele>
      </trkpt>
      <trkpt lat="48.719719061627984" lon="6.143758585676551">
        <ele>226.25</ele>
      </trkpt>
      <trkpt lat="48.71960615739226" lon="6.143328510224819">
        <ele>225.96</ele>
      </trkpt>
      <trkpt lat="48.719494342803955" lon="6.142902374267578">
        <ele>225.68</ele>
      </trkpt>
      <trkpt lat="48.71942259371281" lon="6.142572546377778">
        <ele>225.39</ele>
      </trkpt>
      <trkpt lat="48.71935092844069" lon="6.142242718487978">
        <ele>225.2</ele>
      </trkpt>
      <trkpt lat="48.719279766082764" lon="6.141915321350098">
        <ele>224.97</ele>
      </trkpt>
      <trkpt lat="48.7192259542644" lon="6.141581805422902">
        <ele>224.76</ele>
      </trkpt>
      <trkpt lat="48.71917247772217" lon="6.141250133514404">
        <ele>224.56</ele>
      </trkpt>
      <trkpt lat="48.71914372779429" lon="6.140934554859996">
        <ele>224.44</ele>
      </trkpt>
      <trkpt lat="48.71911506168544" lon="6.140618976205587">
        <ele>224.34</ele>
      </trkpt>
      <trkpt lat="48.71908664703369" lon="6.140305995941162">
        <ele>224.28</ele>
      </trkpt>
      <trkpt lat="48.71908664703369" lon="6.139972480013967">
        <ele>224.23</ele>
      </trkpt>
      <trkpt lat="48.71908664703369" lon="6.139640808105469">
        <ele>224.23</ele>
      </trkpt>
      <trkpt lat="48.719100980088115" lon="6.139196064323187">
        <ele>224.32</ele>
      </trkpt>
      <trkpt lat="48.71911531314254" lon="6.138751404359937">
        <ele>224.42</ele>
      </trkpt>
      <trkpt lat="48.71912956237793" lon="6.138310432434082">
        <ele>224.47</ele>
      </trkpt>
      <trkpt lat="48.71912956237793" lon="6.137874657288194">
        <ele>224.65</ele>
      </trkpt>
      <trkpt lat="48.71912956237793" lon="6.137438965961337">
        <ele>224.83</ele>
      </trkpt>
      <trkpt lat="48.71912956237793" lon="6.1370032746344805">
        <ele>224.96</ele>
      </trkpt>
      <trkpt lat="48.71912956237793" lon="6.136572360992432">
        <ele>225.0</ele>
      </trkpt>
      <trkpt lat="48.71915102005005" lon="6.136111272498965">
        <ele>225.13</ele>
      </trkpt>
      <trkpt lat="48.7191725615412" lon="6.135650184005499">
        <ele>225.49</ele>
      </trkpt>
      <trkpt lat="48.71919410303235" lon="6.135189179331064">
        <ele>225.8</ele>
      </trkpt>
      <trkpt lat="48.7192156445235" lon="6.134728090837598">
        <ele>226.12</ele>
      </trkpt>
      <trkpt lat="48.71923710219562" lon="6.1342670023441315">
        <ele>226.47</ele>
      </trkpt>
      <trkpt lat="48.71925864368677" lon="6.133805997669697">
        <ele>226.78</ele>
      </trkpt>
      <trkpt lat="48.719279766082764" lon="6.1333537101745605">
        <ele>227.13</ele>
      </trkpt>
      <trkpt lat="48.719279849901795" lon="6.1333537101745605">
        <ele>227.5</ele>
      </trkpt>
      <trkpt lat="48.719236766919494" lon="6.132966382429004">
        <ele>227.96</ele>
      </trkpt>
      <trkpt lat="48.71919393539429" lon="6.1325812339782715">
        <ele>228.37</ele>
      </trkpt>
      <trkpt lat="48.719129394739866" lon="6.132344612851739">
        <ele>228.84</ele>
      </trkpt>
      <trkpt lat="48.71906518936157" lon="6.13210916519165">
        <ele>229.28</ele>
      </trkpt>
      <trkpt lat="48.71893619187176" lon="6.131844045594335">
        <ele>229.82</ele>
      </trkpt>
      <trkpt lat="48.71880719438195" lon="6.131578925997019">
        <ele>230.35</ele>
      </trkpt>
      <trkpt lat="48.71867895126343" lon="6.131315231323242">
        <ele>230.82</ele>
      </trkpt>
      <trkpt lat="48.71865749359131" lon="6.1312079429626465">
        <ele>231.33</ele>
      </trkpt>
      <trkpt lat="48.71867895126343" lon="6.130928993225098">
        <ele>231.77</ele>
      </trkpt>
      <trkpt lat="48.71880769729614" lon="6.130671501159668">
        <ele>232.24</ele>
      </trkpt>
      <trkpt lat="48.71882915496826" lon="6.13062858581543">
        <ele>232.82</ele>
      </trkpt>
      <trkpt lat="48.71895798482001" lon="6.130414009094238">
        <ele>233.46</ele>
      </trkpt>
      <trkpt lat="48.71895790100098" lon="6.130177974700928">
        <ele>234.2</ele>
      </trkpt>
      <trkpt lat="48.718839632347226" lon="6.129898438230157">
        <ele>234.94</ele>
      </trkpt>
      <trkpt lat="48.7187219504267" lon="6.12962007522583">
        <ele>235.61</ele>
      </trkpt>
      <trkpt lat="48.718571746721864" lon="6.129319667816162">
        <ele>236.26</ele>
      </trkpt>
      <trkpt lat="48.718389021232724" lon="6.128975758329034">
        <ele>236.98</ele>
      </trkpt>
      <trkpt lat="48.71820688247681" lon="6.12863302230835">
        <ele>237.72</ele>
      </trkpt>
      <trkpt lat="48.718083249405026" lon="6.128310486674309">
        <ele>238.44</ele>
      </trkpt>
      <trkpt lat="48.717959616333246" lon="6.127987951040268">
        <ele>239.12</ele>
      </trkpt>
      <trkpt lat="48.717835983261466" lon="6.127665415406227">
        <ele>239.74</ele>
      </trkpt>
      <trkpt lat="48.717713356018066" lon="6.127345561981201">
        <ele>240.39</ele>
      </trkpt>
      <trkpt lat="48.7177134398371" lon="6.127345561981201">
        <ele>240.96</ele>
      </trkpt>
      <trkpt lat="48.71756290085614" lon="6.126969298347831">
        <ele>241.61</ele>
      </trkpt>
      <trkpt lat="48.7174129486084" lon="6.126594543457031">
        <ele>242.17</ele>
      </trkpt>
      <trkpt lat="48.71727322228253" lon="6.126315090805292">
        <ele>242.54</ele>
      </trkpt>
      <trkpt lat="48.71713408268988" lon="6.126036643981934">
        <ele>242.97</ele>
      </trkpt>
      <trkpt lat="48.7169692106545" lon="6.1257141921669245">
        <ele>243.42</ele>
      </trkpt>
      <trkpt lat="48.716804422438145" lon="6.125391824170947">
        <ele>243.83</ele>
      </trkpt>
      <trkpt lat="48.71664047241211" lon="6.125071048736572">
        <ele>244.16</ele>
      </trkpt>
      <trkpt lat="48.71653293259442" lon="6.124813053756952">
        <ele>244.46</ele>
      </trkpt>
      <trkpt lat="48.71642589569092" lon="6.124556064605713">
        <ele>244.66</ele>
      </trkpt>
      <trkpt lat="48.716304022818804" lon="6.124186841771007">
        <ele>244.84</ele>
      </trkpt>
      <trkpt lat="48.71618214994669" lon="6.123817702755332">
        <ele>244.97</ele>
      </trkpt>
      <trkpt lat="48.716060277074575" lon="6.123448563739657">
        <ele>244.92</ele>
      </trkpt>
      <trkpt lat="48.71593840420246" lon="6.123079424723983">
        <ele>244.87</ele>
      </trkpt>
      <trkpt lat="48.71581661514938" lon="6.122710285708308">
        <ele>244.83</ele>
      </trkpt>
      <trkpt lat="48.71569633483887" lon="6.122345924377441">
        <ele>244.68</ele>
      </trkpt>
      <trkpt lat="48.71560597792268" lon="6.121950130909681">
        <ele>244.54</ele>
      </trkpt>
      <trkpt lat="48.71551562100649" lon="6.121554337441921">
        <ele>244.29</ele>
      </trkpt>
      <trkpt lat="48.71542534790933" lon="6.121158543974161">
        <ele>244.09</ele>
      </trkpt>
      <trkpt lat="48.71533499099314" lon="6.120762750506401">
        <ele>243.92</ele>
      </trkpt>
      <trkpt lat="48.7152458075434" lon="6.1203718185424805">
        <ele>243.63</ele>
      </trkpt>
      <trkpt lat="48.71518143452704" lon="6.120092868804932">
        <ele>243.29</ele>
      </trkpt>
      <trkpt lat="48.71515980921686" lon="6.119856163859367">
        <ele>243.01</ele>
      </trkpt>
      <trkpt lat="48.71513843536377" lon="6.1196208000183105">
        <ele>242.75</ele>
      </trkpt>
      <trkpt lat="48.715224266052246" lon="6.119191646575928">
        <ele>242.53</ele>
      </trkpt>
      <trkpt lat="48.715245723724365" lon="6.11889123916626">
        <ele>242.2</ele>
      </trkpt>
      <trkpt lat="48.715245723724365" lon="6.118590831756592">
        <ele>241.82</ele>
      </trkpt>
      <trkpt lat="48.71522434987128" lon="6.1183977127075195">
        <ele>241.5</ele>
      </trkpt>
      <trkpt lat="48.71505260467529" lon="6.11814022064209">
        <ele>241.12</ele>
      </trkpt>
      <trkpt lat="48.71487021446228" lon="6.118054306134582">
        <ele>240.83</ele>
      </trkpt>
      <trkpt lat="48.7146879080683" lon="6.117968559265137">
        <ele>240.56</ele>
      </trkpt>
      <trkpt lat="48.714483976364136" lon="6.117882644757628">
        <ele>240.35</ele>
      </trkpt>
      <trkpt lat="48.714280212298036" lon="6.117796897888184">
        <ele>240.23</ele>
      </trkpt>
      <trkpt lat="48.7140869256109" lon="6.117668068036437">
        <ele>240.18</ele>
      </trkpt>
      <trkpt lat="48.71389389038086" lon="6.117539405822754">
        <ele>240.13</ele>
      </trkpt>
      <trkpt lat="48.713732874020934" lon="6.1173890344798565">
        <ele>240.07</ele>
      </trkpt>
      <trkpt lat="48.713572109118104" lon="6.117238998413086">
        <ele>240.05</ele>
      </trkpt>
      <trkpt lat="48.71334663592279" lon="6.117034982889891">
        <ele>240.06</ele>
      </trkpt>
      <trkpt lat="48.713121162727475" lon="6.116831051185727">
        <ele>240.1</ele>
      </trkpt>
      <trkpt lat="48.71289568953216" lon="6.116627035662532">
        <ele>240.24</ele>
      </trkpt>
      <trkpt lat="48.71267080307007" lon="6.116423606872559">
        <ele>240.45</ele>
      </trkpt>
      <trkpt lat="48.712434684857726" lon="6.11628195270896">
        <ele>240.63</ele>
      </trkpt>
      <trkpt lat="48.712198566645384" lon="6.116140298545361">
        <ele>240.86</ele>
      </trkpt>
      <trkpt lat="48.71196253225207" lon="6.1159986443817616">
        <ele>241.13</ele>
      </trkpt>
      <trkpt lat="48.71172641403973" lon="6.1158569902181625">
        <ele>241.48</ele>
      </trkpt>
      <trkpt lat="48.711490631103516" lon="6.115715503692627">
        <ele>241.77</ele>
      </trkpt>
      <trkpt lat="48.71149071492255" lon="6.115715503692627">
        <ele>242.04</ele>
      </trkpt>
      <trkpt lat="48.7113082408905" lon="6.115629589185119">
        <ele>242.29</ele>
      </trkpt>
      <trkpt lat="48.71112585067749" lon="6.115543842315674">
        <ele>242.56</ele>
      </trkpt>
      <trkpt lat="48.710882691666484" lon="6.115486593917012">
        <ele>242.81</ele>
      </trkpt>
      <trkpt lat="48.71063953265548" lon="6.115429345518351">
        <ele>243.12</ele>
      </trkpt>
      <trkpt lat="48.71039628982544" lon="6.115372180938721">
        <ele>243.47</ele>
      </trkpt>
      <trkpt lat="48.710246002301574" lon="6.115286266431212">
        <ele>243.83</ele>
      </trkpt>
      <trkpt lat="48.71009588241577" lon="6.115200519561768">
        <ele>244.17</ele>
      </trkpt>
      <trkpt lat="48.70988130569458" lon="6.115071773529053">
        <ele>244.5</ele>
      </trkpt>
      <trkpt lat="48.70970964431763" lon="6.1149001121521">
        <ele>244.85</ele>
      </trkpt>
      <trkpt lat="48.70953781530261" lon="6.114706825464964">
        <ele>245.25</ele>
      </trkpt>
      <trkpt lat="48.70936640538275" lon="6.114513874053955">
        <ele>245.69</ele>
      </trkpt>
      <trkpt lat="48.70919466018677" lon="6.114192008972168">
        <ele>246.21</ele>
      </trkpt>
      <trkpt lat="48.70904412120581" lon="6.113883890211582">
        <ele>246.6</ele>
      </trkpt>
      <trkpt lat="48.70889366604388" lon="6.113575771450996">
        <ele>246.89</ele>
      </trkpt>
      <trkpt lat="48.708744049072266" lon="6.113269329071045">
        <ele>247.13</ele>
      </trkpt>
      <trkpt lat="48.708609687164426" lon="6.112941429018974">
        <ele>247.42</ele>
      </trkpt>
      <trkpt lat="48.708475325256586" lon="6.112613528966904">
        <ele>247.7</ele>
      </trkpt>
      <trkpt lat="48.708340963348746" lon="6.112285712733865">
        <ele>248.0</ele>
      </trkpt>
      <trkpt lat="48.70820769108832" lon="6.111960411071777">
        <ele>248.33</ele>
      </trkpt>
      <trkpt lat="48.70796084403992" lon="6.11185303889215">
        <ele>248.63</ele>
      </trkpt>
      <trkpt lat="48.70771408081055" lon="6.111745750531554">
        <ele>248.96</ele>
      </trkpt>
      <trkpt lat="48.70746731758118" lon="6.1116384621709585">
        <ele>249.24</ele>
      </trkpt>
      <trkpt lat="48.70722055435181" lon="6.1115312576293945">
        <ele>249.47</ele>
      </trkpt>
      <trkpt lat="48.70701662264764" lon="6.111402427777648">
        <ele>249.73</ele>
      </trkpt>
      <trkpt lat="48.70681285858154" lon="6.111273765563965">
        <ele>249.95</ele>
      </trkpt>
      <trkpt lat="48.70657682418823" lon="6.111080646514893">
        <ele>250.13</ele>
      </trkpt>
      <trkpt lat="48.706379095092416" lon="6.1107755452394485">
        <ele>250.35</ele>
      </trkpt>
      <trkpt lat="48.70618144981563" lon="6.1104704439640045">
        <ele>250.61</ele>
      </trkpt>
      <trkpt lat="48.705983804538846" lon="6.1101653426885605">
        <ele>250.85</ele>
      </trkpt>
      <trkpt lat="48.70578615926206" lon="6.1098602414131165">
        <ele>250.96</ele>
      </trkpt>
      <trkpt lat="48.70558977127075" lon="6.109557151794434">
        <ele>251.04</ele>
      </trkpt>
      <trkpt lat="48.70539212599397" lon="6.109307957813144">
        <ele>251.17</ele>
      </trkpt>
      <trkpt lat="48.705194564536214" lon="6.109058763831854">
        <ele>251.14</ele>
      </trkpt>
      <trkpt lat="48.70499691925943" lon="6.108809653669596">
        <ele>251.06</ele>
      </trkpt>
      <trkpt lat="48.704799357801676" lon="6.108560459688306">
        <ele>251.05</ele>
      </trkpt>
      <trkpt lat="48.7046028021723" lon="6.108312606811523">
        <ele>251.03</ele>
      </trkpt>
      <trkpt lat="48.704373724758625" lon="6.108104987069964">
        <ele>251.01</ele>
      </trkpt>
      <trkpt lat="48.70414464734495" lon="6.107897451147437">
        <ele>251.06</ele>
      </trkpt>
      <trkpt lat="48.70391607284546" lon="6.107690334320068">
        <ele>251.18</ele>
      </trkpt>
      <trkpt lat="48.70369420386851" lon="6.107468381524086">
        <ele>251.34</ele>
      </trkpt>
      <trkpt lat="48.70347233489156" lon="6.107246512547135">
        <ele>251.47</ele>
      </trkpt>
      <trkpt lat="48.7032509688288" lon="6.107025146484375">
        <ele>251.59</ele>
      </trkpt>
      <trkpt lat="48.70308978483081" lon="6.106799505650997">
        <ele>251.72</ele>
      </trkpt>
      <trkpt lat="48.70292901992798" lon="6.106574535369873">
        <ele>251.85</ele>
      </trkpt>
      <trkpt lat="48.70273556560278" lon="6.106209168210626">
        <ele>252.09</ele>
      </trkpt>
      <trkpt lat="48.702542781829834" lon="6.105844974517822">
        <ele>252.31</ele>
      </trkpt>
      <trkpt lat="48.702408419921994" lon="6.1055386159569025">
        <ele>252.48</ele>
      </trkpt>
      <trkpt lat="48.702274058014154" lon="6.105232257395983">
        <ele>252.67</ele>
      </trkpt>
      <trkpt lat="48.702139696106315" lon="6.104925898835063">
        <ele>252.93</ele>
      </trkpt>
      <trkpt lat="48.702006340026855" lon="6.104621887207031">
        <ele>253.17</ele>
      </trkpt>
      <trkpt lat="48.701866613700986" lon="6.104396246373653">
        <ele>253.51</ele>
      </trkpt>
      <trkpt lat="48.70172739028931" lon="6.104171276092529">
        <ele>253.81</ele>
      </trkpt>
      <trkpt lat="48.70159864425659" lon="6.1040425300598145">
        <ele>254.09</ele>
      </trkpt>
      <trkpt lat="48.70159872807562" lon="6.1040425300598145">
        <ele>254.36</ele>
      </trkpt>
      <trkpt lat="48.70149143971503" lon="6.104021072387695">
        <ele>254.65</ele>
      </trkpt>
      <trkpt lat="48.70142706669867" lon="6.104021072387695">
        <ele>254.95</ele>
      </trkpt>
      <trkpt lat="48.70113093405962" lon="6.10402962192893">
        <ele>255.31</ele>
      </trkpt>
      <trkpt lat="48.7008348852396" lon="6.104038171470165">
        <ele>255.67</ele>
      </trkpt>
      <trkpt lat="48.70053883641958" lon="6.104046804830432">
        <ele>255.99</ele>
      </trkpt>
      <trkpt lat="48.70024270378053" lon="6.104055354371667">
        <ele>256.29</ele>
      </trkpt>
      <trkpt lat="48.69994640350342" lon="6.104063987731934">
        <ele>256.66</ele>
      </trkpt>
      <trkpt lat="48.699764013290405" lon="6.1040746327489614">
        <ele>257.11</ele>
      </trkpt>
      <trkpt lat="48.699581706896424" lon="6.104085445404053">
        <ele>257.61</ele>
      </trkpt>
      <trkpt lat="48.69930988177657" lon="6.104078236967325">
        <ele>258.12</ele>
      </trkpt>
      <trkpt lat="48.69903814047575" lon="6.104071112349629">
        <ele>258.61</ele>
      </trkpt>
      <trkpt lat="48.698766231536865" lon="6.104063987731934">
        <ele>258.98</ele>
      </trkpt>
      <trkpt lat="48.69855157099664" lon="6.103967344388366">
        <ele>259.45</ele>
      </trkpt>
      <trkpt lat="48.69833707809448" lon="6.103870868682861">
        <ele>260.01</ele>
      </trkpt>
      <trkpt lat="48.69833707809448" lon="6.103720664978027">
        <ele>260.67</ele>
      </trkpt>
      <trkpt lat="48.69824655354023" lon="6.103518158197403">
        <ele>261.4</ele>
      </trkpt>
      <trkpt lat="48.698156448081136" lon="6.103316405788064">
        <ele>262.06</ele>
      </trkpt>
      <trkpt lat="48.69824688881636" lon="6.103518828749657">
        <ele>262.79</ele>
      </trkpt>
      <trkpt lat="48.69833707809448" lon="6.103720664978027">
        <ele>260.67</ele>
      </trkpt>
      <trkpt lat="48.698337161913514" lon="6.103870868682861">
        <ele>264.18</ele>
      </trkpt>
      <trkpt lat="48.69814395904541" lon="6.103763580322266">
        <ele>265.08</ele>
      </trkpt>
      <trkpt lat="48.697993755340576" lon="6.103570461273193">
        <ele>266.07</ele>
      </trkpt>
      <trkpt lat="48.69784866459668" lon="6.103274915367365">
        <ele>267.08</ele>
      </trkpt>
      <trkpt lat="48.69770357385278" lon="6.102979369461536">
        <ele>268.13</ele>
      </trkpt>
      <trkpt lat="48.69755848310888" lon="6.102683823555708">
        <ele>269.18</ele>
      </trkpt>
      <trkpt lat="48.69741439819336" lon="6.102390289306641">
        <ele>270.28</ele>
      </trkpt>
      <trkpt lat="48.69728540070355" lon="6.102089295163751">
        <ele>271.36</ele>
      </trkpt>
      <trkpt lat="48.69715640321374" lon="6.101788301020861">
        <ele>272.66</ele>
      </trkpt>
      <trkpt lat="48.697028160095215" lon="6.101489067077637">
        <ele>273.99</ele>
      </trkpt>
      <trkpt lat="48.697001254186034" lon="6.101080197840929">
        <ele>275.18</ele>
      </trkpt>
      <trkpt lat="48.696974348276854" lon="6.100671412423253">
        <ele>276.43</ele>
      </trkpt>
      <trkpt lat="48.69694744236767" lon="6.100262627005577">
        <ele>277.59</ele>
      </trkpt>
      <trkpt lat="48.69692087173462" lon="6.099858283996582">
        <ele>278.83</ele>
      </trkpt>
      <trkpt lat="48.69686705991626" lon="6.099557038396597">
        <ele>280.07</ele>
      </trkpt>
      <trkpt lat="48.69681358337402" lon="6.099257469177246">
        <ele>281.29</ele>
      </trkpt>
      <trkpt lat="48.69672750122845" lon="6.098891766741872">
        <ele>282.53</ele>
      </trkpt>
      <trkpt lat="48.69664192199707" lon="6.098527908325195">
        <ele>283.7</ele>
      </trkpt>
      <trkpt lat="48.69649180211127" lon="6.098356246948242">
        <ele>284.93</ele>
      </trkpt>
      <trkpt lat="48.6963415145874" lon="6.0983991622924805">
        <ele>286.15</ele>
      </trkpt>
      <trkpt lat="48.69632005691528" lon="6.098527908325195">
        <ele>287.32</ele>
      </trkpt>
      <trkpt lat="48.6963415145874" lon="6.098818341270089">
        <ele>288.47</ele>
      </trkpt>
      <trkpt lat="48.69636297225952" lon="6.099107265472412">
        <ele>289.56</ele>
      </trkpt>
      <trkpt lat="48.69634143076837" lon="6.099528959020972">
        <ele>290.58</ele>
      </trkpt>
      <trkpt lat="48.69631988927722" lon="6.099950652569532">
        <ele>291.58</ele>
      </trkpt>
      <trkpt lat="48.6962984316051" lon="6.1003723461180925">
        <ele>292.59</ele>
      </trkpt>
      <trkpt lat="48.69627689011395" lon="6.100794039666653">
        <ele>293.57</ele>
      </trkpt>
      <trkpt lat="48.696255683898926" lon="6.101210117340088">
        <ele>294.49</ele>
      </trkpt>
      <trkpt lat="48.69626280851662" lon="6.101532820612192">
        <ele>295.32</ele>
      </trkpt>
      <trkpt lat="48.69627001695335" lon="6.101855523884296">
        <ele>296.08</ele>
      </trkpt>
      <trkpt lat="48.696277141571045" lon="6.102175712585449">
        <ele>296.75</ele>
      </trkpt>
      <trkpt lat="48.696277141571045" lon="6.102487687021494">
        <ele>297.39</ele>
      </trkpt>
      <trkpt lat="48.696277141571045" lon="6.102797985076904">
        <ele>297.97</ele>
      </trkpt>
      <trkpt lat="48.6962447874248" lon="6.103045335039496">
        <ele>298.45</ele>
      </trkpt>
      <trkpt lat="48.69621276855469" lon="6.1032915115356445">
        <ele>298.89</ele>
      </trkpt>
      <trkpt lat="48.69610556401312" lon="6.103549003601074">
        <ele>299.3</ele>
      </trkpt>
      <trkpt lat="48.695998191833496" lon="6.10365629196167">
        <ele>299.7</ele>
      </trkpt>
      <trkpt lat="48.69591236114502" lon="6.103763580322266">
        <ele>300.04</ele>
      </trkpt>
      <trkpt lat="48.69591244496405" lon="6.103763580322266">
        <ele>300.33</ele>
      </trkpt>
      <trkpt lat="48.695762073621154" lon="6.103903139010072">
        <ele>300.68</ele>
      </trkpt>
      <trkpt lat="48.69561195373535" lon="6.1040425300598145">
        <ele>301.01</ele>
      </trkpt>
      <trkpt lat="48.69548329152167" lon="6.104085445404053">
        <ele>301.24</ele>
      </trkpt>
      <trkpt lat="48.69537591934204" lon="6.104085445404053">
        <ele>301.44</ele>
      </trkpt>
      <trkpt lat="48.69526871480048" lon="6.103870868682861">
        <ele>301.61</ele>
      </trkpt>
      <trkpt lat="48.695268630981445" lon="6.103806495666504">
        <ele>301.73</ele>
      </trkpt>
      <trkpt lat="48.69520425796509" lon="6.10365629196167">
        <ele>301.84</ele>
      </trkpt>
      <trkpt lat="48.69513988494873" lon="6.103634834289551">
        <ele>301.95</ele>
      </trkpt>
      <trkpt lat="48.69503268040717" lon="6.103634834289551">
        <ele>302.06</ele>
      </trkpt>
      <trkpt lat="48.69494684971869" lon="6.103785037994385">
        <ele>302.14</ele>
      </trkpt>
      <trkpt lat="48.69494676589966" lon="6.103956699371338">
        <ele>302.21</ele>
      </trkpt>
      <trkpt lat="48.69487149640918" lon="6.1041824240237474">
        <ele>302.27</ele>
      </trkpt>
      <trkpt lat="48.694796562194824" lon="6.10440731048584">
        <ele>302.35</ele>
      </trkpt>
      <trkpt lat="48.69474275037646" lon="6.1046653892844915">
        <ele>302.51</ele>
      </trkpt>
      <trkpt lat="48.69468927383423" lon="6.104922294616699">
        <ele>302.66</ele>
      </trkpt>
      <trkpt lat="48.69468927383423" lon="6.105191186070442">
        <ele>302.88</ele>
      </trkpt>
      <trkpt lat="48.69468927383423" lon="6.105458736419678">
        <ele>303.18</ele>
      </trkpt>
      <trkpt lat="48.69471073150635" lon="6.105928458273411">
        <ele>303.54</ele>
      </trkpt>
      <trkpt lat="48.6947322729975" lon="6.106398263946176">
        <ele>303.88</ele>
      </trkpt>
      <trkpt lat="48.69475381448865" lon="6.106867985799909">
        <ele>304.44</ele>
      </trkpt>
      <trkpt lat="48.6947753559798" lon="6.107337791472673">
        <ele>305.14</ele>
      </trkpt>
      <trkpt lat="48.69479681365192" lon="6.1078075133264065">
        <ele>305.85</ele>
      </trkpt>
      <trkpt lat="48.69481801986694" lon="6.108269691467285">
        <ele>306.61</ele>
      </trkpt>
      <trkpt lat="48.69484668597579" lon="6.108613852411509">
        <ele>307.34</ele>
      </trkpt>
      <trkpt lat="48.69487535208464" lon="6.108958180993795">
        <ele>308.15</ele>
      </trkpt>
      <trkpt lat="48.69490385055542" lon="6.109299659729004">
        <ele>308.95</ele>
      </trkpt>
      <trkpt lat="48.69496830739081" lon="6.109719090163708">
        <ele>309.8</ele>
      </trkpt>
      <trkpt lat="48.695032596588135" lon="6.11013650894165">
        <ele>310.76</ele>
      </trkpt>
      <trkpt lat="48.695097053423524" lon="6.110495002940297">
        <ele>311.68</ele>
      </trkpt>
      <trkpt lat="48.695161594077945" lon="6.110853496938944">
        <ele>312.64</ele>
      </trkpt>
      <trkpt lat="48.69522571563721" lon="6.111209392547607">
        <ele>313.6</ele>
      </trkpt>
      <trkpt lat="48.695327807217836" lon="6.111596468836069">
        <ele>314.52</ele>
      </trkpt>
      <trkpt lat="48.6954299826175" lon="6.1119836289435625">
        <ele>315.5</ele>
      </trkpt>
      <trkpt lat="48.69553215801716" lon="6.112370789051056">
        <ele>316.54</ele>
      </trkpt>
      <trkpt lat="48.69563341140747" lon="6.1127543449401855">
        <ele>317.71</ele>
      </trkpt>
      <trkpt lat="48.69576953351498" lon="6.113146115094423">
        <ele>318.9</ele>
      </trkpt>
      <trkpt lat="48.695905739441514" lon="6.113537969067693">
        <ele>320.06</ele>
      </trkpt>
      <trkpt lat="48.69604194536805" lon="6.1139297392219305">
        <ele>321.19</ele>
      </trkpt>
      <trkpt lat="48.69617815129459" lon="6.1143215931952">
        <ele>322.34</ele>
      </trkpt>
      <trkpt lat="48.696314273402095" lon="6.114713363349438">
        <ele>323.55</ele>
      </trkpt>
      <trkpt lat="48.69645047932863" lon="6.115105217322707">
        <ele>324.78</ele>
      </trkpt>
      <trkpt lat="48.69658668525517" lon="6.115496987476945">
        <ele>326.1</ele>
      </trkpt>
      <trkpt lat="48.69672289118171" lon="6.115888841450214">
        <ele>327.39</ele>
      </trkpt>
      <trkpt lat="48.69685649871826" lon="6.116273403167725">
        <ele>328.69</ele>
      </trkpt>
      <trkpt lat="48.69699404574931" lon="6.116600129753351">
        <ele>329.95</ele>
      </trkpt>
      <trkpt lat="48.69713167659938" lon="6.116926856338978">
        <ele>331.23</ele>
      </trkpt>
      <trkpt lat="48.69726922363043" lon="6.117253666743636">
        <ele>332.46</ele>
      </trkpt>
      <trkpt lat="48.697406854480505" lon="6.117580393329263">
        <ele>333.64</ele>
      </trkpt>
      <trkpt lat="48.697543144226074" lon="6.117904186248779">
        <ele>334.84</ele>
      </trkpt>
      <trkpt lat="48.69769787415862" lon="6.1182136461138725">
        <ele>336.07</ele>
      </trkpt>
      <trkpt lat="48.69785260409117" lon="6.118523105978966">
        <ele>337.24</ele>
      </trkpt>
      <trkpt lat="48.698007334023714" lon="6.118832649663091">
        <ele>338.43</ele>
      </trkpt>
      <trkpt lat="48.69816214777529" lon="6.119142109528184">
        <ele>339.59</ele>
      </trkpt>
      <trkpt lat="48.69831562042236" lon="6.119449138641357">
        <ele>340.72</ele>
      </trkpt>
      <trkpt lat="48.698517540469766" lon="6.119792880490422">
        <ele>341.83</ele>
      </trkpt>
      <trkpt lat="48.6987195443362" lon="6.120136706158519">
        <ele>342.87</ele>
      </trkpt>
      <trkpt lat="48.698921548202634" lon="6.120480531826615">
        <ele>343.88</ele>
      </trkpt>
      <trkpt lat="48.69912355206907" lon="6.120824357494712">
        <ele>344.81</ele>
      </trkpt>
      <trkpt lat="48.69932413101196" lon="6.121165752410889">
        <ele>345.77</ele>
      </trkpt>
      <trkpt lat="48.69949604384601" lon="6.121498849242926">
        <ele>346.76</ele>
      </trkpt>
      <trkpt lat="48.69966745376587" lon="6.121830940246582">
        <ele>347.62</ele>
      </trkpt>
      <trkpt lat="48.699835762381554" lon="6.122164037078619">
        <ele>348.43</ele>
      </trkpt>
      <trkpt lat="48.70000415481627" lon="6.122497133910656">
        <ele>349.19</ele>
      </trkpt>
      <trkpt lat="48.700172463431954" lon="6.122830314561725">
        <ele>350.0</ele>
      </trkpt>
      <trkpt lat="48.70034085586667" lon="6.123163411393762">
        <ele>350.83</ele>
      </trkpt>
      <trkpt lat="48.70050924830139" lon="6.12349659204483">
        <ele>351.76</ele>
      </trkpt>
      <trkpt lat="48.70067596435547" lon="6.123826503753662">
        <ele>352.56</ele>
      </trkpt>
      <trkpt lat="48.70085324160755" lon="6.12421341240406">
        <ele>353.26</ele>
      </trkpt>
      <trkpt lat="48.70103060267866" lon="6.124600321054459">
        <ele>353.95</ele>
      </trkpt>
      <trkpt lat="48.701207963749766" lon="6.124987229704857">
        <ele>354.65</ele>
      </trkpt>
      <trkpt lat="48.7013840675354" lon="6.12537145614624">
        <ele>355.34</ele>
      </trkpt>
      <trkpt lat="48.70144844055176" lon="6.125500202178955">
        <ele>355.93</ele>
      </trkpt>
      <trkpt lat="48.70159462094307" lon="6.125874286517501">
        <ele>356.48</ele>
      </trkpt>
      <trkpt lat="48.70174080133438" lon="6.126248370856047">
        <ele>356.99</ele>
      </trkpt>
      <trkpt lat="48.70188698172569" lon="6.1266224551945925">
        <ele>357.45</ele>
      </trkpt>
      <trkpt lat="48.702033245936036" lon="6.126996539533138">
        <ele>357.88</ele>
      </trkpt>
      <trkpt lat="48.70217800140381" lon="6.12736701965332">
        <ele>358.36</ele>
      </trkpt>
      <trkpt lat="48.7023391854018" lon="6.127753928303719">
        <ele>358.79</ele>
      </trkpt>
      <trkpt lat="48.70250045321882" lon="6.1281409207731485">
        <ele>359.11</ele>
      </trkpt>
      <trkpt lat="48.702661637216806" lon="6.1285279132425785">
        <ele>359.4</ele>
      </trkpt>
      <trkpt lat="48.70282173156738" lon="6.128911972045898">
        <ele>359.56</ele>
      </trkpt>
      <trkpt lat="48.702800273895264" lon="6.128997802734375">
        <ele>359.76</ele>
      </trkpt>
      <trkpt lat="48.702886272221804" lon="6.129255797713995">
        <ele>359.91</ele>
      </trkpt>
      <trkpt lat="48.70297193527222" lon="6.129512786865234">
        <ele>360.03</ele>
      </trkpt>
      <trkpt lat="48.70299347676337" lon="6.129641532897949">
        <ele>360.11</ele>
      </trkpt>
      <trkpt lat="48.702993392944336" lon="6.129641532897949">
        <ele>360.17</ele>
      </trkpt>
      <trkpt lat="48.702993392944336" lon="6.129727363586426">
        <ele>360.2</ele>
      </trkpt>
      <trkpt lat="48.70312213897705" lon="6.13011360168457">
        <ele>360.18</ele>
      </trkpt>
      <trkpt lat="48.70307922363281" lon="6.130220890045166">
        <ele>360.12</ele>
      </trkpt>
      <trkpt lat="48.70288602076471" lon="6.13037109375">
        <ele>360.04</ele>
      </trkpt>
      <trkpt lat="48.70269298553467" lon="6.130521297454834">
        <ele>359.96</ele>
      </trkpt>
      <trkpt lat="48.70267161168158" lon="6.130521297454834">
        <ele>359.85</ele>
      </trkpt>
      <trkpt lat="48.70267152786255" lon="6.130542755126953">
        <ele>359.72</ele>
      </trkpt>
      <trkpt lat="48.70256407186389" lon="6.130360029637814">
        <ele>359.56</ele>
      </trkpt>
      <trkpt lat="48.70245695114136" lon="6.130177974700928">
        <ele>359.39</ele>
      </trkpt>
      <trkpt lat="48.70243557728827" lon="6.130199432373047">
        <ele>359.18</ele>
      </trkpt>
      <trkpt lat="48.70226391591132" lon="6.130349636077881">
        <ele>358.96</ele>
      </trkpt>
      <trkpt lat="48.702263832092285" lon="6.130414009094238">
        <ele>358.68</ele>
      </trkpt>
      <trkpt lat="48.70219954289496" lon="6.130392551422119">
        <ele>358.37</ele>
      </trkpt>
      <trkpt lat="48.70207071304321" lon="6.13037109375">
        <ele>358.02</ele>
      </trkpt>
      <trkpt lat="48.70178463868797" lon="6.130299512296915">
        <ele>357.62</ele>
      </trkpt>
      <trkpt lat="48.701498564332724" lon="6.130228014662862">
        <ele>357.17</ele>
      </trkpt>
      <trkpt lat="48.70121248997748" lon="6.130156517028809">
        <ele>356.75</ele>
      </trkpt>
      <trkpt lat="48.701040828600526" lon="6.13011360168457">
        <ele>356.32</ele>
      </trkpt>
      <trkpt lat="48.70089062489569" lon="6.130070686340332">
        <ele>355.87</ele>
      </trkpt>
      <trkpt lat="48.70067596435547" lon="6.130027770996094">
        <ele>355.36</ele>
      </trkpt>
      <trkpt lat="48.70063313283026" lon="6.130006313323975">
        <ele>354.82</ele>
      </trkpt>
      <trkpt lat="48.700525760650635" lon="6.1299848556518555">
        <ele>354.2</ele>
      </trkpt>
      <trkpt lat="48.70037564076483" lon="6.129941940307617">
        <ele>353.55</ele>
      </trkpt>
      <trkpt lat="48.7001181486994" lon="6.129899024963379">
        <ele>352.79</ele>
      </trkpt>
      <trkpt lat="48.70011806488037" lon="6.129899024963379">
        <ele>352.22</ele>
      </trkpt>
      <trkpt lat="48.69996794499457" lon="6.12987756729126">
        <ele>351.55</ele>
      </trkpt>
      <trkpt lat="48.699989318847656" lon="6.130156517028809">
        <ele>350.97</ele>
      </trkpt>
      <trkpt lat="48.69996794499457" lon="6.130499839782715">
        <ele>350.39</ele>
      </trkpt>
      <trkpt lat="48.69990348815918" lon="6.1307573318481445">
        <ele>349.72</ele>
      </trkpt>
      <trkpt lat="48.699839198961854" lon="6.131014823913574">
        <ele>349.09</ele>
      </trkpt>
      <trkpt lat="48.699720930308104" lon="6.1312727350741625">
        <ele>348.44</ele>
      </trkpt>
      <trkpt lat="48.69960316456854" lon="6.131529808044434">
        <ele>347.79</ele>
      </trkpt>
      <trkpt lat="48.699463522061706" lon="6.13171236589551">
        <ele>347.14</ele>
      </trkpt>
      <trkpt lat="48.699324214830995" lon="6.131894588470459">
        <ele>346.53</ele>
      </trkpt>
      <trkpt lat="48.6991738434881" lon="6.132012605667114">
        <ele>345.85</ele>
      </trkpt>
      <trkpt lat="48.699023723602295" lon="6.1321306228637695">
        <ele>345.17</ele>
      </trkpt>
      <trkpt lat="48.69881979189813" lon="6.132216453552246">
        <ele>344.51</ele>
      </trkpt>
      <trkpt lat="48.69861602783203" lon="6.132302284240723">
        <ele>343.89</ele>
      </trkpt>
      <trkpt lat="48.6984121799469" lon="6.132302200421691">
        <ele>343.24</ele>
      </trkpt>
      <trkpt lat="48.69820833206177" lon="6.132302284240723">
        <ele>342.54</ele>
      </trkpt>
      <trkpt lat="48.697993755340576" lon="6.132216453552246">
        <ele>341.78</ele>
      </trkpt>
      <trkpt lat="48.69777926243842" lon="6.1321306228637695">
        <ele>341.03</ele>
      </trkpt>
      <trkpt lat="48.697521686553955" lon="6.131916046142578">
        <ele>340.38</ele>
      </trkpt>
      <trkpt lat="48.69737131521106" lon="6.131744217127562">
        <ele>339.74</ele>
      </trkpt>
      <trkpt lat="48.69722136296332" lon="6.131572723388672">
        <ele>339.12</ele>
      </trkpt>
      <trkpt lat="48.69701726362109" lon="6.131314896047115">
        <ele>338.49</ele>
      </trkpt>
      <trkpt lat="48.696813667193055" lon="6.1310577392578125">
        <ele>337.94</ele>
      </trkpt>
      <trkpt lat="48.69664192199707" lon="6.130778789520264">
        <ele>337.51</ele>
      </trkpt>
      <trkpt lat="48.696416448801756" lon="6.131036449223757">
        <ele>336.94</ele>
      </trkpt>
      <trkpt lat="48.6961913947016" lon="6.131293773651123">
        <ele>336.5</ele>
      </trkpt>
      <trkpt lat="48.69610548019409" lon="6.1313796043396">
        <ele>336.18</ele>
      </trkpt>
      <trkpt lat="48.69610556401312" lon="6.1313796043396">
        <ele>335.96</ele>
      </trkpt>
      <trkpt lat="48.695965921506286" lon="6.131529891863465">
        <ele>335.76</ele>
      </trkpt>
      <trkpt lat="48.69582653045654" lon="6.131680011749268">
        <ele>335.67</ele>
      </trkpt>
      <trkpt lat="48.695826614275575" lon="6.131680011749268">
        <ele>335.65</ele>
      </trkpt>
      <trkpt lat="48.69576224125922" lon="6.131744384765625">
        <ele>335.71</ele>
      </trkpt>
      <trkpt lat="48.69565495289862" lon="6.131787300109863">
        <ele>335.81</ele>
      </trkpt>
      <trkpt lat="48.69537591934204" lon="6.131851673126221">
        <ele>336.09</ele>
      </trkpt>
      <trkpt lat="48.69537600316107" lon="6.131851673126221">
        <ele>336.27</ele>
      </trkpt>
      <trkpt lat="48.69516142643988" lon="6.131830215454102">
        <ele>336.61</ele>
      </trkpt>
      <trkpt lat="48.69494684971869" lon="6.131808757781982">
        <ele>336.92</ele>
      </trkpt>
      <trkpt lat="48.6947322729975" lon="6.131744384765625">
        <ele>337.19</ele>
      </trkpt>
      <trkpt lat="48.694571340456605" lon="6.131712198257446">
        <ele>337.43</ele>
      </trkpt>
      <trkpt lat="48.69441040791571" lon="6.131680011749268">
        <ele>337.69</ele>
      </trkpt>
      <trkpt lat="48.69419574737549" lon="6.131637096405029">
        <ele>337.97</ele>
      </trkpt>
      <trkpt lat="48.69421728886664" lon="6.131401062011719">
        <ele>338.37</ele>
      </trkpt>
      <trkpt lat="48.69423866271973" lon="6.131229400634766">
        <ele>338.8</ele>
      </trkpt>
      <trkpt lat="48.69426020421088" lon="6.130993366241455">
        <ele>339.25</ele>
      </trkpt>
      <trkpt lat="48.694281661883" lon="6.130843162536621">
        <ele>339.7</ele>
      </trkpt>
      <trkpt lat="48.694324577227235" lon="6.130478382110596">
        <ele>340.14</ele>
      </trkpt>
      <trkpt lat="48.694346034899354" lon="6.130349636077881">
        <ele>340.57</ele>
      </trkpt>
      <trkpt lat="48.69436749257147" lon="6.130112931132317">
        <ele>341.07</ele>
      </trkpt>
      <trkpt lat="48.69438895024359" lon="6.12987756729126">
        <ele>341.58</ele>
      </trkpt>
      <trkpt lat="48.69441040791571" lon="6.1296844482421875">
        <ele>342.12</ele>
      </trkpt>
      <trkpt lat="48.69443186558783" lon="6.129448413848877">
        <ele>342.67</ele>
      </trkpt>
      <trkpt lat="48.69446413591504" lon="6.129200980067253">
        <ele>343.18</ele>
      </trkpt>
      <trkpt lat="48.69449623860419" lon="6.128954887390137">
        <ele>343.65</ele>
      </trkpt>
      <trkpt lat="48.69449623860419" lon="6.128847599029541">
        <ele>344.09</ele>
      </trkpt>
      <trkpt lat="48.69454996660352" lon="6.128428000956774">
        <ele>344.53</ele>
      </trkpt>
      <trkpt lat="48.69460344314575" lon="6.1280107498168945">
        <ele>345.02</ele>
      </trkpt>
      <trkpt lat="48.69442105293274" lon="6.128021394833922">
        <ele>345.4</ele>
      </trkpt>
      <trkpt lat="48.69423866271973" lon="6.128032207489014">
        <ele>345.82</ele>
      </trkpt>
      <trkpt lat="48.69413145817816" lon="6.128032207489014">
        <ele>346.27</ele>
      </trkpt>
      <trkpt lat="48.69408845901489" lon="6.128032207489014">
        <ele>346.71</ele>
      </trkpt>
      <trkpt lat="48.694045543670654" lon="6.127967834472656">
        <ele>347.16</ele>
      </trkpt>
      <trkpt lat="48.69393833912909" lon="6.127989292144775">
        <ele>347.6</ele>
      </trkpt>
      <trkpt lat="48.69387396611273" lon="6.127989292144775">
        <ele>348.05</ele>
      </trkpt>
      <trkpt lat="48.6937237624079" lon="6.1280107498168945">
        <ele>348.51</ele>
      </trkpt>
      <trkpt lat="48.69365930557251" lon="6.1280107498168945">
        <ele>348.97</ele>
      </trkpt>
      <trkpt lat="48.69359493255615" lon="6.128096580505371">
        <ele>349.4</ele>
      </trkpt>
      <trkpt lat="48.69338043965399" lon="6.128096580505371">
        <ele>349.89</ele>
      </trkpt>
      <trkpt lat="48.693294608965516" lon="6.128096580505371">
        <ele>350.35</ele>
      </trkpt>
      <trkpt lat="48.69320877827704" lon="6.12811803817749">
        <ele>350.8</ele>
      </trkpt>
      <trkpt lat="48.69320869445801" lon="6.12811803817749">
        <ele>351.23</ele>
      </trkpt>
      <trkpt lat="48.69290837086737" lon="6.128139495849609">
        <ele>351.73</ele>
      </trkpt>
      <trkpt lat="48.69272598065436" lon="6.128160869702697">
        <ele>352.11</ele>
      </trkpt>
      <trkpt lat="48.692543590441346" lon="6.128182411193848">
        <ele>352.47</ele>
      </trkpt>
      <trkpt lat="48.69232188910246" lon="6.128210993483663">
        <ele>352.83</ele>
      </trkpt>
      <trkpt lat="48.69210018776357" lon="6.1282395757734776">
        <ele>353.2</ele>
      </trkpt>
      <trkpt lat="48.69187840260565" lon="6.128268241882324">
        <ele>353.55</ele>
      </trkpt>
      <trkpt lat="48.69170665740967" lon="6.128289699554443">
        <ele>353.81</ele>
      </trkpt>
      <trkpt lat="48.69162082672119" lon="6.128268241882324">
        <ele>354.02</ele>
      </trkpt>
      <trkpt lat="48.69136341847479" lon="6.128300344571471">
        <ele>354.21</ele>
      </trkpt>
      <trkpt lat="48.691105926409364" lon="6.128332614898682">
        <ele>354.36</ele>
      </trkpt>
      <trkpt lat="48.69099008850753" lon="6.128344181925058">
        <ele>354.49</ele>
      </trkpt>
    </trkseg>
  </trk>
</gpx>
