<?xml version="1.0" encoding="UTF-8"?>
<gpx creator="Garmin Connect" version="1.1"
  xsi:schemaLocation="http://www.topografix.com/GPX/1/1 http://www.topografix.com/GPX/11.xsd"
  xmlns:ns3="http://www.garmin.com/xmlschemas/TrackPointExtension/v1"
  xmlns="http://www.topografix.com/GPX/1/1"
  xmlns:xsi="http://www.w3.org/2001/XMLSchema-instance" xmlns:ns2="http://www.garmin.com/xmlschemas/GpxExtensions/v3">
  <metadata>
    <name>130 - South rotte</name>
    <link href="connect.garmin.com">
      <text>Garmin Connect</text>
    </link>
    <time>2025-05-03T11:57:11.000Z</time>
  </metadata>
  <trk>
    <name>130 - South rotte</name>
    <trkseg>
      <trkpt lat="51.92217453382909" lon="4.461105605587363">
        <ele>2.59</ele>
      </trkpt>
      <trkpt lat="51.922104796394706" lon="4.46069254539907">
        <ele>2.71</ele>
      </trkpt>
      <trkpt lat="51.92203514277935" lon="4.460279485210776">
        <ele>2.82</ele>
      </trkpt>
      <trkpt lat="51.92196607589722" lon="4.459869861602783">
        <ele>2.86</ele>
      </trkpt>
      <trkpt lat="51.92188024520874" lon="4.4599127769470215">
        <ele>2.91</ele>
      </trkpt>
      <trkpt lat="51.921794498339295" lon="4.459934234619141">
        <ele>2.93</ele>
      </trkpt>
      <trkpt lat="51.921858955174685" lon="4.460348384454846">
        <ele>3.06</ele>
      </trkpt>
      <trkpt lat="51.921923495829105" lon="4.460762618109584">
        <ele>3.16</ele>
      </trkpt>
      <trkpt lat="51.921988036483526" lon="4.46117676794529">
        <ele>3.17</ele>
      </trkpt>
      <trkpt lat="51.92205190658569" lon="4.4615864753723145">
        <ele>3.2</ele>
      </trkpt>
      <trkpt lat="51.92213773727417" lon="4.46195125579834">
        <ele>3.25</ele>
      </trkpt>
      <trkpt lat="51.92226656712592" lon="4.462251663208008">
        <ele>3.31</ele>
      </trkpt>
      <trkpt lat="51.92235231399536" lon="4.4625091552734375">
        <ele>3.49</ele>
      </trkpt>
      <trkpt lat="51.92239531315863" lon="4.4626593589782715">
        <ele>3.71</ele>
      </trkpt>
      <trkpt lat="51.92250260151923" lon="4.462981224060059">
        <ele>4.07</ele>
      </trkpt>
      <trkpt lat="51.922502517700195" lon="4.463109970092773">
        <ele>4.39</ele>
      </trkpt>
      <trkpt lat="51.922545433044434" lon="4.463474750518799">
        <ele>4.89</ele>
      </trkpt>
      <trkpt lat="51.922519616782665" lon="4.4639610685408115">
        <ele>5.28</ele>
      </trkpt>
      <trkpt lat="51.9224938005209" lon="4.464447386562824">
        <ele>5.48</ele>
      </trkpt>
      <trkpt lat="51.92246798425913" lon="4.464933788403869">
        <ele>5.72</ele>
      </trkpt>
      <trkpt lat="51.92244216799736" lon="4.465420106425881">
        <ele>5.82</ele>
      </trkpt>
      <trkpt lat="51.92241677083075" lon="4.465899467468262">
        <ele>5.82</ele>
      </trkpt>
      <trkpt lat="51.92241668701172" lon="4.465899467468262">
        <ele>5.91</ele>
      </trkpt>
      <trkpt lat="51.92239531315863" lon="4.466114044189453">
        <ele>5.93</ele>
      </trkpt>
      <trkpt lat="51.92237385548651" lon="4.466307163238525">
        <ele>5.98</ele>
      </trkpt>
      <trkpt lat="51.92235231399536" lon="4.466710584238172">
        <ele>6.04</ele>
      </trkpt>
      <trkpt lat="51.92233077250421" lon="4.4671140890568495">
        <ele>6.15</ele>
      </trkpt>
      <trkpt lat="51.92230923101306" lon="4.467517593875527">
        <ele>6.27</ele>
      </trkpt>
      <trkpt lat="51.922288024798036" lon="4.467916488647461">
        <ele>6.44</ele>
      </trkpt>
      <trkpt lat="51.92236111499369" lon="4.468329548835754">
        <ele>6.66</ele>
      </trkpt>
      <trkpt lat="51.92243428900838" lon="4.46874269284308">
        <ele>6.9</ele>
      </trkpt>
      <trkpt lat="51.92250746302307" lon="4.469155753031373">
        <ele>7.13</ele>
      </trkpt>
      <trkpt lat="51.922580637037754" lon="4.469568897038698">
        <ele>7.36</ele>
      </trkpt>
      <trkpt lat="51.92265280522406" lon="4.469976425170898">
        <ele>7.66</ele>
      </trkpt>
      <trkpt lat="51.92265272140503" lon="4.469976425170898">
        <ele>7.94</ele>
      </trkpt>
      <trkpt lat="51.92269563674927" lon="4.470083713531494">
        <ele>8.27</ele>
      </trkpt>
      <trkpt lat="51.922760009765625" lon="4.470212459564209">
        <ele>8.62</ele>
      </trkpt>
      <trkpt lat="51.92286738194525" lon="4.4705986976623535">
        <ele>9.06</ele>
      </trkpt>
      <trkpt lat="51.92293167114258" lon="4.470984935760498">
        <ele>9.41</ele>
      </trkpt>
      <trkpt lat="51.9229531288147" lon="4.471156597137451">
        <ele>9.76</ele>
      </trkpt>
      <trkpt lat="51.9229531288147" lon="4.471328258514404">
        <ele>10.08</ele>
      </trkpt>
      <trkpt lat="51.92295321263373" lon="4.471585750579834">
        <ele>10.52</ele>
      </trkpt>
      <trkpt lat="51.92303921096027" lon="4.472010629251599">
        <ele>11.05</ele>
      </trkpt>
      <trkpt lat="51.92312529310584" lon="4.472435507923365">
        <ele>11.44</ele>
      </trkpt>
      <trkpt lat="51.92321137525141" lon="4.472860470414162">
        <ele>11.76</ele>
      </trkpt>
      <trkpt lat="51.923296535387635" lon="4.473280906677246">
        <ele>12.19</ele>
      </trkpt>
      <trkpt lat="51.92333945073187" lon="4.47343111038208">
        <ele>12.57</ele>
      </trkpt>
      <trkpt lat="51.92333936691284" lon="4.47343111038208">
        <ele>12.84</ele>
      </trkpt>
      <trkpt lat="51.92341681569815" lon="4.47382690384984">
        <ele>13.11</ele>
      </trkpt>
      <trkpt lat="51.92349426448345" lon="4.474222864955664">
        <ele>13.18</ele>
      </trkpt>
      <trkpt lat="51.92357171326876" lon="4.4746187422424555">
        <ele>13.11</ele>
      </trkpt>
      <trkpt lat="51.923649245873094" lon="4.475014619529247">
        <ele>13.08</ele>
      </trkpt>
      <trkpt lat="51.92372568883002" lon="4.475405216217041">
        <ele>13.07</ele>
      </trkpt>
      <trkpt lat="51.923725605010986" lon="4.475405216217041">
        <ele>13.0</ele>
      </trkpt>
      <trkpt lat="51.9237972702831" lon="4.475742252543569">
        <ele>12.88</ele>
      </trkpt>
      <trkpt lat="51.92386901937425" lon="4.476079288870096">
        <ele>12.71</ele>
      </trkpt>
      <trkpt lat="51.92394026555121" lon="4.476413726806641">
        <ele>12.44</ele>
      </trkpt>
      <trkpt lat="51.92394018173218" lon="4.476413726806641">
        <ele>12.23</ele>
      </trkpt>
      <trkpt lat="51.92399399355054" lon="4.476682618260384">
        <ele>11.9</ele>
      </trkpt>
      <trkpt lat="51.924047553911805" lon="4.476950168609619">
        <ele>11.59</ele>
      </trkpt>
      <trkpt lat="51.92404747009277" lon="4.477057456970215">
        <ele>11.28</ele>
      </trkpt>
      <trkpt lat="51.92395065911114" lon="4.477369263768196">
        <ele>10.99</ele>
      </trkpt>
      <trkpt lat="51.92385443486273" lon="4.47767972946167">
        <ele>10.79</ele>
      </trkpt>
      <trkpt lat="51.9238543510437" lon="4.47767972946167">
        <ele>10.57</ele>
      </trkpt>
      <trkpt lat="51.92385443486273" lon="4.477787017822266">
        <ele>10.38</ele>
      </trkpt>
      <trkpt lat="51.92387580871582" lon="4.4779157638549805">
        <ele>10.26</ele>
      </trkpt>
      <trkpt lat="51.923832977190614" lon="4.4779372215271">
        <ele>10.12</ele>
      </trkpt>
      <trkpt lat="51.923575485125184" lon="4.478087425231934">
        <ele>10.03</ele>
      </trkpt>
      <trkpt lat="51.92338219843805" lon="4.478194713592529">
        <ele>9.89</ele>
      </trkpt>
      <trkpt lat="51.92318924702704" lon="4.478302001953125">
        <ele>9.73</ele>
      </trkpt>
      <trkpt lat="51.92310341633856" lon="4.478344917297363">
        <ele>9.64</ele>
      </trkpt>
      <trkpt lat="51.923081958666444" lon="4.478366374969482">
        <ele>9.56</ele>
      </trkpt>
      <trkpt lat="51.92297467030585" lon="4.478409290313721">
        <ele>9.52</ele>
      </trkpt>
      <trkpt lat="51.92278138361871" lon="4.478516578674316">
        <ele>9.53</ele>
      </trkpt>
      <trkpt lat="51.922588432207704" lon="4.478623867034912">
        <ele>9.61</ele>
      </trkpt>
      <trkpt lat="51.92258834838867" lon="4.478623867034912">
        <ele>9.62</ele>
      </trkpt>
      <trkpt lat="51.92229313775897" lon="4.478768790140748">
        <ele>9.73</ele>
      </trkpt>
      <trkpt lat="51.92199792712927" lon="4.478913713246584">
        <ele>9.71</ele>
      </trkpt>
      <trkpt lat="51.92170271649957" lon="4.47905863635242">
        <ele>9.75</ele>
      </trkpt>
      <trkpt lat="51.92140826024115" lon="4.479203224182129">
        <ele>9.86</ele>
      </trkpt>
      <trkpt lat="51.921279514208436" lon="4.4792890548706055">
        <ele>9.94</ele>
      </trkpt>
      <trkpt lat="51.92115076817572" lon="4.479353427886963">
        <ele>10.04</ele>
      </trkpt>
      <trkpt lat="51.92088229581714" lon="4.479503715410829">
        <ele>10.01</ele>
      </trkpt>
      <trkpt lat="51.92061424255371" lon="4.479653835296631">
        <ele>9.94</ele>
      </trkpt>
      <trkpt lat="51.920442497357726" lon="4.479707479476929">
        <ele>9.73</ele>
      </trkpt>
      <trkpt lat="51.920271003618836" lon="4.479761123657227">
        <ele>9.56</ele>
      </trkpt>
      <trkpt lat="51.920270919799805" lon="4.479761123657227">
        <ele>9.49</ele>
      </trkpt>
      <trkpt lat="51.920056426897645" lon="4.479825496673584">
        <ele>9.34</ele>
      </trkpt>
      <trkpt lat="51.92001351155341" lon="4.479846954345703">
        <ele>9.24</ele>
      </trkpt>
      <trkpt lat="51.91990622319281" lon="4.479889869689941">
        <ele>9.17</ele>
      </trkpt>
      <trkpt lat="51.91986330784857" lon="4.4799113273620605">
        <ele>9.13</ele>
      </trkpt>
      <trkpt lat="51.91986322402954" lon="4.4799113273620605">
        <ele>9.1</ele>
      </trkpt>
      <trkpt lat="51.91964856348932" lon="4.479990033432841">
        <ele>9.1</ele>
      </trkpt>
      <trkpt lat="51.919433902949095" lon="4.480068739503622">
        <ele>9.14</ele>
      </trkpt>
      <trkpt lat="51.919219577685" lon="4.480147361755371">
        <ele>9.2</ele>
      </trkpt>
      <trkpt lat="51.91921949386597" lon="4.480147361755371">
        <ele>9.24</ele>
      </trkpt>
      <trkpt lat="51.9191122893244" lon="4.48016881942749">
        <ele>9.32</ele>
      </trkpt>
      <trkpt lat="51.91911220550537" lon="4.48016881942749">
        <ele>9.39</ele>
      </trkpt>
      <trkpt lat="51.91898354329169" lon="4.4802117347717285">
        <ele>9.49</ele>
      </trkpt>
      <trkpt lat="51.918704342097044" lon="4.480376271530986">
        <ele>9.62</ele>
      </trkpt>
      <trkpt lat="51.91842522472143" lon="4.480540892109275">
        <ele>9.75</ele>
      </trkpt>
      <trkpt lat="51.91814669407904" lon="4.480705261230469">
        <ele>10.1</ele>
      </trkpt>
      <trkpt lat="51.91806077957153" lon="4.480769634246826">
        <ele>10.3</ele>
      </trkpt>
      <trkpt lat="51.91793211735785" lon="4.480855464935303">
        <ele>10.51</ele>
      </trkpt>
      <trkpt lat="51.91778174601495" lon="4.480962753295898">
        <ele>10.62</ele>
      </trkpt>
      <trkpt lat="51.91763170994818" lon="4.481070041656494">
        <ele>10.69</ele>
      </trkpt>
      <trkpt lat="51.91763162612915" lon="4.481070041656494">
        <ele>10.79</ele>
      </trkpt>
      <trkpt lat="51.917545795440674" lon="4.481112957000732">
        <ele>10.81</ele>
      </trkpt>
      <trkpt lat="51.917524421587586" lon="4.481155872344971">
        <ele>10.85</ele>
      </trkpt>
      <trkpt lat="51.9173095934093" lon="4.481306159868836">
        <ele>10.73</ele>
      </trkpt>
      <trkpt lat="51.917094849050045" lon="4.481456447392702">
        <ele>10.66</ele>
      </trkpt>
      <trkpt lat="51.91688060760498" lon="4.481606483459473">
        <ele>10.68</ele>
      </trkpt>
      <trkpt lat="51.916698133572936" lon="4.48167085647583">
        <ele>10.71</ele>
      </trkpt>
      <trkpt lat="51.91651591099799" lon="4.4817352294921875">
        <ele>10.71</ele>
      </trkpt>
      <trkpt lat="51.916515827178955" lon="4.4817352294921875">
        <ele>10.69</ele>
      </trkpt>
      <trkpt lat="51.91647291183472" lon="4.481756687164307">
        <ele>10.64</ele>
      </trkpt>
      <trkpt lat="51.91632270812988" lon="4.481756687164307">
        <ele>10.55</ele>
      </trkpt>
      <trkpt lat="51.916279792785645" lon="4.4817352294921875">
        <ele>10.48</ele>
      </trkpt>
      <trkpt lat="51.91606513224542" lon="4.4817352294921875">
        <ele>10.32</ele>
      </trkpt>
      <trkpt lat="51.9158504717052" lon="4.4817352294921875">
        <ele>10.2</ele>
      </trkpt>
      <trkpt lat="51.9156361464411" lon="4.4817352294921875">
        <ele>10.11</ele>
      </trkpt>
      <trkpt lat="51.91535702906549" lon="4.481740593910217">
        <ele>10.06</ele>
      </trkpt>
      <trkpt lat="51.91507799550891" lon="4.481745958328247">
        <ele>9.99</ele>
      </trkpt>
      <trkpt lat="51.91479896195233" lon="4.481751322746277">
        <ele>9.92</ele>
      </trkpt>
      <trkpt lat="51.91452034749091" lon="4.481756687164307">
        <ele>9.82</ele>
      </trkpt>
      <trkpt lat="51.914520263671875" lon="4.481756687164307">
        <ele>9.74</ele>
      </trkpt>
      <trkpt lat="51.91430560313165" lon="4.481770936399698">
        <ele>9.65</ele>
      </trkpt>
      <trkpt lat="51.91409094259143" lon="4.481785269454122">
        <ele>9.6</ele>
      </trkpt>
      <trkpt lat="51.91387661732733" lon="4.481799602508545">
        <ele>9.56</ele>
      </trkpt>
      <trkpt lat="51.91365474835038" lon="4.481806727126241">
        <ele>9.53</ele>
      </trkpt>
      <trkpt lat="51.91343296319246" lon="4.4818138517439365">
        <ele>9.52</ele>
      </trkpt>
      <trkpt lat="51.91321142949164" lon="4.481821060180664">
        <ele>9.44</ele>
      </trkpt>
      <trkpt lat="51.91321134567261" lon="4.481821060180664">
        <ele>9.36</ele>
      </trkpt>
      <trkpt lat="51.91305032931268" lon="4.481788789853454">
        <ele>9.25</ele>
      </trkpt>
      <trkpt lat="51.91288956440985" lon="4.481756687164307">
        <ele>9.12</ele>
      </trkpt>
      <trkpt lat="51.91288948059082" lon="4.481756687164307">
        <ele>9.0</ele>
      </trkpt>
      <trkpt lat="51.912717735394835" lon="4.481756687164307">
        <ele>8.87</ele>
      </trkpt>
      <trkpt lat="51.912546157836914" lon="4.481756687164307">
        <ele>8.74</ele>
      </trkpt>
      <trkpt lat="51.91239603795111" lon="4.481778144836426">
        <ele>8.6</ele>
      </trkpt>
      <trkpt lat="51.91239595413208" lon="4.481778144836426">
        <ele>8.43</ele>
      </trkpt>
      <trkpt lat="51.91222437657416" lon="4.481842517852783">
        <ele>8.26</ele>
      </trkpt>
      <trkpt lat="51.91222429275513" lon="4.481842517852783">
        <ele>8.06</ele>
      </trkpt>
      <trkpt lat="51.91207408905029" lon="4.48192834854126">
        <ele>7.94</ele>
      </trkpt>
      <trkpt lat="51.912052715197206" lon="4.482014179229736">
        <ele>7.75</ele>
      </trkpt>
      <trkpt lat="51.91189169883728" lon="4.482067823410034">
        <ele>7.61</ele>
      </trkpt>
      <trkpt lat="51.91173085011542" lon="4.482121467590332">
        <ele>7.51</ele>
      </trkpt>
      <trkpt lat="51.911602104082704" lon="4.48216438293457">
        <ele>7.26</ele>
      </trkpt>
      <trkpt lat="51.91160202026367" lon="4.48216438293457">
        <ele>7.02</ele>
      </trkpt>
      <trkpt lat="51.91134436056018" lon="4.482271671295166">
        <ele>6.58</ele>
      </trkpt>
      <trkpt lat="51.91108703613281" lon="4.482378959655762">
        <ele>6.09</ele>
      </trkpt>
      <trkpt lat="51.91082954406738" lon="4.482507705688477">
        <ele>5.62</ele>
      </trkpt>
      <trkpt lat="51.91059350967407" lon="4.482743740081787">
        <ele>5.42</ele>
      </trkpt>
      <trkpt lat="51.91044338978827" lon="4.483022689819336">
        <ele>5.05</ele>
      </trkpt>
      <trkpt lat="51.910279942676425" lon="4.483431223779917">
        <ele>4.54</ele>
      </trkpt>
      <trkpt lat="51.91011649556458" lon="4.483839841559529">
        <ele>4.23</ele>
      </trkpt>
      <trkpt lat="51.909953048452735" lon="4.484248459339142">
        <ele>3.93</ele>
      </trkpt>
      <trkpt lat="51.90978960134089" lon="4.484657077118754">
        <ele>3.65</ele>
      </trkpt>
      <trkpt lat="51.90962623804808" lon="4.485065694898367">
        <ele>3.39</ele>
      </trkpt>
      <trkpt lat="51.90946279093623" lon="4.485474228858948">
        <ele>3.16</ele>
      </trkpt>
      <trkpt lat="51.90929934382439" lon="4.48588284663856">
        <ele>2.95</ele>
      </trkpt>
      <trkpt lat="51.90913589671254" lon="4.486291464418173">
        <ele>2.77</ele>
      </trkpt>
      <trkpt lat="51.9089724496007" lon="4.486699998378754">
        <ele>2.62</ele>
      </trkpt>
      <trkpt lat="51.90880908630788" lon="4.487108616158366">
        <ele>2.49</ele>
      </trkpt>
      <trkpt lat="51.90864563919604" lon="4.487517233937979">
        <ele>2.39</ele>
      </trkpt>
      <trkpt lat="51.90848219208419" lon="4.487925851717591">
        <ele>2.32</ele>
      </trkpt>
      <trkpt lat="51.90831874497235" lon="4.488334385678172">
        <ele>2.28</ele>
      </trkpt>
      <trkpt lat="51.9081552978605" lon="4.488743003457785">
        <ele>2.41</ele>
      </trkpt>
      <trkpt lat="51.907997131347656" lon="4.489138126373291">
        <ele>2.4</ele>
      </trkpt>
      <trkpt lat="51.907846592366695" lon="4.489467786625028">
        <ele>2.47</ele>
      </trkpt>
      <trkpt lat="51.907696137204766" lon="4.489797446876764">
        <ele>2.59</ele>
      </trkpt>
      <trkpt lat="51.907546604052186" lon="4.4901251792907715">
        <ele>2.74</ele>
      </trkpt>
      <trkpt lat="51.907546520233154" lon="4.4901251792907715">
        <ele>2.86</ele>
      </trkpt>
      <trkpt lat="51.90752514638007" lon="4.490146636962891">
        <ele>3.01</ele>
      </trkpt>
      <trkpt lat="51.90750368870795" lon="4.49016809463501">
        <ele>3.18</ele>
      </trkpt>
      <trkpt lat="51.907568061724305" lon="4.490318298339844">
        <ele>3.31</ele>
      </trkpt>
      <trkpt lat="51.907503604888916" lon="4.490489959716797">
        <ele>3.51</ele>
      </trkpt>
      <trkpt lat="51.90733194351196" lon="4.4908976554870605">
        <ele>3.67</ele>
      </trkpt>
      <trkpt lat="51.907383408397436" lon="4.490983402356505">
        <ele>3.87</ele>
      </trkpt>
      <trkpt lat="51.90746077336371" lon="4.491112232208252">
        <ele>4.08</ele>
      </trkpt>
      <trkpt lat="51.90746068954468" lon="4.491112232208252">
        <ele>4.3</ele>
      </trkpt>
      <trkpt lat="51.907546604052186" lon="4.491240978240967">
        <ele>4.57</ele>
      </trkpt>
      <trkpt lat="51.90761097706854" lon="4.491090774536133">
        <ele>4.8</ele>
      </trkpt>
      <trkpt lat="51.90761089324951" lon="4.491090774536133">
        <ele>5.05</ele>
      </trkpt>
      <trkpt lat="51.90763243474066" lon="4.491026401519775">
        <ele>5.31</ele>
      </trkpt>
      <trkpt lat="51.90771826542914" lon="4.490833282470703">
        <ele>5.56</ele>
      </trkpt>
      <trkpt lat="51.907761096954346" lon="4.490704536437988">
        <ele>5.82</ele>
      </trkpt>
      <trkpt lat="51.90769680775702" lon="4.490532875061035">
        <ele>6.07</ele>
      </trkpt>
      <trkpt lat="51.90765380859375" lon="4.490468502044678">
        <ele>6.33</ele>
      </trkpt>
      <trkpt lat="51.907568061724305" lon="4.490318298339844">
        <ele>3.31</ele>
      </trkpt>
      <trkpt lat="51.907503604888916" lon="4.49016809463501">
        <ele>6.9</ele>
      </trkpt>
      <trkpt lat="51.90741785801947" lon="4.490339756011963">
        <ele>7.17</ele>
      </trkpt>
      <trkpt lat="51.90739631652832" lon="4.490489959716797">
        <ele>7.4</ele>
      </trkpt>
      <trkpt lat="51.90726765431464" lon="4.490811824798584">
        <ele>7.63</ele>
      </trkpt>
      <trkpt lat="51.9072247389704" lon="4.490940570831299">
        <ele>7.87</ele>
      </trkpt>
      <trkpt lat="51.90722465515137" lon="4.490940570831299">
        <ele>8.09</ele>
      </trkpt>
      <trkpt lat="51.9070812407881" lon="4.491313314065337">
        <ele>8.28</ele>
      </trkpt>
      <trkpt lat="51.90693791024387" lon="4.4916860572993755">
        <ele>8.47</ele>
      </trkpt>
      <trkpt lat="51.906795585528016" lon="4.492056369781494">
        <ele>8.74</ele>
      </trkpt>
      <trkpt lat="51.906795501708984" lon="4.492056369781494">
        <ele>8.92</ele>
      </trkpt>
      <trkpt lat="51.90663205459714" lon="4.492434812709689">
        <ele>9.2</ele>
      </trkpt>
      <trkpt lat="51.906468691304326" lon="4.492813255637884">
        <ele>9.42</ele>
      </trkpt>
      <trkpt lat="51.90630524419248" lon="4.493191698566079">
        <ele>9.64</ele>
      </trkpt>
      <trkpt lat="51.90614188089967" lon="4.493570141494274">
        <ele>9.82</ele>
      </trkpt>
      <trkpt lat="51.90598019398749" lon="4.4939446449279785">
        <ele>9.92</ele>
      </trkpt>
      <trkpt lat="51.90598011016846" lon="4.4939446449279785">
        <ele>9.98</ele>
      </trkpt>
      <trkpt lat="51.90587290562689" lon="4.494180679321289">
        <ele>10.04</ele>
      </trkpt>
      <trkpt lat="51.90574407577515" lon="4.494524002075195">
        <ele>10.11</ele>
      </trkpt>
      <trkpt lat="51.90565824508667" lon="4.494996070861816">
        <ele>10.04</ele>
      </trkpt>
      <trkpt lat="51.90550812520087" lon="4.495360851287842">
        <ele>9.72</ele>
      </trkpt>
      <trkpt lat="51.905508041381836" lon="4.495360851287842">
        <ele>9.64</ele>
      </trkpt>
      <trkpt lat="51.905368315055966" lon="4.495683303102851">
        <ele>9.33</ele>
      </trkpt>
      <trkpt lat="51.90522917546332" lon="4.496004581451416">
        <ele>9.15</ele>
      </trkpt>
      <trkpt lat="51.90522909164429" lon="4.496004581451416">
        <ele>9.01</ele>
      </trkpt>
      <trkpt lat="51.905132280662656" lon="4.496219577267766">
        <ele>8.83</ele>
      </trkpt>
      <trkpt lat="51.905035972595215" lon="4.496433734893799">
        <ele>8.67</ele>
      </trkpt>
      <trkpt lat="51.90484285354614" lon="4.496734142303467">
        <ele>8.6</ele>
      </trkpt>
      <trkpt lat="51.904821479693055" lon="4.496734142303467">
        <ele>8.45</ele>
      </trkpt>
      <trkpt lat="51.90467119216919" lon="4.496862888336182">
        <ele>8.37</ele>
      </trkpt>
      <trkpt lat="51.90441370010376" lon="4.496798515319824">
        <ele>8.23</ele>
      </trkpt>
      <trkpt lat="51.90420616418123" lon="4.496726933866739">
        <ele>8.05</ele>
      </trkpt>
      <trkpt lat="51.90399871207774" lon="4.496655352413654">
        <ele>7.88</ele>
      </trkpt>
      <trkpt lat="51.903791511431336" lon="4.496583938598633">
        <ele>7.74</ele>
      </trkpt>
      <trkpt lat="51.903791427612305" lon="4.496583938598633">
        <ele>7.6</ele>
      </trkpt>
      <trkpt lat="51.90361976623535" lon="4.496498107910156">
        <ele>7.44</ele>
      </trkpt>
      <trkpt lat="51.90344802103937" lon="4.4964229222387075">
        <ele>7.27</ele>
      </trkpt>
      <trkpt lat="51.90327652730048" lon="4.496347904205322">
        <ele>7.16</ele>
      </trkpt>
      <trkpt lat="51.903276443481445" lon="4.496347904205322">
        <ele>7.03</ele>
      </trkpt>
      <trkpt lat="51.90308324061334" lon="4.496304905042052">
        <ele>6.94</ele>
      </trkpt>
      <trkpt lat="51.90289028920233" lon="4.496262073516846">
        <ele>6.85</ele>
      </trkpt>
      <trkpt lat="51.90282583236694" lon="4.496240615844727">
        <ele>6.74</ele>
      </trkpt>
      <trkpt lat="51.902825916185975" lon="4.496176242828369">
        <ele>6.64</ele>
      </trkpt>
      <trkpt lat="51.9027400854975" lon="4.49615478515625">
        <ele>6.54</ele>
      </trkpt>
      <trkpt lat="51.90274000167847" lon="4.49615478515625">
        <ele>6.45</ele>
      </trkpt>
      <trkpt lat="51.90267571248114" lon="4.496133327484131">
        <ele>6.37</ele>
      </trkpt>
      <trkpt lat="51.9026327971369" lon="4.496133327484131">
        <ele>6.29</ele>
      </trkpt>
      <trkpt lat="51.902546966448426" lon="4.496111869812012">
        <ele>6.22</ele>
      </trkpt>
      <trkpt lat="51.90235367976129" lon="4.496068870648742">
        <ele>6.16</ele>
      </trkpt>
      <trkpt lat="51.90216064453125" lon="4.496026039123535">
        <ele>6.13</ele>
      </trkpt>
      <trkpt lat="51.902031898498535" lon="4.496068954467773">
        <ele>6.08</ele>
      </trkpt>
      <trkpt lat="51.90190323628485" lon="4.496047496795654">
        <ele>6.01</ele>
      </trkpt>
      <trkpt lat="51.90168857574463" lon="4.496004581451416">
        <ele>5.92</ele>
      </trkpt>
      <trkpt lat="51.9016242865473" lon="4.496026039123535">
        <ele>5.88</ele>
      </trkpt>
      <trkpt lat="51.90151699818671" lon="4.496068954467773">
        <ele>5.83</ele>
      </trkpt>
      <trkpt lat="51.90145262517035" lon="4.496090412139893">
        <ele>5.81</ele>
      </trkpt>
      <trkpt lat="51.90140970982611" lon="4.496111869812012">
        <ele>5.79</ele>
      </trkpt>
      <trkpt lat="51.90123796463013" lon="4.496176242828369">
        <ele>5.79</ele>
      </trkpt>
      <trkpt lat="51.901044845581055" lon="4.496176242828369">
        <ele>5.76</ele>
      </trkpt>
      <trkpt lat="51.90079799853265" lon="4.49611178599298">
        <ele>5.71</ele>
      </trkpt>
      <trkpt lat="51.900551402941346" lon="4.496047496795654">
        <ele>5.68</ele>
      </trkpt>
      <trkpt lat="51.90027538686991" lon="4.49598915874958">
        <ele>5.64</ele>
      </trkpt>
      <trkpt lat="51.89999937079847" lon="4.495930904522538">
        <ele>5.65</ele>
      </trkpt>
      <trkpt lat="51.89972335472703" lon="4.495872650295496">
        <ele>5.71</ele>
      </trkpt>
      <trkpt lat="51.89944733865559" lon="4.495814396068454">
        <ele>5.78</ele>
      </trkpt>
      <trkpt lat="51.89917132258415" lon="4.495756141841412">
        <ele>5.83</ele>
      </trkpt>
      <trkpt lat="51.89889530651271" lon="4.495697887614369">
        <ele>5.89</ele>
      </trkpt>
      <trkpt lat="51.89862012863159" lon="4.495639801025391">
        <ele>5.98</ele>
      </trkpt>
      <trkpt lat="51.89838392660022" lon="4.4955467619001865">
        <ele>6.06</ele>
      </trkpt>
      <trkpt lat="51.898147808387876" lon="4.4954537227749825">
        <ele>6.13</ele>
      </trkpt>
      <trkpt lat="51.89791210927069" lon="4.495360851287842">
        <ele>6.25</ele>
      </trkpt>
      <trkpt lat="51.89791202545166" lon="4.495360851287842">
        <ele>6.3</ele>
      </trkpt>
      <trkpt lat="51.897718738764524" lon="4.495242750272155">
        <ele>6.39</ele>
      </trkpt>
      <trkpt lat="51.897525787353516" lon="4.495124816894531">
        <ele>6.45</ele>
      </trkpt>
      <trkpt lat="51.89746141433716" lon="4.495081901550293">
        <ele>6.49</ele>
      </trkpt>
      <trkpt lat="51.897363010793924" lon="4.494623914361">
        <ele>6.51</ele>
      </trkpt>
      <trkpt lat="51.89726469106972" lon="4.494165927171707">
        <ele>6.53</ele>
      </trkpt>
      <trkpt lat="51.89716637134552" lon="4.493708023801446">
        <ele>6.61</ele>
      </trkpt>
      <trkpt lat="51.89706805162132" lon="4.493250036612153">
        <ele>6.59</ele>
      </trkpt>
      <trkpt lat="51.896969731897116" lon="4.49279204942286">
        <ele>6.5</ele>
      </trkpt>
      <trkpt lat="51.89687132835388" lon="4.492334146052599">
        <ele>6.4</ele>
      </trkpt>
      <trkpt lat="51.89677485264838" lon="4.491884708404541">
        <ele>6.3</ele>
      </trkpt>
      <trkpt lat="51.896774768829346" lon="4.491884708404541">
        <ele>6.3</ele>
      </trkpt>
      <trkpt lat="51.8966958951205" lon="4.4915117137134075">
        <ele>6.3</ele>
      </trkpt>
      <trkpt lat="51.89661702141166" lon="4.491138802841306">
        <ele>6.29</ele>
      </trkpt>
      <trkpt lat="51.89653881825507" lon="4.490768909454346">
        <ele>6.33</ele>
      </trkpt>
      <trkpt lat="51.896538734436035" lon="4.490768909454346">
        <ele>6.34</ele>
      </trkpt>
      <trkpt lat="51.89651736058295" lon="4.490575790405273">
        <ele>6.36</ele>
      </trkpt>
      <trkpt lat="51.896517276763916" lon="4.490575790405273">
        <ele>6.38</ele>
      </trkpt>
      <trkpt lat="51.896431194618344" lon="4.490145463496447">
        <ele>6.44</ele>
      </trkpt>
      <trkpt lat="51.89634511247277" lon="4.48971513658762">
        <ele>6.5</ele>
      </trkpt>
      <trkpt lat="51.896259784698486" lon="4.489288330078125">
        <ele>6.55</ele>
      </trkpt>
      <trkpt lat="51.89620957709849" lon="4.488843586295843">
        <ele>6.63</ele>
      </trkpt>
      <trkpt lat="51.89615936949849" lon="4.488398842513561">
        <ele>6.67</ele>
      </trkpt>
      <trkpt lat="51.896109664812684" lon="4.487957954406738">
        <ele>6.73</ele>
      </trkpt>
      <trkpt lat="51.89610958099365" lon="4.487957954406738">
        <ele>6.79</ele>
      </trkpt>
      <trkpt lat="51.89606649801135" lon="4.487620834261179">
        <ele>6.81</ele>
      </trkpt>
      <trkpt lat="51.89602349884808" lon="4.48728371411562">
        <ele>6.83</ele>
      </trkpt>
      <trkpt lat="51.89598083496094" lon="4.486949443817139">
        <ele>6.83</ele>
      </trkpt>
      <trkpt lat="51.89591646194458" lon="4.486649036407471">
        <ele>6.92</ele>
      </trkpt>
      <trkpt lat="51.89587354660034" lon="4.486477375030518">
        <ele>7.03</ele>
      </trkpt>
      <trkpt lat="51.895787715911865" lon="4.486262798309326">
        <ele>7.15</ele>
      </trkpt>
      <trkpt lat="51.8957877997309" lon="4.486262798309326">
        <ele>7.26</ele>
      </trkpt>
      <trkpt lat="51.89567305147648" lon="4.485940178856254">
        <ele>7.4</ele>
      </trkpt>
      <trkpt lat="51.89555830322206" lon="4.485617559403181">
        <ele>7.54</ele>
      </trkpt>
      <trkpt lat="51.89544439315796" lon="4.485297203063965">
        <ele>7.71</ele>
      </trkpt>
      <trkpt lat="51.89537666738033" lon="4.48505119420588">
        <ele>7.85</ele>
      </trkpt>
      <trkpt lat="51.8953094445169" lon="4.484806442633271">
        <ele>7.98</ele>
      </trkpt>
      <trkpt lat="51.89520844258368" lon="4.484438896179199">
        <ele>8.13</ele>
      </trkpt>
      <trkpt lat="51.895122611895204" lon="4.484009742736816">
        <ele>8.33</ele>
      </trkpt>
      <trkpt lat="51.895058238878846" lon="4.483623504638672">
        <ele>8.45</ele>
      </trkpt>
      <trkpt lat="51.8949864897877" lon="4.483279259875417">
        <ele>8.56</ele>
      </trkpt>
      <trkpt lat="51.89491474069655" lon="4.482935015112162">
        <ele>8.68</ele>
      </trkpt>
      <trkpt lat="51.89484357833862" lon="4.482593536376953">
        <ele>8.82</ele>
      </trkpt>
      <trkpt lat="51.894843662157655" lon="4.482593536376953">
        <ele>8.92</ele>
      </trkpt>
      <trkpt lat="51.89476470462978" lon="4.4822420831769705">
        <ele>9.05</ele>
      </trkpt>
      <trkpt lat="51.894685830920935" lon="4.4818907137960196">
        <ele>9.12</ele>
      </trkpt>
      <trkpt lat="51.89460754394531" lon="4.481542110443115">
        <ele>9.18</ele>
      </trkpt>
      <trkpt lat="51.89454325474799" lon="4.481327533721924">
        <ele>9.28</ele>
      </trkpt>
      <trkpt lat="51.89445742405951" lon="4.480876922607422">
        <ele>9.39</ele>
      </trkpt>
      <trkpt lat="51.89441442489624" lon="4.480597972869873">
        <ele>9.42</ele>
      </trkpt>
      <trkpt lat="51.89431753009558" lon="4.4801245629787445">
        <ele>9.4</ele>
      </trkpt>
      <trkpt lat="51.894220719113946" lon="4.479651236906648">
        <ele>9.33</ele>
      </trkpt>
      <trkpt lat="51.894123908132315" lon="4.479177910834551">
        <ele>9.25</ele>
      </trkpt>
      <trkpt lat="51.894028186798096" lon="4.478709697723389">
        <ele>9.21</ele>
      </trkpt>
      <trkpt lat="51.893952917307615" lon="4.478354640305042">
        <ele>9.15</ele>
      </trkpt>
      <trkpt lat="51.89387806691229" lon="4.478001594543457">
        <ele>9.09</ele>
      </trkpt>
      <trkpt lat="51.89381344243884" lon="4.477732619270682">
        <ele>9.04</ele>
      </trkpt>
      <trkpt lat="51.89374923706055" lon="4.4774651527404785">
        <ele>9.06</ele>
      </trkpt>
      <trkpt lat="51.89374932087958" lon="4.4774651527404785">
        <ele>9.02</ele>
      </trkpt>
      <trkpt lat="51.893684696406126" lon="4.4771423656493425">
        <ele>9.07</ele>
      </trkpt>
      <trkpt lat="51.89362049102783" lon="4.476821422576904">
        <ele>9.07</ele>
      </trkpt>
      <trkpt lat="51.893556201830506" lon="4.476521015167236">
        <ele>8.98</ele>
      </trkpt>
      <trkpt lat="51.893556118011475" lon="4.476521015167236">
        <ele>8.93</ele>
      </trkpt>
      <trkpt lat="51.89348076470196" lon="4.476176770403981">
        <ele>8.78</ele>
      </trkpt>
      <trkpt lat="51.89340591430664" lon="4.475834369659424">
        <ele>8.65</ele>
      </trkpt>
      <trkpt lat="51.893320083618164" lon="4.475576877593994">
        <ele>8.58</ele>
      </trkpt>
      <trkpt lat="51.893320083618164" lon="4.47519063949585">
        <ele>8.52</ele>
      </trkpt>
      <trkpt lat="51.893384624272585" lon="4.474814040586352">
        <ele>8.46</ele>
      </trkpt>
      <trkpt lat="51.89344891346991" lon="4.47443962097168">
        <ele>8.38</ele>
      </trkpt>
      <trkpt lat="51.89344891346991" lon="4.474375247955322">
        <ele>8.31</ele>
      </trkpt>
      <trkpt lat="51.89353482797742" lon="4.474106356501579">
        <ele>8.26</ele>
      </trkpt>
      <trkpt lat="51.89362049102783" lon="4.473838806152344">
        <ele>8.26</ele>
      </trkpt>
      <trkpt lat="51.89377639442682" lon="4.473446281626821">
        <ele>8.45</ele>
      </trkpt>
      <trkpt lat="51.89393229782581" lon="4.473053840920329">
        <ele>8.48</ele>
      </trkpt>
      <trkpt lat="51.894088201224804" lon="4.472661400213838">
        <ele>8.16</ele>
      </trkpt>
      <trkpt lat="51.89424284733832" lon="4.4722723960876465">
        <ele>7.75</ele>
      </trkpt>
      <trkpt lat="51.89432884566486" lon="4.472057316452265">
        <ele>7.56</ele>
      </trkpt>
      <trkpt lat="51.89441450871527" lon="4.471843242645264">
        <ele>7.39</ele>
      </trkpt>
      <trkpt lat="51.89441442489624" lon="4.471843242645264">
        <ele>7.26</ele>
      </trkpt>
      <trkpt lat="51.894564628601074" lon="4.471499919891357">
        <ele>7.1</ele>
      </trkpt>
      <trkpt lat="51.894740145653486" lon="4.471166655421257">
        <ele>6.98</ele>
      </trkpt>
      <trkpt lat="51.89491574652493" lon="4.470833474770188">
        <ele>6.93</ele>
      </trkpt>
      <trkpt lat="51.895091347396374" lon="4.47050029411912">
        <ele>6.87</ele>
      </trkpt>
      <trkpt lat="51.895266864448786" lon="4.470167113468051">
        <ele>6.65</ele>
      </trkpt>
      <trkpt lat="51.89544246532023" lon="4.4698338489979506">
        <ele>6.43</ele>
      </trkpt>
      <trkpt lat="51.895616138353944" lon="4.469504356384277">
        <ele>6.25</ele>
      </trkpt>
      <trkpt lat="51.89561605453491" lon="4.469504356384277">
        <ele>6.12</ele>
      </trkpt>
      <trkpt lat="51.895766258239746" lon="4.469203948974609">
        <ele>6.0</ele>
      </trkpt>
      <trkpt lat="51.895809173583984" lon="4.469032287597656">
        <ele>5.86</ele>
      </trkpt>
      <trkpt lat="51.895819902420044" lon="4.468774041160941">
        <ele>5.73</ele>
      </trkpt>
      <trkpt lat="51.895830715075135" lon="4.468517303466797">
        <ele>5.67</ele>
      </trkpt>
      <trkpt lat="51.8957877997309" lon="4.468324184417725">
        <ele>5.59</ele>
      </trkpt>
      <trkpt lat="51.89574480056763" lon="4.4681525230407715">
        <ele>5.52</ele>
      </trkpt>
      <trkpt lat="51.89574488438666" lon="4.4681525230407715">
        <ele>5.44</ele>
      </trkpt>
      <trkpt lat="51.89561580307782" lon="4.467865778133273">
        <ele>5.4</ele>
      </trkpt>
      <trkpt lat="51.89548680558801" lon="4.4675791170448065">
        <ele>5.36</ele>
      </trkpt>
      <trkpt lat="51.895358646288514" lon="4.467294216156006">
        <ele>5.31</ele>
      </trkpt>
      <trkpt lat="51.895315647125244" lon="4.467101097106934">
        <ele>5.25</ele>
      </trkpt>
      <trkpt lat="51.89527281560004" lon="4.466650485992432">
        <ele>5.17</ele>
      </trkpt>
      <trkpt lat="51.89518690109253" lon="4.466242790222168">
        <ele>5.07</ele>
      </trkpt>
      <trkpt lat="51.89518698491156" lon="4.466242790222168">
        <ele>5.03</ele>
      </trkpt>
      <trkpt lat="51.895122611895204" lon="4.466028213500977">
        <ele>4.97</ele>
      </trkpt>
      <trkpt lat="51.89502580091357" lon="4.465662427246571">
        <ele>4.93</ele>
      </trkpt>
      <trkpt lat="51.89492898993194" lon="4.465296724811196">
        <ele>4.88</ele>
      </trkpt>
      <trkpt lat="51.89483217895031" lon="4.464931106194854">
        <ele>4.86</ele>
      </trkpt>
      <trkpt lat="51.89473637379706" lon="4.464569091796875">
        <ele>4.85</ele>
      </trkpt>
      <trkpt lat="51.89465029165149" lon="4.464278658851981">
        <ele>4.87</ele>
      </trkpt>
      <trkpt lat="51.894564712420106" lon="4.463989734649658">
        <ele>4.9</ele>
      </trkpt>
      <trkpt lat="51.89445708878338" lon="4.4635917618870735">
        <ele>4.96</ele>
      </trkpt>
      <trkpt lat="51.894350135698915" lon="4.46319580078125">
        <ele>4.98</ele>
      </trkpt>
      <trkpt lat="51.89428576268256" lon="4.462981224060059">
        <ele>4.99</ele>
      </trkpt>
      <trkpt lat="51.894071102142334" lon="4.462637901306152">
        <ele>4.98</ele>
      </trkpt>
      <trkpt lat="51.894071185961366" lon="4.462637901306152">
        <ele>4.98</ele>
      </trkpt>
      <trkpt lat="51.89398527145386" lon="4.46244478225708">
        <ele>4.99</ele>
      </trkpt>
      <trkpt lat="51.89379190094769" lon="4.462165413424373">
        <ele>4.93</ele>
      </trkpt>
      <trkpt lat="51.893599117174745" lon="4.461886882781982">
        <ele>4.9</ele>
      </trkpt>
      <trkpt lat="51.89351328648627" lon="4.461801052093506">
        <ele>4.88</ele>
      </trkpt>
      <trkpt lat="51.89342737197876" lon="4.461736679077148">
        <ele>4.87</ele>
      </trkpt>
      <trkpt lat="51.893341625109315" lon="4.46169376373291">
        <ele>4.88</ele>
      </trkpt>
      <trkpt lat="51.893320167437196" lon="4.461672306060791">
        <ele>4.88</ele>
      </trkpt>
      <trkpt lat="51.89309469424188" lon="4.461548840627074">
        <ele>4.91</ele>
      </trkpt>
      <trkpt lat="51.89286922104657" lon="4.4614253751933575">
        <ele>4.95</ele>
      </trkpt>
      <trkpt lat="51.892643831670284" lon="4.461301909759641">
        <ele>4.94</ele>
      </trkpt>
      <trkpt lat="51.89241894520819" lon="4.461178779602051">
        <ele>4.9</ele>
      </trkpt>
      <trkpt lat="51.89241886138916" lon="4.461178779602051">
        <ele>4.88</ele>
      </trkpt>
      <trkpt lat="51.89214510843158" lon="4.461006950587034">
        <ele>4.81</ele>
      </trkpt>
      <trkpt lat="51.891871355473995" lon="4.460835205391049">
        <ele>4.76</ele>
      </trkpt>
      <trkpt lat="51.89159760251641" lon="4.460663376376033">
        <ele>4.76</ele>
      </trkpt>
      <trkpt lat="51.891324603930116" lon="4.460492134094238">
        <ele>4.76</ele>
      </trkpt>
      <trkpt lat="51.89126023091376" lon="4.460470676422119">
        <ele>4.73</ele>
      </trkpt>
      <trkpt lat="51.89117440022528" lon="4.460406303405762">
        <ele>4.69</ele>
      </trkpt>
      <trkpt lat="51.891110027208924" lon="4.460384845733643">
        <ele>4.65</ele>
      </trkpt>
      <trkpt lat="51.891110027208924" lon="4.460363388061523">
        <ele>4.61</ele>
      </trkpt>
      <trkpt lat="51.89102419652045" lon="4.460320472717285">
        <ele>4.57</ele>
      </trkpt>
      <trkpt lat="51.890787994489074" lon="4.460202371701598">
        <ele>4.5</ele>
      </trkpt>
      <trkpt lat="51.8905517924577" lon="4.460084270685911">
        <ele>4.44</ele>
      </trkpt>
      <trkpt lat="51.89031567424536" lon="4.459966169670224">
        <ele>4.41</ele>
      </trkpt>
      <trkpt lat="51.890080058947206" lon="4.459848403930664">
        <ele>4.38</ele>
      </trkpt>
      <trkpt lat="51.88982952386141" lon="4.45970163680613">
        <ele>4.32</ele>
      </trkpt>
      <trkpt lat="51.88957898877561" lon="4.459554869681597">
        <ele>4.29</ele>
      </trkpt>
      <trkpt lat="51.889328537508845" lon="4.459408186376095">
        <ele>4.27</ele>
      </trkpt>
      <trkpt lat="51.88907800242305" lon="4.459261419251561">
        <ele>4.2</ele>
      </trkpt>
      <trkpt lat="51.88882755115628" lon="4.459114735946059">
        <ele>4.14</ele>
      </trkpt>
      <trkpt lat="51.888578021898866" lon="4.458968639373779">
        <ele>4.09</ele>
      </trkpt>
      <trkpt lat="51.88837400637567" lon="4.458839725703001">
        <ele>4.06</ele>
      </trkpt>
      <trkpt lat="51.8881703261286" lon="4.45871114730835">
        <ele>4.04</ele>
      </trkpt>
      <trkpt lat="51.88814886845648" lon="4.458668231964111">
        <ele>4.04</ele>
      </trkpt>
      <trkpt lat="51.888084495440125" lon="4.458646774291992">
        <ele>4.04</ele>
      </trkpt>
      <trkpt lat="51.88795574940741" lon="4.458582401275635">
        <ele>4.05</ele>
      </trkpt>
      <trkpt lat="51.887827003374696" lon="4.458496570587158">
        <ele>4.06</ele>
      </trkpt>
      <trkpt lat="51.887569511309266" lon="4.458367824554443">
        <ele>4.05</ele>
      </trkpt>
      <trkpt lat="51.887569427490234" lon="4.458367824554443">
        <ele>4.08</ele>
      </trkpt>
      <trkpt lat="51.88730103895068" lon="4.458217453211546">
        <ele>4.14</ele>
      </trkpt>
      <trkpt lat="51.88703265041113" lon="4.45806716568768">
        <ele>4.22</ele>
      </trkpt>
      <trkpt lat="51.886764261871576" lon="4.4579168781638145">
        <ele>4.33</ele>
      </trkpt>
      <trkpt lat="51.886495873332024" lon="4.457766590639949">
        <ele>4.35</ele>
      </trkpt>
      <trkpt lat="51.88622748479247" lon="4.457616303116083">
        <ele>4.36</ele>
      </trkpt>
      <trkpt lat="51.88595909625292" lon="4.457465931773186">
        <ele>4.49</ele>
      </trkpt>
      <trkpt lat="51.885690707713366" lon="4.45731564424932">
        <ele>4.67</ele>
      </trkpt>
      <trkpt lat="51.88542374409735" lon="4.4571661949157715">
        <ele>4.78</ele>
      </trkpt>
      <trkpt lat="51.885380828753114" lon="4.457144737243652">
        <ele>4.88</ele>
      </trkpt>
      <trkpt lat="51.88538074493408" lon="4.457144737243652">
        <ele>4.98</ele>
      </trkpt>
      <trkpt lat="51.88510313630104" lon="4.456986738368869">
        <ele>5.06</ele>
      </trkpt>
      <trkpt lat="51.884825527668" lon="4.456828739494085">
        <ele>5.23</ele>
      </trkpt>
      <trkpt lat="51.88454791903496" lon="4.456670740619302">
        <ele>5.33</ele>
      </trkpt>
      <trkpt lat="51.88427039422095" lon="4.456512741744518">
        <ele>5.38</ele>
      </trkpt>
      <trkpt lat="51.88399278558791" lon="4.4563548266887665">
        <ele>5.42</ele>
      </trkpt>
      <trkpt lat="51.883715176954865" lon="4.456196827813983">
        <ele>5.5</ele>
      </trkpt>
      <trkpt lat="51.883437568321824" lon="4.4560388289391994">
        <ele>5.55</ele>
      </trkpt>
      <trkpt lat="51.883160043507814" lon="4.455880913883448">
        <ele>5.66</ele>
      </trkpt>
      <trkpt lat="51.88288243487477" lon="4.455722915008664">
        <ele>5.81</ele>
      </trkpt>
      <trkpt lat="51.88260482624173" lon="4.455564916133881">
        <ele>5.91</ele>
      </trkpt>
      <trkpt lat="51.88232721760869" lon="4.455407001078129">
        <ele>6.04</ele>
      </trkpt>
      <trkpt lat="51.88204969279468" lon="4.455249002203345">
        <ele>6.19</ele>
      </trkpt>
      <trkpt lat="51.88177208416164" lon="4.455091003328562">
        <ele>6.4</ele>
      </trkpt>
      <trkpt lat="51.88149699009955" lon="4.454934597015381">
        <ele>6.56</ele>
      </trkpt>
      <trkpt lat="51.88149690628052" lon="4.454934597015381">
        <ele>6.61</ele>
      </trkpt>
      <trkpt lat="51.881239246577024" lon="4.4547842256724834">
        <ele>6.65</ele>
      </trkpt>
      <trkpt lat="51.88098200596869" lon="4.454634189605713">
        <ele>6.59</ele>
      </trkpt>
      <trkpt lat="51.88081034459174" lon="4.454526901245117">
        <ele>6.55</ele>
      </trkpt>
      <trkpt lat="51.8805634137243" lon="4.454387258738279">
        <ele>6.49</ele>
      </trkpt>
      <trkpt lat="51.880316818133" lon="4.454247951507568">
        <ele>6.44</ele>
      </trkpt>
      <trkpt lat="51.88002688810229" lon="4.454079726710916">
        <ele>6.42</ele>
      </trkpt>
      <trkpt lat="51.87973704189062" lon="4.453911501914263">
        <ele>6.41</ele>
      </trkpt>
      <trkpt lat="51.87944711185992" lon="4.45374327711761">
        <ele>6.39</ele>
      </trkpt>
      <trkpt lat="51.879157265648246" lon="4.453575136139989">
        <ele>6.35</ele>
      </trkpt>
      <trkpt lat="51.878867419436574" lon="4.453406911343336">
        <ele>6.33</ele>
      </trkpt>
      <trkpt lat="51.878578662872314" lon="4.453239440917969">
        <ele>6.28</ele>
      </trkpt>
      <trkpt lat="51.87837456353009" lon="4.453056799247861">
        <ele>6.22</ele>
      </trkpt>
      <trkpt lat="51.87817096710205" lon="4.452874660491943">
        <ele>6.15</ele>
      </trkpt>
      <trkpt lat="51.87817096710205" lon="4.452660083770752">
        <ele>6.07</ele>
      </trkpt>
      <trkpt lat="51.87821396626532" lon="4.452265547588468">
        <ele>5.98</ele>
      </trkpt>
      <trkpt lat="51.87825704924762" lon="4.451871011406183">
        <ele>5.94</ele>
      </trkpt>
      <trkpt lat="51.8782997969538" lon="4.451479911804199">
        <ele>5.94</ele>
      </trkpt>
      <trkpt lat="51.878299713134766" lon="4.451479911804199">
        <ele>5.89</ele>
      </trkpt>
      <trkpt lat="51.878351932391524" lon="4.451018739491701">
        <ele>5.88</ele>
      </trkpt>
      <trkpt lat="51.878404235467315" lon="4.450557650998235">
        <ele>5.87</ele>
      </trkpt>
      <trkpt lat="51.878456538543105" lon="4.450096562504768">
        <ele>5.8</ele>
      </trkpt>
      <trkpt lat="51.878508757799864" lon="4.449635474011302">
        <ele>5.71</ele>
      </trkpt>
      <trkpt lat="51.878561060875654" lon="4.449174301698804">
        <ele>5.67</ele>
      </trkpt>
      <trkpt lat="51.878613363951445" lon="4.4487132132053375">
        <ele>5.62</ele>
      </trkpt>
      <trkpt lat="51.87866457737982" lon="4.448261260986328">
        <ele>5.54</ele>
      </trkpt>
      <trkpt lat="51.87868603505194" lon="4.448003768920898">
        <ele>5.53</ele>
      </trkpt>
      <trkpt lat="51.87870749272406" lon="4.447789192199707">
        <ele>5.56</ele>
      </trkpt>
      <trkpt lat="51.87875049188733" lon="4.447437655180693">
        <ele>5.58</ele>
      </trkpt>
      <trkpt lat="51.8787934910506" lon="4.44708620198071">
        <ele>5.64</ele>
      </trkpt>
      <trkpt lat="51.878836238756776" lon="4.446737766265869">
        <ele>5.75</ele>
      </trkpt>
      <trkpt lat="51.878836154937744" lon="4.446737766265869">
        <ele>5.78</ele>
      </trkpt>
      <trkpt lat="51.87877178192139" lon="4.446523189544678">
        <ele>5.85</ele>
      </trkpt>
      <trkpt lat="51.878793239593506" lon="4.446372985839844">
        <ele>5.89</ele>
      </trkpt>
      <trkpt lat="51.87884604558349" lon="4.445903431624174">
        <ele>5.86</ele>
      </trkpt>
      <trkpt lat="51.87889885157347" lon="4.445433961227536">
        <ele>5.83</ele>
      </trkpt>
      <trkpt lat="51.87895174138248" lon="4.444964490830898">
        <ele>5.92</ele>
      </trkpt>
      <trkpt lat="51.87900454737246" lon="4.44449502043426">
        <ele>6.03</ele>
      </trkpt>
      <trkpt lat="51.87905735336244" lon="4.444025466218591">
        <ele>6.13</ele>
      </trkpt>
      <trkpt lat="51.87911024317145" lon="4.443555995821953">
        <ele>6.2</ele>
      </trkpt>
      <trkpt lat="51.879163049161434" lon="4.443086525425315">
        <ele>6.24</ele>
      </trkpt>
      <trkpt lat="51.879215855151415" lon="4.442617055028677">
        <ele>6.31</ele>
      </trkpt>
      <trkpt lat="51.87926874496043" lon="4.442147584632039">
        <ele>6.44</ele>
      </trkpt>
      <trkpt lat="51.87932155095041" lon="4.441678030416369">
        <ele>6.52</ele>
      </trkpt>
      <trkpt lat="51.879372680559754" lon="4.44122314453125">
        <ele>6.56</ele>
      </trkpt>
      <trkpt lat="51.87937259674072" lon="4.44122314453125">
        <ele>6.64</ele>
      </trkpt>
      <trkpt lat="51.87943705357611" lon="4.440772533416748">
        <ele>6.71</ele>
      </trkpt>
      <trkpt lat="51.87948717735708" lon="4.4402847066521645">
        <ele>6.8</ele>
      </trkpt>
      <trkpt lat="51.879537384957075" lon="4.439796963706613">
        <ele>6.86</ele>
      </trkpt>
      <trkpt lat="51.879587173461914" lon="4.4393134117126465">
        <ele>7.04</ele>
      </trkpt>
      <trkpt lat="51.879587257280946" lon="4.4388628005981445">
        <ele>7.28</ele>
      </trkpt>
      <trkpt lat="51.879587173461914" lon="4.438550742343068">
        <ele>7.35</ele>
      </trkpt>
      <trkpt lat="51.879587173461914" lon="4.4382405281066895">
        <ele>7.38</ele>
      </trkpt>
      <trkpt lat="51.87950109131634" lon="4.437788659706712">
        <ele>7.43</ele>
      </trkpt>
      <trkpt lat="51.87941559590399" lon="4.4373393058776855">
        <ele>7.42</ele>
      </trkpt>
      <trkpt lat="51.8793511390686" lon="4.437124729156494">
        <ele>7.44</ele>
      </trkpt>
      <trkpt lat="51.879372680559754" lon="4.436931610107422">
        <ele>7.43</ele>
      </trkpt>
      <trkpt lat="51.87937259674072" lon="4.436802864074707">
        <ele>7.46</ele>
      </trkpt>
      <trkpt lat="51.87929724343121" lon="4.436576971784234">
        <ele>7.48</ele>
      </trkpt>
      <trkpt lat="51.87922239303589" lon="4.436352252960205">
        <ele>7.53</ele>
      </trkpt>
      <trkpt lat="51.879136646166444" lon="4.436202049255371">
        <ele>7.53</ele>
      </trkpt>
      <trkpt lat="51.87913656234741" lon="4.436202049255371">
        <ele>7.49</ele>
      </trkpt>
      <trkpt lat="51.879093730822206" lon="4.436159133911133">
        <ele>7.44</ele>
      </trkpt>
      <trkpt lat="51.87892198562622" lon="4.435901641845703">
        <ele>7.38</ele>
      </trkpt>
      <trkpt lat="51.87883590348065" lon="4.435611208900809">
        <ele>7.31</ele>
      </trkpt>
      <trkpt lat="51.87875032424927" lon="4.435322284698486">
        <ele>7.23</ele>
      </trkpt>
      <trkpt lat="51.87868578359485" lon="4.435042580589652">
        <ele>7.1</ele>
      </trkpt>
      <trkpt lat="51.878621662035584" lon="4.434764385223389">
        <ele>6.98</ele>
      </trkpt>
      <trkpt lat="51.87854630872607" lon="4.434473952278495">
        <ele>6.87</ele>
      </trkpt>
      <trkpt lat="51.87847137451172" lon="4.434185028076172">
        <ele>6.72</ele>
      </trkpt>
      <trkpt lat="51.87842854298651" lon="4.4338202476501465">
        <ele>6.5</ele>
      </trkpt>
      <trkpt lat="51.87842854298651" lon="4.433412551879883">
        <ele>6.3</ele>
      </trkpt>
      <trkpt lat="51.87842845916748" lon="4.433412551879883">
        <ele>6.18</ele>
      </trkpt>
      <trkpt lat="51.87842854298651" lon="4.433326721191406">
        <ele>6.06</ele>
      </trkpt>
      <trkpt lat="51.8784499168396" lon="4.433197975158691">
        <ele>5.93</ele>
      </trkpt>
      <trkpt lat="51.878364169970155" lon="4.433047771453857">
        <ele>5.81</ele>
      </trkpt>
      <trkpt lat="51.878364169970155" lon="4.433026313781738">
        <ele>5.72</ele>
      </trkpt>
      <trkpt lat="51.87832125462592" lon="4.432854652404785">
        <ele>5.64</ele>
      </trkpt>
      <trkpt lat="51.8782997969538" lon="4.432811737060547">
        <ele>5.56</ele>
      </trkpt>
      <trkpt lat="51.87825688160956" lon="4.432661533355713">
        <ele>5.51</ele>
      </trkpt>
      <trkpt lat="51.87814950942993" lon="4.432640075683594">
        <ele>5.45</ele>
      </trkpt>
      <trkpt lat="51.87814959324896" lon="4.432640075683594">
        <ele>5.39</ele>
      </trkpt>
      <trkpt lat="51.878042221069336" lon="4.432575702667236">
        <ele>5.34</ele>
      </trkpt>
      <trkpt lat="51.87795639038086" lon="4.432339668273926">
        <ele>5.35</ele>
      </trkpt>
      <trkpt lat="51.87769562937319" lon="4.432189296931028">
        <ele>5.33</ele>
      </trkpt>
      <trkpt lat="51.87743495218456" lon="4.432039009407163">
        <ele>5.34</ele>
      </trkpt>
      <trkpt lat="51.87717419117689" lon="4.431888721883297">
        <ele>5.34</ele>
      </trkpt>
      <trkpt lat="51.87691351398826" lon="4.431738434359431">
        <ele>5.27</ele>
      </trkpt>
      <trkpt lat="51.87665275298059" lon="4.431588146835566">
        <ele>5.2</ele>
      </trkpt>
      <trkpt lat="51.876392075791955" lon="4.431437775492668">
        <ele>5.25</ele>
      </trkpt>
      <trkpt lat="51.876132572069764" lon="4.431288242340088">
        <ele>5.37</ele>
      </trkpt>
      <trkpt lat="51.87606819905341" lon="4.431266784667969">
        <ele>5.41</ele>
      </trkpt>
      <trkpt lat="51.87596091069281" lon="4.431202411651611">
        <ele>5.46</ele>
      </trkpt>
      <trkpt lat="51.875832164660096" lon="4.431138038635254">
        <ele>5.5</ele>
      </trkpt>
      <trkpt lat="51.875789165496826" lon="4.431095123291016">
        <ele>5.54</ele>
      </trkpt>
      <trkpt lat="51.87578924931586" lon="4.431095123291016">
        <ele>5.58</ele>
      </trkpt>
      <trkpt lat="51.875505773350596" lon="4.43096193484962">
        <ele>5.63</ele>
      </trkpt>
      <trkpt lat="51.87522238120437" lon="4.430828830227256">
        <ele>5.67</ele>
      </trkpt>
      <trkpt lat="51.87493898905814" lon="4.430695725604892">
        <ele>5.66</ele>
      </trkpt>
      <trkpt lat="51.87465559691191" lon="4.430562620982528">
        <ele>5.62</ele>
      </trkpt>
      <trkpt lat="51.874373042955995" lon="4.430429935455322">
        <ele>5.62</ele>
      </trkpt>
      <trkpt lat="51.87412602826953" lon="4.430311834439635">
        <ele>5.67</ele>
      </trkpt>
      <trkpt lat="51.87387943267822" lon="4.430193901062012">
        <ele>5.73</ele>
      </trkpt>
      <trkpt lat="51.87360559590161" lon="4.43003011867404">
        <ele>5.77</ele>
      </trkpt>
      <trkpt lat="51.873331842944026" lon="4.4298664201051">
        <ele>5.82</ele>
      </trkpt>
      <trkpt lat="51.87305808998644" lon="4.429702637717128">
        <ele>5.89</ele>
      </trkpt>
      <trkpt lat="51.87278433702886" lon="4.429538939148188">
        <ele>5.96</ele>
      </trkpt>
      <trkpt lat="51.87251058407128" lon="4.4293752405792475">
        <ele>5.99</ele>
      </trkpt>
      <trkpt lat="51.872236831113696" lon="4.429211458191276">
        <ele>5.98</ele>
      </trkpt>
      <trkpt lat="51.871963078156114" lon="4.429047759622335">
        <ele>5.96</ele>
      </trkpt>
      <trkpt lat="51.87169075012207" lon="4.428884983062744">
        <ele>5.99</ele>
      </trkpt>
      <trkpt lat="51.871562004089355" lon="4.428756237030029">
        <ele>5.98</ele>
      </trkpt>
      <trkpt lat="51.87147617340088" lon="4.428606033325195">
        <ele>5.93</ele>
      </trkpt>
      <trkpt lat="51.87145471572876" lon="4.428434371948242">
        <ele>5.82</ele>
      </trkpt>
      <trkpt lat="51.87145471572876" lon="4.428198337554932">
        <ele>5.68</ele>
      </trkpt>
      <trkpt lat="51.8715407140553" lon="4.427751833572984">
        <ele>5.5</ele>
      </trkpt>
      <trkpt lat="51.87162679620087" lon="4.427305413410068">
        <ele>5.36</ele>
      </trkpt>
      <trkpt lat="51.87171287834644" lon="4.426858993247151">
        <ele>5.29</ele>
      </trkpt>
      <trkpt lat="51.871798038482666" lon="4.426417350769043">
        <ele>5.2</ele>
      </trkpt>
      <trkpt lat="51.871927035972476" lon="4.425958441570401">
        <ele>5.02</ele>
      </trkpt>
      <trkpt lat="51.87205611728132" lon="4.425499532371759">
        <ele>4.88</ele>
      </trkpt>
      <trkpt lat="51.87218427658081" lon="4.425044059753418">
        <ele>4.77</ele>
      </trkpt>
      <trkpt lat="51.87227027490735" lon="4.424577858299017">
        <ele>4.63</ele>
      </trkpt>
      <trkpt lat="51.87235635705292" lon="4.424111656844616">
        <ele>4.51</ele>
      </trkpt>
      <trkpt lat="51.87244176864624" lon="4.423649311065674">
        <ele>4.41</ele>
      </trkpt>
      <trkpt lat="51.87250195071101" lon="4.423205992206931">
        <ele>4.32</ele>
      </trkpt>
      <trkpt lat="51.872562216594815" lon="4.42276275716722">
        <ele>4.25</ele>
      </trkpt>
      <trkpt lat="51.87262248247862" lon="4.422319522127509">
        <ele>4.21</ele>
      </trkpt>
      <trkpt lat="51.87268274836242" lon="4.421876203268766">
        <ele>4.17</ele>
      </trkpt>
      <trkpt lat="51.87274217605591" lon="4.421439170837402">
        <ele>4.07</ele>
      </trkpt>
      <trkpt lat="51.87283060513437" lon="4.420974142849445">
        <ele>3.92</ele>
      </trkpt>
      <trkpt lat="51.87291903421283" lon="4.42050919868052">
        <ele>3.91</ele>
      </trkpt>
      <trkpt lat="51.87300754711032" lon="4.420044254511595">
        <ele>3.97</ele>
      </trkpt>
      <trkpt lat="51.87309597618878" lon="4.4195793103426695">
        <ele>3.94</ele>
      </trkpt>
      <trkpt lat="51.87318448908627" lon="4.419114366173744">
        <ele>3.8</ele>
      </trkpt>
      <trkpt lat="51.87327291816473" lon="4.418649422004819">
        <ele>3.76</ele>
      </trkpt>
      <trkpt lat="51.87336143106222" lon="4.418184477835894">
        <ele>3.75</ele>
      </trkpt>
      <trkpt lat="51.87344986014068" lon="4.417719533666968">
        <ele>3.73</ele>
      </trkpt>
      <trkpt lat="51.87353837303817" lon="4.417254505679011">
        <ele>3.75</ele>
      </trkpt>
      <trkpt lat="51.87362680211663" lon="4.416789561510086">
        <ele>3.67</ele>
      </trkpt>
      <trkpt lat="51.87371523119509" lon="4.416324617341161">
        <ele>3.63</ele>
      </trkpt>
      <trkpt lat="51.873803744092584" lon="4.4158596731722355">
        <ele>3.72</ele>
      </trkpt>
      <trkpt lat="51.87389217317104" lon="4.41539472900331">
        <ele>3.87</ele>
      </trkpt>
      <trkpt lat="51.873980686068535" lon="4.414929701015353">
        <ele>3.93</ele>
      </trkpt>
      <trkpt lat="51.874069115146995" lon="4.414464756846428">
        <ele>3.66</ele>
      </trkpt>
      <trkpt lat="51.874157628044486" lon="4.413999812677503">
        <ele>3.62</ele>
      </trkpt>
      <trkpt lat="51.874246057122946" lon="4.413534868508577">
        <ele>3.74</ele>
      </trkpt>
      <trkpt lat="51.874330043792725" lon="4.413092136383057">
        <ele>3.92</ele>
      </trkpt>
      <trkpt lat="51.87437295913696" lon="4.412598609924316">
        <ele>4.06</ele>
      </trkpt>
      <trkpt lat="51.87448033131659" lon="4.412641525268555">
        <ele>4.14</ele>
      </trkpt>
      <trkpt lat="51.874587619677186" lon="4.412662982940674">
        <ele>4.16</ele>
      </trkpt>
      <trkpt lat="51.87467336654663" lon="4.412641525268555">
        <ele>4.1</ele>
      </trkpt>
      <trkpt lat="51.87472709454596" lon="4.41236182115972">
        <ele>4.11</ele>
      </trkpt>
      <trkpt lat="51.87478065490723" lon="4.412083625793457">
        <ele>4.07</ele>
      </trkpt>
      <trkpt lat="51.87487268820405" lon="4.41160686314106">
        <ele>3.87</ele>
      </trkpt>
      <trkpt lat="51.874964805319905" lon="4.411130100488663">
        <ele>3.71</ele>
      </trkpt>
      <trkpt lat="51.87505692243576" lon="4.410653337836266">
        <ele>3.58</ele>
      </trkpt>
      <trkpt lat="51.875149039551616" lon="4.410176575183868">
        <ele>3.51</ele>
      </trkpt>
      <trkpt lat="51.87524115666747" lon="4.409699812531471">
        <ele>3.49</ele>
      </trkpt>
      <trkpt lat="51.875333273783326" lon="4.409223133698106">
        <ele>3.41</ele>
      </trkpt>
      <trkpt lat="51.87542539089918" lon="4.408746371045709">
        <ele>3.36</ele>
      </trkpt>
      <trkpt lat="51.87551750801504" lon="4.4082696083933115">
        <ele>3.43</ele>
      </trkpt>
      <trkpt lat="51.87560962513089" lon="4.407792845740914">
        <ele>3.45</ele>
      </trkpt>
      <trkpt lat="51.87570174224675" lon="4.407316083088517">
        <ele>3.46</ele>
      </trkpt>
      <trkpt lat="51.8757938593626" lon="4.40683932043612">
        <ele>3.47</ele>
      </trkpt>
      <trkpt lat="51.875885892659426" lon="4.406362557783723">
        <ele>3.42</ele>
      </trkpt>
      <trkpt lat="51.87597800977528" lon="4.405885795131326">
        <ele>3.4</ele>
      </trkpt>
      <trkpt lat="51.876070126891136" lon="4.405409032478929">
        <ele>3.37</ele>
      </trkpt>
      <trkpt lat="51.87616224400699" lon="4.404932269826531">
        <ele>3.39</ele>
      </trkpt>
      <trkpt lat="51.87625436112285" lon="4.404455507174134">
        <ele>3.52</ele>
      </trkpt>
      <trkpt lat="51.8763464782387" lon="4.403978744521737">
        <ele>3.53</ele>
      </trkpt>
      <trkpt lat="51.87643859535456" lon="4.40350198186934">
        <ele>3.54</ele>
      </trkpt>
      <trkpt lat="51.87653071247041" lon="4.403025219216943">
        <ele>3.6</ele>
      </trkpt>
      <trkpt lat="51.87662282958627" lon="4.402548456564546">
        <ele>3.65</ele>
      </trkpt>
      <trkpt lat="51.87671494670212" lon="4.4020716939121485">
        <ele>3.71</ele>
      </trkpt>
      <trkpt lat="51.87680706381798" lon="4.401594931259751">
        <ele>3.7</ele>
      </trkpt>
      <trkpt lat="51.87689918093383" lon="4.401118168607354">
        <ele>3.79</ele>
      </trkpt>
      <trkpt lat="51.87699121423066" lon="4.400641405954957">
        <ele>3.8</ele>
      </trkpt>
      <trkpt lat="51.877076709643006" lon="4.400196075439453">
        <ele>3.78</ele>
      </trkpt>
      <trkpt lat="51.877076625823975" lon="4.400196075439453">
        <ele>3.8</ele>
      </trkpt>
      <trkpt lat="51.87715910375118" lon="4.399758540093899">
        <ele>3.82</ele>
      </trkpt>
      <trkpt lat="51.87724158167839" lon="4.399321088567376">
        <ele>3.83</ele>
      </trkpt>
      <trkpt lat="51.8773240596056" lon="4.3988836370408535">
        <ele>3.77</ele>
      </trkpt>
      <trkpt lat="51.877406537532806" lon="4.398446101695299">
        <ele>3.76</ele>
      </trkpt>
      <trkpt lat="51.877489015460014" lon="4.3980086501687765">
        <ele>3.77</ele>
      </trkpt>
      <trkpt lat="51.87757023610175" lon="4.397578239440918">
        <ele>3.81</ele>
      </trkpt>
      <trkpt lat="51.87764190137386" lon="4.3971622455865145">
        <ele>3.83</ele>
      </trkpt>
      <trkpt lat="51.87771356664598" lon="4.396746251732111">
        <ele>3.87</ele>
      </trkpt>
      <trkpt lat="51.877784729003906" lon="4.396333694458008">
        <ele>3.9</ele>
      </trkpt>
      <trkpt lat="51.877827728167176" lon="4.3959248252213">
        <ele>3.96</ele>
      </trkpt>
      <trkpt lat="51.877870727330446" lon="4.395515955984592">
        <ele>4.08</ele>
      </trkpt>
      <trkpt lat="51.87791347503662" lon="4.395110607147217">
        <ele>4.27</ele>
      </trkpt>
      <trkpt lat="51.87792956829071" lon="4.394728560000658">
        <ele>4.37</ele>
      </trkpt>
      <trkpt lat="51.87794574536383" lon="4.394346596673131">
        <ele>4.41</ele>
      </trkpt>
      <trkpt lat="51.87796183861792" lon="4.393964633345604">
        <ele>4.45</ele>
      </trkpt>
      <trkpt lat="51.87797784805298" lon="4.393587112426758">
        <ele>4.5</ele>
      </trkpt>
      <trkpt lat="51.87797063961625" lon="4.393099285662174">
        <ele>4.54</ele>
      </trkpt>
      <trkpt lat="51.87796343117952" lon="4.392611458897591">
        <ele>4.68</ele>
      </trkpt>
      <trkpt lat="51.87795639038086" lon="4.392127990722656">
        <ele>4.83</ele>
      </trkpt>
      <trkpt lat="51.8779993057251" lon="4.392106533050537">
        <ele>4.97</ele>
      </trkpt>
      <trkpt lat="51.87802076339722" lon="4.39204216003418">
        <ele>5.11</ele>
      </trkpt>
      <trkpt lat="51.877999221906066" lon="4.391622478142381">
        <ele>5.24</ele>
      </trkpt>
      <trkpt lat="51.87797784805298" lon="4.391205310821533">
        <ele>5.39</ele>
      </trkpt>
      <trkpt lat="51.87796703539789" lon="4.390764087438583">
        <ele>5.56</ele>
      </trkpt>
      <trkpt lat="51.87795639038086" lon="4.390325546264648">
        <ele>5.79</ele>
      </trkpt>
      <trkpt lat="51.87795647419989" lon="4.3898749351501465">
        <ele>5.94</ele>
      </trkpt>
      <trkpt lat="51.87793484888971" lon="4.389516189694405">
        <ele>6.03</ele>
      </trkpt>
      <trkpt lat="51.87791330739856" lon="4.389157528057694">
        <ele>6.16</ele>
      </trkpt>
      <trkpt lat="51.8778920173645" lon="4.3888020515441895">
        <ele>6.3</ele>
      </trkpt>
      <trkpt lat="51.87787634320557" lon="4.38831489533186">
        <ele>6.44</ele>
      </trkpt>
      <trkpt lat="51.87786075286567" lon="4.38782773911953">
        <ele>6.57</ele>
      </trkpt>
      <trkpt lat="51.87784507870674" lon="4.3873405829072">
        <ele>6.74</ele>
      </trkpt>
      <trkpt lat="51.87782948836684" lon="4.38685342669487">
        <ele>6.99</ele>
      </trkpt>
      <trkpt lat="51.87781381420791" lon="4.38636627048254">
        <ele>7.17</ele>
      </trkpt>
      <trkpt lat="51.87779822386801" lon="4.385879198089242">
        <ele>7.23</ele>
      </trkpt>
      <trkpt lat="51.87778254970908" lon="4.385392041876912">
        <ele>7.36</ele>
      </trkpt>
      <trkpt lat="51.87776695936918" lon="4.384904885664582">
        <ele>7.45</ele>
      </trkpt>
      <trkpt lat="51.87775128521025" lon="4.384417729452252">
        <ele>7.43</ele>
      </trkpt>
      <trkpt lat="51.87773569487035" lon="4.3839305732399225">
        <ele>7.5</ele>
      </trkpt>
      <trkpt lat="51.87772002071142" lon="4.383443417027593">
        <ele>7.6</ele>
      </trkpt>
      <trkpt lat="51.87770443037152" lon="4.3829563446342945">
        <ele>7.63</ele>
      </trkpt>
      <trkpt lat="51.87768875621259" lon="4.382469188421965">
        <ele>7.55</ele>
      </trkpt>
      <trkpt lat="51.87767316587269" lon="4.381982032209635">
        <ele>7.46</ele>
      </trkpt>
      <trkpt lat="51.87765749171376" lon="4.381494875997305">
        <ele>7.3</ele>
      </trkpt>
      <trkpt lat="51.87764190137386" lon="4.381007719784975">
        <ele>7.15</ele>
      </trkpt>
      <trkpt lat="51.87762622721493" lon="4.380520647391677">
        <ele>7.08</ele>
      </trkpt>
      <trkpt lat="51.87761063687503" lon="4.380033491179347">
        <ele>7.07</ele>
      </trkpt>
      <trkpt lat="51.877595046535134" lon="4.379546334967017">
        <ele>7.08</ele>
      </trkpt>
      <trkpt lat="51.8775793723762" lon="4.379059178754687">
        <ele>6.95</ele>
      </trkpt>
      <trkpt lat="51.877563782036304" lon="4.3785720225423574">
        <ele>6.75</ele>
      </trkpt>
      <trkpt lat="51.877548694610596" lon="4.378116130828857">
        <ele>6.63</ele>
      </trkpt>
      <trkpt lat="51.87761306762695" lon="4.377729892730713">
        <ele>6.52</ele>
      </trkpt>
      <trkpt lat="51.877596555277705" lon="4.377231253311038">
        <ele>6.43</ele>
      </trkpt>
      <trkpt lat="51.87758012674749" lon="4.376732697710395">
        <ele>6.38</ele>
      </trkpt>
      <trkpt lat="51.87756361439824" lon="4.376234142109752">
        <ele>6.25</ele>
      </trkpt>
      <trkpt lat="51.877547185868025" lon="4.3757355865091085">
        <ele>6.02</ele>
      </trkpt>
      <trkpt lat="51.87753067351878" lon="4.375237030908465">
        <ele>5.83</ele>
      </trkpt>
      <trkpt lat="51.87751424498856" lon="4.374738475307822">
        <ele>5.71</ele>
      </trkpt>
      <trkpt lat="51.87749773263931" lon="4.374239919707179">
        <ele>5.59</ele>
      </trkpt>
      <trkpt lat="51.8774813041091" lon="4.373741364106536">
        <ele>5.45</ele>
      </trkpt>
      <trkpt lat="51.87746479175985" lon="4.373242808505893">
        <ele>5.31</ele>
      </trkpt>
      <trkpt lat="51.87744836322963" lon="4.37274425290525">
        <ele>5.25</ele>
      </trkpt>
      <trkpt lat="51.877431850880384" lon="4.372245697304606">
        <ele>5.06</ele>
      </trkpt>
      <trkpt lat="51.87741542235017" lon="4.371747141703963">
        <ele>4.94</ele>
      </trkpt>
      <trkpt lat="51.87739891000092" lon="4.37124858610332">
        <ele>4.91</ele>
      </trkpt>
      <trkpt lat="51.877382481470704" lon="4.370750030502677">
        <ele>4.82</ele>
      </trkpt>
      <trkpt lat="51.877365969121456" lon="4.370251474902034">
        <ele>4.68</ele>
      </trkpt>
      <trkpt lat="51.87734954059124" lon="4.369752919301391">
        <ele>4.53</ele>
      </trkpt>
      <trkpt lat="51.87733302824199" lon="4.3692543637007475">
        <ele>4.46</ele>
      </trkpt>
      <trkpt lat="51.877316599711776" lon="4.368755808100104">
        <ele>4.44</ele>
      </trkpt>
      <trkpt lat="51.87730008736253" lon="4.368257336318493">
        <ele>4.43</ele>
      </trkpt>
      <trkpt lat="51.87728365883231" lon="4.36775878071785">
        <ele>4.33</ele>
      </trkpt>
      <trkpt lat="51.877267230302095" lon="4.367260225117207">
        <ele>4.19</ele>
      </trkpt>
      <trkpt lat="51.87725071795285" lon="4.366761669516563">
        <ele>4.13</ele>
      </trkpt>
      <trkpt lat="51.87723428942263" lon="4.36626311391592">
        <ele>4.18</ele>
      </trkpt>
      <trkpt lat="51.87721777707338" lon="4.365764558315277">
        <ele>4.18</ele>
      </trkpt>
      <trkpt lat="51.87720134854317" lon="4.365266002714634">
        <ele>4.12</ele>
      </trkpt>
      <trkpt lat="51.87718483619392" lon="4.364767447113991">
        <ele>4.04</ele>
      </trkpt>
      <trkpt lat="51.8771684076637" lon="4.364268891513348">
        <ele>4.0</ele>
      </trkpt>
      <trkpt lat="51.877151895314455" lon="4.3637703359127045">
        <ele>3.99</ele>
      </trkpt>
      <trkpt lat="51.87713546678424" lon="4.363271780312061">
        <ele>3.95</ele>
      </trkpt>
      <trkpt lat="51.87711954116821" lon="4.36281681060791">
        <ele>3.94</ele>
      </trkpt>
      <trkpt lat="51.877076625823975" lon="4.36232328414917">
        <ele>3.94</ele>
      </trkpt>
      <trkpt lat="51.876969086006284" lon="4.361907374113798">
        <ele>3.88</ele>
      </trkpt>
      <trkpt lat="51.87686154618859" lon="4.361491464078426">
        <ele>3.81</ele>
      </trkpt>
      <trkpt lat="51.87675484456122" lon="4.36107873916626">
        <ele>3.8</ele>
      </trkpt>
      <trkpt lat="51.87675476074219" lon="4.36107873916626">
        <ele>3.8</ele>
      </trkpt>
      <trkpt lat="51.876819133758545" lon="4.36082124710083">
        <ele>3.85</ele>
      </trkpt>
      <trkpt lat="51.876840591430664" lon="4.360628128051758">
        <ele>3.89</ele>
      </trkpt>
      <trkpt lat="51.87677596695721" lon="4.360143905505538">
        <ele>3.9</ele>
      </trkpt>
      <trkpt lat="51.87671142630279" lon="4.35965976677835">
        <ele>3.94</ele>
      </trkpt>
      <trkpt lat="51.87664688564837" lon="4.359175628051162">
        <ele>3.98</ele>
      </trkpt>
      <trkpt lat="51.87658234499395" lon="4.358691489323974">
        <ele>4.03</ele>
      </trkpt>
      <trkpt lat="51.87651780433953" lon="4.3582073505967855">
        <ele>4.02</ele>
      </trkpt>
      <trkpt lat="51.87645435333252" lon="4.357731342315674">
        <ele>3.97</ele>
      </trkpt>
      <trkpt lat="51.87621831893921" lon="4.35781717300415">
        <ele>3.92</ele>
      </trkpt>
      <trkpt lat="51.87618596479297" lon="4.3575158435851336">
        <ele>3.96</ele>
      </trkpt>
      <trkpt lat="51.87615394592285" lon="4.3572163581848145">
        <ele>3.99</ele>
      </trkpt>
      <trkpt lat="51.876089656725526" lon="4.3572163581848145">
        <ele>4.0</ele>
      </trkpt>
      <trkpt lat="51.87598236836493" lon="4.357237815856934">
        <ele>4.01</ele>
      </trkpt>
      <trkpt lat="51.8757354374975" lon="4.357280731201172">
        <ele>4.04</ele>
      </trkpt>
      <trkpt lat="51.87548884190619" lon="4.35732364654541">
        <ele>4.1</ele>
      </trkpt>
      <trkpt lat="51.87529572285712" lon="4.357345104217529">
        <ele>4.15</ele>
      </trkpt>
      <trkpt lat="51.875295639038086" lon="4.357345104217529">
        <ele>4.16</ele>
      </trkpt>
      <trkpt lat="51.875052312389016" lon="4.357388019561768">
        <ele>4.17</ele>
      </trkpt>
      <trkpt lat="51.87480906955898" lon="4.357430934906006">
        <ele>4.21</ele>
      </trkpt>
      <trkpt lat="51.874566078186035" lon="4.357473850250244">
        <ele>4.27</ele>
      </trkpt>
      <trkpt lat="51.874254858121276" lon="4.357484579086304">
        <ele>4.26</ele>
      </trkpt>
      <trkpt lat="51.87394388951361" lon="4.357495307922363">
        <ele>4.18</ele>
      </trkpt>
      <trkpt lat="51.87390089035034" lon="4.357495307922363">
        <ele>4.16</ele>
      </trkpt>
      <trkpt lat="51.87394380569458" lon="4.3570876121521">
        <ele>4.23</ele>
      </trkpt>
      <trkpt lat="51.87403701245785" lon="4.3566859513521194">
        <ele>4.21</ele>
      </trkpt>
      <trkpt lat="51.874130219221115" lon="4.356284374371171">
        <ele>4.14</ele>
      </trkpt>
      <trkpt lat="51.87422275543213" lon="4.355885982513428">
        <ele>4.09</ele>
      </trkpt>
      <trkpt lat="51.87422283925116" lon="4.355885982513428">
        <ele>4.04</ele>
      </trkpt>
      <trkpt lat="51.8743088375777" lon="4.355552466586232">
        <ele>3.99</ele>
      </trkpt>
      <trkpt lat="51.87439441680908" lon="4.355220794677734">
        <ele>3.92</ele>
      </trkpt>
      <trkpt lat="51.87453414313495" lon="4.354833634570241">
        <ele>3.86</ele>
      </trkpt>
      <trkpt lat="51.87467336654663" lon="4.354448318481445">
        <ele>3.76</ele>
      </trkpt>
      <trkpt lat="51.87469482421875" lon="4.3541469890624285">
        <ele>3.65</ele>
      </trkpt>
      <trkpt lat="51.87471628189087" lon="4.353847503662109">
        <ele>3.51</ele>
      </trkpt>
      <trkpt lat="51.87471628189087" lon="4.35359001159668">
        <ele>3.38</ele>
      </trkpt>
      <trkpt lat="51.87468392774463" lon="4.353310223668814">
        <ele>3.29</ele>
      </trkpt>
      <trkpt lat="51.87465190887451" lon="4.353032112121582">
        <ele>3.29</ele>
      </trkpt>
      <trkpt lat="51.874587619677186" lon="4.352881908416748">
        <ele>3.26</ele>
      </trkpt>
      <trkpt lat="51.87450178898871" lon="4.352710247039795">
        <ele>3.24</ele>
      </trkpt>
      <trkpt lat="51.87445887364447" lon="4.352624416351318">
        <ele>3.2</ele>
      </trkpt>
      <trkpt lat="51.87439441680908" lon="4.352431297302246">
        <ele>3.18</ele>
      </trkpt>
      <trkpt lat="51.874351585283875" lon="4.352066516876221">
        <ele>3.17</ele>
      </trkpt>
      <trkpt lat="51.87426567077637" lon="4.3517231941223145">
        <ele>3.23</ele>
      </trkpt>
      <trkpt lat="51.87417984008789" lon="4.351530075073242">
        <ele>3.24</ele>
      </trkpt>
      <trkpt lat="51.874072551727295" lon="4.351401329040527">
        <ele>3.2</ele>
      </trkpt>
      <trkpt lat="51.873836601153016" lon="4.351294040679932">
        <ele>3.14</ele>
      </trkpt>
      <trkpt lat="51.87366485595703" lon="4.351208209991455">
        <ele>3.04</ele>
      </trkpt>
      <trkpt lat="51.873536109924316" lon="4.351058006286621">
        <ele>2.92</ele>
      </trkpt>
      <trkpt lat="51.873450027778745" lon="4.350659949705005">
        <ele>2.8</ele>
      </trkpt>
      <trkpt lat="51.87336444854736" lon="4.350264072418213">
        <ele>2.69</ele>
      </trkpt>
      <trkpt lat="51.87328917905688" lon="4.35002745129168">
        <ele>2.64</ele>
      </trkpt>
      <trkpt lat="51.87321432866156" lon="4.349792003631592">
        <ele>2.57</ele>
      </trkpt>
      <trkpt lat="51.87305658124387" lon="4.3494479265064">
        <ele>2.54</ele>
      </trkpt>
      <trkpt lat="51.872898917645216" lon="4.34910393320024">
        <ele>2.54</ele>
      </trkpt>
      <trkpt lat="51.87274225987494" lon="4.348762035369873">
        <ele>2.52</ele>
      </trkpt>
      <trkpt lat="51.87272080220282" lon="4.348547458648682">
        <ele>2.48</ele>
      </trkpt>
      <trkpt lat="51.87277453020215" lon="4.348278483375907">
        <ele>2.48</ele>
      </trkpt>
      <trkpt lat="51.87282809056342" lon="4.348011016845703">
        <ele>2.47</ele>
      </trkpt>
      <trkpt lat="51.872849464416504" lon="4.347753524780273">
        <ele>2.44</ele>
      </trkpt>
      <trkpt lat="51.872806549072266" lon="4.347517490386963">
        <ele>2.41</ele>
      </trkpt>
      <trkpt lat="51.872634552419186" lon="4.347209371626377">
        <ele>2.37</ele>
      </trkpt>
      <trkpt lat="51.872462555766106" lon="4.346901252865791">
        <ele>2.38</ele>
      </trkpt>
      <trkpt lat="51.872291564941406" lon="4.34659481048584">
        <ele>2.44</ele>
      </trkpt>
      <trkpt lat="51.87229164876044" lon="4.34659481048584">
        <ele>2.42</ele>
      </trkpt>
      <trkpt lat="51.87220581807196" lon="4.346423149108887">
        <ele>2.4</ele>
      </trkpt>
      <trkpt lat="51.872141445055604" lon="4.346315860748291">
        <ele>2.39</ele>
      </trkpt>
      <trkpt lat="51.87196969985962" lon="4.346015453338623">
        <ele>2.36</ele>
      </trkpt>
      <trkpt lat="51.87208788469434" lon="4.3457897286862135">
        <ele>2.3</ele>
      </trkpt>
      <trkpt lat="51.87220573425293" lon="4.345564842224121">
        <ele>2.32</ele>
      </trkpt>
      <trkpt lat="51.87224864959717" lon="4.34535026550293">
        <ele>2.31</ele>
      </trkpt>
      <trkpt lat="51.872291564941406" lon="4.344985485076904">
        <ele>2.34</ele>
      </trkpt>
      <trkpt lat="51.87227010726929" lon="4.34483528137207">
        <ele>2.38</ele>
      </trkpt>
      <trkpt lat="51.87220573425293" lon="4.344620704650879">
        <ele>2.43</ele>
      </trkpt>
      <trkpt lat="51.87211990356445" lon="4.344449043273926">
        <ele>2.47</ele>
      </trkpt>
      <trkpt lat="51.871915720403194" lon="4.344176799058914">
        <ele>2.53</ele>
      </trkpt>
      <trkpt lat="51.87171162106097" lon="4.343904638662934">
        <ele>2.59</ele>
      </trkpt>
      <trkpt lat="51.87150752171874" lon="4.343632478266954">
        <ele>2.65</ele>
      </trkpt>
      <trkpt lat="51.87130342237651" lon="4.3433603178709745">
        <ele>2.74</ele>
      </trkpt>
      <trkpt lat="51.87109932303429" lon="4.343088073655963">
        <ele>2.86</ele>
      </trkpt>
      <trkpt lat="51.870896900072694" lon="4.342818260192871">
        <ele>2.99</ele>
      </trkpt>
      <trkpt lat="51.870708810165524" lon="4.342581890523434">
        <ele>3.15</ele>
      </trkpt>
      <trkpt lat="51.87052080407739" lon="4.342345520853996">
        <ele>3.37</ele>
      </trkpt>
      <trkpt lat="51.87033279798925" lon="4.342109151184559">
        <ele>3.61</ele>
      </trkpt>
      <trkpt lat="51.87014579772949" lon="4.341874122619629">
        <ele>3.86</ele>
      </trkpt>
      <trkpt lat="51.870059967041016" lon="4.341788291931152">
        <ele>4.04</ele>
      </trkpt>
      <trkpt lat="51.87006005086005" lon="4.341788291931152">
        <ele>4.22</ele>
      </trkpt>
      <trkpt lat="51.869888138026" lon="4.3416056502610445">
        <ele>4.39</ele>
      </trkpt>
      <trkpt lat="51.86971664428711" lon="4.341423511505127">
        <ele>4.56</ele>
      </trkpt>
      <trkpt lat="51.869544899091125" lon="4.341348325833678">
        <ele>4.73</ele>
      </trkpt>
      <trkpt lat="51.869373405352235" lon="4.341273307800293">
        <ele>4.91</ele>
      </trkpt>
      <trkpt lat="51.86920174397528" lon="4.341187477111816">
        <ele>5.11</ele>
      </trkpt>
      <trkpt lat="51.869072914123535" lon="4.341123104095459">
        <ele>5.32</ele>
      </trkpt>
      <trkpt lat="51.868829587474465" lon="4.341037189587951">
        <ele>5.53</ele>
      </trkpt>
      <trkpt lat="51.86858634464443" lon="4.340951358899474">
        <ele>5.78</ele>
      </trkpt>
      <trkpt lat="51.868343437090516" lon="4.340865612030029">
        <ele>6.05</ele>
      </trkpt>
      <trkpt lat="51.868235394358635" lon="4.340839879587293">
        <ele>6.3</ele>
      </trkpt>
      <trkpt lat="51.86806398443878" lon="4.340799059718847">
        <ele>6.56</ele>
      </trkpt>
      <trkpt lat="51.86789274215698" lon="4.340758323669434">
        <ele>6.81</ele>
      </trkpt>
      <trkpt lat="51.86769962310791" lon="4.340801239013672">
        <ele>7.03</ele>
      </trkpt>
      <trkpt lat="51.867463421076536" lon="4.340865612030029">
        <ele>7.25</ele>
      </trkpt>
      <trkpt lat="51.867227302864194" lon="4.340929985046387">
        <ele>7.43</ele>
      </trkpt>
      <trkpt lat="51.86699151992798" lon="4.340994358062744">
        <ele>7.57</ele>
      </trkpt>
      <trkpt lat="51.86672673560679" lon="4.341094521805644">
        <ele>7.7</ele>
      </trkpt>
      <trkpt lat="51.8664619512856" lon="4.341194685548544">
        <ele>7.87</ele>
      </trkpt>
      <trkpt lat="51.8661976698786" lon="4.341294765472412">
        <ele>8.1</ele>
      </trkpt>
      <trkpt lat="51.86591846868396" lon="4.341450417414308">
        <ele>8.32</ele>
      </trkpt>
      <trkpt lat="51.865639351308346" lon="4.341606069356203">
        <ele>8.53</ele>
      </trkpt>
      <trkpt lat="51.86536023393273" lon="4.341761721298099">
        <ele>8.74</ele>
      </trkpt>
      <trkpt lat="51.865081787109375" lon="4.341917037963867">
        <ele>8.9</ele>
      </trkpt>
      <trkpt lat="51.86508187092841" lon="4.341917037963867">
        <ele>9.06</ele>
      </trkpt>
      <trkpt lat="51.86487425118685" lon="4.342038659378886">
        <ele>9.22</ele>
      </trkpt>
      <trkpt lat="51.86466663144529" lon="4.342160364612937">
        <ele>9.38</ele>
      </trkpt>
      <trkpt lat="51.86445951461792" lon="4.342281818389893">
        <ele>9.51</ele>
      </trkpt>
      <trkpt lat="51.86445959843695" lon="4.342281818389893">
        <ele>9.64</ele>
      </trkpt>
      <trkpt lat="51.864223312586546" lon="4.342439230531454">
        <ele>9.74</ele>
      </trkpt>
      <trkpt lat="51.86398711055517" lon="4.342596726492047">
        <ele>9.81</ele>
      </trkpt>
      <trkpt lat="51.86375149525702" lon="4.342753887176514">
        <ele>9.9</ele>
      </trkpt>
      <trkpt lat="51.863547479733825" lon="4.34288271702826">
        <ele>9.97</ele>
      </trkpt>
      <trkpt lat="51.863343799486756" lon="4.343011379241943">
        <ele>10.07</ele>
      </trkpt>
      <trkpt lat="51.86307532712817" lon="4.343167031183839">
        <ele>10.16</ele>
      </trkpt>
      <trkpt lat="51.86280693858862" lon="4.343322683125734">
        <ele>10.22</ele>
      </trkpt>
      <trkpt lat="51.86253855004907" lon="4.34347833506763">
        <ele>10.23</ele>
      </trkpt>
      <trkpt lat="51.86227083206177" lon="4.343633651733398">
        <ele>10.29</ele>
      </trkpt>
      <trkpt lat="51.862077713012695" lon="4.343612194061279">
        <ele>10.34</ele>
      </trkpt>
      <trkpt lat="51.86179851181805" lon="4.343805396929383">
        <ele>10.42</ele>
      </trkpt>
      <trkpt lat="51.86151939444244" lon="4.343998683616519">
        <ele>10.58</ele>
      </trkpt>
      <trkpt lat="51.86124086380005" lon="4.344191551208496">
        <ele>10.58</ele>
      </trkpt>
      <trkpt lat="51.86121940612793" lon="4.344062805175781">
        <ele>10.57</ele>
      </trkpt>
      <trkpt lat="51.861112117767334" lon="4.343912601470947">
        <ele>10.54</ele>
      </trkpt>
      <trkpt lat="51.861069202423096" lon="4.343783855438232">
        <ele>10.5</ele>
      </trkpt>
      <trkpt lat="51.86102628707886" lon="4.3433332443237305">
        <ele>10.48</ele>
      </trkpt>
      <trkpt lat="51.86090801842511" lon="4.342935271561146">
        <ele>10.43</ele>
      </trkpt>
      <trkpt lat="51.86079033650458" lon="4.342539310455322">
        <ele>10.29</ele>
      </trkpt>
      <trkpt lat="51.86072587966919" lon="4.342432022094727">
        <ele>10.17</ele>
      </trkpt>
      <trkpt lat="51.860640132799745" lon="4.342389106750488">
        <ele>10.06</ele>
      </trkpt>
      <trkpt lat="51.86042547225952" lon="4.34260368347168">
        <ele>9.96</ele>
      </trkpt>
      <trkpt lat="51.86038255691528" lon="4.342775344848633">
        <ele>9.8</ele>
      </trkpt>
      <trkpt lat="51.860404098406434" lon="4.342925548553467">
        <ele>9.62</ele>
      </trkpt>
      <trkpt lat="51.860500825569034" lon="4.3433665204793215">
        <ele>9.39</ele>
      </trkpt>
      <trkpt lat="51.860597133636475" lon="4.343805313110352">
        <ele>9.22</ele>
      </trkpt>
      <trkpt lat="51.860704673454165" lon="4.344181744381785">
        <ele>9.09</ele>
      </trkpt>
      <trkpt lat="51.860811710357666" lon="4.3445563316345215">
        <ele>8.91</ele>
      </trkpt>
      <trkpt lat="51.86060769483447" lon="4.344706619158387">
        <ele>8.72</ele>
      </trkpt>
      <trkpt lat="51.8604040145874" lon="4.3448567390441895">
        <ele>8.53</ele>
      </trkpt>
      <trkpt lat="51.86022154055536" lon="4.344888925552368">
        <ele>8.34</ele>
      </trkpt>
      <trkpt lat="51.86003923416138" lon="4.344921112060547">
        <ele>8.15</ele>
      </trkpt>
      <trkpt lat="51.86003931798041" lon="4.344921112060547">
        <ele>7.95</ele>
      </trkpt>
      <trkpt lat="51.8599534034729" lon="4.3448567390441895">
        <ele>7.74</ele>
      </trkpt>
      <trkpt lat="51.85988903045654" lon="4.344813823699951">
        <ele>7.52</ele>
      </trkpt>
      <trkpt lat="51.85965274460614" lon="4.345007110387087">
        <ele>7.33</ele>
      </trkpt>
      <trkpt lat="51.85941654257476" lon="4.345200397074223">
        <ele>7.17</ele>
      </trkpt>
      <trkpt lat="51.85918092727661" lon="4.345393180847168">
        <ele>6.97</ele>
      </trkpt>
      <trkpt lat="51.858982192352414" lon="4.345602560788393">
        <ele>6.74</ele>
      </trkpt>
      <trkpt lat="51.85878345742822" lon="4.34581202454865">
        <ele>6.52</ele>
      </trkpt>
      <trkpt lat="51.85858480632305" lon="4.3460214883089066">
        <ele>6.27</ele>
      </trkpt>
      <trkpt lat="51.8583869934082" lon="4.3462300300598145">
        <ele>6.05</ele>
      </trkpt>
      <trkpt lat="51.858387077227235" lon="4.3462300300598145">
        <ele>5.83</ele>
      </trkpt>
      <trkpt lat="51.85830116271973" lon="4.346444606781006">
        <ele>5.58</ele>
      </trkpt>
      <trkpt lat="51.858344078063965" lon="4.346616268157959">
        <ele>5.32</ele>
      </trkpt>
      <trkpt lat="51.8581435829401" lon="4.346788013353944">
        <ele>5.06</ele>
      </trkpt>
      <trkpt lat="51.85794317163527" lon="4.34695984236896">
        <ele>4.83</ele>
      </trkpt>
      <trkpt lat="51.85774334706366" lon="4.347131252288818">
        <ele>4.57</ele>
      </trkpt>
      <trkpt lat="51.85755710117519" lon="4.347303081303835">
        <ele>4.35</ele>
      </trkpt>
      <trkpt lat="51.85737093910575" lon="4.3474749103188515">
        <ele>4.11</ele>
      </trkpt>
      <trkpt lat="51.85718536376953" lon="4.347646236419678">
        <ele>3.91</ele>
      </trkpt>
      <trkpt lat="51.856970535591245" lon="4.347871709614992">
        <ele>3.69</ele>
      </trkpt>
      <trkpt lat="51.85675629414618" lon="4.34809684753418">
        <ele>3.57</ele>
      </trkpt>
      <trkpt lat="51.85652713291347" lon="4.348325924947858">
        <ele>3.46</ele>
      </trkpt>
      <trkpt lat="51.85629797168076" lon="4.348555086180568">
        <ele>3.3</ele>
      </trkpt>
      <trkpt lat="51.856069564819336" lon="4.348783493041992">
        <ele>3.15</ele>
      </trkpt>
      <trkpt lat="51.85582783073187" lon="4.349046600982547">
        <ele>3.03</ele>
      </trkpt>
      <trkpt lat="51.85558618046343" lon="4.349309792742133">
        <ele>2.92</ele>
      </trkpt>
      <trkpt lat="51.855344530195" lon="4.349572900682688">
        <ele>2.74</ele>
      </trkpt>
      <trkpt lat="51.855104053393006" lon="4.34983491897583">
        <ele>2.56</ele>
      </trkpt>
      <trkpt lat="51.85494286939502" lon="4.349996019154787">
        <ele>2.41</ele>
      </trkpt>
      <trkpt lat="51.85478210449219" lon="4.350156784057617">
        <ele>2.28</ele>
      </trkpt>
      <trkpt lat="51.85478218831122" lon="4.350156784057617">
        <ele>2.19</ele>
      </trkpt>
      <trkpt lat="51.85456191189587" lon="4.350398434326053">
        <ele>2.13</ele>
      </trkpt>
      <trkpt lat="51.854341719299555" lon="4.350640084594488">
        <ele>2.13</ele>
      </trkpt>
      <trkpt lat="51.85412152670324" lon="4.350881818681955">
        <ele>2.06</ele>
      </trkpt>
      <trkpt lat="51.8539023399353" lon="4.3511223793029785">
        <ele>2.0</ele>
      </trkpt>
      <trkpt lat="51.853902423754334" lon="4.3511223793029785">
        <ele>1.94</ele>
      </trkpt>
      <trkpt lat="51.85364996083081" lon="4.351369393989444">
        <ele>1.95</ele>
      </trkpt>
      <trkpt lat="51.85339758172631" lon="4.351616408675909">
        <ele>2.0</ele>
      </trkpt>
      <trkpt lat="51.853145118802786" lon="4.351863423362374">
        <ele>1.99</ele>
      </trkpt>
      <trkpt lat="51.8528938293457" lon="4.352109432220459">
        <ele>1.85</ele>
      </trkpt>
      <trkpt lat="51.85263600200415" lon="4.352388633415103">
        <ele>1.75</ele>
      </trkpt>
      <trkpt lat="51.85237825848162" lon="4.352667918428779">
        <ele>1.67</ele>
      </trkpt>
      <trkpt lat="51.852121436968446" lon="4.3529462814331055">
        <ele>1.56</ele>
      </trkpt>
      <trkpt lat="51.851949440315366" lon="4.353182651102543">
        <ele>1.53</ele>
      </trkpt>
      <trkpt lat="51.85177803039551" lon="4.353418350219727">
        <ele>1.52</ele>
      </trkpt>
      <trkpt lat="51.85162749141455" lon="4.353697802871466">
        <ele>1.51</ele>
      </trkpt>
      <trkpt lat="51.85147703625262" lon="4.353977255523205">
        <ele>1.39</ele>
      </trkpt>
      <trkpt lat="51.851327419281006" lon="4.354255199432373">
        <ele>1.45</ele>
      </trkpt>
      <trkpt lat="51.851155422627926" lon="4.354642191901803">
        <ele>1.51</ele>
      </trkpt>
      <trkpt lat="51.850983425974846" lon="4.355029184371233">
        <ele>1.55</ele>
      </trkpt>
      <trkpt lat="51.85081251896918" lon="4.355413913726807">
        <ele>1.56</ele>
      </trkpt>
      <trkpt lat="51.85066223144531" lon="4.35582160949707">
        <ele>1.64</ele>
      </trkpt>
      <trkpt lat="51.85064077377319" lon="4.355993270874023">
        <ele>1.66</ele>
      </trkpt>
      <trkpt lat="51.850662315264344" lon="4.356369785964489">
        <ele>1.68</ele>
      </trkpt>
      <trkpt lat="51.85068377293646" lon="4.356744289398193">
        <ele>1.63</ele>
      </trkpt>
      <trkpt lat="51.850597858428955" lon="4.3572163581848145">
        <ele>1.62</ele>
      </trkpt>
      <trkpt lat="51.85051202774048" lon="4.357409477233887">
        <ele>1.67</ele>
      </trkpt>
      <trkpt lat="51.850361824035645" lon="4.357666969299316">
        <ele>1.7</ele>
      </trkpt>
      <trkpt lat="51.850125789642334" lon="4.357924461364746">
        <ele>1.74</ele>
      </trkpt>
      <trkpt lat="51.84990031644702" lon="4.358053207397461">
        <ele>1.83</ele>
      </trkpt>
      <trkpt lat="51.84967517852783" lon="4.358181953430176">
        <ele>1.9</ele>
      </trkpt>
      <trkpt lat="51.849610805511475" lon="4.3582892417907715">
        <ele>1.97</ele>
      </trkpt>
      <trkpt lat="51.849485328421" lon="4.358676318079233">
        <ele>1.96</ele>
      </trkpt>
      <trkpt lat="51.84935985133052" lon="4.359063478186727">
        <ele>1.94</ele>
      </trkpt>
      <trkpt lat="51.84923445805907" lon="4.35945063829422">
        <ele>1.91</ele>
      </trkpt>
      <trkpt lat="51.849108980968595" lon="4.359837798401713">
        <ele>1.9</ele>
      </trkpt>
      <trkpt lat="51.84898350387812" lon="4.360224958509207">
        <ele>1.94</ele>
      </trkpt>
      <trkpt lat="51.848859870806336" lon="4.360606670379639">
        <ele>1.94</ele>
      </trkpt>
      <trkpt lat="51.84873933903873" lon="4.361028280109167">
        <ele>1.97</ele>
      </trkpt>
      <trkpt lat="51.848618891090155" lon="4.3614498898386955">
        <ele>1.97</ele>
      </trkpt>
      <trkpt lat="51.84849844314158" lon="4.361871499568224">
        <ele>1.94</ele>
      </trkpt>
      <trkpt lat="51.84837791137397" lon="4.362293109297752">
        <ele>1.9</ele>
      </trkpt>
      <trkpt lat="51.84825897216797" lon="4.3627095222473145">
        <ele>1.82</ele>
      </trkpt>
      <trkpt lat="51.848259055987" lon="4.3627095222473145">
        <ele>1.81</ele>
      </trkpt>
      <trkpt lat="51.8481676094234" lon="4.3630805891007185">
        <ele>1.74</ele>
      </trkpt>
      <trkpt lat="51.8480761628598" lon="4.3634516559541225">
        <ele>1.7</ele>
      </trkpt>
      <trkpt lat="51.847984716296196" lon="4.363822806626558">
        <ele>1.69</ele>
      </trkpt>
      <trkpt lat="51.847894275560975" lon="4.364190101623535">
        <ele>1.72</ele>
      </trkpt>
      <trkpt lat="51.8478153180331" lon="4.364598887041211">
        <ele>1.79</ele>
      </trkpt>
      <trkpt lat="51.847736444324255" lon="4.365007672458887">
        <ele>1.85</ele>
      </trkpt>
      <trkpt lat="51.847658241167665" lon="4.365413188934326">
        <ele>1.82</ele>
      </trkpt>
      <trkpt lat="51.84757928363979" lon="4.365829098969698">
        <ele>1.8</ele>
      </trkpt>
      <trkpt lat="51.847500409930944" lon="4.3662450928241014">
        <ele>1.74</ele>
      </trkpt>
      <trkpt lat="51.8474215362221" lon="4.366661086678505">
        <ele>1.71</ele>
      </trkpt>
      <trkpt lat="51.847342578694224" lon="4.367076996713877">
        <ele>1.68</ele>
      </trkpt>
      <trkpt lat="51.84726370498538" lon="4.36749299056828">
        <ele>1.65</ele>
      </trkpt>
      <trkpt lat="51.84718608856201" lon="4.3679022789001465">
        <ele>1.6</ele>
      </trkpt>
      <trkpt lat="51.84718617238104" lon="4.3679022789001465">
        <ele>1.58</ele>
      </trkpt>
      <trkpt lat="51.84709204360843" lon="4.368364792317152">
        <ele>1.58</ele>
      </trkpt>
      <trkpt lat="51.84699791483581" lon="4.368827389553189">
        <ele>1.62</ele>
      </trkpt>
      <trkpt lat="51.846903786063194" lon="4.3692899867892265">
        <ele>1.61</ele>
      </trkpt>
      <trkpt lat="51.84680965729058" lon="4.369752584025264">
        <ele>1.55</ele>
      </trkpt>
      <trkpt lat="51.84671552851796" lon="4.370215097442269">
        <ele>1.53</ele>
      </trkpt>
      <trkpt lat="51.846621399745345" lon="4.370677694678307">
        <ele>1.53</ele>
      </trkpt>
      <trkpt lat="51.84652727097273" lon="4.371140291914344">
        <ele>1.51</ele>
      </trkpt>
      <trkpt lat="51.84643515385687" lon="4.371592998504639">
        <ele>1.41</ele>
      </trkpt>
      <trkpt lat="51.84637052938342" lon="4.371930034831166">
        <ele>1.36</ele>
      </trkpt>
      <trkpt lat="51.846305988729" lon="4.372267071157694">
        <ele>1.31</ele>
      </trkpt>
      <trkpt lat="51.84624195098877" lon="4.372601509094238">
        <ele>1.26</ele>
      </trkpt>
      <trkpt lat="51.8462420348078" lon="4.372601509094238">
        <ele>1.22</ele>
      </trkpt>
      <trkpt lat="51.846158634871244" lon="4.37307751737535">
        <ele>1.17</ele>
      </trkpt>
      <trkpt lat="51.84607523493469" lon="4.373553609475493">
        <ele>1.09</ele>
      </trkpt>
      <trkpt lat="51.84599191881716" lon="4.374029617756605">
        <ele>1.07</ele>
      </trkpt>
      <trkpt lat="51.845908518880606" lon="4.374505709856749">
        <ele>1.04</ele>
      </trkpt>
      <trkpt lat="51.84582511894405" lon="4.37498171813786">
        <ele>1.0</ele>
      </trkpt>
      <trkpt lat="51.845741802826524" lon="4.375457810238004">
        <ele>0.96</ele>
      </trkpt>
      <trkpt lat="51.84565840288997" lon="4.3759338185191154">
        <ele>0.94</ele>
      </trkpt>
      <trkpt lat="51.84557684697211" lon="4.376399517059326">
        <ele>0.96</ele>
      </trkpt>
      <trkpt lat="51.84557684697211" lon="4.376528263092041">
        <ele>0.96</ele>
      </trkpt>
      <trkpt lat="51.84555538929999" lon="4.376850128173828">
        <ele>0.93</ele>
      </trkpt>
      <trkpt lat="51.845490764826536" lon="4.37722303904593">
        <ele>1.0</ele>
      </trkpt>
      <trkpt lat="51.845426224172115" lon="4.377595949918032">
        <ele>1.07</ele>
      </trkpt>
      <trkpt lat="51.845362186431885" lon="4.377965927124023">
        <ele>1.09</ele>
      </trkpt>
      <trkpt lat="51.845200918614864" lon="4.37822375446558">
        <ele>1.11</ele>
      </trkpt>
      <trkpt lat="51.8450403213501" lon="4.378480911254883">
        <ele>1.13</ele>
      </trkpt>
      <trkpt lat="51.84504040516913" lon="4.378480911254883">
        <ele>1.17</ele>
      </trkpt>
      <trkpt lat="51.84497594833374" lon="4.378652572631836">
        <ele>1.22</ele>
      </trkpt>
      <trkpt lat="51.844896990805864" lon="4.379107961431146">
        <ele>1.24</ele>
      </trkpt>
      <trkpt lat="51.84481811709702" lon="4.379563434049487">
        <ele>1.32</ele>
      </trkpt>
      <trkpt lat="51.844739243388176" lon="4.380018822848797">
        <ele>1.44</ele>
      </trkpt>
      <trkpt lat="51.84466036967933" lon="4.380474295467138">
        <ele>1.49</ele>
      </trkpt>
      <trkpt lat="51.84458149597049" lon="4.380929684266448">
        <ele>1.51</ele>
      </trkpt>
      <trkpt lat="51.84450396336615" lon="4.381377696990967">
        <ele>1.58</ele>
      </trkpt>
      <trkpt lat="51.84446096420288" lon="4.38180685043335">
        <ele>1.74</ele>
      </trkpt>
      <trkpt lat="51.84449323453009" lon="4.382247989997268">
        <ele>1.83</ele>
      </trkpt>
      <trkpt lat="51.84452533721924" lon="4.382686614990234">
        <ele>1.96</ele>
      </trkpt>
      <trkpt lat="51.84465793892741" lon="4.3831059616059065">
        <ele>2.1</ele>
      </trkpt>
      <trkpt lat="51.844790540635586" lon="4.38352539204061">
        <ele>2.21</ele>
      </trkpt>
      <trkpt lat="51.84492322616279" lon="4.383944822475314">
        <ele>2.32</ele>
      </trkpt>
      <trkpt lat="51.845055827870965" lon="4.384364252910018">
        <ele>2.42</ele>
      </trkpt>
      <trkpt lat="51.84518851339817" lon="4.384783683344722">
        <ele>2.54</ele>
      </trkpt>
      <trkpt lat="51.84531927108765" lon="4.385197162628174">
        <ele>2.61</ele>
      </trkpt>
      <trkpt lat="51.845362186431885" lon="4.3854546546936035">
        <ele>2.71</ele>
      </trkpt>
      <trkpt lat="51.84529781341553" lon="4.385626316070557">
        <ele>2.84</ele>
      </trkpt>
      <trkpt lat="51.8450971506536" lon="4.3859414756298065">
        <ele>3.01</ele>
      </trkpt>
      <trkpt lat="51.844896571710706" lon="4.386256719008088">
        <ele>3.16</ele>
      </trkpt>
      <trkpt lat="51.84469699859619" lon="4.386570453643799">
        <ele>3.27</ele>
      </trkpt>
      <trkpt lat="51.84453221037984" lon="4.386878572404385">
        <ele>3.4</ele>
      </trkpt>
      <trkpt lat="51.84436742216349" lon="4.38718669116497">
        <ele>3.47</ele>
      </trkpt>
      <trkpt lat="51.84420355595648" lon="4.387493133544922">
        <ele>3.49</ele>
      </trkpt>
      <trkpt lat="51.84420347213745" lon="4.387493133544922">
        <ele>3.54</ele>
      </trkpt>
      <trkpt lat="51.84411738999188" lon="4.387966459617019">
        <ele>3.52</ele>
      </trkpt>
      <trkpt lat="51.84403130784631" lon="4.3884397856891155">
        <ele>3.52</ele>
      </trkpt>
      <trkpt lat="51.84394598007202" lon="4.388909339904785">
        <ele>3.49</ele>
      </trkpt>
      <trkpt lat="51.84390289708972" lon="4.389232043176889">
        <ele>3.51</ele>
      </trkpt>
      <trkpt lat="51.843860149383545" lon="4.389553070068359">
        <ele>3.56</ele>
      </trkpt>
      <trkpt lat="51.84385654516518" lon="4.389990605413914">
        <ele>3.63</ele>
      </trkpt>
      <trkpt lat="51.84385294094682" lon="4.3904282245785">
        <ele>3.64</ele>
      </trkpt>
      <trkpt lat="51.843849420547485" lon="4.390865759924054">
        <ele>3.61</ele>
      </trkpt>
      <trkpt lat="51.84384581632912" lon="4.39130337908864">
        <ele>3.54</ele>
      </trkpt>
      <trkpt lat="51.84384229592979" lon="4.391740914434195">
        <ele>3.51</ele>
      </trkpt>
      <trkpt lat="51.84383877553046" lon="4.3921709060668945">
        <ele>3.47</ele>
      </trkpt>
      <trkpt lat="51.84386886656284" lon="4.392661498859525">
        <ele>3.44</ele>
      </trkpt>
      <trkpt lat="51.84389895759523" lon="4.393152175471187">
        <ele>3.4</ele>
      </trkpt>
      <trkpt lat="51.843929048627615" lon="4.393642768263817">
        <ele>3.27</ele>
      </trkpt>
      <trkpt lat="51.84395922347903" lon="4.394133444875479">
        <ele>3.15</ele>
      </trkpt>
      <trkpt lat="51.84398889541626" lon="4.394617080688477">
        <ele>3.05</ele>
      </trkpt>
      <trkpt lat="51.84405343607068" lon="4.394993595778942">
        <ele>3.03</ele>
      </trkpt>
      <trkpt lat="51.8441179767251" lon="4.395370110869408">
        <ele>2.96</ele>
      </trkpt>
      <trkpt lat="51.84418251737952" lon="4.395746625959873">
        <ele>2.88</ele>
      </trkpt>
      <trkpt lat="51.84424638748169" lon="4.396119117736816">
        <ele>2.8</ele>
      </trkpt>
      <trkpt lat="51.84432165697217" lon="4.396538631990552">
        <ele>2.8</ele>
      </trkpt>
      <trkpt lat="51.84439659118652" lon="4.396955966949463">
        <ele>2.79</ele>
      </trkpt>
      <trkpt lat="51.84445392340422" lon="4.3974185641855">
        <ele>2.67</ele>
      </trkpt>
      <trkpt lat="51.84451133944094" lon="4.397881161421537">
        <ele>2.52</ele>
      </trkpt>
      <trkpt lat="51.844568671658635" lon="4.398343842476606">
        <ele>2.44</ele>
      </trkpt>
      <trkpt lat="51.84462608769536" lon="4.398806439712644">
        <ele>2.41</ele>
      </trkpt>
      <trkpt lat="51.844683503732085" lon="4.399269120767713">
        <ele>2.38</ele>
      </trkpt>
      <trkpt lat="51.84473991394043" lon="4.399724006652832">
        <ele>2.34</ele>
      </trkpt>
      <trkpt lat="51.84480445459485" lon="4.400161458179355">
        <ele>2.25</ele>
      </trkpt>
      <trkpt lat="51.84486899524927" lon="4.400598993524909">
        <ele>2.21</ele>
      </trkpt>
      <trkpt lat="51.844933116808534" lon="4.4010329246521">
        <ele>2.18</ele>
      </trkpt>
      <trkpt lat="51.84495457448065" lon="4.401391502469778">
        <ele>2.17</ele>
      </trkpt>
      <trkpt lat="51.84497603215277" lon="4.401750164106488">
        <ele>2.18</ele>
      </trkpt>
      <trkpt lat="51.84499740600586" lon="4.402105808258057">
        <ele>2.17</ele>
      </trkpt>
      <trkpt lat="51.84509421698749" lon="4.402557592839003">
        <ele>2.21</ele>
      </trkpt>
      <trkpt lat="51.84519052505493" lon="4.4030070304870605">
        <ele>2.24</ele>
      </trkpt>
      <trkpt lat="51.8452163413167" lon="4.403467532247305">
        <ele>2.28</ele>
      </trkpt>
      <trkpt lat="51.84524215757847" lon="4.403928034007549">
        <ele>2.32</ele>
      </trkpt>
      <trkpt lat="51.84526797384024" lon="4.404388535767794">
        <ele>2.34</ele>
      </trkpt>
      <trkpt lat="51.845293790102005" lon="4.404849037528038">
        <ele>2.37</ele>
      </trkpt>
      <trkpt lat="51.84531927108765" lon="4.405303001403809">
        <ele>2.44</ele>
      </trkpt>
      <trkpt lat="51.845362186431885" lon="4.405388832092285">
        <ele>2.53</ele>
      </trkpt>
      <trkpt lat="51.84542655944824" lon="4.405431747436523">
        <ele>2.61</ele>
      </trkpt>
      <trkpt lat="51.84572696685791" lon="4.405303001403809">
        <ele>2.67</ele>
      </trkpt>
      <trkpt lat="51.84595772065222" lon="4.4052117224782705">
        <ele>2.76</ele>
      </trkpt>
      <trkpt lat="51.846188474446535" lon="4.4051204435527325">
        <ele>2.92</ele>
      </trkpt>
      <trkpt lat="51.84641931205988" lon="4.405029248446226">
        <ele>3.06</ele>
      </trkpt>
      <trkpt lat="51.84664964675903" lon="4.404938220977783">
        <ele>3.2</ele>
      </trkpt>
      <trkpt lat="51.8467999342829" lon="4.405088424682617">
        <ele>3.34</ele>
      </trkpt>
      <trkpt lat="51.846842765808105" lon="4.40526008605957">
        <ele>3.48</ele>
      </trkpt>
      <trkpt lat="51.846832036972046" lon="4.405518248677254">
        <ele>3.6</ele>
      </trkpt>
      <trkpt lat="51.84682139195502" lon="4.40577507019043">
        <ele>3.68</ele>
      </trkpt>
      <trkpt lat="51.8467999342829" lon="4.4059038162231445">
        <ele>3.79</ele>
      </trkpt>
      <trkpt lat="51.84675693511963" lon="4.406075477600098">
        <ele>3.88</ele>
      </trkpt>
      <trkpt lat="51.84668518602848" lon="4.406419638544321">
        <ele>3.96</ele>
      </trkpt>
      <trkpt lat="51.84661343693733" lon="4.406763883307576">
        <ele>4.12</ele>
      </trkpt>
      <trkpt lat="51.84654235839844" lon="4.407105445861816">
        <ele>4.28</ele>
      </trkpt>
      <trkpt lat="51.84648133814335" lon="4.407560834661126">
        <ele>4.38</ele>
      </trkpt>
      <trkpt lat="51.84642040170729" lon="4.408016307279468">
        <ele>4.51</ele>
      </trkpt>
      <trkpt lat="51.846359465271235" lon="4.408471779897809">
        <ele>4.68</ele>
      </trkpt>
      <trkpt lat="51.846298445016146" lon="4.4089272525161505">
        <ele>4.81</ele>
      </trkpt>
      <trkpt lat="51.84623750858009" lon="4.409382725134492">
        <ele>4.95</ele>
      </trkpt>
      <trkpt lat="51.84617757797241" lon="4.409830570220947">
        <ele>5.05</ele>
      </trkpt>
      <trkpt lat="51.846070289611816" lon="4.410109519958496">
        <ele>5.16</ele>
      </trkpt>
      <trkpt lat="51.84590910561383" lon="4.410313619300723">
        <ele>5.27</ele>
      </trkpt>
      <trkpt lat="51.84574842453003" lon="4.41051721572876">
        <ele>5.35</ele>
      </trkpt>
      <trkpt lat="51.84568405151367" lon="4.410731792449951">
        <ele>5.42</ele>
      </trkpt>
      <trkpt lat="51.84566259384155" lon="4.4110107421875">
        <ele>5.51</ele>
      </trkpt>
      <trkpt lat="51.84564717113972" lon="4.411462610587478">
        <ele>5.59</ele>
      </trkpt>
      <trkpt lat="51.84563183225691" lon="4.411914562806487">
        <ele>5.66</ele>
      </trkpt>
      <trkpt lat="51.84561649337411" lon="4.412366431206465">
        <ele>5.74</ele>
      </trkpt>
      <trkpt lat="51.845601070672274" lon="4.412818383425474">
        <ele>5.89</ele>
      </trkpt>
      <trkpt lat="51.84558573178947" lon="4.413270335644484">
        <ele>6.02</ele>
      </trkpt>
      <trkpt lat="51.845570392906666" lon="4.413722204044461">
        <ele>6.12</ele>
      </trkpt>
      <trkpt lat="51.84555530548096" lon="4.414165019989014">
        <ele>6.16</ele>
      </trkpt>
      <trkpt lat="51.84559830464423" lon="4.414444724097848">
        <ele>6.19</ele>
      </trkpt>
      <trkpt lat="51.845641136169434" lon="4.414722919464111">
        <ele>6.26</ele>
      </trkpt>
      <trkpt lat="51.845748675987124" lon="4.414991643279791">
        <ele>6.27</ele>
      </trkpt>
      <trkpt lat="51.84585579670966" lon="4.41525936126709">
        <ele>6.35</ele>
      </trkpt>
      <trkpt lat="51.846000887453556" lon="4.415576448664069">
        <ele>6.49</ele>
      </trkpt>
      <trkpt lat="51.846145978197455" lon="4.41589361988008">
        <ele>6.64</ele>
      </trkpt>
      <trkpt lat="51.846291068941355" lon="4.4162107072770596">
        <ele>6.72</ele>
      </trkpt>
      <trkpt lat="51.84643507003784" lon="4.416525363922119">
        <ele>6.77</ele>
      </trkpt>
      <trkpt lat="51.84643515385687" lon="4.416525363922119">
        <ele>6.83</ele>
      </trkpt>
      <trkpt lat="51.84658988378942" lon="4.416860723868012">
        <ele>6.9</ele>
      </trkpt>
      <trkpt lat="51.846744697541" lon="4.417196083813906">
        <ele>6.94</ele>
      </trkpt>
      <trkpt lat="51.84689951129258" lon="4.417531527578831">
        <ele>7.01</ele>
      </trkpt>
      <trkpt lat="51.84705424122512" lon="4.417866971343756">
        <ele>7.05</ele>
      </trkpt>
      <trkpt lat="51.84720754623413" lon="4.418199062347412">
        <ele>7.04</ele>
      </trkpt>
      <trkpt lat="51.84722900390625" lon="4.418306350708008">
        <ele>7.06</ele>
      </trkpt>
      <trkpt lat="51.84720763005316" lon="4.418349266052246">
        <ele>7.08</ele>
      </trkpt>
      <trkpt lat="51.84714317321777" lon="4.418435096740723">
        <ele>7.1</ele>
      </trkpt>
      <trkpt lat="51.84693907387555" lon="4.4186498410999775">
        <ele>7.15</ele>
      </trkpt>
      <trkpt lat="51.84673556126654" lon="4.4188642501831055">
        <ele>7.16</ele>
      </trkpt>
      <trkpt lat="51.846635146066546" lon="4.419229868799448">
        <ele>7.17</ele>
      </trkpt>
      <trkpt lat="51.84653473086655" lon="4.419595571234822">
        <ele>7.16</ele>
      </trkpt>
      <trkpt lat="51.84643515385687" lon="4.419958591461182">
        <ele>7.13</ele>
      </trkpt>
      <trkpt lat="51.8463490717113" lon="4.420248940587044">
        <ele>7.06</ele>
      </trkpt>
      <trkpt lat="51.84626340866089" lon="4.420537948608398">
        <ele>6.96</ele>
      </trkpt>
      <trkpt lat="51.84626349247992" lon="4.420537948608398">
        <ele>6.88</ele>
      </trkpt>
      <trkpt lat="51.8462420348078" lon="4.420666694641113">
        <ele>6.79</ele>
      </trkpt>
      <trkpt lat="51.846177661791444" lon="4.420902729034424">
        <ele>6.67</ele>
      </trkpt>
      <trkpt lat="51.846113288775086" lon="4.4211602210998535">
        <ele>6.53</ele>
      </trkpt>
      <trkpt lat="51.84598445892334" lon="4.42150354385376">
        <ele>6.41</ele>
      </trkpt>
      <trkpt lat="51.845855712890625" lon="4.4216108322143555">
        <ele>6.31</ele>
      </trkpt>
      <trkpt lat="51.84589862823486" lon="4.422061443328857">
        <ele>6.24</ele>
      </trkpt>
      <trkpt lat="51.8459415435791" lon="4.42249059677124">
        <ele>6.12</ele>
      </trkpt>
      <trkpt lat="51.84594162739813" lon="4.42249059677124">
        <ele>6.0</ele>
      </trkpt>
      <trkpt lat="51.84592008590698" lon="4.4228339195251465">
        <ele>5.82</ele>
      </trkpt>
      <trkpt lat="51.84581967070699" lon="4.423314370214939">
        <ele>5.64</ele>
      </trkpt>
      <trkpt lat="51.84571925550699" lon="4.4237949047237635">
        <ele>5.46</ele>
      </trkpt>
      <trkpt lat="51.845618840307" lon="4.424275355413556">
        <ele>5.27</ele>
      </trkpt>
      <trkpt lat="51.845518425107" lon="4.4247558899223804">
        <ele>5.1</ele>
      </trkpt>
      <trkpt lat="51.84541809372604" lon="4.425236340612173">
        <ele>4.99</ele>
      </trkpt>
      <trkpt lat="51.84531927108765" lon="4.425709247589111">
        <ele>4.91</ele>
      </trkpt>
      <trkpt lat="51.84531935490668" lon="4.425709247589111">
        <ele>4.79</ele>
      </trkpt>
      <trkpt lat="51.845237547531724" lon="4.426114596426487">
        <ele>4.67</ele>
      </trkpt>
      <trkpt lat="51.84515574015677" lon="4.426519945263863">
        <ele>4.55</ele>
      </trkpt>
      <trkpt lat="51.84507401660085" lon="4.426925294101238">
        <ele>4.46</ele>
      </trkpt>
      <trkpt lat="51.84499220922589" lon="4.427330642938614">
        <ele>4.39</ele>
      </trkpt>
      <trkpt lat="51.84491157531738" lon="4.42773062735796">
        <ele>4.34</ele>
      </trkpt>
      <trkpt lat="51.84485776349902" lon="4.427997255697846">
        <ele>4.28</ele>
      </trkpt>
      <trkpt lat="51.84480437077582" lon="4.428262710571289">
        <ele>4.22</ele>
      </trkpt>
      <trkpt lat="51.84472038410604" lon="4.428720949217677">
        <ele>4.15</ele>
      </trkpt>
      <trkpt lat="51.84463648125529" lon="4.429179271683097">
        <ele>4.09</ele>
      </trkpt>
      <trkpt lat="51.844552578404546" lon="4.429637594148517">
        <ele>4.04</ele>
      </trkpt>
      <trkpt lat="51.8444686755538" lon="4.430095832794905">
        <ele>3.97</ele>
      </trkpt>
      <trkpt lat="51.84438477270305" lon="4.4305541552603245">
        <ele>3.93</ele>
      </trkpt>
      <trkpt lat="51.844300869852304" lon="4.431012477725744">
        <ele>3.91</ele>
      </trkpt>
      <trkpt lat="51.84421696700156" lon="4.431470716372132">
        <ele>3.87</ele>
      </trkpt>
      <trkpt lat="51.84413306415081" lon="4.431929038837552">
        <ele>3.83</ele>
      </trkpt>
      <trkpt lat="51.84404916130006" lon="4.43238727748394">
        <ele>3.81</ele>
      </trkpt>
      <trkpt lat="51.84396752156317" lon="4.432833194732666">
        <ele>3.81</ele>
      </trkpt>
      <trkpt lat="51.8438814394176" lon="4.43331079557538">
        <ele>3.75</ele>
      </trkpt>
      <trkpt lat="51.84379535727203" lon="4.433788480237126">
        <ele>3.79</ele>
      </trkpt>
      <trkpt lat="51.84370927512646" lon="4.434266164898872">
        <ele>3.86</ele>
      </trkpt>
      <trkpt lat="51.843623192980886" lon="4.434743849560618">
        <ele>3.75</ele>
      </trkpt>
      <trkpt lat="51.843537194654346" lon="4.435221450403333">
        <ele>3.63</ele>
      </trkpt>
      <trkpt lat="51.843451112508774" lon="4.435699135065079">
        <ele>3.62</ele>
      </trkpt>
      <trkpt lat="51.8433650303632" lon="4.436176819726825">
        <ele>3.61</ele>
      </trkpt>
      <trkpt lat="51.84327894821763" lon="4.436654420569539">
        <ele>3.57</ele>
      </trkpt>
      <trkpt lat="51.84319286607206" lon="4.437132105231285">
        <ele>3.62</ele>
      </trkpt>
      <trkpt lat="51.843109130859375" lon="4.437596797943115">
        <ele>3.63</ele>
      </trkpt>
      <trkpt lat="51.84310921467841" lon="4.437596797943115">
        <ele>3.59</ele>
      </trkpt>
      <trkpt lat="51.8430230487138" lon="4.4379947707057">
        <ele>3.57</ele>
      </trkpt>
      <trkpt lat="51.84293746948242" lon="4.438390731811523">
        <ele>3.47</ele>
      </trkpt>
      <trkpt lat="51.84279405511916" lon="4.438777808099985">
        <ele>3.37</ele>
      </trkpt>
      <trkpt lat="51.84265072457492" lon="4.439164884388447">
        <ele>3.38</ele>
      </trkpt>
      <trkpt lat="51.84250831604004" lon="4.439549446105957">
        <ele>3.35</ele>
      </trkpt>
      <trkpt lat="51.84248685836792" lon="4.439892768859863">
        <ele>3.28</ele>
      </trkpt>
      <trkpt lat="51.84240077622235" lon="4.440337345004082">
        <ele>3.17</ele>
      </trkpt>
      <trkpt lat="51.84231469407678" lon="4.440782004967332">
        <ele>3.07</ele>
      </trkpt>
      <trkpt lat="51.842228611931205" lon="4.441226664930582">
        <ele>3.02</ele>
      </trkpt>
      <trkpt lat="51.842142613604665" lon="4.441671324893832">
        <ele>3.02</ele>
      </trkpt>
      <trkpt lat="51.84205653145909" lon="4.442115984857082">
        <ele>3.01</ele>
      </trkpt>
      <trkpt lat="51.84197044931352" lon="4.4425606448203325">
        <ele>2.99</ele>
      </trkpt>
      <trkpt lat="51.84188445098698" lon="4.443005304783583">
        <ele>2.97</ele>
      </trkpt>
      <trkpt lat="51.84179836884141" lon="4.443449964746833">
        <ele>2.96</ele>
      </trkpt>
      <trkpt lat="51.84171438217163" lon="4.443883895874023">
        <ele>2.97</ele>
      </trkpt>
      <trkpt lat="51.84164263308048" lon="4.4442137237638235">
        <ele>3.01</ele>
      </trkpt>
      <trkpt lat="51.841570883989334" lon="4.444543635472655">
        <ele>3.08</ele>
      </trkpt>
      <trkpt lat="51.84149980545044" lon="4.444870948791504">
        <ele>3.11</ele>
      </trkpt>
      <trkpt lat="51.84147834777832" lon="4.445021152496338">
        <ele>3.16</ele>
      </trkpt>
      <trkpt lat="51.84154272079468" lon="4.445493221282959">
        <ele>3.24</ele>
      </trkpt>
      <trkpt lat="51.84152126312256" lon="4.445750713348389">
        <ele>3.28</ele>
      </trkpt>
      <trkpt lat="51.8413707241416" lon="4.446126976981759">
        <ele>3.33</ele>
      </trkpt>
      <trkpt lat="51.84122085571289" lon="4.446501731872559">
        <ele>3.42</ele>
      </trkpt>
      <trkpt lat="51.841135025024414" lon="4.446866512298584">
        <ele>3.49</ele>
      </trkpt>
      <trkpt lat="51.84102773666382" lon="4.447124004364014">
        <ele>3.58</ele>
      </trkpt>
      <trkpt lat="51.8408664688468" lon="4.4474356435239315">
        <ele>3.63</ele>
      </trkpt>
      <trkpt lat="51.84070520102978" lon="4.447747366502881">
        <ele>3.72</ele>
      </trkpt>
      <trkpt lat="51.84054401703179" lon="4.448059089481831">
        <ele>3.83</ele>
      </trkpt>
      <trkpt lat="51.840384006500244" lon="4.448368549346924">
        <ele>3.86</ele>
      </trkpt>
      <trkpt lat="51.840312257409096" lon="4.448784459382296">
        <ele>3.82</ele>
      </trkpt>
      <trkpt lat="51.84024050831795" lon="4.449200453236699">
        <ele>3.82</ele>
      </trkpt>
      <trkpt lat="51.84016942977905" lon="4.449613094329834">
        <ele>3.85</ele>
      </trkpt>
      <trkpt lat="51.84004068374634" lon="4.450063705444336">
        <ele>3.91</ele>
      </trkpt>
      <trkpt lat="51.839954601600766" lon="4.450321784242988">
        <ele>3.96</ele>
      </trkpt>
      <trkpt lat="51.839869022369385" lon="4.450578689575195">
        <ele>4.04</ele>
      </trkpt>
      <trkpt lat="51.839664839208126" lon="4.450847245752811">
        <ele>4.07</ele>
      </trkpt>
      <trkpt lat="51.83946132659912" lon="4.451115131378174">
        <ele>4.12</ele>
      </trkpt>
      <trkpt lat="51.83931112289429" lon="4.451436996459961">
        <ele>4.11</ele>
      </trkpt>
      <trkpt lat="51.839278768748045" lon="4.451802782714367">
        <ele>4.1</ele>
      </trkpt>
      <trkpt lat="51.83924674987793" lon="4.452166557312012">
        <ele>4.14</ele>
      </trkpt>
      <trkpt lat="51.83924674987793" lon="4.4525538850575686">
        <ele>4.23</ele>
      </trkpt>
      <trkpt lat="51.83924674987793" lon="4.452941212803125">
        <ele>4.34</ele>
      </trkpt>
      <trkpt lat="51.83924674987793" lon="4.453325271606445">
        <ele>4.41</ele>
      </trkpt>
      <trkpt lat="51.83918237686157" lon="4.45371150970459">
        <ele>4.48</ele>
      </trkpt>
      <trkpt lat="51.83904256671667" lon="4.45401250384748">
        <ele>4.57</ele>
      </trkpt>
      <trkpt lat="51.83890342712402" lon="4.454312324523926">
        <ele>4.64</ele>
      </trkpt>
      <trkpt lat="51.83877442963421" lon="4.454527236521244">
        <ele>4.71</ele>
      </trkpt>
      <trkpt lat="51.838645935058594" lon="4.454741477966309">
        <ele>4.8</ele>
      </trkpt>
      <trkpt lat="51.83860285207629" lon="4.455010369420052">
        <ele>4.87</ele>
      </trkpt>
      <trkpt lat="51.83856010437012" lon="4.455277919769287">
        <ele>4.94</ele>
      </trkpt>
      <trkpt lat="51.838474022224545" lon="4.455514457076788">
        <ele>4.95</ele>
      </trkpt>
      <trkpt lat="51.838388442993164" lon="4.455749988555908">
        <ele>4.95</ele>
      </trkpt>
      <trkpt lat="51.838237987831235" lon="4.455986358225346">
        <ele>4.96</ele>
      </trkpt>
      <trkpt lat="51.838088035583496" lon="4.456222057342529">
        <ele>4.98</ele>
      </trkpt>
      <trkpt lat="51.838044952601194" lon="4.456577030941844">
        <ele>5.08</ele>
      </trkpt>
      <trkpt lat="51.83800220489502" lon="4.456930160522461">
        <ele>5.13</ele>
      </trkpt>
      <trkpt lat="51.83795912191272" lon="4.457199051976204">
        <ele>5.15</ele>
      </trkpt>
      <trkpt lat="51.83791637420654" lon="4.4574666023254395">
        <ele>5.16</ele>
      </trkpt>
      <trkpt lat="51.837916458025575" lon="4.457595348358154">
        <ele>5.22</ele>
      </trkpt>
      <trkpt lat="51.83791637420654" lon="4.457595348358154">
        <ele>5.28</ele>
      </trkpt>
      <trkpt lat="51.83799164369702" lon="4.457874968647957">
        <ele>5.35</ele>
      </trkpt>
      <trkpt lat="51.83806657791138" lon="4.458153247833252">
        <ele>5.44</ele>
      </trkpt>
      <trkpt lat="51.838130950927734" lon="4.458260536193848">
        <ele>5.53</ele>
      </trkpt>
      <trkpt lat="51.83796809054911" lon="4.458610648289323">
        <ele>5.63</ele>
      </trkpt>
      <trkpt lat="51.83780531398952" lon="4.45896084420383">
        <ele>5.75</ele>
      </trkpt>
      <trkpt lat="51.83764253742993" lon="4.459310956299305">
        <ele>5.89</ele>
      </trkpt>
      <trkpt lat="51.83747976087034" lon="4.459661152213812">
        <ele>5.97</ele>
      </trkpt>
      <trkpt lat="51.837316984310746" lon="4.460011264309287">
        <ele>6.01</ele>
      </trkpt>
      <trkpt lat="51.837154207751155" lon="4.460361460223794">
        <ele>6.09</ele>
      </trkpt>
      <trkpt lat="51.83699369430542" lon="4.46070671081543">
        <ele>6.21</ele>
      </trkpt>
      <trkpt lat="51.83690786361694" lon="4.461157321929932">
        <ele>6.26</ele>
      </trkpt>
      <trkpt lat="51.83686503209174" lon="4.4611358642578125">
        <ele>6.35</ele>
      </trkpt>
      <trkpt lat="51.83659303933382" lon="4.460992701351643">
        <ele>6.46</ele>
      </trkpt>
      <trkpt lat="51.836321046575904" lon="4.460849538445473">
        <ele>6.55</ele>
      </trkpt>
      <trkpt lat="51.83604955673218" lon="4.46070671081543">
        <ele>6.67</ele>
      </trkpt>
      <trkpt lat="51.83580044656992" lon="4.460573522374034">
        <ele>6.83</ele>
      </trkpt>
      <trkpt lat="51.83555142022669" lon="4.46044041775167">
        <ele>6.94</ele>
      </trkpt>
      <trkpt lat="51.835302310064435" lon="4.460307313129306">
        <ele>6.99</ele>
      </trkpt>
      <trkpt lat="51.83505328372121" lon="4.460174208506942">
        <ele>7.03</ele>
      </trkpt>
      <trkpt lat="51.83480501174927" lon="4.460041522979736">
        <ele>7.11</ele>
      </trkpt>
      <trkpt lat="51.834718929603696" lon="4.460493307560682">
        <ele>7.22</ele>
      </trkpt>
      <trkpt lat="51.834632847458124" lon="4.460945092141628">
        <ele>7.31</ele>
      </trkpt>
      <trkpt lat="51.83454751968384" lon="4.461393356323242">
        <ele>7.41</ele>
      </trkpt>
      <trkpt lat="51.83451524935663" lon="4.461737601086497">
        <ele>7.44</ele>
      </trkpt>
      <trkpt lat="51.83448323048651" lon="4.462080001831055">
        <ele>7.45</ele>
      </trkpt>
      <trkpt lat="51.834454480558634" lon="4.462474454194307">
        <ele>7.41</ele>
      </trkpt>
      <trkpt lat="51.83442581444979" lon="4.462868990376592">
        <ele>7.39</ele>
      </trkpt>
      <trkpt lat="51.834397399798036" lon="4.463260173797607">
        <ele>7.4</ele>
      </trkpt>
      <trkpt lat="51.83437577448785" lon="4.463618835434318">
        <ele>7.37</ele>
      </trkpt>
      <trkpt lat="51.8343542329967" lon="4.463977497071028">
        <ele>7.29</ele>
      </trkpt>
      <trkpt lat="51.83433294296265" lon="4.4643330574035645">
        <ele>7.22</ele>
      </trkpt>
      <trkpt lat="51.83433294296265" lon="4.464483261108398">
        <ele>7.16</ele>
      </trkpt>
      <trkpt lat="51.83442975394428" lon="4.464827422052622">
        <ele>7.1</ele>
      </trkpt>
      <trkpt lat="51.83452614583075" lon="4.465169906616211">
        <ele>7.03</ele>
      </trkpt>
      <trkpt lat="51.834590435028076" lon="4.465513229370117">
        <ele>6.91</ele>
      </trkpt>
      <trkpt lat="51.83464961126447" lon="4.465959649533033">
        <ele>6.81</ele>
      </trkpt>
      <trkpt lat="51.83470878750086" lon="4.466406153514981">
        <ele>6.69</ele>
      </trkpt>
      <trkpt lat="51.83476796373725" lon="4.466852657496929">
        <ele>6.62</ele>
      </trkpt>
      <trkpt lat="51.83482646942139" lon="4.467294216156006">
        <ele>6.55</ele>
      </trkpt>
      <trkpt lat="51.83480501174927" lon="4.467422962188721">
        <ele>6.43</ele>
      </trkpt>
      <trkpt lat="51.83474063873291" lon="4.467465877532959">
        <ele>6.3</ele>
      </trkpt>
      <trkpt lat="51.8345046043396" lon="4.467573165893555">
        <ele>6.14</ele>
      </trkpt>
      <trkpt lat="51.83431148529053" lon="4.467658996582031">
        <ele>5.98</ele>
      </trkpt>
      <trkpt lat="51.8342471960932" lon="4.467766284942627">
        <ele>5.84</ele>
      </trkpt>
      <trkpt lat="51.83418273925781" lon="4.468173980712891">
        <ele>5.73</ele>
      </trkpt>
      <trkpt lat="51.83425440452993" lon="4.4686043076217175">
        <ele>5.6</ele>
      </trkpt>
      <trkpt lat="51.83432615362108" lon="4.469034634530544">
        <ele>5.24</ele>
      </trkpt>
      <trkpt lat="51.834397315979004" lon="4.469461441040039">
        <ele>5.14</ele>
      </trkpt>
      <trkpt lat="51.83444023132324" lon="4.469568729400635">
        <ele>5.01</ele>
      </trkpt>
      <trkpt lat="51.834654891863465" lon="4.469718933105469">
        <ele>4.9</ele>
      </trkpt>
      <trkpt lat="51.83491246774793" lon="4.469912135973573">
        <ele>4.62</ele>
      </trkpt>
      <trkpt lat="51.83516979217529" lon="4.470105171203613">
        <ele>4.42</ele>
      </trkpt>
      <trkpt lat="51.83525562286377" lon="4.470233917236328">
        <ele>4.2</ele>
      </trkpt>
      <trkpt lat="51.83532016351819" lon="4.47062979452312">
        <ele>4.04</ele>
      </trkpt>
      <trkpt lat="51.83538470417261" lon="4.471025671809912">
        <ele>3.88</ele>
      </trkpt>
      <trkpt lat="51.83544924482703" lon="4.4714215490967035">
        <ele>3.65</ele>
      </trkpt>
      <trkpt lat="51.83551378548145" lon="4.471817510202527">
        <ele>3.42</ele>
      </trkpt>
      <trkpt lat="51.83557748794556" lon="4.472208023071289">
        <ele>3.18</ele>
      </trkpt>
      <trkpt lat="51.83568502776325" lon="4.472681265324354">
        <ele>3.02</ele>
      </trkpt>
      <trkpt lat="51.83579206466675" lon="4.473152160644531">
        <ele>2.72</ele>
      </trkpt>
      <trkpt lat="51.83579214848578" lon="4.473152160644531">
        <ele>2.5</ele>
      </trkpt>
      <trkpt lat="51.8359187990427" lon="4.4736038614064455">
        <ele>2.19</ele>
      </trkpt>
      <trkpt lat="51.836045449599624" lon="4.47405556216836">
        <ele>1.92</ele>
      </trkpt>
      <trkpt lat="51.836172100156546" lon="4.474507262930274">
        <ele>1.7</ele>
      </trkpt>
      <trkpt lat="51.83629875071347" lon="4.474958963692188">
        <ele>1.51</ele>
      </trkpt>
      <trkpt lat="51.83642548508942" lon="4.4754106644541025">
        <ele>1.33</ele>
      </trkpt>
      <trkpt lat="51.83655213564634" lon="4.4758624490350485">
        <ele>1.16</ele>
      </trkpt>
      <trkpt lat="51.836678786203265" lon="4.476314149796963">
        <ele>0.96</ele>
      </trkpt>
      <trkpt lat="51.83680543676019" lon="4.476765850558877">
        <ele>0.75</ele>
      </trkpt>
      <trkpt lat="51.83692932128906" lon="4.477207660675049">
        <ele>0.61</ele>
      </trkpt>
      <trkpt lat="51.83706074953079" lon="4.477618625387549">
        <ele>0.47</ele>
      </trkpt>
      <trkpt lat="51.83719217777252" lon="4.478029673919082">
        <ele>0.32</ele>
      </trkpt>
      <trkpt lat="51.83732360601425" lon="4.478440722450614">
        <ele>0.19</ele>
      </trkpt>
      <trkpt lat="51.83745511807501" lon="4.478851770982146">
        <ele>0.14</ele>
      </trkpt>
      <trkpt lat="51.83758654631674" lon="4.4792628195136786">
        <ele>0.1</ele>
      </trkpt>
      <trkpt lat="51.83771797455847" lon="4.479673868045211">
        <ele>0.07</ele>
      </trkpt>
      <trkpt lat="51.837849486619234" lon="4.480084916576743">
        <ele>0.02</ele>
      </trkpt>
      <trkpt lat="51.837980914860964" lon="4.480495965108275">
        <ele>0.0</ele>
      </trkpt>
      <trkpt lat="51.83810957707465" lon="4.480898380279541">
        <ele>-0.01</ele>
      </trkpt>
      <trkpt lat="51.83825391344726" lon="4.481319235637784">
        <ele>-0.03</ele>
      </trkpt>
      <trkpt lat="51.83839833363891" lon="4.481740174815059">
        <ele>-0.04</ele>
      </trkpt>
      <trkpt lat="51.83854275383055" lon="4.482161113992333">
        <ele>-0.08</ele>
      </trkpt>
      <trkpt lat="51.838687090203166" lon="4.482581969350576">
        <ele>-0.13</ele>
      </trkpt>
      <trkpt lat="51.83883151039481" lon="4.483002908527851">
        <ele>-0.08</ele>
      </trkpt>
      <trkpt lat="51.83897593058646" lon="4.483423847705126">
        <ele>0.0</ele>
      </trkpt>
      <trkpt lat="51.839118003845215" lon="4.483838081359863">
        <ele>0.07</ele>
      </trkpt>
      <trkpt lat="51.83923987671733" lon="4.48428257368505">
        <ele>0.14</ele>
      </trkpt>
      <trkpt lat="51.83936174958944" lon="4.4847271498292685">
        <ele>0.16</ele>
      </trkpt>
      <trkpt lat="51.83948370628059" lon="4.485171725973487">
        <ele>0.27</ele>
      </trkpt>
      <trkpt lat="51.8396055791527" lon="4.485616218298674">
        <ele>0.32</ele>
      </trkpt>
      <trkpt lat="51.83972745202482" lon="4.486060794442892">
        <ele>0.41</ele>
      </trkpt>
      <trkpt lat="51.83984940871596" lon="4.4865053705871105">
        <ele>0.51</ele>
      </trkpt>
      <trkpt lat="51.83997128158808" lon="4.486949946731329">
        <ele>0.58</ele>
      </trkpt>
      <trkpt lat="51.84009315446019" lon="4.487394439056516">
        <ele>0.69</ele>
      </trkpt>
      <trkpt lat="51.84021234512329" lon="4.487829208374023">
        <ele>0.83</ele>
      </trkpt>
      <trkpt lat="51.84021242894232" lon="4.487829208374023">
        <ele>0.96</ele>
      </trkpt>
      <trkpt lat="51.84032952412963" lon="4.488261798396707">
        <ele>1.14</ele>
      </trkpt>
      <trkpt lat="51.840446619316936" lon="4.48869438841939">
        <ele>1.36</ele>
      </trkpt>
      <trkpt lat="51.84056371450424" lon="4.489126978442073">
        <ele>1.5</ele>
      </trkpt>
      <trkpt lat="51.84068089351058" lon="4.489559568464756">
        <ele>1.63</ele>
      </trkpt>
      <trkpt lat="51.84079798869789" lon="4.489992158487439">
        <ele>1.73</ele>
      </trkpt>
      <trkpt lat="51.84091508388519" lon="4.490424832329154">
        <ele>1.86</ele>
      </trkpt>
      <trkpt lat="51.84103226289153" lon="4.490857422351837">
        <ele>2.01</ele>
      </trkpt>
      <trkpt lat="51.84114935807884" lon="4.49129001237452">
        <ele>2.18</ele>
      </trkpt>
      <trkpt lat="51.84126385487616" lon="4.491713047027588">
        <ele>2.37</ele>
      </trkpt>
      <trkpt lat="51.841371059417725" lon="4.49216365814209">
        <ele>2.5</ele>
      </trkpt>
      <trkpt lat="51.841371059417725" lon="4.492313861846924">
        <ele>2.64</ele>
      </trkpt>
      <trkpt lat="51.84119897894561" lon="4.492693645879626">
        <ele>2.79</ele>
      </trkpt>
      <trkpt lat="51.84102698229253" lon="4.49307351373136">
        <ele>2.92</ele>
      </trkpt>
      <trkpt lat="51.840856075286865" lon="4.493451118469238">
        <ele>3.05</ele>
      </trkpt>
      <trkpt lat="51.840834533795714" lon="4.493709281086922">
        <ele>3.19</ele>
      </trkpt>
      <trkpt lat="51.84081315994263" lon="4.493966102600098">
        <ele>3.33</ele>
      </trkpt>
      <trkpt lat="51.84081324376166" lon="4.494116306304932">
        <ele>3.46</ele>
      </trkpt>
      <trkpt lat="51.84077032841742" lon="4.494309425354004">
        <ele>3.61</ele>
      </trkpt>
      <trkpt lat="51.84074157848954" lon="4.49467521160841">
        <ele>3.76</ele>
      </trkpt>
      <trkpt lat="51.840712828561664" lon="4.495041081681848">
        <ele>3.9</ele>
      </trkpt>
      <trkpt lat="51.84068441390991" lon="4.49540376663208">
        <ele>4.05</ele>
      </trkpt>
      <trkpt lat="51.84065205976367" lon="4.495683470740914">
        <ele>4.23</ele>
      </trkpt>
      <trkpt lat="51.840620040893555" lon="4.495961666107178">
        <ele>4.38</ele>
      </trkpt>
      <trkpt lat="51.84051241725683" lon="4.496427783742547">
        <ele>4.49</ele>
      </trkpt>
      <trkpt lat="51.84040487743914" lon="4.496893901377916">
        <ele>4.6</ele>
      </trkpt>
      <trkpt lat="51.84029817581177" lon="4.497356414794922">
        <ele>4.72</ele>
      </trkpt>
      <trkpt lat="51.84033396653831" lon="4.4978082831949">
        <ele>4.81</ele>
      </trkpt>
      <trkpt lat="51.840369841083884" lon="4.498260151594877">
        <ele>4.89</ele>
      </trkpt>
      <trkpt lat="51.84040546417236" lon="4.498708248138428">
        <ele>5.01</ele>
      </trkpt>
      <trkpt lat="51.84042692184448" lon="4.498794078826904">
        <ele>5.08</ele>
      </trkpt>
      <trkpt lat="51.84066295623779" lon="4.499051570892334">
        <ele>5.15</ele>
      </trkpt>
      <trkpt lat="51.84081315994263" lon="4.499309062957764">
        <ele>5.18</ele>
      </trkpt>
      <trkpt lat="51.84088842943311" lon="4.4995456002652645">
        <ele>5.18</ele>
      </trkpt>
      <trkpt lat="51.84096336364746" lon="4.499781131744385">
        <ele>5.2</ele>
      </trkpt>
      <trkpt lat="51.84098482131958" lon="4.500274658203125">
        <ele>5.2</ele>
      </trkpt>
      <trkpt lat="51.84095246717334" lon="4.50058663263917">
        <ele>5.17</ele>
      </trkpt>
      <trkpt lat="51.84092044830322" lon="4.50089693069458">
        <ele>5.16</ele>
      </trkpt>
      <trkpt lat="51.840937631204724" lon="4.50138752348721">
        <ele>5.13</ele>
      </trkpt>
      <trkpt lat="51.840954814106226" lon="4.501878200098872">
        <ele>5.09</ele>
      </trkpt>
      <trkpt lat="51.84097208082676" lon="4.502368876710534">
        <ele>5.08</ele>
      </trkpt>
      <trkpt lat="51.84098926372826" lon="4.502859553322196">
        <ele>5.04</ele>
      </trkpt>
      <trkpt lat="51.8410062789917" lon="4.503343105316162">
        <ele>4.97</ele>
      </trkpt>
      <trkpt lat="51.84096336364746" lon="4.5037078857421875">
        <ele>4.89</ele>
      </trkpt>
      <trkpt lat="51.84085574001074" lon="4.504132680594921">
        <ele>4.81</ele>
      </trkpt>
      <trkpt lat="51.84074820019305" lon="4.504557559266686">
        <ele>4.71</ele>
      </trkpt>
      <trkpt lat="51.84064066037536" lon="4.504982437938452">
        <ele>4.58</ele>
      </trkpt>
      <trkpt lat="51.84053421020508" lon="4.5054030418396">
        <ele>4.36</ele>
      </trkpt>
      <trkpt lat="51.84043949469924" lon="4.505781652405858">
        <ele>4.16</ele>
      </trkpt>
      <trkpt lat="51.84034486301243" lon="4.5061602629721165">
        <ele>3.97</ele>
      </trkpt>
      <trkpt lat="51.840250231325626" lon="4.506538873538375">
        <ele>3.75</ele>
      </trkpt>
      <trkpt lat="51.84015551581979" lon="4.506917484104633">
        <ele>3.48</ele>
      </trkpt>
      <trkpt lat="51.84006214141846" lon="4.507291316986084">
        <ele>3.22</ele>
      </trkpt>
      <trkpt lat="51.84004068374634" lon="4.5075273513793945">
        <ele>2.99</ele>
      </trkpt>
      <trkpt lat="51.84033044613898" lon="4.507570266723633">
        <ele>2.73</ele>
      </trkpt>
      <trkpt lat="51.840620040893555" lon="4.507613182067871">
        <ele>2.44</ele>
      </trkpt>
      <trkpt lat="51.84066295623779" lon="4.507613182067871">
        <ele>2.19</ele>
      </trkpt>
      <trkpt lat="51.84070587158203" lon="4.507484436035156">
        <ele>1.93</ele>
      </trkpt>
      <trkpt lat="51.84074878692627" lon="4.507505893707275">
        <ele>1.67</ele>
      </trkpt>
      <trkpt lat="51.8407488707453" lon="4.507505893707275">
        <ele>1.41</ele>
      </trkpt>
      <trkpt lat="51.84079170227051" lon="4.507505893707275">
        <ele>1.14</ele>
      </trkpt>
      <trkpt lat="51.840877532958984" lon="4.507656097412109">
        <ele>0.85</ele>
      </trkpt>
      <trkpt lat="51.84092044830322" lon="4.5076775550842285">
        <ele>0.58</ele>
      </trkpt>
      <trkpt lat="51.84118657372892" lon="4.507724745199084">
        <ele>0.29</ele>
      </trkpt>
      <trkpt lat="51.84145278297365" lon="4.50777193531394">
        <ele>0.02</ele>
      </trkpt>
      <trkpt lat="51.84171890839934" lon="4.5078192092478275">
        <ele>-0.17</ele>
      </trkpt>
      <trkpt lat="51.84198511764407" lon="4.507866399362683">
        <ele>-0.38</ele>
      </trkpt>
      <trkpt lat="51.84225082397461" lon="4.507913589477539">
        <ele>-0.59</ele>
      </trkpt>
      <trkpt lat="51.8424654006958" lon="4.507849216461182">
        <ele>-0.79</ele>
      </trkpt>
      <trkpt lat="51.84265851974487" lon="4.50788140296936">
        <ele>-0.98</ele>
      </trkpt>
      <trkpt lat="51.842851638793945" lon="4.507913589477539">
        <ele>-1.15</ele>
      </trkpt>
      <trkpt lat="51.84304484166205" lon="4.507945775985718">
        <ele>-1.32</ele>
      </trkpt>
      <trkpt lat="51.84323796071112" lon="4.5079779624938965">
        <ele>-1.46</ele>
      </trkpt>
      <trkpt lat="51.84349545277655" lon="4.508020877838135">
        <ele>-1.57</ele>
      </trkpt>
      <trkpt lat="51.84375286102295" lon="4.508063793182373">
        <ele>-1.71</ele>
      </trkpt>
      <trkpt lat="51.843860149383545" lon="4.507999420166016">
        <ele>-1.84</ele>
      </trkpt>
      <trkpt lat="51.8440318107605" lon="4.507763385772705">
        <ele>-1.96</ele>
      </trkpt>
      <trkpt lat="51.844139099121094" lon="4.507913589477539">
        <ele>-2.07</ele>
      </trkpt>
      <trkpt lat="51.844332218170166" lon="4.508299827575684">
        <ele>-2.17</ele>
      </trkpt>
      <trkpt lat="51.844375133514404" lon="4.508600234985352">
        <ele>-2.26</ele>
      </trkpt>
      <trkpt lat="51.84436432085931" lon="4.508912209421396">
        <ele>-2.3</ele>
      </trkpt>
      <trkpt lat="51.844353675842285" lon="4.509222507476807">
        <ele>-2.32</ele>
      </trkpt>
      <trkpt lat="51.84420347213745" lon="4.509522914886475">
        <ele>-2.35</ele>
      </trkpt>
      <trkpt lat="51.8441819306463" lon="4.50998199172318">
        <ele>-2.4</ele>
      </trkpt>
      <trkpt lat="51.84416038915515" lon="4.510441068559885">
        <ele>-2.39</ele>
      </trkpt>
      <trkpt lat="51.84413893148303" lon="4.51090014539659">
        <ele>-2.38</ele>
      </trkpt>
      <trkpt lat="51.84411738999188" lon="4.511359222233295">
        <ele>-2.37</ele>
      </trkpt>
      <trkpt lat="51.84409584850073" lon="4.511818382889032">
        <ele>-2.4</ele>
      </trkpt>
      <trkpt lat="51.84407439082861" lon="4.512277459725738">
        <ele>-2.41</ele>
      </trkpt>
      <trkpt lat="51.84405284933746" lon="4.512736536562443">
        <ele>-2.39</ele>
      </trkpt>
      <trkpt lat="51.84403130784631" lon="4.513195613399148">
        <ele>-2.36</ele>
      </trkpt>
      <trkpt lat="51.84401035308838" lon="4.51364278793335">
        <ele>-2.3</ele>
      </trkpt>
      <trkpt lat="51.84401035308838" lon="4.513685703277588">
        <ele>-2.28</ele>
      </trkpt>
      <trkpt lat="51.84398881159723" lon="4.51416271738708">
        <ele>-2.22</ele>
      </trkpt>
      <trkpt lat="51.84396727010608" lon="4.5146397314965725">
        <ele>-2.22</ele>
      </trkpt>
      <trkpt lat="51.843945728614926" lon="4.515116745606065">
        <ele>-2.15</ele>
      </trkpt>
      <trkpt lat="51.84392427094281" lon="4.515593759715557">
        <ele>-2.09</ele>
      </trkpt>
      <trkpt lat="51.843902729451656" lon="4.516070773825049">
        <ele>-2.11</ele>
      </trkpt>
      <trkpt lat="51.843881607055664" lon="4.516539573669434">
        <ele>-2.16</ele>
      </trkpt>
      <trkpt lat="51.84386274777353" lon="4.5169860776513815">
        <ele>-2.14</ele>
      </trkpt>
      <trkpt lat="51.84384388849139" lon="4.517432581633329">
        <ele>-2.08</ele>
      </trkpt>
      <trkpt lat="51.84382511302829" lon="4.517879169434309">
        <ele>-2.04</ele>
      </trkpt>
      <trkpt lat="51.84380625374615" lon="4.518325673416257">
        <ele>-2.03</ele>
      </trkpt>
      <trkpt lat="51.84378747828305" lon="4.5187722612172365">
        <ele>-2.02</ele>
      </trkpt>
      <trkpt lat="51.84376861900091" lon="4.519218765199184">
        <ele>-2.05</ele>
      </trkpt>
      <trkpt lat="51.843749759718776" lon="4.519665353000164">
        <ele>-2.07</ele>
      </trkpt>
      <trkpt lat="51.84373140335083" lon="4.520101547241211">
        <ele>-2.02</ele>
      </trkpt>
      <trkpt lat="51.84370122849941" lon="4.520579231902957">
        <ele>-2.02</ele>
      </trkpt>
      <trkpt lat="51.84367113746703" lon="4.521057000383735">
        <ele>-2.01</ele>
      </trkpt>
      <trkpt lat="51.84364096261561" lon="4.521534685045481">
        <ele>-2.0</ele>
      </trkpt>
      <trkpt lat="51.84361087158322" lon="4.5220124535262585">
        <ele>-2.03</ele>
      </trkpt>
      <trkpt lat="51.843581199645996" lon="4.5224833488464355">
        <ele>-2.04</ele>
      </trkpt>
      <trkpt lat="51.84353090822697" lon="4.522978216409683">
        <ele>-2.03</ele>
      </trkpt>
      <trkpt lat="51.84348070062697" lon="4.523473167791963">
        <ele>-2.01</ele>
      </trkpt>
      <trkpt lat="51.84343099594116" lon="4.523963928222656">
        <ele>-2.0</ele>
      </trkpt>
      <trkpt lat="51.84337357990444" lon="4.524358380585909">
        <ele>-1.95</ele>
      </trkpt>
      <trkpt lat="51.84331616386771" lon="4.5247528329491615">
        <ele>-1.93</ele>
      </trkpt>
      <trkpt lat="51.84325933456421" lon="4.525144100189209">
        <ele>-1.93</ele>
      </trkpt>
      <trkpt lat="51.843180460855365" lon="4.525549281388521">
        <ele>-1.97</ele>
      </trkpt>
      <trkpt lat="51.84310158714652" lon="4.525954462587833">
        <ele>-1.97</ele>
      </trkpt>
      <trkpt lat="51.843022713437676" lon="4.526359643787146">
        <ele>-1.98</ele>
      </trkpt>
      <trkpt lat="51.84294383972883" lon="4.5267649088054895">
        <ele>-1.98</ele>
      </trkpt>
      <trkpt lat="51.84286496601999" lon="4.527170090004802">
        <ele>-1.99</ele>
      </trkpt>
      <trkpt lat="51.84278734959662" lon="4.527568817138672">
        <ele>-1.95</ele>
      </trkpt>
      <trkpt lat="51.84278726577759" lon="4.527568817138672">
        <ele>-1.96</ele>
      </trkpt>
      <trkpt lat="51.84273345395923" lon="4.527859250083566">
        <ele>-1.95</ele>
      </trkpt>
      <trkpt lat="51.84267997741699" lon="4.528148174285889">
        <ele>-1.95</ele>
      </trkpt>
      <trkpt lat="51.84257595799863" lon="4.528628624975681">
        <ele>-2.01</ele>
      </trkpt>
      <trkpt lat="51.842472022399306" lon="4.529109075665474">
        <ele>-2.09</ele>
      </trkpt>
      <trkpt lat="51.84236800298095" lon="4.529589610174298">
        <ele>-2.12</ele>
      </trkpt>
      <trkpt lat="51.84226406738162" lon="4.530070060864091">
        <ele>-2.12</ele>
      </trkpt>
      <trkpt lat="51.84216013178229" lon="4.530550595372915">
        <ele>-2.1</ele>
      </trkpt>
      <trkpt lat="51.84205778874457" lon="4.5310235023498535">
        <ele>-2.11</ele>
      </trkpt>
      <trkpt lat="51.84199333190918" lon="4.531238079071045">
        <ele>-2.12</ele>
      </trkpt>
      <trkpt lat="51.84192158281803" lon="4.5316181145608425">
        <ele>-2.13</ele>
      </trkpt>
      <trkpt lat="51.84184983372688" lon="4.531998233869672">
        <ele>-2.13</ele>
      </trkpt>
      <trkpt lat="51.84177875518799" lon="4.532375335693359">
        <ele>-2.14</ele>
      </trkpt>
      <trkpt lat="51.84172494336963" lon="4.5327195804566145">
        <ele>-2.1</ele>
      </trkpt>
      <trkpt lat="51.84167146682739" lon="4.533061981201172">
        <ele>-2.1</ele>
      </trkpt>
      <trkpt lat="51.84164992533624" lon="4.533341685310006">
        <ele>-2.12</ele>
      </trkpt>
      <trkpt lat="51.841628551483154" lon="4.5336198806762695">
        <ele>-2.13</ele>
      </trkpt>
      <trkpt lat="51.841599801555276" lon="4.5340860821306705">
        <ele>-2.12</ele>
      </trkpt>
      <trkpt lat="51.84157113544643" lon="4.534552367404103">
        <ele>-2.1</ele>
      </trkpt>
      <trkpt lat="51.84154272079468" lon="4.535014629364014">
        <ele>-2.09</ele>
      </trkpt>
      <trkpt lat="51.84152126312256" lon="4.535229206085205">
        <ele>-2.07</ele>
      </trkpt>
      <trkpt lat="51.84143518097699" lon="4.535465743392706">
        <ele>-2.03</ele>
      </trkpt>
      <trkpt lat="51.841349601745605" lon="4.535701274871826">
        <ele>-1.99</ele>
      </trkpt>
      <trkpt lat="51.841349601745605" lon="4.536194801330566">
        <ele>-1.95</ele>
      </trkpt>
      <trkpt lat="51.841371059417725" lon="4.536430835723877">
        <ele>-1.92</ele>
      </trkpt>
      <trkpt lat="51.841135025024414" lon="4.5363450050354">
        <ele>-1.84</ele>
      </trkpt>
      <trkpt lat="51.84085599146783" lon="4.53635573387146">
        <ele>-1.76</ele>
      </trkpt>
      <trkpt lat="51.84057720936835" lon="4.5363664627075195">
        <ele>-1.71</ele>
      </trkpt>
      <trkpt lat="51.84053429402411" lon="4.5363664627075195">
        <ele>-1.65</ele>
      </trkpt>
      <trkpt lat="51.840427005663514" lon="4.5363664627075195">
        <ele>-1.6</ele>
      </trkpt>
      <trkpt lat="51.8401478882879" lon="4.536377191543579">
        <ele>-1.54</ele>
      </trkpt>
      <trkpt lat="51.83986910618842" lon="4.536387920379639">
        <ele>-1.45</ele>
      </trkpt>
      <trkpt lat="51.83958286419511" lon="4.536373587325215">
        <ele>-1.4</ele>
      </trkpt>
      <trkpt lat="51.8392966222018" lon="4.536359254270792">
        <ele>-1.31</ele>
      </trkpt>
      <trkpt lat="51.83901079930365" lon="4.5363450050354">
        <ele>-1.21</ele>
      </trkpt>
      <trkpt lat="51.838817512616515" lon="4.536344921216369">
        <ele>-1.08</ele>
      </trkpt>
      <trkpt lat="51.838624477386475" lon="4.5363450050354">
        <ele>-0.94</ele>
      </trkpt>
      <trkpt lat="51.838624561205506" lon="4.5363450050354">
        <ele>-0.81</ele>
      </trkpt>
      <trkpt lat="51.83837763033807" lon="4.536344921216369">
        <ele>-0.65</ele>
      </trkpt>
      <trkpt lat="51.838131034746766" lon="4.5363450050354">
        <ele>-0.51</ele>
      </trkpt>
      <trkpt lat="51.837851917371154" lon="4.536344921216369">
        <ele>-0.34</ele>
      </trkpt>
      <trkpt lat="51.83757305145264" lon="4.5363450050354">
        <ele>-0.19</ele>
      </trkpt>
      <trkpt lat="51.83757313527167" lon="4.5363450050354">
        <ele>-0.03</ele>
      </trkpt>
      <trkpt lat="51.837304746732116" lon="4.536344921216369">
        <ele>0.15</ele>
      </trkpt>
      <trkpt lat="51.83703669346869" lon="4.5363450050354">
        <ele>0.29</ele>
      </trkpt>
      <trkpt lat="51.83680769987404" lon="4.536344921216369">
        <ele>0.41</ele>
      </trkpt>
      <trkpt lat="51.8365787062794" lon="4.536344921216369">
        <ele>0.55</ele>
      </trkpt>
      <trkpt lat="51.83635004796088" lon="4.5363450050354">
        <ele>0.74</ele>
      </trkpt>
      <trkpt lat="51.83606380596757" lon="4.536352129653096">
        <ele>0.96</ele>
      </trkpt>
      <trkpt lat="51.83577764779329" lon="4.536359254270792">
        <ele>1.16</ele>
      </trkpt>
      <trkpt lat="51.83549174107611" lon="4.5363664627075195">
        <ele>1.35</ele>
      </trkpt>
      <trkpt lat="51.83521270751953" lon="4.536473751068115">
        <ele>1.58</ele>
      </trkpt>
      <trkpt lat="51.835126876831055" lon="4.5366668701171875">
        <ele>1.82</ele>
      </trkpt>
      <trkpt lat="51.83499821461737" lon="4.536623954772949">
        <ele>2.11</ele>
      </trkpt>
      <trkpt lat="51.83493375778198" lon="4.536623954772949">
        <ele>2.36</ele>
      </trkpt>
      <trkpt lat="51.83493375778198" lon="4.536968199536204">
        <ele>2.57</ele>
      </trkpt>
      <trkpt lat="51.83493375778198" lon="4.537312528118491">
        <ele>2.8</ele>
      </trkpt>
      <trkpt lat="51.83493375778198" lon="4.537653923034668">
        <ele>3.02</ele>
      </trkpt>
      <trkpt lat="51.83491221629083" lon="4.538073521107435">
        <ele>3.26</ele>
      </trkpt>
      <trkpt lat="51.834890842437744" lon="4.5384907722473145">
        <ele>3.48</ele>
      </trkpt>
      <trkpt lat="51.834847927093506" lon="4.538555145263672">
        <ele>3.7</ele>
      </trkpt>
      <trkpt lat="51.834611892700195" lon="4.538576602935791">
        <ele>3.93</ele>
      </trkpt>
      <trkpt lat="51.83450468815863" lon="4.538640975952148">
        <ele>4.14</ele>
      </trkpt>
      <trkpt lat="51.8345046043396" lon="4.538640975952148">
        <ele>4.33</ele>
      </trkpt>
      <trkpt lat="51.83440779335797" lon="4.538845159113407">
        <ele>4.54</ele>
      </trkpt>
      <trkpt lat="51.83431148529053" lon="4.539048671722412">
        <ele>4.73</ele>
      </trkpt>
      <trkpt lat="51.83424711227417" lon="4.539306163787842">
        <ele>4.89</ele>
      </trkpt>
      <trkpt lat="51.83423093520105" lon="4.539768844842911">
        <ele>5.04</ele>
      </trkpt>
      <trkpt lat="51.83421484194696" lon="4.54023152589798">
        <ele>5.17</ele>
      </trkpt>
      <trkpt lat="51.83419874869287" lon="4.540694206953049">
        <ele>5.21</ele>
      </trkpt>
      <trkpt lat="51.834182823076844" lon="4.541151523590088">
        <ele>5.28</ele>
      </trkpt>
      <trkpt lat="51.83417561464012" lon="4.541524518281221">
        <ele>5.36</ele>
      </trkpt>
      <trkpt lat="51.83416840620339" lon="4.541897512972355">
        <ele>5.47</ele>
      </trkpt>
      <trkpt lat="51.83416128158569" lon="4.542267322540283">
        <ele>5.57</ele>
      </trkpt>
      <trkpt lat="51.83418273925781" lon="4.5427299197763205">
        <ele>5.65</ele>
      </trkpt>
      <trkpt lat="51.83420419692993" lon="4.543190002441406">
        <ele>5.69</ele>
      </trkpt>
      <trkpt lat="51.83425038121641" lon="4.543689899146557">
        <ele>5.81</ele>
      </trkpt>
      <trkpt lat="51.834291787818074" lon="4.544138582423329">
        <ele>5.85</ele>
      </trkpt>
      <trkpt lat="51.83433302678168" lon="4.54458475112915">
        <ele>5.91</ele>
      </trkpt>
      <trkpt lat="51.8343544844538" lon="4.544820785522461">
        <ele>5.93</ele>
      </trkpt>
      <trkpt lat="51.83437594212592" lon="4.545240383595228">
        <ele>5.91</ele>
      </trkpt>
      <trkpt lat="51.834397315979004" lon="4.545657634735107">
        <ele>5.86</ele>
      </trkpt>
      <trkpt lat="51.83440804481506" lon="4.546109503135085">
        <ele>5.85</ele>
      </trkpt>
      <trkpt lat="51.83441877365112" lon="4.546558856964111">
        <ele>5.83</ele>
      </trkpt>
      <trkpt lat="51.83444023132324" lon="4.5467305183410645">
        <ele>5.79</ele>
      </trkpt>
      <trkpt lat="51.83447250165045" lon="4.546988680958748">
        <ele>5.71</ele>
      </trkpt>
      <trkpt lat="51.8345046043396" lon="4.547245502471924">
        <ele>5.65</ele>
      </trkpt>
      <trkpt lat="51.8345046043396" lon="4.54758882522583">
        <ele>5.6</ele>
      </trkpt>
      <trkpt lat="51.83442925103009" lon="4.547879174351692">
        <ele>5.54</ele>
      </trkpt>
      <trkpt lat="51.834354400634766" lon="4.548168182373047">
        <ele>5.49</ele>
      </trkpt>
      <trkpt lat="51.83441877365112" lon="4.548382759094238">
        <ele>5.45</ele>
      </trkpt>
      <trkpt lat="51.83456897735596" lon="4.548768997192383">
        <ele>5.36</ele>
      </trkpt>
      <trkpt lat="51.8345564045012" lon="4.5492603443562984">
        <ele>5.22</ele>
      </trkpt>
      <trkpt lat="51.83454383164644" lon="4.549751691520214">
        <ele>5.09</ele>
      </trkpt>
      <trkpt lat="51.83453134261072" lon="4.550243122503161">
        <ele>5.04</ele>
      </trkpt>
      <trkpt lat="51.83451876975596" lon="4.550734469667077">
        <ele>4.98</ele>
      </trkpt>
      <trkpt lat="51.8345061969012" lon="4.551225816830993">
        <ele>4.84</ele>
      </trkpt>
      <trkpt lat="51.83449370786548" lon="4.55171724781394">
        <ele>4.73</ele>
      </trkpt>
      <trkpt lat="51.83448113501072" lon="4.552208594977856">
        <ele>4.63</ele>
      </trkpt>
      <trkpt lat="51.83446856215596" lon="4.552699942141771">
        <ele>4.49</ele>
      </trkpt>
      <trkpt lat="51.834456073120236" lon="4.553191373124719">
        <ele>4.37</ele>
      </trkpt>
      <trkpt lat="51.83444350026548" lon="4.553682720288634">
        <ele>4.27</ele>
      </trkpt>
      <trkpt lat="51.83443101122975" lon="4.554174151271582">
        <ele>4.18</ele>
      </trkpt>
      <trkpt lat="51.83441877365112" lon="4.554648399353027">
        <ele>4.05</ele>
      </trkpt>
      <trkpt lat="51.834375858306885" lon="4.554798603057861">
        <ele>3.93</ele>
      </trkpt>
      <trkpt lat="51.8343544844538" lon="4.554991722106934">
        <ele>3.82</ele>
      </trkpt>
      <trkpt lat="51.83431148529053" lon="4.555463790893555">
        <ele>3.71</ele>
      </trkpt>
      <trkpt lat="51.83441877365112" lon="4.555506706237793">
        <ele>3.59</ele>
      </trkpt>
      <trkpt lat="51.83450468815863" lon="4.555549621582031">
        <ele>3.48</ele>
      </trkpt>
      <trkpt lat="51.83456897735596" lon="4.5555925369262695">
        <ele>3.37</ele>
      </trkpt>
      <trkpt lat="51.83467626571655" lon="4.555420875549316">
        <ele>3.28</ele>
      </trkpt>
      <trkpt lat="51.834869384765625" lon="4.555249214172363">
        <ele>3.14</ele>
      </trkpt>
      <trkpt lat="51.83501958847046" lon="4.555206298828125">
        <ele>2.98</ele>
      </trkpt>
      <trkpt lat="51.835212958976626" lon="4.555481309071183">
        <ele>2.87</ele>
      </trkpt>
      <trkpt lat="51.835406329482794" lon="4.555756403133273">
        <ele>2.77</ele>
      </trkpt>
      <trkpt lat="51.83559978380799" lon="4.556031413376331">
        <ele>2.68</ele>
      </trkpt>
      <trkpt lat="51.83579315431416" lon="4.556306507438421">
        <ele>2.58</ele>
      </trkpt>
      <trkpt lat="51.83598518371582" lon="4.55657958984375">
        <ele>2.43</ele>
      </trkpt>
      <trkpt lat="51.83602818287909" lon="4.556622505187988">
        <ele>2.3</ele>
      </trkpt>
      <trkpt lat="51.836253739893436" lon="4.556923247873783">
        <ele>2.13</ele>
      </trkpt>
      <trkpt lat="51.83647871017456" lon="4.557223320007324">
        <ele>2.05</ele>
      </trkpt>
      <trkpt lat="51.83654308319092" lon="4.557287693023682">
        <ele>1.93</ele>
      </trkpt>
      <trkpt lat="51.836607456207275" lon="4.557180404663086">
        <ele>1.8</ele>
      </trkpt>
      <trkpt lat="51.836682725697756" lon="4.556868430227041">
        <ele>1.64</ele>
      </trkpt>
      <trkpt lat="51.83675765991211" lon="4.556558132171631">
        <ele>1.5</ele>
      </trkpt>
      <trkpt lat="51.836864948272705" lon="4.556365013122559">
        <ele>1.33</ele>
      </trkpt>
      <trkpt lat="51.83699369430542" lon="4.55632209777832">
        <ele>1.22</ele>
      </trkpt>
      <trkpt lat="51.8370795249939" lon="4.556365013122559">
        <ele>1.11</ele>
      </trkpt>
      <trkpt lat="51.837337017059326" lon="4.556558132171631">
        <ele>1.0</ele>
      </trkpt>
      <trkpt lat="51.83746584691107" lon="4.556686878204346">
        <ele>0.89</ele>
      </trkpt>
      <trkpt lat="51.83746576309204" lon="4.556686878204346">
        <ele>0.79</ele>
      </trkpt>
      <trkpt lat="51.83768059127033" lon="4.55691235139966">
        <ele>0.7</ele>
      </trkpt>
      <trkpt lat="51.837895419448614" lon="4.557137908414006">
        <ele>0.62</ele>
      </trkpt>
      <trkpt lat="51.8381102476269" lon="4.557363465428352">
        <ele>0.54</ele>
      </trkpt>
      <trkpt lat="51.83832415379584" lon="4.55758810043335">
        <ele>0.47</ele>
      </trkpt>
      <trkpt lat="51.838538981974125" lon="4.557845843955874">
        <ele>0.4</ele>
      </trkpt>
      <trkpt lat="51.83875381015241" lon="4.558103671297431">
        <ele>0.31</ele>
      </trkpt>
      <trkpt lat="51.8389686383307" lon="4.5583614986389875">
        <ele>0.23</ele>
      </trkpt>
      <trkpt lat="51.839182460680604" lon="4.558618068695068">
        <ele>0.08</ele>
      </trkpt>
      <trkpt lat="51.839361414313316" lon="4.558854354545474">
        <ele>-0.03</ele>
      </trkpt>
      <trkpt lat="51.83954045176506" lon="4.5590907242149115">
        <ele>-0.16</ele>
      </trkpt>
      <trkpt lat="51.83971881866455" lon="4.559326171875">
        <ele>-0.26</ele>
      </trkpt>
      <trkpt lat="51.83988000266254" lon="4.559594811871648">
        <ele>-0.33</ele>
      </trkpt>
      <trkpt lat="51.84004068374634" lon="4.5598626136779785">
        <ele>-0.39</ele>
      </trkpt>
      <trkpt lat="51.84026984497905" lon="4.559576120227575">
        <ele>-0.46</ele>
      </trkpt>
      <trkpt lat="51.84049900621176" lon="4.559289626777172">
        <ele>-0.51</ele>
      </trkpt>
      <trkpt lat="51.8407282512635" lon="4.559003133326769">
        <ele>-0.57</ele>
      </trkpt>
      <trkpt lat="51.84095741249621" lon="4.558716723695397">
        <ele>-0.64</ele>
      </trkpt>
      <trkpt lat="51.84118657372892" lon="4.558430230244994">
        <ele>-0.69</ele>
      </trkpt>
      <trkpt lat="51.841414058580995" lon="4.558145999908447">
        <ele>-0.72</ele>
      </trkpt>
      <trkpt lat="51.84141397476196" lon="4.558145999908447">
        <ele>-0.76</ele>
      </trkpt>
      <trkpt lat="51.8416556250304" lon="4.557866714894772">
        <ele>-0.8</ele>
      </trkpt>
      <trkpt lat="51.841897359117866" lon="4.557587429881096">
        <ele>-0.82</ele>
      </trkpt>
      <trkpt lat="51.84213909320533" lon="4.55730814486742">
        <ele>-0.86</ele>
      </trkpt>
      <trkpt lat="51.842379653826356" lon="4.557030200958252">
        <ele>-0.94</ele>
      </trkpt>
      <trkpt lat="51.84259448200464" lon="4.556772373616695">
        <ele>-1.0</ele>
      </trkpt>
      <trkpt lat="51.84280880726874" lon="4.556515216827393">
        <ele>-0.98</ele>
      </trkpt>
      <trkpt lat="51.84280872344971" lon="4.556515216827393">
        <ele>-0.99</ele>
      </trkpt>
      <trkpt lat="51.84303428046405" lon="4.556268118321896">
        <ele>-0.97</ele>
      </trkpt>
      <trkpt lat="51.8432598374784" lon="4.55602110363543">
        <ele>-0.95</ele>
      </trkpt>
      <trkpt lat="51.843485394492745" lon="4.555774005129933">
        <ele>-0.92</ele>
      </trkpt>
      <trkpt lat="51.84370994567871" lon="4.555528163909912">
        <ele>-0.87</ele>
      </trkpt>
      <trkpt lat="51.8437744025141" lon="4.5554423332214355">
        <ele>-0.86</ele>
      </trkpt>
      <trkpt lat="51.84379586018622" lon="4.555420875549316">
        <ele>-0.84</ele>
      </trkpt>
      <trkpt lat="51.843967689201236" lon="4.555216692388058">
        <ele>-0.82</ele>
      </trkpt>
      <trkpt lat="51.844139099121094" lon="4.555013179779053">
        <ele>-0.78</ele>
      </trkpt>
      <trkpt lat="51.84420347213745" lon="4.554798603057861">
        <ele>-0.75</ele>
      </trkpt>
      <trkpt lat="51.84428930282593" lon="4.5548200607299805">
        <ele>-0.72</ele>
      </trkpt>
      <trkpt lat="51.844375133514404" lon="4.554927349090576">
        <ele>-0.7</ele>
      </trkpt>
      <trkpt lat="51.84453631751239" lon="4.555271342396736">
        <ele>-0.71</ele>
      </trkpt>
      <trkpt lat="51.84469699859619" lon="4.555613994598389">
        <ele>-0.68</ele>
      </trkpt>
      <trkpt lat="51.84484024532139" lon="4.5558862388134">
        <ele>-0.67</ele>
      </trkpt>
      <trkpt lat="51.844983575865626" lon="4.556158566847444">
        <ele>-0.63</ele>
      </trkpt>
      <trkpt lat="51.845126152038574" lon="4.556429386138916">
        <ele>-0.63</ele>
      </trkpt>
      <trkpt lat="51.84529798105359" lon="4.556644214317203">
        <ele>-0.63</ele>
      </trkpt>
      <trkpt lat="51.84546947479248" lon="4.556858539581299">
        <ele>-0.62</ele>
      </trkpt>
      <trkpt lat="51.845694947987795" lon="4.5570518262684345">
        <ele>-0.62</ele>
      </trkpt>
      <trkpt lat="51.84592008590698" lon="4.557244777679443">
        <ele>-0.56</ele>
      </trkpt>
      <trkpt lat="51.84620481915772" lon="4.557400429621339">
        <ele>-0.5</ele>
      </trkpt>
      <trkpt lat="51.84648955240846" lon="4.557556165382266">
        <ele>-0.44</ele>
      </trkpt>
      <trkpt lat="51.846773866564035" lon="4.557711649686098">
        <ele>-0.4</ele>
      </trkpt>
      <trkpt lat="51.84703370556235" lon="4.557853806763887">
        <ele>-0.42</ele>
      </trkpt>
      <trkpt lat="51.84729337692261" lon="4.557995796203613">
        <ele>-0.46</ele>
      </trkpt>
      <trkpt lat="51.847572326660156" lon="4.558167457580566">
        <ele>-0.4</ele>
      </trkpt>
      <trkpt lat="51.84765815734863" lon="4.558403491973877">
        <ele>-0.37</ele>
      </trkpt>
      <trkpt lat="51.84776552952826" lon="4.558467864990234">
        <ele>-0.34</ele>
      </trkpt>
      <trkpt lat="51.8478084448725" lon="4.558510780334473">
        <ele>-0.31</ele>
      </trkpt>
      <trkpt lat="51.847872734069824" lon="4.558553695678711">
        <ele>-0.28</ele>
      </trkpt>
      <trkpt lat="51.84802293777466" lon="4.558532238006592">
        <ele>-0.22</ele>
      </trkpt>
      <trkpt lat="51.84823759831488" lon="4.558682441711426">
        <ele>-0.17</ele>
      </trkpt>
      <trkpt lat="51.848366260528564" lon="4.5587897300720215">
        <ele>-0.11</ele>
      </trkpt>
      <trkpt lat="51.84856499545276" lon="4.559052921831608">
        <ele>-0.04</ele>
      </trkpt>
      <trkpt lat="51.84876373037696" lon="4.559316113591194">
        <ele>0.0</ele>
      </trkpt>
      <trkpt lat="51.848962465301156" lon="4.5595793053507805">
        <ele>-0.01</ele>
      </trkpt>
      <trkpt lat="51.84916019439697" lon="4.559841156005859">
        <ele>-0.04</ele>
      </trkpt>
      <trkpt lat="51.84939648024738" lon="4.560141898691654">
        <ele>-0.05</ele>
      </trkpt>
      <trkpt lat="51.849632263183594" lon="4.560441970825195">
        <ele>-0.02</ele>
      </trkpt>
      <trkpt lat="51.84984709136188" lon="4.56073734909296">
        <ele>0.0</ele>
      </trkpt>
      <trkpt lat="51.8500620033592" lon="4.561032811179757">
        <ele>0.03</ele>
      </trkpt>
      <trkpt lat="51.85027691535652" lon="4.561328273266554">
        <ele>0.04</ele>
      </trkpt>
      <trkpt lat="51.85049065388739" lon="4.561622142791748">
        <ele>0.1</ele>
      </trkpt>
      <trkpt lat="51.850576400756836" lon="4.561750888824463">
        <ele>0.16</ele>
      </trkpt>
      <trkpt lat="51.85066223144531" lon="4.562029838562012">
        <ele>0.22</ele>
      </trkpt>
      <trkpt lat="51.85070514678955" lon="4.56207275390625">
        <ele>0.27</ele>
      </trkpt>
      <trkpt lat="51.850855350494385" lon="4.562094211578369">
        <ele>0.33</ele>
      </trkpt>
      <trkpt lat="51.85105727054179" lon="4.562356313690543">
        <ele>0.38</ele>
      </trkpt>
      <trkpt lat="51.85125927440822" lon="4.562618415802717">
        <ele>0.42</ele>
      </trkpt>
      <trkpt lat="51.851461194455624" lon="4.562880601733923">
        <ele>0.45</ele>
      </trkpt>
      <trkpt lat="51.85166319832206" lon="4.563142703846097">
        <ele>0.49</ele>
      </trkpt>
      <trkpt lat="51.851863861083984" lon="4.563403129577637">
        <ele>0.52</ele>
      </trkpt>
      <trkpt lat="51.85202487744391" lon="4.563488960266113">
        <ele>0.56</ele>
      </trkpt>
      <trkpt lat="51.85218572616577" lon="4.56357479095459">
        <ele>0.61</ele>
      </trkpt>
      <trkpt lat="51.852357387542725" lon="4.563767910003662">
        <ele>0.65</ele>
      </trkpt>
      <trkpt lat="51.8524432182312" lon="4.563767910003662">
        <ele>0.68</ele>
      </trkpt>
      <trkpt lat="51.852614879608154" lon="4.563596248626709">
        <ele>0.7</ele>
      </trkpt>
      <trkpt lat="51.85291109606624" lon="4.563527517020702">
        <ele>0.74</ele>
      </trkpt>
      <trkpt lat="51.85320731252432" lon="4.563458785414696">
        <ele>0.87</ele>
      </trkpt>
      <trkpt lat="51.85350361280143" lon="4.563390137627721">
        <ele>0.95</ele>
      </trkpt>
      <trkpt lat="51.853799829259515" lon="4.563321406021714">
        <ele>0.98</ele>
      </trkpt>
      <trkpt lat="51.85409554280341" lon="4.563252925872803">
        <ele>1.01</ele>
      </trkpt>
      <trkpt lat="51.854095458984375" lon="4.563252925872803">
        <ele>1.05</ele>
      </trkpt>
      <trkpt lat="51.8543101195246" lon="4.563188469037414">
        <ele>1.07</ele>
      </trkpt>
      <trkpt lat="51.85452461242676" lon="4.563124179840088">
        <ele>1.1</ele>
      </trkpt>
      <trkpt lat="51.85465335845947" lon="4.563016891479492">
        <ele>1.15</ele>
      </trkpt>
      <trkpt lat="51.854631984606385" lon="4.562952518463135">
        <ele>1.17</ele>
      </trkpt>
      <trkpt lat="51.854610526934266" lon="4.562845230102539">
        <ele>1.19</ele>
      </trkpt>
      <trkpt lat="51.854610443115234" lon="4.562673568725586">
        <ele>1.21</ele>
      </trkpt>
      <trkpt lat="51.85467481613159" lon="4.562501907348633">
        <ele>1.21</ele>
      </trkpt>
      <trkpt lat="51.85471781529486" lon="4.5624589920043945">
        <ele>1.23</ele>
      </trkpt>
      <trkpt lat="51.85478210449219" lon="4.562416076660156">
        <ele>1.24</ele>
      </trkpt>
      <trkpt lat="51.854846477508545" lon="4.562394618988037">
        <ele>1.25</ele>
      </trkpt>
      <trkpt lat="51.85499668121338" lon="4.562437534332275">
        <ele>1.25</ele>
      </trkpt>
      <trkpt lat="51.855146968737245" lon="4.562351619824767">
        <ele>1.25</ele>
      </trkpt>
      <trkpt lat="51.85529717244208" lon="4.562265872955322">
        <ele>1.26</ele>
      </trkpt>
      <trkpt lat="51.85553312301636" lon="4.562137126922607">
        <ele>1.27</ele>
      </trkpt>
      <trkpt lat="51.85573705472052" lon="4.562212228775024">
        <ele>1.26</ele>
      </trkpt>
      <trkpt lat="51.85594081878662" lon="4.562287330627441">
        <ele>1.24</ele>
      </trkpt>
      <trkpt lat="51.85617693699896" lon="4.562201499938965">
        <ele>1.17</ele>
      </trkpt>
      <trkpt lat="51.85645580291748" lon="4.562051296234131">
        <ele>1.11</ele>
      </trkpt>
      <trkpt lat="51.856702733784914" lon="4.561863373965025">
        <ele>1.07</ele>
      </trkpt>
      <trkpt lat="51.85694966465235" lon="4.561675451695919">
        <ele>1.04</ele>
      </trkpt>
      <trkpt lat="51.85719667933881" lon="4.561487529426813">
        <ele>1.0</ele>
      </trkpt>
      <trkpt lat="51.85744285583496" lon="4.561300277709961">
        <ele>0.97</ele>
      </trkpt>
      <trkpt lat="51.857593059539795" lon="4.5610857009887695">
        <ele>0.89</ele>
      </trkpt>
      <trkpt lat="51.85772188939154" lon="4.560978412628174">
        <ele>0.86</ele>
      </trkpt>
      <trkpt lat="51.8577862624079" lon="4.5609354972839355">
        <ele>0.83</ele>
      </trkpt>
      <trkpt lat="51.85791492462158" lon="4.56082820892334">
        <ele>0.8</ele>
      </trkpt>
      <trkpt lat="51.858065128326416" lon="4.560849666595459">
        <ele>0.76</ele>
      </trkpt>
      <trkpt lat="51.858308371156454" lon="4.56078520976007">
        <ele>0.72</ele>
      </trkpt>
      <trkpt lat="51.858551697805524" lon="4.560720836743712">
        <ele>0.65</ele>
      </trkpt>
      <trkpt lat="51.85879468917847" lon="4.560656547546387">
        <ele>0.58</ele>
      </trkpt>
      <trkpt lat="51.85899862088263" lon="4.560506176203489">
        <ele>0.53</ele>
      </trkpt>
      <trkpt lat="51.85920238494873" lon="4.560356140136719">
        <ele>0.55</ele>
      </trkpt>
      <trkpt lat="51.859245384112" lon="4.5604634284973145">
        <ele>0.51</ele>
      </trkpt>
      <trkpt lat="51.85928829945624" lon="4.56057071685791">
        <ele>0.48</ele>
      </trkpt>
      <trkpt lat="51.859309673309326" lon="4.560678005218506">
        <ele>0.44</ele>
      </trkpt>
      <trkpt lat="51.859374046325684" lon="4.560742378234863">
        <ele>0.41</ele>
      </trkpt>
      <trkpt lat="51.859567165374756" lon="4.560635089874268">
        <ele>0.43</ele>
      </trkpt>
      <trkpt lat="51.85965299606323" lon="4.560656547546387">
        <ele>0.4</ele>
      </trkpt>
      <trkpt lat="51.85977118089795" lon="4.560882188379765">
        <ele>0.33</ele>
      </trkpt>
      <trkpt lat="51.85988903045654" lon="4.561107158660889">
        <ele>0.3</ele>
      </trkpt>
      <trkpt lat="51.86001802794635" lon="4.561408152803779">
        <ele>0.32</ele>
      </trkpt>
      <trkpt lat="51.860146606341004" lon="4.561707973480225">
        <ele>0.33</ele>
      </trkpt>
      <trkpt lat="51.86018952168524" lon="4.56181526184082">
        <ele>0.34</ele>
      </trkpt>
      <trkpt lat="51.860318183898926" lon="4.562051296234131">
        <ele>0.38</ele>
      </trkpt>
      <trkpt lat="51.860479451715946" lon="4.562400653958321">
        <ele>0.4</ele>
      </trkpt>
      <trkpt lat="51.86064071953297" lon="4.56275001168251">
        <ele>0.41</ele>
      </trkpt>
      <trkpt lat="51.86080198734999" lon="4.5630993694067">
        <ele>0.37</ele>
      </trkpt>
      <trkpt lat="51.86096199788153" lon="4.563446044921875">
        <ele>0.38</ele>
      </trkpt>
      <trkpt lat="51.861069202423096" lon="4.5636820793151855">
        <ele>0.39</ele>
      </trkpt>
      <trkpt lat="51.86098345555365" lon="4.563875198364258">
        <ele>0.42</ele>
      </trkpt>
      <trkpt lat="51.860854625701904" lon="4.564089775085449">
        <ele>0.41</ele>
      </trkpt>
      <trkpt lat="51.86091908253729" lon="4.564239978790283">
        <ele>0.41</ele>
      </trkpt>
      <trkpt lat="51.86104782857001" lon="4.564046859741211">
        <ele>0.43</ele>
      </trkpt>
      <trkpt lat="51.86117657460272" lon="4.563875198364258">
        <ele>0.43</ele>
      </trkpt>
      <trkpt lat="51.8612624052912" lon="4.563767910003662">
        <ele>0.43</ele>
      </trkpt>
      <trkpt lat="51.8614127766341" lon="4.563563726842403">
        <ele>0.44</ele>
      </trkpt>
      <trkpt lat="51.86156281270087" lon="4.563360214233398">
        <ele>0.45</ele>
      </trkpt>
      <trkpt lat="51.86173447407782" lon="4.563124179840088">
        <ele>0.47</ele>
      </trkpt>
      <trkpt lat="51.86179876327515" lon="4.5630598068237305">
        <ele>0.48</ele>
      </trkpt>
      <trkpt lat="51.861863136291504" lon="4.5630598068237305">
        <ele>0.48</ele>
      </trkpt>
      <trkpt lat="51.86197050847113" lon="4.56282377243042">
        <ele>0.48</ele>
      </trkpt>
      <trkpt lat="51.86221215873957" lon="4.5625014044344425">
        <ele>0.44</ele>
      </trkpt>
      <trkpt lat="51.862453892827034" lon="4.562179120257497">
        <ele>0.38</ele>
      </trkpt>
      <trkpt lat="51.8626956269145" lon="4.561856836080551">
        <ele>0.37</ele>
      </trkpt>
      <trkpt lat="51.86293601989746" lon="4.5615363121032715">
        <ele>0.33</ele>
      </trkpt>
      <trkpt lat="51.86314372345805" lon="4.561256943270564">
        <ele>0.29</ele>
      </trkpt>
      <trkpt lat="51.86335142701864" lon="4.560977574437857">
        <ele>0.22</ele>
      </trkpt>
      <trkpt lat="51.86355837620795" lon="4.560699462890625">
        <ele>0.23</ele>
      </trkpt>
      <trkpt lat="51.863773204386234" lon="4.560407185927033">
        <ele>0.24</ele>
      </trkpt>
      <trkpt lat="51.86398811638355" lon="4.560114992782474">
        <ele>0.18</ele>
      </trkpt>
      <trkpt lat="51.86420294456184" lon="4.559822715818882">
        <ele>0.09</ele>
      </trkpt>
      <trkpt lat="51.86441785655916" lon="4.559530522674322">
        <ele>0.02</ele>
      </trkpt>
      <trkpt lat="51.864631259813905" lon="4.559240341186523">
        <ele>-0.07</ele>
      </trkpt>
      <trkpt lat="51.86463117599487" lon="4.559240341186523">
        <ele>-0.15</ele>
      </trkpt>
      <trkpt lat="51.864838879555464" lon="4.5589537639170885">
        <ele>-0.22</ele>
      </trkpt>
      <trkpt lat="51.865046583116055" lon="4.558667270466685">
        <ele>-0.3</ele>
      </trkpt>
      <trkpt lat="51.86525344848633" lon="4.558382034301758">
        <ele>-0.37</ele>
      </trkpt>
      <trkpt lat="51.865403736010194" lon="4.5582961197942495">
        <ele>-0.44</ele>
      </trkpt>
      <trkpt lat="51.865553855895996" lon="4.558210372924805">
        <ele>-0.55</ele>
      </trkpt>
      <trkpt lat="51.86572551727295" lon="4.558038711547852">
        <ele>-0.62</ele>
      </trkpt>
      <trkpt lat="51.86580078676343" lon="4.5583506021648645">
        <ele>-0.75</ele>
      </trkpt>
      <trkpt lat="51.86587572097778" lon="4.558660984039307">
        <ele>-0.86</ele>
      </trkpt>
      <trkpt lat="51.86588644981384" lon="4.5591074880212545">
        <ele>-0.98</ele>
      </trkpt>
      <trkpt lat="51.865897262468934" lon="4.559553992003202">
        <ele>-1.11</ele>
      </trkpt>
      <trkpt lat="51.865907991304994" lon="4.560000579804182">
        <ele>-1.17</ele>
      </trkpt>
      <trkpt lat="51.86591872014105" lon="4.560441970825195">
        <ele>-1.26</ele>
      </trkpt>
      <trkpt lat="51.86591872014105" lon="4.560699462890625">
        <ele>-1.35</ele>
      </trkpt>
      <trkpt lat="51.86594017781317" lon="4.560806751251221">
        <ele>-1.43</ele>
      </trkpt>
      <trkpt lat="51.86594017781317" lon="4.560914039611816">
        <ele>-1.52</ele>
      </trkpt>
      <trkpt lat="51.86596155166626" lon="4.561150074005127">
        <ele>-1.63</ele>
      </trkpt>
      <trkpt lat="51.866090381518006" lon="4.561128616333008">
        <ele>-1.7</ele>
      </trkpt>
      <trkpt lat="51.8661976698786" lon="4.561107158660889">
        <ele>-1.76</ele>
      </trkpt>
      <trkpt lat="51.8663049582392" lon="4.561107158660889">
        <ele>-1.82</ele>
      </trkpt>
      <trkpt lat="51.86639070510864" lon="4.560785293579102">
        <ele>-1.86</ele>
      </trkpt>
      <trkpt lat="51.86664819717407" lon="4.560592174530029">
        <ele>-1.91</ele>
      </trkpt>
      <trkpt lat="51.86675548553467" lon="4.560441970825195">
        <ele>-1.96</ele>
      </trkpt>
      <trkpt lat="51.86685221269727" lon="4.5601085387170315">
        <ele>-1.99</ele>
      </trkpt>
      <trkpt lat="51.86694860458374" lon="4.559776782989502">
        <ele>-2.01</ele>
      </trkpt>
      <trkpt lat="51.86707751825452" lon="4.559615598991513">
        <ele>-2.03</ele>
      </trkpt>
      <trkpt lat="51.8672061804682" lon="4.559454917907715">
        <ele>-2.03</ele>
      </trkpt>
      <trkpt lat="51.86720609664917" lon="4.559454917907715">
        <ele>-2.02</ele>
      </trkpt>
      <trkpt lat="51.86733492650092" lon="4.559154510498047">
        <ele>-2.01</ele>
      </trkpt>
      <trkpt lat="51.86755679547787" lon="4.559390796348453">
        <ele>-1.99</ele>
      </trkpt>
      <trkpt lat="51.86777874827385" lon="4.559627082198858">
        <ele>-1.95</ele>
      </trkpt>
      <trkpt lat="51.86800003051758" lon="4.5598626136779785">
        <ele>-1.91</ele>
      </trkpt>
      <trkpt lat="51.868150318041444" lon="4.559991443529725">
        <ele>-1.86</ele>
      </trkpt>
      <trkpt lat="51.868300437927246" lon="4.560120105743408">
        <ele>-1.78</ele>
      </trkpt>
      <trkpt lat="51.868579387664795" lon="4.560291767120361">
        <ele>-1.69</ele>
      </trkpt>
      <trkpt lat="51.8687725905329" lon="4.560356140136719">
        <ele>-1.61</ele>
      </trkpt>
      <trkpt lat="51.86896570958197" lon="4.560420513153076">
        <ele>-1.49</ele>
      </trkpt>
      <trkpt lat="51.8690299987793" lon="4.560441970825195">
        <ele>-1.39</ele>
      </trkpt>
      <trkpt lat="51.869072914123535" lon="4.560506343841553">
        <ele>-1.29</ele>
      </trkpt>
      <trkpt lat="51.869094371795654" lon="4.56057071685791">
        <ele>-1.17</ele>
      </trkpt>
      <trkpt lat="51.869051456451416" lon="4.560914039611816">
        <ele>-1.1</ele>
      </trkpt>
      <trkpt lat="51.869072914123535" lon="4.5610857009887695">
        <ele>-1.0</ele>
      </trkpt>
      <trkpt lat="51.869201911613345" lon="4.561543520539999">
        <ele>-0.84</ele>
      </trkpt>
      <trkpt lat="51.86933099292219" lon="4.5620013400912285">
        <ele>-0.65</ele>
      </trkpt>
      <trkpt lat="51.86946007423103" lon="4.56245924346149">
        <ele>-0.57</ele>
      </trkpt>
      <trkpt lat="51.86958915553987" lon="4.562917063012719">
        <ele>-0.48</ele>
      </trkpt>
      <trkpt lat="51.86971823684871" lon="4.563374882563949">
        <ele>-0.33</ele>
      </trkpt>
      <trkpt lat="51.869847318157554" lon="4.56383278593421">
        <ele>-0.15</ele>
      </trkpt>
      <trkpt lat="51.869976399466395" lon="4.564290605485439">
        <ele>0.0</ele>
      </trkpt>
      <trkpt lat="51.87010548077524" lon="4.5647485088557005">
        <ele>0.2</ele>
      </trkpt>
      <trkpt lat="51.87023456208408" lon="4.56520632840693">
        <ele>0.41</ele>
      </trkpt>
      <trkpt lat="51.87036364339292" lon="4.565664231777191">
        <ele>0.61</ele>
      </trkpt>
      <trkpt lat="51.87049272470176" lon="4.566122051328421">
        <ele>0.79</ele>
      </trkpt>
      <trkpt lat="51.87062172219157" lon="4.56657987087965">
        <ele>0.98</ele>
      </trkpt>
      <trkpt lat="51.870750803500414" lon="4.567037774249911">
        <ele>1.14</ele>
      </trkpt>
      <trkpt lat="51.87087535858154" lon="4.567480087280273">
        <ele>1.3</ele>
      </trkpt>
      <trkpt lat="51.87091827392578" lon="4.567673206329346">
        <ele>1.45</ele>
      </trkpt>
      <trkpt lat="51.8709397315979" lon="4.568080902099609">
        <ele>1.58</ele>
      </trkpt>
      <trkpt lat="51.87100410461426" lon="4.568231105804443">
        <ele>1.74</ele>
      </trkpt>
      <trkpt lat="51.87111139297485" lon="4.568080902099609">
        <ele>1.94</ele>
      </trkpt>
      <trkpt lat="51.871347427368164" lon="4.567930698394775">
        <ele>2.21</ele>
      </trkpt>
      <trkpt lat="51.871615732088685" lon="4.567876970395446">
        <ele>2.48</ele>
      </trkpt>
      <trkpt lat="51.871883952990174" lon="4.56782341003418">
        <ele>2.66</ele>
      </trkpt>
      <trkpt lat="51.872098529711366" lon="4.567780494689941">
        <ele>2.82</ele>
      </trkpt>
      <trkpt lat="51.87222727574408" lon="4.567737579345703">
        <ele>2.94</ele>
      </trkpt>
      <trkpt lat="51.87252776697278" lon="4.567673122510314">
        <ele>2.98</ele>
      </trkpt>
      <trkpt lat="51.87282825820148" lon="4.567608749493957">
        <ele>2.99</ele>
      </trkpt>
      <trkpt lat="51.87312841415405" lon="4.567544460296631">
        <ele>3.09</ele>
      </trkpt>
      <trkpt lat="51.873332262039185" lon="4.567501461133361">
        <ele>3.18</ele>
      </trkpt>
      <trkpt lat="51.873536109924316" lon="4.567458629608154">
        <ele>3.25</ele>
      </trkpt>
      <trkpt lat="51.87375077046454" lon="4.567404901608825">
        <ele>3.32</ele>
      </trkpt>
      <trkpt lat="51.8739652633667" lon="4.567351341247559">
        <ele>3.43</ele>
      </trkpt>
      <trkpt lat="51.87423365190625" lon="4.567147325724363">
        <ele>3.52</ele>
      </trkpt>
      <trkpt lat="51.87450170516968" lon="4.566943645477295">
        <ele>3.5</ele>
      </trkpt>
      <trkpt lat="51.87460899353027" lon="4.566900730133057">
        <ele>3.46</ele>
      </trkpt>
      <trkpt lat="51.874812841415405" lon="4.566943645477295">
        <ele>3.41</ele>
      </trkpt>
      <trkpt lat="51.87501668930054" lon="4.566986560821533">
        <ele>3.33</ele>
      </trkpt>
      <trkpt lat="51.87531718052924" lon="4.567108182236552">
        <ele>3.21</ele>
      </trkpt>
      <trkpt lat="51.87561775557697" lon="4.567229803651571">
        <ele>3.05</ele>
      </trkpt>
      <trkpt lat="51.87591791152954" lon="4.567351341247559">
        <ele>3.04</ele>
      </trkpt>
      <trkpt lat="51.876078844070435" lon="4.567383527755737">
        <ele>2.94</ele>
      </trkpt>
      <trkpt lat="51.87623977661133" lon="4.567415714263916">
        <ele>2.83</ele>
      </trkpt>
      <trkpt lat="51.87641143798828" lon="4.567415714263916">
        <ele>2.67</ele>
      </trkpt>
      <trkpt lat="51.87651872634888" lon="4.567286968231201">
        <ele>2.55</ele>
      </trkpt>
      <trkpt lat="51.876722909510136" lon="4.566910704597831">
        <ele>2.45</ele>
      </trkpt>
      <trkpt lat="51.87692642211914" lon="4.566535949707031">
        <ele>2.29</ele>
      </trkpt>
      <trkpt lat="51.877055168151855" lon="4.566364288330078">
        <ele>2.13</ele>
      </trkpt>
      <trkpt lat="51.877141166478395" lon="4.566106125712395">
        <ele>1.97</ele>
      </trkpt>
      <trkpt lat="51.87722682952881" lon="4.565849304199219">
        <ele>1.82</ele>
      </trkpt>
      <trkpt lat="51.87741994857788" lon="4.565463066101074">
        <ele>1.63</ele>
      </trkpt>
      <trkpt lat="51.87767744064331" lon="4.565269947052002">
        <ele>1.48</ele>
      </trkpt>
      <trkpt lat="51.87792068347335" lon="4.565148241817951">
        <ele>1.39</ele>
      </trkpt>
      <trkpt lat="51.87816401012242" lon="4.565026620402932">
        <ele>1.33</ele>
      </trkpt>
      <trkpt lat="51.87840700149536" lon="4.564905166625977">
        <ele>1.23</ele>
      </trkpt>
      <trkpt lat="51.878567934036255" lon="4.564840709790587">
        <ele>1.14</ele>
      </trkpt>
      <trkpt lat="51.87872886657715" lon="4.564776420593262">
        <ele>1.04</ele>
      </trkpt>
      <trkpt lat="51.87891125679016" lon="4.564754879102111">
        <ele>0.94</ele>
      </trkpt>
      <trkpt lat="51.879093647003174" lon="4.564733505249023">
        <ele>0.84</ele>
      </trkpt>
      <trkpt lat="51.8793183658272" lon="4.564750771969557">
        <ele>0.72</ele>
      </trkpt>
      <trkpt lat="51.8796154204756" lon="4.564773570746183">
        <ele>0.59</ele>
      </trkpt>
      <trkpt lat="51.87991255894303" lon="4.564796453341842">
        <ele>0.59</ele>
      </trkpt>
      <trkpt lat="51.88020944595337" lon="4.5648193359375">
        <ele>0.56</ele>
      </trkpt>
      <trkpt lat="51.880338191986084" lon="4.564776420593262">
        <ele>0.53</ele>
      </trkpt>
      <trkpt lat="51.8804669380188" lon="4.564690589904785">
        <ele>0.5</ele>
      </trkpt>
      <trkpt lat="51.88065318390727" lon="4.564353805035353">
        <ele>0.44</ele>
      </trkpt>
      <trkpt lat="51.880839513614774" lon="4.56401702016592">
        <ele>0.36</ele>
      </trkpt>
      <trkpt lat="51.8810248374939" lon="4.5636820793151855">
        <ele>0.3</ele>
      </trkpt>
      <trkpt lat="51.88113212585449" lon="4.563596248626709">
        <ele>0.27</ele>
      </trkpt>
      <trkpt lat="51.88141115941107" lon="4.563478147611022">
        <ele>0.27</ele>
      </trkpt>
      <trkpt lat="51.88169002532959" lon="4.563360214233398">
        <ele>0.29</ele>
      </trkpt>
      <trkpt lat="51.881894040852785" lon="4.563489044085145">
        <ele>0.31</ele>
      </trkpt>
      <trkpt lat="51.882097804918885" lon="4.563617706298828">
        <ele>0.32</ele>
      </trkpt>
      <trkpt lat="51.88209772109985" lon="4.563617706298828">
        <ele>0.34</ele>
      </trkpt>
      <trkpt lat="51.882323110476136" lon="4.5636820793151855">
        <ele>0.37</ele>
      </trkpt>
      <trkpt lat="51.882548332214355" lon="4.563746452331543">
        <ele>0.44</ele>
      </trkpt>
      <trkpt lat="51.88265562057495" lon="4.563724994659424">
        <ele>0.48</ele>
      </trkpt>
      <trkpt lat="51.88287740573287" lon="4.563624747097492">
        <ele>0.55</ele>
      </trkpt>
      <trkpt lat="51.88309927470982" lon="4.563524583354592">
        <ele>0.55</ele>
      </trkpt>
      <trkpt lat="51.883320808410645" lon="4.563424587249756">
        <ele>0.57</ele>
      </trkpt>
      <trkpt lat="51.88349263742566" lon="4.563209675252438">
        <ele>0.58</ele>
      </trkpt>
      <trkpt lat="51.88366413116455" lon="4.562995433807373">
        <ele>0.64</ele>
      </trkpt>
      <trkpt lat="51.883878791704774" lon="4.562845230102539">
        <ele>0.73</ele>
      </trkpt>
      <trkpt lat="51.88398599624634" lon="4.56282377243042">
        <ele>0.79</ele>
      </trkpt>
      <trkpt lat="51.88420065678656" lon="4.562855958938599">
        <ele>0.88</ele>
      </trkpt>
      <trkpt lat="51.88441523350775" lon="4.562888145446777">
        <ele>0.97</ele>
      </trkpt>
      <trkpt lat="51.884576166048646" lon="4.562855875119567">
        <ele>1.05</ele>
      </trkpt>
      <trkpt lat="51.88473701477051" lon="4.56282377243042">
        <ele>1.15</ele>
      </trkpt>
      <trkpt lat="51.88490867614746" lon="4.562802230939269">
        <ele>1.22</ele>
      </trkpt>
      <trkpt lat="51.885080337524414" lon="4.562780857086182">
        <ele>1.27</ele>
      </trkpt>
      <trkpt lat="51.88516625203192" lon="4.5627593994140625">
        <ele>1.3</ele>
      </trkpt>
      <trkpt lat="51.885327184572816" lon="4.562727129086852">
        <ele>1.3</ele>
      </trkpt>
      <trkpt lat="51.88548811711371" lon="4.562695026397705">
        <ele>1.37</ele>
      </trkpt>
      <trkpt lat="51.88579288311303" lon="4.56258337944746">
        <ele>1.43</ele>
      </trkpt>
      <trkpt lat="51.886097732931376" lon="4.562471732497215">
        <ele>1.45</ele>
      </trkpt>
      <trkpt lat="51.886402582749724" lon="4.56236008554697">
        <ele>1.41</ele>
      </trkpt>
      <trkpt lat="51.88670743256807" lon="4.5622484385967255">
        <ele>1.38</ele>
      </trkpt>
      <trkpt lat="51.88701161183417" lon="4.562137126922607">
        <ele>1.36</ele>
      </trkpt>
      <trkpt lat="51.88701152801514" lon="4.562137126922607">
        <ele>1.38</ele>
      </trkpt>
      <trkpt lat="51.88725485466421" lon="4.562036879360676">
        <ele>1.41</ele>
      </trkpt>
      <trkpt lat="51.887498181313276" lon="4.561936715617776">
        <ele>1.42</ele>
      </trkpt>
      <trkpt lat="51.88774117268622" lon="4.5618367195129395">
        <ele>1.4</ele>
      </trkpt>
      <trkpt lat="51.88795583322644" lon="4.561750805005431">
        <ele>1.43</ele>
      </trkpt>
      <trkpt lat="51.8881703261286" lon="4.561665058135986">
        <ele>1.52</ele>
      </trkpt>
      <trkpt lat="51.88843502663076" lon="4.561550477519631">
        <ele>1.62</ele>
      </trkpt>
      <trkpt lat="51.88869981095195" lon="4.561435980722308">
        <ele>1.6</ele>
      </trkpt>
      <trkpt lat="51.88896425999701" lon="4.56132173538208">
        <ele>1.53</ele>
      </trkpt>
      <trkpt lat="51.88922896049917" lon="4.561214363202453">
        <ele>1.59</ele>
      </trkpt>
      <trkpt lat="51.889493744820356" lon="4.561106991022825">
        <ele>1.63</ele>
      </trkpt>
      <trkpt lat="51.88975811004639" lon="4.560999870300293">
        <ele>1.64</ele>
      </trkpt>
      <trkpt lat="51.88990831375122" lon="4.560978412628174">
        <ele>1.61</ele>
      </trkpt>
      <trkpt lat="51.89015155658126" lon="4.560863832011819">
        <ele>1.55</ele>
      </trkpt>
      <trkpt lat="51.89039488323033" lon="4.560749335214496">
        <ele>1.49</ele>
      </trkpt>
      <trkpt lat="51.89063787460327" lon="4.560635089874268">
        <ele>1.47</ele>
      </trkpt>
      <trkpt lat="51.8907452467829" lon="4.560592174530029">
        <ele>1.42</ele>
      </trkpt>
      <trkpt lat="51.89076670445502" lon="4.560592174530029">
        <ele>1.39</ele>
      </trkpt>
      <trkpt lat="51.89095973968506" lon="4.5604634284973145">
        <ele>1.31</ele>
      </trkpt>
      <trkpt lat="51.89118521288037" lon="4.560248600319028">
        <ele>1.26</ele>
      </trkpt>
      <trkpt lat="51.89141035079956" lon="4.560034275054932">
        <ele>1.25</ele>
      </trkpt>
      <trkpt lat="51.89159299246967" lon="4.559819363057613">
        <ele>1.24</ele>
      </trkpt>
      <trkpt lat="51.89177521504462" lon="4.559605121612549">
        <ele>1.22</ele>
      </trkpt>
      <trkpt lat="51.89198970794678" lon="4.559412002563477">
        <ele>1.18</ele>
      </trkpt>
      <trkpt lat="51.89217226579785" lon="4.55920790322125">
        <ele>1.11</ele>
      </trkpt>
      <trkpt lat="51.8923544883728" lon="4.559004306793213">
        <ele>1.09</ele>
      </trkpt>
      <trkpt lat="51.892540734261274" lon="4.558753604069352">
        <ele>1.16</ele>
      </trkpt>
      <trkpt lat="51.892726980149746" lon="4.558502901345491">
        <ele>1.22</ele>
      </trkpt>
      <trkpt lat="51.89291247166693" lon="4.558253288269043">
        <ele>1.18</ele>
      </trkpt>
      <trkpt lat="51.89307902008295" lon="4.557979200035334">
        <ele>1.09</ele>
      </trkpt>
      <trkpt lat="51.89324556849897" lon="4.557705195620656">
        <ele>1.06</ele>
      </trkpt>
      <trkpt lat="51.89341211691499" lon="4.557431107386947">
        <ele>1.1</ele>
      </trkpt>
      <trkpt lat="51.893577659502625" lon="4.557158946990967">
        <ele>1.15</ele>
      </trkpt>
      <trkpt lat="51.893577575683594" lon="4.557158946990967">
        <ele>1.14</ele>
      </trkpt>
      <trkpt lat="51.893720822408795" lon="4.556879410520196">
        <ele>1.13</ele>
      </trkpt>
      <trkpt lat="51.89386415295303" lon="4.556599957868457">
        <ele>1.07</ele>
      </trkpt>
      <trkpt lat="51.89400672912598" lon="4.55632209777832">
        <ele>1.04</ele>
      </trkpt>
      <trkpt lat="51.894157184287906" lon="4.555940385907888">
        <ele>1.04</ele>
      </trkpt>
      <trkpt lat="51.89430772326887" lon="4.5555586740374565">
        <ele>1.0</ele>
      </trkpt>
      <trkpt lat="51.89445826224983" lon="4.555176962167025">
        <ele>1.06</ele>
      </trkpt>
      <trkpt lat="51.89460754394531" lon="4.554798603057861">
        <ele>1.09</ele>
      </trkpt>
      <trkpt lat="51.894707875326276" lon="4.554490316659212">
        <ele>1.1</ele>
      </trkpt>
      <trkpt lat="51.89480820670724" lon="4.554182030260563">
        <ele>1.08</ele>
      </trkpt>
      <trkpt lat="51.89490795135498" lon="4.553875923156738">
        <ele>1.06</ele>
      </trkpt>
      <trkpt lat="51.89503158442676" lon="4.553408045321703">
        <ele>1.06</ele>
      </trkpt>
      <trkpt lat="51.89515530131757" lon="4.552940167486668">
        <ele>1.1</ele>
      </trkpt>
      <trkpt lat="51.895279018208385" lon="4.552472289651632">
        <ele>1.15</ele>
      </trkpt>
      <trkpt lat="51.89540147781372" lon="4.552009105682373">
        <ele>1.28</ele>
      </trkpt>
      <trkpt lat="51.895551681518555" lon="4.551858901977539">
        <ele>1.35</ele>
      </trkpt>
      <trkpt lat="51.89585208892822" lon="4.551858901977539">
        <ele>1.42</ele>
      </trkpt>
      <trkpt lat="51.89598083496094" lon="4.551708698272705">
        <ele>1.51</ele>
      </trkpt>
      <trkpt lat="51.896045207977295" lon="4.55157995223999">
        <ele>1.61</ele>
      </trkpt>
      <trkpt lat="51.896109748631716" lon="4.551085000857711">
        <ele>1.74</ele>
      </trkpt>
      <trkpt lat="51.89617395401001" lon="4.55059289932251">
        <ele>1.83</ele>
      </trkpt>
      <trkpt lat="51.89618468284607" lon="4.55015167593956">
        <ele>1.87</ele>
      </trkpt>
      <trkpt lat="51.89619541168213" lon="4.549713134765625">
        <ele>2.02</ele>
      </trkpt>
      <trkpt lat="51.89616666175425" lon="4.549347264692187">
        <ele>2.18</ele>
      </trkpt>
      <trkpt lat="51.896137995645404" lon="4.54898139461875">
        <ele>2.33</ele>
      </trkpt>
      <trkpt lat="51.89610958099365" lon="4.548618793487549">
        <ele>2.48</ele>
      </trkpt>
      <trkpt lat="51.8960449565202" lon="4.548231465741992">
        <ele>2.62</ele>
      </trkpt>
      <trkpt lat="51.89598083496094" lon="4.54784631729126">
        <ele>2.79</ele>
      </trkpt>
      <trkpt lat="51.895851753652096" lon="4.547394532710314">
        <ele>3.04</ele>
      </trkpt>
      <trkpt lat="51.89572334289551" lon="4.546945095062256">
        <ele>3.26</ele>
      </trkpt>
      <trkpt lat="51.89585208892822" lon="4.546773433685303">
        <ele>3.5</ele>
      </trkpt>
      <trkpt lat="51.896066665649414" lon="4.546473026275635">
        <ele>3.77</ele>
      </trkpt>
      <trkpt lat="51.89613103866577" lon="4.546258449554443">
        <ele>4.02</ele>
      </trkpt>
      <trkpt lat="51.89614176750183" lon="4.5459571201354265">
        <ele>4.24</ele>
      </trkpt>
      <trkpt lat="51.89615249633789" lon="4.545657634735107">
        <ele>4.45</ele>
      </trkpt>
      <trkpt lat="51.89617395401001" lon="4.545421600341797">
        <ele>4.66</ele>
      </trkpt>
      <trkpt lat="51.89623832702637" lon="4.545378684997559">
        <ele>4.89</ele>
      </trkpt>
      <trkpt lat="51.89650663174689" lon="4.545367872342467">
        <ele>5.12</ele>
      </trkpt>
      <trkpt lat="51.89677485264838" lon="4.5453572273254395">
        <ele>5.35</ele>
      </trkpt>
      <trkpt lat="51.89686059951782" lon="4.545421600341797">
        <ele>5.59</ele>
      </trkpt>
      <trkpt lat="51.89698934555054" lon="4.545743465423584">
        <ele>5.86</ele>
      </trkpt>
      <trkpt lat="51.89702161587775" lon="4.546023169532418">
        <ele>6.07</ele>
      </trkpt>
      <trkpt lat="51.897053718566895" lon="4.546301364898682">
        <ele>6.31</ele>
      </trkpt>
      <trkpt lat="51.89711809158325" lon="4.546794891357422">
        <ele>6.52</ele>
      </trkpt>
      <trkpt lat="51.89722537994385" lon="4.547116756439209">
        <ele>6.71</ele>
      </trkpt>
      <trkpt lat="51.897268295288086" lon="4.547245502471924">
        <ele>6.91</ele>
      </trkpt>
      <trkpt lat="51.89737558364868" lon="4.547417163848877">
        <ele>7.09</ele>
      </trkpt>
      <trkpt lat="51.897568702697754" lon="4.547438621520996">
        <ele>7.32</ele>
      </trkpt>
      <trkpt lat="51.897747656330466" lon="4.5472523756325245">
        <ele>7.53</ele>
      </trkpt>
      <trkpt lat="51.89792669378221" lon="4.547066213563085">
        <ele>7.75</ele>
      </trkpt>
      <trkpt lat="51.89810514450073" lon="4.546880722045898">
        <ele>7.89</ele>
      </trkpt>
      <trkpt lat="51.898319721221924" lon="4.546859264373779">
        <ele>8.09</ele>
      </trkpt>
      <trkpt lat="51.89849138259888" lon="4.547073841094971">
        <ele>8.33</ele>
      </trkpt>
      <trkpt lat="51.89868450164795" lon="4.547417163848877">
        <ele>8.53</ele>
      </trkpt>
      <trkpt lat="51.8988561630249" lon="4.547824859619141">
        <ele>8.63</ele>
      </trkpt>
      <trkpt lat="51.8989634513855" lon="4.548146724700928">
        <ele>8.69</ele>
      </trkpt>
      <trkpt lat="51.89900645054877" lon="4.548415616154671">
        <ele>8.77</ele>
      </trkpt>
      <trkpt lat="51.899049282073975" lon="4.548683166503906">
        <ele>8.86</ele>
      </trkpt>
      <trkpt lat="51.899049282073975" lon="4.549133777618408">
        <ele>8.91</ele>
      </trkpt>
      <trkpt lat="51.89894199371338" lon="4.549562931060791">
        <ele>8.94</ele>
      </trkpt>
      <trkpt lat="51.898770332336426" lon="4.549777507781982">
        <ele>8.98</ele>
      </trkpt>
      <trkpt lat="51.89868450164795" lon="4.549798965454102">
        <ele>9.03</ele>
      </trkpt>
      <trkpt lat="51.898512840270996" lon="4.549777507781982">
        <ele>9.06</ele>
      </trkpt>
      <trkpt lat="51.89836263656616" lon="4.549605846405029">
        <ele>9.11</ele>
      </trkpt>
      <trkpt lat="51.898276805877686" lon="4.5493483543396">
        <ele>9.16</ele>
      </trkpt>
      <trkpt lat="51.898276805877686" lon="4.548983573913574">
        <ele>9.21</ele>
      </trkpt>
      <trkpt lat="51.89834117889404" lon="4.5487260818481445">
        <ele>9.23</ele>
      </trkpt>
      <trkpt lat="51.898448718711734" lon="4.548489544540644">
        <ele>9.24</ele>
      </trkpt>
      <trkpt lat="51.898555839434266" lon="4.548254013061523">
        <ele>9.2</ele>
      </trkpt>
      <trkpt lat="51.89868458546698" lon="4.548039436340332">
        <ele>9.12</ele>
      </trkpt>
      <trkpt lat="51.89868450164795" lon="4.548039436340332">
        <ele>9.04</ele>
      </trkpt>
      <trkpt lat="51.898856414482" lon="4.54778864979744">
        <ele>8.95</ele>
      </trkpt>
      <trkpt lat="51.899028327316046" lon="4.547537947073579">
        <ele>8.84</ele>
      </trkpt>
      <trkpt lat="51.89919948577881" lon="4.547288417816162">
        <ele>8.77</ele>
      </trkpt>
      <trkpt lat="51.899414313957095" lon="4.547019777819514">
        <ele>8.66</ele>
      </trkpt>
      <trkpt lat="51.89962863922119" lon="4.546751976013184">
        <ele>8.54</ele>
      </trkpt>
      <trkpt lat="51.89987204968929" lon="4.546501357108355">
        <ele>8.29</ele>
      </trkpt>
      <trkpt lat="51.900115460157394" lon="4.5462507382035255">
        <ele>8.06</ele>
      </trkpt>
      <trkpt lat="51.90035820007324" lon="4.546000957489014">
        <ele>7.84</ele>
      </trkpt>
      <trkpt lat="51.900594402104616" lon="4.545796858146787">
        <ele>7.62</ele>
      </trkpt>
      <trkpt lat="51.90083026885986" lon="4.54559326171875">
        <ele>7.37</ele>
      </trkpt>
      <trkpt lat="51.90111550502479" lon="4.545389246195555">
        <ele>7.11</ele>
      </trkpt>
      <trkpt lat="51.90140082500875" lon="4.5451852306723595">
        <ele>6.88</ele>
      </trkpt>
      <trkpt lat="51.90168614499271" lon="4.544981215149164">
        <ele>6.67</ele>
      </trkpt>
      <trkpt lat="51.90197146497667" lon="4.544777283445001">
        <ele>6.56</ele>
      </trkpt>
      <trkpt lat="51.90225678496063" lon="4.544573267921805">
        <ele>6.38</ele>
      </trkpt>
      <trkpt lat="51.90254210494459" lon="4.54436925239861">
        <ele>5.72</ele>
      </trkpt>
      <trkpt lat="51.902827341109514" lon="4.544165320694447">
        <ele>5.53</ele>
      </trkpt>
      <trkpt lat="51.90311266109347" lon="4.543961305171251">
        <ele>5.34</ele>
      </trkpt>
      <trkpt lat="51.90339798107743" lon="4.543757289648056">
        <ele>5.17</ele>
      </trkpt>
      <trkpt lat="51.90368330106139" lon="4.543553274124861">
        <ele>5.02</ele>
      </trkpt>
      <trkpt lat="51.90396862104535" lon="4.5433492586016655">
        <ele>4.88</ele>
      </trkpt>
      <trkpt lat="51.90425394102931" lon="4.543145326897502">
        <ele>4.77</ele>
      </trkpt>
      <trkpt lat="51.90453917719424" lon="4.542941311374307">
        <ele>4.67</ele>
      </trkpt>
      <trkpt lat="51.904821479693055" lon="4.542739391326904">
        <ele>4.6</ele>
      </trkpt>
      <trkpt lat="51.90482139587402" lon="4.542739391326904">
        <ele>4.54</ele>
      </trkpt>
      <trkpt lat="51.9050039537251" lon="4.542610477656126">
        <ele>4.51</ele>
      </trkpt>
      <trkpt lat="51.90518626011908" lon="4.542481899261475">
        <ele>4.51</ele>
      </trkpt>
      <trkpt lat="51.90518617630005" lon="4.542481899261475">
        <ele>4.51</ele>
      </trkpt>
      <trkpt lat="51.90546956844628" lon="4.542281487956643">
        <ele>4.55</ele>
      </trkpt>
      <trkpt lat="51.90575304441154" lon="4.542081076651812">
        <ele>4.53</ele>
      </trkpt>
      <trkpt lat="51.9060365203768" lon="4.54188066534698">
        <ele>4.71</ele>
      </trkpt>
      <trkpt lat="51.90631999634206" lon="4.541680254042149">
        <ele>4.91</ele>
      </trkpt>
      <trkpt lat="51.906603472307324" lon="4.541479842737317">
        <ele>5.15</ele>
      </trkpt>
      <trkpt lat="51.906886948272586" lon="4.541279431432486">
        <ele>5.32</ele>
      </trkpt>
      <trkpt lat="51.907170340418816" lon="4.541079020127654">
        <ele>5.4</ele>
      </trkpt>
      <trkpt lat="51.90745381638408" lon="4.540878608822823">
        <ele>5.49</ele>
      </trkpt>
      <trkpt lat="51.90773729234934" lon="4.540678197517991">
        <ele>5.52</ele>
      </trkpt>
      <trkpt lat="51.9080207683146" lon="4.54047778621316">
        <ele>5.54</ele>
      </trkpt>
      <trkpt lat="51.90830424427986" lon="4.540277291089296">
        <ele>5.63</ele>
      </trkpt>
      <trkpt lat="51.90858772024512" lon="4.540076879784465">
        <ele>5.73</ele>
      </trkpt>
      <trkpt lat="51.908871196210384" lon="4.539876468479633">
        <ele>5.84</ele>
      </trkpt>
      <trkpt lat="51.909154588356614" lon="4.539676057174802">
        <ele>5.93</ele>
      </trkpt>
      <trkpt lat="51.90943487919867" lon="4.539477825164795">
        <ele>6.02</ele>
      </trkpt>
      <trkpt lat="51.90943479537964" lon="4.539477825164795">
        <ele>6.11</ele>
      </trkpt>
      <trkpt lat="51.90962799824774" lon="4.539370536804199">
        <ele>6.21</ele>
      </trkpt>
      <trkpt lat="51.90988129936159" lon="4.5392029825598">
        <ele>6.26</ele>
      </trkpt>
      <trkpt lat="51.91013468429446" lon="4.539035512134433">
        <ele>6.25</ele>
      </trkpt>
      <trkpt lat="51.91038806922734" lon="4.538868041709065">
        <ele>6.32</ele>
      </trkpt>
      <trkpt lat="51.91064145416021" lon="4.538700571283698">
        <ele>6.41</ele>
      </trkpt>
      <trkpt lat="51.91089391708374" lon="4.538533687591553">
        <ele>6.52</ele>
      </trkpt>
      <trkpt lat="51.91117303445935" lon="4.538383316248655">
        <ele>6.61</ele>
      </trkpt>
      <trkpt lat="51.91145181655884" lon="4.538233280181885">
        <ele>6.6</ele>
      </trkpt>
      <trkpt lat="51.91158056259155" lon="4.538319110870361">
        <ele>6.64</ele>
      </trkpt>
      <trkpt lat="51.91166639328003" lon="4.5384907722473145">
        <ele>6.73</ele>
      </trkpt>
      <trkpt lat="51.91166639328003" lon="4.538748264312744">
        <ele>6.78</ele>
      </trkpt>
      <trkpt lat="51.911559188738465" lon="4.538898468017578">
        <ele>6.8</ele>
      </trkpt>
      <trkpt lat="51.91145181655884" lon="4.538919925689697">
        <ele>6.82</ele>
      </trkpt>
      <trkpt lat="51.91117286682129" lon="4.538834095001221">
        <ele>6.84</ele>
      </trkpt>
      <trkpt lat="51.91108703613281" lon="4.538834095001221">
        <ele>6.85</ele>
      </trkpt>
      <trkpt lat="51.9108510017395" lon="4.53885555267334">
        <ele>6.83</ele>
      </trkpt>
      <trkpt lat="51.91059350967407" lon="4.5389628410339355">
        <ele>6.79</ele>
      </trkpt>
      <trkpt lat="51.910367952659726" lon="4.53913995064795">
        <ele>6.74</ele>
      </trkpt>
      <trkpt lat="51.91014247946441" lon="4.5393171440809965">
        <ele>6.8</ele>
      </trkpt>
      <trkpt lat="51.9099170062691" lon="4.539494337514043">
        <ele>6.89</ele>
      </trkpt>
      <trkpt lat="51.9096923712641" lon="4.539670944213867">
        <ele>6.89</ele>
      </trkpt>
      <trkpt lat="51.90941333770752" lon="4.53984260559082">
        <ele>6.84</ele>
      </trkpt>
      <trkpt lat="51.909284591674805" lon="4.539799690246582">
        <ele>6.82</ele>
      </trkpt>
      <trkpt lat="51.90919876098633" lon="4.539735317230225">
        <ele>6.83</ele>
      </trkpt>
      <trkpt lat="51.90915592946112" lon="4.53984260559082">
        <ele>6.79</ele>
      </trkpt>
      <trkpt lat="51.90911301411688" lon="4.539949893951416">
        <ele>6.73</ele>
      </trkpt>
      <trkpt lat="51.90911293029785" lon="4.539949893951416">
        <ele>6.7</ele>
      </trkpt>
      <trkpt lat="51.90907001495361" lon="4.540057182312012">
        <ele>6.64</ele>
      </trkpt>
      <trkpt lat="51.9088099244982" lon="4.540238482877612">
        <ele>6.56</ele>
      </trkpt>
      <trkpt lat="51.90854983404279" lon="4.540419867262244">
        <ele>6.51</ele>
      </trkpt>
      <trkpt lat="51.908289743587375" lon="4.540601167827845">
        <ele>6.44</ele>
      </trkpt>
      <trkpt lat="51.90802965313196" lon="4.540782468393445">
        <ele>6.41</ele>
      </trkpt>
      <trkpt lat="51.90776964649558" lon="4.540963852778077">
        <ele>6.42</ele>
      </trkpt>
      <trkpt lat="51.90750955604017" lon="4.5411451533436775">
        <ele>6.4</ele>
      </trkpt>
      <trkpt lat="51.907249465584755" lon="4.54132653772831">
        <ele>6.32</ele>
      </trkpt>
      <trkpt lat="51.90698937512934" lon="4.54150783829391">
        <ele>6.27</ele>
      </trkpt>
      <trkpt lat="51.90673112869263" lon="4.541687965393066">
        <ele>6.13</ele>
      </trkpt>
      <trkpt lat="51.906817043200135" lon="4.542031288146973">
        <ele>5.94</ele>
      </trkpt>
      <trkpt lat="51.906892228871584" lon="4.5423647202551365">
        <ele>5.84</ele>
      </trkpt>
      <trkpt lat="51.90696716308594" lon="4.542696475982666">
        <ele>5.74</ele>
      </trkpt>
      <trkpt lat="51.90707830712199" lon="4.543133843690157">
        <ele>5.69</ele>
      </trkpt>
      <trkpt lat="51.90718945115805" lon="4.54357129521668">
        <ele>5.65</ele>
      </trkpt>
      <trkpt lat="51.9073005951941" lon="4.5440086629241705">
        <ele>5.59</ele>
      </trkpt>
      <trkpt lat="51.907411739230156" lon="4.544446114450693">
        <ele>5.48</ele>
      </trkpt>
      <trkpt lat="51.90752288326621" lon="4.544883482158184">
        <ele>5.4</ele>
      </trkpt>
      <trkpt lat="51.90763235092163" lon="4.545314311981201">
        <ele>5.32</ele>
      </trkpt>
      <trkpt lat="51.90773963928223" lon="4.545528888702393">
        <ele>5.27</ele>
      </trkpt>
      <trkpt lat="51.907825553789735" lon="4.545872211456299">
        <ele>5.2</ele>
      </trkpt>
      <trkpt lat="51.9078254699707" lon="4.545872211456299">
        <ele>5.12</ele>
      </trkpt>
      <trkpt lat="51.907847011461854" lon="4.545958042144775">
        <ele>5.05</ele>
      </trkpt>
      <trkpt lat="51.90791138447821" lon="4.546194076538086">
        <ele>4.98</ele>
      </trkpt>
      <trkpt lat="51.90793284215033" lon="4.546322822570801">
        <ele>4.9</ele>
      </trkpt>
      <trkpt lat="51.908018589019775" lon="4.546751976013184">
        <ele>4.83</ele>
      </trkpt>
      <trkpt lat="51.90811179578304" lon="4.54711047001183">
        <ele>4.75</ele>
      </trkpt>
      <trkpt lat="51.90820500254631" lon="4.547468964010477">
        <ele>4.65</ele>
      </trkpt>
      <trkpt lat="51.908297538757324" lon="4.547824859619141">
        <ele>4.52</ele>
      </trkpt>
      <trkpt lat="51.9084230158478" lon="4.5482478104531765">
        <ele>4.36</ele>
      </trkpt>
      <trkpt lat="51.90854849293828" lon="4.548670845106244">
        <ele>4.21</ele>
      </trkpt>
      <trkpt lat="51.90867397002876" lon="4.549093879759312">
        <ele>4.06</ele>
      </trkpt>
      <trkpt lat="51.908799447119236" lon="4.549516914412379">
        <ele>3.97</ele>
      </trkpt>
      <trkpt lat="51.908924924209714" lon="4.549939949065447">
        <ele>3.92</ele>
      </trkpt>
      <trkpt lat="51.909048641100526" lon="4.550356864929199">
        <ele>3.83</ele>
      </trkpt>
      <trkpt lat="51.909048557281494" lon="4.550356864929199">
        <ele>3.74</ele>
      </trkpt>
      <trkpt lat="51.90917738713324" lon="4.550807476043701">
        <ele>3.69</ele>
      </trkpt>
      <trkpt lat="51.90922021865845" lon="4.550914764404297">
        <ele>3.61</ele>
      </trkpt>
      <trkpt lat="51.90934200771153" lon="4.551237300038338">
        <ele>3.52</ele>
      </trkpt>
      <trkpt lat="51.909463880583644" lon="4.5515598356723785">
        <ele>3.4</ele>
      </trkpt>
      <trkpt lat="51.90958499908447" lon="4.551880359649658">
        <ele>3.25</ele>
      </trkpt>
      <trkpt lat="51.90971399657428" lon="4.552310518920422">
        <ele>3.15</ele>
      </trkpt>
      <trkpt lat="51.909843077883124" lon="4.552740678191185">
        <ele>3.13</ele>
      </trkpt>
      <trkpt lat="51.90997123718262" lon="4.553167819976807">
        <ele>3.09</ele>
      </trkpt>
      <trkpt lat="51.910021444782615" lon="4.553504856303334">
        <ele>2.95</ele>
      </trkpt>
      <trkpt lat="51.91007165238261" lon="4.5538419764488935">
        <ele>2.81</ele>
      </trkpt>
      <trkpt lat="51.91012144088745" lon="4.554176330566406">
        <ele>2.71</ele>
      </trkpt>
      <trkpt lat="51.91016444005072" lon="4.554585115984082">
        <ele>2.7</ele>
      </trkpt>
      <trkpt lat="51.91020735539496" lon="4.554991722106934">
        <ele>2.61</ele>
      </trkpt>
      <trkpt lat="51.91020727157593" lon="4.554991722106934">
        <ele>2.53</ele>
      </trkpt>
      <trkpt lat="51.91017500124872" lon="4.555478543043137">
        <ele>2.44</ele>
      </trkpt>
      <trkpt lat="51.91014273092151" lon="4.555965447798371">
        <ele>2.32</ele>
      </trkpt>
      <trkpt lat="51.9101104605943" lon="4.556452352553606">
        <ele>2.23</ele>
      </trkpt>
      <trkpt lat="51.910078190267086" lon="4.556939257308841">
        <ele>2.16</ele>
      </trkpt>
      <trkpt lat="51.910045919939876" lon="4.557426078245044">
        <ele>2.06</ele>
      </trkpt>
      <trkpt lat="51.910013649612665" lon="4.5579129830002785">
        <ele>2.01</ele>
      </trkpt>
      <trkpt lat="51.909981379285455" lon="4.558399887755513">
        <ele>1.94</ele>
      </trkpt>
      <trkpt lat="51.90994986332953" lon="4.558875560760498">
        <ele>1.85</ele>
      </trkpt>
      <trkpt lat="51.90989060327411" lon="4.559311252087355">
        <ele>1.78</ele>
      </trkpt>
      <trkpt lat="51.909831427037716" lon="4.559747027233243">
        <ele>1.71</ele>
      </trkpt>
      <trkpt lat="51.909772250801325" lon="4.5601827185601">
        <ele>1.67</ele>
      </trkpt>
      <trkpt lat="51.90971374511719" lon="4.560613632202148">
        <ele>1.6</ele>
      </trkpt>
      <trkpt lat="51.909670662134886" lon="4.5610798336565495">
        <ele>1.57</ele>
      </trkpt>
      <trkpt lat="51.909627662971616" lon="4.561546118929982">
        <ele>1.54</ele>
      </trkpt>
      <trkpt lat="51.90958499908447" lon="4.562008380889893">
        <ele>1.53</ele>
      </trkpt>
      <trkpt lat="51.90956345759332" lon="4.562320355325937">
        <ele>1.51</ele>
      </trkpt>
      <trkpt lat="51.909542083740234" lon="4.562630653381348">
        <ele>1.43</ele>
      </trkpt>
      <trkpt lat="51.90956354141235" lon="4.562899628654122">
        <ele>1.36</ele>
      </trkpt>
      <trkpt lat="51.90958499908447" lon="4.563167095184326">
        <ele>1.32</ele>
      </trkpt>
      <trkpt lat="51.9096387270838" lon="4.56346825696528">
        <ele>1.27</ele>
      </trkpt>
      <trkpt lat="51.90969228744507" lon="4.563767910003662">
        <ele>1.24</ele>
      </trkpt>
      <trkpt lat="51.90975674428046" lon="4.564004531130195">
        <ele>1.22</ele>
      </trkpt>
      <trkpt lat="51.90982103347778" lon="4.564239978790283">
        <ele>1.2</ele>
      </trkpt>
      <trkpt lat="51.909928573295474" lon="4.5645517855882645">
        <ele>1.15</ele>
      </trkpt>
      <trkpt lat="51.910035694018006" lon="4.564862251281738">
        <ele>1.13</ele>
      </trkpt>
      <trkpt lat="51.910164607688785" lon="4.5651201624423265">
        <ele>1.11</ele>
      </trkpt>
      <trkpt lat="51.910293102264404" lon="4.565377235412598">
        <ele>1.1</ele>
      </trkpt>
      <trkpt lat="51.91045428626239" lon="4.5656458754092455">
        <ele>1.08</ele>
      </trkpt>
      <trkpt lat="51.91061505116522" lon="4.565913677215576">
        <ele>1.03</ele>
      </trkpt>
      <trkpt lat="51.91078688018024" lon="4.5661768689751625">
        <ele>1.07</ele>
      </trkpt>
      <trkpt lat="51.91095879301429" lon="4.5664401445537806">
        <ele>1.13</ele>
      </trkpt>
      <trkpt lat="51.911130705848336" lon="4.566703420132399">
        <ele>1.16</ele>
      </trkpt>
      <trkpt lat="51.911301612854004" lon="4.566965103149414">
        <ele>1.16</ele>
      </trkpt>
      <trkpt lat="51.91148961894214" lon="4.567265929654241">
        <ele>1.14</ele>
      </trkpt>
      <trkpt lat="51.91167770884931" lon="4.567566839978099">
        <ele>1.13</ele>
      </trkpt>
      <trkpt lat="51.91186579875648" lon="4.567867750301957">
        <ele>1.12</ele>
      </trkpt>
      <trkpt lat="51.912052715197206" lon="4.568166732788086">
        <ele>1.12</ele>
      </trkpt>
      <trkpt lat="51.91218154504895" lon="4.568317104130983">
        <ele>1.16</ele>
      </trkpt>
      <trkpt lat="51.9123101234436" lon="4.568467140197754">
        <ele>1.2</ele>
      </trkpt>
      <trkpt lat="51.91249259747565" lon="4.56861742772162">
        <ele>1.23</ele>
      </trkpt>
      <trkpt lat="51.91267490386963" lon="4.568767547607422">
        <ele>1.23</ele>
      </trkpt>
      <trkpt lat="51.912846649065614" lon="4.568939208984375">
        <ele>1.24</ele>
      </trkpt>
      <trkpt lat="51.91297556273639" lon="4.569218661636114">
        <ele>1.3</ele>
      </trkpt>
      <trkpt lat="51.91310405731201" lon="4.569497108459473">
        <ele>1.37</ele>
      </trkpt>
      <trkpt lat="51.91317932680249" lon="4.5697336457669735">
        <ele>1.44</ele>
      </trkpt>
      <trkpt lat="51.91325434483588" lon="4.569969177246094">
        <ele>1.47</ele>
      </trkpt>
      <trkpt lat="51.913254261016846" lon="4.569969177246094">
        <ele>1.51</ele>
      </trkpt>
      <trkpt lat="51.913318717852235" lon="4.570216527208686">
        <ele>1.54</ele>
      </trkpt>
      <trkpt lat="51.91338300704956" lon="4.570462703704834">
        <ele>1.56</ele>
      </trkpt>
      <trkpt lat="51.91349054686725" lon="4.570895629003644">
        <ele>1.57</ele>
      </trkpt>
      <trkpt lat="51.91359808668494" lon="4.571328554302454">
        <ele>1.58</ele>
      </trkpt>
      <trkpt lat="51.913705710321665" lon="4.571761479601264">
        <ele>1.62</ele>
      </trkpt>
      <trkpt lat="51.913813250139356" lon="4.572194404900074">
        <ele>1.65</ele>
      </trkpt>
      <trkpt lat="51.91392078995705" lon="4.572627330198884">
        <ele>1.75</ele>
      </trkpt>
      <trkpt lat="51.91402841359377" lon="4.573060255497694">
        <ele>1.82</ele>
      </trkpt>
      <trkpt lat="51.91413595341146" lon="4.573493180796504">
        <ele>1.84</ele>
      </trkpt>
      <trkpt lat="51.914241313934326" lon="4.573917388916016">
        <ele>1.87</ele>
      </trkpt>
      <trkpt lat="51.91440258175135" lon="4.574336651712656">
        <ele>1.85</ele>
      </trkpt>
      <trkpt lat="51.914563262835145" lon="4.574754238128662">
        <ele>1.91</ele>
      </trkpt>
      <trkpt lat="51.91469217650592" lon="4.575033690780401">
        <ele>1.98</ele>
      </trkpt>
      <trkpt lat="51.91482067108154" lon="4.57531213760376">
        <ele>2.01</ele>
      </trkpt>
      <trkpt lat="51.91497087478638" lon="4.575462341308594">
        <ele>2.07</ele>
      </trkpt>
      <trkpt lat="51.915035331621766" lon="4.575698375701904">
        <ele>2.15</ele>
      </trkpt>
      <trkpt lat="51.91509962081909" lon="4.575934410095215">
        <ele>2.25</ele>
      </trkpt>
      <trkpt lat="51.91512107849121" lon="4.5760416984558105">
        <ele>2.33</ele>
      </trkpt>
      <trkpt lat="51.91526072099805" lon="4.576192069798708">
        <ele>2.38</ele>
      </trkpt>
      <trkpt lat="51.91540011204779" lon="4.5763421058654785">
        <ele>2.41</ele>
      </trkpt>
      <trkpt lat="51.91540002822876" lon="4.5763421058654785">
        <ele>2.46</ele>
      </trkpt>
      <trkpt lat="51.91561460494995" lon="4.576449394226074">
        <ele>2.48</ele>
      </trkpt>
      <trkpt lat="51.915786350145936" lon="4.576470851898193">
        <ele>2.52</ele>
      </trkpt>
      <trkpt lat="51.91595801152289" lon="4.5764923095703125">
        <ele>2.55</ele>
      </trkpt>
      <trkpt lat="51.91623696126044" lon="4.576485101133585">
        <ele>2.57</ele>
      </trkpt>
      <trkpt lat="51.91651599481702" lon="4.576477976515889">
        <ele>2.58</ele>
      </trkpt>
      <trkpt lat="51.916794776916504" lon="4.576470851898193">
        <ele>2.63</ele>
      </trkpt>
      <trkpt lat="51.916987895965576" lon="4.576406478881836">
        <ele>2.73</ele>
      </trkpt>
      <trkpt lat="51.91718101501465" lon="4.576277732849121">
        <ele>2.82</ele>
      </trkpt>
      <trkpt lat="51.91722393035889" lon="4.576406478881836">
        <ele>2.93</ele>
      </trkpt>
      <trkpt lat="51.91722393035889" lon="4.57655668258667">
        <ele>2.98</ele>
      </trkpt>
      <trkpt lat="51.91718109883368" lon="4.576857089996338">
        <ele>3.03</ele>
      </trkpt>
      <trkpt lat="51.91715964116156" lon="4.576964378356934">
        <ele>3.09</ele>
      </trkpt>
      <trkpt lat="51.91715955734253" lon="4.577114582061768">
        <ele>3.13</ele>
      </trkpt>
      <trkpt lat="51.91722393035889" lon="4.577350616455078">
        <ele>3.15</ele>
      </trkpt>
      <trkpt lat="51.91718101501465" lon="4.577758312225342">
        <ele>3.17</ele>
      </trkpt>
      <trkpt lat="51.917073810473084" lon="4.578208923339844">
        <ele>3.27</ele>
      </trkpt>
      <trkpt lat="51.917052352800965" lon="4.5783162117004395">
        <ele>3.34</ele>
      </trkpt>
      <trkpt lat="51.916987895965576" lon="4.578638076782227">
        <ele>3.43</ele>
      </trkpt>
      <trkpt lat="51.91698797978461" lon="4.578638076782227">
        <ele>3.5</ele>
      </trkpt>
      <trkpt lat="51.91688748076558" lon="4.579104194417596">
        <ele>3.56</ele>
      </trkpt>
      <trkpt lat="51.916787065565586" lon="4.579570312052965">
        <ele>3.68</ele>
      </trkpt>
      <trkpt lat="51.91668748855591" lon="4.580032825469971">
        <ele>3.83</ele>
      </trkpt>
      <trkpt lat="51.91666603088379" lon="4.580183029174805">
        <ele>3.93</ele>
      </trkpt>
      <trkpt lat="51.91662311553955" lon="4.580183029174805">
        <ele>3.99</ele>
      </trkpt>
      <trkpt lat="51.91658020019531" lon="4.580354690551758">
        <ele>4.06</ele>
      </trkpt>
      <trkpt lat="51.916558826342225" lon="4.5804619789123535">
        <ele>4.07</ele>
      </trkpt>
      <trkpt lat="51.916515827178955" lon="4.580569267272949">
        <ele>4.06</ele>
      </trkpt>
      <trkpt lat="51.91631181165576" lon="4.580451166257262">
        <ele>4.09</ele>
      </trkpt>
      <trkpt lat="51.91610821522772" lon="4.580333232879639">
        <ele>4.09</ele>
      </trkpt>
      <trkpt lat="51.91600092686713" lon="4.580268859863281">
        <ele>4.1</ele>
      </trkpt>
      <trkpt lat="51.915786350145936" lon="4.580140113830566">
        <ele>4.08</ele>
      </trkpt>
      <trkpt lat="51.91562524996698" lon="4.580064928159118">
        <ele>4.07</ele>
      </trkpt>
      <trkpt lat="51.91546448506415" lon="4.579989910125732">
        <ele>4.06</ele>
      </trkpt>
      <trkpt lat="51.915249824523926" lon="4.579839706420898">
        <ele>4.03</ele>
      </trkpt>
      <trkpt lat="51.91512116231024" lon="4.579775333404541">
        <ele>4.0</ele>
      </trkpt>
      <trkpt lat="51.91492795944214" lon="4.579668045043945">
        <ele>4.0</ele>
      </trkpt>
      <trkpt lat="51.91467046737671" lon="4.579582214355469">
        <ele>3.99</ele>
      </trkpt>
      <trkpt lat="51.91441297531128" lon="4.579582214355469">
        <ele>3.98</ele>
      </trkpt>
      <trkpt lat="51.914262771606445" lon="4.579668045043945">
        <ele>3.97</ele>
      </trkpt>
      <trkpt lat="51.914091194048524" lon="4.579839706420898">
        <ele>3.96</ele>
      </trkpt>
      <trkpt lat="51.91385507583618" lon="4.5801615715026855">
        <ele>3.96</ele>
      </trkpt>
      <trkpt lat="51.91372632980347" lon="4.580225944519043">
        <ele>3.99</ele>
      </trkpt>
      <trkpt lat="51.91357612609863" lon="4.580526351928711">
        <ele>3.94</ele>
      </trkpt>
      <trkpt lat="51.91337554715574" lon="4.580748304724693">
        <ele>3.92</ele>
      </trkpt>
      <trkpt lat="51.913175052031875" lon="4.580970257520676">
        <ele>3.89</ele>
      </trkpt>
      <trkpt lat="51.9129753112793" lon="4.581191539764404">
        <ele>3.89</ele>
      </trkpt>
      <trkpt lat="51.91275495104492" lon="4.581524636596441">
        <ele>3.91</ele>
      </trkpt>
      <trkpt lat="51.91253467462957" lon="4.581857733428478">
        <ele>3.94</ele>
      </trkpt>
      <trkpt lat="51.91231439821422" lon="4.582190830260515">
        <ele>3.94</ele>
      </trkpt>
      <trkpt lat="51.91209554672241" lon="4.582521915435791">
        <ele>4.01</ele>
      </trkpt>
      <trkpt lat="51.911880634725094" lon="4.582822741940618">
        <ele>4.05</ele>
      </trkpt>
      <trkpt lat="51.91166647709906" lon="4.583122730255127">
        <ele>4.04</ele>
      </trkpt>
      <trkpt lat="51.91149448044598" lon="4.583351891487837">
        <ele>4.06</ele>
      </trkpt>
      <trkpt lat="51.91132256761193" lon="4.583581052720547">
        <ele>4.05</ele>
      </trkpt>
      <trkpt lat="51.91115140914917" lon="4.5838093757629395">
        <ele>4.05</ele>
      </trkpt>
      <trkpt lat="51.91098662093282" lon="4.584081619977951">
        <ele>4.07</ele>
      </trkpt>
      <trkpt lat="51.910821832716465" lon="4.584353864192963">
        <ele>4.11</ele>
      </trkpt>
      <trkpt lat="51.91065788269043" lon="4.584624767303467">
        <ele>4.18</ele>
      </trkpt>
      <trkpt lat="51.910550594329834" lon="4.584646224975586">
        <ele>4.2</ele>
      </trkpt>
      <trkpt lat="51.91046476364136" lon="4.584496021270752">
        <ele>4.21</ele>
      </trkpt>
      <trkpt lat="51.91042184829712" lon="4.584453105926514">
        <ele>4.22</ele>
      </trkpt>
      <trkpt lat="51.910293102264404" lon="4.584710597991943">
        <ele>4.25</ele>
      </trkpt>
      <trkpt lat="51.91012144088745" lon="4.584839344024658">
        <ele>4.22</ele>
      </trkpt>
      <trkpt lat="51.91007852554321" lon="4.58479642868042">
        <ele>4.22</ele>
      </trkpt>
      <trkpt lat="51.9099495280534" lon="4.584559891372919">
        <ele>4.23</ele>
      </trkpt>
      <trkpt lat="51.90982103347778" lon="4.584324359893799">
        <ele>4.23</ele>
      </trkpt>
      <trkpt lat="51.909799575805664" lon="4.584367275238037">
        <ele>4.22</ele>
      </trkpt>
      <trkpt lat="51.90971382893622" lon="4.584453105926514">
        <ele>4.21</ele>
      </trkpt>
      <trkpt lat="51.90964937210083" lon="4.584560394287109">
        <ele>4.19</ele>
      </trkpt>
      <trkpt lat="51.90956354141235" lon="4.584646224975586">
        <ele>4.16</ele>
      </trkpt>
      <trkpt lat="51.909306049346924" lon="4.584817886352539">
        <ele>4.11</ele>
      </trkpt>
      <trkpt lat="51.90906984731555" lon="4.584903717041016">
        <ele>4.08</ele>
      </trkpt>
      <trkpt lat="51.9088339805603" lon="4.584989547729492">
        <ele>4.04</ele>
      </trkpt>
      <trkpt lat="51.908662067726254" lon="4.585161376744509">
        <ele>3.98</ele>
      </trkpt>
      <trkpt lat="51.9084906578064" lon="4.585332870483398">
        <ele>3.97</ele>
      </trkpt>
      <trkpt lat="51.90849074162543" lon="4.585332870483398">
        <ele>3.94</ele>
      </trkpt>
      <trkpt lat="51.90837247297168" lon="4.585537053644657">
        <ele>3.91</ele>
      </trkpt>
      <trkpt lat="51.908254623413086" lon="4.585740566253662">
        <ele>3.86</ele>
      </trkpt>
      <trkpt lat="51.90821170806885" lon="4.585890769958496">
        <ele>3.83</ele>
      </trkpt>
      <trkpt lat="51.90819025039673" lon="4.586169719696045">
        <ele>3.76</ele>
      </trkpt>
      <trkpt lat="51.90823316574097" lon="4.586641788482666">
        <ele>3.74</ele>
      </trkpt>
      <trkpt lat="51.90837297588587" lon="4.587007323279977">
        <ele>3.69</ele>
      </trkpt>
      <trkpt lat="51.90851219929755" lon="4.587371349334717">
        <ele>3.64</ele>
      </trkpt>
      <trkpt lat="51.908512115478516" lon="4.587521553039551">
        <ele>3.62</ele>
      </trkpt>
      <trkpt lat="51.90846920013428" lon="4.587757587432861">
        <ele>3.58</ele>
      </trkpt>
      <trkpt lat="51.90831866115332" lon="4.58804776892066">
        <ele>3.53</ele>
      </trkpt>
      <trkpt lat="51.90816879272461" lon="4.588336944580078">
        <ele>3.46</ele>
      </trkpt>
      <trkpt lat="51.90807198174298" lon="4.588605752214789">
        <ele>3.37</ele>
      </trkpt>
      <trkpt lat="51.90797575749457" lon="4.588873386383057">
        <ele>3.31</ele>
      </trkpt>
      <trkpt lat="51.907873498275876" lon="4.589244453236461">
        <ele>3.25</ele>
      </trkpt>
      <trkpt lat="51.907771322876215" lon="4.589615520089865">
        <ele>3.14</ele>
      </trkpt>
      <trkpt lat="51.907669147476554" lon="4.589986586943269">
        <ele>3.03</ele>
      </trkpt>
      <trkpt lat="51.90756797790527" lon="4.590353965759277">
        <ele>2.91</ele>
      </trkpt>
      <trkpt lat="51.90744970925152" lon="4.5906334184110165">
        <ele>2.83</ele>
      </trkpt>
      <trkpt lat="51.90733194351196" lon="4.590911865234375">
        <ele>2.75</ele>
      </trkpt>
      <trkpt lat="51.90719221718609" lon="4.591115964576602">
        <ele>2.66</ele>
      </trkpt>
      <trkpt lat="51.907052993774414" lon="4.591319561004639">
        <ele>2.55</ele>
      </trkpt>
      <trkpt lat="51.90688133239746" lon="4.5914483070373535">
        <ele>2.44</ele>
      </trkpt>
      <trkpt lat="51.906709503382444" lon="4.5915664080530405">
        <ele>2.33</ele>
      </trkpt>
      <trkpt lat="51.906538009643555" lon="4.591684341430664">
        <ele>2.25</ele>
      </trkpt>
      <trkpt lat="51.90628060139716" lon="4.591770172119141">
        <ele>2.15</ele>
      </trkpt>
      <trkpt lat="51.906023025512695" lon="4.591877460479736">
        <ele>2.0</ele>
      </trkpt>
      <trkpt lat="51.905861757695675" lon="4.592124558985233">
        <ele>1.85</ele>
      </trkpt>
      <trkpt lat="51.90570116043091" lon="4.592370986938477">
        <ele>1.66</ele>
      </trkpt>
      <trkpt lat="51.905786991119385" lon="4.59254264831543">
        <ele>1.48</ele>
      </trkpt>
      <trkpt lat="51.90560074523091" lon="4.592764601111412">
        <ele>1.28</ele>
      </trkpt>
      <trkpt lat="51.90541458316147" lon="4.592986637726426">
        <ele>1.11</ele>
      </trkpt>
      <trkpt lat="51.90522909164429" lon="4.593207836151123">
        <ele>0.99</ele>
      </trkpt>
      <trkpt lat="51.90497159957886" lon="4.593336582183838">
        <ele>0.88</ele>
      </trkpt>
      <trkpt lat="51.90473564900458" lon="4.593658447265625">
        <ele>0.73</ele>
      </trkpt>
      <trkpt lat="51.90473556518555" lon="4.593658447265625">
        <ele>0.61</ele>
      </trkpt>
      <trkpt lat="51.90462827682495" lon="4.594066143035889">
        <ele>0.47</ele>
      </trkpt>
      <trkpt lat="51.90458536148071" lon="4.594473838806152">
        <ele>0.37</ele>
      </trkpt>
      <trkpt lat="51.904445718973875" lon="4.5946563966572285">
        <ele>0.28</ele>
      </trkpt>
      <trkpt lat="51.904306495562196" lon="4.594838619232178">
        <ele>0.18</ele>
      </trkpt>
      <trkpt lat="51.90426358021796" lon="4.594924449920654">
        <ele>0.07</ele>
      </trkpt>
      <trkpt lat="51.904263496398926" lon="4.594924449920654">
        <ele>0.0</ele>
      </trkpt>
      <trkpt lat="51.90422058105469" lon="4.59503173828125">
        <ele>-0.07</ele>
      </trkpt>
      <trkpt lat="51.90424203872681" lon="4.59552526473999">
        <ele>-0.08</ele>
      </trkpt>
      <trkpt lat="51.90442685969174" lon="4.595873448997736">
        <ele>-0.11</ele>
      </trkpt>
      <trkpt lat="51.9046117644757" lon="4.596221717074513">
        <ele>-0.12</ele>
      </trkpt>
      <trkpt lat="51.90479666925967" lon="4.596569985151291">
        <ele>-0.24</ele>
      </trkpt>
      <trkpt lat="51.90498157404363" lon="4.596918169409037">
        <ele>-0.31</ele>
      </trkpt>
      <trkpt lat="51.90516480244696" lon="4.597263336181641">
        <ele>-0.3</ele>
      </trkpt>
      <trkpt lat="51.90522917546332" lon="4.597413539886475">
        <ele>-0.33</ele>
      </trkpt>
      <trkpt lat="51.905272006988525" lon="4.597499370574951">
        <ele>-0.35</ele>
      </trkpt>
      <trkpt lat="51.905293464660645" lon="4.597477912902832">
        <ele>-0.37</ele>
      </trkpt>
      <trkpt lat="51.90547610633075" lon="4.597811093553901">
        <ele>-0.42</ele>
      </trkpt>
      <trkpt lat="51.90565824508667" lon="4.598143100738525">
        <ele>-0.47</ele>
      </trkpt>
      <trkpt lat="51.90582990646362" lon="4.598422050476074">
        <ele>-0.43</ele>
      </trkpt>
      <trkpt lat="51.906001567840576" lon="4.5986151695251465">
        <ele>-0.41</ele>
      </trkpt>
      <trkpt lat="51.906301975250244" lon="4.5987653732299805">
        <ele>-0.41</ele>
      </trkpt>
      <trkpt lat="51.906538009643555" lon="4.5987653732299805">
        <ele>-0.41</ele>
      </trkpt>
      <trkpt lat="51.90666675567627" lon="4.598937034606934">
        <ele>-0.42</ele>
      </trkpt>
      <trkpt lat="51.90673112869263" lon="4.598958492279053">
        <ele>-0.42</ele>
      </trkpt>
      <trkpt lat="51.906752586364746" lon="4.599173069000244">
        <ele>-0.42</ele>
      </trkpt>
      <trkpt lat="51.90685995854437" lon="4.599366188049316">
        <ele>-0.43</ele>
      </trkpt>
      <trkpt lat="51.90690279006958" lon="4.599623680114746">
        <ele>-0.43</ele>
      </trkpt>
      <trkpt lat="51.90685970708728" lon="4.600043278187513">
        <ele>-0.39</ele>
      </trkpt>
      <trkpt lat="51.9068169593811" lon="4.600460529327393">
        <ele>-0.37</ele>
      </trkpt>
      <trkpt lat="51.9067963398993" lon="4.600892616435885">
        <ele>-0.36</ele>
      </trkpt>
      <trkpt lat="51.90677588805556" lon="4.6013222727924585">
        <ele>-0.29</ele>
      </trkpt>
      <trkpt lat="51.90677588805556" lon="4.601322188973427">
        <ele>-0.29</ele>
      </trkpt>
      <trkpt lat="51.906774044036865" lon="4.6013617515563965">
        <ele>-0.28</ele>
      </trkpt>
      <trkpt lat="51.906799860298634" lon="4.601783528923988">
        <ele>-0.26</ele>
      </trkpt>
      <trkpt lat="51.9068256765604" lon="4.60220530629158">
        <ele>-0.27</ele>
      </trkpt>
      <trkpt lat="51.90685149282217" lon="4.602627083659172">
        <ele>-0.29</ele>
      </trkpt>
      <trkpt lat="51.90687730908394" lon="4.603048861026764">
        <ele>-0.31</ele>
      </trkpt>
      <trkpt lat="51.90690279006958" lon="4.603464603424072">
        <ele>-0.28</ele>
      </trkpt>
      <trkpt lat="51.90690287388861" lon="4.603464603424072">
        <ele>-0.31</ele>
      </trkpt>
      <trkpt lat="51.90693145617843" lon="4.603844722732902">
        <ele>-0.32</ele>
      </trkpt>
      <trkpt lat="51.90696012228727" lon="4.604224925860763">
        <ele>-0.41</ele>
      </trkpt>
      <trkpt lat="51.90698862075806" lon="4.604601860046387">
        <ele>-0.51</ele>
      </trkpt>
      <trkpt lat="51.907010078430176" lon="4.604709148406982">
        <ele>-0.58</ele>
      </trkpt>
      <trkpt lat="51.907036984339356" lon="4.605174427852035">
        <ele>-0.63</ele>
      </trkpt>
      <trkpt lat="51.90706389024854" lon="4.60563987493515">
        <ele>-0.7</ele>
      </trkpt>
      <trkpt lat="51.90709079615772" lon="4.606105238199234">
        <ele>-0.82</ele>
      </trkpt>
      <trkpt lat="51.9071177020669" lon="4.606570601463318">
        <ele>-0.92</ele>
      </trkpt>
      <trkpt lat="51.90714460797608" lon="4.607035964727402">
        <ele>-0.99</ele>
      </trkpt>
      <trkpt lat="51.90717151388526" lon="4.607501327991486">
        <ele>-1.04</ele>
      </trkpt>
      <trkpt lat="51.90719841979444" lon="4.6079666912555695">
        <ele>-1.11</ele>
      </trkpt>
      <trkpt lat="51.9072247389704" lon="4.608421325683594">
        <ele>-1.14</ele>
      </trkpt>
      <trkpt lat="51.90725541673601" lon="4.6088578552007675">
        <ele>-1.19</ele>
      </trkpt>
      <trkpt lat="51.907286178320646" lon="4.609294384717941">
        <ele>-1.25</ele>
      </trkpt>
      <trkpt lat="51.907316939905286" lon="4.609730914235115">
        <ele>-1.31</ele>
      </trkpt>
      <trkpt lat="51.907347701489925" lon="4.610167443752289">
        <ele>-1.37</ele>
      </trkpt>
      <trkpt lat="51.907378463074565" lon="4.610603973269463">
        <ele>-1.44</ele>
      </trkpt>
      <trkpt lat="51.90740914084017" lon="4.611040502786636">
        <ele>-1.51</ele>
      </trkpt>
      <trkpt lat="51.90743931569159" lon="4.611468315124512">
        <ele>-1.6</ele>
      </trkpt>
      <trkpt lat="51.9074715860188" lon="4.611871736124158">
        <ele>-1.66</ele>
      </trkpt>
      <trkpt lat="51.90750385634601" lon="4.612275240942836">
        <ele>-1.72</ele>
      </trkpt>
      <trkpt lat="51.90753612667322" lon="4.612678745761514">
        <ele>-1.74</ele>
      </trkpt>
      <trkpt lat="51.907568061724305" lon="4.613077640533447">
        <ele>-1.76</ele>
      </trkpt>
      <trkpt lat="51.907601254060864" lon="4.613558845594525">
        <ele>-1.82</ele>
      </trkpt>
      <trkpt lat="51.907634530216455" lon="4.614040134474635">
        <ele>-1.89</ele>
      </trkpt>
      <trkpt lat="51.90766780637205" lon="4.614521339535713">
        <ele>-1.87</ele>
      </trkpt>
      <trkpt lat="51.90770108252764" lon="4.615002628415823">
        <ele>-1.87</ele>
      </trkpt>
      <trkpt lat="51.90773435868323" lon="4.615483833476901">
        <ele>-1.9</ele>
      </trkpt>
      <trkpt lat="51.90776755101979" lon="4.615965122357011">
        <ele>-1.93</ele>
      </trkpt>
      <trkpt lat="51.90780082717538" lon="4.616446327418089">
        <ele>-1.99</ele>
      </trkpt>
      <trkpt lat="51.90783410333097" lon="4.616927616298199">
        <ele>-1.98</ele>
      </trkpt>
      <trkpt lat="51.90786737948656" lon="4.6174089051783085">
        <ele>-2.04</ele>
      </trkpt>
      <trkpt lat="51.90790065564215" lon="4.617890110239387">
        <ele>-2.08</ele>
      </trkpt>
      <trkpt lat="51.9079327583313" lon="4.618356227874756">
        <ele>-2.02</ele>
      </trkpt>
      <trkpt lat="51.9079327583313" lon="4.618785381317139">
        <ele>-2.0</ele>
      </trkpt>
      <trkpt lat="51.90790400840342" lon="4.619187042117119">
        <ele>-1.97</ele>
      </trkpt>
      <trkpt lat="51.907875342294574" lon="4.619588702917099">
        <ele>-1.98</ele>
      </trkpt>
      <trkpt lat="51.90784692764282" lon="4.6199870109558105">
        <ele>-1.99</ele>
      </trkpt>
      <trkpt lat="51.90787701867521" lon="4.620451787486672">
        <ele>-2.03</ele>
      </trkpt>
      <trkpt lat="51.907907109707594" lon="4.620916647836566">
        <ele>-2.05</ele>
      </trkpt>
      <trkpt lat="51.90793728455901" lon="4.621381424367428">
        <ele>-1.98</ele>
      </trkpt>
      <trkpt lat="51.9079673755914" lon="4.621846284717321">
        <ele>-1.93</ele>
      </trkpt>
      <trkpt lat="51.907997131347656" lon="4.622304439544678">
        <ele>-1.88</ele>
      </trkpt>
      <trkpt lat="51.90797567367554" lon="4.622604846954346">
        <ele>-1.86</ele>
      </trkpt>
      <trkpt lat="51.90797575749457" lon="4.622604846954346">
        <ele>-1.8</ele>
      </trkpt>
      <trkpt lat="51.9078254699707" lon="4.62299108505249">
        <ele>-1.69</ele>
      </trkpt>
      <trkpt lat="51.90784692764282" lon="4.6233344078063965">
        <ele>-1.57</ele>
      </trkpt>
      <trkpt lat="51.907804096117616" lon="4.623355865478516">
        <ele>-1.5</ele>
      </trkpt>
      <trkpt lat="51.90769680775702" lon="4.623398780822754">
        <ele>-1.41</ele>
      </trkpt>
      <trkpt lat="51.90761089324951" lon="4.623398780822754">
        <ele>-1.32</ele>
      </trkpt>
      <trkpt lat="51.90756797790527" lon="4.62350606918335">
        <ele>-1.21</ele>
      </trkpt>
      <trkpt lat="51.907503604888916" lon="4.623892307281494">
        <ele>-1.06</ele>
      </trkpt>
      <trkpt lat="51.90765397623181" lon="4.624053407460451">
        <ele>-0.98</ele>
      </trkpt>
      <trkpt lat="51.907804096117616" lon="4.624214172363281">
        <ele>-0.9</ele>
      </trkpt>
      <trkpt lat="51.90791138447821" lon="4.624214172363281">
        <ele>-0.81</ele>
      </trkpt>
      <trkpt lat="51.908083045855165" lon="4.624171173200011">
        <ele>-0.73</ele>
      </trkpt>
      <trkpt lat="51.908254623413086" lon="4.624128341674805">
        <ele>-0.65</ele>
      </trkpt>
      <trkpt lat="51.9084906578064" lon="4.624021053314209">
        <ele>-0.56</ele>
      </trkpt>
      <trkpt lat="51.90859794616699" lon="4.623978137969971">
        <ele>-0.45</ele>
      </trkpt>
      <trkpt lat="51.90885543823242" lon="4.623870849609375">
        <ele>-0.33</ele>
      </trkpt>
      <trkpt lat="51.90889843739569" lon="4.624365717172623">
        <ele>-0.2</ele>
      </trkpt>
      <trkpt lat="51.9089412689209" lon="4.6248579025268555">
        <ele>-0.08</ele>
      </trkpt>
      <trkpt lat="51.90898418426514" lon="4.625051021575928">
        <ele>0.04</ele>
      </trkpt>
      <trkpt lat="51.90914327278733" lon="4.625412197783589">
        <ele>0.17</ele>
      </trkpt>
      <trkpt lat="51.90930244512856" lon="4.625773457810283">
        <ele>0.31</ele>
      </trkpt>
      <trkpt lat="51.909461533650756" lon="4.626134634017944">
        <ele>0.45</ele>
      </trkpt>
      <trkpt lat="51.90962070599198" lon="4.626495894044638">
        <ele>0.58</ele>
      </trkpt>
      <trkpt lat="51.90977820195258" lon="4.6268534660339355">
        <ele>0.69</ele>
      </trkpt>
      <trkpt lat="51.9098424911499" lon="4.627046585083008">
        <ele>0.8</ele>
      </trkpt>
      <trkpt lat="51.90989621914923" lon="4.627433829009533">
        <ele>0.9</ele>
      </trkpt>
      <trkpt lat="51.9099497795105" lon="4.627819061279297">
        <ele>1.02</ele>
      </trkpt>
      <trkpt lat="51.91002504900098" lon="4.628077140077949">
        <ele>1.11</ele>
      </trkpt>
      <trkpt lat="51.910100067034364" lon="4.628334045410156">
        <ele>1.22</ele>
      </trkpt>
      <trkpt lat="51.91016435623169" lon="4.6285271644592285">
        <ele>1.3</ele>
      </trkpt>
      <trkpt lat="51.91018581390381" lon="4.628913402557373">
        <ele>1.38</ele>
      </trkpt>
      <trkpt lat="51.910088919103146" lon="4.629375915974379">
        <ele>1.51</ele>
      </trkpt>
      <trkpt lat="51.909992694854736" lon="4.629836082458496">
        <ele>1.61</ele>
      </trkpt>
      <trkpt lat="51.910035610198975" lon="4.6300506591796875">
        <ele>1.67</ele>
      </trkpt>
      <trkpt lat="51.91018581390381" lon="4.630308151245117">
        <ele>1.66</ele>
      </trkpt>
      <trkpt lat="51.910293102264404" lon="4.630458354949951">
        <ele>1.66</ele>
      </trkpt>
      <trkpt lat="51.91046476364136" lon="4.630587100982666">
        <ele>1.65</ele>
      </trkpt>
      <trkpt lat="51.910622427240014" lon="4.6309669688344">
        <ele>1.66</ele>
      </trkpt>
      <trkpt lat="51.91078009083867" lon="4.631346836686134">
        <ele>1.69</ele>
      </trkpt>
      <trkpt lat="51.91093683242798" lon="4.6317243576049805">
        <ele>1.7</ele>
      </trkpt>
      <trkpt lat="51.91108728758991" lon="4.631960727274418">
        <ele>1.73</ele>
      </trkpt>
      <trkpt lat="51.91123732365668" lon="4.632196426391602">
        <ele>1.73</ele>
      </trkpt>
      <trkpt lat="51.9112587813288" lon="4.63223934173584">
        <ele>1.74</ele>
      </trkpt>
      <trkpt lat="51.91143035888672" lon="4.6324968338012695">
        <ele>1.78</ele>
      </trkpt>
      <trkpt lat="51.911580646410584" lon="4.632582664489746">
        <ele>1.79</ele>
      </trkpt>
      <trkpt lat="51.911784494295716" lon="4.632657766342163">
        <ele>1.82</ele>
      </trkpt>
      <trkpt lat="51.911988258361816" lon="4.63273286819458">
        <ele>1.82</ele>
      </trkpt>
      <trkpt lat="51.912095630541444" lon="4.632861614227295">
        <ele>1.8</ele>
      </trkpt>
      <trkpt lat="51.91226745955646" lon="4.633097900077701">
        <ele>1.77</ele>
      </trkpt>
      <trkpt lat="51.91243937239051" lon="4.633334269747138">
        <ele>1.75</ele>
      </trkpt>
      <trkpt lat="51.9126106146723" lon="4.633569717407227">
        <ele>1.73</ele>
      </trkpt>
      <trkpt lat="51.91261053085327" lon="4.633569717407227">
        <ele>1.71</ele>
      </trkpt>
      <trkpt lat="51.91281815059483" lon="4.633820336312056">
        <ele>1.74</ele>
      </trkpt>
      <trkpt lat="51.91302585415542" lon="4.634070955216885">
        <ele>1.74</ele>
      </trkpt>
      <trkpt lat="51.91323280334473" lon="4.6343207359313965">
        <ele>1.7</ele>
      </trkpt>
      <trkpt lat="51.91336154937744" lon="4.6344709396362305">
        <ele>1.64</ele>
      </trkpt>
      <trkpt lat="51.91344738006592" lon="4.634771347045898">
        <ele>1.59</ele>
      </trkpt>
      <trkpt lat="51.913519045338035" lon="4.635129924863577">
        <ele>1.56</ele>
      </trkpt>
      <trkpt lat="51.91359079442918" lon="4.635488502681255">
        <ele>1.5</ele>
      </trkpt>
      <trkpt lat="51.91366204060614" lon="4.6358442306518555">
        <ele>1.46</ele>
      </trkpt>
      <trkpt lat="51.91366204060614" lon="4.635887145996094">
        <ele>1.42</ele>
      </trkpt>
      <trkpt lat="51.91375876776874" lon="4.636328117921948">
        <ele>1.39</ele>
      </trkpt>
      <trkpt lat="51.91385507583618" lon="4.6367669105529785">
        <ele>1.37</ele>
      </trkpt>
      <trkpt lat="51.91394099034369" lon="4.6370673179626465">
        <ele>1.34</ele>
      </trkpt>
      <trkpt lat="51.91394099034369" lon="4.637088775634766">
        <ele>1.31</ele>
      </trkpt>
      <trkpt lat="51.91396244801581" lon="4.637110233306885">
        <ele>1.28</ele>
      </trkpt>
      <trkpt lat="51.91409144550562" lon="4.637475768104196">
        <ele>1.25</ele>
      </trkpt>
      <trkpt lat="51.91421994008124" lon="4.6378397941589355">
        <ele>1.22</ele>
      </trkpt>
      <trkpt lat="51.91421985626221" lon="4.6378397941589355">
        <ele>1.19</ele>
      </trkpt>
      <trkpt lat="51.914305686950684" lon="4.6381402015686035">
        <ele>1.17</ele>
      </trkpt>
      <trkpt lat="51.914305686950684" lon="4.638547897338867">
        <ele>1.14</ele>
      </trkpt>
      <trkpt lat="51.91437014378607" lon="4.638805389404297">
        <ele>1.14</ele>
      </trkpt>
      <trkpt lat="51.9144344329834" lon="4.638912677764893">
        <ele>1.14</ele>
      </trkpt>
      <trkpt lat="51.91445589065552" lon="4.638955593109131">
        <ele>1.12</ele>
      </trkpt>
      <trkpt lat="51.91456317901611" lon="4.639148712158203">
        <ele>1.16</ele>
      </trkpt>
      <trkpt lat="51.91467063501477" lon="4.639342166483402">
        <ele>1.13</ele>
      </trkpt>
      <trkpt lat="51.914777755737305" lon="4.639534950256348">
        <ele>1.08</ele>
      </trkpt>
      <trkpt lat="51.91486358642578" lon="4.639706611633301">
        <ele>1.01</ele>
      </trkpt>
      <trkpt lat="51.91465403884649" lon="4.640004755929112">
        <ele>0.92</ele>
      </trkpt>
      <trkpt lat="51.914444491267204" lon="4.640302900224924">
        <ele>0.79</ele>
      </trkpt>
      <trkpt lat="51.91423502750695" lon="4.6406011283397675">
        <ele>0.69</ele>
      </trkpt>
      <trkpt lat="51.91402547992766" lon="4.640899272635579">
        <ele>0.58</ele>
      </trkpt>
      <trkpt lat="51.91381593234837" lon="4.641197416931391">
        <ele>0.5</ele>
      </trkpt>
      <trkpt lat="51.913606468588114" lon="4.641495561227202">
        <ele>0.41</ele>
      </trkpt>
      <trkpt lat="51.913396921008825" lon="4.641793789342046">
        <ele>0.34</ele>
      </trkpt>
      <trkpt lat="51.91318988800049" lon="4.642088413238525">
        <ele>0.29</ele>
      </trkpt>
      <trkpt lat="51.91310405731201" lon="4.642174243927002">
        <ele>0.23</ele>
      </trkpt>
      <trkpt lat="51.91294304095209" lon="4.642238616943359">
        <ele>0.17</ele>
      </trkpt>
      <trkpt lat="51.912782192230225" lon="4.642302989959717">
        <ele>0.12</ele>
      </trkpt>
      <trkpt lat="51.91269644536078" lon="4.642345905303955">
        <ele>0.07</ele>
      </trkpt>
      <trkpt lat="51.912546241655946" lon="4.642431735992432">
        <ele>0.01</ele>
      </trkpt>
      <trkpt lat="51.9124174118042" lon="4.642539024353027">
        <ele>-0.02</ele>
      </trkpt>
      <trkpt lat="51.91235303878784" lon="4.6425604820251465">
        <ele>-0.07</ele>
      </trkpt>
      <trkpt lat="51.912267208099365" lon="4.642431735992432">
        <ele>-0.11</ele>
      </trkpt>
      <trkpt lat="51.91220291890204" lon="4.6424102783203125">
        <ele>-0.15</ele>
      </trkpt>
      <trkpt lat="51.91200979985297" lon="4.642302989959717">
        <ele>-0.18</ele>
      </trkpt>
      <trkpt lat="51.91196688450873" lon="4.642324447631836">
        <ele>-0.22</ele>
      </trkpt>
      <trkpt lat="51.91192396916449" lon="4.642345905303955">
        <ele>-0.24</ele>
      </trkpt>
      <trkpt lat="51.911816680803895" lon="4.642367362976074">
        <ele>-0.27</ele>
      </trkpt>
      <trkpt lat="51.911795223131776" lon="4.6424102783203125">
        <ele>-0.3</ele>
      </trkpt>
      <trkpt lat="51.91162356175482" lon="4.642431735992432">
        <ele>-0.32</ele>
      </trkpt>
      <trkpt lat="51.91162347793579" lon="4.642431735992432">
        <ele>-0.34</ele>
      </trkpt>
      <trkpt lat="51.91162356175482" lon="4.642581939697266">
        <ele>-0.36</ele>
      </trkpt>
      <trkpt lat="51.91162347793579" lon="4.642581939697266">
        <ele>-0.38</ele>
      </trkpt>
      <trkpt lat="51.91162347793579" lon="4.642753601074219">
        <ele>-0.4</ele>
      </trkpt>
      <trkpt lat="51.91162347793579" lon="4.643075466156006">
        <ele>-0.4</ele>
      </trkpt>
      <trkpt lat="51.91166639328003" lon="4.643204212188721">
        <ele>-0.43</ele>
      </trkpt>
      <trkpt lat="51.9117093924433" lon="4.64322566986084">
        <ele>-0.45</ele>
      </trkpt>
      <trkpt lat="51.91177376545966" lon="4.643290042877197">
        <ele>-0.49</ele>
      </trkpt>
      <trkpt lat="51.911838138476014" lon="4.643418788909912">
        <ele>-0.5</ele>
      </trkpt>
      <trkpt lat="51.91190242767334" lon="4.643611907958984">
        <ele>-0.49</ele>
      </trkpt>
      <trkpt lat="51.912031257525086" lon="4.643847942352295">
        <ele>-0.45</ele>
      </trkpt>
      <trkpt lat="51.91218137741089" lon="4.643955230712891">
        <ele>-0.44</ele>
      </trkpt>
      <trkpt lat="51.912288665771484" lon="4.644126892089844">
        <ele>-0.47</ele>
      </trkpt>
      <trkpt lat="51.912363935261965" lon="4.644352700561285">
        <ele>-0.5</ele>
      </trkpt>
      <trkpt lat="51.91243895329535" lon="4.644577503204346">
        <ele>-0.54</ele>
      </trkpt>
      <trkpt lat="51.91253928467631" lon="4.644907247275114">
        <ele>-0.66</ele>
      </trkpt>
      <trkpt lat="51.91263969987631" lon="4.645237075164914">
        <ele>-0.81</ele>
      </trkpt>
      <trkpt lat="51.91273936070502" lon="4.645564556121826">
        <ele>-0.92</ele>
      </trkpt>
      <trkpt lat="51.912739276885986" lon="4.645564556121826">
        <ele>-0.99</ele>
      </trkpt>
      <trkpt lat="51.91286835819483" lon="4.645973173901439">
        <ele>-1.13</ele>
      </trkpt>
      <trkpt lat="51.91299743950367" lon="4.646381875500083">
        <ele>-1.24</ele>
      </trkpt>
      <trkpt lat="51.91312559880316" lon="4.646787643432617">
        <ele>-1.33</ele>
      </trkpt>
      <trkpt lat="51.91312551498413" lon="4.646787643432617">
        <ele>-1.4</ele>
      </trkpt>
      <trkpt lat="51.913247387856245" lon="4.647181928157806">
        <ele>-1.48</ele>
      </trkpt>
      <trkpt lat="51.91336926072836" lon="4.647576296702027">
        <ele>-1.52</ele>
      </trkpt>
      <trkpt lat="51.913491217419505" lon="4.6479705814272165">
        <ele>-1.54</ele>
      </trkpt>
      <trkpt lat="51.91361309029162" lon="4.6483649499714375">
        <ele>-1.55</ele>
      </trkpt>
      <trkpt lat="51.91373496316373" lon="4.648759234696627">
        <ele>-1.62</ele>
      </trkpt>
      <trkpt lat="51.91385515965521" lon="4.649147987365723">
        <ele>-1.67</ele>
      </trkpt>
      <trkpt lat="51.91396697424352" lon="4.649513605982065">
        <ele>-1.71</ele>
      </trkpt>
      <trkpt lat="51.91407878883183" lon="4.649879224598408">
        <ele>-1.74</ele>
      </trkpt>
      <trkpt lat="51.91419060342014" lon="4.650244927033782">
        <ele>-1.76</ele>
      </trkpt>
      <trkpt lat="51.91430241800845" lon="4.6506105456501245">
        <ele>-1.77</ele>
      </trkpt>
      <trkpt lat="51.91441297531128" lon="4.65097188949585">
        <ele>-1.77</ele>
      </trkpt>
      <trkpt lat="51.91450978629291" lon="4.651412861421704">
        <ele>-1.81</ele>
      </trkpt>
      <trkpt lat="51.91460609436035" lon="4.651851654052734">
        <ele>-1.82</ele>
      </trkpt>
      <trkpt lat="51.91465630196035" lon="4.652203023433685">
        <ele>-1.86</ele>
      </trkpt>
      <trkpt lat="51.91470650956035" lon="4.652554476633668">
        <ele>-1.89</ele>
      </trkpt>
      <trkpt lat="51.914756298065186" lon="4.652903079986572">
        <ele>-1.92</ele>
      </trkpt>
      <trkpt lat="51.914777755737305" lon="4.653369281440973">
        <ele>-1.93</ele>
      </trkpt>
      <trkpt lat="51.914799297228456" lon="4.653835566714406">
        <ele>-1.95</ele>
      </trkpt>
      <trkpt lat="51.914820838719606" lon="4.654301851987839">
        <ele>-1.97</ele>
      </trkpt>
      <trkpt lat="51.91484238021076" lon="4.6547681372612715">
        <ele>-1.99</ele>
      </trkpt>
      <trkpt lat="51.91486392170191" lon="4.6552343387156725">
        <ele>-2.02</ele>
      </trkpt>
      <trkpt lat="51.91488512791693" lon="4.6556925773620605">
        <ele>-2.04</ele>
      </trkpt>
      <trkpt lat="51.91490658558905" lon="4.656079905107617">
        <ele>-2.06</ele>
      </trkpt>
      <trkpt lat="51.9149281270802" lon="4.656467232853174">
        <ele>-2.1</ele>
      </trkpt>
      <trkpt lat="51.91494966857135" lon="4.656854644417763">
        <ele>-2.13</ele>
      </trkpt>
      <trkpt lat="51.91497095860541" lon="4.657237529754639">
        <ele>-2.17</ele>
      </trkpt>
      <trkpt lat="51.91499241627753" lon="4.657657127827406">
        <ele>-2.21</ele>
      </trkpt>
      <trkpt lat="51.91501387394965" lon="4.658074378967285">
        <ele>-2.23</ele>
      </trkpt>
      <trkpt lat="51.91505251452327" lon="4.658521972596645">
        <ele>-2.24</ele>
      </trkpt>
      <trkpt lat="51.91509123891592" lon="4.6589695662260056">
        <ele>-2.26</ele>
      </trkpt>
      <trkpt lat="51.91512996330857" lon="4.659417159855366">
        <ele>-2.28</ele>
      </trkpt>
      <trkpt lat="51.915168687701225" lon="4.659864753484726">
        <ele>-2.31</ele>
      </trkpt>
      <trkpt lat="51.91520690917969" lon="4.660305976867676">
        <ele>-2.35</ele>
      </trkpt>
      <trkpt lat="51.91516407765448" lon="4.660606384277344">
        <ele>-2.37</ele>
      </trkpt>
      <trkpt lat="51.91516399383545" lon="4.660606384277344">
        <ele>-2.38</ele>
      </trkpt>
      <trkpt lat="51.91512116231024" lon="4.660842418670654">
        <ele>-2.39</ele>
      </trkpt>
      <trkpt lat="51.91505670547485" lon="4.661056995391846">
        <ele>-2.4</ele>
      </trkpt>
      <trkpt lat="51.915056789293885" lon="4.6613359451293945">
        <ele>-2.41</ele>
      </trkpt>
      <trkpt lat="51.91507816314697" lon="4.661529064178467">
        <ele>-2.4</ele>
      </trkpt>
      <trkpt lat="51.91514253616333" lon="4.661743640899658">
        <ele>-2.38</ele>
      </trkpt>
      <trkpt lat="51.915335739031434" lon="4.662044048309326">
        <ele>-2.38</ele>
      </trkpt>
      <trkpt lat="51.915528774261475" lon="4.662301540374756">
        <ele>-2.38</ele>
      </trkpt>
      <trkpt lat="51.915593231096864" lon="4.662537574768066">
        <ele>-2.35</ele>
      </trkpt>
      <trkpt lat="51.91566489636898" lon="4.662917610257864">
        <ele>-2.35</ele>
      </trkpt>
      <trkpt lat="51.9157365616411" lon="4.663297729566693">
        <ele>-2.37</ele>
      </trkpt>
      <trkpt lat="51.91580772399902" lon="4.663674831390381">
        <ele>-2.38</ele>
      </trkpt>
      <trkpt lat="51.915904534980655" lon="4.664126615971327">
        <ele>-2.38</ele>
      </trkpt>
      <trkpt lat="51.91600092686713" lon="4.664576053619385">
        <ele>-2.37</ele>
      </trkpt>
      <trkpt lat="51.916094133630395" lon="4.664884340018034">
        <ele>-2.37</ele>
      </trkpt>
      <trkpt lat="51.91618734039366" lon="4.665192626416683">
        <ele>-2.38</ele>
      </trkpt>
      <trkpt lat="51.916279876604676" lon="4.665498733520508">
        <ele>-2.39</ele>
      </trkpt>
      <trkpt lat="51.916414238512516" lon="4.665858903899789">
        <ele>-2.38</ele>
      </trkpt>
      <trkpt lat="51.91654868423939" lon="4.666219158098102">
        <ele>-2.36</ele>
      </trkpt>
      <trkpt lat="51.91668304614723" lon="4.666579328477383">
        <ele>-2.33</ele>
      </trkpt>
      <trkpt lat="51.916816318407655" lon="4.66693639755249">
        <ele>-2.3</ele>
      </trkpt>
      <trkpt lat="51.91698797978461" lon="4.667344093322754">
        <ele>-2.28</ele>
      </trkpt>
      <trkpt lat="51.916987895965576" lon="4.667344093322754">
        <ele>-2.26</ele>
      </trkpt>
      <trkpt lat="51.91713818348944" lon="4.667773246765137">
        <ele>-2.21</ele>
      </trkpt>
      <trkpt lat="51.91713809967041" lon="4.667773246765137">
        <ele>-2.19</ele>
      </trkpt>
      <trkpt lat="51.91729249432683" lon="4.668170046061277">
        <ele>-2.13</ele>
      </trkpt>
      <trkpt lat="51.91744697280228" lon="4.668566845357418">
        <ele>-2.14</ele>
      </trkpt>
      <trkpt lat="51.91760145127773" lon="4.6689637284725904">
        <ele>-2.18</ele>
      </trkpt>
      <trkpt lat="51.91775584593415" lon="4.669360611587763">
        <ele>-2.16</ele>
      </trkpt>
      <trkpt lat="51.917910324409604" lon="4.6697574108839035">
        <ele>-2.13</ele>
      </trkpt>
      <trkpt lat="51.918064802885056" lon="4.670154293999076">
        <ele>-2.12</ele>
      </trkpt>
      <trkpt lat="51.91821928136051" lon="4.670551093295217">
        <ele>-2.1</ele>
      </trkpt>
      <trkpt lat="51.91837367601693" lon="4.670947976410389">
        <ele>-2.0</ele>
      </trkpt>
      <trkpt lat="51.91852815449238" lon="4.67134477570653">
        <ele>-1.95</ele>
      </trkpt>
      <trkpt lat="51.91868263296783" lon="4.671741658821702">
        <ele>-1.92</ele>
      </trkpt>
      <trkpt lat="51.918833339586854" lon="4.672129154205322">
        <ele>-1.87</ele>
      </trkpt>
      <trkpt lat="51.91898379474878" lon="4.67252335511148">
        <ele>-1.84</ele>
      </trkpt>
      <trkpt lat="51.919134333729744" lon="4.672917639836669">
        <ele>-1.8</ele>
      </trkpt>
      <trkpt lat="51.919284872710705" lon="4.6733118407428265">
        <ele>-1.76</ele>
      </trkpt>
      <trkpt lat="51.919435411691666" lon="4.673706125468016">
        <ele>-1.71</ele>
      </trkpt>
      <trkpt lat="51.91958595067263" lon="4.674100410193205">
        <ele>-1.67</ele>
      </trkpt>
      <trkpt lat="51.91973456181586" lon="4.674489498138428">
        <ele>-1.59</ele>
      </trkpt>
      <trkpt lat="51.91987428814173" lon="4.674855032935739">
        <ele>-1.55</ele>
      </trkpt>
      <trkpt lat="51.92001351155341" lon="4.6752190589904785">
        <ele>-1.5</ele>
      </trkpt>
      <trkpt lat="51.92017477937043" lon="4.675632957369089">
        <ele>-1.42</ele>
      </trkpt>
      <trkpt lat="51.92033604718745" lon="4.6760469395667315">
        <ele>-1.39</ele>
      </trkpt>
      <trkpt lat="51.92049731500447" lon="4.676460921764374">
        <ele>-1.38</ele>
      </trkpt>
      <trkpt lat="51.92065724171698" lon="4.676871299743652">
        <ele>-1.35</ele>
      </trkpt>
      <trkpt lat="51.92081633023918" lon="4.6772884670645">
        <ele>-1.29</ele>
      </trkpt>
      <trkpt lat="51.920975502580404" lon="4.677705634385347">
        <ele>-1.26</ele>
      </trkpt>
      <trkpt lat="51.9211345911026" lon="4.678122801706195">
        <ele>-1.22</ele>
      </trkpt>
      <trkpt lat="51.92129376344383" lon="4.678540052846074">
        <ele>-1.2</ele>
      </trkpt>
      <trkpt lat="51.92145117558539" lon="4.678952693939209">
        <ele>-1.17</ele>
      </trkpt>
      <trkpt lat="51.92145109176636" lon="4.678952693939209">
        <ele>-1.14</ele>
      </trkpt>
      <trkpt lat="51.92160163074732" lon="4.679343290627003">
        <ele>-1.11</ele>
      </trkpt>
      <trkpt lat="51.92175216972828" lon="4.679733971133828">
        <ele>-1.11</ele>
      </trkpt>
      <trkpt lat="51.92190270870924" lon="4.680124651640654">
        <ele>-1.08</ele>
      </trkpt>
      <trkpt lat="51.9220532476902" lon="4.680515332147479">
        <ele>-1.05</ele>
      </trkpt>
      <trkpt lat="51.92220378667116" lon="4.6809060126543045">
        <ele>-1.0</ele>
      </trkpt>
      <trkpt lat="51.92235239781439" lon="4.681291580200195">
        <ele>-0.99</ele>
      </trkpt>
      <trkpt lat="51.92248114384711" lon="4.681699275970459">
        <ele>-0.94</ele>
      </trkpt>
      <trkpt lat="51.9225456006825" lon="4.6819358970969915">
        <ele>-0.89</ele>
      </trkpt>
      <trkpt lat="51.92260988987982" lon="4.68217134475708">
        <ele>-0.85</ele>
      </trkpt>
      <trkpt lat="51.9226957205683" lon="4.682579040527344">
        <ele>-0.81</ele>
      </trkpt>
      <trkpt lat="51.9227459281683" lon="4.68294482678175">
        <ele>-0.76</ele>
      </trkpt>
      <trkpt lat="51.922796135768294" lon="4.683310613036156">
        <ele>-0.72</ele>
      </trkpt>
      <trkpt lat="51.92284592427313" lon="4.68367338180542">
        <ele>-0.69</ele>
      </trkpt>
      <trkpt lat="51.92285665310919" lon="4.683942357078195">
        <ele>-0.69</ele>
      </trkpt>
      <trkpt lat="51.92286738194525" lon="4.684209823608398">
        <ele>-0.65</ele>
      </trkpt>
      <trkpt lat="51.92286738194525" lon="4.684467315673828">
        <ele>-0.61</ele>
      </trkpt>
      <trkpt lat="51.92286729812622" lon="4.684790102764964">
        <ele>-0.57</ele>
      </trkpt>
      <trkpt lat="51.92286729812622" lon="4.685111045837402">
        <ele>-0.53</ele>
      </trkpt>
      <trkpt lat="51.92269563674927" lon="4.685389995574951">
        <ele>-0.47</ele>
      </trkpt>
      <trkpt lat="51.92260980606079" lon="4.685626029968262">
        <ele>-0.43</ele>
      </trkpt>
      <trkpt lat="51.92258834838867" lon="4.685969352722168">
        <ele>-0.35</ele>
      </trkpt>
      <trkpt lat="51.92260980606079" lon="4.68616247177124">
        <ele>-0.33</ele>
      </trkpt>
      <trkpt lat="51.92267417907715" lon="4.68641996383667">
        <ele>-0.33</ele>
      </trkpt>
      <trkpt lat="51.92267426289618" lon="4.686591625213623">
        <ele>-0.3</ele>
      </trkpt>
      <trkpt lat="51.92265280522406" lon="4.6868062019348145">
        <ele>-0.27</ele>
      </trkpt>
      <trkpt lat="51.92267426289618" lon="4.687256813049316">
        <ele>-0.24</ele>
      </trkpt>
      <trkpt lat="51.92276026122272" lon="4.687504079192877">
        <ele>-0.21</ele>
      </trkpt>
      <trkpt lat="51.92284592427313" lon="4.687750339508057">
        <ele>-0.18</ele>
      </trkpt>
      <trkpt lat="51.922860173508525" lon="4.688159208744764">
        <ele>-0.16</ele>
      </trkpt>
      <trkpt lat="51.92287450656295" lon="4.688568077981472">
        <ele>-0.16</ele>
      </trkpt>
      <trkpt lat="51.92288875579834" lon="4.688973426818848">
        <ele>-0.17</ele>
      </trkpt>
      <trkpt lat="51.92291021347046" lon="4.689274672418833">
        <ele>-0.1</ele>
      </trkpt>
      <trkpt lat="51.92293167114258" lon="4.689574241638184">
        <ele>-0.07</ele>
      </trkpt>
      <trkpt lat="51.92293175496161" lon="4.689574241638184">
        <ele>-0.04</ele>
      </trkpt>
      <trkpt lat="51.92300342023373" lon="4.690018901601434">
        <ele>0.01</ele>
      </trkpt>
      <trkpt lat="51.92307508550584" lon="4.690463561564684">
        <ele>0.06</ele>
      </trkpt>
      <trkpt lat="51.92314624786377" lon="4.69090461730957">
        <ele>0.07</ele>
      </trkpt>
      <trkpt lat="51.9231463316828" lon="4.69090461730957">
        <ele>0.1</ele>
      </trkpt>
      <trkpt lat="51.92323233000934" lon="4.691342068836093">
        <ele>0.11</ele>
      </trkpt>
      <trkpt lat="51.92331841215491" lon="4.691779520362616">
        <ele>0.15</ele>
      </trkpt>
      <trkpt lat="51.92340382374823" lon="4.692213535308838">
        <ele>0.22</ele>
      </trkpt>
      <trkpt lat="51.92348445765674" lon="4.692606143653393">
        <ele>0.27</ele>
      </trkpt>
      <trkpt lat="51.92356509156525" lon="4.692998751997948">
        <ele>0.29</ele>
      </trkpt>
      <trkpt lat="51.92364572547376" lon="4.693391444161534">
        <ele>0.32</ele>
      </trkpt>
      <trkpt lat="51.923725605010986" lon="4.693779945373535">
        <ele>0.33</ele>
      </trkpt>
      <trkpt lat="51.92372568883002" lon="4.693779945373535">
        <ele>0.36</ele>
      </trkpt>
      <trkpt lat="51.92381168715656" lon="4.694159980863333">
        <ele>0.37</ele>
      </trkpt>
      <trkpt lat="51.9238976854831" lon="4.69454001635313">
        <ele>0.39</ele>
      </trkpt>
      <trkpt lat="51.923983097076416" lon="4.69491720199585">
        <ele>0.4</ele>
      </trkpt>
      <trkpt lat="51.92398318089545" lon="4.69491720199585">
        <ele>0.42</ele>
      </trkpt>
      <trkpt lat="51.92406197078526" lon="4.695304445922375">
        <ele>0.45</ele>
      </trkpt>
      <trkpt lat="51.924140844494104" lon="4.6956916898489">
        <ele>0.48</ele>
      </trkpt>
      <trkpt lat="51.92421913146973" lon="4.696075916290283">
        <ele>0.5</ele>
      </trkpt>
      <trkpt lat="51.92421921528876" lon="4.696075916290283">
        <ele>0.52</ele>
      </trkpt>
      <trkpt lat="51.92431057803333" lon="4.696511523798108">
        <ele>0.56</ele>
      </trkpt>
      <trkpt lat="51.92440202459693" lon="4.696947215124965">
        <ele>0.55</ele>
      </trkpt>
      <trkpt lat="51.92449347116053" lon="4.697382906451821">
        <ele>0.51</ele>
      </trkpt>
      <trkpt lat="51.924583995714784" lon="4.697813987731934">
        <ele>0.55</ele>
      </trkpt>
      <trkpt lat="51.92467720247805" lon="4.698262168094516">
        <ele>0.57</ele>
      </trkpt>
      <trkpt lat="51.92477040924132" lon="4.698710348457098">
        <ele>0.58</ele>
      </trkpt>
      <trkpt lat="51.924863616004586" lon="4.699158612638712">
        <ele>0.61</ele>
      </trkpt>
      <trkpt lat="51.924956822767854" lon="4.699606793001294">
        <ele>0.6</ele>
      </trkpt>
      <trkpt lat="51.92505002953112" lon="4.700055057182908">
        <ele>0.61</ele>
      </trkpt>
      <trkpt lat="51.92514181137085" lon="4.700496196746826">
        <ele>0.59</ele>
      </trkpt>
      <trkpt lat="51.92514189518988" lon="4.700496196746826">
        <ele>0.59</ele>
      </trkpt>
      <trkpt lat="51.925240801647305" lon="4.700969438999891">
        <ele>0.62</ele>
      </trkpt>
      <trkpt lat="51.92533979192376" lon="4.701442765071988">
        <ele>0.64</ele>
      </trkpt>
      <trkpt lat="51.92543878220022" lon="4.701916091144085">
        <ele>0.59</ele>
      </trkpt>
      <trkpt lat="51.92553768865764" lon="4.702389417216182">
        <ele>0.57</ele>
      </trkpt>
      <trkpt lat="51.9256366789341" lon="4.702862743288279">
        <ele>0.52</ele>
      </trkpt>
      <trkpt lat="51.92573566921055" lon="4.703335985541344">
        <ele>0.52</ele>
      </trkpt>
      <trkpt lat="51.92583465948701" lon="4.7038093116134405">
        <ele>0.51</ele>
      </trkpt>
      <trkpt lat="51.92593356594443" lon="4.704282637685537">
        <ele>0.5</ele>
      </trkpt>
      <trkpt lat="51.92603255622089" lon="4.704755963757634">
        <ele>0.53</ele>
      </trkpt>
      <trkpt lat="51.92612886428833" lon="4.705216884613037">
        <ele>0.54</ele>
      </trkpt>
      <trkpt lat="51.92612894810736" lon="4.705216884613037">
        <ele>0.52</ele>
      </trkpt>
      <trkpt lat="51.9262149464339" lon="4.7056435234844685">
        <ele>0.49</ele>
      </trkpt>
      <trkpt lat="51.92630102857947" lon="4.7060702461749315">
        <ele>0.41</ele>
      </trkpt>
      <trkpt lat="51.92638702690601" lon="4.706496968865395">
        <ele>0.39</ele>
      </trkpt>
      <trkpt lat="51.926473109051585" lon="4.706923691555858">
        <ele>0.37</ele>
      </trkpt>
      <trkpt lat="51.92655919119716" lon="4.707350414246321">
        <ele>0.35</ele>
      </trkpt>
      <trkpt lat="51.92664384841919" lon="4.707770347595215">
        <ele>0.33</ele>
      </trkpt>
      <trkpt lat="51.92664393223822" lon="4.707770347595215">
        <ele>0.29</ele>
      </trkpt>
      <trkpt lat="51.9267192017287" lon="4.708136050030589">
        <ele>0.26</ele>
      </trkpt>
      <trkpt lat="51.92679447121918" lon="4.708501836284995">
        <ele>0.21</ele>
      </trkpt>
      <trkpt lat="51.92686974070966" lon="4.708867538720369">
        <ele>0.14</ele>
      </trkpt>
      <trkpt lat="51.92694425582886" lon="4.709229469299316">
        <ele>0.09</ele>
      </trkpt>
      <trkpt lat="51.92694433964789" lon="4.709229469299316">
        <ele>0.04</ele>
      </trkpt>
      <trkpt lat="51.9270334392786" lon="4.7096689324826">
        <ele>0.01</ele>
      </trkpt>
      <trkpt lat="51.927122538909316" lon="4.710108479484916">
        <ele>-0.01</ele>
      </trkpt>
      <trkpt lat="51.92721163854003" lon="4.7105479426681995">
        <ele>-0.05</ele>
      </trkpt>
      <trkpt lat="51.927300821989775" lon="4.710987489670515">
        <ele>-0.1</ele>
      </trkpt>
      <trkpt lat="51.92738992162049" lon="4.711427036672831">
        <ele>-0.21</ele>
      </trkpt>
      <trkpt lat="51.9274790212512" lon="4.711866499856114">
        <ele>-0.31</ele>
      </trkpt>
      <trkpt lat="51.92756652832031" lon="4.7122979164123535">
        <ele>-0.44</ele>
      </trkpt>
      <trkpt lat="51.92764540202916" lon="4.712620535865426">
        <ele>-0.51</ele>
      </trkpt>
      <trkpt lat="51.927724275738" lon="4.71294323913753">
        <ele>-0.6</ele>
      </trkpt>
      <trkpt lat="51.927802646532655" lon="4.713263511657715">
        <ele>-0.65</ele>
      </trkpt>
      <trkpt lat="51.92786701954901" lon="4.7135210037231445">
        <ele>-0.69</ele>
      </trkpt>
      <trkpt lat="51.92795301787555" lon="4.713946972042322">
        <ele>-0.76</ele>
      </trkpt>
      <trkpt lat="51.928039100021124" lon="4.7143729403615">
        <ele>-0.88</ele>
      </trkpt>
      <trkpt lat="51.928125098347664" lon="4.714798908680677">
        <ele>-0.95</ele>
      </trkpt>
      <trkpt lat="51.928211180493236" lon="4.715224960818887">
        <ele>-1.0</ele>
      </trkpt>
      <trkpt lat="51.92829608917236" lon="4.7156453132629395">
        <ele>-1.02</ele>
      </trkpt>
      <trkpt lat="51.92833908833563" lon="4.716095924377441">
        <ele>-1.07</ele>
      </trkpt>
      <trkpt lat="51.92828519269824" lon="4.7164401691406965">
        <ele>-1.12</ele>
      </trkpt>
      <trkpt lat="51.928231716156006" lon="4.716782569885254">
        <ele>-1.16</ele>
      </trkpt>
      <trkpt lat="51.92821025848389" lon="4.716954231262207">
        <ele>-1.21</ele>
      </trkpt>
      <trkpt lat="51.92825325764716" lon="4.717168807983398">
        <ele>-1.25</ele>
      </trkpt>
      <trkpt lat="51.928274715319276" lon="4.717319011688232">
        <ele>-1.28</ele>
      </trkpt>
      <trkpt lat="51.92836046218872" lon="4.717597961425781">
        <ele>-1.31</ele>
      </trkpt>
      <trkpt lat="51.92836054600775" lon="4.717597961425781">
        <ele>-1.34</ele>
      </trkpt>
      <trkpt lat="51.92852164618671" lon="4.717812789604068">
        <ele>-1.37</ele>
      </trkpt>
      <trkpt lat="51.92868232727051" lon="4.718027114868164">
        <ele>-1.41</ele>
      </trkpt>
      <trkpt lat="51.928768157958984" lon="4.7182416915893555">
        <ele>-1.44</ele>
      </trkpt>
      <trkpt lat="51.92885398864746" lon="4.718670845031738">
        <ele>-1.46</ele>
      </trkpt>
      <trkpt lat="51.92885407246649" lon="4.718670845031738">
        <ele>-1.46</ele>
      </trkpt>
      <trkpt lat="51.92894007079303" lon="4.719161354005337">
        <ele>-1.45</ele>
      </trkpt>
      <trkpt lat="51.929026152938604" lon="4.719651946797967">
        <ele>-1.42</ele>
      </trkpt>
      <trkpt lat="51.929112151265144" lon="4.720142455771565">
        <ele>-1.42</ele>
      </trkpt>
      <trkpt lat="51.929198233410716" lon="4.720633048564196">
        <ele>-1.4</ele>
      </trkpt>
      <trkpt lat="51.929283142089844" lon="4.72111701965332">
        <ele>-1.37</ele>
      </trkpt>
      <trkpt lat="51.929358411580324" lon="4.721611887216568">
        <ele>-1.35</ele>
      </trkpt>
      <trkpt lat="51.929433764889836" lon="4.722106754779816">
        <ele>-1.35</ele>
      </trkpt>
      <trkpt lat="51.92950903438032" lon="4.722601622343063">
        <ele>-1.32</ele>
      </trkpt>
      <trkpt lat="51.92958354949951" lon="4.723091125488281">
        <ele>-1.28</ele>
      </trkpt>
      <trkpt lat="51.929651610553265" lon="4.723575264215469">
        <ele>-1.26</ele>
      </trkpt>
      <trkpt lat="51.92971975542605" lon="4.7240594029426575">
        <ele>-1.23</ele>
      </trkpt>
      <trkpt lat="51.929787900298834" lon="4.724543541669846">
        <ele>-1.19</ele>
      </trkpt>
      <trkpt lat="51.92985604517162" lon="4.725027680397034">
        <ele>-1.15</ele>
      </trkpt>
      <trkpt lat="51.9299241900444" lon="4.725511819124222">
        <ele>-1.08</ele>
      </trkpt>
      <trkpt lat="51.929991245269775" lon="4.725987911224365">
        <ele>-1.04</ele>
      </trkpt>
      <trkpt lat="51.93004857748747" lon="4.726486383005977">
        <ele>-1.0</ele>
      </trkpt>
      <trkpt lat="51.930105993524194" lon="4.726984854787588">
        <ele>-1.02</ele>
      </trkpt>
      <trkpt lat="51.93016340956092" lon="4.727483410388231">
        <ele>-0.97</ele>
      </trkpt>
      <trkpt lat="51.930220825597644" lon="4.727981882169843">
        <ele>-0.92</ele>
      </trkpt>
      <trkpt lat="51.93027824163437" lon="4.728480437770486">
        <ele>-0.86</ele>
      </trkpt>
      <trkpt lat="51.93033465184271" lon="4.728970527648926">
        <ele>-0.83</ele>
      </trkpt>
      <trkpt lat="51.93037765100598" lon="4.729304043576121">
        <ele>-0.83</ele>
      </trkpt>
      <trkpt lat="51.93042048253119" lon="4.729635715484619">
        <ele>-0.8</ele>
      </trkpt>
      <trkpt lat="51.93045266903937" lon="4.730044500902295">
        <ele>-0.79</ele>
      </trkpt>
      <trkpt lat="51.930484771728516" lon="4.7304511070251465">
        <ele>-0.72</ele>
      </trkpt>
      <trkpt lat="51.93047043867409" lon="4.73086710087955">
        <ele>-0.66</ele>
      </trkpt>
      <trkpt lat="51.93045610561967" lon="4.731283178552985">
        <ele>-0.67</ele>
      </trkpt>
      <trkpt lat="51.93044194020331" lon="4.731695652008057">
        <ele>-0.67</ele>
      </trkpt>
      <trkpt lat="51.9304059818387" lon="4.732039896771312">
        <ele>-0.69</ele>
      </trkpt>
      <trkpt lat="51.93037010729313" lon="4.732384225353599">
        <ele>-0.64</ele>
      </trkpt>
      <trkpt lat="51.93033456802368" lon="4.732725620269775">
        <ele>-0.62</ele>
      </trkpt>
      <trkpt lat="51.93025569431484" lon="4.733076989650726">
        <ele>-0.63</ele>
      </trkpt>
      <trkpt lat="51.93017682060599" lon="4.733428359031677">
        <ele>-0.6</ele>
      </trkpt>
      <trkpt lat="51.9300986174494" lon="4.733777046203613">
        <ele>-0.56</ele>
      </trkpt>
      <trkpt lat="51.92998026497662" lon="4.7341318521648645">
        <ele>-0.51</ele>
      </trkpt>
      <trkpt lat="51.92986249923706" lon="4.734485149383545">
        <ele>-0.52</ele>
      </trkpt>
      <trkpt lat="51.92970332689583" lon="4.734915224835277">
        <ele>-0.51</ele>
      </trkpt>
      <trkpt lat="51.92954423837364" lon="4.73534538410604">
        <ele>-0.46</ele>
      </trkpt>
      <trkpt lat="51.92938506603241" lon="4.735775459557772">
        <ele>-0.41</ele>
      </trkpt>
      <trkpt lat="51.929225977510214" lon="4.736205618828535">
        <ele>-0.39</ele>
      </trkpt>
      <trkpt lat="51.929068649187684" lon="4.736630916595459">
        <ele>-0.37</ele>
      </trkpt>
      <trkpt lat="51.9289159309119" lon="4.737041629850864">
        <ele>-0.29</ele>
      </trkpt>
      <trkpt lat="51.92876321263611" lon="4.7374524269253016">
        <ele>-0.18</ele>
      </trkpt>
      <trkpt lat="51.92861057817936" lon="4.737863223999739">
        <ele>-0.15</ele>
      </trkpt>
      <trkpt lat="51.928457859903574" lon="4.738273937255144">
        <ele>-0.13</ele>
      </trkpt>
      <trkpt lat="51.92830514162779" lon="4.738684734329581">
        <ele>-0.09</ele>
      </trkpt>
      <trkpt lat="51.928152507171035" lon="4.739095531404018">
        <ele>-0.02</ele>
      </trkpt>
      <trkpt lat="51.92799978889525" lon="4.739506244659424">
        <ele>0.07</ele>
      </trkpt>
      <trkpt lat="51.927847154438496" lon="4.739917041733861">
        <ele>0.14</ele>
      </trkpt>
      <trkpt lat="51.92769443616271" lon="4.740327838808298">
        <ele>0.22</ele>
      </trkpt>
      <trkpt lat="51.927545154467225" lon="4.740729331970215">
        <ele>0.3</ele>
      </trkpt>
      <trkpt lat="51.927430322393775" lon="4.741130825132132">
        <ele>0.36</ele>
      </trkpt>
      <trkpt lat="51.92731557413936" lon="4.741532318294048">
        <ele>0.41</ele>
      </trkpt>
      <trkpt lat="51.92720174789429" lon="4.741930961608887">
        <ele>0.48</ele>
      </trkpt>
      <trkpt lat="51.92712999880314" lon="4.7423468716442585">
        <ele>0.56</ele>
      </trkpt>
      <trkpt lat="51.92705833353102" lon="4.742762865498662">
        <ele>0.67</ele>
      </trkpt>
      <trkpt lat="51.92698725499213" lon="4.743175506591797">
        <ele>0.77</ele>
      </trkpt>
      <trkpt lat="51.92696579732001" lon="4.743475914001465">
        <ele>0.85</ele>
      </trkpt>
      <trkpt lat="51.92695858888328" lon="4.7439277824014425">
        <ele>0.93</ele>
      </trkpt>
      <trkpt lat="51.92695138044655" lon="4.744379734620452">
        <ele>1.02</ele>
      </trkpt>
      <trkpt lat="51.92694425582886" lon="4.744827747344971">
        <ele>1.1</ele>
      </trkpt>
      <trkpt lat="51.92694433964789" lon="4.7452569007873535">
        <ele>1.19</ele>
      </trkpt>
      <trkpt lat="51.92692279815674" lon="4.745738944038749">
        <ele>1.29</ele>
      </trkpt>
      <trkpt lat="51.92690125666559" lon="4.746220987290144">
        <ele>1.39</ele>
      </trkpt>
      <trkpt lat="51.92687971517444" lon="4.746703030541539">
        <ele>1.5</ele>
      </trkpt>
      <trkpt lat="51.92685825750232" lon="4.747185073792934">
        <ele>1.57</ele>
      </trkpt>
      <trkpt lat="51.92683705128729" lon="4.747660160064697">
        <ele>1.58</ele>
      </trkpt>
      <trkpt lat="51.92683705128729" lon="4.747961405664682">
        <ele>1.54</ele>
      </trkpt>
      <trkpt lat="51.92683705128729" lon="4.748260974884033">
        <ele>1.51</ele>
      </trkpt>
      <trkpt lat="51.926829842850566" lon="4.74864830262959">
        <ele>1.5</ele>
      </trkpt>
      <trkpt lat="51.92682263441384" lon="4.749035630375147">
        <ele>1.48</ele>
      </trkpt>
      <trkpt lat="51.926815593615174" lon="4.749419689178467">
        <ele>1.46</ele>
      </trkpt>
      <trkpt lat="51.926815593615174" lon="4.749548435211182">
        <ele>1.43</ele>
      </trkpt>
      <trkpt lat="51.92679405212402" lon="4.750000303611159">
        <ele>1.35</ele>
      </trkpt>
      <trkpt lat="51.92677251063287" lon="4.750452255830169">
        <ele>1.23</ele>
      </trkpt>
      <trkpt lat="51.92675122059882" lon="4.7509002685546875">
        <ele>1.1</ele>
      </trkpt>
      <trkpt lat="51.926740407943726" lon="4.751255325973034">
        <ele>1.01</ele>
      </trkpt>
      <trkpt lat="51.9267297629267" lon="4.751608371734619">
        <ele>0.89</ele>
      </trkpt>
      <trkpt lat="51.926729679107666" lon="4.751877347007394">
        <ele>0.79</ele>
      </trkpt>
      <trkpt lat="51.926729679107666" lon="4.752144813537598">
        <ele>0.71</ele>
      </trkpt>
      <trkpt lat="51.9267297629267" lon="4.752144813537598">
        <ele>0.63</ele>
      </trkpt>
      <trkpt lat="51.9267297629267" lon="4.7525751404464245">
        <ele>0.54</ele>
      </trkpt>
      <trkpt lat="51.9267297629267" lon="4.753005551174283">
        <ele>0.46</ele>
      </trkpt>
      <trkpt lat="51.9267297629267" lon="4.753435961902142">
        <ele>0.38</ele>
      </trkpt>
      <trkpt lat="51.9267297629267" lon="4.753861427307129">
        <ele>0.3</ele>
      </trkpt>
      <trkpt lat="51.92675122059882" lon="4.754290580749512">
        <ele>0.23</ele>
      </trkpt>
      <trkpt lat="51.92678701132536" lon="4.754627700895071">
        <ele>0.14</ele>
      </trkpt>
      <trkpt lat="51.92682288587093" lon="4.75496482104063">
        <ele>0.08</ele>
      </trkpt>
      <trkpt lat="51.92685850895941" lon="4.755299091339111">
        <ele>0.05</ele>
      </trkpt>
      <trkpt lat="51.92690134048462" lon="4.755663871765137">
        <ele>0.01</ele>
      </trkpt>
      <trkpt lat="51.92690142430365" lon="4.755663871765137">
        <ele>-0.02</ele>
      </trkpt>
      <trkpt lat="51.92694978788495" lon="4.756045751273632">
        <ele>-0.03</ele>
      </trkpt>
      <trkpt lat="51.92699823528528" lon="4.756427714601159">
        <ele>-0.03</ele>
      </trkpt>
      <trkpt lat="51.92704659886658" lon="4.756809677928686">
        <ele>-0.05</ele>
      </trkpt>
      <trkpt lat="51.92709454335272" lon="4.757187366485596">
        <ele>-0.09</ele>
      </trkpt>
      <trkpt lat="51.92714827135205" lon="4.757531611248851">
        <ele>-0.13</ele>
      </trkpt>
      <trkpt lat="51.92720174789429" lon="4.757874011993408">
        <ele>-0.16</ele>
      </trkpt>
      <trkpt lat="51.92720183171332" lon="4.757874011993408">
        <ele>-0.16</ele>
      </trkpt>
      <trkpt lat="51.92725824192166" lon="4.7583177499473095">
        <ele>-0.16</ele>
      </trkpt>
      <trkpt lat="51.92731473594904" lon="4.7587615717202425">
        <ele>-0.15</ele>
      </trkpt>
      <trkpt lat="51.927371229976416" lon="4.7592053934931755">
        <ele>-0.09</ele>
      </trkpt>
      <trkpt lat="51.92742772400379" lon="4.7596492152661085">
        <ele>-0.04</ele>
      </trkpt>
      <trkpt lat="51.92748421803117" lon="4.7600930370390415">
        <ele>-0.01</ele>
      </trkpt>
      <trkpt lat="51.927540712058544" lon="4.760536774992943">
        <ele>-0.02</ele>
      </trkpt>
      <trkpt lat="51.92759720608592" lon="4.760980596765876">
        <ele>0.02</ele>
      </trkpt>
      <trkpt lat="51.92765244282782" lon="4.761414527893066">
        <ele>0.06</ele>
      </trkpt>
      <trkpt lat="51.92771698348224" lon="4.761807136237621">
        <ele>0.09</ele>
      </trkpt>
      <trkpt lat="51.92778152413666" lon="4.762199828401208">
        <ele>0.13</ele>
      </trkpt>
      <trkpt lat="51.92784606479108" lon="4.7625925205647945">
        <ele>0.19</ele>
      </trkpt>
      <trkpt lat="51.92790993489325" lon="4.762980937957764">
        <ele>0.28</ele>
      </trkpt>
      <trkpt lat="51.92793139256537" lon="4.763238430023193">
        <ele>0.35</ele>
      </trkpt>
      <trkpt lat="51.92795285023749" lon="4.763518134132028">
        <ele>0.42</ele>
      </trkpt>
      <trkpt lat="51.92797430790961" lon="4.763796329498291">
        <ele>0.5</ele>
      </trkpt>
      <trkpt lat="51.92799576558173" lon="4.764032363891602">
        <ele>0.54</ele>
      </trkpt>
      <trkpt lat="51.928045973181725" lon="4.764419607818127">
        <ele>0.6</ele>
      </trkpt>
      <trkpt lat="51.92809618078172" lon="4.7648069355636835">
        <ele>0.63</ele>
      </trkpt>
      <trkpt lat="51.92814596928656" lon="4.765191078186035">
        <ele>0.68</ele>
      </trkpt>
      <trkpt lat="51.92822115495801" lon="4.765653675422072">
        <ele>0.73</ele>
      </trkpt>
      <trkpt lat="51.92829608917236" lon="4.766113758087158">
        <ele>0.79</ele>
      </trkpt>
      <trkpt lat="51.92834981717169" lon="4.766382649540901">
        <ele>0.85</ele>
      </trkpt>
      <trkpt lat="51.92840337753296" lon="4.766650199890137">
        <ele>0.89</ele>
      </trkpt>
      <trkpt lat="51.92840346135199" lon="4.766650199890137">
        <ele>0.94</ele>
      </trkpt>
      <trkpt lat="51.9284462928772" lon="4.766864776611328">
        <ele>1.0</ele>
      </trkpt>
      <trkpt lat="51.92846783436835" lon="4.766907691955566">
        <ele>1.05</ele>
      </trkpt>
      <trkpt lat="51.928532123565674" lon="4.767401218414307">
        <ele>1.1</ele>
      </trkpt>
      <trkpt lat="51.928596664220095" lon="4.767745463177562">
        <ele>1.14</ele>
      </trkpt>
      <trkpt lat="51.928661204874516" lon="4.768089707940817">
        <ele>1.17</ele>
      </trkpt>
      <trkpt lat="51.92872532643378" lon="4.768431186676025">
        <ele>1.2</ele>
      </trkpt>
      <trkpt lat="51.92879523150623" lon="4.768813066184521">
        <ele>1.23</ele>
      </trkpt>
      <trkpt lat="51.92886513657868" lon="4.769194945693016">
        <ele>1.25</ele>
      </trkpt>
      <trkpt lat="51.92893504165113" lon="4.769576825201511">
        <ele>1.22</ele>
      </trkpt>
      <trkpt lat="51.929004192352295" lon="4.769954681396484">
        <ele>1.23</ele>
      </trkpt>
      <trkpt lat="51.929058004170656" lon="4.77032046765089">
        <ele>1.24</ele>
      </trkpt>
      <trkpt lat="51.92911156453192" lon="4.770684242248535">
        <ele>1.29</ele>
      </trkpt>
      <trkpt lat="51.92915447987616" lon="4.770898818969727">
        <ele>1.33</ele>
      </trkpt>
      <trkpt lat="51.92921365611255" lon="4.771366780623794">
        <ele>1.35</ele>
      </trkpt>
      <trkpt lat="51.92927283234894" lon="4.771834826096892">
        <ele>1.37</ele>
      </trkpt>
      <trkpt lat="51.929332008585334" lon="4.772302787750959">
        <ele>1.29</ele>
      </trkpt>
      <trkpt lat="51.92939051426947" lon="4.772765636444092">
        <ele>1.21</ele>
      </trkpt>
      <trkpt lat="51.92944969050586" lon="4.773233598098159">
        <ele>1.14</ele>
      </trkpt>
      <trkpt lat="51.92950886674225" lon="4.773701643571258">
        <ele>1.09</ele>
      </trkpt>
      <trkpt lat="51.929568042978644" lon="4.774169605225325">
        <ele>1.03</ele>
      </trkpt>
      <trkpt lat="51.92962654866278" lon="4.774632453918457">
        <ele>0.94</ele>
      </trkpt>
      <trkpt lat="51.9296910893172" lon="4.7751309257000685">
        <ele>0.84</ele>
      </trkpt>
      <trkpt lat="51.92975562997162" lon="4.77562939748168">
        <ele>0.79</ele>
      </trkpt>
      <trkpt lat="51.929820170626044" lon="4.776127869263291">
        <ele>0.69</ele>
      </trkpt>
      <trkpt lat="51.929884711280465" lon="4.7766264248639345">
        <ele>0.56</ele>
      </trkpt>
      <trkpt lat="51.929949251934886" lon="4.777124896645546">
        <ele>0.45</ele>
      </trkpt>
      <trkpt lat="51.930012702941895" lon="4.777615070343018">
        <ele>0.35</ele>
      </trkpt>
      <trkpt lat="51.930012786760926" lon="4.777615070343018">
        <ele>0.27</ele>
      </trkpt>
      <trkpt lat="51.930012702941895" lon="4.777657985687256">
        <ele>0.19</ele>
      </trkpt>
      <trkpt lat="51.930012786760926" lon="4.777657985687256">
        <ele>0.11</ele>
      </trkpt>
      <trkpt lat="51.930055702105165" lon="4.778088312596083">
        <ele>0.02</ele>
      </trkpt>
      <trkpt lat="51.93009853363037" lon="4.7785162925720215">
        <ele>-0.02</ele>
      </trkpt>
      <trkpt lat="51.93007707595825" lon="4.778709411621094">
        <ele>-0.07</ele>
      </trkpt>
      <trkpt lat="51.930034160614014" lon="4.778752326965332">
        <ele>-0.14</ele>
      </trkpt>
      <trkpt lat="51.93009853363037" lon="4.778923988342285">
        <ele>-0.2</ele>
      </trkpt>
      <trkpt lat="51.930055702105165" lon="4.779202938079834">
        <ele>-0.25</ele>
      </trkpt>
      <trkpt lat="51.93005561828613" lon="4.779202938079834">
        <ele>-0.3</ele>
      </trkpt>
      <trkpt lat="51.930077159777284" lon="4.779653549194336">
        <ele>-0.32</ele>
      </trkpt>
      <trkpt lat="51.9300986174494" lon="4.77980375289917">
        <ele>-0.37</ele>
      </trkpt>
      <trkpt lat="51.9300986174494" lon="4.779868125915527">
        <ele>-0.4</ele>
      </trkpt>
      <trkpt lat="51.93009853363037" lon="4.779868125915527">
        <ele>-0.44</ele>
      </trkpt>
      <trkpt lat="51.93014144897461" lon="4.780104160308838">
        <ele>-0.45</ele>
      </trkpt>
      <trkpt lat="51.93023817613721" lon="4.780415967106819">
        <ele>-0.48</ele>
      </trkpt>
      <trkpt lat="51.93033456802368" lon="4.780726432800293">
        <ele>-0.54</ele>
      </trkpt>
      <trkpt lat="51.93037756718695" lon="4.781091213226318">
        <ele>-0.58</ele>
      </trkpt>
      <trkpt lat="51.93039902485907" lon="4.7812628746032715">
        <ele>-0.62</ele>
      </trkpt>
      <trkpt lat="51.93042911589146" lon="4.781757825985551">
        <ele>-0.67</ele>
      </trkpt>
      <trkpt lat="51.93045920692384" lon="4.78225277736783">
        <ele>-0.62</ele>
      </trkpt>
      <trkpt lat="51.93048929795623" lon="4.78274772875011">
        <ele>-0.6</ele>
      </trkpt>
      <trkpt lat="51.930519472807646" lon="4.783242680132389">
        <ele>-0.63</ele>
      </trkpt>
      <trkpt lat="51.93054914474487" lon="4.783730506896973">
        <ele>-0.71</ele>
      </trkpt>
      <trkpt lat="51.93062089383602" lon="4.784146416932344">
        <ele>-0.75</ele>
      </trkpt>
      <trkpt lat="51.93069264292717" lon="4.784562410786748">
        <ele>-0.75</ele>
      </trkpt>
      <trkpt lat="51.930763805285096" lon="4.784975051879883">
        <ele>-0.74</ele>
      </trkpt>
      <trkpt lat="51.930763721466064" lon="4.784975051879883">
        <ele>-0.73</ele>
      </trkpt>
      <trkpt lat="51.930785179138184" lon="4.785275459289551">
        <ele>-0.75</ele>
      </trkpt>
      <trkpt lat="51.93074234761298" lon="4.785361289978027">
        <ele>-0.75</ele>
      </trkpt>
      <trkpt lat="51.930763805285096" lon="4.785447120666504">
        <ele>-0.73</ele>
      </trkpt>
      <trkpt lat="51.930785262957215" lon="4.7855329513549805">
        <ele>-0.69</ele>
      </trkpt>
      <trkpt lat="51.93082809448242" lon="4.7856831550598145">
        <ele>-0.65</ele>
      </trkpt>
      <trkpt lat="51.930978298187256" lon="4.785704612731934">
        <ele>-0.62</ele>
      </trkpt>
      <trkpt lat="51.931021213531494" lon="4.785747528076172">
        <ele>-0.58</ele>
      </trkpt>
      <trkpt lat="51.931064212694764" lon="4.785704612731934">
        <ele>-0.54</ele>
      </trkpt>
      <trkpt lat="51.93112858571112" lon="4.785661697387695">
        <ele>-0.49</ele>
      </trkpt>
      <trkpt lat="51.93117150105536" lon="4.785618782043457">
        <ele>-0.44</ele>
      </trkpt>
      <trkpt lat="51.931214332580566" lon="4.785597324371338">
        <ele>-0.39</ele>
      </trkpt>
      <trkpt lat="51.93140745162964" lon="4.785554325208068">
        <ele>-0.3</ele>
      </trkpt>
      <trkpt lat="51.93160057067871" lon="4.785511493682861">
        <ele>-0.22</ele>
      </trkpt>
      <trkpt lat="51.93164356984198" lon="4.785704612731934">
        <ele>-0.16</ele>
      </trkpt>
      <trkpt lat="51.93168648518622" lon="4.785768985748291">
        <ele>-0.09</ele>
      </trkpt>
      <trkpt lat="51.931729316711426" lon="4.785811901092529">
        <ele>-0.02</ele>
      </trkpt>
      <trkpt lat="51.93175085820258" lon="4.785833358764648">
        <ele>0.04</ele>
      </trkpt>
      <trkpt lat="51.93183668889105" lon="4.785833358764648">
        <ele>0.11</ele>
      </trkpt>
      <trkpt lat="51.93213709630072" lon="4.78584760800004">
        <ele>0.17</ele>
      </trkpt>
      <trkpt lat="51.93243758752942" lon="4.785861941054463">
        <ele>0.22</ele>
      </trkpt>
      <trkpt lat="51.932737827301025" lon="4.785876274108887">
        <ele>0.27</ele>
      </trkpt>
      <trkpt lat="51.93297394551337" lon="4.785919189453125">
        <ele>0.33</ele>
      </trkpt>
      <trkpt lat="51.933038318529725" lon="4.785940647125244">
        <ele>0.4</ele>
      </trkpt>
      <trkpt lat="51.93333872593939" lon="4.786005020141602">
        <ele>0.47</ele>
      </trkpt>
      <trkpt lat="51.93333864212036" lon="4.786005020141602">
        <ele>0.53</ele>
      </trkpt>
      <trkpt lat="51.93349965848029" lon="4.786015748977661">
        <ele>0.59</ele>
      </trkpt>
      <trkpt lat="51.93366059102118" lon="4.786026477813721">
        <ele>0.64</ele>
      </trkpt>
      <trkpt lat="51.93385371007025" lon="4.786058664321899">
        <ele>0.68</ele>
      </trkpt>
      <trkpt lat="51.934046829119325" lon="4.786090850830078">
        <ele>0.71</ele>
      </trkpt>
      <trkpt lat="51.9342399481684" lon="4.786080038174987">
        <ele>0.76</ele>
      </trkpt>
      <trkpt lat="51.93443306721747" lon="4.786069393157959">
        <ele>0.86</ele>
      </trkpt>
      <trkpt lat="51.934561813250184" lon="4.786069393157959">
        <ele>0.94</ele>
      </trkpt>
      <trkpt lat="51.93462618626654" lon="4.786090850830078">
        <ele>0.99</ele>
      </trkpt>
      <trkpt lat="51.9346905592829" lon="4.786090850830078">
        <ele>1.04</ele>
      </trkpt>
      <trkpt lat="51.93490513600409" lon="4.786133766174316">
        <ele>1.1</ele>
      </trkpt>
      <trkpt lat="51.935066068544984" lon="4.7861552238464355">
        <ele>1.13</ele>
      </trkpt>
      <trkpt lat="51.93522700108588" lon="4.786176681518555">
        <ele>1.15</ele>
      </trkpt>
      <trkpt lat="51.93531274795532" lon="4.786198139190674">
        <ele>1.17</ele>
      </trkpt>
      <trkpt lat="51.935269916430116" lon="4.786691665649414">
        <ele>1.18</ele>
      </trkpt>
      <trkpt lat="51.9352912902832" lon="4.786841869354248">
        <ele>1.2</ele>
      </trkpt>
      <trkpt lat="51.93533428944647" lon="4.786884784698486">
        <ele>1.19</ele>
      </trkpt>
      <trkpt lat="51.935591865330935" lon="4.7869062423706055">
        <ele>1.15</ele>
      </trkpt>
      <trkpt lat="51.93584927357733" lon="4.786927700042725">
        <ele>1.12</ele>
      </trkpt>
      <trkpt lat="51.9358491897583" lon="4.786927700042725">
        <ele>1.11</ele>
      </trkpt>
      <trkpt lat="51.93599947728217" lon="4.786949157714844">
        <ele>1.08</ele>
      </trkpt>
      <trkpt lat="51.936221262440085" lon="4.786977740004659">
        <ele>1.09</ele>
      </trkpt>
      <trkpt lat="51.936443047598004" lon="4.787006322294474">
        <ele>1.09</ele>
      </trkpt>
      <trkpt lat="51.93666466511786" lon="4.78703498840332">
        <ele>1.07</ele>
      </trkpt>
      <trkpt lat="51.93694361485541" lon="4.787077903747559">
        <ele>1.03</ele>
      </trkpt>
      <trkpt lat="51.93698653019965" lon="4.787099361419678">
        <ele>0.99</ele>
      </trkpt>
      <trkpt lat="51.93722256459296" lon="4.787142276763916">
        <ele>0.9</ele>
      </trkpt>
      <trkpt lat="51.93745147436857" lon="4.787170859053731">
        <ele>0.82</ele>
      </trkpt>
      <trkpt lat="51.93768038414419" lon="4.787199441343546">
        <ele>0.77</ele>
      </trkpt>
      <trkpt lat="51.93790912628174" lon="4.787228107452393">
        <ele>0.72</ele>
      </trkpt>
      <trkpt lat="51.93803787231445" lon="4.787163734436035">
        <ele>0.68</ele>
      </trkpt>
      <trkpt lat="51.93810224533081" lon="4.7875285148620605">
        <ele>0.6</ele>
      </trkpt>
      <trkpt lat="51.93816678598523" lon="4.787933025509119">
        <ele>0.54</ele>
      </trkpt>
      <trkpt lat="51.93823132663965" lon="4.7883375361561775">
        <ele>0.48</ele>
      </trkpt>
      <trkpt lat="51.93829586729407" lon="4.788742046803236">
        <ele>0.42</ele>
      </trkpt>
      <trkpt lat="51.938360407948494" lon="4.7891465574502945">
        <ele>0.36</ele>
      </trkpt>
      <trkpt lat="51.9384241104126" lon="4.78954553604126">
        <ele>0.3</ele>
      </trkpt>
      <trkpt lat="51.93853701464832" lon="4.789916519075632">
        <ele>0.24</ele>
      </trkpt>
      <trkpt lat="51.93864991888404" lon="4.790287585929036">
        <ele>0.18</ele>
      </trkpt>
      <trkpt lat="51.93876282311976" lon="4.7906585689634085">
        <ele>0.11</ele>
      </trkpt>
      <trkpt lat="51.9388747215271" lon="4.7910261154174805">
        <ele>0.02</ele>
      </trkpt>
      <trkpt lat="51.93896071985364" lon="4.791273381561041">
        <ele>-0.03</ele>
      </trkpt>
      <trkpt lat="51.939046466723084" lon="4.791519641876221">
        <ele>-0.08</ele>
      </trkpt>
      <trkpt lat="51.93904638290405" lon="4.791519641876221">
        <ele>-0.13</ele>
      </trkpt>
      <trkpt lat="51.93915383890271" lon="4.791723825037479">
        <ele>-0.19</ele>
      </trkpt>
      <trkpt lat="51.939260959625244" lon="4.791927337646484">
        <ele>-0.24</ele>
      </trkpt>
      <trkpt lat="51.9393253326416" lon="4.792141914367676">
        <ele>-0.28</ele>
      </trkpt>
      <trkpt lat="51.93937914445996" lon="4.792572241276503">
        <ele>-0.31</ele>
      </trkpt>
      <trkpt lat="51.93943270482123" lon="4.793000221252441">
        <ele>-0.36</ele>
      </trkpt>
      <trkpt lat="51.93952951580286" lon="4.7934304643422365">
        <ele>-0.41</ele>
      </trkpt>
      <trkpt lat="51.9396258238703" lon="4.793858528137207">
        <ele>-0.42</ele>
      </trkpt>
      <trkpt lat="51.93962574005127" lon="4.793858528137207">
        <ele>-0.46</ele>
      </trkpt>
      <trkpt lat="51.93971173837781" lon="4.794267229735851">
        <ele>-0.5</ele>
      </trkpt>
      <trkpt lat="51.93979740142822" lon="4.794673919677734">
        <ele>-0.54</ele>
      </trkpt>
      <trkpt lat="51.93984040059149" lon="4.79503970593214">
        <ele>-0.58</ele>
      </trkpt>
      <trkpt lat="51.9398832321167" lon="4.795403480529785">
        <ele>-0.62</ele>
      </trkpt>
      <trkpt lat="51.93988557904959" lon="4.795872112736106">
        <ele>-0.69</ele>
      </trkpt>
      <trkpt lat="51.93988800980151" lon="4.796340744942427">
        <ele>-0.69</ele>
      </trkpt>
      <trkpt lat="51.93989044055343" lon="4.796809460967779">
        <ele>-0.69</ele>
      </trkpt>
      <trkpt lat="51.939892787486315" lon="4.7972780931741">
        <ele>-0.73</ele>
      </trkpt>
      <trkpt lat="51.939895218238235" lon="4.797746725380421">
        <ele>-0.8</ele>
      </trkpt>
      <trkpt lat="51.939897648990154" lon="4.798215441405773">
        <ele>-0.83</ele>
      </trkpt>
      <trkpt lat="51.939900079742074" lon="4.798684073612094">
        <ele>-0.9</ele>
      </trkpt>
      <trkpt lat="51.93990242667496" lon="4.799152789637446">
        <ele>-0.89</ele>
      </trkpt>
      <trkpt lat="51.93990477360785" lon="4.799609184265137">
        <ele>-0.93</ele>
      </trkpt>
      <trkpt lat="51.93990468978882" lon="4.799609184265137">
        <ele>-0.96</ele>
      </trkpt>
      <trkpt lat="51.93993696011603" lon="4.799953429028392">
        <ele>-1.02</ele>
      </trkpt>
      <trkpt lat="51.939969062805176" lon="4.800295829772949">
        <ele>-1.07</ele>
      </trkpt>
      <trkpt lat="51.94006226956844" lon="4.800740405917168">
        <ele>-1.09</ele>
      </trkpt>
      <trkpt lat="51.94015547633171" lon="4.801185065880418">
        <ele>-1.05</ele>
      </trkpt>
      <trkpt lat="51.94024876691401" lon="4.801629642024636">
        <ele>-1.09</ele>
      </trkpt>
      <trkpt lat="51.94034197367728" lon="4.802074301987886">
        <ele>-1.11</ele>
      </trkpt>
      <trkpt lat="51.94043526425958" lon="4.802518961951137">
        <ele>-1.11</ele>
      </trkpt>
      <trkpt lat="51.940527046099305" lon="4.802956581115723">
        <ele>-1.12</ele>
      </trkpt>
      <trkpt lat="51.94052696228027" lon="4.802956581115723">
        <ele>-1.14</ele>
      </trkpt>
      <trkpt lat="51.94061296060681" lon="4.803365282714367">
        <ele>-1.18</ele>
      </trkpt>
      <trkpt lat="51.940699042752385" lon="4.803774068132043">
        <ele>-1.2</ele>
      </trkpt>
      <trkpt lat="51.9407844543457" lon="4.804179668426514">
        <ele>-1.2</ele>
      </trkpt>
      <trkpt lat="51.94090263918042" lon="4.804459121078253">
        <ele>-1.2</ele>
      </trkpt>
      <trkpt lat="51.941020488739014" lon="4.804737567901611">
        <ele>-1.2</ele>
      </trkpt>
      <trkpt lat="51.94113867357373" lon="4.804920209571719">
        <ele>-1.2</ele>
      </trkpt>
      <trkpt lat="51.941256523132324" lon="4.805102348327637">
        <ele>-1.2</ele>
      </trkpt>
      <trkpt lat="51.941501442343" lon="4.805394457653165">
        <ele>-1.22</ele>
      </trkpt>
      <trkpt lat="51.94174636155367" lon="4.805686650797725">
        <ele>-1.24</ele>
      </trkpt>
      <trkpt lat="51.94199128076434" lon="4.805978843942285">
        <ele>-1.19</ele>
      </trkpt>
      <trkpt lat="51.942236199975014" lon="4.8062710370868444">
        <ele>-1.16</ele>
      </trkpt>
      <trkpt lat="51.942479610443115" lon="4.806561470031738">
        <ele>-1.12</ele>
      </trkpt>
      <trkpt lat="51.94261925294995" lon="4.806787110865116">
        <ele>-1.06</ele>
      </trkpt>
      <trkpt lat="51.942758560180664" lon="4.80701208114624">
        <ele>-1.02</ele>
      </trkpt>
      <trkpt lat="51.942964838817716" lon="4.807368814945221">
        <ele>-0.98</ele>
      </trkpt>
      <trkpt lat="51.9431712012738" lon="4.807725632563233">
        <ele>-0.96</ele>
      </trkpt>
      <trkpt lat="51.94337756372988" lon="4.808082450181246">
        <ele>-0.88</ele>
      </trkpt>
      <trkpt lat="51.943583926185966" lon="4.808439267799258">
        <ele>-0.79</ele>
      </trkpt>
      <trkpt lat="51.94378852844238" lon="4.808793067932129">
        <ele>-0.76</ele>
      </trkpt>
      <trkpt lat="51.94394434802234" lon="4.8091047909110785">
        <ele>-0.71</ele>
      </trkpt>
      <trkpt lat="51.94410025142133" lon="4.809416513890028">
        <ele>-0.66</ele>
      </trkpt>
      <trkpt lat="51.94425607100129" lon="4.8097282368689775">
        <ele>-0.62</ele>
      </trkpt>
      <trkpt lat="51.94441080093384" lon="4.810037612915039">
        <ele>-0.54</ele>
      </trkpt>
      <trkpt lat="51.94450752809644" lon="4.810338690876961">
        <ele>-0.47</ele>
      </trkpt>
      <trkpt lat="51.94460391998291" lon="4.810638427734375">
        <ele>-0.45</ele>
      </trkpt>
      <trkpt lat="51.94460400380194" lon="4.810681343078613">
        <ele>-0.39</ele>
      </trkpt>
      <trkpt lat="51.94464683532715" lon="4.81076717376709">
        <ele>-0.33</ele>
      </trkpt>
      <trkpt lat="51.94477558135986" lon="4.811067581176758">
        <ele>-0.26</ele>
      </trkpt>
      <trkpt lat="51.944883121177554" lon="4.811390116810799">
        <ele>-0.2</ele>
      </trkpt>
      <trkpt lat="51.944990158081055" lon="4.811711311340332">
        <ele>-0.12</ele>
      </trkpt>
      <trkpt lat="51.94519434124231" lon="4.812076678499579">
        <ele>-0.04</ele>
      </trkpt>
      <trkpt lat="51.94539793767035" lon="4.812440872192383">
        <ele>0.0</ele>
      </trkpt>
      <trkpt lat="51.94554839283228" lon="4.812806406989694">
        <ele>0.05</ele>
      </trkpt>
      <trkpt lat="51.94569834508002" lon="4.813170433044434">
        <ele>0.13</ele>
      </trkpt>
      <trkpt lat="51.9458270072937" lon="4.81351375579834">
        <ele>0.18</ele>
      </trkpt>
      <trkpt lat="51.945955753326416" lon="4.8137712478637695">
        <ele>0.24</ele>
      </trkpt>
      <trkpt lat="51.946084666997194" lon="4.813943076878786">
        <ele>0.29</ele>
      </trkpt>
      <trkpt lat="51.94621332921088" lon="4.814114570617676">
        <ele>0.35</ele>
      </trkpt>
      <trkpt lat="51.9464781973511" lon="4.814357981085777">
        <ele>0.45</ele>
      </trkpt>
      <trkpt lat="51.94674306549132" lon="4.814601391553879">
        <ele>0.48</ele>
      </trkpt>
      <trkpt lat="51.947007263079286" lon="4.814844131469727">
        <ele>0.49</ele>
      </trkpt>
      <trkpt lat="51.94707163609564" lon="4.814887046813965">
        <ele>0.52</ele>
      </trkpt>
      <trkpt lat="51.94730071350932" lon="4.815130457282066">
        <ele>0.54</ele>
      </trkpt>
      <trkpt lat="51.94752987474203" lon="4.8153739515692">
        <ele>0.56</ele>
      </trkpt>
      <trkpt lat="51.94775903597474" lon="4.815617362037301">
        <ele>0.58</ele>
      </trkpt>
      <trkpt lat="51.94798819720745" lon="4.815860856324434">
        <ele>0.56</ele>
      </trkpt>
      <trkpt lat="51.94821727462113" lon="4.816104266792536">
        <ele>0.56</ele>
      </trkpt>
      <trkpt lat="51.94844492711127" lon="4.816346168518066">
        <ele>0.56</ele>
      </trkpt>
      <trkpt lat="51.948638297617435" lon="4.816679265350103">
        <ele>0.56</ele>
      </trkpt>
      <trkpt lat="51.94883108139038" lon="4.81701135635376">
        <ele>0.55</ele>
      </trkpt>
      <trkpt lat="51.948959827423096" lon="4.817097187042236">
        <ele>0.54</ele>
      </trkpt>
      <trkpt lat="51.949195861816406" lon="4.817097187042236">
        <ele>0.54</ele>
      </trkpt>
      <trkpt lat="51.949474811553955" lon="4.81724739074707">
        <ele>0.52</ele>
      </trkpt>
      <trkpt lat="51.949682431295514" lon="4.817462135106325">
        <ele>0.47</ele>
      </trkpt>
      <trkpt lat="51.94989005103707" lon="4.817676963284612">
        <ele>0.44</ele>
      </trkpt>
      <trkpt lat="51.95009708404541" lon="4.8178911209106445">
        <ele>0.43</ele>
      </trkpt>
      <trkpt lat="51.950333369895816" lon="4.81818113476038">
        <ele>0.4</ele>
      </trkpt>
      <trkpt lat="51.95056973956525" lon="4.818471148610115">
        <ele>0.37</ele>
      </trkpt>
      <trkpt lat="51.95080602541566" lon="4.818761246278882">
        <ele>0.32</ele>
      </trkpt>
      <trkpt lat="51.95104122161865" lon="4.819049835205078">
        <ele>0.29</ele>
      </trkpt>
      <trkpt lat="51.951263258233666" lon="4.819400869309902">
        <ele>0.27</ele>
      </trkpt>
      <trkpt lat="51.95148537866771" lon="4.819751903414726">
        <ele>0.22</ele>
      </trkpt>
      <trkpt lat="51.951706409454346" lon="4.820101261138916">
        <ele>0.17</ele>
      </trkpt>
      <trkpt lat="51.95189969614148" lon="4.820326818153262">
        <ele>0.1</ele>
      </trkpt>
      <trkpt lat="51.95209264755249" lon="4.820551872253418">
        <ele>0.03</ele>
      </trkpt>
      <trkpt lat="51.95225383155048" lon="4.820798970758915">
        <ele>-0.03</ele>
      </trkpt>
      <trkpt lat="51.95241451263428" lon="4.821045398712158">
        <ele>-0.11</ele>
      </trkpt>
      <trkpt lat="51.952554155141115" lon="4.821271039545536">
        <ele>-0.18</ele>
      </trkpt>
      <trkpt lat="51.952693462371826" lon="4.82149600982666">
        <ele>-0.27</ele>
      </trkpt>
      <trkpt lat="51.95282958447933" lon="4.82179700396955">
        <ele>-0.35</ele>
      </trkpt>
      <trkpt lat="51.95296579040587" lon="4.82209799811244">
        <ele>-0.45</ele>
      </trkpt>
      <trkpt lat="51.95310115814209" lon="4.822397232055664">
        <ele>-0.51</ele>
      </trkpt>
      <trkpt lat="51.95333132520318" lon="4.82267651706934">
        <ele>-0.59</ele>
      </trkpt>
      <trkpt lat="51.95356149226427" lon="4.822955802083015">
        <ele>-0.65</ele>
      </trkpt>
      <trkpt lat="51.95379174314439" lon="4.823235087096691">
        <ele>-0.69</ele>
      </trkpt>
      <trkpt lat="51.95402191020548" lon="4.823514372110367">
        <ele>-0.76</ele>
      </trkpt>
      <trkpt lat="51.954252077266574" lon="4.8237936571240425">
        <ele>-0.83</ele>
      </trkpt>
      <trkpt lat="51.954482328146696" lon="4.82407302595675">
        <ele>-0.9</ele>
      </trkpt>
      <trkpt lat="51.954710483551025" lon="4.824349880218506">
        <ele>-0.95</ele>
      </trkpt>
      <trkpt lat="51.95485004223883" lon="4.824489438906312">
        <ele>-1.02</ele>
      </trkpt>
      <trkpt lat="51.954989433288574" lon="4.824628829956055">
        <ele>-1.07</ele>
      </trkpt>
      <trkpt lat="51.95522580295801" lon="4.82496184296906">
        <ele>-1.13</ele>
      </trkpt>
      <trkpt lat="51.95546158589423" lon="4.825294017791748">
        <ele>-1.23</ele>
      </trkpt>
      <trkpt lat="51.955461502075195" lon="4.825294017791748">
        <ele>-1.29</ele>
      </trkpt>
      <trkpt lat="51.95563324727118" lon="4.825594425201416">
        <ele>-1.37</ele>
      </trkpt>
      <trkpt lat="51.95569762028754" lon="4.825701713562012">
        <ele>-1.42</ele>
      </trkpt>
      <trkpt lat="51.95582628250122" lon="4.826066493988037">
        <ele>-1.46</ele>
      </trkpt>
      <trkpt lat="51.95591764524579" lon="4.826432196423411">
        <ele>-1.47</ele>
      </trkpt>
      <trkpt lat="51.95600909180939" lon="4.826797898858786">
        <ele>-1.52</ele>
      </trkpt>
      <trkpt lat="51.95610053837299" lon="4.82716360129416">
        <ele>-1.58</ele>
      </trkpt>
      <trkpt lat="51.956191062927246" lon="4.827525615692139">
        <ele>-1.65</ele>
      </trkpt>
      <trkpt lat="51.9562554359436" lon="4.82799768447876">
        <ele>-1.7</ele>
      </trkpt>
      <trkpt lat="51.956276977434754" lon="4.828341007232666">
        <ele>-1.77</ele>
      </trkpt>
      <trkpt lat="51.95627689361572" lon="4.828341007232666">
        <ele>-1.82</ele>
      </trkpt>
      <trkpt lat="51.9562554359436" lon="4.828705787658691">
        <ele>-1.87</ele>
      </trkpt>
      <trkpt lat="51.95640572346747" lon="4.828684329986572">
        <ele>-1.91</ele>
      </trkpt>
      <trkpt lat="51.956491554155946" lon="4.828662872314453">
        <ele>-1.94</ele>
      </trkpt>
      <trkpt lat="51.956748962402344" lon="4.828619956970215">
        <ele>-1.98</ele>
      </trkpt>
      <trkpt lat="51.95679187774658" lon="4.828705787658691">
        <ele>-2.01</ele>
      </trkpt>
      <trkpt lat="51.95710217580199" lon="4.8286601062864065">
        <ele>-2.02</ele>
      </trkpt>
      <trkpt lat="51.957412557676435" lon="4.828614508733153">
        <ele>-2.02</ele>
      </trkpt>
      <trkpt lat="51.95772293955088" lon="4.8285689111799">
        <ele>-2.04</ele>
      </trkpt>
      <trkpt lat="51.95803332142532" lon="4.828523313626647">
        <ele>-2.08</ele>
      </trkpt>
      <trkpt lat="51.95834361948073" lon="4.828477716073394">
        <ele>-2.12</ele>
      </trkpt>
      <trkpt lat="51.95865400135517" lon="4.828432118520141">
        <ele>-2.12</ele>
      </trkpt>
      <trkpt lat="51.95896438322961" lon="4.8283865209668875">
        <ele>-2.16</ele>
      </trkpt>
      <trkpt lat="51.959274765104055" lon="4.828340839594603">
        <ele>-2.13</ele>
      </trkpt>
      <trkpt lat="51.9595851469785" lon="4.828295242041349">
        <ele>-2.15</ele>
      </trkpt>
      <trkpt lat="51.95989544503391" lon="4.828249644488096">
        <ele>-2.16</ele>
      </trkpt>
      <trkpt lat="51.96020582690835" lon="4.828204046934843">
        <ele>-2.12</ele>
      </trkpt>
      <trkpt lat="51.96051620878279" lon="4.82815844938159">
        <ele>-2.11</ele>
      </trkpt>
      <trkpt lat="51.960826590657234" lon="4.828112851828337">
        <ele>-2.07</ele>
      </trkpt>
      <trkpt lat="51.961136972531676" lon="4.828067170456052">
        <ele>-2.01</ele>
      </trkpt>
      <trkpt lat="51.96144727058709" lon="4.828021572902799">
        <ele>-2.04</ele>
      </trkpt>
      <trkpt lat="51.96175765246153" lon="4.8279759753495455">
        <ele>-2.03</ele>
      </trkpt>
      <trkpt lat="51.96206803433597" lon="4.827930377796292">
        <ele>-1.97</ele>
      </trkpt>
      <trkpt lat="51.96237841621041" lon="4.827884780243039">
        <ele>-1.93</ele>
      </trkpt>
      <trkpt lat="51.962688798084855" lon="4.827839182689786">
        <ele>-1.9</ele>
      </trkpt>
      <trkpt lat="51.962999096140265" lon="4.827793501317501">
        <ele>-1.88</ele>
      </trkpt>
      <trkpt lat="51.96330947801471" lon="4.827747903764248">
        <ele>-1.87</ele>
      </trkpt>
      <trkpt lat="51.96361985988915" lon="4.827702306210995">
        <ele>-1.81</ele>
      </trkpt>
      <trkpt lat="51.96393024176359" lon="4.8276567086577415">
        <ele>-1.77</ele>
      </trkpt>
      <trkpt lat="51.964237773790956" lon="4.827611446380615">
        <ele>-1.72</ele>
      </trkpt>
      <trkpt lat="51.964237689971924" lon="4.827611446380615">
        <ele>-1.67</ele>
      </trkpt>
      <trkpt lat="51.964539187029004" lon="4.827564591541886">
        <ele>-1.65</ele>
      </trkpt>
      <trkpt lat="51.964840684086084" lon="4.827517736703157">
        <ele>-1.57</ele>
      </trkpt>
      <trkpt lat="51.965142181143165" lon="4.8274708818644285">
        <ele>-1.48</ele>
      </trkpt>
      <trkpt lat="51.965443678200245" lon="4.827424110844731">
        <ele>-1.37</ele>
      </trkpt>
      <trkpt lat="51.965745175257325" lon="4.827377256006002">
        <ele>-1.34</ele>
      </trkpt>
      <trkpt lat="51.966046672314405" lon="4.8273304011672735">
        <ele>-1.29</ele>
      </trkpt>
      <trkpt lat="51.966348169371486" lon="4.827283630147576">
        <ele>-1.26</ele>
      </trkpt>
      <trkpt lat="51.966649666428566" lon="4.827236775308847">
        <ele>-1.2</ele>
      </trkpt>
      <trkpt lat="51.966951163485646" lon="4.8271899204701185">
        <ele>-1.13</ele>
      </trkpt>
      <trkpt lat="51.96725266054273" lon="4.827143149450421">
        <ele>-1.04</ele>
      </trkpt>
      <trkpt lat="51.96755415759981" lon="4.827096294611692">
        <ele>-0.94</ele>
      </trkpt>
      <trkpt lat="51.96785565465689" lon="4.8270494397729635">
        <ele>-0.89</ele>
      </trkpt>
      <trkpt lat="51.96815715171397" lon="4.827002584934235">
        <ele>-0.83</ele>
      </trkpt>
      <trkpt lat="51.96845864877105" lon="4.826955813914537">
        <ele>-0.77</ele>
      </trkpt>
      <trkpt lat="51.96876014582813" lon="4.8269089590758085">
        <ele>-0.71</ele>
      </trkpt>
      <trkpt lat="51.96906164288521" lon="4.82686210423708">
        <ele>-0.66</ele>
      </trkpt>
      <trkpt lat="51.96936313994229" lon="4.826815249398351">
        <ele>-0.57</ele>
      </trkpt>
      <trkpt lat="51.96966463699937" lon="4.8267684783786535">
        <ele>-0.55</ele>
      </trkpt>
      <trkpt lat="51.96996613405645" lon="4.826721623539925">
        <ele>-0.48</ele>
      </trkpt>
      <trkpt lat="51.97026763111353" lon="4.826674768701196">
        <ele>-0.39</ele>
      </trkpt>
      <trkpt lat="51.97056912817061" lon="4.826627913862467">
        <ele>-0.32</ele>
      </trkpt>
      <trkpt lat="51.97086811065674" lon="4.8265814781188965">
        <ele>-0.31</ele>
      </trkpt>
      <trkpt lat="51.97093256749213" lon="4.826517105102539">
        <ele>-0.27</ele>
      </trkpt>
      <trkpt lat="51.97121160104871" lon="4.826484834775329">
        <ele>-0.27</ele>
      </trkpt>
      <trkpt lat="51.971490466967225" lon="4.826452732086182">
        <ele>-0.25</ele>
      </trkpt>
      <trkpt lat="51.97149038314819" lon="4.826452732086182">
        <ele>-0.23</ele>
      </trkpt>
      <trkpt lat="51.97159767150879" lon="4.826109409332275">
        <ele>-0.23</ele>
      </trkpt>
      <trkpt lat="51.971726417541504" lon="4.8259806632995605">
        <ele>-0.21</ele>
      </trkpt>
      <trkpt lat="51.97191962040961" lon="4.825894748792052">
        <ele>-0.19</ele>
      </trkpt>
      <trkpt lat="51.97211265563965" lon="4.825809001922607">
        <ele>-0.2</ele>
      </trkpt>
      <trkpt lat="51.97232723236084" lon="4.825594425201416">
        <ele>-0.18</ele>
      </trkpt>
      <trkpt lat="51.972477436065674" lon="4.82525110244751">
        <ele>-0.2</ele>
      </trkpt>
      <trkpt lat="51.972606433555484" lon="4.8248424008488655">
        <ele>-0.22</ele>
      </trkpt>
      <trkpt lat="51.9727349281311" lon="4.824435710906982">
        <ele>-0.24</ele>
      </trkpt>
      <trkpt lat="51.97280659340322" lon="4.824105799198151">
        <ele>-0.25</ele>
      </trkpt>
      <trkpt lat="51.97287834249437" lon="4.823775887489319">
        <ele>-0.28</ele>
      </trkpt>
      <trkpt lat="51.972949504852295" lon="4.823448657989502">
        <ele>-0.29</ele>
      </trkpt>
      <trkpt lat="51.97305687703192" lon="4.823083877563477">
        <ele>-0.24</ele>
      </trkpt>
      <trkpt lat="51.97309979237616" lon="4.822976589202881">
        <ele>-0.24</ele>
      </trkpt>
      <trkpt lat="51.97333574295044" lon="4.822847843170166">
        <ele>-0.25</ele>
      </trkpt>
      <trkpt lat="51.973527017980814" lon="4.822793193161488">
        <ele>-0.29</ele>
      </trkpt>
      <trkpt lat="51.97363623417914" lon="4.8227620124816895">
        <ele>-0.32</ele>
      </trkpt>
      <trkpt lat="51.97363615036011" lon="4.8227620124816895">
        <ele>-0.35</ele>
      </trkpt>
      <trkpt lat="51.973915100097656" lon="4.822719097137451">
        <ele>-0.41</ele>
      </trkpt>
      <trkpt lat="51.97410821914673" lon="4.822633266448975">
        <ele>-0.46</ele>
      </trkpt>
      <trkpt lat="51.9743013381958" lon="4.8224616050720215">
        <ele>-0.47</ele>
      </trkpt>
      <trkpt lat="51.9744517095387" lon="4.822278963401914">
        <ele>-0.46</ele>
      </trkpt>
      <trkpt lat="51.97460174560547" lon="4.822096824645996">
        <ele>-0.49</ele>
      </trkpt>
      <trkpt lat="51.974709033966064" lon="4.8220109939575195">
        <ele>-0.54</ele>
      </trkpt>
      <trkpt lat="51.97490215301514" lon="4.821968078613281">
        <ele>-0.59</ele>
      </trkpt>
      <trkpt lat="51.97507389821112" lon="4.822032451629639">
        <ele>-0.64</ele>
      </trkpt>
      <trkpt lat="51.97507381439209" lon="4.822032451629639">
        <ele>-0.68</ele>
      </trkpt>
      <trkpt lat="51.975224101915956" lon="4.822118282318115">
        <ele>-0.71</ele>
      </trkpt>
      <trkpt lat="51.97528847493231" lon="4.822118282318115">
        <ele>-0.75</ele>
      </trkpt>
      <trkpt lat="51.97537430562079" lon="4.822139739990234">
        <ele>-0.79</ele>
      </trkpt>
      <trkpt lat="51.975503051653504" lon="4.822139739990234">
        <ele>-0.83</ele>
      </trkpt>
      <trkpt lat="51.975674629211426" lon="4.822096824645996">
        <ele>-0.88</ele>
      </trkpt>
      <trkpt lat="51.97583572939038" lon="4.821967910975218">
        <ele>-0.94</ele>
      </trkpt>
      <trkpt lat="51.975996578112245" lon="4.821839332580566">
        <ele>-0.99</ele>
      </trkpt>
      <trkpt lat="51.97616832330823" lon="4.821721147745848">
        <ele>-1.02</ele>
      </trkpt>
      <trkpt lat="51.97633990086615" lon="4.821603298187256">
        <ele>-1.04</ele>
      </trkpt>
      <trkpt lat="51.97633981704712" lon="4.821603298187256">
        <ele>-1.08</ele>
      </trkpt>
      <trkpt lat="51.97651147842407" lon="4.821581840515137">
        <ele>-1.11</ele>
      </trkpt>
      <trkpt lat="51.97677978314459" lon="4.821560299023986">
        <ele>-1.11</ele>
      </trkpt>
      <trkpt lat="51.97704792022705" lon="4.821538925170898">
        <ele>-1.12</ele>
      </trkpt>
      <trkpt lat="51.97730541229248" lon="4.821302890777588">
        <ele>-1.19</ele>
      </trkpt>
      <trkpt lat="51.97743424214423" lon="4.821045398712158">
        <ele>-1.25</ele>
      </trkpt>
      <trkpt lat="51.977434158325195" lon="4.821045398712158">
        <ele>-1.28</ele>
      </trkpt>
      <trkpt lat="51.97757380083203" lon="4.820808945223689">
        <ele>-1.33</ele>
      </trkpt>
      <trkpt lat="51.977713108062744" lon="4.820573329925537">
        <ele>-1.33</ele>
      </trkpt>
      <trkpt lat="51.977970683947206" lon="4.820358753204346">
        <ele>-1.34</ele>
      </trkpt>
      <trkpt lat="51.97823898866773" lon="4.820197653025389">
        <ele>-1.34</ele>
      </trkpt>
      <trkpt lat="51.97850704193115" lon="4.820036888122559">
        <ele>-1.35</ele>
      </trkpt>
      <trkpt lat="51.97873268276453" lon="4.819682249799371">
        <ele>-1.36</ele>
      </trkpt>
      <trkpt lat="51.978957736864686" lon="4.819328784942627">
        <ele>-1.39</ele>
      </trkpt>
      <trkpt lat="51.978957653045654" lon="4.819328784942627">
        <ele>-1.39</ele>
      </trkpt>
      <trkpt lat="51.979054380208254" lon="4.819113705307245">
        <ele>-1.4</ele>
      </trkpt>
      <trkpt lat="51.97915077209473" lon="4.818899631500244">
        <ele>-1.4</ele>
      </trkpt>
      <trkpt lat="51.9792366027832" lon="4.818663597106934">
        <ele>-1.4</ele>
      </trkpt>
      <trkpt lat="51.97925806045532" lon="4.818449020385742">
        <ele>-1.39</ele>
      </trkpt>
      <trkpt lat="51.97925806045532" lon="4.818158419802785">
        <ele>-1.37</ele>
      </trkpt>
      <trkpt lat="51.979258144274354" lon="4.817869663238525">
        <ele>-1.35</ele>
      </trkpt>
      <trkpt lat="51.979258144274354" lon="4.817397594451904">
        <ele>-1.32</ele>
      </trkpt>
      <trkpt lat="51.97932260110974" lon="4.817042537033558">
        <ele>-1.28</ele>
      </trkpt>
      <trkpt lat="51.97938680648804" lon="4.816689491271973">
        <ele>-1.25</ele>
      </trkpt>
      <trkpt lat="51.97951580397785" lon="4.816345330327749">
        <ele>-1.18</ele>
      </trkpt>
      <trkpt lat="51.97964429855347" lon="4.81600284576416">
        <ele>-1.12</ele>
      </trkpt>
      <trkpt lat="51.97985887527466" lon="4.815702438354492">
        <ele>-1.07</ele>
      </trkpt>
      <trkpt lat="51.98006280697882" lon="4.815595066174865">
        <ele>-1.03</ele>
      </trkpt>
      <trkpt lat="51.980266654863954" lon="4.815487861633301">
        <ele>-0.97</ele>
      </trkpt>
      <trkpt lat="51.980481231585145" lon="4.815444862470031">
        <ele>-0.87</ele>
      </trkpt>
      <trkpt lat="51.980695724487305" lon="4.815402030944824">
        <ele>-0.78</ele>
      </trkpt>
      <trkpt lat="51.980953300371766" lon="4.815305387601256">
        <ele>-0.76</ele>
      </trkpt>
      <trkpt lat="51.981210708618164" lon="4.815208911895752">
        <ele>-0.7</ele>
      </trkpt>
      <trkpt lat="51.98148446157575" lon="4.815031718462706">
        <ele>-0.65</ele>
      </trkpt>
      <trkpt lat="51.98175821453333" lon="4.814854608848691">
        <ele>-0.61</ele>
      </trkpt>
      <trkpt lat="51.98203205130994" lon="4.814677415415645">
        <ele>-0.55</ele>
      </trkpt>
      <trkpt lat="51.98230504989624" lon="4.81450080871582">
        <ele>-0.49</ele>
      </trkpt>
      <trkpt lat="51.982533959671855" lon="4.814429227262735">
        <ele>-0.42</ele>
      </trkpt>
      <trkpt lat="51.9827629532665" lon="4.81435764580965">
        <ele>-0.35</ele>
      </trkpt>
      <trkpt lat="51.98299169540405" lon="4.814286231994629">
        <ele>-0.29</ele>
      </trkpt>
      <trkpt lat="51.983215073123574" lon="4.814080037176609">
        <ele>-0.22</ele>
      </trkpt>
      <trkpt lat="51.983438450843096" lon="4.813873842358589">
        <ele>-0.16</ele>
      </trkpt>
      <trkpt lat="51.98366182856262" lon="4.813667647540569">
        <ele>-0.1</ele>
      </trkpt>
      <trkpt lat="51.98388520628214" lon="4.813461452722549">
        <ele>-0.01</ele>
      </trkpt>
      <trkpt lat="51.98410749435425" lon="4.81325626373291">
        <ele>0.06</ele>
      </trkpt>
      <trkpt lat="51.98439734056592" lon="4.813095163553953">
        <ele>0.13</ele>
      </trkpt>
      <trkpt lat="51.9846869353205" lon="4.812934398651123">
        <ele>0.22</ele>
      </trkpt>
      <trkpt lat="51.98485851287842" lon="4.812827110290527">
        <ele>0.27</ele>
      </trkpt>
      <trkpt lat="51.98505900800228" lon="4.8126409482210875">
        <ele>0.29</ele>
      </trkpt>
      <trkpt lat="51.985259503126144" lon="4.812454786151648">
        <ele>0.35</ele>
      </trkpt>
      <trkpt lat="51.985459411516786" lon="4.81226921081543">
        <ele>0.41</ele>
      </trkpt>
      <trkpt lat="51.985667031258345" lon="4.81204004958272">
        <ele>0.45</ele>
      </trkpt>
      <trkpt lat="51.985874650999904" lon="4.81181088835001">
        <ele>0.48</ele>
      </trkpt>
      <trkpt lat="51.98608160018921" lon="4.811582565307617">
        <ele>0.49</ele>
      </trkpt>
      <trkpt lat="51.98619978502393" lon="4.811410568654537">
        <ele>0.5</ele>
      </trkpt>
      <trkpt lat="51.98631763458252" lon="4.811239242553711">
        <ele>0.52</ele>
      </trkpt>
      <trkpt lat="51.986518213525414" lon="4.810866583138704">
        <ele>0.54</ele>
      </trkpt>
      <trkpt lat="51.98671887628734" lon="4.810494007542729">
        <ele>0.58</ele>
      </trkpt>
      <trkpt lat="51.986918449401855" lon="4.810123443603516">
        <ele>0.58</ele>
      </trkpt>
      <trkpt lat="51.98714409023523" lon="4.809768805280328">
        <ele>0.59</ele>
      </trkpt>
      <trkpt lat="51.98736914433539" lon="4.809415340423584">
        <ele>0.58</ele>
      </trkpt>
      <trkpt lat="51.98736906051636" lon="4.809415340423584">
        <ele>0.58</ele>
      </trkpt>
      <trkpt lat="51.987530244514346" lon="4.809157429262996">
        <ele>0.54</ele>
      </trkpt>
      <trkpt lat="51.987690925598145" lon="4.808900356292725">
        <ele>0.51</ele>
      </trkpt>
      <trkpt lat="51.98784850537777" lon="4.808628028258681">
        <ele>0.49</ele>
      </trkpt>
      <trkpt lat="51.988006168976426" lon="4.80835578404367">
        <ele>0.46</ele>
      </trkpt>
      <trkpt lat="51.988162994384766" lon="4.808084964752197">
        <ele>0.43</ele>
      </trkpt>
      <trkpt lat="51.988184452056885" lon="4.807891845703125">
        <ele>0.42</ele>
      </trkpt>
      <trkpt lat="51.988205909729004" lon="4.807386081665754">
        <ele>0.39</ele>
      </trkpt>
      <trkpt lat="51.98822736740112" lon="4.806883335113525">
        <ele>0.32</ele>
      </trkpt>
      <trkpt lat="51.98825963772833" lon="4.806560548022389">
        <ele>0.26</ele>
      </trkpt>
      <trkpt lat="51.98829182423651" lon="4.806239604949951">
        <ele>0.22</ele>
      </trkpt>
      <trkpt lat="51.9883562810719" lon="4.805981442332268">
        <ele>0.17</ele>
      </trkpt>
      <trkpt lat="51.988420486450195" lon="4.805724620819092">
        <ele>0.11</ele>
      </trkpt>
      <trkpt lat="51.98852777481079" lon="4.8055100440979">
        <ele>0.06</ele>
      </trkpt>
      <trkpt lat="51.98873187415302" lon="4.805252132937312">
        <ele>0.0</ele>
      </trkpt>
      <trkpt lat="51.988935470581055" lon="4.804995059967041">
        <ele>-0.04</ele>
      </trkpt>
      <trkpt lat="51.98912867344916" lon="4.804694652557373">
        <ele>-0.1</ele>
      </trkpt>
      <trkpt lat="51.98912858963013" lon="4.804694652557373">
        <ele>-0.16</ele>
      </trkpt>
      <trkpt lat="51.98932179249823" lon="4.8043084144592285">
        <ele>-0.25</ele>
      </trkpt>
      <trkpt lat="51.9893217086792" lon="4.8043084144592285">
        <ele>-0.31</ele>
      </trkpt>
      <trkpt lat="51.98943997733295" lon="4.803888900205493">
        <ele>-0.38</ele>
      </trkpt>
      <trkpt lat="51.98955774307251" lon="4.803471565246582">
        <ele>-0.45</ele>
      </trkpt>
      <trkpt lat="51.98963301256299" lon="4.803073508664966">
        <ele>-0.51</ele>
      </trkpt>
      <trkpt lat="51.989707946777344" lon="4.802677631378174">
        <ele>-0.56</ele>
      </trkpt>
      <trkpt lat="51.989815486595035" lon="4.802236575633287">
        <ele>-0.61</ele>
      </trkpt>
      <trkpt lat="51.989922523498535" lon="4.801797866821289">
        <ele>-0.61</ele>
      </trkpt>
      <trkpt lat="51.990083791315556" lon="4.801453789696097">
        <ele>-0.63</ele>
      </trkpt>
      <trkpt lat="51.990244472399354" lon="4.801111221313477">
        <ele>-0.69</ele>
      </trkpt>
      <trkpt lat="51.99024438858032" lon="4.801111221313477">
        <ele>-0.73</ele>
      </trkpt>
      <trkpt lat="51.99028738774359" lon="4.801003932952881">
        <ele>-0.78</ele>
      </trkpt>
      <trkpt lat="51.99031957425177" lon="4.800724145025015">
        <ele>-0.83</ele>
      </trkpt>
      <trkpt lat="51.99035167694092" lon="4.800446033477783">
        <ele>-0.86</ele>
      </trkpt>
      <trkpt lat="51.99032292701304" lon="4.800094496458769">
        <ele>-0.9</ele>
      </trkpt>
      <trkpt lat="51.99029426090419" lon="4.799743043258786">
        <ele>-0.93</ele>
      </trkpt>
      <trkpt lat="51.99026584625244" lon="4.799394607543945">
        <ele>-0.97</ele>
      </trkpt>
      <trkpt lat="51.9902765750885" lon="4.79913636110723">
        <ele>-1.0</ele>
      </trkpt>
      <trkpt lat="51.99028738774359" lon="4.798879623413086">
        <ele>-1.02</ele>
      </trkpt>
      <trkpt lat="51.99028730392456" lon="4.798879623413086">
        <ele>-1.05</ele>
      </trkpt>
      <trkpt lat="51.990416049957275" lon="4.798493385314941">
        <ele>-1.06</ele>
      </trkpt>
      <trkpt lat="51.99060942046344" lon="4.798228349536657">
        <ele>-1.09</ele>
      </trkpt>
      <trkpt lat="51.99080279096961" lon="4.797963313758373">
        <ele>-1.09</ele>
      </trkpt>
      <trkpt lat="51.99099540710449" lon="4.797699451446533">
        <ele>-1.13</ele>
      </trkpt>
      <trkpt lat="51.991188609972596" lon="4.797313213348389">
        <ele>-1.17</ele>
      </trkpt>
      <trkpt lat="51.9913247320801" lon="4.796904511749744">
        <ele>-1.22</ele>
      </trkpt>
      <trkpt lat="51.99146093800664" lon="4.796495893970132">
        <ele>-1.26</ele>
      </trkpt>
      <trkpt lat="51.99159622192383" lon="4.796090126037598">
        <ele>-1.32</ele>
      </trkpt>
      <trkpt lat="51.99167149141431" lon="4.795810421928763">
        <ele>-1.38</ele>
      </trkpt>
      <trkpt lat="51.99174642562866" lon="4.7955322265625">
        <ele>-1.4</ele>
      </trkpt>
      <trkpt lat="51.99174642562866" lon="4.795188903808594">
        <ele>-1.42</ele>
      </trkpt>
      <trkpt lat="51.991682052612305" lon="4.794888496398926">
        <ele>-1.42</ele>
      </trkpt>
      <trkpt lat="51.991445599123836" lon="4.794555399566889">
        <ele>-1.42</ele>
      </trkpt>
      <trkpt lat="51.991209983825684" lon="4.794223308563232">
        <ele>-1.44</ele>
      </trkpt>
      <trkpt lat="51.99105978012085" lon="4.79379415512085">
        <ele>-1.42</ele>
      </trkpt>
      <trkpt lat="51.99105978012085" lon="4.793493747711182">
        <ele>-1.41</ele>
      </trkpt>
      <trkpt lat="51.99110269546509" lon="4.793300628662109">
        <ele>-1.43</ele>
      </trkpt>
      <trkpt lat="51.99124602600932" lon="4.7929636761546135">
        <ele>-1.42</ele>
      </trkpt>
      <trkpt lat="51.991389356553555" lon="4.792626807466149">
        <ele>-1.44</ele>
      </trkpt>
      <trkpt lat="51.99153184890747" lon="4.79229211807251">
        <ele>-1.49</ele>
      </trkpt>
      <trkpt lat="51.99157476425171" lon="4.792056083679199">
        <ele>-1.54</ele>
      </trkpt>
      <trkpt lat="51.99159622192383" lon="4.791841506958008">
        <ele>-1.55</ele>
      </trkpt>
      <trkpt lat="51.99150293134153" lon="4.791353764012456">
        <ele>-1.55</ele>
      </trkpt>
      <trkpt lat="51.99140972457826" lon="4.790866104885936">
        <ele>-1.53</ele>
      </trkpt>
      <trkpt lat="51.99131727218628" lon="4.790382385253906">
        <ele>-1.53</ele>
      </trkpt>
      <trkpt lat="51.99128491804004" lon="4.789989609271288">
        <ele>-1.54</ele>
      </trkpt>
      <trkpt lat="51.99125264771283" lon="4.789596917107701">
        <ele>-1.55</ele>
      </trkpt>
      <trkpt lat="51.991220377385616" lon="4.789204141125083">
        <ele>-1.57</ele>
      </trkpt>
      <trkpt lat="51.991188526153564" lon="4.788815975189209">
        <ele>-1.63</ele>
      </trkpt>
      <trkpt lat="51.99117771349847" lon="4.788417834788561">
        <ele>-1.67</ele>
      </trkpt>
      <trkpt lat="51.991167068481445" lon="4.788022041320801">
        <ele>-1.68</ele>
      </trkpt>
      <trkpt lat="51.991188609972596" lon="4.787613088265061">
        <ele>-1.69</ele>
      </trkpt>
      <trkpt lat="51.991210067644715" lon="4.787206649780273">
        <ele>-1.69</ele>
      </trkpt>
      <trkpt lat="51.991209983825684" lon="4.787206649780273">
        <ele>-1.7</ele>
      </trkpt>
      <trkpt lat="51.991252982988954" lon="4.786937674507499">
        <ele>-1.7</ele>
      </trkpt>
      <trkpt lat="51.99129589833319" lon="4.786670207977295">
        <ele>-1.7</ele>
      </trkpt>
      <trkpt lat="51.99140335433185" lon="4.78628296405077">
        <ele>-1.7</ele>
      </trkpt>
      <trkpt lat="51.99151089414954" lon="4.785895803943276">
        <ele>-1.7</ele>
      </trkpt>
      <trkpt lat="51.99161767959595" lon="4.785511493682861">
        <ele>-1.64</ele>
      </trkpt>
      <trkpt lat="51.99170367792249" lon="4.785038083791733">
        <ele>-1.6</ele>
      </trkpt>
      <trkpt lat="51.9917893409729" lon="4.784567356109619">
        <ele>-1.63</ele>
      </trkpt>
      <trkpt lat="51.99189688079059" lon="4.7841693833470345">
        <ele>-1.64</ele>
      </trkpt>
      <trkpt lat="51.99200391769409" lon="4.783773422241211">
        <ele>-1.63</ele>
      </trkpt>
      <trkpt lat="51.99221874587238" lon="4.78352271951735">
        <ele>-1.6</ele>
      </trkpt>
      <trkpt lat="51.992433574050665" lon="4.783272100612521">
        <ele>-1.58</ele>
      </trkpt>
      <trkpt lat="51.992647647857666" lon="4.783022403717041">
        <ele>-1.53</ele>
      </trkpt>
      <trkpt lat="51.99284085072577" lon="4.782872032374144">
        <ele>-1.5</ele>
      </trkpt>
      <trkpt lat="51.99303388595581" lon="4.782721996307373">
        <ele>-1.46</ele>
      </trkpt>
      <trkpt lat="51.99329146184027" lon="4.782571792602539">
        <ele>-1.44</ele>
      </trkpt>
      <trkpt lat="51.99351324699819" lon="4.782450087368488">
        <ele>-1.42</ele>
      </trkpt>
      <trkpt lat="51.99373511597514" lon="4.782328382134438">
        <ele>-1.41</ele>
      </trkpt>
      <trkpt lat="51.993956649675965" lon="4.782207012176514">
        <ele>-1.34</ele>
      </trkpt>
      <trkpt lat="51.99419276788831" lon="4.782067369669676">
        <ele>-1.25</ele>
      </trkpt>
      <trkpt lat="51.994428718462586" lon="4.781928062438965">
        <ele>-1.16</ele>
      </trkpt>
      <trkpt lat="51.994686210528016" lon="4.781777858734131">
        <ele>-1.08</ele>
      </trkpt>
      <trkpt lat="51.99479349888861" lon="4.781670570373535">
        <ele>-1.03</ele>
      </trkpt>
      <trkpt lat="51.99479341506958" lon="4.781670570373535">
        <ele>-0.96</ele>
      </trkpt>
      <trkpt lat="51.994900703430176" lon="4.781520366668701">
        <ele>-0.91</ele>
      </trkpt>
      <trkpt lat="51.995056523010135" lon="4.78116556070745">
        <ele>-0.82</ele>
      </trkpt>
      <trkpt lat="51.995212426409125" lon="4.780810754746199">
        <ele>-0.73</ele>
      </trkpt>
      <trkpt lat="51.995368329808116" lon="4.780456032603979">
        <ele>-0.66</ele>
      </trkpt>
      <trkpt lat="51.99552297592163" lon="4.780104160308838">
        <ele>-0.56</ele>
      </trkpt>
      <trkpt lat="51.99563026428223" lon="4.779975414276123">
        <ele>-0.46</ele>
      </trkpt>
      <trkpt lat="51.99588800780475" lon="4.779782127588987">
        <ele>-0.37</ele>
      </trkpt>
      <trkpt lat="51.99614533223212" lon="4.7795891761779785">
        <ele>-0.3</ele>
      </trkpt>
      <trkpt lat="51.996145248413086" lon="4.7795891761779785">
        <ele>-0.21</ele>
      </trkpt>
      <trkpt lat="51.99639578349888" lon="4.779417347162962">
        <ele>-0.14</ele>
      </trkpt>
      <trkpt lat="51.99664631858468" lon="4.779245518147945">
        <ele>-0.04</ele>
      </trkpt>
      <trkpt lat="51.99689635075629" lon="4.779074192047119">
        <ele>0.05</ele>
      </trkpt>
      <trkpt lat="51.996896266937256" lon="4.779074192047119">
        <ele>0.15</ele>
      </trkpt>
      <trkpt lat="51.99716683477163" lon="4.778893813490868">
        <ele>0.26</ele>
      </trkpt>
      <trkpt lat="51.99743740260601" lon="4.778713434934616">
        <ele>0.37</ele>
      </trkpt>
      <trkpt lat="51.99770797044039" lon="4.778533056378365">
        <ele>0.51</ele>
      </trkpt>
      <trkpt lat="51.997978538274765" lon="4.778352677822113">
        <ele>0.63</ele>
      </trkpt>
      <trkpt lat="51.99824818409979" lon="4.778172969818115">
        <ele>0.71</ele>
      </trkpt>
      <trkpt lat="51.99848438613117" lon="4.778011869639158">
        <ele>0.83</ele>
      </trkpt>
      <trkpt lat="51.998720252886415" lon="4.777851104736328">
        <ele>0.95</ele>
      </trkpt>
      <trkpt lat="51.998942121863365" lon="4.777693608775735">
        <ele>1.08</ele>
      </trkpt>
      <trkpt lat="51.999163990840316" lon="4.777536112815142">
        <ele>1.21</ele>
      </trkpt>
      <trkpt lat="51.999385356903076" lon="4.777379035949707">
        <ele>1.35</ele>
      </trkpt>
      <trkpt lat="51.9996502250433" lon="4.777149874716997">
        <ele>1.53</ele>
      </trkpt>
      <trkpt lat="51.99991509318352" lon="4.776920797303319">
        <ele>1.68</ele>
      </trkpt>
      <trkpt lat="52.000179290771484" lon="4.7766923904418945">
        <ele>1.85</ele>
      </trkpt>
      <trkpt lat="52.00032949447632" lon="4.776670932769775">
        <ele>1.96</ele>
      </trkpt>
      <trkpt lat="52.00047969818115" lon="4.776585102081299">
        <ele>2.1</ele>
      </trkpt>
      <trkpt lat="52.000629901885986" lon="4.776606559753418">
        <ele>2.23</ele>
      </trkpt>
      <trkpt lat="52.00071573257446" lon="4.776735305786133">
        <ele>2.37</ele>
      </trkpt>
      <trkpt lat="52.00080164708197" lon="4.776670932769775">
        <ele>2.51</ele>
      </trkpt>
      <trkpt lat="52.0008659362793" lon="4.776606559753418">
        <ele>2.65</ele>
      </trkpt>
      <trkpt lat="52.0008659362793" lon="4.77630615234375">
        <ele>2.78</ele>
      </trkpt>
      <trkpt lat="52.00097322463989" lon="4.776177406311035">
        <ele>2.92</ele>
      </trkpt>
      <trkpt lat="52.00095176696777" lon="4.776091575622559">
        <ele>3.06</ele>
      </trkpt>
      <trkpt lat="52.000908851623535" lon="4.775941371917725">
        <ele>3.21</ele>
      </trkpt>
      <trkpt lat="52.00080156326294" lon="4.776005744934082">
        <ele>3.33</ele>
      </trkpt>
      <trkpt lat="52.0007586479187" lon="4.775962829589844">
        <ele>3.46</ele>
      </trkpt>
      <trkpt lat="52.00075873173773" lon="4.775962829589844">
        <ele>3.57</ele>
      </trkpt>
      <trkpt lat="52.000694274902344" lon="4.77581262588501">
        <ele>3.7</ele>
      </trkpt>
      <trkpt lat="52.00064046308398" lon="4.775543650612235">
        <ele>3.81</ele>
      </trkpt>
      <trkpt lat="52.00058698654175" lon="4.775276184082031">
        <ele>3.91</ele>
      </trkpt>
      <trkpt lat="52.00056552886963" lon="4.774997234344482">
        <ele>4.0</ele>
      </trkpt>
      <trkpt lat="52.00054407119751" lon="4.774889945983887">
        <ele>4.08</ele>
      </trkpt>
      <trkpt lat="52.00056552886963" lon="4.774439334869385">
        <ele>4.2</ele>
      </trkpt>
      <trkpt lat="52.0006085280329" lon="4.773967266082764">
        <ele>4.29</ele>
      </trkpt>
      <trkpt lat="52.00066225603223" lon="4.773655207827687">
        <ele>4.37</ele>
      </trkpt>
      <trkpt lat="52.00071573257446" lon="4.773344993591309">
        <ele>4.39</ele>
      </trkpt>
      <trkpt lat="52.00083400122821" lon="4.772947020828724">
        <ele>4.45</ele>
      </trkpt>
      <trkpt lat="52.000951850786805" lon="4.7725510597229">
        <ele>4.56</ele>
      </trkpt>
      <trkpt lat="52.00105905532837" lon="4.772229194641113">
        <ele>4.63</ele>
      </trkpt>
      <trkpt lat="52.00105905532837" lon="4.772143363952637">
        <ele>4.67</ele>
      </trkpt>
      <trkpt lat="52.00108051300049" lon="4.771680599078536">
        <ele>4.71</ele>
      </trkpt>
      <trkpt lat="52.00110197067261" lon="4.771220684051514">
        <ele>4.68</ele>
      </trkpt>
      <trkpt lat="52.00105461291969" lon="4.7708160895854235">
        <ele>4.62</ele>
      </trkpt>
      <trkpt lat="52.00100725516677" lon="4.770411578938365">
        <ele>4.6</ele>
      </trkpt>
      <trkpt lat="52.00095989741385" lon="4.770006984472275">
        <ele>4.58</ele>
      </trkpt>
      <trkpt lat="52.00091253966093" lon="4.769602473825216">
        <ele>4.56</ele>
      </trkpt>
      <trkpt lat="52.0008659362793" lon="4.7692036628723145">
        <ele>4.5</ele>
      </trkpt>
      <trkpt lat="52.00086602009833" lon="4.7687530517578125">
        <ele>4.42</ele>
      </trkpt>
      <trkpt lat="52.0008659362793" lon="4.7687530517578125">
        <ele>4.34</ele>
      </trkpt>
      <trkpt lat="52.00085872784257" lon="4.768394306302071">
        <ele>4.25</ele>
      </trkpt>
      <trkpt lat="52.00085151940584" lon="4.7680356446653605">
        <ele>4.15</ele>
      </trkpt>
      <trkpt lat="52.00084447860718" lon="4.7676801681518555">
        <ele>4.03</ele>
      </trkpt>
      <trkpt lat="52.000887393951416" lon="4.767422676086426">
        <ele>3.93</ele>
      </trkpt>
      <trkpt lat="52.000865852460265" lon="4.7671321593225">
        <ele>3.81</ele>
      </trkpt>
      <trkpt lat="52.00084447860718" lon="4.766843318939209">
        <ele>3.69</ele>
      </trkpt>
      <trkpt lat="52.00084447860718" lon="4.76642363704741">
        <ele>3.56</ele>
      </trkpt>
      <trkpt lat="52.00084447860718" lon="4.7660064697265625">
        <ele>3.45</ele>
      </trkpt>
      <trkpt lat="52.00087674893439" lon="4.765565246343613">
        <ele>3.33</ele>
      </trkpt>
      <trkpt lat="52.000908851623535" lon="4.765126705169678">
        <ele>3.21</ele>
      </trkpt>
      <trkpt lat="52.000951850786805" lon="4.764789585024118">
        <ele>3.1</ele>
      </trkpt>
      <trkpt lat="52.000994849950075" lon="4.764452464878559">
        <ele>2.97</ele>
      </trkpt>
      <trkpt lat="52.00103759765625" lon="4.764118194580078">
        <ele>2.81</ele>
      </trkpt>
      <trkpt lat="52.00106986798346" lon="4.763773865997791">
        <ele>2.66</ele>
      </trkpt>
      <trkpt lat="52.00110197067261" lon="4.763431549072266">
        <ele>2.55</ele>
      </trkpt>
      <trkpt lat="52.00107179582119" lon="4.762953780591488">
        <ele>2.39</ele>
      </trkpt>
      <trkpt lat="52.001041704788804" lon="4.76247601211071">
        <ele>2.3</ele>
      </trkpt>
      <trkpt lat="52.00101152993739" lon="4.761998243629932">
        <ele>2.25</ele>
      </trkpt>
      <trkpt lat="52.000981438905" lon="4.761520558968186">
        <ele>2.23</ele>
      </trkpt>
      <trkpt lat="52.00095176696777" lon="4.761049747467041">
        <ele>2.18</ele>
      </trkpt>
      <trkpt lat="52.00095176696777" lon="4.76054398342967">
        <ele>2.14</ele>
      </trkpt>
      <trkpt lat="52.00095176696777" lon="4.7600382193923">
        <ele>2.09</ele>
      </trkpt>
      <trkpt lat="52.00095176696777" lon="4.759532539173961">
        <ele>2.03</ele>
      </trkpt>
      <trkpt lat="52.00095176696777" lon="4.759032726287842">
        <ele>1.99</ele>
      </trkpt>
      <trkpt lat="52.000923017039895" lon="4.758573565632105">
        <ele>1.93</ele>
      </trkpt>
      <trkpt lat="52.00089435093105" lon="4.7581144887954">
        <ele>1.87</ele>
      </trkpt>
      <trkpt lat="52.0008659362793" lon="4.757659435272217">
        <ele>1.84</ele>
      </trkpt>
      <trkpt lat="52.000876665115356" lon="4.757207483053207">
        <ele>1.8</ele>
      </trkpt>
      <trkpt lat="52.000887393951416" lon="4.756758213043213">
        <ele>1.76</ele>
      </trkpt>
      <trkpt lat="52.000930393114686" lon="4.756264686584473">
        <ele>1.76</ele>
      </trkpt>
      <trkpt lat="52.000930309295654" lon="4.756264686584473">
        <ele>1.73</ele>
      </trkpt>
      <trkpt lat="52.000962579622865" lon="4.755888087674975">
        <ele>1.73</ele>
      </trkpt>
      <trkpt lat="52.00099476613104" lon="4.755513668060303">
        <ele>1.75</ele>
      </trkpt>
      <trkpt lat="52.00103768147528" lon="4.755233880132437">
        <ele>1.74</ele>
      </trkpt>
      <trkpt lat="52.00108051300049" lon="4.754955768585205">
        <ele>1.71</ele>
      </trkpt>
      <trkpt lat="52.00114505365491" lon="4.754579169675708">
        <ele>1.72</ele>
      </trkpt>
      <trkpt lat="52.0012092590332" lon="4.754204750061035">
        <ele>1.72</ele>
      </trkpt>
      <trkpt lat="52.00133825652301" lon="4.753789929673076">
        <ele>1.67</ele>
      </trkpt>
      <trkpt lat="52.001467337831855" lon="4.753375109285116">
        <ele>1.61</ele>
      </trkpt>
      <trkpt lat="52.0015964191407" lon="4.752960288897157">
        <ele>1.66</ele>
      </trkpt>
      <trkpt lat="52.00172541663051" lon="4.752545468509197">
        <ele>1.7</ele>
      </trkpt>
      <trkpt lat="52.00185449793935" lon="4.752130648121238">
        <ele>1.57</ele>
      </trkpt>
      <trkpt lat="52.00198357924819" lon="4.751715827733278">
        <ele>1.43</ele>
      </trkpt>
      <trkpt lat="52.00211048126221" lon="4.751307964324951">
        <ele>1.32</ele>
      </trkpt>
      <trkpt lat="52.0021678134799" lon="4.7509565111249685">
        <ele>1.27</ele>
      </trkpt>
      <trkpt lat="52.002225229516625" lon="4.750605057924986">
        <ele>1.25</ele>
      </trkpt>
      <trkpt lat="52.00228214263916" lon="4.750256538391113">
        <ele>1.27</ele>
      </trkpt>
      <trkpt lat="52.00230360031128" lon="4.749976750463247">
        <ele>1.26</ele>
      </trkpt>
      <trkpt lat="52.0023250579834" lon="4.749698638916016">
        <ele>1.22</ele>
      </trkpt>
      <trkpt lat="52.00233578681946" lon="4.749354310333729">
        <ele>1.15</ele>
      </trkpt>
      <trkpt lat="52.00234651565552" lon="4.749011993408203">
        <ele>1.11</ele>
      </trkpt>
      <trkpt lat="52.002303432673216" lon="4.748506229370832">
        <ele>1.11</ele>
      </trkpt>
      <trkpt lat="52.00226068496704" lon="4.7480034828186035">
        <ele>1.09</ele>
      </trkpt>
      <trkpt lat="52.00228214263916" lon="4.747724533081055">
        <ele>1.09</ele>
      </trkpt>
      <trkpt lat="52.00230360031128" lon="4.747445583343506">
        <ele>1.07</ele>
      </trkpt>
      <trkpt lat="52.0023681409657" lon="4.7470510471612215">
        <ele>1.06</ele>
      </trkpt>
      <trkpt lat="52.00243268162012" lon="4.746656594797969">
        <ele>1.05</ele>
      </trkpt>
      <trkpt lat="52.00249671936035" lon="4.746265411376953">
        <ele>1.06</ele>
      </trkpt>
      <trkpt lat="52.002554051578045" lon="4.745842209085822">
        <ele>1.04</ele>
      </trkpt>
      <trkpt lat="52.00261146761477" lon="4.745419006794691">
        <ele>1.02</ele>
      </trkpt>
      <trkpt lat="52.00266879983246" lon="4.74499580450356">
        <ele>1.03</ele>
      </trkpt>
      <trkpt lat="52.00272621586919" lon="4.744572602212429">
        <ele>1.02</ele>
      </trkpt>
      <trkpt lat="52.00278363190591" lon="4.74414948374033">
        <ele>0.96</ele>
      </trkpt>
      <trkpt lat="52.00284004211426" lon="4.7437334060668945">
        <ele>0.92</ele>
      </trkpt>
      <trkpt lat="52.00291531160474" lon="4.743389161303639">
        <ele>0.89</ele>
      </trkpt>
      <trkpt lat="52.00299024581909" lon="4.743046760559082">
        <ele>0.87</ele>
      </trkpt>
      <trkpt lat="52.00307624414563" lon="4.742788597941399">
        <ele>0.84</ele>
      </trkpt>
      <trkpt lat="52.003161907196045" lon="4.742531776428223">
        <ele>0.8</ele>
      </trkpt>
      <trkpt lat="52.0033266954124" lon="4.742144700139761">
        <ele>0.77</ele>
      </trkpt>
      <trkpt lat="52.00349156744778" lon="4.741757623851299">
        <ele>0.7</ele>
      </trkpt>
      <trkpt lat="52.003655433654785" lon="4.741373062133789">
        <ele>0.64</ele>
      </trkpt>
      <trkpt lat="52.00384855270386" lon="4.741179943084717">
        <ele>0.61</ele>
      </trkpt>
      <trkpt lat="52.00391300953925" lon="4.741072654724121">
        <ele>0.59</ele>
      </trkpt>
      <trkpt lat="52.003977382555604" lon="4.740943908691406">
        <ele>0.57</ele>
      </trkpt>
      <trkpt lat="52.00404167175293" lon="4.740815162658691">
        <ele>0.55</ele>
      </trkpt>
      <trkpt lat="52.004148960113525" lon="4.740557670593262">
        <ele>0.55</ele>
      </trkpt>
      <trkpt lat="52.004363872110844" lon="4.740192219614983">
        <ele>0.57</ele>
      </trkpt>
      <trkpt lat="52.00457811355591" lon="4.739828109741211">
        <ele>0.6</ele>
      </trkpt>
      <trkpt lat="52.00469629839063" lon="4.73959157243371">
        <ele>0.54</ele>
      </trkpt>
      <trkpt lat="52.00481414794922" lon="4.73935604095459">
        <ele>0.53</ele>
      </trkpt>
      <trkpt lat="52.005007518455386" lon="4.739055130630732">
        <ele>0.52</ele>
      </trkpt>
      <trkpt lat="52.005200972780585" lon="4.738754220306873">
        <ele>0.54</ele>
      </trkpt>
      <trkpt lat="52.005393505096436" lon="4.738454818725586">
        <ele>0.56</ele>
      </trkpt>
      <trkpt lat="52.00556516647339" lon="4.738154411315918">
        <ele>0.59</ele>
      </trkpt>
      <trkpt lat="52.0056939125061" lon="4.737811088562012">
        <ele>0.64</ele>
      </trkpt>
      <trkpt lat="52.005790723487735" lon="4.737456114962697">
        <ele>0.65</ele>
      </trkpt>
      <trkpt lat="52.00588711537421" lon="4.73710298538208">
        <ele>0.67</ele>
      </trkpt>
      <trkpt lat="52.00598602183163" lon="4.736651116982102">
        <ele>0.72</ele>
      </trkpt>
      <trkpt lat="52.00608501210809" lon="4.736199332401156">
        <ele>0.77</ele>
      </trkpt>
      <trkpt lat="52.00618391856551" lon="4.7357475478202105">
        <ele>0.84</ele>
      </trkpt>
      <trkpt lat="52.00628290884197" lon="4.7352957632392645">
        <ele>0.9</ele>
      </trkpt>
      <trkpt lat="52.006380558013916" lon="4.73484992980957">
        <ele>0.97</ele>
      </trkpt>
      <trkpt lat="52.00650938786566" lon="4.734442234039307">
        <ele>1.08</ele>
      </trkpt>
      <trkpt lat="52.00658457353711" lon="4.734065718948841">
        <ele>1.17</ele>
      </trkpt>
      <trkpt lat="52.006659507751465" lon="4.733691215515137">
        <ele>1.23</ele>
      </trkpt>
      <trkpt lat="52.006723964586854" lon="4.733219146728516">
        <ele>1.29</ele>
      </trkpt>
      <trkpt lat="52.00672388076782" lon="4.733219146728516">
        <ele>1.37</ele>
      </trkpt>
      <trkpt lat="52.00681708753109" lon="4.73281036131084">
        <ele>1.42</ele>
      </trkpt>
      <trkpt lat="52.00691029429436" lon="4.732401575893164">
        <ele>1.5</ele>
      </trkpt>
      <trkpt lat="52.00700358487666" lon="4.731992874294519">
        <ele>1.59</ele>
      </trkpt>
      <trkpt lat="52.007096791639924" lon="4.7315840888768435">
        <ele>1.69</ele>
      </trkpt>
      <trkpt lat="52.00719008222222" lon="4.7311753034591675">
        <ele>1.76</ele>
      </trkpt>
      <trkpt lat="52.00728186406195" lon="4.730772972106934">
        <ele>1.84</ele>
      </trkpt>
      <trkpt lat="52.00728178024292" lon="4.730772972106934">
        <ele>1.94</ele>
      </trkpt>
      <trkpt lat="52.0073570497334" lon="4.7302888333797455">
        <ele>2.06</ele>
      </trkpt>
      <trkpt lat="52.007431983947754" lon="4.729807376861572">
        <ele>2.21</ele>
      </trkpt>
      <trkpt lat="52.007421255111694" lon="4.729484505951405">
        <ele>2.33</ele>
      </trkpt>
      <trkpt lat="52.00741061009467" lon="4.729163646697998">
        <ele>2.48</ele>
      </trkpt>
      <trkpt lat="52.007367527112365" lon="4.72879777662456">
        <ele>2.61</ele>
      </trkpt>
      <trkpt lat="52.00732469558716" lon="4.728434085845947">
        <ele>2.73</ele>
      </trkpt>
      <trkpt lat="52.00721740722656" lon="4.728090763092041">
        <ele>2.82</ele>
      </trkpt>
      <trkpt lat="52.00707156211138" lon="4.727674936875701">
        <ele>2.93</ele>
      </trkpt>
      <trkpt lat="52.006925800815225" lon="4.727259110659361">
        <ele>3.01</ele>
      </trkpt>
      <trkpt lat="52.00678003951907" lon="4.726843284443021">
        <ele>3.15</ele>
      </trkpt>
      <trkpt lat="52.00663427822292" lon="4.726427458226681">
        <ele>3.29</ele>
      </trkpt>
      <trkpt lat="52.006488516926765" lon="4.726011632010341">
        <ele>3.38</ele>
      </trkpt>
      <trkpt lat="52.00634275563061" lon="4.725595805794001">
        <ele>3.42</ele>
      </trkpt>
      <trkpt lat="52.00619699433446" lon="4.725180063396692">
        <ele>3.49</ele>
      </trkpt>
      <trkpt lat="52.006051233038306" lon="4.724764237180352">
        <ele>3.54</ele>
      </trkpt>
      <trkpt lat="52.005908489227295" lon="4.7243571281433105">
        <ele>3.6</ele>
      </trkpt>
      <trkpt lat="52.00586557388306" lon="4.723927974700928">
        <ele>3.62</ele>
      </trkpt>
      <trkpt lat="52.00582265853882" lon="4.723820686340332">
        <ele>3.66</ele>
      </trkpt>
      <trkpt lat="52.005715453997254" lon="4.723713397979736">
        <ele>3.68</ele>
      </trkpt>
      <trkpt lat="52.00571537017822" lon="4.723713397979736">
        <ele>3.71</ele>
      </trkpt>
      <trkpt lat="52.00560808181763" lon="4.723455905914307">
        <ele>3.72</ele>
      </trkpt>
      <trkpt lat="52.005500541999936" lon="4.723133202642202">
        <ele>3.76</ele>
      </trkpt>
      <trkpt lat="52.005393505096436" lon="4.722812175750732">
        <ele>3.81</ele>
      </trkpt>
      <trkpt lat="52.005414962768555" lon="4.722447395324707">
        <ele>3.83</ele>
      </trkpt>
      <trkpt lat="52.005479503422976" lon="4.722210690379143">
        <ele>3.84</ele>
      </trkpt>
      <trkpt lat="52.0055437926203" lon="4.721975326538086">
        <ele>3.84</ele>
      </trkpt>
      <trkpt lat="52.00560808181763" lon="4.721825122833252">
        <ele>3.83</ele>
      </trkpt>
      <trkpt lat="52.00556525029242" lon="4.721717834472656">
        <ele>3.8</ele>
      </trkpt>
      <trkpt lat="52.0055437926203" lon="4.721674919128418">
        <ele>3.78</ele>
      </trkpt>
      <trkpt lat="52.00552233494818" lon="4.721481800079346">
        <ele>3.75</ele>
      </trkpt>
      <trkpt lat="52.00550087727606" lon="4.721438884735107">
        <ele>3.72</ele>
      </trkpt>
      <trkpt lat="52.005479419603944" lon="4.72137451171875">
        <ele>3.68</ele>
      </trkpt>
      <trkpt lat="52.0052433013916" lon="4.721331596374512">
        <ele>3.62</ele>
      </trkpt>
      <trkpt lat="52.005157470703125" lon="4.721224308013916">
        <ele>3.57</ele>
      </trkpt>
      <trkpt lat="52.00509309768677" lon="4.721074104309082">
        <ele>3.53</ele>
      </trkpt>
      <trkpt lat="52.00511455535889" lon="4.720602035522461">
        <ele>3.57</ele>
      </trkpt>
      <trkpt lat="52.00509309768677" lon="4.720430374145508">
        <ele>3.56</ele>
      </trkpt>
      <trkpt lat="52.004985893145204" lon="4.720087051391602">
        <ele>3.53</ele>
      </trkpt>
      <trkpt lat="52.00496435165405" lon="4.719808101654053">
        <ele>3.49</ele>
      </trkpt>
      <trkpt lat="52.00502880848944" lon="4.719593524932861">
        <ele>3.47</ele>
      </trkpt>
      <trkpt lat="52.00502872467041" lon="4.719593524932861">
        <ele>3.43</ele>
      </trkpt>
      <trkpt lat="52.0051362644881" lon="4.719249363988638">
        <ele>3.42</ele>
      </trkpt>
      <trkpt lat="52.0052433013916" lon="4.718906879425049">
        <ele>3.36</ele>
      </trkpt>
      <trkpt lat="52.00526484288275" lon="4.718562550842762">
        <ele>3.28</ele>
      </trkpt>
      <trkpt lat="52.00528630055487" lon="4.718220233917236">
        <ele>3.24</ele>
      </trkpt>
      <trkpt lat="52.00528630055487" lon="4.718177318572998">
        <ele>3.2</ele>
      </trkpt>
      <trkpt lat="52.00528621673584" lon="4.718070030212402">
        <ele>3.16</ele>
      </trkpt>
      <trkpt lat="52.00528621673584" lon="4.717898368835449">
        <ele>3.13</ele>
      </trkpt>
      <trkpt lat="52.00531203299761" lon="4.717407692223787">
        <ele>3.12</ele>
      </trkpt>
      <trkpt lat="52.00533784925938" lon="4.716917015612125">
        <ele>3.15</ele>
      </trkpt>
      <trkpt lat="52.005363665521145" lon="4.7164263390004635">
        <ele>3.16</ele>
      </trkpt>
      <trkpt lat="52.00538948178291" lon="4.715935746207833">
        <ele>3.17</ele>
      </trkpt>
      <trkpt lat="52.005414962768555" lon="4.715452194213867">
        <ele>3.15</ele>
      </trkpt>
      <trkpt lat="52.005393421277404" lon="4.71511859446764">
        <ele>3.11</ele>
      </trkpt>
      <trkpt lat="52.00537213124335" lon="4.714787006378174">
        <ele>3.07</ele>
      </trkpt>
      <trkpt lat="52.00524338521063" lon="4.714336395263672">
        <ele>2.94</ele>
      </trkpt>
      <trkpt lat="52.00524338521063" lon="4.714293479919434">
        <ele>2.91</ele>
      </trkpt>
      <trkpt lat="52.00508203357458" lon="4.713895590975881">
        <ele>2.83</ele>
      </trkpt>
      <trkpt lat="52.004921520128846" lon="4.713499546051025">
        <ele>2.81</ele>
      </trkpt>
      <trkpt lat="52.004770897328854" lon="4.713144740089774">
        <ele>2.82</ele>
      </trkpt>
      <trkpt lat="52.00462102890015" lon="4.712791442871094">
        <ele>2.8</ele>
      </trkpt>
      <trkpt lat="52.0044491160661" lon="4.712519198656082">
        <ele>2.78</ele>
      </trkpt>
      <trkpt lat="52.00427720323205" lon="4.712246954441071">
        <ele>2.76</ele>
      </trkpt>
      <trkpt lat="52.00410612858832" lon="4.711976051330566">
        <ele>2.73</ele>
      </trkpt>
      <trkpt lat="52.00410604476929" lon="4.711976051330566">
        <ele>2.71</ele>
      </trkpt>
      <trkpt lat="52.00393404811621" lon="4.71164639107883">
        <ele>2.7</ele>
      </trkpt>
      <trkpt lat="52.00376213528216" lon="4.711316730827093">
        <ele>2.69</ele>
      </trkpt>
      <trkpt lat="52.00359114445746" lon="4.710988998413086">
        <ele>2.69</ele>
      </trkpt>
      <trkpt lat="52.00359106063843" lon="4.710988998413086">
        <ele>2.7</ele>
      </trkpt>
      <trkpt lat="52.00344052165747" lon="4.710673587396741">
        <ele>2.7</ele>
      </trkpt>
      <trkpt lat="52.00329006649554" lon="4.710358260199428">
        <ele>2.69</ele>
      </trkpt>
      <trkpt lat="52.00314053334296" lon="4.710044860839844">
        <ele>2.66</ele>
      </trkpt>
      <trkpt lat="52.002925872802734" lon="4.709722995758057">
        <ele>2.72</ele>
      </trkpt>
      <trkpt lat="52.002753876149654" lon="4.709400460124016">
        <ele>2.81</ele>
      </trkpt>
      <trkpt lat="52.002581879496574" lon="4.709078008309007">
        <ele>2.9</ele>
      </trkpt>
      <trkpt lat="52.002410888671875" lon="4.708757400512695">
        <ele>2.92</ele>
      </trkpt>
      <trkpt lat="52.00219597667456" lon="4.708456490188837">
        <ele>2.95</ele>
      </trkpt>
      <trkpt lat="52.00198114849627" lon="4.7081556636840105">
        <ele>2.96</ele>
      </trkpt>
      <trkpt lat="52.00176724232733" lon="4.707856178283691">
        <ele>2.99</ele>
      </trkpt>
      <trkpt lat="52.0017671585083" lon="4.707856178283691">
        <ele>3.02</ele>
      </trkpt>
      <trkpt lat="52.00161695480347" lon="4.7076416015625">
        <ele>3.02</ele>
      </trkpt>
      <trkpt lat="52.00139483436942" lon="4.7073048166930676">
        <ele>3.05</ele>
      </trkpt>
      <trkpt lat="52.00117279775441" lon="4.706968115642667">
        <ele>3.11</ele>
      </trkpt>
      <trkpt lat="52.00095076113939" lon="4.706631414592266">
        <ele>3.15</ele>
      </trkpt>
      <trkpt lat="52.00072864070535" lon="4.706294713541865">
        <ele>3.19</ele>
      </trkpt>
      <trkpt lat="52.00050660409033" lon="4.705958012491465">
        <ele>3.22</ele>
      </trkpt>
      <trkpt lat="52.00028666295111" lon="4.705624580383301">
        <ele>3.27</ele>
      </trkpt>
      <trkpt lat="52.00011466629803" lon="4.7053666692227125">
        <ele>3.27</ele>
      </trkpt>
      <trkpt lat="51.999943340197206" lon="4.705109596252441">
        <ele>3.33</ele>
      </trkpt>
      <trkpt lat="51.999728344380856" lon="4.704808685928583">
        <ele>3.39</ele>
      </trkpt>
      <trkpt lat="51.99951410293579" lon="4.7045087814331055">
        <ele>3.43</ele>
      </trkpt>
      <trkpt lat="51.99931528419256" lon="4.704240141436458">
        <ele>3.45</ele>
      </trkpt>
      <trkpt lat="51.999116549268365" lon="4.70397150143981">
        <ele>3.49</ele>
      </trkpt>
      <trkpt lat="51.998917730525136" lon="4.703702945262194">
        <ele>3.56</ele>
      </trkpt>
      <trkpt lat="51.99872016906738" lon="4.703435897827148">
        <ele>3.59</ele>
      </trkpt>
      <trkpt lat="51.998505257070065" lon="4.70317262224853">
        <ele>3.61</ele>
      </trkpt>
      <trkpt lat="51.99829042889178" lon="4.702909430488944">
        <ele>3.59</ele>
      </trkpt>
      <trkpt lat="51.99807560071349" lon="4.702646238729358">
        <ele>3.54</ele>
      </trkpt>
      <trkpt lat="51.99786186218262" lon="4.7023844718933105">
        <ele>3.51</ele>
      </trkpt>
      <trkpt lat="51.99773286469281" lon="4.702158747240901">
        <ele>3.53</ele>
      </trkpt>
      <trkpt lat="51.99760437011719" lon="4.701933860778809">
        <ele>3.54</ele>
      </trkpt>
      <trkpt lat="51.99742164462805" lon="4.701589867472649">
        <ele>3.55</ele>
      </trkpt>
      <trkpt lat="51.99723958969116" lon="4.701247215270996">
        <ele>3.54</ele>
      </trkpt>
      <trkpt lat="51.99714277870953" lon="4.700978323817253">
        <ele>3.58</ele>
      </trkpt>
      <trkpt lat="51.99704647064209" lon="4.700710773468018">
        <ele>3.59</ele>
      </trkpt>
      <trkpt lat="51.99698209762573" lon="4.7003889083862305">
        <ele>3.62</ele>
      </trkpt>
      <trkpt lat="51.99690146371722" lon="4.699944416061044">
        <ele>3.63</ele>
      </trkpt>
      <trkpt lat="51.996820913627744" lon="4.699499923735857">
        <ele>3.63</ele>
      </trkpt>
      <trkpt lat="51.996740363538265" lon="4.69905543141067">
        <ele>3.62</ele>
      </trkpt>
      <trkpt lat="51.99665981344879" lon="4.6986109390854836">
        <ele>3.62</ele>
      </trkpt>
      <trkpt lat="51.99657926335931" lon="4.6981665305793285">
        <ele>3.6</ele>
      </trkpt>
      <trkpt lat="51.99650005437434" lon="4.697729330509901">
        <ele>3.59</ele>
      </trkpt>
      <trkpt lat="51.99642973020673" lon="4.697341416031122">
        <ele>3.54</ele>
      </trkpt>
      <trkpt lat="51.99635982513428" lon="4.696955680847168">
        <ele>3.51</ele>
      </trkpt>
      <trkpt lat="51.99640282429755" lon="4.696654351428151">
        <ele>3.47</ele>
      </trkpt>
      <trkpt lat="51.996445655822754" lon="4.696354866027832">
        <ele>3.46</ele>
      </trkpt>
      <trkpt lat="51.996424198150635" lon="4.6962690353393555">
        <ele>3.46</ele>
      </trkpt>
      <trkpt lat="51.99633836746216" lon="4.696247577667236">
        <ele>3.45</ele>
      </trkpt>
      <trkpt lat="51.99631690979004" lon="4.6961188316345215">
        <ele>3.45</ele>
      </trkpt>
      <trkpt lat="51.996166706085205" lon="4.695925712585449">
        <ele>3.46</ele>
      </trkpt>
      <trkpt lat="51.99612379074097" lon="4.695625305175781">
        <ele>3.44</ele>
      </trkpt>
      <trkpt lat="51.996166706085205" lon="4.695389270782471">
        <ele>3.44</ele>
      </trkpt>
      <trkpt lat="51.996402740478516" lon="4.69515323638916">
        <ele>3.4</ele>
      </trkpt>
      <trkpt lat="51.99646711349487" lon="4.695131778717041">
        <ele>3.37</ele>
      </trkpt>
      <trkpt lat="51.99666031636298" lon="4.695067321881652">
        <ele>3.32</ele>
      </trkpt>
      <trkpt lat="51.99685335159302" lon="4.695003032684326">
        <ele>3.24</ele>
      </trkpt>
      <trkpt lat="51.9970787409693" lon="4.694917118176818">
        <ele>3.17</ele>
      </trkpt>
      <trkpt lat="51.99730396270752" lon="4.694831371307373">
        <ele>3.09</ele>
      </trkpt>
      <trkpt lat="51.99738987721503" lon="4.694809913635254">
        <ele>3.03</ele>
      </trkpt>
      <trkpt lat="51.997389793395996" lon="4.694809913635254">
        <ele>2.97</ele>
      </trkpt>
      <trkpt lat="51.99765449389815" lon="4.694759789854288">
        <ele>2.84</ele>
      </trkpt>
      <trkpt lat="51.99791927821934" lon="4.694709666073322">
        <ele>2.81</ele>
      </trkpt>
      <trkpt lat="51.998183727264404" lon="4.69465970993042">
        <ele>2.77</ele>
      </trkpt>
      <trkpt lat="51.998462760820985" lon="4.69465970993042">
        <ele>2.75</ele>
      </trkpt>
      <trkpt lat="51.998741710558534" lon="4.69465970993042">
        <ele>2.73</ele>
      </trkpt>
      <trkpt lat="51.9987416267395" lon="4.69465970993042">
        <ele>2.66</ele>
      </trkpt>
      <trkpt lat="51.99900993146002" lon="4.694702625274658">
        <ele>2.56</ele>
      </trkpt>
      <trkpt lat="51.99927806854248" lon="4.6947455406188965">
        <ele>2.37</ele>
      </trkpt>
      <trkpt lat="51.99956783093512" lon="4.6948206424713135">
        <ele>2.2</ele>
      </trkpt>
      <trkpt lat="51.99985759332776" lon="4.6948957443237305">
        <ele>2.15</ele>
      </trkpt>
      <trkpt lat="52.00014743953943" lon="4.694970929995179">
        <ele>2.14</ele>
      </trkpt>
      <trkpt lat="52.000436782836914" lon="4.6950459480285645">
        <ele>2.06</ele>
      </trkpt>
      <trkpt lat="52.000436866655946" lon="4.694938659667969">
        <ele>1.98</ele>
      </trkpt>
      <trkpt lat="52.000436866655946" lon="4.694874286651611">
        <ele>1.89</ele>
      </trkpt>
      <trkpt lat="52.00047969818115" lon="4.694724082946777">
        <ele>1.81</ele>
      </trkpt>
      <trkpt lat="52.000479782000184" lon="4.694724082946777">
        <ele>1.71</ele>
      </trkpt>
      <trkpt lat="52.000479782000184" lon="4.69465970993042">
        <ele>1.59</ele>
      </trkpt>
      <trkpt lat="52.0005012396723" lon="4.694552421569824">
        <ele>1.49</ele>
      </trkpt>
      <trkpt lat="52.000629901885986" lon="4.6944451332092285">
        <ele>1.41</ele>
      </trkpt>
      <trkpt lat="52.00071573257446" lon="4.694316387176514">
        <ele>1.27</ele>
      </trkpt>
      <trkpt lat="52.00080164708197" lon="4.693994522094727">
        <ele>1.11</ele>
      </trkpt>
      <trkpt lat="52.00084456242621" lon="4.693737030029297">
        <ele>0.97</ele>
      </trkpt>
      <trkpt lat="52.00086602009833" lon="4.6935224533081055">
        <ele>0.82</ele>
      </trkpt>
      <trkpt lat="52.00088747777045" lon="4.693307876586914">
        <ele>0.66</ele>
      </trkpt>
      <trkpt lat="52.000908851623535" lon="4.692986011505127">
        <ele>0.5</ele>
      </trkpt>
      <trkpt lat="52.00078010559082" lon="4.692642688751221">
        <ele>0.32</ele>
      </trkpt>
      <trkpt lat="52.00080164708197" lon="4.692513942718506">
        <ele>0.13</ele>
      </trkpt>
      <trkpt lat="52.00082310475409" lon="4.692428112030029">
        <ele>-0.04</ele>
      </trkpt>
      <trkpt lat="52.0008659362793" lon="4.692342281341553">
        <ele>-0.22</ele>
      </trkpt>
      <trkpt lat="52.00101613998413" lon="4.692363739013672">
        <ele>-0.4</ele>
      </trkpt>
      <trkpt lat="52.001187801361084" lon="4.692320823669434">
        <ele>-0.6</ele>
      </trkpt>
      <trkpt lat="52.00134881772101" lon="4.692353010177612">
        <ele>-0.77</ele>
      </trkpt>
      <trkpt lat="52.0015097502619" lon="4.692385196685791">
        <ele>-0.95</ele>
      </trkpt>
      <trkpt lat="52.00174570083618" lon="4.692428112030029">
        <ele>-1.09</ele>
      </trkpt>
      <trkpt lat="52.00190671719611" lon="4.692395841702819">
        <ele>-1.25</ele>
      </trkpt>
      <trkpt lat="52.002067649737" lon="4.692363739013672">
        <ele>-1.39</ele>
      </trkpt>
      <trkpt lat="52.002131938934326" lon="4.6922993659973145">
        <ele>-1.54</ele>
      </trkpt>
      <trkpt lat="52.00213202275336" lon="4.6922993659973145">
        <ele>-1.68</ele>
      </trkpt>
      <trkpt lat="52.00234651565552" lon="4.692063331604004">
        <ele>-1.83</ele>
      </trkpt>
      <trkpt lat="52.00237878598273" lon="4.691632920876145">
        <ele>-1.98</ele>
      </trkpt>
      <trkpt lat="52.002410888671875" lon="4.691205024719238">
        <ele>-2.18</ele>
      </trkpt>
      <trkpt lat="52.00228222645819" lon="4.6907758712768555">
        <ele>-2.35</ele>
      </trkpt>
      <trkpt lat="52.00228214263916" lon="4.6907758712768555">
        <ele>-2.47</ele>
      </trkpt>
      <trkpt lat="52.00226068496704" lon="4.690732955932617">
        <ele>-2.58</ele>
      </trkpt>
      <trkpt lat="52.00223922729492" lon="4.690582752227783">
        <ele>-2.69</ele>
      </trkpt>
      <trkpt lat="52.00226068496704" lon="4.690454006195068">
        <ele>-2.81</ele>
      </trkpt>
      <trkpt lat="52.00245405547321" lon="4.69019609503448">
        <ele>-2.87</ele>
      </trkpt>
      <trkpt lat="52.002646923065186" lon="4.689939022064209">
        <ele>-2.97</ele>
      </trkpt>
      <trkpt lat="52.002732921391726" lon="4.689562506973743">
        <ele>-3.04</ele>
      </trkpt>
      <trkpt lat="52.00281858444214" lon="4.689188003540039">
        <ele>-3.11</ele>
      </trkpt>
      <trkpt lat="52.00281866826117" lon="4.689188003540039">
        <ele>-3.18</ele>
      </trkpt>
      <trkpt lat="52.002882957458496" lon="4.688844680786133">
        <ele>-3.2</ele>
      </trkpt>
      <trkpt lat="52.00294733047485" lon="4.68867301940918">
        <ele>-3.24</ele>
      </trkpt>
      <trkpt lat="52.00310499407351" lon="4.688321817666292">
        <ele>-3.3</ele>
      </trkpt>
      <trkpt lat="52.00326265767217" lon="4.687970615923405">
        <ele>-3.33</ele>
      </trkpt>
      <trkpt lat="52.003419399261475" lon="4.687621593475342">
        <ele>-3.38</ele>
      </trkpt>
      <trkpt lat="52.003569854423404" lon="4.687299057841301">
        <ele>-3.44</ele>
      </trkpt>
      <trkpt lat="52.00371980667114" lon="4.686977863311768">
        <ele>-3.5</ele>
      </trkpt>
      <trkpt lat="52.00387017801404" lon="4.686730680987239">
        <ele>-3.53</ele>
      </trkpt>
      <trkpt lat="52.00402021408081" lon="4.686484336853027">
        <ele>-3.56</ele>
      </trkpt>
      <trkpt lat="52.004191875457764" lon="4.686098098754883">
        <ele>-3.58</ele>
      </trkpt>
      <trkpt lat="52.00425633229315" lon="4.6858613938093185">
        <ele>-3.59</ele>
      </trkpt>
      <trkpt lat="52.00432062149048" lon="4.685626029968262">
        <ele>-3.64</ele>
      </trkpt>
      <trkpt lat="52.004384994506836" lon="4.6852827072143555">
        <ele>-3.67</ele>
      </trkpt>
      <trkpt lat="52.004341911524534" lon="4.6850029192864895">
        <ele>-3.72</ele>
      </trkpt>
      <trkpt lat="52.00429916381836" lon="4.684724807739258">
        <ele>-3.75</ele>
      </trkpt>
      <trkpt lat="52.00434216298163" lon="4.6846818923950195">
        <ele>-3.76</ele>
      </trkpt>
      <trkpt lat="52.00438507832587" lon="4.684596061706543">
        <ele>-3.77</ele>
      </trkpt>
      <trkpt lat="52.004427909851074" lon="4.6845316886901855">
        <ele>-3.79</ele>
      </trkpt>
      <trkpt lat="52.00457811355591" lon="4.684574604034424">
        <ele>-3.78</ele>
      </trkpt>
      <trkpt lat="52.004642486572266" lon="4.684553146362305">
        <ele>-3.8</ele>
      </trkpt>
      <trkpt lat="52.004771400243044" lon="4.684338150545955">
        <ele>-3.83</ele>
      </trkpt>
      <trkpt lat="52.004899978637695" lon="4.684123992919922">
        <ele>-3.83</ele>
      </trkpt>
      <trkpt lat="52.00503258034587" lon="4.683740437030792">
        <ele>-3.83</ele>
      </trkpt>
      <trkpt lat="52.00516518205404" lon="4.683356881141663">
        <ele>-3.88</ele>
      </trkpt>
      <trkpt lat="52.00529786758125" lon="4.682973325252533">
        <ele>-3.94</ele>
      </trkpt>
      <trkpt lat="52.00543046928942" lon="4.682589769363403">
        <ele>-3.96</ele>
      </trkpt>
      <trkpt lat="52.005563070997596" lon="4.682206213474274">
        <ele>-3.98</ele>
      </trkpt>
      <trkpt lat="52.0056939125061" lon="4.681828022003174">
        <ele>-3.98</ele>
      </trkpt>
      <trkpt lat="52.005693996325135" lon="4.681828022003174">
        <ele>-4.0</ele>
      </trkpt>
      <trkpt lat="52.005828358232975" lon="4.681387050077319">
        <ele>-4.01</ele>
      </trkpt>
      <trkpt lat="52.00596280395985" lon="4.6809460781514645">
        <ele>-4.07</ele>
      </trkpt>
      <trkpt lat="52.006097165867686" lon="4.6805051900446415">
        <ele>-4.11</ele>
      </trkpt>
      <trkpt lat="52.00623035430908" lon="4.680068492889404">
        <ele>-4.15</ele>
      </trkpt>
      <trkpt lat="52.00632708147168" lon="4.679821142926812">
        <ele>-4.17</ele>
      </trkpt>
      <trkpt lat="52.006423473358154" lon="4.679574966430664">
        <ele>-4.19</ele>
      </trkpt>
      <trkpt lat="52.006568564102054" lon="4.6792470663785934">
        <ele>-4.18</ele>
      </trkpt>
      <trkpt lat="52.006713738664985" lon="4.678919166326523">
        <ele>-4.19</ele>
      </trkpt>
      <trkpt lat="52.006858829408884" lon="4.678591266274452">
        <ele>-4.24</ele>
      </trkpt>
      <trkpt lat="52.00700283050537" lon="4.6782660484313965">
        <ele>-4.24</ele>
      </trkpt>
      <trkpt lat="52.0070029143244" lon="4.6782660484313965">
        <ele>-4.26</ele>
      </trkpt>
      <trkpt lat="52.007186310365796" lon="4.677861789241433">
        <ele>-4.29</ele>
      </trkpt>
      <trkpt lat="52.00736979022622" lon="4.6774576138705015">
        <ele>-4.35</ele>
      </trkpt>
      <trkpt lat="52.007553270086646" lon="4.67705343849957">
        <ele>-4.41</ele>
      </trkpt>
      <trkpt lat="52.00773674994707" lon="4.676649263128638">
        <ele>-4.43</ele>
      </trkpt>
      <trkpt lat="52.007920229807496" lon="4.676245003938675">
        <ele>-4.45</ele>
      </trkpt>
      <trkpt lat="52.00810370966792" lon="4.675840828567743">
        <ele>-4.49</ele>
      </trkpt>
      <trkpt lat="52.008287189528346" lon="4.675436653196812">
        <ele>-4.44</ele>
      </trkpt>
      <trkpt lat="52.00847066938877" lon="4.67503247782588">
        <ele>-4.41</ele>
      </trkpt>
      <trkpt lat="52.008654149249196" lon="4.674628218635917">
        <ele>-4.44</ele>
      </trkpt>
      <trkpt lat="52.00883762910962" lon="4.674224043264985">
        <ele>-4.48</ele>
      </trkpt>
      <trkpt lat="52.009021108970046" lon="4.673819784075022">
        <ele>-4.52</ele>
      </trkpt>
      <trkpt lat="52.00920458883047" lon="4.67341560870409">
        <ele>-4.59</ele>
      </trkpt>
      <trkpt lat="52.009388068690896" lon="4.6730114333331585">
        <ele>-4.62</ele>
      </trkpt>
      <trkpt lat="52.00957154855132" lon="4.672607174143195">
        <ele>-4.66</ele>
      </trkpt>
      <trkpt lat="52.00974941253662" lon="4.672214984893799">
        <ele>-4.64</ele>
      </trkpt>
      <trkpt lat="52.00986768119037" lon="4.671817012131214">
        <ele>-4.63</ele>
      </trkpt>
      <trkpt lat="52.00998544692993" lon="4.671421051025391">
        <ele>-4.63</ele>
      </trkpt>
      <trkpt lat="52.01003925874829" lon="4.670990640297532">
        <ele>-4.65</ele>
      </trkpt>
      <trkpt lat="52.01009281910956" lon="4.670562744140625">
        <ele>-4.63</ele>
      </trkpt>
      <trkpt lat="52.00994253158569" lon="4.670455455780029">
        <ele>-4.62</ele>
      </trkpt>
      <trkpt lat="52.009942615404725" lon="4.6703267097473145">
        <ele>-4.6</ele>
      </trkpt>
      <trkpt lat="52.00998544692993" lon="4.670155048370361">
        <ele>-4.58</ele>
      </trkpt>
      <trkpt lat="52.010157108306885" lon="4.6701765060424805">
        <ele>-4.56</ele>
      </trkpt>
      <trkpt lat="52.010178565979004" lon="4.670069217681885">
        <ele>-4.56</ele>
      </trkpt>
      <trkpt lat="52.01028593815863" lon="4.670069217681885">
        <ele>-4.53</ele>
      </trkpt>
      <trkpt lat="52.01035031117499" lon="4.670069217681885">
        <ele>-4.5</ele>
      </trkpt>
      <trkpt lat="52.01045751571655" lon="4.670069217681885">
        <ele>-4.48</ele>
      </trkpt>
      <trkpt lat="52.01050043106079" lon="4.670240879058838">
        <ele>-4.45</ele>
      </trkpt>
      <trkpt lat="52.01060771942139" lon="4.670262336730957">
        <ele>-4.43</ele>
      </trkpt>
      <trkpt lat="52.010672092437744" lon="4.6701765060424805">
        <ele>-4.38</ele>
      </trkpt>
      <trkpt lat="52.010801089927554" lon="4.669889761134982">
        <ele>-4.33</ele>
      </trkpt>
      <trkpt lat="52.010930087417364" lon="4.6696031000465155">
        <ele>-4.3</ele>
      </trkpt>
      <trkpt lat="52.01105841435492" lon="4.669318199157715">
        <ele>-4.27</ele>
      </trkpt>
      <trkpt lat="52.01105833053589" lon="4.669318199157715">
        <ele>-4.23</ele>
      </trkpt>
      <trkpt lat="52.01119805686176" lon="4.669006392359734">
        <ele>-4.19</ele>
      </trkpt>
      <trkpt lat="52.01133778318763" lon="4.668694585561752">
        <ele>-4.12</ele>
      </trkpt>
      <trkpt lat="52.01147759333253" lon="4.668382862582803">
        <ele>-4.02</ele>
      </trkpt>
      <trkpt lat="52.011616230010986" lon="4.668073654174805">
        <ele>-3.9</ele>
      </trkpt>
      <trkpt lat="52.011788226664066" lon="4.667772660031915">
        <ele>-3.82</ele>
      </trkpt>
      <trkpt lat="52.011959636583924" lon="4.667472839355469">
        <ele>-3.78</ele>
      </trkpt>
      <trkpt lat="52.01211730018258" lon="4.6671430952847">
        <ele>-3.78</ele>
      </trkpt>
      <trkpt lat="52.01227496378124" lon="4.666813435032964">
        <ele>-3.81</ele>
      </trkpt>
      <trkpt lat="52.012431705370545" lon="4.666485786437988">
        <ele>-3.83</ele>
      </trkpt>
      <trkpt lat="52.012431621551514" lon="4.666485786437988">
        <ele>-3.82</ele>
      </trkpt>
      <trkpt lat="52.01257495209575" lon="4.666191916912794">
        <ele>-3.84</ele>
      </trkpt>
      <trkpt lat="52.01271828263998" lon="4.665898131206632">
        <ele>-3.84</ele>
      </trkpt>
      <trkpt lat="52.01286085881293" lon="4.6656060218811035">
        <ele>-3.85</ele>
      </trkpt>
      <trkpt lat="52.0128607749939" lon="4.6656060218811035">
        <ele>-3.85</ele>
      </trkpt>
      <trkpt lat="52.0130970608443" lon="4.665294382721186">
        <ele>-3.86</ele>
      </trkpt>
      <trkpt lat="52.01333284378052" lon="4.664983749389648">
        <ele>-3.86</ele>
      </trkpt>
      <trkpt lat="52.013472402468324" lon="4.664844106882811">
        <ele>-3.85</ele>
      </trkpt>
      <trkpt lat="52.013611793518066" lon="4.6647047996521">
        <ele>-3.85</ele>
      </trkpt>
      <trkpt lat="52.0138050802052" lon="4.664547303691506">
        <ele>-3.88</ele>
      </trkpt>
      <trkpt lat="52.01399836689234" lon="4.664389807730913">
        <ele>-3.92</ele>
      </trkpt>
      <trkpt lat="52.01419115066528" lon="4.6642327308654785">
        <ele>-3.96</ele>
      </trkpt>
      <trkpt lat="52.014470268040895" lon="4.6640716306865215">
        <ele>-4.03</ele>
      </trkpt>
      <trkpt lat="52.01474913395941" lon="4.663910865783691">
        <ele>-4.09</ele>
      </trkpt>
      <trkpt lat="52.01497091911733" lon="4.66385361738503">
        <ele>-4.1</ele>
      </trkpt>
      <trkpt lat="52.01519270427525" lon="4.663796368986368">
        <ele>-4.1</ele>
      </trkpt>
      <trkpt lat="52.015414237976074" lon="4.663739204406738">
        <ele>-4.06</ele>
      </trkpt>
      <trkpt lat="52.015682542696595" lon="4.663728391751647">
        <ele>-4.06</ele>
      </trkpt>
      <trkpt lat="52.01595067977905" lon="4.663717746734619">
        <ele>-4.1</ele>
      </trkpt>
      <trkpt lat="52.016133069992065" lon="4.663749933242798">
        <ele>-4.13</ele>
      </trkpt>
      <trkpt lat="52.01631546020508" lon="4.663782119750977">
        <ele>-4.17</ele>
      </trkpt>
      <trkpt lat="52.01661595143378" lon="4.663760662078857">
        <ele>-4.22</ele>
      </trkpt>
      <trkpt lat="52.016615867614746" lon="4.663760662078857">
        <ele>-4.23</ele>
      </trkpt>
      <trkpt lat="52.016680324450135" lon="4.663803577423096">
        <ele>-4.24</ele>
      </trkpt>
      <trkpt lat="52.01672323979437" lon="4.663825035095215">
        <ele>-4.24</ele>
      </trkpt>
      <trkpt lat="52.01672315597534" lon="4.663825035095215">
        <ele>-4.24</ele>
      </trkpt>
      <trkpt lat="52.01685190200806" lon="4.663910865783691">
        <ele>-4.24</ele>
      </trkpt>
      <trkpt lat="52.01695919036865" lon="4.664103984832764">
        <ele>-4.18</ele>
      </trkpt>
      <trkpt lat="52.01714174821973" lon="4.66428654268384">
        <ele>-4.13</ele>
      </trkpt>
      <trkpt lat="52.01732397079468" lon="4.664468765258789">
        <ele>-4.1</ele>
      </trkpt>
      <trkpt lat="52.01743125915527" lon="4.6646833419799805">
        <ele>-4.07</ele>
      </trkpt>
      <trkpt lat="52.0176890026778" lon="4.664958268404007">
        <ele>-4.05</ele>
      </trkpt>
      <trkpt lat="52.017946830019355" lon="4.6652331948280334">
        <ele>-4.04</ele>
      </trkpt>
      <trkpt lat="52.01820457354188" lon="4.665508205071092">
        <ele>-4.03</ele>
      </trkpt>
      <trkpt lat="52.018462400883436" lon="4.665783131495118">
        <ele>-4.0</ele>
      </trkpt>
      <trkpt lat="52.01871871948242" lon="4.6660566329956055">
        <ele>-3.95</ele>
      </trkpt>
      <trkpt lat="52.01891913078725" lon="4.6662212535738945">
        <ele>-3.95</ele>
      </trkpt>
      <trkpt lat="52.019119542092085" lon="4.6663858741521835">
        <ele>-3.94</ele>
      </trkpt>
      <trkpt lat="52.01931953430176" lon="4.666550159454346">
        <ele>-3.95</ele>
      </trkpt>
      <trkpt lat="52.01957174576819" lon="4.6666306257247925">
        <ele>-3.98</ele>
      </trkpt>
      <trkpt lat="52.01982395723462" lon="4.666711091995239">
        <ele>-3.94</ele>
      </trkpt>
      <trkpt lat="52.020076252520084" lon="4.666791642084718">
        <ele>-3.91</ele>
      </trkpt>
      <trkpt lat="52.02032804489136" lon="4.666872024536133">
        <ele>-3.91</ele>
      </trkpt>
      <trkpt lat="52.02052116394043" lon="4.666893482208252">
        <ele>-3.93</ele>
      </trkpt>
      <trkpt lat="52.0207142829895" lon="4.666914939880371">
        <ele>-3.93</ele>
      </trkpt>
      <trkpt lat="52.020918214693666" lon="4.666839754208922">
        <ele>-3.89</ele>
      </trkpt>
      <trkpt lat="52.021121978759766" lon="4.666764736175537">
        <ele>-3.87</ele>
      </trkpt>
      <trkpt lat="52.02131509780884" lon="4.666571617126465">
        <ele>-3.85</ele>
      </trkpt>
      <trkpt lat="52.021400928497314" lon="4.666485786437988">
        <ele>-3.8</ele>
      </trkpt>
      <trkpt lat="52.02157258987427" lon="4.666078090667725">
        <ele>-3.75</ele>
      </trkpt>
      <trkpt lat="52.021679962053895" lon="4.6662068367004395">
        <ele>-3.68</ele>
      </trkpt>
      <trkpt lat="52.02176579274237" lon="4.666314125061035">
        <ele>-3.62</ele>
      </trkpt>
      <trkpt lat="52.02198028564453" lon="4.666464328765869">
        <ele>-3.53</ele>
      </trkpt>
      <trkpt lat="52.02200182713568" lon="4.666314125061035">
        <ele>-3.47</ele>
      </trkpt>
      <trkpt lat="52.0220232848078" lon="4.666228294372559">
        <ele>-3.4</ele>
      </trkpt>
      <trkpt lat="52.02206611633301" lon="4.666035175323486">
        <ele>-3.33</ele>
      </trkpt>
      <trkpt lat="52.022173488512635" lon="4.665670394897461">
        <ele>-3.21</ele>
      </trkpt>
      <trkpt lat="52.02223777770996" lon="4.6654558181762695">
        <ele>-3.14</ele>
      </trkpt>
      <trkpt lat="52.02230215072632" lon="4.665412902832031">
        <ele>-3.07</ele>
      </trkpt>
      <trkpt lat="52.02236660756171" lon="4.66543436050415">
        <ele>-2.99</ele>
      </trkpt>
      <trkpt lat="52.0224738959223" lon="4.6657562255859375">
        <ele>-2.93</ele>
      </trkpt>
      <trkpt lat="52.02255964279175" lon="4.666013717651367">
        <ele>-2.87</ele>
      </trkpt>
      <trkpt lat="52.022645473480225" lon="4.6660566329956055">
        <ele>-2.82</ele>
      </trkpt>
      <trkpt lat="52.022956693544984" lon="4.666067361831665">
        <ele>-2.72</ele>
      </trkpt>
      <trkpt lat="52.02326774597168" lon="4.666078090667725">
        <ele>-2.63</ele>
      </trkpt>
      <trkpt lat="52.02350386418402" lon="4.665992259979248">
        <ele>-2.6</ele>
      </trkpt>
      <trkpt lat="52.02367560938001" lon="4.665874075144529">
        <ele>-2.58</ele>
      </trkpt>
      <trkpt lat="52.0238471031189" lon="4.6657562255859375">
        <ele>-2.57</ele>
      </trkpt>
      <trkpt lat="52.02408313751221" lon="4.665477275848389">
        <ele>-2.58</ele>
      </trkpt>
      <trkpt lat="52.02426217496395" lon="4.665233697742224">
        <ele>-2.57</ele>
      </trkpt>
      <trkpt lat="52.02444129623473" lon="4.6649902034550905">
        <ele>-2.57</ele>
      </trkpt>
      <trkpt lat="52.02461966313422" lon="4.664747714996338">
        <ele>-2.55</ele>
      </trkpt>
      <trkpt lat="52.024813033640385" lon="4.6644683461636305">
        <ele>-2.51</ele>
      </trkpt>
      <trkpt lat="52.02500590123236" lon="4.66418981552124">
        <ele>-2.43</ele>
      </trkpt>
      <trkpt lat="52.02517060562968" lon="4.663903154432774">
        <ele>-2.34</ele>
      </trkpt>
      <trkpt lat="52.025335393846035" lon="4.663616577163339">
        <ele>-2.35</ele>
      </trkpt>
      <trkpt lat="52.02549934387207" lon="4.663331508636475">
        <ele>-2.35</ele>
      </trkpt>
      <trkpt lat="52.02569279819727" lon="4.663019785657525">
        <ele>-2.39</ele>
      </trkpt>
      <trkpt lat="52.02588566578925" lon="4.6627092361450195">
        <ele>-2.39</ele>
      </trkpt>
      <trkpt lat="52.026079036295414" lon="4.662408325821161">
        <ele>-2.38</ele>
      </trkpt>
      <trkpt lat="52.02627182006836" lon="4.662108421325684">
        <ele>-2.38</ele>
      </trkpt>
      <trkpt lat="52.02642227523029" lon="4.661850426346064">
        <ele>-2.39</ele>
      </trkpt>
      <trkpt lat="52.02657273039222" lon="4.661592515185475">
        <ele>-2.42</ele>
      </trkpt>
      <trkpt lat="52.02672243118286" lon="4.6613359451293945">
        <ele>-2.41</ele>
      </trkpt>
      <trkpt lat="52.02678680419922" lon="4.661035537719727">
        <ele>-2.42</ele>
      </trkpt>
      <trkpt lat="52.02678688801825" lon="4.661035537719727">
        <ele>-2.41</ele>
      </trkpt>
      <trkpt lat="52.02680834569037" lon="4.66094970703125">
        <ele>-2.4</ele>
      </trkpt>
      <trkpt lat="52.026851177215576" lon="4.660863876342773">
        <ele>-2.37</ele>
      </trkpt>
      <trkpt lat="52.026990819722414" lon="4.660627422854304">
        <ele>-2.3</ele>
      </trkpt>
      <trkpt lat="52.027130126953125" lon="4.660391807556152">
        <ele>-2.25</ele>
      </trkpt>
      <trkpt lat="52.0272159576416" lon="4.660305976867676">
        <ele>-2.22</ele>
      </trkpt>
      <trkpt lat="52.027366161346436" lon="4.6602630615234375">
        <ele>-2.16</ele>
      </trkpt>
      <trkpt lat="52.02736624516547" lon="4.6602630615234375">
        <ele>-2.14</ele>
      </trkpt>
      <trkpt lat="52.027602195739746" lon="4.6602630615234375">
        <ele>-2.09</ele>
      </trkpt>
      <trkpt lat="52.027881145477295" lon="4.660069942474365">
        <ele>-2.06</ele>
      </trkpt>
      <trkpt lat="52.02810578048229" lon="4.659749502316117">
        <ele>-2.02</ele>
      </trkpt>
      <trkpt lat="52.02833041548729" lon="4.659429145976901">
        <ele>-2.05</ele>
      </trkpt>
      <trkpt lat="52.02855513431132" lon="4.659108789637685">
        <ele>-2.08</ele>
      </trkpt>
      <trkpt lat="52.028779769316316" lon="4.658788433298469">
        <ele>-2.05</ele>
      </trkpt>
      <trkpt lat="52.02900440432131" lon="4.658468076959252">
        <ele>-2.07</ele>
      </trkpt>
      <trkpt lat="52.02922912314534" lon="4.658147636801004">
        <ele>-2.13</ele>
      </trkpt>
      <trkpt lat="52.02945375815034" lon="4.657827280461788">
        <ele>-2.18</ele>
      </trkpt>
      <trkpt lat="52.029678393155336" lon="4.657506924122572">
        <ele>-2.17</ele>
      </trkpt>
      <trkpt lat="52.029903111979365" lon="4.657186483964324">
        <ele>-2.15</ele>
      </trkpt>
      <trkpt lat="52.03012774698436" lon="4.656866127625108">
        <ele>-2.17</ele>
      </trkpt>
      <trkpt lat="52.030348777770996" lon="4.656550884246826">
        <ele>-2.23</ele>
      </trkpt>
      <trkpt lat="52.03050635755062" lon="4.656314430758357">
        <ele>-2.27</ele>
      </trkpt>
      <trkpt lat="52.030663937330246" lon="4.65607806108892">
        <ele>-2.32</ele>
      </trkpt>
      <trkpt lat="52.03082084655762" lon="4.6558427810668945">
        <ele>-2.4</ele>
      </trkpt>
      <trkpt lat="52.030982030555606" lon="4.655563328415155">
        <ele>-2.5</ele>
      </trkpt>
      <trkpt lat="52.031142711639404" lon="4.655284881591797">
        <ele>-2.54</ele>
      </trkpt>
      <trkpt lat="52.0312930829823" lon="4.655059156939387">
        <ele>-2.62</ele>
      </trkpt>
      <trkpt lat="52.03144311904907" lon="4.654834270477295">
        <ele>-2.68</ele>
      </trkpt>
      <trkpt lat="52.03148603439331" lon="4.654684066772461">
        <ele>-2.75</ele>
      </trkpt>
      <trkpt lat="52.03148611821234" lon="4.654684066772461">
        <ele>-2.83</ele>
      </trkpt>
      <trkpt lat="52.03150757588446" lon="4.6546196937561035">
        <ele>-2.93</ele>
      </trkpt>
      <trkpt lat="52.03152903355658" lon="4.654555320739746">
        <ele>-3.02</ele>
      </trkpt>
      <trkpt lat="52.03159340657294" lon="4.6544694900512695">
        <ele>-3.11</ele>
      </trkpt>
      <trkpt lat="52.031657779589295" lon="4.654405117034912">
        <ele>-3.19</ele>
      </trkpt>
      <trkpt lat="52.03174361027777" lon="4.654276371002197">
        <ele>-3.29</ele>
      </trkpt>
      <trkpt lat="52.031872272491455" lon="4.654254913330078">
        <ele>-3.38</ele>
      </trkpt>
      <trkpt lat="52.032117107883096" lon="4.654035810381174">
        <ele>-3.48</ele>
      </trkpt>
      <trkpt lat="52.032361943274736" lon="4.65381670743227">
        <ele>-3.59</ele>
      </trkpt>
      <trkpt lat="52.03260677866638" lon="4.653597604483366">
        <ele>-3.71</ele>
      </trkpt>
      <trkpt lat="52.03285161405802" lon="4.653378585353494">
        <ele>-3.77</ele>
      </trkpt>
      <trkpt lat="52.033095359802246" lon="4.653160572052002">
        <ele>-3.83</ele>
      </trkpt>
      <trkpt lat="52.03333692625165" lon="4.652988743036985">
        <ele>-3.91</ele>
      </trkpt>
      <trkpt lat="52.033578576520085" lon="4.652816914021969">
        <ele>-3.98</ele>
      </trkpt>
      <trkpt lat="52.03382014296949" lon="4.652645168825984">
        <ele>-4.04</ele>
      </trkpt>
      <trkpt lat="52.03406103886664" lon="4.6524739265441895">
        <ele>-4.12</ele>
      </trkpt>
      <trkpt lat="52.03434728085995" lon="4.65228776447475">
        <ele>-4.24</ele>
      </trkpt>
      <trkpt lat="52.03463360667229" lon="4.652101686224341">
        <ele>-4.32</ele>
      </trkpt>
      <trkpt lat="52.034919345751405" lon="4.651916027069092">
        <ele>-4.4</ele>
      </trkpt>
      <trkpt lat="52.03513400629163" lon="4.651758531108499">
        <ele>-4.44</ele>
      </trkpt>
      <trkpt lat="52.03534875065088" lon="4.651601035147905">
        <ele>-4.49</ele>
      </trkpt>
      <trkpt lat="52.03556299209595" lon="4.651443958282471">
        <ele>-4.54</ele>
      </trkpt>
      <trkpt lat="52.03577756881714" lon="4.651186466217041">
        <ele>-4.58</ele>
      </trkpt>
      <trkpt lat="52.03584202565253" lon="4.651293754577637">
        <ele>-4.58</ele>
      </trkpt>
      <trkpt lat="52.035906398668885" lon="4.651379585266113">
        <ele>-4.57</ele>
      </trkpt>
      <trkpt lat="52.03599214553833" lon="4.651443958282471">
        <ele>-4.54</ele>
      </trkpt>
      <trkpt lat="52.03599214553833" lon="4.651529788970947">
        <ele>-4.51</ele>
      </trkpt>
      <trkpt lat="52.03605651855469" lon="4.651658535003662">
        <ele>-4.46</ele>
      </trkpt>
      <trkpt lat="52.03630344942212" lon="4.651819551363587">
        <ele>-4.39</ele>
      </trkpt>
      <trkpt lat="52.03655004501343" lon="4.651980400085449">
        <ele>-4.28</ele>
      </trkpt>
      <trkpt lat="52.03655012883246" lon="4.651980400085449">
        <ele>-4.22</ele>
      </trkpt>
      <trkpt lat="52.036836287006736" lon="4.6520948968827724">
        <ele>-4.17</ele>
      </trkpt>
      <trkpt lat="52.037122529000044" lon="4.652209393680096">
        <ele>-4.08</ele>
      </trkpt>
      <trkpt lat="52.03740835189819" lon="4.6523237228393555">
        <ele>-3.98</ele>
      </trkpt>
      <trkpt lat="52.037622928619385" lon="4.652388095855713">
        <ele>-3.85</ele>
      </trkpt>
      <trkpt lat="52.03781604766846" lon="4.652366638183594">
        <ele>-3.74</ele>
      </trkpt>
      <trkpt lat="52.03781613148749" lon="4.652366638183594">
        <ele>-3.64</ele>
      </trkpt>
      <trkpt lat="52.038094997406006" lon="4.652495384216309">
        <ele>-3.52</ele>
      </trkpt>
      <trkpt lat="52.038374030962586" lon="4.652538299560547">
        <ele>-3.44</ele>
      </trkpt>
      <trkpt lat="52.03865306451917" lon="4.652581214904785">
        <ele>-3.36</ele>
      </trkpt>
      <trkpt lat="52.03893209807575" lon="4.652624130249023">
        <ele>-3.26</ele>
      </trkpt>
      <trkpt lat="52.03921121545136" lon="4.652667045593262">
        <ele>-3.12</ele>
      </trkpt>
      <trkpt lat="52.03948974609375" lon="4.6527099609375">
        <ele>-3.03</ele>
      </trkpt>
      <trkpt lat="52.03948982991278" lon="4.652817249298096">
        <ele>-2.88</ele>
      </trkpt>
      <trkpt lat="52.03948982991278" lon="4.6529459953308105">
        <ele>-2.71</ele>
      </trkpt>
      <trkpt lat="52.03948974609375" lon="4.652988910675049">
        <ele>-2.56</ele>
      </trkpt>
      <trkpt lat="52.03974723815918" lon="4.653053283691406">
        <ele>-2.44</ele>
      </trkpt>
      <trkpt lat="52.039875984191895" lon="4.653010368347168">
        <ele>-2.32</ele>
      </trkpt>
      <trkpt lat="52.0401693508029" lon="4.653071137145162">
        <ele>-2.18</ele>
      </trkpt>
      <trkpt lat="52.0404627174139" lon="4.653131989762187">
        <ele>-2.01</ele>
      </trkpt>
      <trkpt lat="52.040756084024906" lon="4.653192758560181">
        <ele>-1.81</ele>
      </trkpt>
      <trkpt lat="52.04104953445494" lon="4.653253611177206">
        <ele>-1.64</ele>
      </trkpt>
      <trkpt lat="52.041342901065946" lon="4.653314463794231">
        <ele>-1.47</ele>
      </trkpt>
      <trkpt lat="52.041635597124696" lon="4.653375148773193">
        <ele>-1.28</ele>
      </trkpt>
      <trkpt lat="52.041871631518006" lon="4.653439521789551">
        <ele>-1.09</ele>
      </trkpt>
      <trkpt lat="52.0420862082392" lon="4.6535468101501465">
        <ele>-0.89</ele>
      </trkpt>
      <trkpt lat="52.042086124420166" lon="4.6535468101501465">
        <ele>-0.73</ele>
      </trkpt>
      <trkpt lat="52.042386615648866" lon="4.653568267822266">
        <ele>-0.56</ele>
      </trkpt>
      <trkpt lat="52.042687023058534" lon="4.653589725494385">
        <ele>-0.41</ele>
      </trkpt>
      <trkpt lat="52.04285868443549" lon="4.653643369674683">
        <ele>-0.25</ele>
      </trkpt>
      <trkpt lat="52.04303034581244" lon="4.6536970138549805">
        <ele>-0.08</ele>
      </trkpt>
      <trkpt lat="52.043137550354004" lon="4.653654098510742">
        <ele>0.07</ele>
      </trkpt>
      <trkpt lat="52.043159091845155" lon="4.653654098510742">
        <ele>0.22</ele>
      </trkpt>
      <trkpt lat="52.04315900802612" lon="4.653654098510742">
        <ele>0.36</ele>
      </trkpt>
      <trkpt lat="52.04340225085616" lon="4.653725596144795">
        <ele>0.52</ele>
      </trkpt>
      <trkpt lat="52.04364557750523" lon="4.65379717759788">
        <ele>0.64</ele>
      </trkpt>
      <trkpt lat="52.043888568878174" lon="4.653868675231934">
        <ele>0.75</ele>
      </trkpt>
      <trkpt lat="52.044124687090516" lon="4.653975963592529">
        <ele>0.87</ele>
      </trkpt>
      <trkpt lat="52.04433934763074" lon="4.654061794281006">
        <ele>1.01</ele>
      </trkpt>
      <trkpt lat="52.0445538405329" lon="4.654147624969482">
        <ele>1.09</ele>
      </trkpt>
      <trkpt lat="52.04455375671387" lon="4.654147624969482">
        <ele>1.18</ele>
      </trkpt>
      <trkpt lat="52.044618129730225" lon="4.654190540313721">
        <ele>1.27</ele>
      </trkpt>
      <trkpt lat="52.044596672058105" lon="4.654512405395508">
        <ele>1.39</ele>
      </trkpt>
      <trkpt lat="52.044639671221375" lon="4.654512405395508">
        <ele>1.47</ele>
      </trkpt>
      <trkpt lat="52.044682586565614" lon="4.654533863067627">
        <ele>1.54</ele>
      </trkpt>
      <trkpt lat="52.0447039604187" lon="4.654555320739746">
        <ele>1.6</ele>
      </trkpt>
      <trkpt lat="52.04491853713989" lon="4.654405117034912">
        <ele>1.63</ele>
      </trkpt>
      <trkpt lat="52.044918620958924" lon="4.654340744018555">
        <ele>1.69</ele>
      </trkpt>
      <trkpt lat="52.04494007863104" lon="4.654276371002197">
        <ele>1.74</ele>
      </trkpt>
      <trkpt lat="52.04493999481201" lon="4.654233455657959">
        <ele>1.8</ele>
      </trkpt>
      <trkpt lat="52.04485424794257" lon="4.654147624969482">
        <ele>1.87</ele>
      </trkpt>
      <trkpt lat="52.04476833343506" lon="4.654083251953125">
        <ele>1.92</ele>
      </trkpt>
      <trkpt lat="52.04478979110718" lon="4.653911590576172">
        <ele>1.97</ele>
      </trkpt>
      <trkpt lat="52.04483279027045" lon="4.653664072975516">
        <ele>2.03</ele>
      </trkpt>
      <trkpt lat="52.044875705614686" lon="4.653418064117432">
        <ele>2.06</ele>
      </trkpt>
      <trkpt lat="52.044886350631714" lon="4.653149005025625">
        <ele>2.09</ele>
      </trkpt>
      <trkpt lat="52.04489707946777" lon="4.652881622314453">
        <ele>2.15</ele>
      </trkpt>
      <trkpt lat="52.0449508074671" lon="4.652537293732166">
        <ele>2.17</ele>
      </trkpt>
      <trkpt lat="52.04500436782837" lon="4.652194976806641">
        <ele>2.19</ele>
      </trkpt>
      <trkpt lat="52.04502590931952" lon="4.652130603790283">
        <ele>2.2</ele>
      </trkpt>
      <trkpt lat="52.04502582550049" lon="4.6520233154296875">
        <ele>2.23</ele>
      </trkpt>
      <trkpt lat="52.04506882466376" lon="4.651830196380615">
        <ele>2.24</ele>
      </trkpt>
      <trkpt lat="52.04513328149915" lon="4.651378244161606">
        <ele>2.22</ele>
      </trkpt>
      <trkpt lat="52.04519748687744" lon="4.650928974151611">
        <ele>2.22</ele>
      </trkpt>
      <trkpt lat="52.04524048604071" lon="4.650692939758301">
        <ele>2.21</ele>
      </trkpt>
      <trkpt lat="52.04524040222168" lon="4.650692939758301">
        <ele>2.23</ele>
      </trkpt>
      <trkpt lat="52.04528331756592" lon="4.650392532348633">
        <ele>2.23</ele>
      </trkpt>
      <trkpt lat="52.04532631672919" lon="4.650263786315918">
        <ele>2.26</ele>
      </trkpt>
      <trkpt lat="52.04541206359863" lon="4.649899005889893">
        <ele>2.37</ele>
      </trkpt>
      <trkpt lat="52.045412147417665" lon="4.649899005889893">
        <ele>2.39</ele>
      </trkpt>
      <trkpt lat="52.04543352127075" lon="4.6497273445129395">
        <ele>2.43</ele>
      </trkpt>
      <trkpt lat="52.04549797810614" lon="4.649620056152344">
        <ele>2.45</ele>
      </trkpt>
      <trkpt lat="52.04549789428711" lon="4.649620056152344">
        <ele>2.46</ele>
      </trkpt>
      <trkpt lat="52.04553016461432" lon="4.649307997897267">
        <ele>2.5</ele>
      </trkpt>
      <trkpt lat="52.0455623511225" lon="4.648997783660889">
        <ele>2.52</ele>
      </trkpt>
      <trkpt lat="52.04556226730347" lon="4.648997783660889">
        <ele>2.52</ele>
      </trkpt>
      <trkpt lat="52.04562680795789" lon="4.648617580533028">
        <ele>2.53</ele>
      </trkpt>
      <trkpt lat="52.04569134861231" lon="4.648237461224198">
        <ele>2.53</ele>
      </trkpt>
      <trkpt lat="52.04575547017157" lon="4.647860527038574">
        <ele>2.58</ele>
      </trkpt>
      <trkpt lat="52.04575538635254" lon="4.647860527038574">
        <ele>2.57</ele>
      </trkpt>
      <trkpt lat="52.04577692784369" lon="4.64771032333374">
        <ele>2.57</ele>
      </trkpt>
      <trkpt lat="52.04579838551581" lon="4.647495746612549">
        <ele>2.56</ele>
      </trkpt>
      <trkpt lat="52.04579830169678" lon="4.647495746612549">
        <ele>2.54</ele>
      </trkpt>
      <trkpt lat="52.04587717540562" lon="4.647008003666997">
        <ele>2.49</ele>
      </trkpt>
      <trkpt lat="52.0459561329335" lon="4.646520260721445">
        <ele>2.35</ele>
      </trkpt>
      <trkpt lat="52.04603441990912" lon="4.646036624908447">
        <ele>2.24</ele>
      </trkpt>
      <trkpt lat="52.04609879292548" lon="4.645993709564209">
        <ele>2.18</ele>
      </trkpt>
      <trkpt lat="52.046098709106445" lon="4.645993709564209">
        <ele>2.13</ele>
      </trkpt>
      <trkpt lat="52.046141708269715" lon="4.645950794219971">
        <ele>2.08</ele>
      </trkpt>
      <trkpt lat="52.046163165941834" lon="4.645886421203613">
        <ele>2.03</ele>
      </trkpt>
      <trkpt lat="52.046184623613954" lon="4.645822048187256">
        <ele>1.98</ele>
      </trkpt>
      <trkpt lat="52.04618453979492" lon="4.645822048187256">
        <ele>1.92</ele>
      </trkpt>
      <trkpt lat="52.04620599746704" lon="4.645757675170898">
        <ele>1.87</ele>
      </trkpt>
      <trkpt lat="52.046120166778564" lon="4.645500183105469">
        <ele>1.82</ele>
      </trkpt>
      <trkpt lat="52.046141624450684" lon="4.645371437072754">
        <ele>1.77</ele>
      </trkpt>
      <trkpt lat="52.046141624450684" lon="4.645199775695801">
        <ele>1.71</ele>
      </trkpt>
      <trkpt lat="52.046173894777894" lon="4.644941529259086">
        <ele>1.69</ele>
      </trkpt>
      <trkpt lat="52.04620599746704" lon="4.644684791564941">
        <ele>1.65</ele>
      </trkpt>
      <trkpt lat="52.04620608128607" lon="4.644684791564941">
        <ele>1.58</ele>
      </trkpt>
      <trkpt lat="52.04622753895819" lon="4.644598960876465">
        <ele>1.53</ele>
      </trkpt>
      <trkpt lat="52.04628126695752" lon="4.644179278984666">
        <ele>1.47</ele>
      </trkpt>
      <trkpt lat="52.04633507877588" lon="4.643759680911899">
        <ele>1.35</ele>
      </trkpt>
      <trkpt lat="52.04638880677521" lon="4.643340082839131">
        <ele>1.25</ele>
      </trkpt>
      <trkpt lat="52.04644203186035" lon="4.642925262451172">
        <ele>1.14</ele>
      </trkpt>
      <trkpt lat="52.04644211567938" lon="4.642925262451172">
        <ele>1.06</ele>
      </trkpt>
      <trkpt lat="52.04646348953247" lon="4.642839431762695">
        <ele>0.97</ele>
      </trkpt>
      <trkpt lat="52.0464635733515" lon="4.642839431762695">
        <ele>0.88</ele>
      </trkpt>
      <trkpt lat="52.04652786254883" lon="4.642453193664551">
        <ele>0.76</ele>
      </trkpt>
      <trkpt lat="52.04652794636786" lon="4.642453193664551">
        <ele>0.67</ele>
      </trkpt>
      <trkpt lat="52.04658167436719" lon="4.641979783773422">
        <ele>0.61</ele>
      </trkpt>
      <trkpt lat="52.046635234728456" lon="4.641509056091309">
        <ele>0.55</ele>
      </trkpt>
      <trkpt lat="52.04648494720459" lon="4.641509056091309">
        <ele>0.44</ele>
      </trkpt>
      <trkpt lat="52.04648503102362" lon="4.641509056091309">
        <ele>0.33</ele>
      </trkpt>
      <trkpt lat="52.04622737132013" lon="4.641482150182128">
        <ele>0.2</ele>
      </trkpt>
      <trkpt lat="52.04596979543567" lon="4.641455328091979">
        <ele>0.09</ele>
      </trkpt>
      <trkpt lat="52.045712135732174" lon="4.64142850600183">
        <ele>0.0</ele>
      </trkpt>
      <trkpt lat="52.04545497894287" lon="4.641401767730713">
        <ele>-0.08</ele>
      </trkpt>
      <trkpt lat="52.0454550627619" lon="4.641401767730713">
        <ele>-0.2</ele>
      </trkpt>
      <trkpt lat="52.04528340138495" lon="4.641358852386475">
        <ele>-0.33</ele>
      </trkpt>
      <trkpt lat="52.045111656188965" lon="4.641122817993164">
        <ele>-0.5</ele>
      </trkpt>
      <trkpt lat="52.045111740008" lon="4.641122817993164">
        <ele>-0.64</ele>
      </trkpt>
      <trkpt lat="52.04502582550049" lon="4.64097261428833">
        <ele>-0.81</ele>
      </trkpt>
      <trkpt lat="52.04509028233588" lon="4.640758037567139">
        <ele>-0.96</ele>
      </trkpt>
      <trkpt lat="52.045154655352235" lon="4.640264511108398">
        <ele>-1.13</ele>
      </trkpt>
      <trkpt lat="52.04520486295223" lon="4.639920182526112">
        <ele>-1.28</ele>
      </trkpt>
      <trkpt lat="52.04525507055223" lon="4.6395759377628565">
        <ele>-1.47</ele>
      </trkpt>
      <trkpt lat="52.04530485905707" lon="4.63923454284668">
        <ele>-1.65</ele>
      </trkpt>
      <trkpt lat="52.04530477523804" lon="4.63923454284668">
        <ele>-1.79</ele>
      </trkpt>
      <trkpt lat="52.04536931589246" lon="4.63875032030046">
        <ele>-1.97</ele>
      </trkpt>
      <trkpt lat="52.045433605089784" lon="4.638268947601318">
        <ele>-2.12</ele>
      </trkpt>
      <trkpt lat="52.045498145744205" lon="4.6377847250550985">
        <ele>-2.21</ele>
      </trkpt>
      <trkpt lat="52.0455623511225" lon="4.637303352355957">
        <ele>-2.34</ele>
      </trkpt>
      <trkpt lat="52.04556226730347" lon="4.637303352355957">
        <ele>-2.47</ele>
      </trkpt>
      <trkpt lat="52.04558380879462" lon="4.637196063995361">
        <ele>-2.6</ele>
      </trkpt>
      <trkpt lat="52.04561607912183" lon="4.636937817558646">
        <ele>-2.72</ele>
      </trkpt>
      <trkpt lat="52.045648181810975" lon="4.636681079864502">
        <ele>-2.84</ele>
      </trkpt>
      <trkpt lat="52.04564809799194" lon="4.636509418487549">
        <ele>-2.97</ele>
      </trkpt>
      <trkpt lat="52.04558355733752" lon="4.636272713541985">
        <ele>-3.1</ele>
      </trkpt>
      <trkpt lat="52.04551943577826" lon="4.636037349700928">
        <ele>-3.25</ele>
      </trkpt>
      <trkpt lat="52.04551935195923" lon="4.636037349700928">
        <ele>-3.36</ele>
      </trkpt>
      <trkpt lat="52.04556226730347" lon="4.635651111602783">
        <ele>-3.5</ele>
      </trkpt>
      <trkpt lat="52.04569109715521" lon="4.635372161865234">
        <ele>-3.59</ele>
      </trkpt>
      <trkpt lat="52.04577692784369" lon="4.635136127471924">
        <ele>-3.69</ele>
      </trkpt>
      <trkpt lat="52.04580911435187" lon="4.634824069216847">
        <ele>-3.77</ele>
      </trkpt>
      <trkpt lat="52.045841217041016" lon="4.634513854980469">
        <ele>-3.85</ele>
      </trkpt>
      <trkpt lat="52.045862674713135" lon="4.6343207359313965">
        <ele>-3.94</ele>
      </trkpt>
      <trkpt lat="52.04591179266572" lon="4.6338380221277475">
        <ele>-4.04</ele>
      </trkpt>
      <trkpt lat="52.04596099443734" lon="4.63335539214313">
        <ele>-4.12</ele>
      </trkpt>
      <trkpt lat="52.046010196208954" lon="4.632872762158513">
        <ele>-4.21</ele>
      </trkpt>
      <trkpt lat="52.04605939798057" lon="4.632390132173896">
        <ele>-4.27</ele>
      </trkpt>
      <trkpt lat="52.04610859975219" lon="4.631907502189279">
        <ele>-4.29</ele>
      </trkpt>
      <trkpt lat="52.046157801523805" lon="4.631424872204661">
        <ele>-4.29</ele>
      </trkpt>
      <trkpt lat="52.04620599746704" lon="4.630951881408691">
        <ele>-4.36</ele>
      </trkpt>
      <trkpt lat="52.04620608128607" lon="4.630951881408691">
        <ele>-4.41</ele>
      </trkpt>
      <trkpt lat="52.04625570215285" lon="4.630446955561638">
        <ele>-4.52</ele>
      </trkpt>
      <trkpt lat="52.046305406838655" lon="4.629942113533616">
        <ele>-4.62</ele>
      </trkpt>
      <trkpt lat="52.04635502770543" lon="4.629437271505594">
        <ele>-4.68</ele>
      </trkpt>
      <trkpt lat="52.04640473239124" lon="4.628932429477572">
        <ele>-4.66</ele>
      </trkpt>
      <trkpt lat="52.046454437077045" lon="4.628427503630519">
        <ele>-4.7</ele>
      </trkpt>
      <trkpt lat="52.04650405794382" lon="4.627922661602497">
        <ele>-4.76</ele>
      </trkpt>
      <trkpt lat="52.04655376262963" lon="4.627417819574475">
        <ele>-4.78</ele>
      </trkpt>
      <trkpt lat="52.046603383496404" lon="4.626912893727422">
        <ele>-4.8</ele>
      </trkpt>
      <trkpt lat="52.04665308818221" lon="4.6264080516994">
        <ele>-4.81</ele>
      </trkpt>
      <trkpt lat="52.04670279286802" lon="4.625903209671378">
        <ele>-4.8</ele>
      </trkpt>
      <trkpt lat="52.046752413734794" lon="4.625398367643356">
        <ele>-4.8</ele>
      </trkpt>
      <trkpt lat="52.0468021184206" lon="4.624893441796303">
        <ele>-4.83</ele>
      </trkpt>
      <trkpt lat="52.04684981144965" lon="4.6244072914123535">
        <ele>-4.85</ele>
      </trkpt>
      <trkpt lat="52.04690077342093" lon="4.6239107474684715">
        <ele>-4.84</ele>
      </trkpt>
      <trkpt lat="52.046951819211245" lon="4.6234142035245895">
        <ele>-4.82</ele>
      </trkpt>
      <trkpt lat="52.04700286500156" lon="4.622917743399739">
        <ele>-4.81</ele>
      </trkpt>
      <trkpt lat="52.047053910791874" lon="4.622421199455857">
        <ele>-4.8</ele>
      </trkpt>
      <trkpt lat="52.04710495658219" lon="4.621924739331007">
        <ele>-4.78</ele>
      </trkpt>
      <trkpt lat="52.04715591855347" lon="4.621428195387125">
        <ele>-4.79</ele>
      </trkpt>
      <trkpt lat="52.047206964343786" lon="4.620931651443243">
        <ele>-4.76</ele>
      </trkpt>
      <trkpt lat="52.0472580101341" lon="4.620435191318393">
        <ele>-4.75</ele>
      </trkpt>
      <trkpt lat="52.047309055924416" lon="4.619938647374511">
        <ele>-4.75</ele>
      </trkpt>
      <trkpt lat="52.04736010171473" lon="4.619442103430629">
        <ele>-4.74</ele>
      </trkpt>
      <trkpt lat="52.047411147505045" lon="4.6189456433057785">
        <ele>-4.66</ele>
      </trkpt>
      <trkpt lat="52.04746210947633" lon="4.6184490993618965">
        <ele>-4.62</ele>
      </trkpt>
      <trkpt lat="52.04751315526664" lon="4.6179525554180145">
        <ele>-4.6</ele>
      </trkpt>
      <trkpt lat="52.04756420105696" lon="4.617456095293164">
        <ele>-4.52</ele>
      </trkpt>
      <trkpt lat="52.04761524684727" lon="4.616959551349282">
        <ele>-4.48</ele>
      </trkpt>
      <trkpt lat="52.04766629263759" lon="4.6164630074054">
        <ele>-4.48</ele>
      </trkpt>
      <trkpt lat="52.0477173384279" lon="4.61596654728055">
        <ele>-4.44</ele>
      </trkpt>
      <trkpt lat="52.047768300399184" lon="4.615470003336668">
        <ele>-4.4</ele>
      </trkpt>
      <trkpt lat="52.0478193461895" lon="4.614973459392786">
        <ele>-4.34</ele>
      </trkpt>
      <trkpt lat="52.047870391979814" lon="4.614476999267936">
        <ele>-4.29</ele>
      </trkpt>
      <trkpt lat="52.04792143777013" lon="4.613980455324054">
        <ele>-4.28</ele>
      </trkpt>
      <trkpt lat="52.04797248356044" lon="4.613483911380172">
        <ele>-4.19</ele>
      </trkpt>
      <trkpt lat="52.048023445531726" lon="4.61298736743629">
        <ele>-4.17</ele>
      </trkpt>
      <trkpt lat="52.04807449132204" lon="4.6124909073114395">
        <ele>-4.1</ele>
      </trkpt>
      <trkpt lat="52.048125537112355" lon="4.6119943633675575">
        <ele>-4.08</ele>
      </trkpt>
      <trkpt lat="52.04817658290267" lon="4.6114978194236755">
        <ele>-4.08</ele>
      </trkpt>
      <trkpt lat="52.04822301864624" lon="4.611039161682129">
        <ele>-4.02</ele>
      </trkpt>
      <trkpt lat="52.04839468002319" lon="4.610996246337891">
        <ele>-3.96</ele>
      </trkpt>
      <trkpt lat="52.04855569638312" lon="4.611082077026367">
        <ele>-3.92</ele>
      </trkpt>
      <trkpt lat="52.04871662892401" lon="4.611167907714844">
        <ele>-3.9</ele>
      </trkpt>
      <trkpt lat="52.04875954426825" lon="4.611167907714844">
        <ele>-3.88</ele>
      </trkpt>
      <trkpt lat="52.04880237579346" lon="4.611146450042725">
        <ele>-3.87</ele>
      </trkpt>
      <trkpt lat="52.04884537495673" lon="4.610744705423713">
        <ele>-3.87</ele>
      </trkpt>
      <trkpt lat="52.04888837412" lon="4.610343044623733">
        <ele>-3.85</ele>
      </trkpt>
      <trkpt lat="52.04893112182617" lon="4.609944820404053">
        <ele>-3.86</ele>
      </trkpt>
      <trkpt lat="52.04901695251465" lon="4.609622955322266">
        <ele>-3.88</ele>
      </trkpt>
      <trkpt lat="52.04904922284186" lon="4.609289355576038">
        <ele>-3.87</ele>
      </trkpt>
      <trkpt lat="52.049081325531006" lon="4.608957767486572">
        <ele>-3.87</ele>
      </trkpt>
      <trkpt lat="52.04899549484253" lon="4.608678817749023">
        <ele>-3.88</ele>
      </trkpt>
      <trkpt lat="52.0490384940058" lon="4.608366759493947">
        <ele>-3.89</ele>
      </trkpt>
      <trkpt lat="52.049081325531006" lon="4.608056545257568">
        <ele>-3.91</ele>
      </trkpt>
      <trkpt lat="52.04921007156372" lon="4.607670307159424">
        <ele>-3.96</ele>
      </trkpt>
      <trkpt lat="52.049399921670556" lon="4.6073227096349">
        <ele>-4.02</ele>
      </trkpt>
      <trkpt lat="52.04958977177739" lon="4.606975195929408">
        <ele>-4.08</ele>
      </trkpt>
      <trkpt lat="52.04977970570326" lon="4.606627682223916">
        <ele>-4.11</ele>
      </trkpt>
      <trkpt lat="52.049969555810094" lon="4.606280168518424">
        <ele>-4.12</ele>
      </trkpt>
      <trkpt lat="52.05015948973596" lon="4.605932654812932">
        <ele>-4.08</ele>
      </trkpt>
      <trkpt lat="52.050347328186035" lon="4.605588912963867">
        <ele>-4.09</ele>
      </trkpt>
      <trkpt lat="52.05047607421875" lon="4.605438709259033">
        <ele>-4.12</ele>
      </trkpt>
      <trkpt lat="52.05073792487383" lon="4.605485899373889">
        <ele>-4.17</ele>
      </trkpt>
      <trkpt lat="52.05099977552891" lon="4.605533089488745">
        <ele>-4.16</ele>
      </trkpt>
      <trkpt lat="52.05126171000302" lon="4.605580363422632">
        <ele>-4.15</ele>
      </trkpt>
      <trkpt lat="52.0515235606581" lon="4.605627553537488">
        <ele>-4.21</ele>
      </trkpt>
      <trkpt lat="52.05178499221802" lon="4.605674743652344">
        <ele>-4.27</ele>
      </trkpt>
      <trkpt lat="52.05205790698528" lon="4.605742134153843">
        <ele>-4.3</ele>
      </trkpt>
      <trkpt lat="52.05233082175255" lon="4.605809608474374">
        <ele>-4.29</ele>
      </trkpt>
      <trkpt lat="52.05260373651981" lon="4.605877082794905">
        <ele>-4.3</ele>
      </trkpt>
      <trkpt lat="52.05287673510611" lon="4.605944557115436">
        <ele>-4.32</ele>
      </trkpt>
      <trkpt lat="52.053149649873376" lon="4.6060120314359665">
        <ele>-4.36</ele>
      </trkpt>
      <trkpt lat="52.05342256464064" lon="4.606079505756497">
        <ele>-4.36</ele>
      </trkpt>
      <trkpt lat="52.05369472503662" lon="4.606146812438965">
        <ele>-4.38</ele>
      </trkpt>
      <trkpt lat="52.05398742109537" lon="4.60626189596951">
        <ele>-4.4</ele>
      </trkpt>
      <trkpt lat="52.05428020097315" lon="4.606377063319087">
        <ele>-4.41</ele>
      </trkpt>
      <trkpt lat="52.054572980850935" lon="4.606492230668664">
        <ele>-4.44</ele>
      </trkpt>
      <trkpt lat="52.054865676909685" lon="4.606607314199209">
        <ele>-4.48</ele>
      </trkpt>
      <trkpt lat="52.05515845678747" lon="4.606722481548786">
        <ele>-4.45</ele>
      </trkpt>
      <trkpt lat="52.05545123666525" lon="4.606837648898363">
        <ele>-4.46</ele>
      </trkpt>
      <trkpt lat="52.05574401654303" lon="4.60695281624794">
        <ele>-4.51</ele>
      </trkpt>
      <trkpt lat="52.05603671260178" lon="4.607067899778485">
        <ele>-4.53</ele>
      </trkpt>
      <trkpt lat="52.05632949247956" lon="4.607183067128062">
        <ele>-4.5</ele>
      </trkpt>
      <trkpt lat="52.056622272357345" lon="4.607298234477639">
        <ele>-4.51</ele>
      </trkpt>
      <trkpt lat="52.05691337585449" lon="4.607412815093994">
        <ele>-4.48</ele>
      </trkpt>
      <trkpt lat="52.05721386708319" lon="4.607487916946411">
        <ele>-4.47</ele>
      </trkpt>
      <trkpt lat="52.05751419067383" lon="4.607563018798828">
        <ele>-4.46</ele>
      </trkpt>
      <trkpt lat="52.057820381596684" lon="4.607603084295988">
        <ele>-4.47</ele>
      </trkpt>
      <trkpt lat="52.05812665633857" lon="4.607643149793148">
        <ele>-4.48</ele>
      </trkpt>
      <trkpt lat="52.05843293108046" lon="4.607683215290308">
        <ele>-4.46</ele>
      </trkpt>
      <trkpt lat="52.05873912200332" lon="4.607723280787468">
        <ele>-4.45</ele>
      </trkpt>
      <trkpt lat="52.059045396745205" lon="4.607763346284628">
        <ele>-4.4</ele>
      </trkpt>
      <trkpt lat="52.05935167148709" lon="4.607803411781788">
        <ele>-4.38</ele>
      </trkpt>
      <trkpt lat="52.05965786240995" lon="4.607843477278948">
        <ele>-4.36</ele>
      </trkpt>
      <trkpt lat="52.05996413715184" lon="4.607883542776108">
        <ele>-4.35</ele>
      </trkpt>
      <trkpt lat="52.060270411893725" lon="4.607923608273268">
        <ele>-4.36</ele>
      </trkpt>
      <trkpt lat="52.06057668663561" lon="4.607963673770428">
        <ele>-4.34</ele>
      </trkpt>
      <trkpt lat="52.06088287755847" lon="4.608003739267588">
        <ele>-4.31</ele>
      </trkpt>
      <trkpt lat="52.06118915230036" lon="4.608043804764748">
        <ele>-4.24</ele>
      </trkpt>
      <trkpt lat="52.061495427042246" lon="4.608083870261908">
        <ele>-4.17</ele>
      </trkpt>
      <trkpt lat="52.0618016179651" lon="4.6081239357590675">
        <ele>-4.14</ele>
      </trkpt>
      <trkpt lat="52.062106132507324" lon="4.608163833618164">
        <ele>-4.09</ele>
      </trkpt>
      <trkpt lat="52.06239949911833" lon="4.608220998197794">
        <ele>-4.07</ele>
      </trkpt>
      <trkpt lat="52.06269286572933" lon="4.608278246596456">
        <ele>-4.09</ele>
      </trkpt>
      <trkpt lat="52.06298589706421" lon="4.608335494995117">
        <ele>-4.08</ele>
      </trkpt>
      <trkpt lat="52.06326065585017" lon="4.608313953503966">
        <ele>-4.08</ele>
      </trkpt>
      <trkpt lat="52.063535414636135" lon="4.608292495831847">
        <ele>-4.06</ele>
      </trkpt>
      <trkpt lat="52.0638101734221" lon="4.608271038159728">
        <ele>-4.04</ele>
      </trkpt>
      <trkpt lat="52.06408493220806" lon="4.608249580487609">
        <ele>-4.01</ele>
      </trkpt>
      <trkpt lat="52.064359188079834" lon="4.6082282066345215">
        <ele>-3.96</ele>
      </trkpt>
      <trkpt lat="52.064600670710206" lon="4.608179843053222">
        <ele>-3.89</ele>
      </trkpt>
      <trkpt lat="52.06484215334058" lon="4.608131563290954">
        <ele>-3.87</ele>
      </trkpt>
      <trkpt lat="52.06508363597095" lon="4.608083283528686">
        <ele>-3.85</ele>
      </trkpt>
      <trkpt lat="52.065324783325195" lon="4.608035087585449">
        <ele>-3.83</ele>
      </trkpt>
      <trkpt lat="52.06547498703003" lon="4.607863426208496">
        <ele>-3.85</ele>
      </trkpt>
      <trkpt lat="52.06549644470215" lon="4.607691764831543">
        <ele>-3.84</ele>
      </trkpt>
      <trkpt lat="52.06547498703003" lon="4.607348442077637">
        <ele>-3.83</ele>
      </trkpt>
      <trkpt lat="52.06545361317694" lon="4.607305526733398">
        <ele>-3.81</ele>
      </trkpt>
      <trkpt lat="52.065406925976276" lon="4.606997324153781">
        <ele>-3.84</ele>
      </trkpt>
      <trkpt lat="52.06536057405174" lon="4.6066908817738295">
        <ele>-3.83</ele>
      </trkpt>
      <trkpt lat="52.06528882496059" lon="4.6062167175114155">
        <ele>-3.82</ele>
      </trkpt>
      <trkpt lat="52.06521707586944" lon="4.605742637068033">
        <ele>-3.82</ele>
      </trkpt>
      <trkpt lat="52.065145410597324" lon="4.605268556624651">
        <ele>-3.8</ele>
      </trkpt>
      <trkpt lat="52.065073661506176" lon="4.604794476181269">
        <ele>-3.74</ele>
      </trkpt>
      <trkpt lat="52.06500191241503" lon="4.604320395737886">
        <ele>-3.71</ele>
      </trkpt>
      <trkpt lat="52.06493024714291" lon="4.603846315294504">
        <ele>-3.76</ele>
      </trkpt>
      <trkpt lat="52.06485849805176" lon="4.603372234851122">
        <ele>-3.77</ele>
      </trkpt>
      <trkpt lat="52.064786748960614" lon="4.60289815440774">
        <ele>-3.75</ele>
      </trkpt>
      <trkpt lat="52.0647150836885" lon="4.602424073964357">
        <ele>-3.75</ele>
      </trkpt>
      <trkpt lat="52.06464333459735" lon="4.601949993520975">
        <ele>-3.76</ele>
      </trkpt>
      <trkpt lat="52.064573764801025" lon="4.601490497589111">
        <ele>-3.78</ele>
      </trkpt>
      <trkpt lat="52.0644989144057" lon="4.601006777957082">
        <ele>-3.84</ele>
      </trkpt>
      <trkpt lat="52.06442414782941" lon="4.600523142144084">
        <ele>-3.84</ele>
      </trkpt>
      <trkpt lat="52.06434938125312" lon="4.600039506331086">
        <ele>-3.84</ele>
      </trkpt>
      <trkpt lat="52.06427461467683" lon="4.599555870518088">
        <ele>-3.9</ele>
      </trkpt>
      <trkpt lat="52.06419984810054" lon="4.5990722347050905">
        <ele>-3.9</ele>
      </trkpt>
      <trkpt lat="52.06412508152425" lon="4.598588598892093">
        <ele>-3.94</ele>
      </trkpt>
      <trkpt lat="52.06405023112893" lon="4.598104963079095">
        <ele>-3.98</ele>
      </trkpt>
      <trkpt lat="52.06397546455264" lon="4.597621243447065">
        <ele>-4.0</ele>
      </trkpt>
      <trkpt lat="52.06390069797635" lon="4.5971376076340675">
        <ele>-4.04</ele>
      </trkpt>
      <trkpt lat="52.06382593140006" lon="4.59665397182107">
        <ele>-4.11</ele>
      </trkpt>
      <trkpt lat="52.06375116482377" lon="4.596170336008072">
        <ele>-4.15</ele>
      </trkpt>
      <trkpt lat="52.06367639824748" lon="4.595686700195074">
        <ele>-4.14</ele>
      </trkpt>
      <trkpt lat="52.06360154785216" lon="4.595203064382076">
        <ele>-4.17</ele>
      </trkpt>
      <trkpt lat="52.06352678127587" lon="4.5947194285690784">
        <ele>-4.23</ele>
      </trkpt>
      <trkpt lat="52.06345201469958" lon="4.594235792756081">
        <ele>-4.27</ele>
      </trkpt>
      <trkpt lat="52.06337724812329" lon="4.593752156943083">
        <ele>-4.3</ele>
      </trkpt>
      <trkpt lat="52.063302481547" lon="4.593268521130085">
        <ele>-4.31</ele>
      </trkpt>
      <trkpt lat="52.06322771497071" lon="4.592784885317087">
        <ele>-4.34</ele>
      </trkpt>
      <trkpt lat="52.06315294839442" lon="4.592301249504089">
        <ele>-4.45</ele>
      </trkpt>
      <trkpt lat="52.063078097999096" lon="4.5918176136910915">
        <ele>-4.5</ele>
      </trkpt>
      <trkpt lat="52.06300735473633" lon="4.591362476348877">
        <ele>-4.55</ele>
      </trkpt>
      <trkpt lat="52.062942730262876" lon="4.590967940166593">
        <ele>-4.56</ele>
      </trkpt>
      <trkpt lat="52.062878189608455" lon="4.59057348780334">
        <ele>-4.57</ele>
      </trkpt>
      <trkpt lat="52.062814235687256" lon="4.590182304382324">
        <ele>-4.57</ele>
      </trkpt>
      <trkpt lat="52.06281431950629" lon="4.590182304382324">
        <ele>-4.6</ele>
      </trkpt>
      <trkpt lat="52.062771236523986" lon="4.589823642745614">
        <ele>-4.62</ele>
      </trkpt>
      <trkpt lat="52.062728153541684" lon="4.589464981108904">
        <ele>-4.66</ele>
      </trkpt>
      <trkpt lat="52.06268548965454" lon="4.589109420776367">
        <ele>-4.67</ele>
      </trkpt>
      <trkpt lat="52.06261474639177" lon="4.588648248463869">
        <ele>-4.65</ele>
      </trkpt>
      <trkpt lat="52.06254408694804" lon="4.588187159970403">
        <ele>-4.67</ele>
      </trkpt>
      <trkpt lat="52.06247334368527" lon="4.587726071476936">
        <ele>-4.69</ele>
      </trkpt>
      <trkpt lat="52.06240268424153" lon="4.58726498298347">
        <ele>-4.73</ele>
      </trkpt>
      <trkpt lat="52.062331940978765" lon="4.586803894490004">
        <ele>-4.72</ele>
      </trkpt>
      <trkpt lat="52.06226128153503" lon="4.586342805996537">
        <ele>-4.7</ele>
      </trkpt>
      <trkpt lat="52.0621919631958" lon="4.585890769958496">
        <ele>-4.68</ele>
      </trkpt>
      <trkpt lat="52.06215608865023" lon="4.585438817739487">
        <ele>-4.67</ele>
      </trkpt>
      <trkpt lat="52.06212021410465" lon="4.584986865520477">
        <ele>-4.63</ele>
      </trkpt>
      <trkpt lat="52.062084674835205" lon="4.58453893661499">
        <ele>-4.59</ele>
      </trkpt>
      <trkpt lat="52.06199859268963" lon="4.584151608869433">
        <ele>-4.59</ele>
      </trkpt>
      <trkpt lat="52.06191251054406" lon="4.583764364942908">
        <ele>-4.62</ele>
      </trkpt>
      <trkpt lat="52.061827182769775" lon="4.583380222320557">
        <ele>-4.61</ele>
      </trkpt>
      <trkpt lat="52.061753338202834" lon="4.582903711125255">
        <ele>-4.63</ele>
      </trkpt>
      <trkpt lat="52.061679577454925" lon="4.582427283748984">
        <ele>-4.57</ele>
      </trkpt>
      <trkpt lat="52.061605816707015" lon="4.581950772553682">
        <ele>-4.51</ele>
      </trkpt>
      <trkpt lat="52.061532055959105" lon="4.581474345177412">
        <ele>-4.45</ele>
      </trkpt>
      <trkpt lat="52.061458295211196" lon="4.580997917801142">
        <ele>-4.46</ele>
      </trkpt>
      <trkpt lat="52.061384534463286" lon="4.58052140660584">
        <ele>-4.47</ele>
      </trkpt>
      <trkpt lat="52.061312198638916" lon="4.58005428314209">
        <ele>-4.41</ele>
      </trkpt>
      <trkpt lat="52.06124405376613" lon="4.579584393650293">
        <ele>-4.38</ele>
      </trkpt>
      <trkpt lat="52.06117590889335" lon="4.579114587977529">
        <ele>-4.35</ele>
      </trkpt>
      <trkpt lat="52.06110776402056" lon="4.578644782304764">
        <ele>-4.32</ele>
      </trkpt>
      <trkpt lat="52.06103961914778" lon="4.578174976631999">
        <ele>-4.28</ele>
      </trkpt>
      <trkpt lat="52.06097147427499" lon="4.577705254778266">
        <ele>-4.25</ele>
      </trkpt>
      <trkpt lat="52.06090450286865" lon="4.577243328094482">
        <ele>-4.22</ele>
      </trkpt>
      <trkpt lat="52.06092596054077" lon="4.576921463012695">
        <ele>-4.19</ele>
      </trkpt>
      <trkpt lat="52.0609796885401" lon="4.576555592939258">
        <ele>-4.15</ele>
      </trkpt>
      <trkpt lat="52.06103324890137" lon="4.5761919021606445">
        <ele>-4.13</ele>
      </trkpt>
      <trkpt lat="52.06101179122925" lon="4.575977325439453">
        <ele>-4.09</ele>
      </trkpt>
      <trkpt lat="52.06096887588501" lon="4.575634002685547">
        <ele>-4.06</ele>
      </trkpt>
      <trkpt lat="52.06088279373944" lon="4.575322028249502">
        <ele>-4.04</ele>
      </trkpt>
      <trkpt lat="52.06079721450806" lon="4.575011730194092">
        <ele>-3.99</ele>
      </trkpt>
      <trkpt lat="52.060754131525755" lon="4.574753483757377">
        <ele>-3.96</ele>
      </trkpt>
      <trkpt lat="52.06071138381958" lon="4.574496746063232">
        <ele>-3.89</ele>
      </trkpt>
      <trkpt lat="52.06071146763861" lon="4.574496746063232">
        <ele>-3.86</ele>
      </trkpt>
      <trkpt lat="52.06062966026366" lon="4.57407932728529">
        <ele>-3.79</ele>
      </trkpt>
      <trkpt lat="52.0605478528887" lon="4.573661908507347">
        <ele>-3.76</ele>
      </trkpt>
      <trkpt lat="52.06046612933278" lon="4.5732444897294044">
        <ele>-3.74</ele>
      </trkpt>
      <trkpt lat="52.06038432195783" lon="4.572827070951462">
        <ele>-3.73</ele>
      </trkpt>
      <trkpt lat="52.060303688049316" lon="4.572415351867676">
        <ele>-3.73</ele>
      </trkpt>
      <trkpt lat="52.06022908911109" lon="4.57193473353982">
        <ele>-3.73</ele>
      </trkpt>
      <trkpt lat="52.06015449017286" lon="4.571454199030995">
        <ele>-3.71</ele>
      </trkpt>
      <trkpt lat="52.060079891234636" lon="4.570973580703139">
        <ele>-3.64</ele>
      </trkpt>
      <trkpt lat="52.06000529229641" lon="4.570493046194315">
        <ele>-3.57</ele>
      </trkpt>
      <trkpt lat="52.059930777177215" lon="4.570012511685491">
        <ele>-3.53</ele>
      </trkpt>
      <trkpt lat="52.05985617823899" lon="4.5695318933576345">
        <ele>-3.52</ele>
      </trkpt>
      <trkpt lat="52.05978157930076" lon="4.56905135884881">
        <ele>-3.51</ele>
      </trkpt>
      <trkpt lat="52.059706980362535" lon="4.568570824339986">
        <ele>-3.48</ele>
      </trkpt>
      <trkpt lat="52.05963246524334" lon="4.56809020601213">
        <ele>-3.42</ele>
      </trkpt>
      <trkpt lat="52.05955786630511" lon="4.567609671503305">
        <ele>-3.35</ele>
      </trkpt>
      <trkpt lat="52.059483267366886" lon="4.567129136994481">
        <ele>-3.29</ele>
      </trkpt>
      <trkpt lat="52.05940866842866" lon="4.566648518666625">
        <ele>-3.26</ele>
      </trkpt>
      <trkpt lat="52.05933406949043" lon="4.566167984157801">
        <ele>-3.25</ele>
      </trkpt>
      <trkpt lat="52.05925955437124" lon="4.565687449648976">
        <ele>-3.22</ele>
      </trkpt>
      <trkpt lat="52.05918788909912" lon="4.565227031707764">
        <ele>-3.19</ele>
      </trkpt>
      <trkpt lat="52.05911253578961" lon="4.564764350652695">
        <ele>-3.13</ele>
      </trkpt>
      <trkpt lat="52.05903768539429" lon="4.564304351806641">
        <ele>-3.08</ele>
      </trkpt>
      <trkpt lat="52.059059143066406" lon="4.564111232757568">
        <ele>-3.03</ele>
      </trkpt>
      <trkpt lat="52.05922577530146" lon="4.563748380169272">
        <ele>-2.98</ele>
      </trkpt>
      <trkpt lat="52.05939240753651" lon="4.5633855275809765">
        <ele>-2.9</ele>
      </trkpt>
      <trkpt lat="52.05955903977156" lon="4.563022758811712">
        <ele>-2.85</ele>
      </trkpt>
      <trkpt lat="52.05972567200661" lon="4.562659906223416">
        <ele>-2.8</ele>
      </trkpt>
      <trkpt lat="52.05989230424166" lon="4.562297137454152">
        <ele>-2.8</ele>
      </trkpt>
      <trkpt lat="52.06005893647671" lon="4.561934284865856">
        <ele>-2.75</ele>
      </trkpt>
      <trkpt lat="52.06022565253079" lon="4.56157143227756">
        <ele>-2.7</ele>
      </trkpt>
      <trkpt lat="52.060389602556825" lon="4.561214447021484">
        <ele>-2.6</ele>
      </trkpt>
      <trkpt lat="52.06051826477051" lon="4.5609354972839355">
        <ele>-2.54</ele>
      </trkpt>
      <trkpt lat="52.06066846847534" lon="4.560806751251221">
        <ele>-2.52</ele>
      </trkpt>
      <trkpt lat="52.06066855229437" lon="4.560806751251221">
        <ele>-2.49</ele>
      </trkpt>
      <trkpt lat="52.06089746206999" lon="4.560699379071593">
        <ele>-2.47</ele>
      </trkpt>
      <trkpt lat="52.061126455664635" lon="4.560592006891966">
        <ele>-2.47</ele>
      </trkpt>
      <trkpt lat="52.061355113983154" lon="4.560484886169434">
        <ele>-2.46</ele>
      </trkpt>
      <trkpt lat="52.06144094467163" lon="4.560399055480957">
        <ele>-2.45</ele>
      </trkpt>
      <trkpt lat="52.06150531768799" lon="4.560270309448242">
        <ele>-2.42</ele>
      </trkpt>
      <trkpt lat="52.06152677536011" lon="4.56007719039917">
        <ele>-2.38</ele>
      </trkpt>
      <trkpt lat="52.06150540150702" lon="4.55981969833374">
        <ele>-2.32</ele>
      </trkpt>
      <trkpt lat="52.06150531768799" lon="4.559550639241934">
        <ele>-2.25</ele>
      </trkpt>
      <trkpt lat="52.06150531768799" lon="4.559283256530762">
        <ele>-2.24</ele>
      </trkpt>
      <trkpt lat="52.06156977452338" lon="4.558961391448975">
        <ele>-2.28</ele>
      </trkpt>
      <trkpt lat="52.061655689030886" lon="4.558724770322442">
        <ele>-2.37</ele>
      </trkpt>
      <trkpt lat="52.0617413520813" lon="4.5584893226623535">
        <ele>-2.43</ele>
      </trkpt>
      <trkpt lat="52.06181662157178" lon="4.55823116004467">
        <ele>-2.5</ele>
      </trkpt>
      <trkpt lat="52.06189155578613" lon="4.557974338531494">
        <ele>-2.56</ele>
      </trkpt>
      <trkpt lat="52.061870098114014" lon="4.557695388793945">
        <ele>-2.61</ele>
      </trkpt>
      <trkpt lat="52.06178426742554" lon="4.557502269744873">
        <ele>-2.67</ele>
      </trkpt>
      <trkpt lat="52.06159081310034" lon="4.557179817929864">
        <ele>-2.71</ele>
      </trkpt>
      <trkpt lat="52.06139802932739" lon="4.556858539581299">
        <ele>-2.74</ele>
      </trkpt>
      <trkpt lat="52.061355113983154" lon="4.556686878204346">
        <ele>-2.76</ele>
      </trkpt>
      <trkpt lat="52.06126928329468" lon="4.556751251220703">
        <ele>-2.81</ele>
      </trkpt>
      <trkpt lat="52.06113307736814" lon="4.55708091147244">
        <ele>-2.86</ele>
      </trkpt>
      <trkpt lat="52.0609968714416" lon="4.557410655543208">
        <ele>-2.86</ele>
      </trkpt>
      <trkpt lat="52.060861587524414" lon="4.557738304138184">
        <ele>-2.9</ele>
      </trkpt>
      <trkpt lat="52.06081875599921" lon="4.557695388793945">
        <ele>-2.94</ele>
      </trkpt>
      <trkpt lat="52.06059948541224" lon="4.557360112667084">
        <ele>-3.01</ele>
      </trkpt>
      <trkpt lat="52.060380298644304" lon="4.557024836540222">
        <ele>-3.05</ele>
      </trkpt>
      <trkpt lat="52.06016111187637" lon="4.556689560413361">
        <ele>-3.05</ele>
      </trkpt>
      <trkpt lat="52.0599418412894" lon="4.556354284286499">
        <ele>-3.12</ele>
      </trkpt>
      <trkpt lat="52.05972441472113" lon="4.556021690368652">
        <ele>-3.15</ele>
      </trkpt>
      <trkpt lat="52.059503300115466" lon="4.555671578273177">
        <ele>-3.13</ele>
      </trkpt>
      <trkpt lat="52.0592821855098" lon="4.555321549996734">
        <ele>-3.15</ele>
      </trkpt>
      <trkpt lat="52.05906115472317" lon="4.55497152172029">
        <ele>-3.14</ele>
      </trkpt>
      <trkpt lat="52.0588400401175" lon="4.554621493443847">
        <ele>-3.17</ele>
      </trkpt>
      <trkpt lat="52.05861900933087" lon="4.554271465167403">
        <ele>-3.17</ele>
      </trkpt>
      <trkpt lat="52.0583978947252" lon="4.55392143689096">
        <ele>-3.16</ele>
      </trkpt>
      <trkpt lat="52.05817937850952" lon="4.55357551574707">
        <ele>-3.18</ele>
      </trkpt>
      <trkpt lat="52.057943092659116" lon="4.553317688405514">
        <ele>-3.13</ele>
      </trkpt>
      <trkpt lat="52.05770680680871" lon="4.553059861063957">
        <ele>-3.08</ele>
      </trkpt>
      <trkpt lat="52.05747135914862" lon="4.552803039550781">
        <ele>-3.06</ele>
      </trkpt>
      <trkpt lat="52.05747127532959" lon="4.552803039550781">
        <ele>-3.03</ele>
      </trkpt>
      <trkpt lat="52.057211520150304" lon="4.5525276102125645">
        <ele>-2.99</ele>
      </trkpt>
      <trkpt lat="52.05695176497102" lon="4.552252264693379">
        <ele>-2.99</ele>
      </trkpt>
      <trkpt lat="52.05669200979173" lon="4.551976835355163">
        <ele>-2.95</ele>
      </trkpt>
      <trkpt lat="52.05643233843148" lon="4.5517014898359776">
        <ele>-2.91</ele>
      </trkpt>
      <trkpt lat="52.05617258325219" lon="4.5514261443167925">
        <ele>-2.86</ele>
      </trkpt>
      <trkpt lat="52.055912828072906" lon="4.551150714978576">
        <ele>-2.78</ele>
      </trkpt>
      <trkpt lat="52.05565315671265" lon="4.550875369459391">
        <ele>-2.71</ele>
      </trkpt>
      <trkpt lat="52.055393401533365" lon="4.550600023940206">
        <ele>-2.63</ele>
      </trkpt>
      <trkpt lat="52.05513364635408" lon="4.550324594601989">
        <ele>-2.59</ele>
      </trkpt>
      <trkpt lat="52.054873974993825" lon="4.550049249082804">
        <ele>-2.58</ele>
      </trkpt>
      <trkpt lat="52.054617488756776" lon="4.549777507781982">
        <ele>-2.54</ele>
      </trkpt>
      <trkpt lat="52.054617404937744" lon="4.549777507781982">
        <ele>-2.51</ele>
      </trkpt>
      <trkpt lat="52.05446728505194" lon="4.549670219421387">
        <ele>-2.44</ele>
      </trkpt>
      <trkpt lat="52.054230999201536" lon="4.54949839040637">
        <ele>-2.37</ele>
      </trkpt>
      <trkpt lat="52.05399513244629" lon="4.5493268966674805">
        <ele>-2.35</ele>
      </trkpt>
      <trkpt lat="52.05373386852443" lon="4.549219524487853">
        <ele>-2.35</ele>
      </trkpt>
      <trkpt lat="52.05347268842161" lon="4.549112152308226">
        <ele>-2.34</ele>
      </trkpt>
      <trkpt lat="52.05321150831878" lon="4.549004780128598">
        <ele>-2.33</ele>
      </trkpt>
      <trkpt lat="52.052950244396925" lon="4.5488974917680025">
        <ele>-2.37</ele>
      </trkpt>
      <trkpt lat="52.0526890642941" lon="4.548790119588375">
        <ele>-2.39</ele>
      </trkpt>
      <trkpt lat="52.05242872238159" lon="4.548683166503906">
        <ele>-2.39</ele>
      </trkpt>
      <trkpt lat="52.05220685340464" lon="4.548575794324279">
        <ele>-2.32</ele>
      </trkpt>
      <trkpt lat="52.05198498442769" lon="4.548468422144651">
        <ele>-2.29</ele>
      </trkpt>
      <trkpt lat="52.0517635345459" lon="4.548361301422119">
        <ele>-2.31</ele>
      </trkpt>
      <trkpt lat="52.051613414660096" lon="4.548275470733643">
        <ele>-2.33</ele>
      </trkpt>
      <trkpt lat="52.05134494230151" lon="4.548103641718626">
        <ele>-2.37</ele>
      </trkpt>
      <trkpt lat="52.05107646994293" lon="4.5479318127036095">
        <ele>-2.37</ele>
      </trkpt>
      <trkpt lat="52.050808081403375" lon="4.547760067507625">
        <ele>-2.36</ele>
      </trkpt>
      <trkpt lat="52.05054044723511" lon="4.54758882522583">
        <ele>-2.39</ele>
      </trkpt>
      <trkpt lat="52.05034171231091" lon="4.547379361465573">
        <ele>-2.39</ele>
      </trkpt>
      <trkpt lat="52.05014297738671" lon="4.5471698977053165">
        <ele>-2.36</ele>
      </trkpt>
      <trkpt lat="52.049944242462516" lon="4.54696043394506">
        <ele>-2.38</ele>
      </trkpt>
      <trkpt lat="52.0497465133667" lon="4.546751976013184">
        <ele>-2.39</ele>
      </trkpt>
      <trkpt lat="52.04974659718573" lon="4.546751976013184">
        <ele>-2.41</ele>
      </trkpt>
      <trkpt lat="52.04953193664551" lon="4.546494483947754">
        <ele>-2.44</ele>
      </trkpt>
      <trkpt lat="52.04953202046454" lon="4.546494483947754">
        <ele>-2.46</ele>
      </trkpt>
      <trkpt lat="52.04938156530261" lon="4.546301029622555">
        <ele>-2.5</ele>
      </trkpt>
      <trkpt lat="52.04923152923584" lon="4.546108245849609">
        <ele>-2.54</ele>
      </trkpt>
      <trkpt lat="52.048963056877255" lon="4.545904146507382">
        <ele>-2.56</ele>
      </trkpt>
      <trkpt lat="52.04869517125189" lon="4.545700550079346">
        <ele>-2.58</ele>
      </trkpt>
      <trkpt lat="52.04850188456476" lon="4.545582449063659">
        <ele>-2.66</ele>
      </trkpt>
      <trkpt lat="52.04830893315375" lon="4.545464515686035">
        <ele>-2.72</ele>
      </trkpt>
      <trkpt lat="52.0480368565768" lon="4.545296290889382">
        <ele>-2.77</ele>
      </trkpt>
      <trkpt lat="52.047764863818884" lon="4.54512806609273">
        <ele>-2.8</ele>
      </trkpt>
      <trkpt lat="52.04749287106097" lon="4.544959841296077">
        <ele>-2.84</ele>
      </trkpt>
      <trkpt lat="52.04722087830305" lon="4.544791616499424">
        <ele>-2.88</ele>
      </trkpt>
      <trkpt lat="52.046948885545135" lon="4.544623475521803">
        <ele>-2.9</ele>
      </trkpt>
      <trkpt lat="52.04667806625366" lon="4.5444560050964355">
        <ele>-2.94</ele>
      </trkpt>
      <trkpt lat="52.046635150909424" lon="4.544305801391602">
        <ele>-2.97</ele>
      </trkpt>
      <trkpt lat="52.0465708617121" lon="4.544262886047363">
        <ele>-3.0</ele>
      </trkpt>
      <trkpt lat="52.04631311818957" lon="4.544112514704466">
        <ele>-3.03</ele>
      </trkpt>
      <trkpt lat="52.04605579376221" lon="4.543962478637695">
        <ele>-3.07</ele>
      </trkpt>
      <trkpt lat="52.04579830169678" lon="4.543898105621338">
        <ele>-3.05</ele>
      </trkpt>
      <trkpt lat="52.04579838551581" lon="4.543898105621338">
        <ele>-3.08</ele>
      </trkpt>
      <trkpt lat="52.045669639483094" lon="4.5438551902771">
        <ele>-3.1</ele>
      </trkpt>
      <trkpt lat="52.045390689745545" lon="4.5436835289001465">
        <ele>-3.15</ele>
      </trkpt>
      <trkpt lat="52.04515448771417" lon="4.543597614392638">
        <ele>-3.17</ele>
      </trkpt>
      <trkpt lat="52.04491836950183" lon="4.54351169988513">
        <ele>-3.15</ele>
      </trkpt>
      <trkpt lat="52.044682586565614" lon="4.543426036834717">
        <ele>-3.19</ele>
      </trkpt>
      <trkpt lat="52.04448929987848" lon="4.543361579999328">
        <ele>-3.26</ele>
      </trkpt>
      <trkpt lat="52.04429634846747" lon="4.543297290802002">
        <ele>-3.33</ele>
      </trkpt>
      <trkpt lat="52.04406727105379" lon="4.543211376294494">
        <ele>-3.4</ele>
      </trkpt>
      <trkpt lat="52.043838277459145" lon="4.543125461786985">
        <ele>-3.48</ele>
      </trkpt>
      <trkpt lat="52.043609619140625" lon="4.543039798736572">
        <ele>-3.53</ele>
      </trkpt>
      <trkpt lat="52.04338414594531" lon="4.542932426556945">
        <ele>-3.57</ele>
      </trkpt>
      <trkpt lat="52.04315900802612" lon="4.542825222015381">
        <ele>-3.59</ele>
      </trkpt>
      <trkpt lat="52.043159091845155" lon="4.542825222015381">
        <ele>-3.63</ele>
      </trkpt>
      <trkpt lat="52.04292297363281" lon="4.542524814605713">
        <ele>-3.67</ele>
      </trkpt>
      <trkpt lat="52.04281568527222" lon="4.542224407196045">
        <ele>-3.74</ele>
      </trkpt>
      <trkpt lat="52.04274393618107" lon="4.541837079450488">
        <ele>-3.8</ele>
      </trkpt>
      <trkpt lat="52.04267227090895" lon="4.541449751704931">
        <ele>-3.83</ele>
      </trkpt>
      <trkpt lat="52.04260119237006" lon="4.541065692901611">
        <ele>-3.86</ele>
      </trkpt>
      <trkpt lat="52.04253673553467" lon="4.540657997131348">
        <ele>-3.9</ele>
      </trkpt>
      <trkpt lat="52.04248292371631" lon="4.540367480367422">
        <ele>-3.9</ele>
      </trkpt>
      <trkpt lat="52.04242944717407" lon="4.540078639984131">
        <ele>-3.92</ele>
      </trkpt>
      <trkpt lat="52.04227924346924" lon="4.5398640632629395">
        <ele>-3.94</ele>
      </trkpt>
      <trkpt lat="52.04211822710931" lon="4.539767419919372">
        <ele>-3.95</ele>
      </trkpt>
      <trkpt lat="52.04195746220648" lon="4.539670944213867">
        <ele>-3.99</ele>
      </trkpt>
      <trkpt lat="52.041742634028196" lon="4.53956357203424">
        <ele>-4.02</ele>
      </trkpt>
      <trkpt lat="52.04152822494507" lon="4.539456367492676">
        <ele>-4.03</ele>
      </trkpt>
      <trkpt lat="52.04124927520752" lon="4.539434909820557">
        <ele>-4.03</ele>
      </trkpt>
      <trkpt lat="52.04105615615845" lon="4.539585113525391">
        <ele>-4.04</ele>
      </trkpt>
      <trkpt lat="52.04092741012573" lon="4.53984260559082">
        <ele>-4.05</ele>
      </trkpt>
      <trkpt lat="52.04082020558417" lon="4.539928436279297">
        <ele>-4.04</ele>
      </trkpt>
      <trkpt lat="52.04071291722357" lon="4.540014266967773">
        <ele>-4.02</ele>
      </trkpt>
      <trkpt lat="52.040648460388184" lon="4.540057182312012">
        <ele>-3.99</ele>
      </trkpt>
      <trkpt lat="52.04056262969971" lon="4.540014266967773">
        <ele>-3.94</ele>
      </trkpt>
      <trkpt lat="52.040297761559486" lon="4.540214678272605">
        <ele>-3.87</ele>
      </trkpt>
      <trkpt lat="52.040032893419266" lon="4.5404150895774364">
        <ele>-3.84</ele>
      </trkpt>
      <trkpt lat="52.03976877965033" lon="4.540615081787109">
        <ele>-3.8</ele>
      </trkpt>
      <trkpt lat="52.03970432281494" lon="4.540657997131348">
        <ele>-3.75</ele>
      </trkpt>
      <trkpt lat="52.03948957845569" lon="4.5408297423273325">
        <ele>-3.69</ele>
      </trkpt>
      <trkpt lat="52.03927525319159" lon="4.541001319885254">
        <ele>-3.63</ele>
      </trkpt>
      <trkpt lat="52.039146423339844" lon="4.541065692901611">
        <ele>-3.57</ele>
      </trkpt>
      <trkpt lat="52.03906059265137" lon="4.541065692901611">
        <ele>-3.5</ele>
      </trkpt>
      <trkpt lat="52.03875289298594" lon="4.54096544533968">
        <ele>-3.47</ele>
      </trkpt>
      <trkpt lat="52.03844519332051" lon="4.54086528159678">
        <ele>-3.43</ele>
      </trkpt>
      <trkpt lat="52.038137996569276" lon="4.540765285491943">
        <ele>-3.33</ele>
      </trkpt>
      <trkpt lat="52.037901878356934" lon="4.5406365394592285">
        <ele>-3.21</ele>
      </trkpt>
      <trkpt lat="52.037665508687496" lon="4.540324900299311">
        <ele>-3.09</ele>
      </trkpt>
      <trkpt lat="52.03742980957031" lon="4.540014266967773">
        <ele>-3.01</ele>
      </trkpt>
      <trkpt lat="52.037343978881836" lon="4.540014266967773">
        <ele>-2.92</ele>
      </trkpt>
      <trkpt lat="52.03725814819336" lon="4.540078639984131">
        <ele>-2.85</ele>
      </trkpt>
      <trkpt lat="52.03725823201239" lon="4.540078639984131">
        <ele>-2.77</ele>
      </trkpt>
      <trkpt lat="52.037086486816406" lon="4.540143013000488">
        <ele>-2.7</ele>
      </trkpt>
      <trkpt lat="52.03691482543945" lon="4.540121555328369">
        <ele>-2.61</ele>
      </trkpt>
      <trkpt lat="52.0367000810802" lon="4.54006782732904">
        <ele>-2.5</ele>
      </trkpt>
      <trkpt lat="52.03648567199707" lon="4.540014266967773">
        <ele>-2.39</ele>
      </trkpt>
      <trkpt lat="52.036356925964355" lon="4.539971351623535">
        <ele>-2.31</ele>
      </trkpt>
      <trkpt lat="52.036120891571045" lon="4.539906978607178">
        <ele>-2.26</ele>
      </trkpt>
      <trkpt lat="52.0358847733587" lon="4.539849730208516">
        <ele>-2.25</ele>
      </trkpt>
      <trkpt lat="52.03564865514636" lon="4.5397924818098545">
        <ele>-2.27</ele>
      </trkpt>
      <trkpt lat="52.035412872210145" lon="4.539735317230225">
        <ele>-2.31</ele>
      </trkpt>
      <trkpt lat="52.03530524857342" lon="4.54016556032002">
        <ele>-2.31</ele>
      </trkpt>
      <trkpt lat="52.03519821166992" lon="4.54059362411499">
        <ele>-2.28</ele>
      </trkpt>
      <trkpt lat="52.0351767539978" lon="4.540829658508301">
        <ele>-2.28</ele>
      </trkpt>
      <trkpt lat="52.03519821166992" lon="4.541022777557373">
        <ele>-2.26</ele>
      </trkpt>
      <trkpt lat="52.035155296325684" lon="4.541323184967041">
        <ele>-2.27</ele>
      </trkpt>
      <trkpt lat="52.035155380144715" lon="4.541323184967041">
        <ele>-2.29</ele>
      </trkpt>
      <trkpt lat="52.03509100712836" lon="4.541623592376709">
        <ele>-2.31</ele>
      </trkpt>
      <trkpt lat="52.034978019073606" lon="4.542091470211744">
        <ele>-2.37</ele>
      </trkpt>
      <trkpt lat="52.034865114837885" lon="4.542559431865811">
        <ele>-2.44</ele>
      </trkpt>
      <trkpt lat="52.03475212678313" lon="4.543027309700847">
        <ele>-2.49</ele>
      </trkpt>
      <trkpt lat="52.03463922254741" lon="4.543495271354914">
        <ele>-2.51</ele>
      </trkpt>
      <trkpt lat="52.03452623449266" lon="4.543963149189949">
        <ele>-2.51</ele>
      </trkpt>
      <trkpt lat="52.03441333025694" lon="4.544431110844016">
        <ele>-2.56</ele>
      </trkpt>
      <trkpt lat="52.03430034220219" lon="4.544899072498083">
        <ele>-2.57</ele>
      </trkpt>
      <trkpt lat="52.034187437966466" lon="4.545366950333118">
        <ele>-2.61</ele>
      </trkpt>
      <trkpt lat="52.034074449911714" lon="4.5458349119871855">
        <ele>-2.64</ele>
      </trkpt>
      <trkpt lat="52.03396154567599" lon="4.546302789822221">
        <ele>-2.66</ele>
      </trkpt>
      <trkpt lat="52.03384855762124" lon="4.546770751476288">
        <ele>-2.7</ele>
      </trkpt>
      <trkpt lat="52.03373908996582" lon="4.547224044799805">
        <ele>-2.79</ele>
      </trkpt>
      <trkpt lat="52.03362333588302" lon="4.547680942341685">
        <ele>-2.82</ele>
      </trkpt>
      <trkpt lat="52.03350758180022" lon="4.548137839883566">
        <ele>-2.85</ele>
      </trkpt>
      <trkpt lat="52.03339182771742" lon="4.5485947374254465">
        <ele>-2.88</ele>
      </trkpt>
      <trkpt lat="52.033276073634624" lon="4.549051634967327">
        <ele>-2.84</ele>
      </trkpt>
      <trkpt lat="52.033160319551826" lon="4.549508616328239">
        <ele>-2.82</ele>
      </trkpt>
      <trkpt lat="52.03304456546903" lon="4.54996551387012">
        <ele>-2.78</ele>
      </trkpt>
      <trkpt lat="52.03292881138623" lon="4.550422411412001">
        <ele>-2.7</ele>
      </trkpt>
      <trkpt lat="52.03281314112246" lon="4.550879308953881">
        <ele>-2.66</ele>
      </trkpt>
      <trkpt lat="52.03269738703966" lon="4.551336206495762">
        <ele>-2.66</ele>
      </trkpt>
      <trkpt lat="52.03258163295686" lon="4.5517931040376425">
        <ele>-2.61</ele>
      </trkpt>
      <trkpt lat="52.03246587887406" lon="4.552250085398555">
        <ele>-2.53</ele>
      </trkpt>
      <trkpt lat="52.032350124791265" lon="4.552706982940435">
        <ele>-2.43</ele>
      </trkpt>
      <trkpt lat="52.032234370708466" lon="4.553163880482316">
        <ele>-2.4</ele>
      </trkpt>
      <trkpt lat="52.03211861662567" lon="4.553620778024197">
        <ele>-2.35</ele>
      </trkpt>
      <trkpt lat="52.03200286254287" lon="4.554077675566077">
        <ele>-2.24</ele>
      </trkpt>
      <trkpt lat="52.0318871922791" lon="4.554534573107958">
        <ele>-2.15</ele>
      </trkpt>
      <trkpt lat="52.0317714381963" lon="4.5549914706498384">
        <ele>-2.04</ele>
      </trkpt>
      <trkpt lat="52.0316556841135" lon="4.555448368191719">
        <ele>-1.93</ele>
      </trkpt>
      <trkpt lat="52.0315399300307" lon="4.5559052657336">
        <ele>-1.85</ele>
      </trkpt>
      <trkpt lat="52.031424175947905" lon="4.55636216327548">
        <ele>-1.82</ele>
      </trkpt>
      <trkpt lat="52.03131437301636" lon="4.556794166564941">
        <ele>-1.74</ele>
      </trkpt>
      <trkpt lat="52.031206749379635" lon="4.557197503745556">
        <ele>-1.63</ele>
      </trkpt>
      <trkpt lat="52.031099209561944" lon="4.55760084092617">
        <ele>-1.54</ele>
      </trkpt>
      <trkpt lat="52.03099166974425" lon="4.558004178106785">
        <ele>-1.38</ele>
      </trkpt>
      <trkpt lat="52.030885219573975" lon="4.558403491973877">
        <ele>-1.23</ele>
      </trkpt>
      <trkpt lat="52.03084238804877" lon="4.5586395263671875">
        <ele>-1.11</ele>
      </trkpt>
      <trkpt lat="52.03082084655762" lon="4.558725357055664">
        <ele>-1.04</ele>
      </trkpt>
      <trkpt lat="52.030734764412045" lon="4.559047976508737">
        <ele>-0.98</ele>
      </trkpt>
      <trkpt lat="52.030649185180664" lon="4.559369087219238">
        <ele>-0.94</ele>
      </trkpt>
      <trkpt lat="52.03058481216431" lon="4.559454917907715">
        <ele>-0.9</ele>
      </trkpt>
      <trkpt lat="52.030391693115234" lon="4.559390544891357">
        <ele>-0.88</ele>
      </trkpt>
      <trkpt lat="52.03012112528086" lon="4.559265989810228">
        <ele>-0.87</ele>
      </trkpt>
      <trkpt lat="52.02985064126551" lon="4.559141434729099">
        <ele>-0.83</ele>
      </trkpt>
      <trkpt lat="52.029580073431134" lon="4.559016963467002">
        <ele>-0.79</ele>
      </trkpt>
      <trkpt lat="52.02930958941579" lon="4.558892408385873">
        <ele>-0.77</ele>
      </trkpt>
      <trkpt lat="52.02903985977173" lon="4.558768272399902">
        <ele>-0.78</ele>
      </trkpt>
      <trkpt lat="52.0287823677063" lon="4.558703899383545">
        <ele>-0.79</ele>
      </trkpt>
      <trkpt lat="52.02847106382251" lon="4.558746814727783">
        <ele>-0.86</ele>
      </trkpt>
      <trkpt lat="52.028160095214844" lon="4.5587897300720215">
        <ele>-0.93</ele>
      </trkpt>
      <trkpt lat="52.02790779992938" lon="4.5588648319244385">
        <ele>-1.01</ele>
      </trkpt>
      <trkpt lat="52.02765558846295" lon="4.5589399337768555">
        <ele>-1.03</ele>
      </trkpt>
      <trkpt lat="52.027403293177485" lon="4.559015119448304">
        <ele>-1.09</ele>
      </trkpt>
      <trkpt lat="52.027151584625244" lon="4.5590901374816895">
        <ele>-1.12</ele>
      </trkpt>
      <trkpt lat="52.02686173841357" lon="4.5590471383184195">
        <ele>-1.15</ele>
      </trkpt>
      <trkpt lat="52.02657222747803" lon="4.559004306793213">
        <ele>-1.22</ele>
      </trkpt>
      <trkpt lat="52.02640048228204" lon="4.558993494138122">
        <ele>-1.29</ele>
      </trkpt>
      <trkpt lat="52.02622898854315" lon="4.558982849121094">
        <ele>-1.35</ele>
      </trkpt>
      <trkpt lat="52.026207530871034" lon="4.558982849121094">
        <ele>-1.42</ele>
      </trkpt>
      <trkpt lat="52.02591768465936" lon="4.5589882135391235">
        <ele>-1.48</ele>
      </trkpt>
      <trkpt lat="52.02562783844769" lon="4.558993577957153">
        <ele>-1.63</ele>
      </trkpt>
      <trkpt lat="52.02533807605505" lon="4.558998942375183">
        <ele>-1.7</ele>
      </trkpt>
      <trkpt lat="52.02504873275757" lon="4.559004306793213">
        <ele>-1.7</ele>
      </trkpt>
      <trkpt lat="52.02481269836426" lon="4.558961391448975">
        <ele>-1.79</ele>
      </trkpt>
      <trkpt lat="52.02461941167712" lon="4.558886205777526">
        <ele>-1.91</ele>
      </trkpt>
      <trkpt lat="52.02442646026611" lon="4.558811187744141">
        <ele>-1.97</ele>
      </trkpt>
      <trkpt lat="52.0241473428905" lon="4.5586286298930645">
        <ele>-2.03</ele>
      </trkpt>
      <trkpt lat="52.02386864461005" lon="4.558446407318115">
        <ele>-2.12</ele>
      </trkpt>
      <trkpt lat="52.02369689941406" lon="4.558360576629639">
        <ele>-2.2</ele>
      </trkpt>
      <trkpt lat="52.02354669570923" lon="4.5583391189575195">
        <ele>-2.26</ele>
      </trkpt>
      <trkpt lat="52.02323539182544" lon="4.558360576629639">
        <ele>-2.43</ele>
      </trkpt>
      <trkpt lat="52.02292417176068" lon="4.558382034301758">
        <ele>-2.55</ele>
      </trkpt>
      <trkpt lat="52.02261286787689" lon="4.558403491973877">
        <ele>-2.59</ele>
      </trkpt>
      <trkpt lat="52.02230215072632" lon="4.558424949645996">
        <ele>-2.53</ele>
      </trkpt>
      <trkpt lat="52.022028397768736" lon="4.558500051498413">
        <ele>-2.53</ele>
      </trkpt>
      <trkpt lat="52.021754728630185" lon="4.55857515335083">
        <ele>-2.61</ele>
      </trkpt>
      <trkpt lat="52.0214809756726" lon="4.558650339022279">
        <ele>-2.61</ele>
      </trkpt>
      <trkpt lat="52.02120780944824" lon="4.558725357055664">
        <ele>-2.64</ele>
      </trkpt>
      <trkpt lat="52.02107906341553" lon="4.558703899383545">
        <ele>-2.71</ele>
      </trkpt>
      <trkpt lat="52.020832132548094" lon="4.558628713712096">
        <ele>-2.78</ele>
      </trkpt>
      <trkpt lat="52.02058553695679" lon="4.558553695678711">
        <ele>-2.86</ele>
      </trkpt>
      <trkpt lat="52.02040306292474" lon="4.55854288302362">
        <ele>-2.93</ele>
      </trkpt>
      <trkpt lat="52.02022075653076" lon="4.558532238006592">
        <ele>-2.96</ele>
      </trkpt>
      <trkpt lat="52.01992018148303" lon="4.558435594663024">
        <ele>-2.96</ele>
      </trkpt>
      <trkpt lat="52.019619941711426" lon="4.5583391189575195">
        <ele>-2.97</ele>
      </trkpt>
      <trkpt lat="52.019319366663694" lon="4.558205930516124">
        <ele>-2.99</ele>
      </trkpt>
      <trkpt lat="52.01901879161596" lon="4.55807282589376">
        <ele>-3.05</ele>
      </trkpt>
      <trkpt lat="52.01871821656823" lon="4.557939721271396">
        <ele>-3.05</ele>
      </trkpt>
      <trkpt lat="52.0184176415205" lon="4.557806616649032">
        <ele>-3.0</ele>
      </trkpt>
      <trkpt lat="52.018117904663086" lon="4.557673931121826">
        <ele>-2.94</ele>
      </trkpt>
      <trkpt lat="52.01795688830316" lon="4.557620203122497">
        <ele>-2.9</ele>
      </trkpt>
      <trkpt lat="52.0177960395813" lon="4.5575666427612305">
        <ele>-2.86</ele>
      </trkpt>
      <trkpt lat="52.017527651041746" lon="4.55757737159729">
        <ele>-2.82</ele>
      </trkpt>
      <trkpt lat="52.01725959777832" lon="4.55758810043335">
        <ele>-2.8</ele>
      </trkpt>
      <trkpt lat="52.01697092503309" lon="4.5576405711472034">
        <ele>-2.77</ele>
      </trkpt>
      <trkpt lat="52.016682336106896" lon="4.557693041861057">
        <ele>-2.74</ele>
      </trkpt>
      <trkpt lat="52.0163937471807" lon="4.557745512574911">
        <ele>-2.69</ele>
      </trkpt>
      <trkpt lat="52.016105158254504" lon="4.557797983288765">
        <ele>-2.71</ele>
      </trkpt>
      <trkpt lat="52.01581656932831" lon="4.557850454002619">
        <ele>-2.8</ele>
      </trkpt>
      <trkpt lat="52.01552798040211" lon="4.557902924716473">
        <ele>-2.84</ele>
      </trkpt>
      <trkpt lat="52.015239307656884" lon="4.5579553954303265">
        <ele>-2.81</ele>
      </trkpt>
      <trkpt lat="52.01495071873069" lon="4.55800786614418">
        <ele>-2.76</ele>
      </trkpt>
      <trkpt lat="52.014663219451904" lon="4.558060169219971">
        <ele>-2.78</ele>
      </trkpt>
      <trkpt lat="52.014663303270936" lon="4.558060169219971">
        <ele>-2.78</ele>
      </trkpt>
      <trkpt lat="52.01444864273071" lon="4.558103084564209">
        <ele>-2.82</ele>
      </trkpt>
      <trkpt lat="52.014448726549745" lon="4.558103084564209">
        <ele>-2.82</ele>
      </trkpt>
      <trkpt lat="52.01421252451837" lon="4.558124542236328">
        <ele>-2.85</ele>
      </trkpt>
      <trkpt lat="52.01397657394409" lon="4.558145999908447">
        <ele>-2.85</ele>
      </trkpt>
      <trkpt lat="52.013704581186175" lon="4.558081543073058">
        <ele>-2.85</ele>
      </trkpt>
      <trkpt lat="52.01343267224729" lon="4.558017170056701">
        <ele>-2.85</ele>
      </trkpt>
      <trkpt lat="52.013161182403564" lon="4.557952880859375">
        <ele>-2.87</ele>
      </trkpt>
      <trkpt lat="52.012882232666016" lon="4.557974338531494">
        <ele>-2.9</ele>
      </trkpt>
      <trkpt lat="52.0126567594707" lon="4.558060169219971">
        <ele>-2.89</ele>
      </trkpt>
      <trkpt lat="52.012431621551514" lon="4.558145999908447">
        <ele>-2.86</ele>
      </trkpt>
      <trkpt lat="52.01234579086304" lon="4.558274745941162">
        <ele>-2.84</ele>
      </trkpt>
      <trkpt lat="52.01228141784668" lon="4.5584893226623535">
        <ele>-2.82</ele>
      </trkpt>
      <trkpt lat="52.01228141784668" lon="4.5587897300720215">
        <ele>-2.83</ele>
      </trkpt>
      <trkpt lat="52.01225996017456" lon="4.558982849121094">
        <ele>-2.83</ele>
      </trkpt>
      <trkpt lat="52.012174129486084" lon="4.559047222137451">
        <ele>-2.81</ele>
      </trkpt>
      <trkpt lat="52.01191646978259" lon="4.5591384172439575">
        <ele>-2.78</ele>
      </trkpt>
      <trkpt lat="52.01165889389813" lon="4.559229696169496">
        <ele>-2.77</ele>
      </trkpt>
      <trkpt lat="52.011401234194636" lon="4.559320891276002">
        <ele>-2.8</ele>
      </trkpt>
      <trkpt lat="52.011144161224365" lon="4.559412002563477">
        <ele>-2.82</ele>
      </trkpt>
      <trkpt lat="52.01086504384875" lon="4.559551477432251">
        <ele>-2.78</ele>
      </trkpt>
      <trkpt lat="52.01058626174927" lon="4.559690952301025">
        <ele>-2.75</ele>
      </trkpt>
      <trkpt lat="52.010348634794354" lon="4.559775944799185">
        <ele>-2.71</ele>
      </trkpt>
      <trkpt lat="52.01011109165847" lon="4.559860937297344">
        <ele>-2.69</ele>
      </trkpt>
      <trkpt lat="52.00987396761775" lon="4.559945845976472">
        <ele>-2.67</ele>
      </trkpt>
      <trkpt lat="52.00960859656334" lon="4.560040812939405">
        <ele>-2.65</ele>
      </trkpt>
      <trkpt lat="52.00934322550893" lon="4.560135779902339">
        <ele>-2.63</ele>
      </trkpt>
      <trkpt lat="52.00907785445452" lon="4.5602307468652725">
        <ele>-2.6</ele>
      </trkpt>
      <trkpt lat="52.008812483400106" lon="4.560325713828206">
        <ele>-2.52</ele>
      </trkpt>
      <trkpt lat="52.00854778289795" lon="4.560420513153076">
        <ele>-2.46</ele>
      </trkpt>
      <trkpt lat="52.008376121520996" lon="4.5603346824646">
        <ele>-2.44</ele>
      </trkpt>
      <trkpt lat="52.00826891697943" lon="4.560227394104004">
        <ele>-2.43</ele>
      </trkpt>
      <trkpt lat="52.008039839565754" lon="4.560277434065938">
        <ele>-2.45</ele>
      </trkpt>
      <trkpt lat="52.00781084597111" lon="4.560327557846904">
        <ele>-2.46</ele>
      </trkpt>
      <trkpt lat="52.00758218765259" lon="4.560377597808838">
        <ele>-2.47</ele>
      </trkpt>
      <trkpt lat="52.007303070276976" lon="4.560492094606161">
        <ele>-2.45</ele>
      </trkpt>
      <trkpt lat="52.00702395290136" lon="4.560606591403484">
        <ele>-2.44</ele>
      </trkpt>
      <trkpt lat="52.00674533843994" lon="4.560720920562744">
        <ele>-2.41</ele>
      </trkpt>
      <trkpt lat="52.006659507751465" lon="4.560785293579102">
        <ele>-2.4</ele>
      </trkpt>
      <trkpt lat="52.00659513473511" lon="4.560871124267578">
        <ele>-2.37</ele>
      </trkpt>
      <trkpt lat="52.00671340338886" lon="4.561193659901619">
        <ele>-2.37</ele>
      </trkpt>
      <trkpt lat="52.00683116912842" lon="4.561514854431152">
        <ele>-2.35</ele>
      </trkpt>
      <trkpt lat="52.006916999816895" lon="4.561793804168701">
        <ele>-2.35</ele>
      </trkpt>
      <trkpt lat="52.00685262680054" lon="4.561858177185059">
        <ele>-2.33</ele>
      </trkpt>
      <trkpt lat="52.00659513473511" lon="4.562137126922607">
        <ele>-2.31</ele>
      </trkpt>
      <trkpt lat="52.00646638870239" lon="4.562265872955322">
        <ele>-2.31</ele>
      </trkpt>
      <trkpt lat="52.006423473358154" lon="4.562244415283203">
        <ele>-2.31</ele>
      </trkpt>
      <trkpt lat="52.006423557177186" lon="4.562244415283203">
        <ele>-2.3</ele>
      </trkpt>
      <trkpt lat="52.00628366321325" lon="4.561835713684559">
        <ele>-2.36</ele>
      </trkpt>
      <trkpt lat="52.006144523620605" lon="4.561429023742676">
        <ele>-2.38</ele>
      </trkpt>
      <trkpt lat="52.00599431991577" lon="4.561107158660889">
        <ele>-2.33</ele>
      </trkpt>
      <trkpt lat="52.00583087280393" lon="4.560676999390125">
        <ele>-2.24</ele>
      </trkpt>
      <trkpt lat="52.00566742569208" lon="4.560246923938394">
        <ele>-2.21</ele>
      </trkpt>
      <trkpt lat="52.005503978580236" lon="4.55981676466763">
        <ele>-2.23</ele>
      </trkpt>
      <trkpt lat="52.00534053146839" lon="4.5593866892158985">
        <ele>-2.23</ele>
      </trkpt>
      <trkpt lat="52.005178928375244" lon="4.558961391448975">
        <ele>-2.24</ele>
      </trkpt>
      <trkpt lat="52.004976253956556" lon="4.55863282084465">
        <ele>-2.18</ele>
      </trkpt>
      <trkpt lat="52.00477357953787" lon="4.558304250240326">
        <ele>-2.12</ele>
      </trkpt>
      <trkpt lat="52.00457090511918" lon="4.557975679636002">
        <ele>-2.13</ele>
      </trkpt>
      <trkpt lat="52.004368314519525" lon="4.557647192850709">
        <ele>-2.2</ele>
      </trkpt>
      <trkpt lat="52.00416564010084" lon="4.557318622246385">
        <ele>-2.23</ele>
      </trkpt>
      <trkpt lat="52.00396296568215" lon="4.55699005164206">
        <ele>-2.24</ele>
      </trkpt>
      <trkpt lat="52.00376272201538" lon="4.556665420532227">
        <ele>-2.18</ele>
      </trkpt>
      <trkpt lat="52.003540601581335" lon="4.556350177153945">
        <ele>-2.2</ele>
      </trkpt>
      <trkpt lat="52.00331856496632" lon="4.556035017594695">
        <ele>-2.17</ele>
      </trkpt>
      <trkpt lat="52.00309652835131" lon="4.555719858035445">
        <ele>-2.17</ele>
      </trkpt>
      <trkpt lat="52.00287449173629" lon="4.555404614657164">
        <ele>-2.19</ele>
      </trkpt>
      <trkpt lat="52.00265237130225" lon="4.555089455097914">
        <ele>-2.18</ele>
      </trkpt>
      <trkpt lat="52.002432346343994" lon="4.554777145385742">
        <ele>-2.15</ele>
      </trkpt>
      <trkpt lat="52.0023250579834" lon="4.554691314697266">
        <ele>-2.15</ele>
      </trkpt>
      <trkpt lat="52.002153396606445" lon="4.554648399353027">
        <ele>-2.19</ele>
      </trkpt>
      <trkpt lat="52.00189598836005" lon="4.554755687713623">
        <ele>-2.22</ele>
      </trkpt>
      <trkpt lat="52.0018744468689" lon="4.554798603057861">
        <ele>-2.23</ele>
      </trkpt>
      <trkpt lat="52.00169172137976" lon="4.555088700726628">
        <ele>-2.24</ele>
      </trkpt>
      <trkpt lat="52.00150899589062" lon="4.555378882214427">
        <ele>-2.22</ele>
      </trkpt>
      <trkpt lat="52.00132635422051" lon="4.555668979883194">
        <ele>-2.16</ele>
      </trkpt>
      <trkpt lat="52.001144886016846" lon="4.555957317352295">
        <ele>-2.19</ele>
      </trkpt>
      <trkpt lat="52.00090843252838" lon="4.556279601529241">
        <ele>-2.23</ele>
      </trkpt>
      <trkpt lat="52.000672817230225" lon="4.556601047515869">
        <ele>-2.28</ele>
      </trkpt>
      <trkpt lat="52.000436782836914" lon="4.55683708190918">
        <ele>-2.29</ele>
      </trkpt>
      <trkpt lat="52.00016839429736" lon="4.5569658279418945">
        <ele>-2.32</ele>
      </trkpt>
      <trkpt lat="51.99990042485297" lon="4.557094573974609">
        <ele>-2.23</ele>
      </trkpt>
      <trkpt lat="51.99966413900256" lon="4.557216195389628">
        <ele>-2.15</ele>
      </trkpt>
      <trkpt lat="51.99942793697119" lon="4.557337900623679">
        <ele>-2.13</ele>
      </trkpt>
      <trkpt lat="51.999192237854004" lon="4.557459354400635">
        <ele>-2.18</ele>
      </trkpt>
      <trkpt lat="51.99896324425936" lon="4.5575380604714155">
        <ele>-2.27</ele>
      </trkpt>
      <trkpt lat="51.99873425066471" lon="4.557616766542196">
        <ele>-2.25</ele>
      </trkpt>
      <trkpt lat="51.99850559234619" lon="4.557695388793945">
        <ele>-2.21</ele>
      </trkpt>
      <trkpt lat="51.99832311831415" lon="4.557684576138854">
        <ele>-2.2</ele>
      </trkpt>
      <trkpt lat="51.998140811920166" lon="4.557673931121826">
        <ele>-2.24</ele>
      </trkpt>
      <trkpt lat="51.99797971174121" lon="4.557545017451048">
        <ele>-2.32</ele>
      </trkpt>
      <trkpt lat="51.99781903065741" lon="4.5574164390563965">
        <ele>-2.34</ele>
      </trkpt>
      <trkpt lat="51.99760437011719" lon="4.557158946990967">
        <ele>-2.34</ele>
      </trkpt>
      <trkpt lat="51.99746472761035" lon="4.557040762156248">
        <ele>-2.36</ele>
      </trkpt>
      <trkpt lat="51.99732542037964" lon="4.556922912597656">
        <ele>-2.39</ele>
      </trkpt>
      <trkpt lat="51.997196674346924" lon="4.556879997253418">
        <ele>-2.4</ele>
      </trkpt>
      <trkpt lat="51.996917724609375" lon="4.556901454925537">
        <ele>-2.41</ele>
      </trkpt>
      <trkpt lat="51.99676735326648" lon="4.556793998926878">
        <ele>-2.41</ele>
      </trkpt>
      <trkpt lat="51.99661731719971" lon="4.556686878204346">
        <ele>-2.42</ele>
      </trkpt>
      <trkpt lat="51.99642386287451" lon="4.556381609290838">
        <ele>-2.42</ele>
      </trkpt>
      <trkpt lat="51.99623040854931" lon="4.5560764241963625">
        <ele>-2.43</ele>
      </trkpt>
      <trkpt lat="51.99603695422411" lon="4.555771239101887">
        <ele>-2.43</ele>
      </trkpt>
      <trkpt lat="51.99584358371794" lon="4.555466054007411">
        <ele>-2.43</ele>
      </trkpt>
      <trkpt lat="51.995651721954346" lon="4.555163383483887">
        <ele>-2.42</ele>
      </trkpt>
      <trkpt lat="51.99546681717038" lon="4.554849481210113">
        <ele>-2.42</ele>
      </trkpt>
      <trkpt lat="51.99528199620545" lon="4.55453566275537">
        <ele>-2.41</ele>
      </trkpt>
      <trkpt lat="51.995097091421485" lon="4.554221844300628">
        <ele>-2.39</ele>
      </trkpt>
      <trkpt lat="51.99491227045655" lon="4.553908025845885">
        <ele>-2.36</ele>
      </trkpt>
      <trkpt lat="51.99472904205322" lon="4.5535969734191895">
        <ele>-2.39</ele>
      </trkpt>
      <trkpt lat="51.994729125872254" lon="4.5535969734191895">
        <ele>-2.38</ele>
      </trkpt>
      <trkpt lat="51.99454279616475" lon="4.553278125822544">
        <ele>-2.34</ele>
      </trkpt>
      <trkpt lat="51.99435655027628" lon="4.552959278225899">
        <ele>-2.39</ele>
      </trkpt>
      <trkpt lat="51.994170220568776" lon="4.552640430629253">
        <ele>-2.28</ele>
      </trkpt>
      <trkpt lat="51.993983974680305" lon="4.552321583032608">
        <ele>-2.26</ele>
      </trkpt>
      <trkpt lat="51.9937976449728" lon="4.552002735435963">
        <ele>-2.28</ele>
      </trkpt>
      <trkpt lat="51.99361332692206" lon="4.551687240600586">
        <ele>-2.25</ele>
      </trkpt>
      <trkpt lat="51.99342414736748" lon="4.55135615542531">
        <ele>-2.25</ele>
      </trkpt>
      <trkpt lat="51.993234967812896" lon="4.551025154069066">
        <ele>-2.23</ele>
      </trkpt>
      <trkpt lat="51.993045788258314" lon="4.55069406889379">
        <ele>-2.21</ele>
      </trkpt>
      <trkpt lat="51.99285660870373" lon="4.550363067537546">
        <ele>-2.21</ele>
      </trkpt>
      <trkpt lat="51.992669105529785" lon="4.550034999847412">
        <ele>-2.19</ele>
      </trkpt>
      <trkpt lat="51.99248990043998" lon="4.549698131158948">
        <ele>-2.2</ele>
      </trkpt>
      <trkpt lat="51.9923107791692" lon="4.5493613462895155">
        <ele>-2.19</ele>
      </trkpt>
      <trkpt lat="51.99213266372681" lon="4.5490264892578125">
        <ele>-2.22</ele>
      </trkpt>
      <trkpt lat="51.99196921661496" lon="4.548673862591386">
        <ele>-2.23</ele>
      </trkpt>
      <trkpt lat="51.99180585332215" lon="4.548321235924959">
        <ele>-2.29</ele>
      </trkpt>
      <trkpt lat="51.9916424062103" lon="4.5479686092585325">
        <ele>-2.29</ele>
      </trkpt>
      <trkpt lat="51.99147904291749" lon="4.547615982592106">
        <ele>-2.24</ele>
      </trkpt>
      <trkpt lat="51.99131727218628" lon="4.547266960144043">
        <ele>-2.27</ele>
      </trkpt>
      <trkpt lat="51.9912314414978" lon="4.547138214111328">
        <ele>-2.32</ele>
      </trkpt>
      <trkpt lat="51.99112415313721" lon="4.547052383422852">
        <ele>-2.36</ele>
      </trkpt>
      <trkpt lat="51.9908881187439" lon="4.54709529876709">
        <ele>-2.4</ele>
      </trkpt>
      <trkpt lat="51.99086666107178" lon="4.547052383422852">
        <ele>-2.45</ele>
      </trkpt>
      <trkpt lat="51.990802036598325" lon="4.5466542430222034">
        <ele>-2.49</ele>
      </trkpt>
      <trkpt lat="51.99073791503906" lon="4.546258449554443">
        <ele>-2.56</ele>
      </trkpt>
      <trkpt lat="51.99073791503906" lon="4.546215534210205">
        <ele>-2.64</ele>
      </trkpt>
      <trkpt lat="51.99088820256293" lon="4.546086620539427">
        <ele>-2.73</ele>
      </trkpt>
      <trkpt lat="51.99103832244873" lon="4.545958042144775">
        <ele>-2.81</ele>
      </trkpt>
      <trkpt lat="51.99101694859564" lon="4.545872211456299">
        <ele>-2.91</ele>
      </trkpt>
      <trkpt lat="51.99093111790717" lon="4.545571804046631">
        <ele>-3.07</ele>
      </trkpt>
      <trkpt lat="51.99093111790717" lon="4.545164108276367">
        <ele>-3.23</ele>
      </trkpt>
      <trkpt lat="51.99090966023505" lon="4.54484224319458">
        <ele>-3.38</ele>
      </trkpt>
      <trkpt lat="51.99093111790717" lon="4.544670581817627">
        <ele>-3.48</ele>
      </trkpt>
      <trkpt lat="51.990931034088135" lon="4.544498920440674">
        <ele>-3.6</ele>
      </trkpt>
      <trkpt lat="51.99089867994189" lon="4.544176133349538">
        <ele>-3.7</ele>
      </trkpt>
      <trkpt lat="51.99086666107178" lon="4.5438551902771">
        <ele>-3.83</ele>
      </trkpt>
      <trkpt lat="51.99078091420233" lon="4.5435333251953125">
        <ele>-3.99</ele>
      </trkpt>
      <trkpt lat="51.99071645736694" lon="4.543361663818359">
        <ele>-4.13</ele>
      </trkpt>
      <trkpt lat="51.99058745987713" lon="4.543200479820371">
        <ele>-4.26</ele>
      </trkpt>
      <trkpt lat="51.990458965301514" lon="4.543039798736572">
        <ele>-4.39</ele>
      </trkpt>
      <trkpt lat="51.990201557055116" lon="4.542889595031738">
        <ele>-4.5</ele>
      </trkpt>
      <trkpt lat="51.989979688078165" lon="4.5428394712507725">
        <ele>-4.62</ele>
      </trkpt>
      <trkpt lat="51.989757902920246" lon="4.542789347469807">
        <ele>-4.74</ele>
      </trkpt>
      <trkpt lat="51.98953636921942" lon="4.542739391326904">
        <ele>-4.88</ele>
      </trkpt>
      <trkpt lat="51.98940762318671" lon="4.542696475982666">
        <ele>-4.99</ele>
      </trkpt>
      <trkpt lat="51.9891715887934" lon="4.54258918762207">
        <ele>-5.11</ele>
      </trkpt>
      <trkpt lat="51.9890643004328" lon="4.542546272277832">
        <ele>-5.22</ele>
      </trkpt>
      <trkpt lat="51.988935554400086" lon="4.542481899261475">
        <ele>-5.32</ele>
      </trkpt>
      <trkpt lat="51.98880680836737" lon="4.542417526245117">
        <ele>-5.41</ele>
      </trkpt>
      <trkpt lat="51.98880672454834" lon="4.542417526245117">
        <ele>-5.49</ele>
      </trkpt>
      <trkpt lat="51.98880680836737" lon="4.542417526245117">
        <ele>-5.41</ele>
      </trkpt>
      <trkpt lat="51.98859918862581" lon="4.542324487119913">
        <ele>-5.62</ele>
      </trkpt>
      <trkpt lat="51.988391652703285" lon="4.542231447994709">
        <ele>-5.65</ele>
      </trkpt>
      <trkpt lat="51.988184452056885" lon="4.542138576507568">
        <ele>-5.68</ele>
      </trkpt>
      <trkpt lat="51.98807716369629" lon="4.542031288146973">
        <ele>-5.75</ele>
      </trkpt>
      <trkpt lat="51.98809870518744" lon="4.541988372802734">
        <ele>-5.82</ele>
      </trkpt>
      <trkpt lat="51.98809870518744" lon="4.541923999786377">
        <ele>-5.88</ele>
      </trkpt>
      <trkpt lat="51.987905502319336" lon="4.541537761688232">
        <ele>-5.91</ele>
      </trkpt>
      <trkpt lat="51.98779075406492" lon="4.5410859771072865">
        <ele>-5.97</ele>
      </trkpt>
      <trkpt lat="51.9876760058105" lon="4.5406341925263405">
        <ele>-6.0</ele>
      </trkpt>
      <trkpt lat="51.98756217956543" lon="4.540185928344727">
        <ele>-6.04</ele>
      </trkpt>
      <trkpt lat="51.98743309825659" lon="4.539906391873956">
        <ele>-6.1</ele>
      </trkpt>
      <trkpt lat="51.9873046875" lon="4.539628028869629">
        <ele>-6.18</ele>
      </trkpt>
      <trkpt lat="51.98728331364691" lon="4.539370536804199">
        <ele>-6.25</ele>
      </trkpt>
      <trkpt lat="51.987240398302674" lon="4.539306163787842">
        <ele>-6.29</ele>
      </trkpt>
      <trkpt lat="51.98711156845093" lon="4.5391130447387695">
        <ele>-6.33</ele>
      </trkpt>
      <trkpt lat="51.98704719543457" lon="4.539005756378174">
        <ele>-6.36</ele>
      </trkpt>
      <trkpt lat="51.98689674027264" lon="4.538790844380856">
        <ele>-6.4</ele>
      </trkpt>
      <trkpt lat="51.9867467880249" lon="4.538576602935791">
        <ele>-6.43</ele>
      </trkpt>
      <trkpt lat="51.986746871843934" lon="4.538576602935791">
        <ele>-6.46</ele>
      </trkpt>
      <trkpt lat="51.986660957336426" lon="4.538469314575195">
        <ele>-6.5</ele>
      </trkpt>
      <trkpt lat="51.98638200759888" lon="4.538404941558838">
        <ele>-6.53</ele>
      </trkpt>
      <trkpt lat="51.986141530796885" lon="4.538087686523795">
        <ele>-6.54</ele>
      </trkpt>
      <trkpt lat="51.985901053994894" lon="4.537770431488752">
        <ele>-6.54</ele>
      </trkpt>
      <trkpt lat="51.9856605771929" lon="4.53745317645371">
        <ele>-6.55</ele>
      </trkpt>
      <trkpt lat="51.98542018420994" lon="4.5371360052376986">
        <ele>-6.56</ele>
      </trkpt>
      <trkpt lat="51.98517970740795" lon="4.536818750202656">
        <ele>-6.53</ele>
      </trkpt>
      <trkpt lat="51.98493923060596" lon="4.536501495167613">
        <ele>-6.56</ele>
      </trkpt>
      <trkpt lat="51.984698837623" lon="4.536184323951602">
        <ele>-6.61</ele>
      </trkpt>
      <trkpt lat="51.98445836082101" lon="4.535867068916559">
        <ele>-6.66</ele>
      </trkpt>
      <trkpt lat="51.98421788401902" lon="4.5355498138815165">
        <ele>-6.63</ele>
      </trkpt>
      <trkpt lat="51.98397749103606" lon="4.535232642665505">
        <ele>-6.55</ele>
      </trkpt>
      <trkpt lat="51.983737014234066" lon="4.534915387630463">
        <ele>-6.51</ele>
      </trkpt>
      <trkpt lat="51.983496537432075" lon="4.534598216414452">
        <ele>-6.5</ele>
      </trkpt>
      <trkpt lat="51.983256144449115" lon="4.534280961379409">
        <ele>-6.45</ele>
      </trkpt>
      <trkpt lat="51.98301566764712" lon="4.533963790163398">
        <ele>-6.45</ele>
      </trkpt>
      <trkpt lat="51.98277519084513" lon="4.533646535128355">
        <ele>-6.46</ele>
      </trkpt>
      <trkpt lat="51.98253479786217" lon="4.533329363912344">
        <ele>-6.45</ele>
      </trkpt>
      <trkpt lat="51.98229432106018" lon="4.533012108877301">
        <ele>-6.43</ele>
      </trkpt>
      <trkpt lat="51.98205384425819" lon="4.53269493766129">
        <ele>-6.39</ele>
      </trkpt>
      <trkpt lat="51.9818133674562" lon="4.532377682626247">
        <ele>-6.38</ele>
      </trkpt>
      <trkpt lat="51.98157297447324" lon="4.532060511410236">
        <ele>-6.36</ele>
      </trkpt>
      <trkpt lat="51.98133945465088" lon="4.531753063201904">
        <ele>-6.29</ele>
      </trkpt>
      <trkpt lat="51.98133953846991" lon="4.531753063201904">
        <ele>-6.25</ele>
      </trkpt>
      <trkpt lat="51.98131808079779" lon="4.531710147857666">
        <ele>-6.19</ele>
      </trkpt>
      <trkpt lat="51.98116762563586" lon="4.531516693532467">
        <ele>-6.13</ele>
      </trkpt>
      <trkpt lat="51.98101767338812" lon="4.5313239097595215">
        <ele>-6.07</ele>
      </trkpt>
      <trkpt lat="51.98078281246126" lon="4.5310137793421745">
        <ele>-6.03</ele>
      </trkpt>
      <trkpt lat="51.98054795153439" lon="4.530703732743859">
        <ele>-6.0</ele>
      </trkpt>
      <trkpt lat="51.980313174426556" lon="4.530393686145544">
        <ele>-5.9</ele>
      </trkpt>
      <trkpt lat="51.98007831349969" lon="4.530083639547229">
        <ele>-5.76</ele>
      </trkpt>
      <trkpt lat="51.97984345257282" lon="4.529773592948914">
        <ele>-5.63</ele>
      </trkpt>
      <trkpt lat="51.97960867546499" lon="4.529463546350598">
        <ele>-5.56</ele>
      </trkpt>
      <trkpt lat="51.97937381453812" lon="4.529153499752283">
        <ele>-5.45</ele>
      </trkpt>
      <trkpt lat="51.979138953611255" lon="4.528843453153968">
        <ele>-5.39</ele>
      </trkpt>
      <trkpt lat="51.97890417650342" lon="4.528533406555653">
        <ele>-5.34</ele>
      </trkpt>
      <trkpt lat="51.97866931557655" lon="4.528223359957337">
        <ele>-5.28</ele>
      </trkpt>
      <trkpt lat="51.97843453846872" lon="4.527913313359022">
        <ele>-5.18</ele>
      </trkpt>
      <trkpt lat="51.97819967754185" lon="4.527603266760707">
        <ele>-5.08</ele>
      </trkpt>
      <trkpt lat="51.977964816614985" lon="4.527293220162392">
        <ele>-4.98</ele>
      </trkpt>
      <trkpt lat="51.97773456573486" lon="4.526989459991455">
        <ele>-4.87</ele>
      </trkpt>
      <trkpt lat="51.977670192718506" lon="4.526731967926025">
        <ele>-4.76</ele>
      </trkpt>
      <trkpt lat="51.977713108062744" lon="4.526388645172119">
        <ele>-4.65</ele>
      </trkpt>
      <trkpt lat="51.977691650390625" lon="4.526302814483643">
        <ele>-4.55</ele>
      </trkpt>
      <trkpt lat="51.97745528072119" lon="4.525980446487665">
        <ele>-4.42</ele>
      </trkpt>
      <trkpt lat="51.977219665423036" lon="4.525659084320068">
        <ele>-4.26</ele>
      </trkpt>
      <trkpt lat="51.977176666259766" lon="4.52561616897583">
        <ele>-4.14</ele>
      </trkpt>
      <trkpt lat="51.977047668769956" lon="4.525863351300359">
        <ele>-4.01</ele>
      </trkpt>
      <trkpt lat="51.97691925801337" lon="4.52610969543457">
        <ele>-3.88</ele>
      </trkpt>
      <trkpt lat="51.97681196965277" lon="4.526345729827881">
        <ele>-3.78</ele>
      </trkpt>
      <trkpt lat="51.97674751281738" lon="4.526453018188477">
        <ele>-3.67</ele>
      </trkpt>
      <trkpt lat="51.97657593525946" lon="4.526238441467285">
        <ele>-3.51</ele>
      </trkpt>
      <trkpt lat="51.97633948177099" lon="4.525922192260623">
        <ele>-3.37</ele>
      </trkpt>
      <trkpt lat="51.976103112101555" lon="4.5256060268729925">
        <ele>-3.27</ele>
      </trkpt>
      <trkpt lat="51.97586674243212" lon="4.525289861485362">
        <ele>-3.21</ele>
      </trkpt>
      <trkpt lat="51.97563037276268" lon="4.524973696097732">
        <ele>-3.21</ele>
      </trkpt>
      <trkpt lat="51.97539400309324" lon="4.524657446891069">
        <ele>-3.14</ele>
      </trkpt>
      <trkpt lat="51.975157633423805" lon="4.524341281503439">
        <ele>-3.02</ele>
      </trkpt>
      <trkpt lat="51.974923610687256" lon="4.524028301239014">
        <ele>-2.86</ele>
      </trkpt>
      <trkpt lat="51.97481632232666" lon="4.523727893829346">
        <ele>-2.77</ele>
      </trkpt>
      <trkpt lat="51.97477340698242" lon="4.523255825042725">
        <ele>-2.7</ele>
      </trkpt>
      <trkpt lat="51.974730491638184" lon="4.523041248321533">
        <ele>-2.66</ele>
      </trkpt>
      <trkpt lat="51.97463368065655" lon="4.522815439850092">
        <ele>-2.6</ele>
      </trkpt>
      <trkpt lat="51.97453737258911" lon="4.522590637207031">
        <ele>-2.56</ele>
      </trkpt>
      <trkpt lat="51.9744083750993" lon="4.522397182881832">
        <ele>-2.53</ele>
      </trkpt>
      <trkpt lat="51.97427988052368" lon="4.522204399108887">
        <ele>-2.5</ele>
      </trkpt>
      <trkpt lat="51.97404778562486" lon="4.521912122145295">
        <ele>-2.48</ele>
      </trkpt>
      <trkpt lat="51.97381577454507" lon="4.521619929000735">
        <ele>-2.42</ele>
      </trkpt>
      <trkpt lat="51.973583763465285" lon="4.521327735856175">
        <ele>-2.35</ele>
      </trkpt>
      <trkpt lat="51.973351668566465" lon="4.521035458892584">
        <ele>-2.31</ele>
      </trkpt>
      <trkpt lat="51.97312125004828" lon="4.520745277404785">
        <ele>-2.33</ele>
      </trkpt>
      <trkpt lat="51.97312116622925" lon="4.520745277404785">
        <ele>-2.32</ele>
      </trkpt>
      <trkpt lat="51.97303533554077" lon="4.520723819732666">
        <ele>-2.33</ele>
      </trkpt>
      <trkpt lat="51.97288513183594" lon="4.520788192749023">
        <ele>-2.35</ele>
      </trkpt>
      <trkpt lat="51.97282084263861" lon="4.520702362060547">
        <ele>-2.37</ele>
      </trkpt>
      <trkpt lat="51.97279938496649" lon="4.520659446716309">
        <ele>-2.39</ele>
      </trkpt>
      <trkpt lat="51.97264918126166" lon="4.520444869995117">
        <ele>-2.44</ele>
      </trkpt>
      <trkpt lat="51.9725848082453" lon="4.520144462585449">
        <ele>-2.44</ele>
      </trkpt>
      <trkpt lat="51.972498977556825" lon="4.5198655128479">
        <ele>-2.45</ele>
      </trkpt>
      <trkpt lat="51.972434520721436" lon="4.5197367668151855">
        <ele>-2.49</ele>
      </trkpt>
      <trkpt lat="51.97224115021527" lon="4.51990851201117">
        <ele>-2.5</ele>
      </trkpt>
      <trkpt lat="51.97204828262329" lon="4.520080089569092">
        <ele>-2.49</ele>
      </trkpt>
      <trkpt lat="51.971865724772215" lon="4.520198190584779">
        <ele>-2.46</ele>
      </trkpt>
      <trkpt lat="51.9716835860163" lon="4.520316123962402">
        <ele>-2.47</ele>
      </trkpt>
      <trkpt lat="51.97151175700128" lon="4.520391225814819">
        <ele>-2.5</ele>
      </trkpt>
      <trkpt lat="51.97134017944336" lon="4.520466327667236">
        <ele>-2.54</ele>
      </trkpt>
      <trkpt lat="51.971211433410645" lon="4.520401954650879">
        <ele>-2.56</ele>
      </trkpt>
      <trkpt lat="51.970932399854064" lon="4.520455598831177">
        <ele>-2.59</ele>
      </trkpt>
      <trkpt lat="51.97065361775458" lon="4.520509243011475">
        <ele>-2.66</ele>
      </trkpt>
      <trkpt lat="51.97049251757562" lon="4.520519971847534">
        <ele>-2.69</ele>
      </trkpt>
      <trkpt lat="51.97033166885376" lon="4.520530700683594">
        <ele>-2.72</ele>
      </trkpt>
      <trkpt lat="51.970224380493164" lon="4.520680904388428">
        <ele>-2.77</ele>
      </trkpt>
      <trkpt lat="51.969945430755615" lon="4.520702362060547">
        <ele>-2.78</ele>
      </trkpt>
      <trkpt lat="51.96974149905145" lon="4.520777463912964">
        <ele>-2.75</ele>
      </trkpt>
      <trkpt lat="51.96953781880438" lon="4.520852565765381">
        <ele>-2.73</ele>
      </trkpt>
      <trkpt lat="51.96953773498535" lon="4.520852565765381">
        <ele>-2.74</ele>
      </trkpt>
      <trkpt lat="51.96936598978937" lon="4.520927667617798">
        <ele>-2.74</ele>
      </trkpt>
      <trkpt lat="51.96919449605048" lon="4.521002769470215">
        <ele>-2.72</ele>
      </trkpt>
      <trkpt lat="51.96891554631293" lon="4.5211100578308105">
        <ele>-2.75</ele>
      </trkpt>
      <trkpt lat="51.968700885772705" lon="4.521217346191406">
        <ele>-2.76</ele>
      </trkpt>
      <trkpt lat="51.968421936035156" lon="4.5212602615356445">
        <ele>-2.73</ele>
      </trkpt>
      <trkpt lat="51.96821800433099" lon="4.521227991208434">
        <ele>-2.7</ele>
      </trkpt>
      <trkpt lat="51.96801424026489" lon="4.521195888519287">
        <ele>-2.67</ele>
      </trkpt>
      <trkpt lat="51.96776730939746" lon="4.521109974011779">
        <ele>-2.64</ele>
      </trkpt>
      <trkpt lat="51.96752071380615" lon="4.521024227142334">
        <ele>-2.6</ele>
      </trkpt>
      <trkpt lat="51.96726305410266" lon="4.520902521908283">
        <ele>-2.55</ele>
      </trkpt>
      <trkpt lat="51.967005394399166" lon="4.520780900493264">
        <ele>-2.53</ele>
      </trkpt>
      <trkpt lat="51.96674823760986" lon="4.520659446716309">
        <ele>-2.52</ele>
      </trkpt>
      <trkpt lat="51.96666240692139" lon="4.520595073699951">
        <ele>-2.47</ele>
      </trkpt>
      <trkpt lat="51.966426372528076" lon="4.520316123962402">
        <ele>-2.4</ele>
      </trkpt>
      <trkpt lat="51.96621154434979" lon="4.520144294947386">
        <ele>-2.32</ele>
      </trkpt>
      <trkpt lat="51.96599721908569" lon="4.519972801208496">
        <ele>-2.21</ele>
      </trkpt>
      <trkpt lat="51.965750120580196" lon="4.519731067121029">
        <ele>-2.11</ele>
      </trkpt>
      <trkpt lat="51.96550310589373" lon="4.519489416852593">
        <ele>-2.05</ele>
      </trkpt>
      <trkpt lat="51.965256091207266" lon="4.519247766584158">
        <ele>-1.93</ele>
      </trkpt>
      <trkpt lat="51.96501016616821" lon="4.519007205963135">
        <ele>-1.77</ele>
      </trkpt>
      <trkpt lat="51.964924335479736" lon="4.518921375274658">
        <ele>-1.63</ele>
      </trkpt>
      <trkpt lat="51.96470950730145" lon="4.518706547096372">
        <ele>-1.47</ele>
      </trkpt>
      <trkpt lat="51.96449467912316" lon="4.518491718918085">
        <ele>-1.36</ele>
      </trkpt>
      <trkpt lat="51.96427985094488" lon="4.5182768907397985">
        <ele>-1.29</ele>
      </trkpt>
      <trkpt lat="51.96406602859497" lon="4.518063068389893">
        <ele>-1.16</ele>
      </trkpt>
      <trkpt lat="51.963851284235716" lon="4.517934154719114">
        <ele>-0.96</ele>
      </trkpt>
      <trkpt lat="51.96363687515259" lon="4.517805576324463">
        <ele>-0.78</ele>
      </trkpt>
      <trkpt lat="51.96350812911987" lon="4.517784118652344">
        <ele>-0.65</ele>
      </trkpt>
      <trkpt lat="51.96334711275995" lon="4.517827033996582">
        <ele>-0.53</ele>
      </trkpt>
      <trkpt lat="51.963186264038086" lon="4.51786994934082">
        <ele>-0.43</ele>
      </trkpt>
      <trkpt lat="51.96290731430054" lon="4.517912864685059">
        <ele>-0.26</ele>
      </trkpt>
      <trkpt lat="51.9626138638705" lon="4.517862740904093">
        <ele>-0.13</ele>
      </trkpt>
      <trkpt lat="51.9623204972595" lon="4.517812617123127">
        <ele>-0.06</ele>
      </trkpt>
      <trkpt lat="51.96202754974365" lon="4.517762660980225">
        <ele>0.05</ele>
      </trkpt>
      <trkpt lat="51.961984634399414" lon="4.51786994934082">
        <ele>0.15</ele>
      </trkpt>
      <trkpt lat="51.96185555309057" lon="4.518214026466012">
        <ele>0.28</ele>
      </trkpt>
      <trkpt lat="51.961727142333984" lon="4.518556594848633">
        <ele>0.4</ele>
      </trkpt>
      <trkpt lat="51.96167333051562" lon="4.518825486302376">
        <ele>0.52</ele>
      </trkpt>
      <trkpt lat="51.96161985397339" lon="4.519093036651611">
        <ele>0.6</ele>
      </trkpt>
      <trkpt lat="51.96144827641547" lon="4.518985748291016">
        <ele>0.72</ele>
      </trkpt>
      <trkpt lat="51.96119589731097" lon="4.518824648112059">
        <ele>0.83</ele>
      </trkpt>
      <trkpt lat="51.96094360202551" lon="4.518663631752133">
        <ele>0.92</ele>
      </trkpt>
      <trkpt lat="51.960691222921014" lon="4.518502531573176">
        <ele>1.03</ele>
      </trkpt>
      <trkpt lat="51.960439682006836" lon="4.518342018127441">
        <ele>1.11</ele>
      </trkpt>
      <trkpt lat="51.96017120964825" lon="4.518175553530455">
        <ele>1.16</ele>
      </trkpt>
      <trkpt lat="51.9599028211087" lon="4.5180091727525">
        <ele>1.21</ele>
      </trkpt>
      <trkpt lat="51.959634432569146" lon="4.517842708155513">
        <ele>1.26</ele>
      </trkpt>
      <trkpt lat="51.95936604402959" lon="4.517676327377558">
        <ele>1.3</ele>
      </trkpt>
      <trkpt lat="51.95909757167101" lon="4.517509862780571">
        <ele>1.34</ele>
      </trkpt>
      <trkpt lat="51.958829183131456" lon="4.517343482002616">
        <ele>1.36</ele>
      </trkpt>
      <trkpt lat="51.958560794591904" lon="4.517177101224661">
        <ele>1.39</ele>
      </trkpt>
      <trkpt lat="51.95829391479492" lon="4.517011642456055">
        <ele>1.43</ele>
      </trkpt>
      <trkpt lat="51.95804698392749" lon="4.516882812604308">
        <ele>1.48</ele>
      </trkpt>
      <trkpt lat="51.95780038833618" lon="4.516754150390625">
        <ele>1.52</ele>
      </trkpt>
      <trkpt lat="51.95760726928711" lon="4.516711235046387">
        <ele>1.53</ele>
      </trkpt>
      <trkpt lat="51.957446252927184" lon="4.516700422391295">
        <ele>1.54</ele>
      </trkpt>
      <trkpt lat="51.95728540420532" lon="4.516689777374268">
        <ele>1.54</ele>
      </trkpt>
      <trkpt lat="51.956984996795654" lon="4.516711235046387">
        <ele>1.54</ele>
      </trkpt>
      <trkpt lat="51.9568133354187" lon="4.516797065734863">
        <ele>1.54</ele>
      </trkpt>
      <trkpt lat="51.95664167404175" lon="4.516925811767578">
        <ele>1.55</ele>
      </trkpt>
      <trkpt lat="51.95640563964844" lon="4.517204761505127">
        <ele>1.51</ele>
      </trkpt>
      <trkpt lat="51.95627689361572" lon="4.517462253570557">
        <ele>1.46</ele>
      </trkpt>
      <trkpt lat="51.95616935379803" lon="4.517720248550177">
        <ele>1.41</ele>
      </trkpt>
      <trkpt lat="51.95606231689453" lon="4.517977237701416">
        <ele>1.34</ele>
      </trkpt>
      <trkpt lat="51.9559121131897" lon="4.517977237701416">
        <ele>1.28</ele>
      </trkpt>
      <trkpt lat="51.955761993303895" lon="4.517912864685059">
        <ele>1.22</ele>
      </trkpt>
      <trkpt lat="51.95571907795966" lon="4.5178914070129395">
        <ele>1.15</ele>
      </trkpt>
      <trkpt lat="51.95567616261542" lon="4.51786994934082">
        <ele>1.09</ele>
      </trkpt>
      <trkpt lat="51.95563324727118" lon="4.517848491668701">
        <ele>1.03</ele>
      </trkpt>
      <trkpt lat="51.95563316345215" lon="4.517848491668701">
        <ele>0.96</ele>
      </trkpt>
      <trkpt lat="51.955600809305906" lon="4.518106654286385">
        <ele>0.89</ele>
      </trkpt>
      <trkpt lat="51.95556879043579" lon="4.5183634757995605">
        <ele>0.87</ele>
      </trkpt>
      <trkpt lat="51.955504417419434" lon="4.518728256225586">
        <ele>0.82</ele>
      </trkpt>
      <trkpt lat="51.955482959747314" lon="4.5188140869140625">
        <ele>0.72</ele>
      </trkpt>
      <trkpt lat="51.95537567138672" lon="4.518685340881348">
        <ele>0.6</ele>
      </trkpt>
      <trkpt lat="51.955085741356015" lon="4.518492054194212">
        <ele>0.49</ele>
      </trkpt>
      <trkpt lat="51.9547963142395" lon="4.518299102783203">
        <ele>0.33</ele>
      </trkpt>
      <trkpt lat="51.95453144609928" lon="4.518177397549152">
        <ele>0.17</ele>
      </trkpt>
      <trkpt lat="51.95426666177809" lon="4.518055776134133">
        <ele>0.04</ele>
      </trkpt>
      <trkpt lat="51.954002380371094" lon="4.517934322357178">
        <ele>-0.08</ele>
      </trkpt>
      <trkpt lat="51.953744888305664" lon="4.517698287963867">
        <ele>-0.18</ele>
      </trkpt>
      <trkpt lat="51.95355864241719" lon="4.517440376803279">
        <ele>-0.31</ele>
      </trkpt>
      <trkpt lat="51.95337239652872" lon="4.517182549461722">
        <ele>-0.48</ele>
      </trkpt>
      <trkpt lat="51.953186988830566" lon="4.516925811767578">
        <ele>-0.71</ele>
      </trkpt>
      <trkpt lat="51.95301532745361" lon="4.516561031341553">
        <ele>-0.89</ele>
      </trkpt>
      <trkpt lat="51.9528432469815" lon="4.516145288944244">
        <ele>-1.07</ele>
      </trkpt>
      <trkpt lat="51.95267125032842" lon="4.515729546546936">
        <ele>-1.22</ele>
      </trkpt>
      <trkpt lat="51.952500343322754" lon="4.515316486358643">
        <ele>-1.37</ele>
      </trkpt>
      <trkpt lat="51.95240353234112" lon="4.51500459574163">
        <ele>-1.54</ele>
      </trkpt>
      <trkpt lat="51.95230722427368" lon="4.5146942138671875">
        <ele>-1.74</ele>
      </trkpt>
      <trkpt lat="51.95219960063696" lon="4.514328511431813">
        <ele>-1.88</ele>
      </trkpt>
      <trkpt lat="51.95209264755249" lon="4.513964653015137">
        <ele>-1.99</ele>
      </trkpt>
      <trkpt lat="51.95190983824432" lon="4.513599118217826">
        <ele>-2.13</ele>
      </trkpt>
      <trkpt lat="51.95172711275518" lon="4.513233667239547">
        <ele>-2.29</ele>
      </trkpt>
      <trkpt lat="51.95154438726604" lon="4.512868132442236">
        <ele>-2.44</ele>
      </trkpt>
      <trkpt lat="51.95136308670044" lon="4.512505531311035">
        <ele>-2.58</ele>
      </trkpt>
      <trkpt lat="51.951234340667725" lon="4.512076377868652">
        <ele>-2.76</ele>
      </trkpt>
      <trkpt lat="51.951234424486756" lon="4.512076377868652">
        <ele>-2.89</ele>
      </trkpt>
      <trkpt lat="51.951162591576576" lon="4.511624509468675">
        <ele>-3.03</ele>
      </trkpt>
      <trkpt lat="51.95109084248543" lon="4.511172641068697">
        <ele>-3.21</ele>
      </trkpt>
      <trkpt lat="51.95101976394653" lon="4.5107245445251465">
        <ele>-3.33</ele>
      </trkpt>
      <trkpt lat="51.95089101791382" lon="4.51038122177124">
        <ele>-3.47</ele>
      </trkpt>
      <trkpt lat="51.9507622718811" lon="4.510188102722168">
        <ele>-3.58</ele>
      </trkpt>
      <trkpt lat="51.950762355700135" lon="4.510188102722168">
        <ele>-3.67</ele>
      </trkpt>
      <trkpt lat="51.95065498352051" lon="4.509930610656738">
        <ele>-3.75</ele>
      </trkpt>
      <trkpt lat="51.95061206817627" lon="4.509673118591309">
        <ele>-3.81</ele>
      </trkpt>
      <trkpt lat="51.95061206817627" lon="4.509404059499502">
        <ele>-3.85</ele>
      </trkpt>
      <trkpt lat="51.95061206817627" lon="4.50913667678833">
        <ele>-3.86</ele>
      </trkpt>
      <trkpt lat="51.95064433850348" lon="4.508803077042103">
        <ele>-3.87</ele>
      </trkpt>
      <trkpt lat="51.95067644119263" lon="4.508471488952637">
        <ele>-3.92</ele>
      </trkpt>
      <trkpt lat="51.95075171068311" lon="4.508127244189382">
        <ele>-3.96</ele>
      </trkpt>
      <trkpt lat="51.95082664489746" lon="4.507784843444824">
        <ele>-4.02</ele>
      </trkpt>
      <trkpt lat="51.95086964406073" lon="4.507408244535327">
        <ele>-3.99</ele>
      </trkpt>
      <trkpt lat="51.95091247558594" lon="4.507033824920654">
        <ele>-3.94</ele>
      </trkpt>
      <trkpt lat="51.95093393325806" lon="4.506700225174427">
        <ele>-3.9</ele>
      </trkpt>
      <trkpt lat="51.950955390930176" lon="4.506368637084961">
        <ele>-3.88</ele>
      </trkpt>
      <trkpt lat="51.9509697239846" lon="4.50587360188365">
        <ele>-3.92</ele>
      </trkpt>
      <trkpt lat="51.95098405703902" lon="4.50537865050137">
        <ele>-3.89</ele>
      </trkpt>
      <trkpt lat="51.950998306274414" lon="4.50488805770874">
        <ele>-3.88</ele>
      </trkpt>
      <trkpt lat="51.950998390093446" lon="4.50488805770874">
        <ele>-3.83</ele>
      </trkpt>
      <trkpt lat="51.950998306274414" lon="4.504468375816941">
        <ele>-3.76</ele>
      </trkpt>
      <trkpt lat="51.950998306274414" lon="4.504051208496094">
        <ele>-3.72</ele>
      </trkpt>
      <trkpt lat="51.95094089023769" lon="4.503714088350534">
        <ele>-3.62</ele>
      </trkpt>
      <trkpt lat="51.950883558019996" lon="4.503376968204975">
        <ele>-3.5</ele>
      </trkpt>
      <trkpt lat="51.95082672871649" lon="4.503042697906494">
        <ele>-3.4</ele>
      </trkpt>
      <trkpt lat="51.95078364573419" lon="4.502784451469779">
        <ele>-3.28</ele>
      </trkpt>
      <trkpt lat="51.950740814208984" lon="4.502527713775635">
        <ele>-3.16</ele>
      </trkpt>
      <trkpt lat="51.95067627355456" lon="4.50222646817565">
        <ele>-3.06</ele>
      </trkpt>
      <trkpt lat="51.9506121519953" lon="4.501926898956299">
        <ele>-2.97</ele>
      </trkpt>
      <trkpt lat="51.95050452835858" lon="4.501489447429776">
        <ele>-2.79</ele>
      </trkpt>
      <trkpt lat="51.950396904721856" lon="4.5010519959032536">
        <ele>-2.64</ele>
      </trkpt>
      <trkpt lat="51.95029020309448" lon="4.500617980957031">
        <ele>-2.41</ele>
      </trkpt>
      <trkpt lat="51.95011854171753" lon="4.500231742858887">
        <ele>-2.27</ele>
      </trkpt>
      <trkpt lat="51.94990396499634" lon="4.5000386238098145">
        <ele>-2.12</ele>
      </trkpt>
      <trkpt lat="51.949753761291504" lon="4.499974250793457">
        <ele>-1.96</ele>
      </trkpt>
      <trkpt lat="51.949488976970315" lon="4.499909793958068">
        <ele>-1.78</ele>
      </trkpt>
      <trkpt lat="51.949224192649126" lon="4.4998454209417105">
        <ele>-1.62</ele>
      </trkpt>
      <trkpt lat="51.948959827423096" lon="4.499781131744385">
        <ele>-1.43</ele>
      </trkpt>
      <trkpt lat="51.948766792193055" lon="4.499695301055908">
        <ele>-1.26</ele>
      </trkpt>
      <trkpt lat="51.94851986132562" lon="4.4996201153844595">
        <ele>-1.11</ele>
      </trkpt>
      <trkpt lat="51.94827318191528" lon="4.499545097351074">
        <ele>-0.99</ele>
      </trkpt>
      <trkpt lat="51.948273265734315" lon="4.499545097351074">
        <ele>-0.85</ele>
      </trkpt>
      <trkpt lat="51.947985514998436" lon="4.499463457614183">
        <ele>-0.73</ele>
      </trkpt>
      <trkpt lat="51.94769784808159" lon="4.499381901696324">
        <ele>-0.56</ele>
      </trkpt>
      <trkpt lat="51.94741018116474" lon="4.499300345778465">
        <ele>-0.39</ele>
      </trkpt>
      <trkpt lat="51.947122514247894" lon="4.499218789860606">
        <ele>-0.28</ele>
      </trkpt>
      <trkpt lat="51.9468355178833" lon="4.4991374015808105">
        <ele>-0.23</ele>
      </trkpt>
      <trkpt lat="51.9466851465404" lon="4.499030029401183">
        <ele>-0.15</ele>
      </trkpt>
      <trkpt lat="51.94653511047363" lon="4.498922824859619">
        <ele>-0.06</ele>
      </trkpt>
      <trkpt lat="51.946352468803525" lon="4.498729454353452">
        <ele>0.07</ele>
      </trkpt>
      <trkpt lat="51.94617033004761" lon="4.498536586761475">
        <ele>0.2</ele>
      </trkpt>
      <trkpt lat="51.945955753326416" lon="4.498193264007568">
        <ele>0.28</ele>
      </trkpt>
      <trkpt lat="51.94595583714545" lon="4.498193264007568">
        <ele>0.37</ele>
      </trkpt>
      <trkpt lat="51.945858942344785" lon="4.497924372553825">
        <ele>0.42</ele>
      </trkpt>
      <trkpt lat="51.945762634277344" lon="4.49765682220459">
        <ele>0.48</ele>
      </trkpt>
      <trkpt lat="51.94570882245898" lon="4.497312493622303">
        <ele>0.54</ele>
      </trkpt>
      <trkpt lat="51.94565534591675" lon="4.496970176696777">
        <ele>0.64</ele>
      </trkpt>
      <trkpt lat="51.94567680358887" lon="4.4965289533138275">
        <ele>0.76</ele>
      </trkpt>
      <trkpt lat="51.945698261260986" lon="4.496090412139893">
        <ele>0.8</ele>
      </trkpt>
      <trkpt lat="51.945526683703065" lon="4.495940208435059">
        <ele>0.89</ele>
      </trkpt>
      <trkpt lat="51.94539785385132" lon="4.495639801025391">
        <ele>0.98</ele>
      </trkpt>
      <trkpt lat="51.94530640728772" lon="4.495171755552292">
        <ele>1.11</ele>
      </trkpt>
      <trkpt lat="51.945214960724115" lon="4.494703793898225">
        <ele>1.21</ele>
      </trkpt>
      <trkpt lat="51.945123514160514" lon="4.494235832244158">
        <ele>1.22</ele>
      </trkpt>
      <trkpt lat="51.94503307342529" lon="4.493772983551025">
        <ele>1.27</ele>
      </trkpt>
      <trkpt lat="51.94490432739258" lon="4.493429660797119">
        <ele>1.34</ele>
      </trkpt>
      <trkpt lat="51.94490441121161" lon="4.493429660797119">
        <ele>1.39</ele>
      </trkpt>
      <trkpt lat="51.94486141204834" lon="4.493322372436523">
        <ele>1.44</ele>
      </trkpt>
      <trkpt lat="51.94486149586737" lon="4.493322372436523">
        <ele>1.49</ele>
      </trkpt>
      <trkpt lat="51.94474674761295" lon="4.493006877601147">
        <ele>1.5</ele>
      </trkpt>
      <trkpt lat="51.944631999358535" lon="4.492691466584802">
        <ele>1.51</ele>
      </trkpt>
      <trkpt lat="51.944518089294434" lon="4.492378234863281">
        <ele>1.5</ele>
      </trkpt>
      <trkpt lat="51.944453716278076" lon="4.4922709465026855">
        <ele>1.55</ele>
      </trkpt>
      <trkpt lat="51.94445380009711" lon="4.4922709465026855">
        <ele>1.59</ele>
      </trkpt>
      <trkpt lat="51.9443678855896" lon="4.492228031158447">
        <ele>1.66</ele>
      </trkpt>
      <trkpt lat="51.9441104773432" lon="4.492292404174805">
        <ele>1.82</ele>
      </trkpt>
      <trkpt lat="51.944046104326844" lon="4.492313861846924">
        <ele>1.87</ele>
      </trkpt>
      <trkpt lat="51.9438099861145" lon="4.492378234863281">
        <ele>1.91</ele>
      </trkpt>
      <trkpt lat="51.94368124008179" lon="4.4924211502075195">
        <ele>1.9</ele>
      </trkpt>
      <trkpt lat="51.94349876604974" lon="4.492464065551758">
        <ele>1.86</ele>
      </trkpt>
      <trkpt lat="51.94331645965576" lon="4.492506980895996">
        <ele>1.87</ele>
      </trkpt>
      <trkpt lat="51.943230628967285" lon="4.492142200469971">
        <ele>1.88</ele>
      </trkpt>
      <trkpt lat="51.943058632314205" lon="4.491755124181509">
        <ele>1.93</ele>
      </trkpt>
      <trkpt lat="51.94288739003241" lon="4.491369724273682">
        <ele>1.97</ele>
      </trkpt>
      <trkpt lat="51.94284447468817" lon="4.491240978240967">
        <ele>1.97</ele>
      </trkpt>
      <trkpt lat="51.9428014755249" lon="4.491176605224609">
        <ele>1.97</ele>
      </trkpt>
      <trkpt lat="51.942801559343934" lon="4.491176605224609">
        <ele>1.97</ele>
      </trkpt>
      <trkpt lat="51.94267960265279" lon="4.4908396527171135">
        <ele>1.93</ele>
      </trkpt>
      <trkpt lat="51.942557729780674" lon="4.490502700209618">
        <ele>1.9</ele>
      </trkpt>
      <trkpt lat="51.94243669509888" lon="4.49016809463501">
        <ele>1.88</ele>
      </trkpt>
      <trkpt lat="51.94234340451658" lon="4.489780850708485">
        <ele>1.84</ele>
      </trkpt>
      <trkpt lat="51.94225019775331" lon="4.4893936067819595">
        <ele>1.88</ele>
      </trkpt>
      <trkpt lat="51.94215774536133" lon="4.489009380340576">
        <ele>1.92</ele>
      </trkpt>
      <trkpt lat="51.94205045700073" lon="4.4889235496521">
        <ele>1.94</ele>
      </trkpt>
      <trkpt lat="51.94192171096802" lon="4.488859176635742">
        <ele>1.97</ele>
      </trkpt>
      <trkpt lat="51.94183596409857" lon="4.4889020919799805">
        <ele>2.01</ele>
      </trkpt>
      <trkpt lat="51.94183588027954" lon="4.4889020919799805">
        <ele>2.05</ele>
      </trkpt>
      <trkpt lat="51.941674863919616" lon="4.488955736160278">
        <ele>2.13</ele>
      </trkpt>
      <trkpt lat="51.941514099016786" lon="4.489009380340576">
        <ele>2.2</ele>
      </trkpt>
      <trkpt lat="51.94138535298407" lon="4.488945007324219">
        <ele>2.28</ele>
      </trkpt>
      <trkpt lat="51.94138526916504" lon="4.488945007324219">
        <ele>2.33</ele>
      </trkpt>
      <trkpt lat="51.94131636992097" lon="4.488484505563974">
        <ele>2.46</ele>
      </trkpt>
      <trkpt lat="51.94124755449593" lon="4.48802400380373">
        <ele>2.53</ele>
      </trkpt>
      <trkpt lat="51.94117873907089" lon="4.487563502043486">
        <ele>2.51</ele>
      </trkpt>
      <trkpt lat="51.941109923645854" lon="4.487103084102273">
        <ele>2.51</ele>
      </trkpt>
      <trkpt lat="51.941042030230165" lon="4.486649036407471">
        <ele>2.59</ele>
      </trkpt>
      <trkpt lat="51.94104194641113" lon="4.486649036407471">
        <ele>2.65</ele>
      </trkpt>
      <trkpt lat="51.940999114885926" lon="4.4863057136535645">
        <ele>2.71</ele>
      </trkpt>
      <trkpt lat="51.940977573394775" lon="4.485962390899658">
        <ele>2.77</ele>
      </trkpt>
      <trkpt lat="51.940977573394775" lon="4.4857048988342285">
        <ele>2.83</ele>
      </trkpt>
      <trkpt lat="51.94097765721381" lon="4.485447406768799">
        <ele>2.9</ele>
      </trkpt>
      <trkpt lat="51.940977573394775" lon="4.485447406768799">
        <ele>2.96</ele>
      </trkpt>
      <trkpt lat="51.94097765721381" lon="4.485297203063965">
        <ele>3.04</ele>
      </trkpt>
      <trkpt lat="51.94095619954169" lon="4.485125541687012">
        <ele>3.11</ele>
      </trkpt>
      <trkpt lat="51.94093474186957" lon="4.485018253326416">
        <ele>3.18</ele>
      </trkpt>
      <trkpt lat="51.94093465805054" lon="4.485018253326416">
        <ele>3.23</ele>
      </trkpt>
      <trkpt lat="51.94091320037842" lon="4.484610557556152">
        <ele>3.32</ele>
      </trkpt>
      <trkpt lat="51.94092174991965" lon="4.484154246747494">
        <ele>3.39</ele>
      </trkpt>
      <trkpt lat="51.94093038327992" lon="4.483698019757867">
        <ele>3.4</ele>
      </trkpt>
      <trkpt lat="51.940939016640186" lon="4.48324179276824">
        <ele>3.4</ele>
      </trkpt>
      <trkpt lat="51.94094756618142" lon="4.482785565778613">
        <ele>3.37</ele>
      </trkpt>
      <trkpt lat="51.940956115722656" lon="4.482336044311523">
        <ele>3.37</ele>
      </trkpt>
      <trkpt lat="51.940923845395446" lon="4.4819325394928455">
        <ele>3.39</ele>
      </trkpt>
      <trkpt lat="51.940891575068235" lon="4.481529034674168">
        <ele>3.39</ele>
      </trkpt>
      <trkpt lat="51.940859304741025" lon="4.48112552985549">
        <ele>3.41</ele>
      </trkpt>
      <trkpt lat="51.94082745350897" lon="4.480726718902588">
        <ele>3.5</ele>
      </trkpt>
      <trkpt lat="51.94080591201782" lon="4.480231683701277">
        <ele>3.58</ele>
      </trkpt>
      <trkpt lat="51.940784538164735" lon="4.479739665985107">
        <ele>3.58</ele>
      </trkpt>
      <trkpt lat="51.94080591201782" lon="4.479610919952393">
        <ele>3.59</ele>
      </trkpt>
      <trkpt lat="51.940763080492616" lon="4.479503631591797">
        <ele>3.6</ele>
      </trkpt>
      <trkpt lat="51.940720081329346" lon="4.4794392585754395">
        <ele>3.61</ele>
      </trkpt>
      <trkpt lat="51.94072016514838" lon="4.4792890548706055">
        <ele>3.62</ele>
      </trkpt>
      <trkpt lat="51.94067724980414" lon="4.479031562805176">
        <ele>3.63</ele>
      </trkpt>
      <trkpt lat="51.94063425064087" lon="4.4788384437561035">
        <ele>3.63</ele>
      </trkpt>
      <trkpt lat="51.94056970998645" lon="4.478601738810539">
        <ele>3.64</ele>
      </trkpt>
      <trkpt lat="51.940505504608154" lon="4.478366374969482">
        <ele>3.64</ele>
      </trkpt>
      <trkpt lat="51.94045387208462" lon="4.47796605527401">
        <ele>3.63</ele>
      </trkpt>
      <trkpt lat="51.94040223956108" lon="4.477565819397569">
        <ele>3.54</ele>
      </trkpt>
      <trkpt lat="51.940350607037544" lon="4.477165583521128">
        <ele>3.51</ele>
      </trkpt>
      <trkpt lat="51.94029897451401" lon="4.476765347644687">
        <ele>3.48</ele>
      </trkpt>
      <trkpt lat="51.940248096361756" lon="4.476370811462402">
        <ele>3.47</ele>
      </trkpt>
      <trkpt lat="51.940248012542725" lon="4.476370811462402">
        <ele>3.45</ele>
      </trkpt>
      <trkpt lat="51.940215742215514" lon="4.476080294698477">
        <ele>3.45</ele>
      </trkpt>
      <trkpt lat="51.9401837233454" lon="4.4757914543151855">
        <ele>3.44</ele>
      </trkpt>
      <trkpt lat="51.940119098871946" lon="4.475333048030734">
        <ele>3.39</ele>
      </trkpt>
      <trkpt lat="51.940054558217525" lon="4.474874725565314">
        <ele>3.27</ele>
      </trkpt>
      <trkpt lat="51.939990017563105" lon="4.4744164030998945">
        <ele>3.25</ele>
      </trkpt>
      <trkpt lat="51.939925476908684" lon="4.473958080634475">
        <ele>3.28</ele>
      </trkpt>
      <trkpt lat="51.93986093625426" lon="4.473499758169055">
        <ele>3.3</ele>
      </trkpt>
      <trkpt lat="51.93979639559984" lon="4.473041435703635">
        <ele>3.25</ele>
      </trkpt>
      <trkpt lat="51.93973185494542" lon="4.4725831132382154">
        <ele>3.26</ele>
      </trkpt>
      <trkpt lat="51.939667314291" lon="4.472124790772796">
        <ele>3.3</ele>
      </trkpt>
      <trkpt lat="51.93960277363658" lon="4.471666468307376">
        <ele>3.4</ele>
      </trkpt>
      <trkpt lat="51.939539993181825" lon="4.471220970153809">
        <ele>3.45</ele>
      </trkpt>
      <trkpt lat="51.93953990936279" lon="4.471220970153809">
        <ele>3.43</ele>
      </trkpt>
      <trkpt lat="51.93951836787164" lon="4.470919640734792">
        <ele>3.39</ele>
      </trkpt>
      <trkpt lat="51.939497077837586" lon="4.470620155334473">
        <ele>3.34</ele>
      </trkpt>
      <trkpt lat="51.939475536346436" lon="4.470469951629639">
        <ele>3.3</ele>
      </trkpt>
      <trkpt lat="51.93947562016547" lon="4.4704270362854">
        <ele>3.25</ele>
      </trkpt>
      <trkpt lat="51.939497077837586" lon="4.470276832580566">
        <ele>3.18</ele>
      </trkpt>
      <trkpt lat="51.93947562016547" lon="4.470169544219971">
        <ele>3.14</ele>
      </trkpt>
      <trkpt lat="51.9394326210022" lon="4.470062255859375">
        <ele>3.09</ele>
      </trkpt>
      <trkpt lat="51.93938970565796" lon="4.470019340515137">
        <ele>3.06</ele>
      </trkpt>
      <trkpt lat="51.93938970565796" lon="4.469524305313826">
        <ele>2.97</ele>
      </trkpt>
      <trkpt lat="51.93938978947699" lon="4.469032287597656">
        <ele>2.93</ele>
      </trkpt>
      <trkpt lat="51.939282501116395" lon="4.468731880187988">
        <ele>2.92</ele>
      </trkpt>
      <trkpt lat="51.93923958577216" lon="4.468581676483154">
        <ele>2.92</ele>
      </trkpt>
      <trkpt lat="51.93923958577216" lon="4.468560218811035">
        <ele>2.89</ele>
      </trkpt>
      <trkpt lat="51.939196502789855" lon="4.468248160555959">
        <ele>2.9</ele>
      </trkpt>
      <trkpt lat="51.93915367126465" lon="4.46793794631958">
        <ele>2.89</ele>
      </trkpt>
      <trkpt lat="51.93911083973944" lon="4.467658996582031">
        <ele>2.89</ele>
      </trkpt>
      <trkpt lat="51.93900321610272" lon="4.467196399345994">
        <ele>2.83</ele>
      </trkpt>
      <trkpt lat="51.93889617919922" lon="4.466736316680908">
        <ele>2.81</ele>
      </trkpt>
      <trkpt lat="51.93874564021826" lon="4.466349156573415">
        <ele>2.75</ele>
      </trkpt>
      <trkpt lat="51.9385951012373" lon="4.465962080284953">
        <ele>2.69</ele>
      </trkpt>
      <trkpt lat="51.93844565190375" lon="4.465577602386475">
        <ele>2.63</ele>
      </trkpt>
      <trkpt lat="51.93844556808472" lon="4.465577602386475">
        <ele>2.61</ele>
      </trkpt>
      <trkpt lat="51.93830215372145" lon="4.4651473592966795">
        <ele>2.61</ele>
      </trkpt>
      <trkpt lat="51.93815882317722" lon="4.464717200025916">
        <ele>2.61</ele>
      </trkpt>
      <trkpt lat="51.938016498461366" lon="4.464290142059326">
        <ele>2.62</ele>
      </trkpt>
      <trkpt lat="51.93790921010077" lon="4.463925361633301">
        <ele>2.64</ele>
      </trkpt>
      <trkpt lat="51.93778012879193" lon="4.463570471853018">
        <ele>2.6</ele>
      </trkpt>
      <trkpt lat="51.93765171803534" lon="4.463217258453369">
        <ele>2.48</ele>
      </trkpt>
      <trkpt lat="51.93754417821765" lon="4.462916096672416">
        <ele>2.41</ele>
      </trkpt>
      <trkpt lat="51.93743714131415" lon="4.462616443634033">
        <ele>2.34</ele>
      </trkpt>
      <trkpt lat="51.93739422596991" lon="4.462487697601318">
        <ele>2.28</ele>
      </trkpt>
      <trkpt lat="51.93732985295355" lon="4.4623589515686035">
        <ele>2.23</ele>
      </trkpt>
      <trkpt lat="51.93724402226508" lon="4.462144374847412">
        <ele>2.19</ele>
      </trkpt>
      <trkpt lat="51.93722256459296" lon="4.462037086486816">
        <ele>2.16</ele>
      </trkpt>
      <trkpt lat="51.93720110692084" lon="4.461972713470459">
        <ele>2.12</ele>
      </trkpt>
      <trkpt lat="51.93717964924872" lon="4.46195125579834">
        <ele>2.1</ele>
      </trkpt>
      <trkpt lat="51.93709356710315" lon="4.461725447326899">
        <ele>2.12</ele>
      </trkpt>
      <trkpt lat="51.937007904052734" lon="4.461500644683838">
        <ele>2.11</ele>
      </trkpt>
      <trkpt lat="51.936964904889464" lon="4.461253127083182">
        <ele>2.09</ele>
      </trkpt>
      <trkpt lat="51.93692215718329" lon="4.461007118225098">
        <ele>2.01</ele>
      </trkpt>
      <trkpt lat="51.93685778416693" lon="4.460899829864502">
        <ele>1.96</ele>
      </trkpt>
      <trkpt lat="51.9368577003479" lon="4.460899829864502">
        <ele>1.91</ele>
      </trkpt>
      <trkpt lat="51.936700036749244" lon="4.460605960339308">
        <ele>1.88</ele>
      </trkpt>
      <trkpt lat="51.93654237315059" lon="4.460312174633145">
        <ele>1.83</ele>
      </trkpt>
      <trkpt lat="51.93638563156128" lon="4.460020065307617">
        <ele>1.79</ele>
      </trkpt>
      <trkpt lat="51.93623509258032" lon="4.459611447528005">
        <ele>1.68</ele>
      </trkpt>
      <trkpt lat="51.93608455359936" lon="4.459202829748392">
        <ele>1.62</ele>
      </trkpt>
      <trkpt lat="51.93593510426581" lon="4.458796977996826">
        <ele>1.65</ele>
      </trkpt>
      <trkpt lat="51.93593502044678" lon="4.458796977996826">
        <ele>1.67</ele>
      </trkpt>
      <trkpt lat="51.93591364659369" lon="4.458754062652588">
        <ele>1.69</ele>
      </trkpt>
      <trkpt lat="51.93591356277466" lon="4.458754062652588">
        <ele>1.71</ele>
      </trkpt>
      <trkpt lat="51.93582773208618" lon="4.458582401275635">
        <ele>1.74</ele>
      </trkpt>
      <trkpt lat="51.93568071350455" lon="4.458191636949778">
        <ele>1.8</ele>
      </trkpt>
      <trkpt lat="51.935533778741956" lon="4.457800956442952">
        <ele>1.93</ele>
      </trkpt>
      <trkpt lat="51.93538684397936" lon="4.457410275936127">
        <ele>2.0</ele>
      </trkpt>
      <trkpt lat="51.93523990921676" lon="4.457019595429301">
        <ele>1.95</ele>
      </trkpt>
      <trkpt lat="51.935092974454165" lon="4.456628914922476">
        <ele>1.91</ele>
      </trkpt>
      <trkpt lat="51.93494805134833" lon="4.456243515014648">
        <ele>1.96</ele>
      </trkpt>
      <trkpt lat="51.93486196920276" lon="4.456017706543207">
        <ele>1.99</ele>
      </trkpt>
      <trkpt lat="51.934776389971375" lon="4.4557929039001465">
        <ele>2.03</ele>
      </trkpt>
      <trkpt lat="51.934679578989744" lon="4.455502470955253">
        <ele>2.06</ele>
      </trkpt>
      <trkpt lat="51.9345832709223" lon="4.45521354675293">
        <ele>2.08</ele>
      </trkpt>
      <trkpt lat="51.93458318710327" lon="4.45521354675293">
        <ele>2.1</ele>
      </trkpt>
      <trkpt lat="51.93445418961346" lon="4.454858656972647">
        <ele>2.1</ele>
      </trkpt>
      <trkpt lat="51.93432577885687" lon="4.454505443572998">
        <ele>2.09</ele>
      </trkpt>
      <trkpt lat="51.934211030602455" lon="4.454197157174349">
        <ele>2.09</ele>
      </trkpt>
      <trkpt lat="51.93409636616707" lon="4.4538888707757">
        <ele>2.15</ele>
      </trkpt>
      <trkpt lat="51.93398245610297" lon="4.453582763671875">
        <ele>2.23</ele>
      </trkpt>
      <trkpt lat="51.93391799926758" lon="4.453325271606445">
        <ele>2.32</ele>
      </trkpt>
      <trkpt lat="51.93389654159546" lon="4.453239440917969">
        <ele>2.39</ele>
      </trkpt>
      <trkpt lat="51.93387516774237" lon="4.453024864196777">
        <ele>2.47</ele>
      </trkpt>
      <trkpt lat="51.933789337053895" lon="4.4528961181640625">
        <ele>2.57</ele>
      </trkpt>
      <trkpt lat="51.933724880218506" lon="4.452874660491943">
        <ele>2.67</ele>
      </trkpt>
      <trkpt lat="51.93366059102118" lon="4.4528961181640625">
        <ele>2.77</ele>
      </trkpt>
      <trkpt lat="51.93361767567694" lon="4.452939033508301">
        <ele>2.86</ele>
      </trkpt>
      <trkpt lat="51.93355321884155" lon="4.453067779541016">
        <ele>2.96</ele>
      </trkpt>
      <trkpt lat="51.93355321884155" lon="4.45321798324585">
        <ele>3.04</ele>
      </trkpt>
      <trkpt lat="51.93329572677612" lon="4.453432559967041">
        <ele>3.12</ele>
      </trkpt>
      <trkpt lat="51.933038318529725" lon="4.453518390655518">
        <ele>3.15</ele>
      </trkpt>
      <trkpt lat="51.93281276151538" lon="4.453711677342653">
        <ele>3.21</ele>
      </trkpt>
      <trkpt lat="51.93258770741522" lon="4.453904628753662">
        <ele>3.24</ele>
      </trkpt>
      <trkpt lat="51.93235142156482" lon="4.454097915440798">
        <ele>3.35</ele>
      </trkpt>
      <trkpt lat="51.93211521953344" lon="4.4542912021279335">
        <ele>3.49</ele>
      </trkpt>
      <trkpt lat="51.93187893368304" lon="4.454484488815069">
        <ele>3.55</ele>
      </trkpt>
      <trkpt lat="51.93164356984198" lon="4.454677104949951">
        <ele>3.53</ele>
      </trkpt>
      <trkpt lat="51.931396555155516" lon="4.454891849309206">
        <ele>3.54</ele>
      </trkpt>
      <trkpt lat="51.93115004338324" lon="4.455106258392334">
        <ele>3.58</ele>
      </trkpt>
      <trkpt lat="51.930924486368895" lon="4.45529954507947">
        <ele>3.62</ele>
      </trkpt>
      <trkpt lat="51.93069934844971" lon="4.4554924964904785">
        <ele>3.63</ele>
      </trkpt>
      <trkpt lat="51.93069943226874" lon="4.4554924964904785">
        <ele>3.65</ele>
      </trkpt>
      <trkpt lat="51.93047387525439" lon="4.455685783177614">
        <ele>3.6</ele>
      </trkpt>
      <trkpt lat="51.93024882115424" lon="4.455878734588623">
        <ele>3.62</ele>
      </trkpt>
      <trkpt lat="51.92999132908881" lon="4.456114768981934">
        <ele>3.66</ele>
      </trkpt>
      <trkpt lat="51.92973383702338" lon="4.456264972686768">
        <ele>3.69</ele>
      </trkpt>
      <trkpt lat="51.929798210039735" lon="4.456629753112793">
        <ele>3.75</ele>
      </trkpt>
      <trkpt lat="51.929911030456424" lon="4.456979194656014">
        <ele>3.8</ele>
      </trkpt>
      <trkpt lat="51.930023934692144" lon="4.457328720018268">
        <ele>3.86</ele>
      </trkpt>
      <trkpt lat="51.930136838927865" lon="4.457678245380521">
        <ele>3.85</ele>
      </trkpt>
      <trkpt lat="51.930248737335205" lon="4.458024501800537">
        <ele>3.81</ele>
      </trkpt>
      <trkpt lat="51.93029165267944" lon="4.458110332489014">
        <ele>3.75</ele>
      </trkpt>
      <trkpt lat="51.93024882115424" lon="4.45819616317749">
        <ele>3.71</ele>
      </trkpt>
      <trkpt lat="51.93018444813788" lon="4.458260536193848">
        <ele>3.66</ele>
      </trkpt>
      <trkpt lat="51.93012007512152" lon="4.458324909210205">
        <ele>3.58</ele>
      </trkpt>
      <trkpt lat="51.930055702105165" lon="4.4583892822265625">
        <ele>3.42</ele>
      </trkpt>
      <trkpt lat="51.92986249923706" lon="4.458582401275635">
        <ele>3.25</ele>
      </trkpt>
      <trkpt lat="51.929594026878476" lon="4.458807874470949">
        <ele>3.01</ele>
      </trkpt>
      <trkpt lat="51.92932605743408" lon="4.459033012390137">
        <ele>2.82</ele>
      </trkpt>
      <trkpt lat="51.929261684417725" lon="4.459097385406494">
        <ele>2.7</ele>
      </trkpt>
      <trkpt lat="51.929047191515565" lon="4.459290504455566">
        <ele>2.56</ele>
      </trkpt>
      <trkpt lat="51.929025733843446" lon="4.4593119621276855">
        <ele>2.47</ele>
      </trkpt>
      <trkpt lat="51.928789699450135" lon="4.459505081176758">
        <ele>2.36</ele>
      </trkpt>
      <trkpt lat="51.92853187210858" lon="4.459741283208132">
        <ele>2.27</ele>
      </trkpt>
      <trkpt lat="51.928274631500244" lon="4.459977149963379">
        <ele>2.28</ele>
      </trkpt>
      <trkpt lat="51.92812451161444" lon="4.460041522979736">
        <ele>2.26</ele>
      </trkpt>
      <trkpt lat="51.92795276641846" lon="4.460127353668213">
        <ele>2.26</ele>
      </trkpt>
      <trkpt lat="51.92773793824017" lon="4.460315275937319">
        <ele>2.26</ele>
      </trkpt>
      <trkpt lat="51.927523193880916" lon="4.460503198206425">
        <ele>2.26</ele>
      </trkpt>
      <trkpt lat="51.92730836570263" lon="4.460691120475531">
        <ele>2.31</ele>
      </trkpt>
      <trkpt lat="51.92709445953369" lon="4.460878372192383">
        <ele>2.31</ele>
      </trkpt>
      <trkpt lat="51.92696579732001" lon="4.46094274520874">
        <ele>2.4</ele>
      </trkpt>
      <trkpt lat="51.92679405212402" lon="4.461007118225098">
        <ele>2.47</ele>
      </trkpt>
      <trkpt lat="51.92657947540283" lon="4.4609856605529785">
        <ele>2.53</ele>
      </trkpt>
      <trkpt lat="51.92645072937012" lon="4.461028575897217">
        <ele>2.64</ele>
      </trkpt>
      <trkpt lat="51.92634352482855" lon="4.461071491241455">
        <ele>2.74</ele>
      </trkpt>
      <trkpt lat="51.92625769414008" lon="4.461114406585693">
        <ele>2.85</ele>
      </trkpt>
      <trkpt lat="51.9261718634516" lon="4.461157321929932">
        <ele>3.01</ele>
      </trkpt>
      <trkpt lat="51.92608594894409" lon="4.46120023727417">
        <ele>3.15</ele>
      </trkpt>
      <trkpt lat="51.926021575927734" lon="4.461221694946289">
        <ele>3.21</ele>
      </trkpt>
      <trkpt lat="51.925799706950784" lon="4.461321858689189">
        <ele>3.28</ele>
      </trkpt>
      <trkpt lat="51.92557783797383" lon="4.461422022432089">
        <ele>3.21</ele>
      </trkpt>
      <trkpt lat="51.92535638809204" lon="4.461522102355957">
        <ele>3.03</ele>
      </trkpt>
      <trkpt lat="51.92509897984564" lon="4.461650848388672">
        <ele>2.92</ele>
      </trkpt>
      <trkpt lat="51.924848444759846" lon="4.461729554459453">
        <ele>2.95</ele>
      </trkpt>
      <trkpt lat="51.92459799349308" lon="4.461808260530233">
        <ele>3.11</ele>
      </trkpt>
      <trkpt lat="51.92434787750244" lon="4.461886882781982">
        <ele>3.47</ele>
      </trkpt>
      <trkpt lat="51.92409558221698" lon="4.461967349052429">
        <ele>3.86</ele>
      </trkpt>
      <trkpt lat="51.92384337075055" lon="4.462047815322876">
        <ele>4.19</ele>
      </trkpt>
      <trkpt lat="51.92359107546508" lon="4.4621283654123545">
        <ele>4.45</ele>
      </trkpt>
      <trkpt lat="51.92333936691284" lon="4.4622087478637695">
        <ele>4.74</ele>
      </trkpt>
      <trkpt lat="51.92312462255359" lon="4.462273120880127">
        <ele>4.99</ele>
      </trkpt>
      <trkpt lat="51.92291021347046" lon="4.462337493896484">
        <ele>5.13</ele>
      </trkpt>
      <trkpt lat="51.923017501831055" lon="4.462380409240723">
        <ele>5.31</ele>
      </trkpt>
      <trkpt lat="51.92302697338164" lon="4.462376888841391">
        <ele>5.44</ele>
      </trkpt>
    </trkseg>
  </trk>
</gpx>
