<?xml version="1.0" encoding="UTF-8"?>
<gpx creator="Garmin Connect" version="1.1"
  xsi:schemaLocation="http://www.topografix.com/GPX/1/1 http://www.topografix.com/GPX/11.xsd"
  xmlns:ns3="http://www.garmin.com/xmlschemas/TrackPointExtension/v1"
  xmlns="http://www.topografix.com/GPX/1/1"
  xmlns:xsi="http://www.w3.org/2001/XMLSchema-instance" xmlns:ns2="http://www.garmin.com/xmlschemas/GpxExtensions/v3">
  <metadata>
    <name>CS010 50k Noord</name>
    <link href="connect.garmin.com">
      <text>Garmin Connect</text>
    </link>
    <time>2023-05-23T16:47:35.000Z</time>
  </metadata>
  <trk>
    <name>CS010 50k Noord</name>
    <trkseg>
      <trkpt lat="51.92236161790788" lon="4.462067177519202">
        <ele>3.18</ele>
      </trkpt>
      <trkpt lat="51.922481060028076" lon="4.462326765060425">
        <ele>3.66</ele>
      </trkpt>
      <trkpt lat="51.92248114384711" lon="4.462326765060425">
        <ele>3.9</ele>
      </trkpt>
      <trkpt lat="51.922534788027406" lon="4.46244478225708">
        <ele>4.2</ele>
      </trkpt>
      <trkpt lat="51.92260980606079" lon="4.462423324584961">
        <ele>4.42</ele>
      </trkpt>
      <trkpt lat="51.92289956845343" lon="4.462337493896484">
        <ele>4.7</ele>
      </trkpt>
      <trkpt lat="51.9233500957489" lon="4.46219801902771">
        <ele>4.54</ele>
      </trkpt>
      <trkpt lat="51.92335017956793" lon="4.46219801902771">
        <ele>4.43</ele>
      </trkpt>
      <trkpt lat="51.92434787750244" lon="4.461897611618042">
        <ele>3.7</ele>
      </trkpt>
      <trkpt lat="51.9249165058136" lon="4.461725950241089">
        <ele>3.57</ele>
      </trkpt>
      <trkpt lat="51.92509889602661" lon="4.461650848388672">
        <ele>3.57</ele>
      </trkpt>
      <trkpt lat="51.92509897984564" lon="4.461650848388672">
        <ele>3.46</ele>
      </trkpt>
      <trkpt lat="51.92535638809204" lon="4.461522102355957">
        <ele>3.66</ele>
      </trkpt>
      <trkpt lat="51.926032304763794" lon="4.461221694946289">
        <ele>3.51</ele>
      </trkpt>
      <trkpt lat="51.92608594894409" lon="4.46118950843811">
        <ele>3.28</ele>
      </trkpt>
      <trkpt lat="51.9261718634516" lon="4.461157321929932">
        <ele>2.92</ele>
      </trkpt>
      <trkpt lat="51.926332795992494" lon="4.461082220077515">
        <ele>2.54</ele>
      </trkpt>
      <trkpt lat="51.92645072937012" lon="4.461028575897217">
        <ele>2.27</ele>
      </trkpt>
      <trkpt lat="51.92656874656677" lon="4.460974931716919">
        <ele>2.0</ele>
      </trkpt>
      <trkpt lat="51.92680478096008" lon="4.460996389389038">
        <ele>1.87</ele>
      </trkpt>
      <trkpt lat="51.92696579732001" lon="4.460932016372681">
        <ele>1.71</ele>
      </trkpt>
      <trkpt lat="51.92709445953369" lon="4.460889101028442">
        <ele>1.57</ele>
      </trkpt>
      <trkpt lat="51.92796349525452" lon="4.460127353668213">
        <ele>1.55</ele>
      </trkpt>
      <trkpt lat="51.92812442779541" lon="4.460041522979736">
        <ele>1.53</ele>
      </trkpt>
      <trkpt lat="51.928263902664185" lon="4.459966421127319">
        <ele>1.57</ele>
      </trkpt>
      <trkpt lat="51.92869305610657" lon="4.4596123695373535">
        <ele>1.64</ele>
      </trkpt>
      <trkpt lat="51.928800428286195" lon="4.459494352340698">
        <ele>1.83</ele>
      </trkpt>
      <trkpt lat="51.929014921188354" lon="4.459322690963745">
        <ele>2.06</ele>
      </trkpt>
      <trkpt lat="51.92904710769653" lon="4.459290504455566">
        <ele>2.27</ele>
      </trkpt>
      <trkpt lat="51.929272413253784" lon="4.459097385406494">
        <ele>2.56</ele>
      </trkpt>
      <trkpt lat="51.92933678627014" lon="4.459043741226196">
        <ele>2.8</ele>
      </trkpt>
      <trkpt lat="51.92986249923706" lon="4.458571672439575">
        <ele>3.27</ele>
      </trkpt>
      <trkpt lat="51.930044973269105" lon="4.4583892822265625">
        <ele>3.49</ele>
      </trkpt>
      <trkpt lat="51.93010934628546" lon="4.458335638046265">
        <ele>3.68</ele>
      </trkpt>
      <trkpt lat="51.93024882115424" lon="4.45819616317749">
        <ele>3.66</ele>
      </trkpt>
      <trkpt lat="51.9303023815155" lon="4.458110332489014">
        <ele>3.73</ele>
      </trkpt>
      <trkpt lat="51.93033456802368" lon="4.458174705505371">
        <ele>3.81</ele>
      </trkpt>
      <trkpt lat="51.93037748336792" lon="4.4583141803741455">
        <ele>3.88</ele>
      </trkpt>
      <trkpt lat="51.9304096698761" lon="4.458421468734741">
        <ele>3.96</ele>
      </trkpt>
      <trkpt lat="51.93040975369513" lon="4.458421468734741">
        <ele>4.07</ele>
      </trkpt>
      <trkpt lat="51.93045258522034" lon="4.458560943603516">
        <ele>4.19</ele>
      </trkpt>
      <trkpt lat="51.93045266903937" lon="4.458560943603516">
        <ele>4.33</ele>
      </trkpt>
      <trkpt lat="51.9304633140564" lon="4.458657503128052">
        <ele>4.48</ele>
      </trkpt>
      <trkpt lat="51.93090319633484" lon="4.459966421127319">
        <ele>4.85</ele>
      </trkpt>
      <trkpt lat="51.930967569351196" lon="4.460127353668213">
        <ele>5.12</ele>
      </trkpt>
      <trkpt lat="51.93096765317023" lon="4.460127353668213">
        <ele>5.33</ele>
      </trkpt>
      <trkpt lat="51.931268060579896" lon="4.460974931716919">
        <ele>5.52</ele>
      </trkpt>
      <trkpt lat="51.931536281481385" lon="4.46170449256897">
        <ele>5.58</ele>
      </trkpt>
      <trkpt lat="51.93163284100592" lon="4.461919069290161">
        <ele>5.74</ele>
      </trkpt>
      <trkpt lat="51.93182587623596" lon="4.462080001831055">
        <ele>5.97</ele>
      </trkpt>
      <trkpt lat="51.9321156386286" lon="4.462380409240723">
        <ele>6.19</ele>
      </trkpt>
      <trkpt lat="51.93230867385864" lon="4.462680816650391">
        <ele>6.4</ele>
      </trkpt>
      <trkpt lat="51.932308757677674" lon="4.462680816650391">
        <ele>6.45</ele>
      </trkpt>
      <trkpt lat="51.93296321667731" lon="4.463646411895752">
        <ele>6.35</ele>
      </trkpt>
      <trkpt lat="51.93345665931702" lon="4.464365243911743">
        <ele>6.51</ele>
      </trkpt>
      <trkpt lat="51.93345674313605" lon="4.464365243911743">
        <ele>6.39</ele>
      </trkpt>
      <trkpt lat="51.93386443890631" lon="4.4649553298950195">
        <ele>5.83</ele>
      </trkpt>
      <trkpt lat="51.934733390808105" lon="4.46420431137085">
        <ele>5.59</ele>
      </trkpt>
      <trkpt lat="51.934765577316284" lon="4.4641828536987305">
        <ele>5.36</ele>
      </trkpt>
      <trkpt lat="51.9348406791687" lon="4.464118480682373">
        <ele>5.14</ele>
      </trkpt>
      <trkpt lat="51.93492650985718" lon="4.464086294174194">
        <ele>4.87</ele>
      </trkpt>
      <trkpt lat="51.93492659367621" lon="4.464086294174194">
        <ele>4.56</ele>
      </trkpt>
      <trkpt lat="51.934990882873535" lon="4.464054107666016">
        <ele>4.25</ele>
      </trkpt>
      <trkpt lat="51.93614959716797" lon="4.463056325912476">
        <ele>3.69</ele>
      </trkpt>
      <trkpt lat="51.93619251251221" lon="4.462981224060059">
        <ele>3.35</ele>
      </trkpt>
      <trkpt lat="51.93634280003607" lon="4.462841749191284">
        <ele>3.03</ele>
      </trkpt>
      <trkpt lat="51.9369113445282" lon="4.4623589515686035">
        <ele>2.8</ele>
      </trkpt>
      <trkpt lat="51.936964988708496" lon="4.4622838497161865">
        <ele>2.55</ele>
      </trkpt>
      <trkpt lat="51.93696507252753" lon="4.4622838497161865">
        <ele>2.34</ele>
      </trkpt>
      <trkpt lat="51.937018716707826" lon="4.462230205535889">
        <ele>2.15</ele>
      </trkpt>
      <trkpt lat="51.93714746274054" lon="4.462101459503174">
        <ele>1.98</ele>
      </trkpt>
      <trkpt lat="51.937211751937866" lon="4.462037086486816">
        <ele>1.85</ele>
      </trkpt>
      <trkpt lat="51.937254667282104" lon="4.462144374847412">
        <ele>1.78</ele>
      </trkpt>
      <trkpt lat="51.937254751101136" lon="4.462144374847412">
        <ele>1.75</ele>
      </trkpt>
      <trkpt lat="51.93734058178961" lon="4.462369680404663">
        <ele>1.78</ele>
      </trkpt>
      <trkpt lat="51.93738349713385" lon="4.462498426437378">
        <ele>1.84</ele>
      </trkpt>
      <trkpt lat="51.93742641247809" lon="4.462616443634033">
        <ele>1.92</ele>
      </trkpt>
      <trkpt lat="51.93765163421631" lon="4.46320652961731">
        <ele>2.07</ele>
      </trkpt>
      <trkpt lat="51.93765171803534" lon="4.46320652961731">
        <ele>2.13</ele>
      </trkpt>
      <trkpt lat="51.93790921010077" lon="4.46393609046936">
        <ele>2.29</ele>
      </trkpt>
      <trkpt lat="51.938016498461366" lon="4.464290142059326">
        <ele>2.23</ele>
      </trkpt>
      <trkpt lat="51.93807005882263" lon="4.464493989944458">
        <ele>2.26</ele>
      </trkpt>
      <trkpt lat="51.938316822052" lon="4.465148448944092">
        <ele>2.18</ele>
      </trkpt>
      <trkpt lat="51.938456296920776" lon="4.465577602386475">
        <ele>2.2</ele>
      </trkpt>
      <trkpt lat="51.93845638073981" lon="4.465577602386475">
        <ele>2.26</ele>
      </trkpt>
      <trkpt lat="51.93888545036316" lon="4.466736316680908">
        <ele>2.52</ele>
      </trkpt>
      <trkpt lat="51.938992738723755" lon="4.467122554779053">
        <ele>2.56</ele>
      </trkpt>
      <trkpt lat="51.93911083973944" lon="4.467658996582031">
        <ele>2.69</ele>
      </trkpt>
      <trkpt lat="51.93915367126465" lon="4.46793794631958">
        <ele>2.71</ele>
      </trkpt>
      <trkpt lat="51.93923958577216" lon="4.468549489974976">
        <ele>2.69</ele>
      </trkpt>
      <trkpt lat="51.939239501953125" lon="4.468592405319214">
        <ele>2.78</ele>
      </trkpt>
      <trkpt lat="51.93923958577216" lon="4.468592405319214">
        <ele>2.88</ele>
      </trkpt>
      <trkpt lat="51.939282501116395" lon="4.468731880187988">
        <ele>2.97</ele>
      </trkpt>
      <trkpt lat="51.93938978947699" lon="4.469021558761597">
        <ele>3.07</ele>
      </trkpt>
      <trkpt lat="51.93938970565796" lon="4.470019340515137">
        <ele>3.34</ele>
      </trkpt>
      <trkpt lat="51.9394326210022" lon="4.470062255859375">
        <ele>3.48</ele>
      </trkpt>
      <trkpt lat="51.93947562016547" lon="4.47018027305603">
        <ele>3.62</ele>
      </trkpt>
      <trkpt lat="51.93948634900153" lon="4.470287561416626">
        <ele>3.73</ele>
      </trkpt>
      <trkpt lat="51.939486265182495" lon="4.470416307449341">
        <ele>3.87</ele>
      </trkpt>
      <trkpt lat="51.939475536346436" lon="4.470459222793579">
        <ele>3.93</ele>
      </trkpt>
      <trkpt lat="51.939486265182495" lon="4.470620155334473">
        <ele>3.95</ele>
      </trkpt>
      <trkpt lat="51.93955063819885" lon="4.471231698989868">
        <ele>3.99</ele>
      </trkpt>
      <trkpt lat="51.9397759437561" lon="4.472916126251221">
        <ele>3.49</ele>
      </trkpt>
      <trkpt lat="51.94017299450934" lon="4.475802183151245">
        <ele>3.68</ele>
      </trkpt>
      <trkpt lat="51.940258741378784" lon="4.476370811462402">
        <ele>3.5</ele>
      </trkpt>
      <trkpt lat="51.940258825197816" lon="4.476370811462402">
        <ele>3.36</ele>
      </trkpt>
      <trkpt lat="51.94029092788696" lon="4.476746320724487">
        <ele>3.22</ele>
      </trkpt>
      <trkpt lat="51.940516233444214" lon="4.478366374969482">
        <ele>3.21</ele>
      </trkpt>
      <trkpt lat="51.94064497947693" lon="4.478849172592163">
        <ele>2.94</ele>
      </trkpt>
      <trkpt lat="51.94091328419745" lon="4.47917103767395">
        <ele>2.65</ele>
      </trkpt>
      <trkpt lat="51.94104194641113" lon="4.479310512542725">
        <ele>2.39</ele>
      </trkpt>
      <trkpt lat="51.941042030230165" lon="4.479310512542725">
        <ele>2.19</ele>
      </trkpt>
      <trkpt lat="51.941192233935" lon="4.47941780090332">
        <ele>1.96</ele>
      </trkpt>
      <trkpt lat="51.941986083984375" lon="4.480469226837158">
        <ele>1.65</ele>
      </trkpt>
      <trkpt lat="51.94202899932861" lon="4.480501413345337">
        <ele>1.5</ele>
      </trkpt>
      <trkpt lat="51.94218993186951" lon="4.480479955673218">
        <ele>1.42</ele>
      </trkpt>
      <trkpt lat="51.942265117540956" lon="4.480576515197754">
        <ele>1.38</ele>
      </trkpt>
      <trkpt lat="51.9424045085907" lon="4.480769634246826">
        <ele>1.38</ele>
      </trkpt>
      <trkpt lat="51.942490339279175" lon="4.480876922607422">
        <ele>1.39</ele>
      </trkpt>
      <trkpt lat="51.94254398345947" lon="4.480994939804077">
        <ele>1.43</ele>
      </trkpt>
      <trkpt lat="51.94268354214728" lon="4.481145143508911">
        <ele>1.53</ele>
      </trkpt>
      <trkpt lat="51.942769289016724" lon="4.481241703033447">
        <ele>1.65</ele>
      </trkpt>
      <trkpt lat="51.942801559343934" lon="4.481327533721924">
        <ele>1.8</ele>
      </trkpt>
      <trkpt lat="51.94282293319702" lon="4.481391906738281">
        <ele>1.95</ele>
      </trkpt>
      <trkpt lat="51.943026864901185" lon="4.481563568115234">
        <ele>2.13</ele>
      </trkpt>
      <trkpt lat="51.94302678108215" lon="4.481563568115234">
        <ele>2.26</ele>
      </trkpt>
      <trkpt lat="51.943241357803345" lon="4.481724500656128">
        <ele>2.4</ele>
      </trkpt>
      <trkpt lat="51.94385298527777" lon="4.482132196426392">
        <ele>2.5</ele>
      </trkpt>
      <trkpt lat="51.94385290145874" lon="4.482132196426392">
        <ele>2.59</ele>
      </trkpt>
      <trkpt lat="51.9443142414093" lon="4.482443332672119">
        <ele>2.68</ele>
      </trkpt>
      <trkpt lat="51.94485076703131" lon="4.482700824737549">
        <ele>2.77</ele>
      </trkpt>
      <trkpt lat="51.94516181945801" lon="4.482947587966919">
        <ele>2.79</ele>
      </trkpt>
      <trkpt lat="51.94533348083496" lon="4.483140707015991">
        <ele>2.74</ele>
      </trkpt>
      <trkpt lat="51.94541939534247" lon="4.483194351196289">
        <ele>2.68</ele>
      </trkpt>
      <trkpt lat="51.945762718096375" lon="4.483451843261719">
        <ele>2.53</ele>
      </trkpt>
      <trkpt lat="51.945762634277344" lon="4.483451843261719">
        <ele>2.43</ele>
      </trkpt>
      <trkpt lat="51.94586992263794" lon="4.483548402786255">
        <ele>2.28</ele>
      </trkpt>
      <trkpt lat="51.945955753326416" lon="4.483602046966553">
        <ele>2.13</ele>
      </trkpt>
      <trkpt lat="51.94605231285095" lon="4.483730792999268">
        <ele>1.97</ele>
      </trkpt>
      <trkpt lat="51.94665312767029" lon="4.484320878982544">
        <ele>1.75</ele>
      </trkpt>
      <trkpt lat="51.946781957522035" lon="4.484449625015259">
        <ele>1.6</ele>
      </trkpt>
      <trkpt lat="51.94685705937445" lon="4.484535455703735">
        <ele>1.52</ele>
      </trkpt>
      <trkpt lat="51.94732912816107" lon="4.485039710998535">
        <ele>1.5</ele>
      </trkpt>
      <trkpt lat="51.94761880673468" lon="4.485350847244263">
        <ele>1.38</ele>
      </trkpt>
      <trkpt lat="51.947994232177734" lon="4.485758543014526">
        <ele>1.45</ele>
      </trkpt>
      <trkpt lat="51.94823035039008" lon="4.485994577407837">
        <ele>1.47</ele>
      </trkpt>
      <trkpt lat="51.94957137107849" lon="4.48742151260376">
        <ele>1.34</ele>
      </trkpt>
      <trkpt lat="51.95057996548712" lon="4.4885265827178955">
        <ele>1.43</ele>
      </trkpt>
      <trkpt lat="51.95057988166809" lon="4.4885265827178955">
        <ele>1.42</ele>
      </trkpt>
      <trkpt lat="51.95096620358527" lon="4.488934278488159">
        <ele>1.37</ele>
      </trkpt>
      <trkpt lat="51.95136317051947" lon="4.489341974258423">
        <ele>1.25</ele>
      </trkpt>
      <trkpt lat="51.951727867126465" lon="4.489610195159912">
        <ele>1.4</ele>
      </trkpt>
      <trkpt lat="51.95209264755249" lon="4.4898247718811035">
        <ele>1.4</ele>
      </trkpt>
      <trkpt lat="51.9522750377655" lon="4.489985704421997">
        <ele>1.4</ele>
      </trkpt>
      <trkpt lat="51.95255407132208" lon="4.490329027175903">
        <ele>1.31</ele>
      </trkpt>
      <trkpt lat="51.95255398750305" lon="4.490329027175903">
        <ele>1.32</ele>
      </trkpt>
      <trkpt lat="51.95279002189636" lon="4.490629434585571">
        <ele>1.31</ele>
      </trkpt>
      <trkpt lat="51.95290803909302" lon="4.490811824798584">
        <ele>1.38</ele>
      </trkpt>
      <trkpt lat="51.95320853032172" lon="4.491380453109741">
        <ele>1.5</ele>
      </trkpt>
      <trkpt lat="51.953208446502686" lon="4.491380453109741">
        <ele>1.55</ele>
      </trkpt>
      <trkpt lat="51.95332646369934" lon="4.491584300994873">
        <ele>1.59</ele>
      </trkpt>
      <trkpt lat="51.9536376837641" lon="4.492002725601196">
        <ele>1.63</ele>
      </trkpt>
      <trkpt lat="51.95391663350165" lon="4.492378234863281">
        <ele>1.67</ele>
      </trkpt>
      <trkpt lat="51.954184770584106" lon="4.492732286453247">
        <ele>1.73</ele>
      </trkpt>
      <trkpt lat="51.95434578694403" lon="4.492925405502319">
        <ele>1.82</ele>
      </trkpt>
      <trkpt lat="51.95441015996039" lon="4.493000507354736">
        <ele>1.93</ele>
      </trkpt>
      <trkpt lat="51.95492506027222" lon="4.493536949157715">
        <ele>2.09</ele>
      </trkpt>
      <trkpt lat="51.9551504496485" lon="4.493772983551025">
        <ele>2.19</ele>
      </trkpt>
      <trkpt lat="51.955279195681214" lon="4.4939124584198">
        <ele>2.28</ele>
      </trkpt>
      <trkpt lat="51.95528984069824" lon="4.493923187255859">
        <ele>2.34</ele>
      </trkpt>
      <trkpt lat="51.95544012822211" lon="4.494030475616455">
        <ele>2.41</ele>
      </trkpt>
      <trkpt lat="51.95553660392761" lon="4.494116306304932">
        <ele>2.46</ele>
      </trkpt>
      <trkpt lat="51.95559024810791" lon="4.494223594665527">
        <ele>2.48</ele>
      </trkpt>
      <trkpt lat="51.95576190948486" lon="4.494341611862183">
        <ele>2.44</ele>
      </trkpt>
      <trkpt lat="51.95590138435364" lon="4.494363069534302">
        <ele>2.34</ele>
      </trkpt>
      <trkpt lat="51.956942081451416" lon="4.494352340698242">
        <ele>2.13</ele>
      </trkpt>
      <trkpt lat="51.95743569172919" lon="4.494427442550659">
        <ele>2.09</ele>
      </trkpt>
      <trkpt lat="51.95767164230347" lon="4.494459629058838">
        <ele>1.92</ele>
      </trkpt>
      <trkpt lat="51.95831545628607" lon="4.494599103927612">
        <ele>1.65</ele>
      </trkpt>
      <trkpt lat="51.95858367718756" lon="4.49465274810791">
        <ele>1.35</ele>
      </trkpt>
      <trkpt lat="51.958733797073364" lon="4.494684934616089">
        <ele>1.1</ele>
      </trkpt>
      <trkpt lat="51.95881962776184" lon="4.494706392288208">
        <ele>0.87</ele>
      </trkpt>
      <trkpt lat="51.95889481343329" lon="4.494727849960327">
        <ele>0.66</ele>
      </trkpt>
      <trkpt lat="51.95896991528571" lon="4.494749307632446">
        <ele>0.47</ele>
      </trkpt>
      <trkpt lat="51.95916295051575" lon="4.494802951812744">
        <ele>0.3</ele>
      </trkpt>
      <trkpt lat="51.959291780367494" lon="4.494845867156982">
        <ele>0.14</ele>
      </trkpt>
      <trkpt lat="51.95929169654846" lon="4.494845867156982">
        <ele>0.0</ele>
      </trkpt>
      <trkpt lat="51.959742391481996" lon="4.494985342025757">
        <ele>-0.11</ele>
      </trkpt>
      <trkpt lat="51.96009644307196" lon="4.495081901550293">
        <ele>-0.16</ele>
      </trkpt>
      <trkpt lat="51.96035385131836" lon="4.49514627456665">
        <ele>-0.31</ele>
      </trkpt>
      <trkpt lat="51.9603967666626" lon="4.495264291763306">
        <ele>-0.41</ele>
      </trkpt>
      <trkpt lat="51.96180232800543" lon="4.495639801025391">
        <ele>-0.31</ele>
      </trkpt>
      <trkpt lat="51.96208119392395" lon="4.495704174041748">
        <ele>-0.39</ele>
      </trkpt>
      <trkpt lat="51.96230658330023" lon="4.495725631713867">
        <ele>-0.44</ele>
      </trkpt>
      <trkpt lat="51.96288585662842" lon="4.495800733566284">
        <ele>-0.51</ele>
      </trkpt>
      <trkpt lat="51.963036144152284" lon="4.49589729309082">
        <ele>-0.4</ele>
      </trkpt>
      <trkpt lat="51.96311116218567" lon="4.495983123779297">
        <ele>-0.29</ele>
      </trkpt>
      <trkpt lat="51.96315407752991" lon="4.496058225631714">
        <ele>-0.18</ele>
      </trkpt>
      <trkpt lat="51.963175535202026" lon="4.496176242828369">
        <ele>-0.07</ele>
      </trkpt>
      <trkpt lat="51.963229263201356" lon="4.496262073516846">
        <ele>0.0</ele>
      </trkpt>
      <trkpt lat="51.96329363621771" lon="4.496347904205322">
        <ele>0.07</ele>
      </trkpt>
      <trkpt lat="51.96333646774292" lon="4.49641227722168">
        <ele>0.13</ele>
      </trkpt>
      <trkpt lat="51.963744163513184" lon="4.495629072189331">
        <ele>0.19</ele>
      </trkpt>
      <trkpt lat="51.96380853652954" lon="4.495704174041748">
        <ele>0.23</ele>
      </trkpt>
      <trkpt lat="51.964237773790956" lon="4.495639801025391">
        <ele>0.29</ele>
      </trkpt>
      <trkpt lat="51.96442016400397" lon="4.4956183433532715">
        <ele>0.19</ele>
      </trkpt>
      <trkpt lat="51.96469911374152" lon="4.495575428009033">
        <ele>0.06</ele>
      </trkpt>
      <trkpt lat="51.96512818336487" lon="4.495564699172974">
        <ele>-0.32</ele>
      </trkpt>
      <trkpt lat="51.965203285217285" lon="4.495639801025391">
        <ele>-0.57</ele>
      </trkpt>
      <trkpt lat="51.96528919972479" lon="4.49565052986145">
        <ele>-0.82</ele>
      </trkpt>
      <trkpt lat="51.96535348892212" lon="4.495639801025391">
        <ele>-1.05</ele>
      </trkpt>
      <trkpt lat="51.965439319610596" lon="4.495553970336914">
        <ele>-1.26</ele>
      </trkpt>
      <trkpt lat="51.966447830200195" lon="4.495489597320557">
        <ele>-1.31</ele>
      </trkpt>
      <trkpt lat="51.967424154281616" lon="4.495532512664795">
        <ele>-1.38</ele>
      </trkpt>
      <trkpt lat="51.96786412037909" lon="4.495553970336914">
        <ele>-1.66</ele>
      </trkpt>
      <trkpt lat="51.96904420852661" lon="4.495596885681152">
        <ele>-2.05</ele>
      </trkpt>
      <trkpt lat="51.96918376721442" lon="4.495629072189331">
        <ele>-2.27</ele>
      </trkpt>
      <trkpt lat="51.96936615742743" lon="4.495596885681152">
        <ele>-2.5</ele>
      </trkpt>
      <trkpt lat="51.9703209400177" lon="4.495736360549927">
        <ele>-2.75</ele>
      </trkpt>
      <trkpt lat="51.97084665298462" lon="4.4958436489105225">
        <ele>-2.83</ele>
      </trkpt>
      <trkpt lat="51.970932483673096" lon="4.4959187507629395">
        <ele>-3.0</ele>
      </trkpt>
      <trkpt lat="51.970975399017334" lon="4.496026039123535">
        <ele>-3.15</ele>
      </trkpt>
      <trkpt lat="51.97099685668945" lon="4.49614405632019">
        <ele>-3.29</ele>
      </trkpt>
      <trkpt lat="51.970953941345215" lon="4.496498107910156">
        <ele>-3.5</ele>
      </trkpt>
      <trkpt lat="51.97090029716492" lon="4.496701955795288">
        <ele>-3.64</ele>
      </trkpt>
      <trkpt lat="51.97065353393555" lon="4.497249126434326">
        <ele>-3.66</ele>
      </trkpt>
      <trkpt lat="51.97059988975525" lon="4.497388601303101">
        <ele>-3.56</ele>
      </trkpt>
      <trkpt lat="51.97058916091919" lon="4.497613906860352">
        <ele>-3.33</ele>
      </trkpt>
      <trkpt lat="51.97064280509949" lon="4.497807025909424">
        <ele>-3.04</ele>
      </trkpt>
      <trkpt lat="51.97085738182068" lon="4.49816107749939">
        <ele>-2.59</ele>
      </trkpt>
      <trkpt lat="51.97090038098395" lon="4.498246908187866">
        <ele>-2.22</ele>
      </trkpt>
      <trkpt lat="51.970943212509155" lon="4.498332738876343">
        <ele>-1.85</ele>
      </trkpt>
      <trkpt lat="51.970964670181274" lon="4.498461484909058">
        <ele>-1.48</ele>
      </trkpt>
      <trkpt lat="51.970964670181274" lon="4.498633146286011">
        <ele>-1.14</ele>
      </trkpt>
      <trkpt lat="51.9708788394928" lon="4.498965740203857">
        <ele>-0.92</ele>
      </trkpt>
      <trkpt lat="51.970674991607666" lon="4.49964165687561">
        <ele>-0.61</ele>
      </trkpt>
      <trkpt lat="51.97058916091919" lon="4.5000386238098145">
        <ele>-0.31</ele>
      </trkpt>
      <trkpt lat="51.97059988975525" lon="4.500242471694946">
        <ele>-0.11</ele>
      </trkpt>
      <trkpt lat="51.97064280509949" lon="4.500360488891602">
        <ele>-0.04</ele>
      </trkpt>
      <trkpt lat="51.970717906951904" lon="4.500478506088257">
        <ele>-0.06</ele>
      </trkpt>
      <trkpt lat="51.971211433410645" lon="4.500929117202759">
        <ele>-0.34</ele>
      </trkpt>
      <trkpt lat="51.97139382362366" lon="4.500972032546997">
        <ele>-0.46</ele>
      </trkpt>
      <trkpt lat="51.971479654312134" lon="4.500929117202759">
        <ele>-0.58</ele>
      </trkpt>
      <trkpt lat="51.97154402732849" lon="4.500864744186401">
        <ele>-0.69</ele>
      </trkpt>
      <trkpt lat="51.97164058685303" lon="4.500682353973389">
        <ele>-0.8</ele>
      </trkpt>
      <trkpt lat="51.97169431485236" lon="4.50063943862915">
        <ele>-0.91</ele>
      </trkpt>
      <trkpt lat="51.97174787521362" lon="4.500628709793091">
        <ele>-1.0</ele>
      </trkpt>
      <trkpt lat="51.97188743390143" lon="4.501733779907227">
        <ele>-1.09</ele>
      </trkpt>
      <trkpt lat="51.971973264589906" lon="4.502345323562622">
        <ele>-1.24</ele>
      </trkpt>
      <trkpt lat="51.972209215164185" lon="4.504040479660034">
        <ele>-1.13</ele>
      </trkpt>
      <trkpt lat="51.972241485491395" lon="4.504373073577881">
        <ele>-1.11</ele>
      </trkpt>
      <trkpt lat="51.97224140167236" lon="4.504373073577881">
        <ele>-1.14</ele>
      </trkpt>
      <trkpt lat="51.97225213050842" lon="4.50465202331543">
        <ele>-1.13</ele>
      </trkpt>
      <trkpt lat="51.97225213050842" lon="4.505027532577515">
        <ele>-1.22</ele>
      </trkpt>
      <trkpt lat="51.9721341971308" lon="4.506336450576782">
        <ele>-1.29</ele>
      </trkpt>
      <trkpt lat="51.97203755378723" lon="4.507323503494263">
        <ele>-1.18</ele>
      </trkpt>
      <trkpt lat="51.972016179934144" lon="4.508042335510254">
        <ele>-1.06</ele>
      </trkpt>
      <trkpt lat="51.97203763760626" lon="4.508374929428101">
        <ele>-1.01</ele>
      </trkpt>
      <trkpt lat="51.97203755378723" lon="4.508374929428101">
        <ele>-0.94</ele>
      </trkpt>
      <trkpt lat="51.97208046913147" lon="4.508686065673828">
        <ele>-0.86</ele>
      </trkpt>
      <trkpt lat="51.97217711247504" lon="4.509115219116211">
        <ele>-0.88</ele>
      </trkpt>
      <trkpt lat="51.972177028656006" lon="4.509115219116211">
        <ele>-0.75</ele>
      </trkpt>
      <trkpt lat="51.97232723236084" lon="4.5097267627716064">
        <ele>-0.54</ele>
      </trkpt>
      <trkpt lat="51.97244533337653" lon="4.510370492935181">
        <ele>-0.39</ele>
      </trkpt>
      <trkpt lat="51.972445249557495" lon="4.510370492935181">
        <ele>-0.2</ele>
      </trkpt>
      <trkpt lat="51.972466707229614" lon="4.510477781295776">
        <ele>0.0</ele>
      </trkpt>
      <trkpt lat="51.97264918126166" lon="4.510960578918457">
        <ele>0.16</ele>
      </trkpt>
      <trkpt lat="51.97265982627869" lon="4.511464834213257">
        <ele>0.46</ele>
      </trkpt>
      <trkpt lat="51.97277784347534" lon="4.511775970458984">
        <ele>0.67</ele>
      </trkpt>
      <trkpt lat="51.972981691360474" lon="4.512205123901367">
        <ele>1.03</ele>
      </trkpt>
      <trkpt lat="51.97306752204895" lon="4.512451887130737">
        <ele>1.28</ele>
      </trkpt>
      <trkpt lat="51.97309970855713" lon="4.51289176940918">
        <ele>1.51</ele>
      </trkpt>
      <trkpt lat="51.97315335273743" lon="4.512988328933716">
        <ele>1.55</ele>
      </trkpt>
      <trkpt lat="51.97315343655646" lon="4.512988328933716">
        <ele>1.51</ele>
      </trkpt>
      <trkpt lat="51.9734001159668" lon="4.513428211212158">
        <ele>1.24</ele>
      </trkpt>
      <trkpt lat="51.973410844802856" lon="4.513685703277588">
        <ele>1.02</ele>
      </trkpt>
      <trkpt lat="51.97326064109802" lon="4.514565467834473">
        <ele>0.77</ele>
      </trkpt>
      <trkpt lat="51.97324991226196" lon="4.515016078948975">
        <ele>0.46</ele>
      </trkpt>
      <trkpt lat="51.97331428527832" lon="4.515316486358643">
        <ele>0.09</ele>
      </trkpt>
      <trkpt lat="51.97357177734375" lon="4.516013860702515">
        <ele>-0.22</ele>
      </trkpt>
      <trkpt lat="51.97362542152405" lon="4.516314268112183">
        <ele>-0.55</ele>
      </trkpt>
      <trkpt lat="51.97361469268799" lon="4.516571760177612">
        <ele>-0.93</ele>
      </trkpt>
      <trkpt lat="51.97356104850769" lon="4.516839981079102">
        <ele>-1.3</ele>
      </trkpt>
      <trkpt lat="51.97348594665527" lon="4.517022371292114">
        <ele>-1.55</ele>
      </trkpt>
      <trkpt lat="51.97314262390137" lon="4.517709016799927">
        <ele>-1.68</ele>
      </trkpt>
      <trkpt lat="51.97286367416382" lon="4.518492221832275">
        <ele>-2.07</ele>
      </trkpt>
      <trkpt lat="51.97286375798285" lon="4.518492221832275">
        <ele>-2.35</ele>
      </trkpt>
      <trkpt lat="51.972531164065" lon="4.519221782684326">
        <ele>-2.75</ele>
      </trkpt>
      <trkpt lat="51.97235941886902" lon="4.51961874961853">
        <ele>-3.05</ele>
      </trkpt>
      <trkpt lat="51.972434520721436" lon="4.519747495651245">
        <ele>-3.21</ele>
      </trkpt>
      <trkpt lat="51.972498977556825" lon="4.519854784011841">
        <ele>-3.31</ele>
      </trkpt>
      <trkpt lat="51.97254189290106" lon="4.519972801208496">
        <ele>-3.38</ele>
      </trkpt>
      <trkpt lat="51.97258472442627" lon="4.520101547241211">
        <ele>-3.43</ele>
      </trkpt>
      <trkpt lat="51.97261691093445" lon="4.52038049697876">
        <ele>-3.47</ele>
      </trkpt>
      <trkpt lat="51.9726384524256" lon="4.520444869995117">
        <ele>-3.42</ele>
      </trkpt>
      <trkpt lat="51.97263836860657" lon="4.520444869995117">
        <ele>-3.34</ele>
      </trkpt>
      <trkpt lat="51.97282084263861" lon="4.520691633224487">
        <ele>-3.13</ele>
      </trkpt>
      <trkpt lat="51.97282075881958" lon="4.520691633224487">
        <ele>-3.01</ele>
      </trkpt>
      <trkpt lat="51.972895860672" lon="4.520777463912964">
        <ele>-2.82</ele>
      </trkpt>
      <trkpt lat="51.972960233688354" lon="4.520777463912964">
        <ele>-2.66</ele>
      </trkpt>
      <trkpt lat="51.97304606437683" lon="4.520723819732666">
        <ele>-2.52</ele>
      </trkpt>
      <trkpt lat="51.97308897972107" lon="4.5207130908966064">
        <ele>-2.39</ele>
      </trkpt>
      <trkpt lat="51.97312125004828" lon="4.520745277404785">
        <ele>-2.27</ele>
      </trkpt>
      <trkpt lat="51.97312116622925" lon="4.520745277404785">
        <ele>-2.2</ele>
      </trkpt>
      <trkpt lat="51.97426915168762" lon="4.522215127944946">
        <ele>-2.27</ele>
      </trkpt>
      <trkpt lat="51.97452664375305" lon="4.522590637207031">
        <ele>-2.2</ele>
      </trkpt>
      <trkpt lat="51.974719762802124" lon="4.523041248321533">
        <ele>-2.16</ele>
      </trkpt>
      <trkpt lat="51.97478413581848" lon="4.523255825042725">
        <ele>-2.18</ele>
      </trkpt>
      <trkpt lat="51.97481632232666" lon="4.523738622665405">
        <ele>-2.26</ele>
      </trkpt>
      <trkpt lat="51.9748592376709" lon="4.523888826370239">
        <ele>-2.41</ele>
      </trkpt>
      <trkpt lat="51.974934339523315" lon="4.524028301239014">
        <ele>-2.59</ele>
      </trkpt>
      <trkpt lat="51.97537422180176" lon="4.524650573730469">
        <ele>-2.99</ele>
      </trkpt>
      <trkpt lat="51.97657593525946" lon="4.526238441467285">
        <ele>-2.91</ele>
      </trkpt>
      <trkpt lat="51.97674751281738" lon="4.526463747024536">
        <ele>-3.25</ele>
      </trkpt>
      <trkpt lat="51.97681188583374" lon="4.526345729827881">
        <ele>-3.46</ele>
      </trkpt>
      <trkpt lat="51.976919174194336" lon="4.52612042427063">
        <ele>-3.66</ele>
      </trkpt>
      <trkpt lat="51.97716602124274" lon="4.52562689781189">
        <ele>-3.99</ele>
      </trkpt>
      <trkpt lat="51.977198123931885" lon="4.525659084320068">
        <ele>-4.24</ele>
      </trkpt>
      <trkpt lat="51.97719820775092" lon="4.525659084320068">
        <ele>-4.49</ele>
      </trkpt>
      <trkpt lat="51.977198123931885" lon="4.525669813156128">
        <ele>-4.74</ele>
      </trkpt>
      <trkpt lat="51.977680921554565" lon="4.526292085647583">
        <ele>-5.12</ele>
      </trkpt>
      <trkpt lat="51.977713108062744" lon="4.526388645172119">
        <ele>-5.24</ele>
      </trkpt>
      <trkpt lat="51.977713191881776" lon="4.526388645172119">
        <ele>-5.4</ele>
      </trkpt>
      <trkpt lat="51.977670192718506" lon="4.526721239089966">
        <ele>-5.54</ele>
      </trkpt>
      <trkpt lat="51.977680921554565" lon="4.526849985122681">
        <ele>-5.65</ele>
      </trkpt>
      <trkpt lat="51.977713108062744" lon="4.526968002319336">
        <ele>-5.73</ele>
      </trkpt>
      <trkpt lat="51.97776675224304" lon="4.527064561843872">
        <ele>-5.83</ele>
      </trkpt>
      <trkpt lat="51.979665756225586" lon="4.5295751094818115">
        <ele>-5.73</ele>
      </trkpt>
      <trkpt lat="51.98101758956909" lon="4.531334638595581">
        <ele>-6.15</ele>
      </trkpt>
      <trkpt lat="51.98101767338812" lon="4.531334638595581">
        <ele>-6.22</ele>
      </trkpt>
      <trkpt lat="51.9813072681427" lon="4.531720876693726">
        <ele>-6.28</ele>
      </trkpt>
      <trkpt lat="51.98130735196173" lon="4.531720876693726">
        <ele>-6.26</ele>
      </trkpt>
      <trkpt lat="51.98133945465088" lon="4.531763792037964">
        <ele>-6.19</ele>
      </trkpt>
      <trkpt lat="51.98133953846991" lon="4.531763792037964">
        <ele>-6.0</ele>
      </trkpt>
      <trkpt lat="51.98336720466614" lon="4.534456729888916">
        <ele>-5.55</ele>
      </trkpt>
      <trkpt lat="51.98353945277631" lon="4.534680945798755">
        <ele>-5.56</ele>
      </trkpt>
      <trkpt lat="51.9835399556905" lon="4.534679939970374">
        <ele>-6.3</ele>
      </trkpt>
      <trkpt lat="51.98421997949481" lon="4.535569930449128">
        <ele>-6.57</ele>
      </trkpt>
      <trkpt lat="51.98490000329912" lon="4.536459920927882">
        <ele>-6.4</ele>
      </trkpt>
      <trkpt lat="51.98557994328439" lon="4.537349911406636">
        <ele>-6.41</ele>
      </trkpt>
      <trkpt lat="51.9862599670887" lon="4.538239985704422">
        <ele>-6.47</ele>
      </trkpt>
      <trkpt lat="51.986469933763146" lon="4.538359930738807">
        <ele>-6.42</ele>
      </trkpt>
      <trkpt lat="51.98655995540321" lon="4.538419945165515">
        <ele>-6.33</ele>
      </trkpt>
      <trkpt lat="51.986659951508045" lon="4.538479959592223">
        <ele>-6.22</ele>
      </trkpt>
      <trkpt lat="51.98673999868333" lon="4.5385699812322855">
        <ele>-6.09</ele>
      </trkpt>
      <trkpt lat="51.98696999810636" lon="4.538929983973503">
        <ele>-5.96</ele>
      </trkpt>
      <trkpt lat="51.98703998699784" lon="4.5389999728649855">
        <ele>-5.85</ele>
      </trkpt>
      <trkpt lat="51.987239979207516" lon="4.539279928430915">
        <ele>-5.76</ele>
      </trkpt>
      <trkpt lat="51.987329917028546" lon="4.539709920063615">
        <ele>-5.54</ele>
      </trkpt>
      <trkpt lat="51.98746997863054" lon="4.539979984983802">
        <ele>-5.37</ele>
      </trkpt>
      <trkpt lat="51.9875499419868" lon="4.540199926123023">
        <ele>-5.29</ele>
      </trkpt>
      <trkpt lat="51.987734930589795" lon="4.540889924392104">
        <ele>-5.27</ele>
      </trkpt>
      <trkpt lat="51.98791991919279" lon="4.541579922661185">
        <ele>-5.27</ele>
      </trkpt>
      <trkpt lat="51.98806995525956" lon="4.541819980368018">
        <ele>-5.29</ele>
      </trkpt>
      <trkpt lat="51.98808998800814" lon="4.541979990899563">
        <ele>-5.28</ele>
      </trkpt>
      <trkpt lat="51.98818998411298" lon="4.542149975895882">
        <ele>-5.23</ele>
      </trkpt>
      <trkpt lat="51.98827992193401" lon="4.54218995757401">
        <ele>-5.26</ele>
      </trkpt>
      <trkpt lat="51.98872994631529" lon="4.54238492064178">
        <ele>-5.44</ele>
      </trkpt>
      <trkpt lat="51.98917997069657" lon="4.542579967528582">
        <ele>-5.34</ele>
      </trkpt>
      <trkpt lat="51.98961993679404" lon="4.5427799597382545">
        <ele>-5.19</ele>
      </trkpt>
      <trkpt lat="51.989839961752295" lon="4.542829999700189">
        <ele>-4.99</ele>
      </trkpt>
      <trkpt lat="51.99012997560203" lon="4.542859923094511">
        <ele>-4.81</ele>
      </trkpt>
      <trkpt lat="51.990329967811704" lon="4.542939970269799">
        <ele>-4.63</ele>
      </trkpt>
      <trkpt lat="51.9905199855566" lon="4.543089922517538">
        <ele>-4.41</ele>
      </trkpt>
      <trkpt lat="51.990699945017695" lon="4.543359987437725">
        <ele>-4.11</ele>
      </trkpt>
      <trkpt lat="51.99076993390918" lon="4.543529972434044">
        <ele>-3.81</ele>
      </trkpt>
      <trkpt lat="51.990869930014014" lon="4.543849993497133">
        <ele>-3.42</ele>
      </trkpt>
      <trkpt lat="51.99091996997595" lon="4.54448995180428">
        <ele>-3.17</ele>
      </trkpt>
      <trkpt lat="51.99092994444072" lon="4.545559985563159">
        <ele>-2.72</ele>
      </trkpt>
      <trkpt lat="51.99096992611885" lon="4.545759977772832">
        <ele>-2.4</ele>
      </trkpt>
      <trkpt lat="51.99102994054556" lon="4.545949995517731">
        <ele>-2.16</ele>
      </trkpt>
      <trkpt lat="51.99089993722737" lon="4.5460999477654696">
        <ele>-2.05</ele>
      </trkpt>
      <trkpt lat="51.990739926695824" lon="4.546199943870306">
        <ele>-1.97</ele>
      </trkpt>
      <trkpt lat="51.99087998829782" lon="4.54708993434906">
        <ele>-2.01</ele>
      </trkpt>
      <trkpt lat="51.99074998497963" lon="4.547119941562414">
        <ele>-2.04</ele>
      </trkpt>
      <trkpt lat="51.99066993780434" lon="4.547159923240542">
        <ele>-2.14</ele>
      </trkpt>
      <trkpt lat="51.99087998829782" lon="4.5473899226635695">
        <ele>-2.39</ele>
      </trkpt>
      <trkpt lat="51.99087998829782" lon="4.547379948198795">
        <ele>-2.52</ele>
      </trkpt>
      <trkpt lat="51.99066993780434" lon="4.547159923240542">
        <ele>-2.14</ele>
      </trkpt>
      <trkpt lat="51.99115994386375" lon="4.547699969261885">
        <ele>-2.93</ele>
      </trkpt>
      <trkpt lat="51.99141995050013" lon="4.548139935359359">
        <ele>-3.2</ele>
      </trkpt>
      <trkpt lat="51.991794956848025" lon="4.548944933339953">
        <ele>-3.12</ele>
      </trkpt>
      <trkpt lat="51.99216996319592" lon="4.549749931320548">
        <ele>-3.26</ele>
      </trkpt>
      <trkpt lat="51.99216996319592" lon="4.549729982391">
        <ele>-3.33</ele>
      </trkpt>
      <trkpt lat="51.99246995151043" lon="4.550309926271439">
        <ele>-3.48</ele>
      </trkpt>
      <trkpt lat="51.99276993982494" lon="4.550889953970909">
        <ele>-3.42</ele>
      </trkpt>
      <trkpt lat="51.99330998584628" lon="4.551459923386574">
        <ele>-3.29</ele>
      </trkpt>
      <trkpt lat="51.99392597191036" lon="4.552521910518408">
        <ele>-3.33</ele>
      </trkpt>
      <trkpt lat="51.994541957974434" lon="4.553583897650242">
        <ele>-3.55</ele>
      </trkpt>
      <trkpt lat="51.99515802785754" lon="4.554645884782076">
        <ele>-3.16</ele>
      </trkpt>
      <trkpt lat="51.99577401392162" lon="4.55570787191391">
        <ele>-3.05</ele>
      </trkpt>
      <trkpt lat="51.996389999985695" lon="4.556769942864776">
        <ele>-2.92</ele>
      </trkpt>
      <trkpt lat="51.996799958869815" lon="4.557259948924184">
        <ele>-2.74</ele>
      </trkpt>
      <trkpt lat="51.997399935498834" lon="4.557779962196946">
        <ele>-2.7</ele>
      </trkpt>
      <trkpt lat="51.997869992628694" lon="4.558009961619973">
        <ele>-2.5</ele>
      </trkpt>
      <trkpt lat="51.998219937086105" lon="4.55810995772481">
        <ele>-2.25</ele>
      </trkpt>
      <trkpt lat="51.99861992150545" lon="4.5580999832600355">
        <ele>-2.2</ele>
      </trkpt>
      <trkpt lat="51.99901998974383" lon="4.558049943298101">
        <ele>-2.35</ele>
      </trkpt>
      <trkpt lat="51.99934998527169" lon="4.557919939979911">
        <ele>-2.38</ele>
      </trkpt>
      <trkpt lat="51.99966992251575" lon="4.557739980518818">
        <ele>-2.38</ele>
      </trkpt>
      <trkpt lat="52.00000997632742" lon="4.557489948347211">
        <ele>-2.58</ele>
      </trkpt>
      <trkpt lat="52.0003199391067" lon="4.5571699272841215">
        <ele>-2.76</ele>
      </trkpt>
      <trkpt lat="52.000409960746765" lon="4.557089963927865">
        <ele>-2.77</ele>
      </trkpt>
      <trkpt lat="52.00084992684424" lon="4.556549917906523">
        <ele>-2.79</ele>
      </trkpt>
      <trkpt lat="52.00132492929697" lon="4.555809963494539">
        <ele>-2.56</ele>
      </trkpt>
      <trkpt lat="52.0017999317497" lon="4.555069925263524">
        <ele>-2.8</ele>
      </trkpt>
      <trkpt lat="52.00185994617641" lon="4.554899940267205">
        <ele>-2.72</ele>
      </trkpt>
      <trkpt lat="52.00185994617641" lon="4.554799944162369">
        <ele>-2.64</ele>
      </trkpt>
      <trkpt lat="52.00189992785454" lon="4.554749988019466">
        <ele>-2.56</ele>
      </trkpt>
      <trkpt lat="52.002039989456534" lon="4.554659966379404">
        <ele>-2.47</ele>
      </trkpt>
      <trkpt lat="52.00215993449092" lon="4.55464999191463">
        <ele>-2.35</ele>
      </trkpt>
      <trkpt lat="52.00232991948724" lon="4.554689973592758">
        <ele>-2.19</ele>
      </trkpt>
      <trkpt lat="52.002449948340654" lon="4.554789969697595">
        <ele>-2.19</ele>
      </trkpt>
      <trkpt lat="52.00310993939638" lon="4.555699992924929">
        <ele>-2.22</ele>
      </trkpt>
      <trkpt lat="52.003779988735914" lon="4.556669946759939">
        <ele>-2.23</ele>
      </trkpt>
      <trkpt lat="52.00413496233523" lon="4.55724997445941">
        <ele>-2.37</ele>
      </trkpt>
      <trkpt lat="52.004489935934544" lon="4.5578299183398485">
        <ele>-2.23</ele>
      </trkpt>
      <trkpt lat="52.004489935934544" lon="4.557819943875074">
        <ele>-2.3</ele>
      </trkpt>
      <trkpt lat="52.00484993867576" lon="4.558409946039319">
        <ele>-2.3</ele>
      </trkpt>
      <trkpt lat="52.00520994141698" lon="4.558999948203564">
        <ele>-2.65</ele>
      </trkpt>
      <trkpt lat="52.005609925836325" lon="4.5600799564272165">
        <ele>-2.7</ele>
      </trkpt>
      <trkpt lat="52.0060099940747" lon="4.561159964650869">
        <ele>-3.0</ele>
      </trkpt>
      <trkpt lat="52.00606992468238" lon="4.561239928007126">
        <ele>-3.12</ele>
      </trkpt>
      <trkpt lat="52.00615994632244" lon="4.561459952965379">
        <ele>-3.24</ele>
      </trkpt>
      <trkpt lat="52.00615994632244" lon="4.561449978500605">
        <ele>-3.26</ele>
      </trkpt>
      <trkpt lat="52.006379971280694" lon="4.562119944021106">
        <ele>-3.07</ele>
      </trkpt>
      <trkpt lat="52.006449960172176" lon="4.562249947339296">
        <ele>-2.97</ele>
      </trkpt>
      <trkpt lat="52.00698992237449" lon="4.56169992685318">
        <ele>-2.95</ele>
      </trkpt>
      <trkpt lat="52.006639977917075" lon="4.560799961909652">
        <ele>-2.86</ele>
      </trkpt>
      <trkpt lat="52.00670996680856" lon="4.5607399474829435">
        <ele>-2.8</ele>
      </trkpt>
      <trkpt lat="52.00718999840319" lon="4.5605299808084965">
        <ele>-2.74</ele>
      </trkpt>
      <trkpt lat="52.00737993232906" lon="4.560459991917014">
        <ele>-2.66</ele>
      </trkpt>
      <trkpt lat="52.00784998945892" lon="4.560309955850244">
        <ele>-2.51</ele>
      </trkpt>
      <trkpt lat="52.008099937811494" lon="4.560289923101664">
        <ele>-2.34</ele>
      </trkpt>
      <trkpt lat="52.00891331769526" lon="4.5599766075611115">
        <ele>-2.39</ele>
      </trkpt>
      <trkpt lat="52.009726613759995" lon="4.559663292020559">
        <ele>-2.34</ele>
      </trkpt>
      <trkpt lat="52.01053999364376" lon="4.559349976480007">
        <ele>-2.26</ele>
      </trkpt>
      <trkpt lat="52.01053999364376" lon="4.559359950944781">
        <ele>-2.23</ele>
      </trkpt>
      <trkpt lat="52.01088993810117" lon="4.559229947626591">
        <ele>-2.25</ele>
      </trkpt>
      <trkpt lat="52.0115499291569" lon="4.559079995378852">
        <ele>-2.1</ele>
      </trkpt>
      <trkpt lat="52.01182996854186" lon="4.55898997373879">
        <ele>-2.13</ele>
      </trkpt>
      <trkpt lat="52.011989979073405" lon="4.558899952098727">
        <ele>-2.2</ele>
      </trkpt>
      <trkpt lat="52.012159964069724" lon="4.5587599743157625">
        <ele>-2.29</ele>
      </trkpt>
      <trkpt lat="52.012249985709786" lon="4.5585099421441555">
        <ele>-2.39</ele>
      </trkpt>
      <trkpt lat="52.01230991631746" lon="4.558309949934483">
        <ele>-2.51</ele>
      </trkpt>
      <trkpt lat="52.01240999624133" lon="4.558169972151518">
        <ele>-2.65</ele>
      </trkpt>
      <trkpt lat="52.012549974024296" lon="4.55808992497623">
        <ele>-2.78</ele>
      </trkpt>
      <trkpt lat="52.01272993348539" lon="4.558029994368553">
        <ele>-2.89</ele>
      </trkpt>
      <trkpt lat="52.01309999451041" lon="4.557989928871393">
        <ele>-2.91</ele>
      </trkpt>
      <trkpt lat="52.01373995281756" lon="4.55812999047339">
        <ele>-2.92</ele>
      </trkpt>
      <trkpt lat="52.013969952240586" lon="4.558159997686744">
        <ele>-2.96</ele>
      </trkpt>
      <trkpt lat="52.01422995887697" lon="4.558149939402938">
        <ele>-2.99</ele>
      </trkpt>
      <trkpt lat="52.01506747864187" lon="4.558007447049022">
        <ele>-2.92</ele>
      </trkpt>
      <trkpt lat="52.01590499840677" lon="4.5578649546951056">
        <ele>-2.86</ele>
      </trkpt>
      <trkpt lat="52.016742434352636" lon="4.557722462341189">
        <ele>-2.83</ele>
      </trkpt>
      <trkpt lat="52.01757995411754" lon="4.557579969987273">
        <ele>-2.95</ele>
      </trkpt>
      <trkpt lat="52.01788991689682" lon="4.557609977200627">
        <ele>-3.1</ele>
      </trkpt>
      <trkpt lat="52.018593326210976" lon="4.557906612753868">
        <ele>-3.44</ele>
      </trkpt>
      <trkpt lat="52.0192966517061" lon="4.558203248307109">
        <ele>-3.39</ele>
      </trkpt>
      <trkpt lat="52.01999997720122" lon="4.558499967679381">
        <ele>-3.38</ele>
      </trkpt>
      <trkpt lat="52.020199969410896" lon="4.55853994935751">
        <ele>-3.37</ele>
      </trkpt>
      <trkpt lat="52.020349921658635" lon="4.558569956570864">
        <ele>-3.25</ele>
      </trkpt>
      <trkpt lat="52.02071998268366" lon="4.558589989319444">
        <ele>-2.97</ele>
      </trkpt>
      <trkpt lat="52.02118995599449" lon="4.558729967102408">
        <ele>-2.69</ele>
      </trkpt>
      <trkpt lat="52.0213099848479" lon="4.558719992637634">
        <ele>-2.55</ele>
      </trkpt>
      <trkpt lat="52.02207994647324" lon="4.558449927717447">
        <ele>-2.52</ele>
      </trkpt>
      <trkpt lat="52.022879999130964" lon="4.558405000716448">
        <ele>-2.85</ele>
      </trkpt>
      <trkpt lat="52.023679967969656" lon="4.558359989896417">
        <ele>-2.36</ele>
      </trkpt>
      <trkpt lat="52.02385992743075" lon="4.558449927717447">
        <ele>-2.2</ele>
      </trkpt>
      <trkpt lat="52.02443995513022" lon="4.558829963207245">
        <ele>-2.06</ele>
      </trkpt>
      <trkpt lat="52.024729968979955" lon="4.55896994099021">
        <ele>-1.89</ele>
      </trkpt>
      <trkpt lat="52.0251299533993" lon="4.559019980952144">
        <ele>-1.64</ele>
      </trkpt>
      <trkpt lat="52.02583998441696" lon="4.559009922668338">
        <ele>-1.48</ele>
      </trkpt>
      <trkpt lat="52.02654993161559" lon="4.558999948203564">
        <ele>-1.31</ele>
      </trkpt>
      <trkpt lat="52.02681999653578" lon="4.559089969843626">
        <ele>-1.07</ele>
      </trkpt>
      <trkpt lat="52.027159966528416" lon="4.559109918773174">
        <ele>-0.99</ele>
      </trkpt>
      <trkpt lat="52.02737999148667" lon="4.559059962630272">
        <ele>-0.87</ele>
      </trkpt>
      <trkpt lat="52.0278499647975" lon="4.558914955705404">
        <ele>-0.73</ele>
      </trkpt>
      <trkpt lat="52.028319938108325" lon="4.558769948780537">
        <ele>-0.43</ele>
      </trkpt>
      <trkpt lat="52.028769962489605" lon="4.558709934353828">
        <ele>-0.13</ele>
      </trkpt>
      <trkpt lat="52.02892997302115" lon="4.5587399415671825">
        <ele>-0.06</ele>
      </trkpt>
      <trkpt lat="52.02922996133566" lon="4.558869944885373">
        <ele>-0.05</ele>
      </trkpt>
      <trkpt lat="52.029864974319935" lon="4.559164987877011">
        <ele>-0.2</ele>
      </trkpt>
      <trkpt lat="52.03049998730421" lon="4.559459947049618">
        <ele>-0.28</ele>
      </trkpt>
      <trkpt lat="52.03057995066047" lon="4.559449972584844">
        <ele>-0.42</ele>
      </trkpt>
      <trkpt lat="52.030639965087175" lon="4.559369925409555">
        <ele>-0.6</ele>
      </trkpt>
      <trkpt lat="52.03085999004543" lon="4.558514971286058">
        <ele>-0.85</ele>
      </trkpt>
      <trkpt lat="52.03107993118465" lon="4.55765993334353">
        <ele>-1.53</ele>
      </trkpt>
      <trkpt lat="52.03138427808881" lon="4.556459980085492">
        <ele>-1.86</ele>
      </trkpt>
      <trkpt lat="52.03168862499297" lon="4.555260026827455">
        <ele>-2.01</ele>
      </trkpt>
      <trkpt lat="52.03199288807809" lon="4.554060073569417">
        <ele>-2.34</ele>
      </trkpt>
      <trkpt lat="52.03229715116322" lon="4.552860036492348">
        <ele>-2.51</ele>
      </trkpt>
      <trkpt lat="52.03260141424835" lon="4.551659999415278">
        <ele>-2.82</ele>
      </trkpt>
      <trkpt lat="52.032905677333474" lon="4.550460046157241">
        <ele>-2.85</ele>
      </trkpt>
      <trkpt lat="52.0332099404186" lon="4.54925992526114">
        <ele>-3.1</ele>
      </trkpt>
      <trkpt lat="52.033492494374514" lon="4.548129960894585">
        <ele>-3.13</ele>
      </trkpt>
      <trkpt lat="52.033774964511395" lon="4.546999996528029">
        <ele>-2.88</ele>
      </trkpt>
      <trkpt lat="52.034057434648275" lon="4.5458699483424425">
        <ele>-2.7</ele>
      </trkpt>
      <trkpt lat="52.03433998860419" lon="4.544739983975887">
        <ele>-2.59</ele>
      </trkpt>
      <trkpt lat="52.03458993695676" lon="4.543699957430363">
        <ele>-2.53</ele>
      </trkpt>
      <trkpt lat="52.03483996912837" lon="4.542659930884838">
        <ele>-2.44</ele>
      </trkpt>
      <trkpt lat="52.035089917480946" lon="4.541619988158345">
        <ele>-2.13</ele>
      </trkpt>
      <trkpt lat="52.035189997404814" lon="4.541059993207455">
        <ele>-2.03</ele>
      </trkpt>
      <trkpt lat="52.03515999019146" lon="4.54089998267591">
        <ele>-2.04</ele>
      </trkpt>
      <trkpt lat="52.035169964656234" lon="4.540819935500622">
        <ele>-2.02</ele>
      </trkpt>
      <trkpt lat="52.035409938544035" lon="4.539719978347421">
        <ele>-2.07</ele>
      </trkpt>
      <trkpt lat="52.03618995845318" lon="4.539929945021868">
        <ele>-1.77</ele>
      </trkpt>
      <trkpt lat="52.03696997836232" lon="4.5401399955153465">
        <ele>-2.28</ele>
      </trkpt>
      <trkpt lat="52.037149937823415" lon="4.5401399955153465">
        <ele>-2.47</ele>
      </trkpt>
      <trkpt lat="52.03723995946348" lon="4.540059948340058">
        <ele>-2.65</ele>
      </trkpt>
      <trkpt lat="52.037299973890185" lon="4.540009992197156">
        <ele>-2.85</ele>
      </trkpt>
      <trkpt lat="52.03737993724644" lon="4.53999993391335">
        <ele>-3.07</ele>
      </trkpt>
      <trkpt lat="52.037429977208376" lon="4.540029941126704">
        <ele>-3.29</ele>
      </trkpt>
      <trkpt lat="52.03788997605443" lon="4.540609968826175">
        <ele>-3.59</ele>
      </trkpt>
      <trkpt lat="52.03798997215927" lon="4.540689932182431">
        <ele>-3.83</ele>
      </trkpt>
      <trkpt lat="52.03852993436158" lon="4.540874920785427">
        <ele>-4.11</ele>
      </trkpt>
      <trkpt lat="52.03906998038292" lon="4.541059993207455">
        <ele>-4.09</ele>
      </trkpt>
      <trkpt lat="52.039209958165884" lon="4.541049934923649">
        <ele>-4.21</ele>
      </trkpt>
      <trkpt lat="52.039664927870035" lon="4.540689932182431">
        <ele>-4.3</ele>
      </trkpt>
      <trkpt lat="52.04011998139322" lon="4.540329929441214">
        <ele>-4.31</ele>
      </trkpt>
      <trkpt lat="52.04033992253244" lon="4.540129937231541">
        <ele>-4.4</ele>
      </trkpt>
      <trkpt lat="52.04054997302592" lon="4.53999993391335">
        <ele>-4.5</ele>
      </trkpt>
      <trkpt lat="52.040649969130754" lon="4.5400699228048325">
        <ele>-4.55</ele>
      </trkpt>
      <trkpt lat="52.04082992859185" lon="4.539939919486642">
        <ele>-4.55</ele>
      </trkpt>
      <trkpt lat="52.040909975767136" lon="4.539859956130385">
        <ele>-4.51</ele>
      </trkpt>
      <trkpt lat="52.04106998629868" lon="4.539579916745424">
        <ele>-4.4</ele>
      </trkpt>
      <trkpt lat="52.041239971295" lon="4.5394099317491055">
        <ele>-4.27</ele>
      </trkpt>
      <trkpt lat="52.041509952396154" lon="4.539419990032911">
        <ele>-4.18</ele>
      </trkpt>
      <trkpt lat="52.04194991849363" lon="4.5396799966692924">
        <ele>-4.05</ele>
      </trkpt>
      <trkpt lat="52.042349986732006" lon="4.5398899633437395">
        <ele>-3.91</ele>
      </trkpt>
      <trkpt lat="52.04243992455304" lon="4.540129937231541">
        <ele>-3.84</ele>
      </trkpt>
      <trkpt lat="52.04254997894168" lon="4.540709964931011">
        <ele>-3.82</ele>
      </trkpt>
      <trkpt lat="52.04256992787123" lon="4.541069967672229">
        <ele>-3.73</ele>
      </trkpt>
      <trkpt lat="52.042719963938" lon="4.541789973154664">
        <ele>-3.68</ele>
      </trkpt>
      <trkpt lat="52.042719963938" lon="4.54177999868989">
        <ele>-3.59</ele>
      </trkpt>
      <trkpt lat="52.04280998557806" lon="4.542229939252138">
        <ele>-3.45</ele>
      </trkpt>
      <trkpt lat="52.04291995614767" lon="4.542519953101873">
        <ele>-3.29</ele>
      </trkpt>
      <trkpt lat="52.043079966679215" lon="4.542739978060126">
        <ele>-3.22</ele>
      </trkpt>
      <trkpt lat="52.043229918926954" lon="4.542889930307865">
        <ele>-3.18</ele>
      </trkpt>
      <trkpt lat="52.04396995715797" lon="4.5431799441576">
        <ele>-3.17</ele>
      </trkpt>
      <trkpt lat="52.04467998817563" lon="4.543419918045402">
        <ele>-2.94</ele>
      </trkpt>
      <trkpt lat="52.04553997144103" lon="4.543749997392297">
        <ele>-3.13</ele>
      </trkpt>
      <trkpt lat="52.045659916475415" lon="4.543849993497133">
        <ele>-3.14</ele>
      </trkpt>
      <trkpt lat="52.045869966968894" lon="4.54392995685339">
        <ele>-3.3</ele>
      </trkpt>
      <trkpt lat="52.04604992642999" lon="4.543969938531518">
        <ele>-3.44</ele>
      </trkpt>
      <trkpt lat="52.04634999856353" lon="4.544129949063063">
        <ele>-3.51</ele>
      </trkpt>
      <trkpt lat="52.04649995081127" lon="4.544239919632673">
        <ele>-3.55</ele>
      </trkpt>
      <trkpt lat="52.0465999469161" lon="4.544289959594607">
        <ele>-3.58</ele>
      </trkpt>
      <trkpt lat="52.04661997966468" lon="4.544399930164218">
        <ele>-3.59</ele>
      </trkpt>
      <trkpt lat="52.04671997576952" lon="4.544499926269054">
        <ele>-3.56</ele>
      </trkpt>
      <trkpt lat="52.047009989619255" lon="4.544689944013953">
        <ele>-3.51</ele>
      </trkpt>
      <trkpt lat="52.04746998846531" lon="4.54491994343698">
        <ele>-3.46</ele>
      </trkpt>
      <trkpt lat="52.0480299834162" lon="4.5452832989394665">
        <ele>-3.32</ele>
      </trkpt>
      <trkpt lat="52.04858997836709" lon="4.545646654441953">
        <ele>-3.03</ele>
      </trkpt>
      <trkpt lat="52.04914997331798" lon="4.546009926125407">
        <ele>-2.92</ele>
      </trkpt>
      <trkpt lat="52.049524979665875" lon="4.546469924971461">
        <ele>-2.71</ele>
      </trkpt>
      <trkpt lat="52.04989998601377" lon="4.546929923817515">
        <ele>-2.58</ele>
      </trkpt>
      <trkpt lat="52.050169967114925" lon="4.5472299959510565">
        <ele>-2.44</ele>
      </trkpt>
      <trkpt lat="52.05053994432092" lon="4.547589998692274">
        <ele>-2.44</ele>
      </trkpt>
      <trkpt lat="52.05090992152691" lon="4.547839947044849">
        <ele>-2.26</ele>
      </trkpt>
      <trkpt lat="52.051589945331216" lon="4.548249989748001">
        <ele>-2.13</ele>
      </trkpt>
      <trkpt lat="52.05204994417727" lon="4.548489963635802">
        <ele>-1.91</ele>
      </trkpt>
      <trkpt lat="52.052039969712496" lon="4.548489963635802">
        <ele>-1.83</ele>
      </trkpt>
      <trkpt lat="52.05240994691849" lon="4.548669923096895">
        <ele>-2.01</ele>
      </trkpt>
      <trkpt lat="52.05320497043431" lon="4.5489949733018875">
        <ele>-1.78</ele>
      </trkpt>
      <trkpt lat="52.05399999395013" lon="4.549319939687848">
        <ele>-1.69</ele>
      </trkpt>
      <trkpt lat="52.05410996451974" lon="4.5493899285793304">
        <ele>-1.73</ele>
      </trkpt>
      <trkpt lat="52.054269975051284" lon="4.549529990181327">
        <ele>-1.83</ele>
      </trkpt>
      <trkpt lat="52.05445999279618" lon="4.549659993499517">
        <ele>-2.07</ele>
      </trkpt>
      <trkpt lat="52.05488998442888" lon="4.550029970705509">
        <ele>-2.32</ele>
      </trkpt>
      <trkpt lat="52.055519968271255" lon="4.550707899034023">
        <ele>-2.48</ele>
      </trkpt>
      <trkpt lat="52.05614995211363" lon="4.551385911181569">
        <ele>-2.87</ele>
      </trkpt>
      <trkpt lat="52.056779935956" lon="4.552063923329115">
        <ele>-3.1</ele>
      </trkpt>
      <trkpt lat="52.057410003617406" lon="4.552741935476661">
        <ele>-3.19</ele>
      </trkpt>
      <trkpt lat="52.05803998745978" lon="4.5534199476242065">
        <ele>-3.44</ele>
      </trkpt>
      <trkpt lat="52.058249954134226" lon="4.553699987009168">
        <ele>-3.55</ele>
      </trkpt>
      <trkpt lat="52.05876996740699" lon="4.554507918655872">
        <ele>-3.51</ele>
      </trkpt>
      <trkpt lat="52.05928998067975" lon="4.555315934121609">
        <ele>-3.47</ele>
      </trkpt>
      <trkpt lat="52.05980999395251" lon="4.556123865768313">
        <ele>-3.48</ele>
      </trkpt>
      <trkpt lat="52.060330007225275" lon="4.55693188123405">
        <ele>-3.25</ele>
      </trkpt>
      <trkpt lat="52.060849936679006" lon="4.557739980518818">
        <ele>-2.98</ele>
      </trkpt>
      <trkpt lat="52.061279928311706" lon="4.556699953973293">
        <ele>-2.83</ele>
      </trkpt>
      <trkpt lat="52.06177999265492" lon="4.557489948347211">
        <ele>-2.7</ele>
      </trkpt>
      <trkpt lat="52.06186993047595" lon="4.55769999884069">
        <ele>-2.4</ele>
      </trkpt>
      <trkpt lat="52.06188996322453" lon="4.557969979941845">
        <ele>-2.14</ele>
      </trkpt>
      <trkpt lat="52.06177999265492" lon="4.558389997109771">
        <ele>-1.81</ele>
      </trkpt>
      <trkpt lat="52.06158997491002" lon="4.55898997373879">
        <ele>-1.35</ele>
      </trkpt>
      <trkpt lat="52.06151998601854" lon="4.559289962053299">
        <ele>-1.16</ele>
      </trkpt>
      <trkpt lat="52.06151998601854" lon="4.5596699975430965">
        <ele>-1.26</ele>
      </trkpt>
      <trkpt lat="52.06151998601854" lon="4.559679972007871">
        <ele>-1.28</ele>
      </trkpt>
      <trkpt lat="52.06151998601854" lon="4.560289923101664">
        <ele>-1.67</ele>
      </trkpt>
      <trkpt lat="52.061449997127056" lon="4.56042998470366">
        <ele>-1.84</ele>
      </trkpt>
      <trkpt lat="52.06120993942022" lon="4.560589995235205">
        <ele>-1.94</ele>
      </trkpt>
      <trkpt lat="52.060929983854294" lon="4.560689991340041">
        <ele>-2.05</ele>
      </trkpt>
      <trkpt lat="52.06057995557785" lon="4.56085997633636">
        <ele>-2.2</ele>
      </trkpt>
      <trkpt lat="52.06050996668637" lon="4.5609399396926165">
        <ele>-2.38</ele>
      </trkpt>
      <trkpt lat="52.06002331338823" lon="4.561996646225452">
        <ele>-2.8</ele>
      </trkpt>
      <trkpt lat="52.05953666009009" lon="4.563053352758288">
        <ele>-2.87</ele>
      </trkpt>
      <trkpt lat="52.05904992297292" lon="4.564109975472093">
        <ele>-3.17</ele>
      </trkpt>
      <trkpt lat="52.059019999578595" lon="4.564229920506477">
        <ele>-3.34</ele>
      </trkpt>
      <trkpt lat="52.05902997404337" lon="4.564459919929504">
        <ele>-3.48</ele>
      </trkpt>
      <trkpt lat="52.05919995903969" lon="4.5654199831187725">
        <ele>-3.66</ele>
      </trkpt>
      <trkpt lat="52.05942333675921" lon="4.56682663410902">
        <ele>-3.6</ele>
      </trkpt>
      <trkpt lat="52.0596466306597" lon="4.568233285099268">
        <ele>-3.82</ele>
      </trkpt>
      <trkpt lat="52.05986992456019" lon="4.569639936089516">
        <ele>-3.78</ele>
      </trkpt>
      <trkpt lat="52.060094978660345" lon="4.571029990911484">
        <ele>-3.89</ele>
      </trkpt>
      <trkpt lat="52.06031994894147" lon="4.57241996191442">
        <ele>-3.93</ele>
      </trkpt>
      <trkpt lat="52.0605600066483" lon="4.573714965954423">
        <ele>-3.79</ele>
      </trkpt>
      <trkpt lat="52.0607999805361" lon="4.575009969994426">
        <ele>-4.0</ele>
      </trkpt>
      <trkpt lat="52.06096996553242" lon="4.575619921088219">
        <ele>-4.03</ele>
      </trkpt>
      <trkpt lat="52.061019921675324" lon="4.575969949364662">
        <ele>-4.07</ele>
      </trkpt>
      <trkpt lat="52.060999972745776" lon="4.576319977641106">
        <ele>-4.1</ele>
      </trkpt>
      <trkpt lat="52.06091992557049" lon="4.57690997980535">
        <ele>-4.13</ele>
      </trkpt>
      <trkpt lat="52.060909951105714" lon="4.577239975333214">
        <ele>-4.16</ele>
      </trkpt>
      <trkpt lat="52.061039954423904" lon="4.57821998745203">
        <ele>-4.2</ele>
      </trkpt>
      <trkpt lat="52.061235001310706" lon="4.57950996235013">
        <ele>-4.24</ele>
      </trkpt>
      <trkpt lat="52.061429964378476" lon="4.58079993724823">
        <ele>-4.3</ele>
      </trkpt>
      <trkpt lat="52.06162501126528" lon="4.58208991214633">
        <ele>-4.36</ele>
      </trkpt>
      <trkpt lat="52.06181997433305" lon="4.5833799708634615">
        <ele>-4.45</ele>
      </trkpt>
      <trkpt lat="52.06200999207795" lon="4.584169965237379">
        <ele>-4.34</ele>
      </trkpt>
      <trkpt lat="52.06207998096943" lon="4.584529967978597">
        <ele>-4.36</ele>
      </trkpt>
      <trkpt lat="52.06213999539614" lon="4.585489947348833">
        <ele>-4.54</ele>
      </trkpt>
      <trkpt lat="52.06222993321717" lon="4.586159996688366">
        <ele>-4.57</ele>
      </trkpt>
      <trkpt lat="52.062426656484604" lon="4.587509986013174">
        <ele>-4.68</ele>
      </trkpt>
      <trkpt lat="52.06262329593301" lon="4.588859975337982">
        <ele>-4.61</ele>
      </trkpt>
      <trkpt lat="52.06281993538141" lon="4.59020996466279">
        <ele>-4.55</ele>
      </trkpt>
      <trkpt lat="52.06298246048391" lon="4.591274969279766">
        <ele>-4.66</ele>
      </trkpt>
      <trkpt lat="52.063144985586405" lon="4.592339973896742">
        <ele>-4.51</ele>
      </trkpt>
      <trkpt lat="52.0633075106889" lon="4.593404978513718">
        <ele>-4.3</ele>
      </trkpt>
      <trkpt lat="52.063469951972365" lon="4.594469983130693">
        <ele>-4.3</ele>
      </trkpt>
      <trkpt lat="52.06367572769523" lon="4.595807064324617">
        <ele>-4.2</ele>
      </trkpt>
      <trkpt lat="52.06388150341809" lon="4.597144145518541">
        <ele>-4.15</ele>
      </trkpt>
      <trkpt lat="52.06408719532192" lon="4.598481310531497">
        <ele>-4.07</ele>
      </trkpt>
      <trkpt lat="52.06429288722575" lon="4.599818475544453">
        <ele>-4.0</ele>
      </trkpt>
      <trkpt lat="52.06449857912958" lon="4.601155640557408">
        <ele>-3.99</ele>
      </trkpt>
      <trkpt lat="52.064704271033406" lon="4.602492805570364">
        <ele>-3.82</ele>
      </trkpt>
      <trkpt lat="52.064909962937236" lon="4.60382997058332">
        <ele>-3.86</ele>
      </trkpt>
      <trkpt lat="52.0651033334434" lon="4.604993294924498">
        <ele>-3.82</ele>
      </trkpt>
      <trkpt lat="52.06529662013054" lon="4.6061566192656755">
        <ele>-3.89</ele>
      </trkpt>
      <trkpt lat="52.065489990636706" lon="4.6073199436068535">
        <ele>-3.78</ele>
      </trkpt>
      <trkpt lat="52.06545998342335" lon="4.607429997995496">
        <ele>-3.73</ele>
      </trkpt>
      <trkpt lat="52.065489990636706" lon="4.607689920812845">
        <ele>-3.7</ele>
      </trkpt>
      <trkpt lat="52.065469957888126" lon="4.60786996409297">
        <ele>-3.67</ele>
      </trkpt>
      <trkpt lat="52.06538999453187" lon="4.608009941875935">
        <ele>-3.58</ele>
      </trkpt>
      <trkpt lat="52.06528999842703" lon="4.608059981837869">
        <ele>-3.57</ele>
      </trkpt>
      <trkpt lat="52.06459991633892" lon="4.608149919658899">
        <ele>-3.59</ele>
      </trkpt>
      <trkpt lat="52.06458994187415" lon="4.608149919658899">
        <ele>-3.63</ele>
      </trkpt>
      <trkpt lat="52.06387999467552" lon="4.608254944905639">
        <ele>-3.86</ele>
      </trkpt>
      <trkpt lat="52.063169963657856" lon="4.608359970152378">
        <ele>-3.9</ele>
      </trkpt>
      <trkpt lat="52.062909957021475" lon="4.608339937403798">
        <ele>-3.87</ele>
      </trkpt>
      <trkpt lat="52.062459932640195" lon="4.608249915763736">
        <ele>-3.84</ele>
      </trkpt>
      <trkpt lat="52.06200999207795" lon="4.608159977942705">
        <ele>-3.88</ele>
      </trkpt>
      <trkpt lat="52.06125830300152" lon="4.608058305457234">
        <ele>-4.1</ele>
      </trkpt>
      <trkpt lat="52.0605066139251" lon="4.607956632971764">
        <ele>-4.33</ele>
      </trkpt>
      <trkpt lat="52.059754924848676" lon="4.607854960486293">
        <ele>-4.26</ele>
      </trkpt>
      <trkpt lat="52.059003319591284" lon="4.607753288000822">
        <ele>-4.33</ele>
      </trkpt>
      <trkpt lat="52.05825163051486" lon="4.607651615515351">
        <ele>-4.45</ele>
      </trkpt>
      <trkpt lat="52.05749994143844" lon="4.6075499430298805">
        <ele>-4.4</ele>
      </trkpt>
      <trkpt lat="52.05689996480942" lon="4.60741993971169">
        <ele>-4.46</ele>
      </trkpt>
      <trkpt lat="52.05629328265786" lon="4.60717661306262">
        <ele>-4.51</ele>
      </trkpt>
      <trkpt lat="52.055686600506306" lon="4.60693328641355">
        <ele>-4.53</ele>
      </trkpt>
      <trkpt lat="52.05507991835475" lon="4.606689959764481">
        <ele>-4.45</ele>
      </trkpt>
      <trkpt lat="52.05425991676748" lon="4.606379913166165">
        <ele>-4.4</ele>
      </trkpt>
      <trkpt lat="52.05343999899924" lon="4.606069950386882">
        <ele>-4.37</ele>
      </trkpt>
      <trkpt lat="52.05260993912816" lon="4.605874987319112">
        <ele>-4.32</ele>
      </trkpt>
      <trkpt lat="52.051779963076115" lon="4.60567994043231">
        <ele>-4.35</ele>
      </trkpt>
      <trkpt lat="52.051139920949936" lon="4.605559995397925">
        <ele>-4.15</ele>
      </trkpt>
      <trkpt lat="52.05049996264279" lon="4.605439966544509">
        <ele>-4.16</ele>
      </trkpt>
      <trkpt lat="52.050469955429435" lon="4.605439966544509">
        <ele>-4.07</ele>
      </trkpt>
      <trkpt lat="52.05041999928653" lon="4.605459999293089">
        <ele>-3.97</ele>
      </trkpt>
      <trkpt lat="52.050339952111244" lon="4.6055699698626995">
        <ele>-3.89</ele>
      </trkpt>
      <trkpt lat="52.04977492801845" lon="4.606609996408224">
        <ele>-4.01</ele>
      </trkpt>
      <trkpt lat="52.04920998774469" lon="4.607649939134717">
        <ele>-3.71</ele>
      </trkpt>
      <trkpt lat="52.04905995167792" lon="4.608039949089289">
        <ele>-3.52</ele>
      </trkpt>
      <trkpt lat="52.04897998832166" lon="4.608699940145016">
        <ele>-3.44</ele>
      </trkpt>
      <trkpt lat="52.04906992614269" lon="4.608959946781397">
        <ele>-3.36</ele>
      </trkpt>
      <trkpt lat="52.04899993725121" lon="4.609699985012412">
        <ele>-3.37</ele>
      </trkpt>
      <trkpt lat="52.048899941146374" lon="4.610099969431758">
        <ele>-3.29</ele>
      </trkpt>
      <trkpt lat="52.04879994504154" lon="4.6111199632287025">
        <ele>-3.32</ele>
      </trkpt>
      <trkpt lat="52.04876993782818" lon="4.611189952120185">
        <ele>-3.35</ele>
      </trkpt>
      <trkpt lat="52.0486999489367" lon="4.611189952120185">
        <ele>-3.43</ele>
      </trkpt>
      <trkpt lat="52.0484599750489" lon="4.611039999872446">
        <ele>-3.56</ele>
      </trkpt>
      <trkpt lat="52.048319997265935" lon="4.611009992659092">
        <ele>-3.75</ele>
      </trkpt>
      <trkpt lat="52.04820994287729" lon="4.611059948801994">
        <ele>-3.95</ele>
      </trkpt>
      <trkpt lat="52.04817993566394" lon="4.610939919948578">
        <ele>-4.14</ele>
      </trkpt>
      <trkpt lat="52.04811992123723" lon="4.6108699310570955">
        <ele>-4.33</ele>
      </trkpt>
      <trkpt lat="52.04736999236047" lon="4.610629957169294">
        <ele>-4.52</ele>
      </trkpt>
      <trkpt lat="52.04661997966468" lon="4.610389983281493">
        <ele>-4.91</ele>
      </trkpt>
      <trkpt lat="52.04649995081127" lon="4.610319994390011">
        <ele>-5.08</ele>
      </trkpt>
      <trkpt lat="52.046409929171205" lon="4.6102099400013685">
        <ele>-5.23</ele>
      </trkpt>
      <trkpt lat="52.046319991350174" lon="4.61005998775363">
        <ele>-5.35</ele>
      </trkpt>
      <trkpt lat="52.04624991863966" lon="4.609849937260151">
        <ele>-5.49</ele>
      </trkpt>
      <trkpt lat="52.046129973605275" lon="4.608649984002113">
        <ele>-5.4</ele>
      </trkpt>
      <trkpt lat="52.04600994475186" lon="4.607449946925044">
        <ele>-5.43</ele>
      </trkpt>
      <trkpt lat="52.045889999717474" lon="4.6062499936670065">
        <ele>-5.57</ele>
      </trkpt>
      <trkpt lat="52.04555992037058" lon="4.606784926727414">
        <ele>-5.37</ele>
      </trkpt>
      <trkpt lat="52.045229924842715" lon="4.6073199436068535">
        <ele>-5.35</ele>
      </trkpt>
      <trkpt lat="52.04461494460702" lon="4.608359970152378">
        <ele>-5.53</ele>
      </trkpt>
      <trkpt lat="52.043999964371324" lon="4.609399996697903">
        <ele>-5.42</ele>
      </trkpt>
      <trkpt lat="52.043509958311915" lon="4.6101949363946915">
        <ele>-5.41</ele>
      </trkpt>
      <trkpt lat="52.04301995225251" lon="4.610989959910512">
        <ele>-5.39</ele>
      </trkpt>
      <trkpt lat="52.04301995225251" lon="4.610999934375286">
        <ele>-5.38</ele>
      </trkpt>
      <trkpt lat="52.04241327010095" lon="4.6119999792426825">
        <ele>-5.3</ele>
      </trkpt>
      <trkpt lat="52.04180667176843" lon="4.613000024110079">
        <ele>-5.45</ele>
      </trkpt>
      <trkpt lat="52.04119998961687" lon="4.6139999851584435">
        <ele>-5.27</ele>
      </trkpt>
      <trkpt lat="52.04069992527366" lon="4.6147966012358665">
        <ele>-5.31</ele>
      </trkpt>
      <trkpt lat="52.040199944749475" lon="4.615593301132321">
        <ele>-5.44</ele>
      </trkpt>
      <trkpt lat="52.03969996422529" lon="4.6163899172097445">
        <ele>-5.28</ele>
      </trkpt>
      <trkpt lat="52.03909998759627" lon="4.617393314838409">
        <ele>-5.2</ele>
      </trkpt>
      <trkpt lat="52.03849992714822" lon="4.618396628648043">
        <ele>-5.15</ele>
      </trkpt>
      <trkpt lat="52.037899950519204" lon="4.619399942457676">
        <ele>-4.96</ele>
      </trkpt>
      <trkpt lat="52.03754992224276" lon="4.619949962943792">
        <ele>-4.76</ele>
      </trkpt>
      <trkpt lat="52.03719997778535" lon="4.620499983429909">
        <ele>-4.8</ele>
      </trkpt>
      <trkpt lat="52.036784989759326" lon="4.621234992519021">
        <ele>-4.63</ele>
      </trkpt>
      <trkpt lat="52.03636991791427" lon="4.621969917789102">
        <ele>-4.51</ele>
      </trkpt>
      <trkpt lat="52.035839930176735" lon="4.622856639325619">
        <ele>-4.36</ele>
      </trkpt>
      <trkpt lat="52.0353099424392" lon="4.623743277043104">
        <ele>-4.23</ele>
      </trkpt>
      <trkpt lat="52.03477995470166" lon="4.624629998579621">
        <ele>-3.92</ele>
      </trkpt>
      <trkpt lat="52.03423999249935" lon="4.623774876818061">
        <ele>-4.05</ele>
      </trkpt>
      <trkpt lat="52.03369994647801" lon="4.622919838875532">
        <ele>-4.11</ele>
      </trkpt>
      <trkpt lat="52.0331599842757" lon="4.622064884752035">
        <ele>-4.12</ele>
      </trkpt>
      <trkpt lat="52.03262002207339" lon="4.621209846809506">
        <ele>-4.24</ele>
      </trkpt>
      <trkpt lat="52.032079976052046" lon="4.620354892686009">
        <ele>-4.2</ele>
      </trkpt>
      <trkpt lat="52.0315399300307" lon="4.619499938562512">
        <ele>-4.32</ele>
      </trkpt>
      <trkpt lat="52.03152995556593" lon="4.619479989632964">
        <ele>-4.36</ele>
      </trkpt>
      <trkpt lat="52.03090634196997" lon="4.618485309183598">
        <ele>-4.34</ele>
      </trkpt>
      <trkpt lat="52.030282728374004" lon="4.617490628734231">
        <ele>-4.44</ele>
      </trkpt>
      <trkpt lat="52.02965911477804" lon="4.616495948284864">
        <ele>-4.4</ele>
      </trkpt>
      <trkpt lat="52.02903550118208" lon="4.61550135165453">
        <ele>-4.49</ele>
      </trkpt>
      <trkpt lat="52.02841188758612" lon="4.614506838843226">
        <ele>-4.5</ele>
      </trkpt>
      <trkpt lat="52.027788273990154" lon="4.613512242212892">
        <ele>-4.6</ele>
      </trkpt>
      <trkpt lat="52.02716466039419" lon="4.612517729401588">
        <ele>-4.35</ele>
      </trkpt>
      <trkpt lat="52.0265409629792" lon="4.611523300409317">
        <ele>-4.41</ele>
      </trkpt>
      <trkpt lat="52.0259172655642" lon="4.610528787598014">
        <ele>-4.41</ele>
      </trkpt>
      <trkpt lat="52.02529365196824" lon="4.6095343586057425">
        <ele>-4.56</ele>
      </trkpt>
      <trkpt lat="52.02466995455325" lon="4.608539929613471">
        <ele>-4.24</ele>
      </trkpt>
      <trkpt lat="52.02408330515027" lon="4.607598222792149">
        <ele>-4.28</ele>
      </trkpt>
      <trkpt lat="52.023496655747294" lon="4.606656515970826">
        <ele>-4.67</ele>
      </trkpt>
      <trkpt lat="52.02291000634432" lon="4.605714809149504">
        <ele>-4.72</ele>
      </trkpt>
      <trkpt lat="52.02232335694134" lon="4.604773186147213">
        <ele>-4.8</ele>
      </trkpt>
      <trkpt lat="52.021736623719335" lon="4.603831563144922">
        <ele>-4.58</ele>
      </trkpt>
      <trkpt lat="52.02114997431636" lon="4.6028899401426315">
        <ele>-4.62</ele>
      </trkpt>
      <trkpt lat="52.02116992324591" lon="4.602809976786375">
        <ele>-4.62</ele>
      </trkpt>
      <trkpt lat="52.021139999851584" lon="4.602719955146313">
        <ele>-4.61</ele>
      </trkpt>
      <trkpt lat="52.021119967103004" lon="4.602579977363348">
        <ele>-4.6</ele>
      </trkpt>
      <trkpt lat="52.02135667204857" lon="4.601443307474256">
        <ele>-4.48</ele>
      </trkpt>
      <trkpt lat="52.0215932931751" lon="4.600306637585163">
        <ele>-4.54</ele>
      </trkpt>
      <trkpt lat="52.021829998120666" lon="4.599169967696071">
        <ele>-4.67</ele>
      </trkpt>
      <trkpt lat="52.021979950368404" lon="4.5981599483639">
        <ele>-4.78</ele>
      </trkpt>
      <trkpt lat="52.02226996421814" lon="4.596843319013715">
        <ele>-4.67</ele>
      </trkpt>
      <trkpt lat="52.022559978067875" lon="4.595526605844498">
        <ele>-4.59</ele>
      </trkpt>
      <trkpt lat="52.02284999191761" lon="4.594209976494312">
        <ele>-4.61</ele>
      </trkpt>
      <trkpt lat="52.023074962198734" lon="4.593299953266978">
        <ele>-4.7</ele>
      </trkpt>
      <trkpt lat="52.02329993247986" lon="4.592389930039644">
        <ele>-4.69</ele>
      </trkpt>
      <trkpt lat="52.023569997400045" lon="4.591319980099797">
        <ele>-4.66</ele>
      </trkpt>
      <trkpt lat="52.0238399785012" lon="4.5902499463409185">
        <ele>-4.78</ele>
      </trkpt>
      <trkpt lat="52.02419998124242" lon="4.588969945907593">
        <ele>-4.64</ele>
      </trkpt>
      <trkpt lat="52.024559983983636" lon="4.587689945474267">
        <ele>-4.69</ele>
      </trkpt>
      <trkpt lat="52.02489492483437" lon="4.586639944463968">
        <ele>-4.55</ele>
      </trkpt>
      <trkpt lat="52.02522994950414" lon="4.5855899434536695">
        <ele>-4.59</ele>
      </trkpt>
      <trkpt lat="52.02555499970913" lon="4.584654942154884">
        <ele>-4.4</ele>
      </trkpt>
      <trkpt lat="52.02587996609509" lon="4.583719940856099">
        <ele>-4.34</ele>
      </trkpt>
      <trkpt lat="52.02626000158489" lon="4.58271000534296">
        <ele>-4.05</ele>
      </trkpt>
      <trkpt lat="52.02663995325565" lon="4.58169998601079">
        <ele>-3.8</ele>
      </trkpt>
      <trkpt lat="52.027039937675" lon="4.580539930611849">
        <ele>-3.62</ele>
      </trkpt>
      <trkpt lat="52.02711998485029" lon="4.580419985577464">
        <ele>-3.41</ele>
      </trkpt>
      <trkpt lat="52.027219980955124" lon="4.580399952828884">
        <ele>-3.16</ele>
      </trkpt>
      <trkpt lat="52.02731997705996" lon="4.579849932342768">
        <ele>-2.78</ele>
      </trkpt>
      <trkpt lat="52.02723992988467" lon="4.579729987308383">
        <ele>-2.5</ele>
      </trkpt>
      <trkpt lat="52.027179999276996" lon="4.579709954559803">
        <ele>-2.27</ele>
      </trkpt>
      <trkpt lat="52.026579938828945" lon="4.579699980095029">
        <ele>-2.01</ele>
      </trkpt>
      <trkpt lat="52.026409953832626" lon="4.5797899179160595">
        <ele>-1.84</ele>
      </trkpt>
      <trkpt lat="52.02610996551812" lon="4.579999968409538">
        <ele>-1.69</ele>
      </trkpt>
      <trkpt lat="52.02605992555618" lon="4.580009942874312">
        <ele>-1.57</ele>
      </trkpt>
      <trkpt lat="52.025999994948506" lon="4.579979935660958">
        <ele>-1.49</ele>
      </trkpt>
      <trkpt lat="52.025959929451346" lon="4.57991992123425">
        <ele>-1.39</ele>
      </trkpt>
      <trkpt lat="52.02592992223799" lon="4.579749936237931">
        <ele>-1.3</ele>
      </trkpt>
      <trkpt lat="52.02592992223799" lon="4.579479955136776">
        <ele>-1.26</ele>
      </trkpt>
      <trkpt lat="52.025959929451346" lon="4.579259930178523">
        <ele>-1.18</ele>
      </trkpt>
      <trkpt lat="52.02606998383999" lon="4.578839996829629">
        <ele>-1.16</ele>
      </trkpt>
      <trkpt lat="52.02610996551812" lon="4.578759949654341">
        <ele>-1.15</ele>
      </trkpt>
      <trkpt lat="52.02615992166102" lon="4.5787199679762125">
        <ele>-1.18</ele>
      </trkpt>
      <trkpt lat="52.02620996162295" lon="4.578709993511438">
        <ele>-1.23</ele>
      </trkpt>
      <trkpt lat="52.02626997604966" lon="4.578749975189567">
        <ele>-1.29</ele>
      </trkpt>
      <trkpt lat="52.02630995772779" lon="4.578799931332469">
        <ele>-1.33</ele>
      </trkpt>
      <trkpt lat="52.026339964941144" lon="4.578939992934465">
        <ele>-1.4</ele>
      </trkpt>
      <trkpt lat="52.02632999047637" lon="4.579019956290722">
        <ele>-1.47</ele>
      </trkpt>
      <trkpt lat="52.026299983263016" lon="4.57907997071743">
        <ele>-1.53</ele>
      </trkpt>
      <trkpt lat="52.02624994330108" lon="4.5791299268603325">
        <ele>-1.59</ele>
      </trkpt>
      <trkpt lat="52.02618992887437" lon="4.579159934073687">
        <ele>-1.55</ele>
      </trkpt>
      <trkpt lat="52.02583998441696" lon="4.579039989039302">
        <ele>-1.34</ele>
      </trkpt>
      <trkpt lat="52.025459948927164" lon="4.579069996252656">
        <ele>-1.34</ele>
      </trkpt>
      <trkpt lat="52.02544997446239" lon="4.579069996252656">
        <ele>-1.31</ele>
      </trkpt>
      <trkpt lat="52.02537998557091" lon="4.57907997071743">
        <ele>-1.29</ele>
      </trkpt>
      <trkpt lat="52.025269931182265" lon="4.5791299268603325">
        <ele>-1.29</ele>
      </trkpt>
      <trkpt lat="52.02514998614788" lon="4.579279962927103">
        <ele>-1.25</ele>
      </trkpt>
      <trkpt lat="52.024969942867756" lon="4.5793799590319395">
        <ele>-1.2</ele>
      </trkpt>
      <trkpt lat="52.02467992901802" lon="4.57948992960155">
        <ele>-1.09</ele>
      </trkpt>
      <trkpt lat="52.024409947916865" lon="4.579519936814904">
        <ele>-1.02</ele>
      </trkpt>
      <trkpt lat="52.02428991906345" lon="4.579599983990192">
        <ele>-0.98</ele>
      </trkpt>
      <trkpt lat="52.02422998845577" lon="4.579539969563484">
        <ele>-0.98</ele>
      </trkpt>
      <trkpt lat="52.02363998629153" lon="4.579589925706387">
        <ele>-0.85</ele>
      </trkpt>
      <trkpt lat="52.02276994474232" lon="4.579625967890024">
        <ele>-0.87</ele>
      </trkpt>
      <trkpt lat="52.02189998701215" lon="4.57966192625463">
        <ele>-1.05</ele>
      </trkpt>
      <trkpt lat="52.02102994546294" lon="4.579697968438268">
        <ele>-1.12</ele>
      </trkpt>
      <trkpt lat="52.02015998773277" lon="4.579733926802874">
        <ele>-1.13</ele>
      </trkpt>
      <trkpt lat="52.01928994618356" lon="4.579769968986511">
        <ele>-1.2</ele>
      </trkpt>
      <trkpt lat="52.01856994070113" lon="4.579779943451285">
        <ele>-1.08</ele>
      </trkpt>
      <trkpt lat="52.01767995022237" lon="4.579822439700365">
        <ele>-1.04</ele>
      </trkpt>
      <trkpt lat="52.01678995974362" lon="4.579864935949445">
        <ele>-0.87</ele>
      </trkpt>
      <trkpt lat="52.015899969264865" lon="4.5799074321985245">
        <ele>-0.93</ele>
      </trkpt>
      <trkpt lat="52.01500997878611" lon="4.579949928447604">
        <ele>-0.72</ele>
      </trkpt>
      <trkpt lat="52.01493998989463" lon="4.579249955713749">
        <ele>-0.74</ele>
      </trkpt>
      <trkpt lat="52.01487997546792" lon="4.579189941287041">
        <ele>-0.68</ele>
      </trkpt>
      <trkpt lat="52.01483999378979" lon="4.57907997071743">
        <ele>-0.68</ele>
      </trkpt>
      <trkpt lat="52.01462994329631" lon="4.57864997908473">
        <ele>-0.71</ele>
      </trkpt>
      <trkpt lat="52.01453992165625" lon="4.57851997576654">
        <ele>-0.8</ele>
      </trkpt>
      <trkpt lat="52.01453992165625" lon="4.578509917482734">
        <ele>-0.87</ele>
      </trkpt>
      <trkpt lat="52.01444998383522" lon="4.578369939699769">
        <ele>-1.02</ele>
      </trkpt>
      <trkpt lat="52.01433992944658" lon="4.578149998560548">
        <ele>-1.17</ele>
      </trkpt>
      <trkpt lat="52.01414999552071" lon="4.577439967542887">
        <ele>-1.28</ele>
      </trkpt>
      <trkpt lat="52.01403994113207" lon="4.577139979228377">
        <ele>-1.33</ele>
      </trkpt>
      <trkpt lat="52.013389924541116" lon="4.576359959319234">
        <ele>-1.56</ele>
      </trkpt>
      <trkpt lat="52.0127899479121" lon="4.575539957731962">
        <ele>-1.55</ele>
      </trkpt>
      <trkpt lat="52.01249993406236" lon="4.575189929455519">
        <ele>-1.69</ele>
      </trkpt>
      <trkpt lat="52.01212492771447" lon="4.5747049525380135">
        <ele>-1.91</ele>
      </trkpt>
      <trkpt lat="52.01174992136657" lon="4.574219975620508">
        <ele>-2.28</ele>
      </trkpt>
      <trkpt lat="52.01158999465406" lon="4.573899954557419">
        <ele>-2.29</ele>
      </trkpt>
      <trkpt lat="52.011259999126196" lon="4.573129992932081">
        <ele>-2.39</ele>
      </trkpt>
      <trkpt lat="52.010827995836735" lon="4.572007907554507">
        <ele>-2.72</ele>
      </trkpt>
      <trkpt lat="52.010395992547274" lon="4.570885905995965">
        <ele>-2.74</ele>
      </trkpt>
      <trkpt lat="52.00996398925781" lon="4.569763904437423">
        <ele>-2.74</ele>
      </trkpt>
      <trkpt lat="52.00953198596835" lon="4.5686419028788805">
        <ele>-2.7</ele>
      </trkpt>
      <trkpt lat="52.00909998267889" lon="4.56751998513937">
        <ele>-2.58</ele>
      </trkpt>
      <trkpt lat="52.00874995440245" lon="4.5665099658071995">
        <ele>-2.54</ele>
      </trkpt>
      <trkpt lat="52.008359944447875" lon="4.565479997545481">
        <ele>-2.8</ele>
      </trkpt>
      <trkpt lat="52.00794328004122" lon="4.564406611025333">
        <ele>-2.9</ele>
      </trkpt>
      <trkpt lat="52.00752661563456" lon="4.563333308324218">
        <ele>-2.92</ele>
      </trkpt>
      <trkpt lat="52.0071099512279" lon="4.5622599218040705">
        <ele>-2.83</ele>
      </trkpt>
      <trkpt lat="52.0071099512279" lon="4.562239972874522">
        <ele>-2.82</ele>
      </trkpt>
      <trkpt lat="52.006899984553456" lon="4.561799922958016">
        <ele>-2.74</ele>
      </trkpt>
      <trkpt lat="52.006449960172176" lon="4.562249947339296">
        <ele>-2.97</ele>
      </trkpt>
      <trkpt lat="52.00640997849405" lon="4.562399983406067">
        <ele>-2.78</ele>
      </trkpt>
      <trkpt lat="52.00641995295882" lon="4.5624899212270975">
        <ele>-2.79</ele>
      </trkpt>
      <trkpt lat="52.006826642900705" lon="4.563566576689482">
        <ele>-2.9</ele>
      </trkpt>
      <trkpt lat="52.00723333284259" lon="4.564643232151866">
        <ele>-3.0</ele>
      </trkpt>
      <trkpt lat="52.00763993896544" lon="4.565719971433282">
        <ele>-3.17</ele>
      </trkpt>
      <trkpt lat="52.00789500027895" lon="4.56642497330904">
        <ele>-3.19</ele>
      </trkpt>
      <trkpt lat="52.00814997777343" lon="4.567129975184798">
        <ele>-3.3</ele>
      </trkpt>
      <trkpt lat="52.008169926702976" lon="4.5673799235373735">
        <ele>-3.41</ele>
      </trkpt>
      <trkpt lat="52.00812994502485" lon="4.567549992352724">
        <ele>-3.55</ele>
      </trkpt>
      <trkpt lat="52.008039923384786" lon="4.567659962922335">
        <ele>-3.72</ele>
      </trkpt>
      <trkpt lat="52.00739996507764" lon="4.568289946764708">
        <ele>-3.93</ele>
      </trkpt>
      <trkpt lat="52.00714993290603" lon="4.5684899389743805">
        <ele>-4.05</ele>
      </trkpt>
      <trkpt lat="52.006899984553456" lon="4.568639975041151">
        <ele>-4.16</ele>
      </trkpt>
      <trkpt lat="52.006429927423596" lon="4.568889923393726">
        <ele>-4.28</ele>
      </trkpt>
      <trkpt lat="52.00595995411277" lon="4.569009952247143">
        <ele>-4.45</ele>
      </trkpt>
      <trkpt lat="52.00563993304968" lon="4.569049933925271">
        <ele>-4.58</ele>
      </trkpt>
      <trkpt lat="52.00484993867576" lon="4.56893996335566">
        <ele>-4.75</ele>
      </trkpt>
      <trkpt lat="52.004329925403" lon="4.5687199383974075">
        <ele>-4.73</ele>
      </trkpt>
      <trkpt lat="52.00406991876662" lon="4.568559927865863">
        <ele>-4.75</ele>
      </trkpt>
      <trkpt lat="52.00381997041404" lon="4.56837996840477">
        <ele>-4.73</ele>
      </trkpt>
      <trkpt lat="52.00363992713392" lon="4.568219957873225">
        <ele>-4.76</ele>
      </trkpt>
      <trkpt lat="52.00363992713392" lon="4.568209983408451">
        <ele>-4.8</ele>
      </trkpt>
      <trkpt lat="52.00335997156799" lon="4.567919969558716">
        <ele>-4.88</ele>
      </trkpt>
      <trkpt lat="52.002819925546646" lon="4.5671899896115065">
        <ele>-5.03</ele>
      </trkpt>
      <trkpt lat="52.00239999219775" lon="4.566679950803518">
        <ele>-5.07</ele>
      </trkpt>
      <trkpt lat="52.00209992006421" lon="4.566349955275655">
        <ele>-5.01</ele>
      </trkpt>
      <trkpt lat="52.00178995728493" lon="4.566069999709725">
        <ele>-4.95</ele>
      </trkpt>
      <trkpt lat="52.00124999508262" lon="4.565709996968508">
        <ele>-4.97</ele>
      </trkpt>
      <trkpt lat="52.00076996348798" lon="4.565459964796901">
        <ele>-5.08</ele>
      </trkpt>
      <trkpt lat="52.00048992410302" lon="4.565359968692064">
        <ele>-5.14</ele>
      </trkpt>
      <trkpt lat="52.00019999407232" lon="4.565289979800582">
        <ele>-5.17</ele>
      </trkpt>
      <trkpt lat="51.99977997690439" lon="4.5652199909091">
        <ele>-5.29</ele>
      </trkpt>
      <trkpt lat="51.99932995252311" lon="4.565229965373874">
        <ele>-5.23</ele>
      </trkpt>
      <trkpt lat="51.9987899903208" lon="4.565279921516776">
        <ele>-5.33</ele>
      </trkpt>
      <trkpt lat="51.998369973152876" lon="4.5654199831187725">
        <ele>-5.33</ele>
      </trkpt>
      <trkpt lat="51.99796998873353" lon="4.5655999425798655">
        <ele>-5.24</ele>
      </trkpt>
      <trkpt lat="51.99740999378264" lon="4.565959945321083">
        <ele>-5.21</ele>
      </trkpt>
      <trkpt lat="51.99695996940136" lon="4.566289940848947">
        <ele>-5.18</ele>
      </trkpt>
      <trkpt lat="51.99622663669288" lon="4.566829986870289">
        <ele>-5.2</ele>
      </trkpt>
      <trkpt lat="51.995493303984404" lon="4.567369949072599">
        <ele>-5.12</ele>
      </trkpt>
      <trkpt lat="51.994759971275926" lon="4.567909995093942">
        <ele>-5.09</ele>
      </trkpt>
      <trkpt lat="51.99459996074438" lon="4.568019965663552">
        <ele>-5.06</ele>
      </trkpt>
      <trkpt lat="51.99440994299948" lon="4.568109987303615">
        <ele>-5.03</ele>
      </trkpt>
      <trkpt lat="51.994199976325035" lon="4.568179976195097">
        <ele>-5.01</ele>
      </trkpt>
      <trkpt lat="51.99384994804859" lon="4.568209983408451">
        <ele>-5.0</ele>
      </trkpt>
      <trkpt lat="51.99358994141221" lon="4.568199925124645">
        <ele>-5.0</ele>
      </trkpt>
      <trkpt lat="51.99334996752441" lon="4.568139994516969">
        <ele>-5.0</ele>
      </trkpt>
      <trkpt lat="51.993149975314736" lon="4.5680599473416805">
        <ele>-5.01</ele>
      </trkpt>
      <trkpt lat="51.99282995425165" lon="4.567879987880588">
        <ele>-5.0</ele>
      </trkpt>
      <trkpt lat="51.992459977045655" lon="4.56749995239079">
        <ele>-5.03</ele>
      </trkpt>
      <trkpt lat="51.99225998483598" lon="4.567239945754409">
        <ele>-5.14</ele>
      </trkpt>
      <trkpt lat="51.99184499680996" lon="4.566609961912036">
        <ele>-5.15</ele>
      </trkpt>
      <trkpt lat="51.991429924964905" lon="4.565979978069663">
        <ele>-5.25</ele>
      </trkpt>
      <trkpt lat="51.991189951077104" lon="4.5656499825417995">
        <ele>-5.29</ele>
      </trkpt>
      <trkpt lat="51.99092994444072" lon="4.56532996147871">
        <ele>-5.32</ele>
      </trkpt>
      <trkpt lat="51.99061998166144" lon="4.564999965950847">
        <ele>-5.43</ele>
      </trkpt>
      <trkpt lat="51.990159982815385" lon="4.564579948782921">
        <ele>-5.48</ele>
      </trkpt>
      <trkpt lat="51.98992998339236" lon="4.564399989321828">
        <ele>-5.44</ele>
      </trkpt>
      <trkpt lat="51.98990995064378" lon="4.564389931038022">
        <ele>-5.47</ele>
      </trkpt>
      <trkpt lat="51.98954994790256" lon="4.564179964363575">
        <ele>-5.48</ele>
      </trkpt>
      <trkpt lat="51.989149963483214" lon="4.563989946618676">
        <ele>-5.51</ele>
      </trkpt>
      <trkpt lat="51.989169996231794" lon="4.563859943300486">
        <ele>-5.54</ele>
      </trkpt>
      <trkpt lat="51.98872994631529" lon="4.563699932768941">
        <ele>-5.57</ele>
      </trkpt>
      <trkpt lat="51.98829995468259" lon="4.5635999366641045">
        <ele>-5.59</ele>
      </trkpt>
      <trkpt lat="51.987779941409826" lon="4.563579987734556">
        <ele>-5.61</ele>
      </trkpt>
      <trkpt lat="51.98737995699048" lon="4.5635999366641045">
        <ele>-5.69</ele>
      </trkpt>
      <trkpt lat="51.98700997978449" lon="4.563659951090813">
        <ele>-5.68</ele>
      </trkpt>
      <trkpt lat="51.98664997704327" lon="4.563759947195649">
        <ele>-5.58</ele>
      </trkpt>
      <trkpt lat="51.98618997819722" lon="4.563959939405322">
        <ele>-5.48</ele>
      </trkpt>
      <trkpt lat="51.985779935494065" lon="4.564239978790283">
        <ele>-5.39</ele>
      </trkpt>
      <trkpt lat="51.9854190107435" lon="4.562971880659461">
        <ele>-5.36</ele>
      </trkpt>
      <trkpt lat="51.98505808599293" lon="4.561703782528639">
        <ele>-5.05</ele>
      </trkpt>
      <trkpt lat="51.984697077423334" lon="4.560435768216848">
        <ele>-4.73</ele>
      </trkpt>
      <trkpt lat="51.98433615267277" lon="4.559167753905058">
        <ele>-4.68</ele>
      </trkpt>
      <trkpt lat="51.98397514410317" lon="4.557899739593267">
        <ele>-4.42</ele>
      </trkpt>
      <trkpt lat="51.98361413553357" lon="4.556631725281477">
        <ele>-4.12</ele>
      </trkpt>
      <trkpt lat="51.98325312696397" lon="4.5553637109696865">
        <ele>-3.93</ele>
      </trkpt>
      <trkpt lat="51.98289203457534" lon="4.554095780476928">
        <ele>-3.54</ele>
      </trkpt>
      <trkpt lat="51.982531026005745" lon="4.552827849984169">
        <ele>-3.21</ele>
      </trkpt>
      <trkpt lat="51.982169933617115" lon="4.55155991949141">
        <ele>-2.68</ele>
      </trkpt>
      <trkpt lat="51.98210991919041" lon="4.551499988883734">
        <ele>-2.38</ele>
      </trkpt>
      <trkpt lat="51.98202995583415" lon="4.5514399744570255">
        <ele>-2.12</ele>
      </trkpt>
      <trkpt lat="51.98195996694267" lon="4.5514199417084455">
        <ele>-1.94</ele>
      </trkpt>
      <trkpt lat="51.981329983100295" lon="4.551769969984889">
        <ele>-1.9</ele>
      </trkpt>
      <trkpt lat="51.981289917603135" lon="4.5518699660897255">
        <ele>-1.91</ele>
      </trkpt>
      <trkpt lat="51.981289917603135" lon="4.55200994387269">
        <ele>-1.96</ele>
      </trkpt>
      <trkpt lat="51.981439953669906" lon="4.552789963781834">
        <ele>-2.07</ele>
      </trkpt>
      <trkpt lat="51.981389997527" lon="4.55290999263525">
        <ele>-2.2</ele>
      </trkpt>
      <trkpt lat="51.98140994645655" lon="4.553069919347763">
        <ele>-2.35</ele>
      </trkpt>
      <trkpt lat="51.981389997527" lon="4.553099926561117">
        <ele>-2.56</ele>
      </trkpt>
      <trkpt lat="51.98136996477842" lon="4.553409973159432">
        <ele>-2.8</ele>
      </trkpt>
      <trkpt lat="51.98133995756507" lon="4.553489936515689">
        <ele>-3.01</ele>
      </trkpt>
      <trkpt lat="51.98066999204457" lon="4.554019924253225">
        <ele>-3.32</ele>
      </trkpt>
      <trkpt lat="51.980579970404506" lon="4.554049931466579">
        <ele>-3.55</ele>
      </trkpt>
      <trkpt lat="51.98052993044257" lon="4.554039957001805">
        <ele>-3.74</ele>
      </trkpt>
      <trkpt lat="51.98035994544625" lon="4.553859997540712">
        <ele>-3.94</ele>
      </trkpt>
      <trkpt lat="51.98021996766329" lon="4.553799983114004">
        <ele>-4.03</ele>
      </trkpt>
      <trkpt lat="51.98010999709368" lon="4.553839964792132">
        <ele>-4.08</ele>
      </trkpt>
      <trkpt lat="51.98010999709368" lon="4.553829990327358">
        <ele>-4.15</ele>
      </trkpt>
      <trkpt lat="51.98003992438316" lon="4.553889920935035">
        <ele>-4.17</ele>
      </trkpt>
      <trkpt lat="51.97993992827833" lon="4.554019924253225">
        <ele>-4.19</ele>
      </trkpt>
      <trkpt lat="51.97977991774678" lon="4.554059989750385">
        <ele>-4.14</ele>
      </trkpt>
      <trkpt lat="51.979699954390526" lon="4.554129978641868">
        <ele>-4.13</ele>
      </trkpt>
      <trkpt lat="51.97933995164931" lon="4.554599951952696">
        <ele>-4.13</ele>
      </trkpt>
      <trkpt lat="51.979119926691055" lon="4.554849984124303">
        <ele>-4.29</ele>
      </trkpt>
      <trkpt lat="51.9786099717021" lon="4.555199928581715">
        <ele>-4.36</ele>
      </trkpt>
      <trkpt lat="51.9781799800694" lon="4.555459935218096">
        <ele>-4.19</ele>
      </trkpt>
      <trkpt lat="51.9777499884367" lon="4.555719941854477">
        <ele>-4.06</ele>
      </trkpt>
      <trkpt lat="51.97732997126877" lon="4.5560799445956945">
        <ele>-4.12</ele>
      </trkpt>
      <trkpt lat="51.97680995799601" lon="4.556629965081811">
        <ele>-4.17</ele>
      </trkpt>
      <trkpt lat="51.976599991321564" lon="4.556729961186647">
        <ele>-4.07</ele>
      </trkpt>
      <trkpt lat="51.976149966940284" lon="4.556729961186647">
        <ele>-3.94</ele>
      </trkpt>
      <trkpt lat="51.97590999305248" lon="4.55679995007813">
        <ele>-3.82</ele>
      </trkpt>
      <trkpt lat="51.97531999088824" lon="4.5572099927812815">
        <ele>-3.74</ele>
      </trkpt>
      <trkpt lat="51.97469998151064" lon="4.557469999417663">
        <ele>-3.9</ele>
      </trkpt>
      <trkpt lat="51.97454994544387" lon="4.557469999417663">
        <ele>-3.92</ele>
      </trkpt>
      <trkpt lat="51.974539970979095" lon="4.557429933920503">
        <ele>-3.85</ele>
      </trkpt>
      <trkpt lat="51.974409967660904" lon="4.557219967246056">
        <ele>-3.68</ele>
      </trkpt>
      <trkpt lat="51.97435992769897" lon="4.557079989463091">
        <ele>-3.57</ele>
      </trkpt>
      <trkpt lat="51.974329920485616" lon="4.556919978931546">
        <ele>-3.49</ele>
      </trkpt>
      <trkpt lat="51.974239982664585" lon="4.55692995339632">
        <ele>-3.46</ele>
      </trkpt>
      <trkpt lat="51.974069997668266" lon="4.556999942287803">
        <ele>-3.45</ele>
      </trkpt>
      <trkpt lat="51.9732999522239" lon="4.557289956137538">
        <ele>-3.6</ele>
      </trkpt>
      <trkpt lat="51.972649935632944" lon="4.557689940556884">
        <ele>-3.63</ele>
      </trkpt>
      <trkpt lat="51.97265270166099" lon="4.557701842859387">
        <ele>-2.88</ele>
      </trkpt>
      <trkpt lat="51.97200536727905" lon="4.558103084564209">
        <ele>-3.35</ele>
      </trkpt>
      <trkpt lat="51.97161921299994" lon="4.5586395263671875">
        <ele>-3.46</ele>
      </trkpt>
      <trkpt lat="51.971469009295106" lon="4.558854103088379">
        <ele>-3.62</ele>
      </trkpt>
      <trkpt lat="51.97135090827942" lon="4.559004306793213">
        <ele>-3.74</ele>
      </trkpt>
      <trkpt lat="51.970717906951904" lon="4.559894800186157">
        <ele>-4.45</ele>
      </trkpt>
      <trkpt lat="51.97039604187012" lon="4.560377597808838">
        <ele>-5.07</ele>
      </trkpt>
      <trkpt lat="51.970213651657104" lon="4.5605385303497314">
        <ele>-5.47</ele>
      </trkpt>
      <trkpt lat="51.97007417678833" lon="4.560602903366089">
        <ele>-5.79</ele>
      </trkpt>
      <trkpt lat="51.97007426060736" lon="4.560602903366089">
        <ele>-5.97</ele>
      </trkpt>
      <trkpt lat="51.97003126144409" lon="4.560624361038208">
        <ele>-6.06</ele>
      </trkpt>
      <trkpt lat="51.96990251541138" lon="4.560624361038208">
        <ele>-6.12</ele>
      </trkpt>
      <trkpt lat="51.969720125198364" lon="4.560484886169434">
        <ele>-6.12</ele>
      </trkpt>
      <trkpt lat="51.96960210800171" lon="4.560216665267944">
        <ele>-6.0</ele>
      </trkpt>
      <trkpt lat="51.969215869903564" lon="4.558285474777222">
        <ele>-5.53</ele>
      </trkpt>
      <trkpt lat="51.968979835510254" lon="4.557631015777588">
        <ele>-5.28</ele>
      </trkpt>
      <trkpt lat="51.96857222355902" lon="4.556654691696167">
        <ele>-4.89</ele>
      </trkpt>
      <trkpt lat="51.96856141090393" lon="4.556643962860107">
        <ele>-4.59</ele>
      </trkpt>
      <trkpt lat="51.96826100349426" lon="4.556236267089844">
        <ele>-4.44</ele>
      </trkpt>
      <trkpt lat="51.967703104019165" lon="4.5555925369262695">
        <ele>-4.28</ele>
      </trkpt>
      <trkpt lat="51.96763873100281" lon="4.555453062057495">
        <ele>-4.06</ele>
      </trkpt>
      <trkpt lat="51.96760662831366" lon="4.555184841156006">
        <ele>-3.78</ele>
      </trkpt>
      <trkpt lat="51.96760662831366" lon="4.555120468139648">
        <ele>-3.57</ele>
      </trkpt>
      <trkpt lat="51.96731694974005" lon="4.5550453662872314">
        <ele>-3.4</ele>
      </trkpt>
      <trkpt lat="51.96712374687195" lon="4.554809331893921">
        <ele>-3.22</ele>
      </trkpt>
      <trkpt lat="51.96689852513373" lon="4.554498195648193">
        <ele>-3.13</ele>
      </trkpt>
      <trkpt lat="51.966705322265625" lon="4.5542192459106445">
        <ele>-2.98</ele>
      </trkpt>
      <trkpt lat="51.96657666005194" lon="4.553940296173096">
        <ele>-2.77</ele>
      </trkpt>
      <trkpt lat="51.96654438972473" lon="4.553875923156738">
        <ele>-2.66</ele>
      </trkpt>
      <trkpt lat="51.96651220321655" lon="4.553725719451904">
        <ele>-2.63</ele>
      </trkpt>
      <trkpt lat="51.966512287035584" lon="4.553725719451904">
        <ele>-2.56</ele>
      </trkpt>
      <trkpt lat="51.966490829363465" lon="4.55358624458313">
        <ele>-2.54</ele>
      </trkpt>
      <trkpt lat="51.966469371691346" lon="4.553478956222534">
        <ele>-2.53</ele>
      </trkpt>
      <trkpt lat="51.96645864285529" lon="4.553414583206177">
        <ele>-2.5</ele>
      </trkpt>
      <trkpt lat="51.966426372528076" lon="4.5531463623046875">
        <ele>-2.54</ele>
      </trkpt>
      <trkpt lat="51.96641564369202" lon="4.552899599075317">
        <ele>-2.52</ele>
      </trkpt>
      <trkpt lat="51.96599721908569" lon="4.5503997802734375">
        <ele>-2.08</ele>
      </trkpt>
      <trkpt lat="51.965997302904725" lon="4.5503997802734375">
        <ele>-1.98</ele>
      </trkpt>
      <trkpt lat="51.965986574068666" lon="4.55033540725708">
        <ele>-1.93</ele>
      </trkpt>
      <trkpt lat="51.96594365872443" lon="4.550120830535889">
        <ele>-1.91</ele>
      </trkpt>
      <trkpt lat="51.96591147221625" lon="4.549906253814697">
        <ele>-1.91</ele>
      </trkpt>
      <trkpt lat="51.96591147221625" lon="4.549863338470459">
        <ele>-1.9</ele>
      </trkpt>
      <trkpt lat="51.965707540512085" lon="4.5485758781433105">
        <ele>-1.87</ele>
      </trkpt>
      <trkpt lat="51.96570762433112" lon="4.5485758781433105">
        <ele>-1.86</ele>
      </trkpt>
      <trkpt lat="51.965686166659" lon="4.548436403274536">
        <ele>-1.86</ele>
      </trkpt>
      <trkpt lat="51.96529984474182" lon="4.545958042144775">
        <ele>-1.75</ele>
      </trkpt>
      <trkpt lat="51.96528919972479" lon="4.545893669128418">
        <ele>-1.76</ele>
      </trkpt>
      <trkpt lat="51.9652783870697" lon="4.5458292961120605">
        <ele>-1.78</ele>
      </trkpt>
      <trkpt lat="51.96508526802063" lon="4.5446813106536865">
        <ele>-2.14</ele>
      </trkpt>
      <trkpt lat="51.96508535183966" lon="4.5446813106536865">
        <ele>-2.18</ele>
      </trkpt>
      <trkpt lat="51.964741945266724" lon="4.5426106452941895">
        <ele>-2.09</ele>
      </trkpt>
      <trkpt lat="51.964742029085755" lon="4.5426106452941895">
        <ele>-2.1</ele>
      </trkpt>
      <trkpt lat="51.964720571413636" lon="4.542567729949951">
        <ele>-2.1</ele>
      </trkpt>
      <trkpt lat="51.96468838490546" lon="4.542374610900879">
        <ele>-2.05</ele>
      </trkpt>
      <trkpt lat="51.96465619839728" lon="4.542181491851807">
        <ele>-1.96</ele>
      </trkpt>
      <trkpt lat="51.96464538574219" lon="4.542127847671509">
        <ele>-1.94</ele>
      </trkpt>
      <trkpt lat="51.96464546956122" lon="4.542127847671509">
        <ele>-1.95</ele>
      </trkpt>
      <trkpt lat="51.96460247039795" lon="4.541752338409424">
        <ele>-1.87</ele>
      </trkpt>
      <trkpt lat="51.96413040161133" lon="4.538866281509399">
        <ele>-2.2</ele>
      </trkpt>
      <trkpt lat="51.96413048543036" lon="4.538866281509399">
        <ele>-2.26</ele>
      </trkpt>
      <trkpt lat="51.964012468233705" lon="4.538147449493408">
        <ele>-2.34</ele>
      </trkpt>
      <trkpt lat="51.964001739397645" lon="4.538072347640991">
        <ele>-2.42</ele>
      </trkpt>
      <trkpt lat="51.96390517987311" lon="4.537535905838013">
        <ele>-2.44</ele>
      </trkpt>
      <trkpt lat="51.96381934918463" lon="4.536935091018677">
        <ele>-2.47</ele>
      </trkpt>
      <trkpt lat="51.96379789151251" lon="4.536795616149902">
        <ele>-2.6</ele>
      </trkpt>
      <trkpt lat="51.96377635002136" lon="4.5366668701171875">
        <ele>-2.72</ele>
      </trkpt>
      <trkpt lat="51.963776433840394" lon="4.5366668701171875">
        <ele>-2.82</ele>
      </trkpt>
      <trkpt lat="51.9633686542511" lon="4.534242153167725">
        <ele>-3.03</ele>
      </trkpt>
      <trkpt lat="51.96336873807013" lon="4.534242153167725">
        <ele>-3.12</ele>
      </trkpt>
      <trkpt lat="51.96335800923407" lon="4.534177780151367">
        <ele>-3.2</ele>
      </trkpt>
      <trkpt lat="51.96333646774292" lon="4.534059762954712">
        <ele>-3.29</ele>
      </trkpt>
      <trkpt lat="51.96331509388983" lon="4.533952474594116">
        <ele>-3.34</ele>
      </trkpt>
      <trkpt lat="51.96330436505377" lon="4.533802270889282">
        <ele>-3.37</ele>
      </trkpt>
      <trkpt lat="51.96329363621771" lon="4.533759355545044">
        <ele>-3.39</ele>
      </trkpt>
      <trkpt lat="51.96319707669318" lon="4.53311562538147">
        <ele>-3.39</ele>
      </trkpt>
      <trkpt lat="51.963175535202026" lon="4.532954692840576">
        <ele>-3.37</ele>
      </trkpt>
      <trkpt lat="51.96317561902106" lon="4.532954692840576">
        <ele>-3.34</ele>
      </trkpt>
      <trkpt lat="51.962982416152954" lon="4.531710147857666">
        <ele>-3.27</ele>
      </trkpt>
      <trkpt lat="51.96290731430054" lon="4.531291723251343">
        <ele>-3.12</ele>
      </trkpt>
      <trkpt lat="51.96287512779236" lon="4.53112006187439">
        <ele>-3.05</ele>
      </trkpt>
      <trkpt lat="51.962810754776" lon="4.531012773513794">
        <ele>-2.97</ele>
      </trkpt>
      <trkpt lat="51.96281083859503" lon="4.531012773513794">
        <ele>-2.94</ele>
      </trkpt>
      <trkpt lat="51.96264982223511" lon="4.530004262924194">
        <ele>-3.08</ele>
      </trkpt>
      <trkpt lat="51.96264990605414" lon="4.530004262924194">
        <ele>-3.07</ele>
      </trkpt>
      <trkpt lat="51.96263909339905" lon="4.529939889907837">
        <ele>-3.08</ele>
      </trkpt>
      <trkpt lat="51.96263917721808" lon="4.529939889907837">
        <ele>-3.07</ele>
      </trkpt>
      <trkpt lat="51.96261771954596" lon="4.529789686203003">
        <ele>-3.09</ele>
      </trkpt>
      <trkpt lat="51.96258553303778" lon="4.529639482498169">
        <ele>-3.08</ele>
      </trkpt>
      <trkpt lat="51.96256407536566" lon="4.529521465301514">
        <ele>-3.03</ele>
      </trkpt>
      <trkpt lat="51.962531888857484" lon="4.529532194137573">
        <ele>-3.01</ele>
      </trkpt>
      <trkpt lat="51.96195253171027" lon="4.5298004150390625">
        <ele>-2.9</ele>
      </trkpt>
      <trkpt lat="51.961222887039185" lon="4.53011155128479">
        <ele>-2.93</ele>
      </trkpt>
      <trkpt lat="51.961222970858216" lon="4.53011155128479">
        <ele>-2.89</ele>
      </trkpt>
      <trkpt lat="51.96086883544922" lon="4.530261754989624">
        <ele>-2.87</ele>
      </trkpt>
      <trkpt lat="51.96086891926825" lon="4.530261754989624">
        <ele>-2.83</ele>
      </trkpt>
      <trkpt lat="51.960783088579774" lon="4.530304670333862">
        <ele>-2.81</ele>
      </trkpt>
      <trkpt lat="51.96010717190802" lon="4.530572891235352">
        <ele>-2.77</ele>
      </trkpt>
      <trkpt lat="51.9600857142359" lon="4.530583620071411">
        <ele>-2.7</ele>
      </trkpt>
      <trkpt lat="51.958776796236634" lon="4.53110933303833">
        <ele>-2.58</ele>
      </trkpt>
      <trkpt lat="51.95869096554816" lon="4.531141519546509">
        <ele>-2.51</ele>
      </trkpt>
      <trkpt lat="51.95756435394287" lon="4.5316243171691895">
        <ele>-2.36</ele>
      </trkpt>
      <trkpt lat="51.9575644377619" lon="4.5316243171691895">
        <ele>-2.32</ele>
      </trkpt>
      <trkpt lat="51.957038724794984" lon="4.5318603515625">
        <ele>-2.33</ele>
      </trkpt>
      <trkpt lat="51.95684552192688" lon="4.531946182250977">
        <ele>-2.33</ele>
      </trkpt>
      <trkpt lat="51.956781232729554" lon="4.532010555267334">
        <ele>-2.34</ele>
      </trkpt>
      <trkpt lat="51.956749046221375" lon="4.532053470611572">
        <ele>-2.37</ele>
      </trkpt>
      <trkpt lat="51.95666313171387" lon="4.531946182250977">
        <ele>-2.43</ele>
      </trkpt>
      <trkpt lat="51.95668467320502" lon="4.531892538070679">
        <ele>-2.46</ele>
      </trkpt>
      <trkpt lat="51.956684589385986" lon="4.531892538070679">
        <ele>-2.53</ele>
      </trkpt>
      <trkpt lat="51.95658802986145" lon="4.531259536743164">
        <ele>-2.57</ele>
      </trkpt>
      <trkpt lat="51.956480741500854" lon="4.530808925628662">
        <ele>-2.63</ele>
      </trkpt>
      <trkpt lat="51.956244790926576" lon="4.52937126159668">
        <ele>-2.95</ele>
      </trkpt>
      <trkpt lat="51.95592292584479" lon="4.527289867401123">
        <ele>-2.98</ele>
      </trkpt>
      <trkpt lat="51.95592284202576" lon="4.527289867401123">
        <ele>-3.09</ele>
      </trkpt>
      <trkpt lat="51.955686807632446" lon="4.525852203369141">
        <ele>-3.41</ele>
      </trkpt>
      <trkpt lat="51.95562243461609" lon="4.52536940574646">
        <ele>-3.48</ele>
      </trkpt>
      <trkpt lat="51.95554733276367" lon="4.524564743041992">
        <ele>-3.43</ele>
      </trkpt>
      <trkpt lat="51.955493688583374" lon="4.524489641189575">
        <ele>-3.46</ele>
      </trkpt>
      <trkpt lat="51.95542931556702" lon="4.524478912353516">
        <ele>-3.48</ele>
      </trkpt>
      <trkpt lat="51.95507534779608" lon="4.52462911605835">
        <ele>-3.59</ele>
      </trkpt>
      <trkpt lat="51.955010974779725" lon="4.524661302566528">
        <ele>-3.63</ele>
      </trkpt>
      <trkpt lat="51.95482850074768" lon="4.524736404418945">
        <ele>-3.65</ele>
      </trkpt>
      <trkpt lat="51.95445307530463" lon="4.524800777435303">
        <ele>-3.56</ele>
      </trkpt>
      <trkpt lat="51.95434578694403" lon="4.524811506271362">
        <ele>-3.6</ele>
      </trkpt>
      <trkpt lat="51.954206228256226" lon="4.524843692779541">
        <ele>-3.69</ele>
      </trkpt>
      <trkpt lat="51.953744888305664" lon="4.524961709976196">
        <ele>-3.87</ele>
      </trkpt>
      <trkpt lat="51.953004598617554" lon="4.525079727172852">
        <ele>-3.84</ele>
      </trkpt>
      <trkpt lat="51.95263981819153" lon="4.52511191368103">
        <ele>-3.88</ele>
      </trkpt>
      <trkpt lat="51.952457427978516" lon="4.525101184844971">
        <ele>-3.92</ele>
      </trkpt>
      <trkpt lat="51.95226430892944" lon="4.525004625320435">
        <ele>-3.94</ele>
      </trkpt>
      <trkpt lat="51.95215710438788" lon="4.524961709976196">
        <ele>-3.97</ele>
      </trkpt>
      <trkpt lat="51.95206054486334" lon="4.524918794631958">
        <ele>-4.01</ele>
      </trkpt>
      <trkpt lat="51.95192098617554" lon="4.52486515045166">
        <ele>-4.09</ele>
      </trkpt>
      <trkpt lat="51.95184596814215" lon="4.524886608123779">
        <ele>-4.15</ele>
      </trkpt>
      <trkpt lat="51.951760137453675" lon="4.524929523468018">
        <ele>-4.21</ele>
      </trkpt>
      <trkpt lat="51.951009035110474" lon="4.525240659713745">
        <ele>-4.41</ele>
      </trkpt>
      <trkpt lat="51.95082672871649" lon="4.525144100189209">
        <ele>-4.4</ele>
      </trkpt>
      <trkpt lat="51.95080527104437" lon="4.525133371353149">
        <ele>-4.45</ele>
      </trkpt>
      <trkpt lat="51.950708627700806" lon="4.52512264251709">
        <ele>-4.46</ele>
      </trkpt>
      <trkpt lat="51.95070871151984" lon="4.52512264251709">
        <ele>-4.51</ele>
      </trkpt>
      <trkpt lat="51.95051550865173" lon="4.525144100189209">
        <ele>-4.54</ele>
      </trkpt>
      <trkpt lat="51.94916367530823" lon="4.525712728500366">
        <ele>-4.68</ele>
      </trkpt>
      <trkpt lat="51.94916375912726" lon="4.525712728500366">
        <ele>-4.7</ele>
      </trkpt>
      <trkpt lat="51.94861658848822" lon="4.526066780090332">
        <ele>-4.7</ele>
      </trkpt>
      <trkpt lat="51.94805868901312" lon="4.526345729827881">
        <ele>-4.63</ele>
      </trkpt>
      <trkpt lat="51.947447061538696" lon="4.52661395072937">
        <ele>-4.64</ele>
      </trkpt>
      <trkpt lat="51.94717884063721" lon="4.526710510253906">
        <ele>-4.54</ele>
      </trkpt>
      <trkpt lat="51.94717892445624" lon="4.526710510253906">
        <ele>-4.4</ele>
      </trkpt>
      <trkpt lat="51.94693207740784" lon="4.526849985122681">
        <ele>-4.23</ele>
      </trkpt>
      <trkpt lat="51.94646009244025" lon="4.523770809173584">
        <ele>-3.89</ele>
      </trkpt>
      <trkpt lat="51.94639563560486" lon="4.523352384567261">
        <ele>-3.59</ele>
      </trkpt>
      <trkpt lat="51.9464385509491" lon="4.523255825042725">
        <ele>-3.3</ele>
      </trkpt>
      <trkpt lat="51.94665312767029" lon="4.522418975830078">
        <ele>-3.03</ele>
      </trkpt>
      <trkpt lat="51.94665321148932" lon="4.522418975830078">
        <ele>-2.69</ele>
      </trkpt>
      <trkpt lat="51.946696043014526" lon="4.522247314453125">
        <ele>-2.34</ele>
      </trkpt>
      <trkpt lat="51.946706771850586" lon="4.522150754928589">
        <ele>-1.91</ele>
      </trkpt>
      <trkpt lat="51.94668531417847" lon="4.521592855453491">
        <ele>-1.33</ele>
      </trkpt>
      <trkpt lat="51.94677114486694" lon="4.520959854125977">
        <ele>-0.81</ele>
      </trkpt>
      <trkpt lat="51.94680333137512" lon="4.52062726020813">
        <ele>-0.36</ele>
      </trkpt>
      <trkpt lat="51.9468355178833" lon="4.5198655128479">
        <ele>0.1</ele>
      </trkpt>
      <trkpt lat="51.94680333137512" lon="4.518899917602539">
        <ele>0.35</ele>
      </trkpt>
      <trkpt lat="51.946738958358765" lon="4.518299102783203">
        <ele>0.79</ele>
      </trkpt>
      <trkpt lat="51.94637417793274" lon="4.516164064407349">
        <ele>1.37</ele>
      </trkpt>
      <trkpt lat="51.94637426175177" lon="4.516164064407349">
        <ele>1.79</ele>
      </trkpt>
      <trkpt lat="51.94629907608032" lon="4.515788555145264">
        <ele>2.25</ele>
      </trkpt>
      <trkpt lat="51.946299159899354" lon="4.515788555145264">
        <ele>2.63</ele>
      </trkpt>
      <trkpt lat="51.94590210914612" lon="4.514104127883911">
        <ele>3.17</ele>
      </trkpt>
      <trkpt lat="51.94558024406433" lon="4.512988328933716">
        <ele>3.44</ele>
      </trkpt>
      <trkpt lat="51.94558032788336" lon="4.512988328933716">
        <ele>3.73</ele>
      </trkpt>
      <trkpt lat="51.944496631622314" lon="4.5092010498046875">
        <ele>4.04</ele>
      </trkpt>
      <trkpt lat="51.944003105163574" lon="4.507699012756348">
        <ele>4.1</ele>
      </trkpt>
      <trkpt lat="51.943734884262085" lon="4.507033824920654">
        <ele>4.43</ele>
      </trkpt>
      <trkpt lat="51.94373496808112" lon="4.507033824920654">
        <ele>4.58</ele>
      </trkpt>
      <trkpt lat="51.9433057308197" lon="4.5060038566589355">
        <ele>4.79</ele>
      </trkpt>
      <trkpt lat="51.94310188293457" lon="4.505596160888672">
        <ele>4.82</ele>
      </trkpt>
      <trkpt lat="51.942704916000366" lon="4.5048987865448">
        <ele>4.76</ele>
      </trkpt>
      <trkpt lat="51.9424045085907" lon="4.504501819610596">
        <ele>4.94</ele>
      </trkpt>
      <trkpt lat="51.94210410118103" lon="4.503997564315796">
        <ele>5.01</ele>
      </trkpt>
      <trkpt lat="51.94181442260742" lon="4.503664970397949">
        <ele>4.87</ele>
      </trkpt>
      <trkpt lat="51.941492557525635" lon="4.5033323764801025">
        <ele>4.77</ele>
      </trkpt>
      <trkpt lat="51.941202878952026" lon="4.503096342086792">
        <ele>4.68</ele>
      </trkpt>
      <trkpt lat="51.93853139877319" lon="4.5014119148254395">
        <ele>4.41</ele>
      </trkpt>
      <trkpt lat="51.938531482592225" lon="4.5014119148254395">
        <ele>4.28</ele>
      </trkpt>
      <trkpt lat="51.93844565190375" lon="4.501347541809082">
        <ele>4.13</ele>
      </trkpt>
      <trkpt lat="51.93834909237921" lon="4.501283168792725">
        <ele>4.0</ele>
      </trkpt>
      <trkpt lat="51.938252532854676" lon="4.501218795776367">
        <ele>3.87</ele>
      </trkpt>
      <trkpt lat="51.93819888867438" lon="4.501175880432129">
        <ele>3.76</ele>
      </trkpt>
      <trkpt lat="51.9381667021662" lon="4.50114369392395">
        <ele>3.66</ele>
      </trkpt>
      <trkpt lat="51.93779110908508" lon="4.500821828842163">
        <ele>3.65</ele>
      </trkpt>
      <trkpt lat="51.93728685379028" lon="4.500178098678589">
        <ele>3.61</ele>
      </trkpt>
      <trkpt lat="51.936964988708496" lon="4.4996631145477295">
        <ele>3.42</ele>
      </trkpt>
      <trkpt lat="51.936750411987305" lon="4.499244689941406">
        <ele>3.38</ele>
      </trkpt>
      <trkpt lat="51.936750495806336" lon="4.499244689941406">
        <ele>3.36</ele>
      </trkpt>
      <trkpt lat="51.936739683151245" lon="4.49915885925293">
        <ele>3.37</ele>
      </trkpt>
      <trkpt lat="51.93668612278998" lon="4.499030113220215">
        <ele>3.41</ele>
      </trkpt>
      <trkpt lat="51.93662174977362" lon="4.498933553695679">
        <ele>3.44</ele>
      </trkpt>
      <trkpt lat="51.93655729293823" lon="4.498826265335083">
        <ele>3.51</ele>
      </trkpt>
      <trkpt lat="51.93633198738098" lon="4.498622417449951">
        <ele>3.61</ele>
      </trkpt>
      <trkpt lat="51.936149680987" lon="4.4985151290893555">
        <ele>3.68</ele>
      </trkpt>
      <trkpt lat="51.93614959716797" lon="4.4985151290893555">
        <ele>3.73</ele>
      </trkpt>
      <trkpt lat="51.93591356277466" lon="4.498461484909058">
        <ele>3.79</ele>
      </trkpt>
      <trkpt lat="51.934465169906616" lon="4.498075246810913">
        <ele>3.65</ele>
      </trkpt>
      <trkpt lat="51.93444379605353" lon="4.498053789138794">
        <ele>3.7</ele>
      </trkpt>
      <trkpt lat="51.9344437122345" lon="4.498053789138794">
        <ele>3.77</ele>
      </trkpt>
      <trkpt lat="51.93437933921814" lon="4.498010873794556">
        <ele>3.84</ele>
      </trkpt>
      <trkpt lat="51.934304321184754" lon="4.4979894161224365">
        <ele>3.92</ele>
      </trkpt>
      <trkpt lat="51.934282863512635" lon="4.498010873794556">
        <ele>4.03</ele>
      </trkpt>
      <trkpt lat="51.9342827796936" lon="4.498010873794556">
        <ele>4.14</ele>
      </trkpt>
      <trkpt lat="51.933971643447876" lon="4.497935771942139">
        <ele>4.36</ele>
      </trkpt>
      <trkpt lat="51.93385371007025" lon="4.497882127761841">
        <ele>4.54</ele>
      </trkpt>
      <trkpt lat="51.93385362625122" lon="4.497882127761841">
        <ele>4.65</ele>
      </trkpt>
      <trkpt lat="51.93364977836609" lon="4.497807025909424">
        <ele>4.8</ele>
      </trkpt>
      <trkpt lat="51.93305969238281" lon="4.497635364532471">
        <ele>4.83</ele>
      </trkpt>
      <trkpt lat="51.93280220031738" lon="4.497581720352173">
        <ele>4.93</ele>
      </trkpt>
      <trkpt lat="51.93257697857916" lon="4.497506618499756">
        <ele>5.04</ele>
      </trkpt>
      <trkpt lat="51.932544792070985" lon="4.497495889663696">
        <ele>5.08</ele>
      </trkpt>
      <trkpt lat="51.93245896138251" lon="4.497474431991577">
        <ele>5.11</ele>
      </trkpt>
      <trkpt lat="51.93194397725165" lon="4.497345685958862">
        <ele>5.0</ele>
      </trkpt>
      <trkpt lat="51.93184733390808" lon="4.497334957122803">
        <ele>4.99</ele>
      </trkpt>
      <trkpt lat="51.93165421485901" lon="4.497388601303101">
        <ele>4.99</ele>
      </trkpt>
      <trkpt lat="51.93089255131781" lon="4.497174024581909">
        <ele>4.92</ele>
      </trkpt>
      <trkpt lat="51.93089246749878" lon="4.497174024581909">
        <ele>4.89</ele>
      </trkpt>
      <trkpt lat="51.93059214390814" lon="4.497098922729492">
        <ele>4.87</ele>
      </trkpt>
      <trkpt lat="51.930216550827026" lon="4.496980905532837">
        <ele>4.88</ele>
      </trkpt>
      <trkpt lat="51.930077159777284" lon="4.496862888336182">
        <ele>4.81</ele>
      </trkpt>
      <trkpt lat="51.92994832992554" lon="4.496819972991943">
        <ele>4.72</ele>
      </trkpt>
      <trkpt lat="51.929508531466126" lon="4.4967663288116455">
        <ele>4.61</ele>
      </trkpt>
      <trkpt lat="51.92897208966315" lon="4.49664831161499">
        <ele>4.64</ele>
      </trkpt>
      <trkpt lat="51.9287467841059" lon="4.496508836746216">
        <ele>4.6</ele>
      </trkpt>
      <trkpt lat="51.92872532643378" lon="4.496508836746216">
        <ele>4.51</ele>
      </trkpt>
      <trkpt lat="51.92867159843445" lon="4.4964659214019775">
        <ele>4.43</ele>
      </trkpt>
      <trkpt lat="51.928499937057495" lon="4.496358633041382">
        <ele>4.31</ele>
      </trkpt>
      <trkpt lat="51.92838191986084" lon="4.4963157176971436">
        <ele>4.19</ele>
      </trkpt>
      <trkpt lat="51.92800649441779" lon="4.496272802352905">
        <ele>3.96</ele>
      </trkpt>
      <trkpt lat="51.927309120073915" lon="4.496240615844727">
        <ele>3.75</ele>
      </trkpt>
      <trkpt lat="51.927062356844544" lon="4.496208429336548">
        <ele>3.88</ele>
      </trkpt>
      <trkpt lat="51.926482915878296" lon="4.49614405632019">
        <ele>3.93</ele>
      </trkpt>
      <trkpt lat="51.926322067156434" lon="4.4959938526153564">
        <ele>3.83</ele>
      </trkpt>
      <trkpt lat="51.92624696530402" lon="4.495972394943237">
        <ele>3.77</ele>
      </trkpt>
      <trkpt lat="51.926246881484985" lon="4.495972394943237">
        <ele>3.76</ele>
      </trkpt>
      <trkpt lat="51.92597874440253" lon="4.494920969009399">
        <ele>3.83</ele>
      </trkpt>
      <trkpt lat="51.9259250164032" lon="4.494674205780029">
        <ele>3.84</ele>
      </trkpt>
      <trkpt lat="51.92591428756714" lon="4.494384527206421">
        <ele>3.84</ele>
      </trkpt>
      <trkpt lat="51.92593574523926" lon="4.493858814239502">
        <ele>3.75</ele>
      </trkpt>
      <trkpt lat="51.92594655789435" lon="4.493697881698608">
        <ele>3.79</ele>
      </trkpt>
      <trkpt lat="51.92594647407532" lon="4.493697881698608">
        <ele>3.82</ele>
      </trkpt>
      <trkpt lat="51.92597874440253" lon="4.492861032485962">
        <ele>4.18</ele>
      </trkpt>
      <trkpt lat="51.92597874440253" lon="4.492743015289307">
        <ele>4.21</ele>
      </trkpt>
      <trkpt lat="51.926032388582826" lon="4.491627216339111">
        <ele>4.23</ele>
      </trkpt>
      <trkpt lat="51.926032304763794" lon="4.491627216339111">
        <ele>4.19</ele>
      </trkpt>
      <trkpt lat="51.926043117418885" lon="4.491391181945801">
        <ele>4.14</ele>
      </trkpt>
      <trkpt lat="51.926064575091004" lon="4.490736722946167">
        <ele>3.84</ele>
      </trkpt>
      <trkpt lat="51.926075303927064" lon="4.490543603897095">
        <ele>3.72</ele>
      </trkpt>
      <trkpt lat="51.92615040577948" lon="4.489181041717529">
        <ele>3.36</ele>
      </trkpt>
      <trkpt lat="51.92618250846863" lon="4.489148855209351">
        <ele>3.26</ele>
      </trkpt>
      <trkpt lat="51.92641854286194" lon="4.489138126373291">
        <ele>3.22</ele>
      </trkpt>
      <trkpt lat="51.92669757641852" lon="4.489030838012695">
        <ele>3.18</ele>
      </trkpt>
      <trkpt lat="51.927523696795106" lon="4.488633871078491">
        <ele>3.44</ele>
      </trkpt>
      <trkpt lat="51.927781188860536" lon="4.488537311553955">
        <ele>3.4</ele>
      </trkpt>
      <trkpt lat="51.92784556187689" lon="4.488505125045776">
        <ele>3.35</ele>
      </trkpt>
      <trkpt lat="51.92796357907355" lon="4.4884514808654785">
        <ele>3.25</ele>
      </trkpt>
      <trkpt lat="51.928027868270874" lon="4.488397836685181">
        <ele>3.19</ele>
      </trkpt>
      <trkpt lat="51.92798503674567" lon="4.488215446472168">
        <ele>3.15</ele>
      </trkpt>
      <trkpt lat="51.92792066372931" lon="4.487979412078857">
        <ele>3.08</ele>
      </trkpt>
      <trkpt lat="51.92792057991028" lon="4.487979412078857">
        <ele>3.08</ele>
      </trkpt>
      <trkpt lat="51.92759879864752" lon="4.487024545669556">
        <ele>2.99</ele>
      </trkpt>
      <trkpt lat="51.927545154467225" lon="4.486842155456543">
        <ele>3.1</ele>
      </trkpt>
      <trkpt lat="51.927523696795106" lon="4.486767053604126">
        <ele>3.19</ele>
      </trkpt>
      <trkpt lat="51.92745932377875" lon="4.486595392227173">
        <ele>3.32</ele>
      </trkpt>
      <trkpt lat="51.92744859494269" lon="4.486541748046875">
        <ele>3.37</ele>
      </trkpt>
      <trkpt lat="51.92744851112366" lon="4.486541748046875">
        <ele>3.41</ele>
      </trkpt>
      <trkpt lat="51.927040815353394" lon="4.485211372375488">
        <ele>3.68</ele>
      </trkpt>
      <trkpt lat="51.926976442337036" lon="4.485071897506714">
        <ele>3.66</ele>
      </trkpt>
      <trkpt lat="51.92694433964789" lon="4.484986066818237">
        <ele>3.64</ele>
      </trkpt>
      <trkpt lat="51.9268798828125" lon="4.4848573207855225">
        <ele>3.6</ele>
      </trkpt>
      <trkpt lat="51.92680478096008" lon="4.484685659408569">
        <ele>3.56</ele>
      </trkpt>
      <trkpt lat="51.92670822143555" lon="4.4844067096710205">
        <ele>3.59</ele>
      </trkpt>
      <trkpt lat="51.92604303359985" lon="4.482775926589966">
        <ele>3.49</ele>
      </trkpt>
      <trkpt lat="51.92589291371405" lon="4.482357501983643">
        <ele>3.34</ele>
      </trkpt>
      <trkpt lat="51.92589282989502" lon="4.482357501983643">
        <ele>3.38</ele>
      </trkpt>
      <trkpt lat="51.92539930343628" lon="4.48093056678772">
        <ele>3.61</ele>
      </trkpt>
      <trkpt lat="51.92516326904297" lon="4.4802117347717285">
        <ele>3.61</ele>
      </trkpt>
      <trkpt lat="51.9251097086817" lon="4.479943513870239">
        <ele>3.69</ele>
      </trkpt>
      <trkpt lat="51.92510962486267" lon="4.479943513870239">
        <ele>3.92</ele>
      </trkpt>
      <trkpt lat="51.92508825100958" lon="4.479868412017822">
        <ele>4.2</ele>
      </trkpt>
      <trkpt lat="51.925045335665345" lon="4.479653835296631">
        <ele>4.56</ele>
      </trkpt>
      <trkpt lat="51.925023877993226" lon="4.479546546936035">
        <ele>4.97</ele>
      </trkpt>
      <trkpt lat="51.92501314915717" lon="4.4795143604278564">
        <ele>5.43</ele>
      </trkpt>
      <trkpt lat="51.92500242032111" lon="4.479460716247559">
        <ele>5.92</ele>
      </trkpt>
      <trkpt lat="51.924809301272035" lon="4.4784629344940186">
        <ele>7.22</ele>
      </trkpt>
      <trkpt lat="51.924798572435975" lon="4.478409290313721">
        <ele>7.66</ele>
      </trkpt>
      <trkpt lat="51.92498096264899" lon="4.477829933166504">
        <ele>7.99</ele>
      </trkpt>
      <trkpt lat="51.924980878829956" lon="4.477829933166504">
        <ele>8.39</ele>
      </trkpt>
      <trkpt lat="51.92494877614081" lon="4.4776904582977295">
        <ele>8.66</ele>
      </trkpt>
      <trkpt lat="51.92486294545233" lon="4.477282762527466">
        <ele>8.8</ele>
      </trkpt>
      <trkpt lat="51.924830758944154" lon="4.477111101150513">
        <ele>9.19</ele>
      </trkpt>
      <trkpt lat="51.92459464073181" lon="4.47693943977356">
        <ele>9.79</ele>
      </trkpt>
      <trkpt lat="51.924487352371216" lon="4.476799964904785">
        <ele>10.1</ele>
      </trkpt>
      <trkpt lat="51.92439087666571" lon="4.476306438446045">
        <ele>10.4</ele>
      </trkpt>
      <trkpt lat="51.92435869015753" lon="4.4761669635772705">
        <ele>10.69</ele>
      </trkpt>
      <trkpt lat="51.92416548728943" lon="4.475233554840088">
        <ele>10.81</ele>
      </trkpt>
      <trkpt lat="51.92413338460028" lon="4.47517991065979">
        <ele>11.14</ele>
      </trkpt>
      <trkpt lat="51.92407965660095" lon="4.475051164627075">
        <ele>11.48</ele>
      </trkpt>
      <trkpt lat="51.92407965660095" lon="4.474965333938599">
        <ele>11.76</ele>
      </trkpt>
      <trkpt lat="51.92409038543701" lon="4.474836587905884">
        <ele>12.05</ele>
      </trkpt>
      <trkpt lat="51.924079740419984" lon="4.474761486053467">
        <ele>12.32</ele>
      </trkpt>
      <trkpt lat="51.924036825075746" lon="4.474536180496216">
        <ele>12.72</ele>
      </trkpt>
      <trkpt lat="51.9237578753382" lon="4.473205804824829">
        <ele>13.72</ele>
      </trkpt>
      <trkpt lat="51.923757791519165" lon="4.473205804824829">
        <ele>13.53</ele>
      </trkpt>
      <trkpt lat="51.92373641766608" lon="4.473077058792114">
        <ele>13.18</ele>
      </trkpt>
      <trkpt lat="51.92338236607611" lon="4.471371173858643">
        <ele>11.71</ele>
      </trkpt>
      <trkpt lat="51.9233500957489" lon="4.471263885498047">
        <ele>11.51</ele>
      </trkpt>
      <trkpt lat="51.92318916320801" lon="4.470845460891724">
        <ele>11.4</ele>
      </trkpt>
      <trkpt lat="51.923081958666444" lon="4.470469951629639">
        <ele>11.01</ele>
      </trkpt>
      <trkpt lat="51.92304968833923" lon="4.469879865646362">
        <ele>10.68</ele>
      </trkpt>
      <trkpt lat="51.923038959503174" lon="4.469783306121826">
        <ele>10.41</ele>
      </trkpt>
      <trkpt lat="51.923017501831055" lon="4.469547271728516">
        <ele>10.2</ele>
      </trkpt>
      <trkpt lat="51.92260980606079" lon="4.467498064041138">
        <ele>9.97</ele>
      </trkpt>
      <trkpt lat="51.92259907722473" lon="4.467090368270874">
        <ele>9.79</ele>
      </trkpt>
      <trkpt lat="51.922642076388" lon="4.466317892074585">
        <ele>9.37</ele>
      </trkpt>
      <trkpt lat="51.92265280522406" lon="4.466114044189453">
        <ele>9.17</ele>
      </trkpt>
      <trkpt lat="51.92267426289618" lon="4.465920925140381">
        <ele>9.07</ele>
      </trkpt>
      <trkpt lat="51.92267417907715" lon="4.465920925140381">
        <ele>8.96</ele>
      </trkpt>
      <trkpt lat="51.92271717824042" lon="4.465309381484985">
        <ele>9.02</ele>
      </trkpt>
      <trkpt lat="51.922803008928895" lon="4.463818073272705">
        <ele>9.19</ele>
      </trkpt>
      <trkpt lat="51.922770822420716" lon="4.463045597076416">
        <ele>8.23</ele>
      </trkpt>
      <trkpt lat="51.922770738601685" lon="4.463045597076416">
        <ele>7.76</ele>
      </trkpt>
      <trkpt lat="51.9227493647486" lon="4.462916851043701">
        <ele>7.17</ele>
      </trkpt>
      <trkpt lat="51.922727823257446" lon="4.462745189666748">
        <ele>6.5</ele>
      </trkpt>
      <trkpt lat="51.92266353406012" lon="4.462541341781616">
        <ele>5.8</ele>
      </trkpt>
      <trkpt lat="51.92260980606079" lon="4.462423324584961">
        <ele>5.28</ele>
      </trkpt>
      <trkpt lat="51.922534788027406" lon="4.46244478225708">
        <ele>4.89</ele>
      </trkpt>
      <trkpt lat="51.922534704208374" lon="4.46244478225708">
        <ele>4.64</ele>
      </trkpt>
      <trkpt lat="51.92242749966681" lon="4.462476968765259">
        <ele>4.43</ele>
      </trkpt>
      <trkpt lat="51.9223415851593" lon="4.462498426437378">
        <ele>4.41</ele>
      </trkpt>
      <trkpt lat="51.92240604199469" lon="4.4626593589782715">
        <ele>4.77</ele>
      </trkpt>
      <trkpt lat="51.9224488735199" lon="4.462788105010986">
        <ele>5.17</ele>
      </trkpt>
      <trkpt lat="51.92249187268317" lon="4.462991952896118">
        <ele>5.69</ele>
      </trkpt>
      <trkpt lat="51.922502517700195" lon="4.463109970092773">
        <ele>6.23</ele>
      </trkpt>
      <trkpt lat="51.922577703371644" lon="4.463088512420654">
        <ele>6.85</ele>
      </trkpt>
      <trkpt lat="51.92259564064443" lon="4.463358828797936">
        <ele>7.67</ele>
      </trkpt>
    </trkseg>
  </trk>
</gpx>
