<?xml version="1.0" encoding="UTF-8"?>
<gpx creator="Garmin Connect" version="1.1"
  xsi:schemaLocation="http://www.topografix.com/GPX/1/1 http://www.topografix.com/GPX/11.xsd"
  xmlns:ns3="http://www.garmin.com/xmlschemas/TrackPointExtension/v1"
  xmlns="http://www.topografix.com/GPX/1/1"
  xmlns:xsi="http://www.w3.org/2001/XMLSchema-instance" xmlns:ns2="http://www.garmin.com/xmlschemas/GpxExtensions/v3">
  <metadata>
    <name>167 - NoordwijkJ</name>
    <link href="connect.garmin.com">
      <text>Garmin Connect</text>
    </link>
    <time>2024-04-07T08:14:38.000Z</time>
  </metadata>
  <trk>
    <name>167 - NoordwijkJ</name>
    <trkseg>
      <trkpt lat="51.9243586063385" lon="4.461961816996336">
        <ele>2.0</ele>
      </trkpt>
      <trkpt lat="51.925013065338135" lon="4.461747324094176">
        <ele>2.0</ele>
      </trkpt>
      <trkpt lat="51.92508808337152" lon="4.46170449256897">
        <ele>3.0</ele>
      </trkpt>
      <trkpt lat="51.92509897984564" lon="4.461650848388672">
        <ele>3.0</ele>
      </trkpt>
      <trkpt lat="51.92535630427301" lon="4.461522102355957">
        <ele>3.0</ele>
      </trkpt>
      <trkpt lat="51.92603222094476" lon="4.461221694946289">
        <ele>4.0</ele>
      </trkpt>
      <trkpt lat="51.92609659396112" lon="4.46118950843811">
        <ele>4.0</ele>
      </trkpt>
      <trkpt lat="51.92613959312439" lon="4.4614577293396">
        <ele>4.0</ele>
      </trkpt>
      <trkpt lat="51.92617177963257" lon="4.461693679913878">
        <ele>4.0</ele>
      </trkpt>
      <trkpt lat="51.92619323730469" lon="4.461833154782653">
        <ele>5.0</ele>
      </trkpt>
      <trkpt lat="51.92621469497681" lon="4.461972629651427">
        <ele>5.0</ele>
      </trkpt>
      <trkpt lat="51.92625752650201" lon="4.462144374847412">
        <ele>5.0</ele>
      </trkpt>
      <trkpt lat="51.92631125450134" lon="4.462369596585631">
        <ele>5.0</ele>
      </trkpt>
      <trkpt lat="51.92641845904291" lon="4.463045597076416">
        <ele>5.0</ele>
      </trkpt>
      <trkpt lat="51.92645081318915" lon="4.46316353045404">
        <ele>5.0</ele>
      </trkpt>
      <trkpt lat="51.92648299969733" lon="4.463346004486084">
        <ele>5.0</ele>
      </trkpt>
      <trkpt lat="51.926525831222534" lon="4.463431751355529">
        <ele>5.0</ele>
      </trkpt>
      <trkpt lat="51.92667603492737" lon="4.463710701093078">
        <ele>5.0</ele>
      </trkpt>
      <trkpt lat="51.926729679107666" lon="4.463828802108765">
        <ele>5.0</ele>
      </trkpt>
      <trkpt lat="51.926783323287964" lon="4.464096939191222">
        <ele>5.0</ele>
      </trkpt>
      <trkpt lat="51.92684769630432" lon="4.464257871732116">
        <ele>5.0</ele>
      </trkpt>
      <trkpt lat="51.927008628845215" lon="4.464472448453307">
        <ele>5.0</ele>
      </trkpt>
      <trkpt lat="51.927255392074585" lon="4.464805042371154">
        <ele>5.0</ele>
      </trkpt>
      <trkpt lat="51.92808151245117" lon="4.465942298993468">
        <ele>5.0</ele>
      </trkpt>
      <trkpt lat="51.928682243451476" lon="4.466661214828491">
        <ele>5.0</ele>
      </trkpt>
      <trkpt lat="51.92875734530389" lon="4.466747045516968">
        <ele>4.0</ele>
      </trkpt>
      <trkpt lat="51.929068649187684" lon="4.467133283615112">
        <ele>4.0</ele>
      </trkpt>
      <trkpt lat="51.92906856536865" lon="4.467133283615112">
        <ele>4.0</ele>
      </trkpt>
      <trkpt lat="51.92941188812256" lon="4.467637538909912">
        <ele>4.0</ele>
      </trkpt>
      <trkpt lat="51.92972310818732" lon="4.468131065368652">
        <ele>4.0</ele>
      </trkpt>
      <trkpt lat="51.93006634712219" lon="4.468592405319214">
        <ele>4.0</ele>
      </trkpt>
      <trkpt lat="51.93062424659729" lon="4.469279050827026">
        <ele>5.0</ele>
      </trkpt>
      <trkpt lat="51.93075307644904" lon="4.4695258140563965">
        <ele>5.0</ele>
      </trkpt>
      <trkpt lat="51.93075290881097" lon="4.4695258140563965">
        <ele>5.0</ele>
      </trkpt>
      <trkpt lat="51.93071007728577" lon="4.469633102416992">
        <ele>5.0</ele>
      </trkpt>
      <trkpt lat="51.930763805285096" lon="4.469697391614318">
        <ele>5.0</ele>
      </trkpt>
      <trkpt lat="51.930763721466064" lon="4.469697391614318">
        <ele>5.0</ele>
      </trkpt>
      <trkpt lat="51.93083890713751" lon="4.4697832223027945">
        <ele>5.0</ele>
      </trkpt>
      <trkpt lat="51.93092473782599" lon="4.4699013233184814">
        <ele>5.0</ele>
      </trkpt>
      <trkpt lat="51.93099983967841" lon="4.470019340515137">
        <ele>5.0</ele>
      </trkpt>
      <trkpt lat="51.93107477389276" lon="4.469836866483092">
        <ele>4.0</ele>
      </trkpt>
      <trkpt lat="51.93111785687506" lon="4.469708204269409">
        <ele>4.0</ele>
      </trkpt>
      <trkpt lat="51.931182062253356" lon="4.469418525695801">
        <ele>4.0</ele>
      </trkpt>
      <trkpt lat="51.93161129951477" lon="4.467970132827759">
        <ele>4.0</ele>
      </trkpt>
      <trkpt lat="51.93161121569574" lon="4.467970132827759">
        <ele>4.0</ele>
      </trkpt>
      <trkpt lat="51.931793773546815" lon="4.467358505353332">
        <ele>4.0</ele>
      </trkpt>
      <trkpt lat="51.9318151473999" lon="4.467294216156006">
        <ele>4.0</ele>
      </trkpt>
      <trkpt lat="51.93187960423529" lon="4.467197572812438">
        <ele>3.0</ele>
      </trkpt>
      <trkpt lat="51.93187952041626" lon="4.467197572812438">
        <ele>3.0</ele>
      </trkpt>
      <trkpt lat="51.93195470608771" lon="4.4671117421239614">
        <ele>3.0</ele>
      </trkpt>
      <trkpt lat="51.93195462226868" lon="4.4671117421239614">
        <ele>3.0</ele>
      </trkpt>
      <trkpt lat="51.933757150545716" lon="4.465577602386475">
        <ele>3.0</ele>
      </trkpt>
      <trkpt lat="51.933757066726685" lon="4.465577602386475">
        <ele>3.0</ele>
      </trkpt>
      <trkpt lat="51.93383225239813" lon="4.4655131455510855">
        <ele>3.0</ele>
      </trkpt>
      <trkpt lat="51.93395018577576" lon="4.465416669845581">
        <ele>3.0</ele>
      </trkpt>
      <trkpt lat="51.93403601646423" lon="4.465341484174132">
        <ele>3.0</ele>
      </trkpt>
      <trkpt lat="51.93487294949591" lon="4.464622735977173">
        <ele>3.0</ele>
      </trkpt>
      <trkpt lat="51.93490505218506" lon="4.464590549468994">
        <ele>3.0</ele>
      </trkpt>
      <trkpt lat="51.93503379821777" lon="4.464440261945128">
        <ele>3.0</ele>
      </trkpt>
      <trkpt lat="51.93513027392328" lon="4.464322328567505">
        <ele>3.0</ele>
      </trkpt>
      <trkpt lat="51.93633190356195" lon="4.463303005322814">
        <ele>2.0</ele>
      </trkpt>
      <trkpt lat="51.936460733413696" lon="4.463227987289429">
        <ele>2.0</ele>
      </trkpt>
      <trkpt lat="51.936460649594665" lon="4.463227987289429">
        <ele>2.0</ele>
      </trkpt>
      <trkpt lat="51.93698636256158" lon="4.462798833847046">
        <ele>2.0</ele>
      </trkpt>
      <trkpt lat="51.93712600506842" lon="4.462702190503478">
        <ele>2.0</ele>
      </trkpt>
      <trkpt lat="51.93716883659363" lon="4.462670003995299">
        <ele>2.0</ele>
      </trkpt>
      <trkpt lat="51.937319124117494" lon="4.462552070617676">
        <ele>2.0</ele>
      </trkpt>
      <trkpt lat="51.93738341331482" lon="4.462498426437378">
        <ele>2.0</ele>
      </trkpt>
      <trkpt lat="51.93734058178961" lon="4.462369596585631">
        <ele>2.0</ele>
      </trkpt>
      <trkpt lat="51.937265479937196" lon="4.462165832519531">
        <ele>2.0</ele>
      </trkpt>
      <trkpt lat="51.937254667282104" lon="4.462144374847412">
        <ele>3.0</ele>
      </trkpt>
      <trkpt lat="51.937211751937866" lon="4.462037086486816">
        <ele>3.0</ele>
      </trkpt>
      <trkpt lat="51.9373083114624" lon="4.461994087323546">
        <ele>3.0</ele>
      </trkpt>
      <trkpt lat="51.93730822764337" lon="4.461994087323546">
        <ele>3.0</ele>
      </trkpt>
      <trkpt lat="51.93757644854486" lon="4.461747324094176">
        <ele>3.0</ele>
      </trkpt>
      <trkpt lat="51.93776956759393" lon="4.461489915847778">
        <ele>3.0</ele>
      </trkpt>
      <trkpt lat="51.9378125667572" lon="4.461382627487183">
        <ele>3.0</ele>
      </trkpt>
      <trkpt lat="51.93783402442932" lon="4.461285984143615">
        <ele>3.0</ele>
      </trkpt>
      <trkpt lat="51.93783410824835" lon="4.460889101028442">
        <ele>3.0</ele>
      </trkpt>
      <trkpt lat="51.93789839744568" lon="4.460738813504577">
        <ele>4.0</ele>
      </trkpt>
      <trkpt lat="51.938005769625306" lon="4.460588693618774">
        <ele>4.0</ele>
      </trkpt>
      <trkpt lat="51.93811297416687" lon="4.460438406094909">
        <ele>4.0</ele>
      </trkpt>
      <trkpt lat="51.938241720199585" lon="4.460309660062194">
        <ele>4.0</ele>
      </trkpt>
      <trkpt lat="51.93838119506836" lon="4.460234642028809">
        <ele>4.0</ele>
      </trkpt>
      <trkpt lat="51.93838127888739" lon="4.460234642028809">
        <ele>4.0</ele>
      </trkpt>
      <trkpt lat="51.938520753756166" lon="4.460159540176392">
        <ele>4.0</ele>
      </trkpt>
      <trkpt lat="51.93861714564264" lon="4.460105895996094">
        <ele>5.0</ele>
      </trkpt>
      <trkpt lat="51.93877807818353" lon="4.460180997848511">
        <ele>5.0</ele>
      </trkpt>
      <trkpt lat="51.93894982337952" lon="4.460320472717285">
        <ele>5.0</ele>
      </trkpt>
      <trkpt lat="51.93906784057617" lon="4.460374116897583">
        <ele>5.0</ele>
      </trkpt>
      <trkpt lat="51.93918585777283" lon="4.460395574569702">
        <ele>5.0</ele>
      </trkpt>
      <trkpt lat="51.93958290852606" lon="4.4602131843566895">
        <ele>5.0</ele>
      </trkpt>
      <trkpt lat="51.93969019688666" lon="4.4601701851934195">
        <ele>5.0</ele>
      </trkpt>
      <trkpt lat="51.93989396095276" lon="4.460073709487915">
        <ele>5.0</ele>
      </trkpt>
      <trkpt lat="51.940205097198486" lon="4.4599449634552">
        <ele>5.0</ele>
      </trkpt>
      <trkpt lat="51.94081655703485" lon="4.459751844406128">
        <ele>5.0</ele>
      </trkpt>
      <trkpt lat="51.9410418625921" lon="4.459719657897949">
        <ele>5.0</ele>
      </trkpt>
      <trkpt lat="51.94157830439508" lon="4.4596874713897705">
        <ele>5.0</ele>
      </trkpt>
      <trkpt lat="51.94157838821411" lon="4.4596874713897705">
        <ele>4.0</ele>
      </trkpt>
      <trkpt lat="51.94192179478705" lon="4.459676658734679">
        <ele>4.0</ele>
      </trkpt>
      <trkpt lat="51.94342374801636" lon="4.459666013717651">
        <ele>4.0</ele>
      </trkpt>
      <trkpt lat="51.94382063113153" lon="4.459644556045532">
        <ele>4.0</ele>
      </trkpt>
      <trkpt lat="51.94390662945807" lon="4.459601556882262">
        <ele>4.0</ele>
      </trkpt>
      <trkpt lat="51.94403529167175" lon="4.4596123695373535">
        <ele>3.0</ele>
      </trkpt>
      <trkpt lat="51.94411030970514" lon="4.4596123695373535">
        <ele>3.0</ele>
      </trkpt>
      <trkpt lat="51.944163953885436" lon="4.459644556045532">
        <ele>3.0</ele>
      </trkpt>
      <trkpt lat="51.944539630785584" lon="4.459666013717651">
        <ele>3.0</ele>
      </trkpt>
      <trkpt lat="51.94602012634277" lon="4.459633827209473">
        <ele>2.0</ele>
      </trkpt>
      <trkpt lat="51.94610587321222" lon="4.459623014554381">
        <ele>2.0</ele>
      </trkpt>
      <trkpt lat="51.94610595703125" lon="4.459623014554381">
        <ele>2.0</ele>
      </trkpt>
      <trkpt lat="51.94651356898248" lon="4.459590911865234">
        <ele>2.0</ele>
      </trkpt>
      <trkpt lat="51.94783329963684" lon="4.459258317947388">
        <ele>1.0</ele>
      </trkpt>
      <trkpt lat="51.948455572128296" lon="4.459075843915343">
        <ele>1.0</ele>
      </trkpt>
      <trkpt lat="51.948509300127625" lon="4.458786165341735">
        <ele>1.0</ele>
      </trkpt>
      <trkpt lat="51.94854140281677" lon="4.45866814814508">
        <ele>1.0</ele>
      </trkpt>
      <trkpt lat="51.948541486635804" lon="4.45866814814508">
        <ele>1.0</ele>
      </trkpt>
      <trkpt lat="51.9485520478338" lon="4.458593046292663">
        <ele>1.0</ele>
      </trkpt>
      <trkpt lat="51.94860577583313" lon="4.4584213849157095">
        <ele>0.0</ele>
      </trkpt>
      <trkpt lat="51.948745250701904" lon="4.458367740735412">
        <ele>0.0</ele>
      </trkpt>
      <trkpt lat="51.949002826586366" lon="4.458303451538086">
        <ele>0.0</ele>
      </trkpt>
      <trkpt lat="51.94913157261908" lon="4.458281993865967">
        <ele>0.0</ele>
      </trkpt>
      <trkpt lat="51.949474811553955" lon="4.458281993865967">
        <ele>0.0</ele>
      </trkpt>
      <trkpt lat="51.95110559463501" lon="4.458228349685669">
        <ele>0.0</ele>
      </trkpt>
      <trkpt lat="51.9513738155365" lon="4.458217620849609">
        <ele>0.0</ele>
      </trkpt>
      <trkpt lat="51.9523823261261" lon="4.457917213439941">
        <ele>0.0</ele>
      </trkpt>
      <trkpt lat="51.95355185307562" lon="4.457402229309082">
        <ele>0.0</ele>
      </trkpt>
      <trkpt lat="51.954452991485596" lon="4.45690861903131">
        <ele>0.0</ele>
      </trkpt>
      <trkpt lat="51.954753398895264" lon="4.456715499982238">
        <ele>0.0</ele>
      </trkpt>
      <trkpt lat="51.95480704307556" lon="4.45666185580194">
        <ele>0.0</ele>
      </trkpt>
      <trkpt lat="51.95486068725586" lon="4.4566404819488525">
        <ele>0.0</ele>
      </trkpt>
      <trkpt lat="51.954935789108276" lon="4.4566404819488525">
        <ele>0.0</ele>
      </trkpt>
      <trkpt lat="51.95495733059943" lon="4.456554567441344">
        <ele>0.0</ele>
      </trkpt>
      <trkpt lat="51.954989517107606" lon="4.456468736752868">
        <ele>0.0</ele>
      </trkpt>
      <trkpt lat="51.95501080714166" lon="4.456425905227661">
        <ele>0.0</ele>
      </trkpt>
      <trkpt lat="51.95508599281311" lon="4.456372261047363">
        <ele>0.0</ele>
      </trkpt>
      <trkpt lat="51.95526838302612" lon="4.456350803375244">
        <ele>0.0</ele>
      </trkpt>
      <trkpt lat="51.95542939938605" lon="4.456232786178589">
        <ele>0.0</ele>
      </trkpt>
      <trkpt lat="51.95582628250122" lon="4.455878734588623">
        <ele>0.0</ele>
      </trkpt>
      <trkpt lat="51.95582619868219" lon="4.455878734588623">
        <ele>0.0</ele>
      </trkpt>
      <trkpt lat="51.95659875869751" lon="4.455138361081481">
        <ele>0.0</ele>
      </trkpt>
      <trkpt lat="51.9571138266474" lon="4.454580545425415">
        <ele>0.0</ele>
      </trkpt>
      <trkpt lat="51.95756427012384" lon="4.454097663983703">
        <ele>0.0</ele>
      </trkpt>
      <trkpt lat="51.957918321713805" lon="4.453679323196411">
        <ele>0.0</ele>
      </trkpt>
      <trkpt lat="51.95805779658258" lon="4.453550493344665">
        <ele>0.0</ele>
      </trkpt>
      <trkpt lat="51.95828318595886" lon="4.45346474647522">
        <ele>0.0</ele>
      </trkpt>
      <trkpt lat="51.95835820399225" lon="4.45346474647522">
        <ele>0.0</ele>
      </trkpt>
      <trkpt lat="51.958433389663696" lon="4.453496849164367">
        <ele>0.0</ele>
      </trkpt>
      <trkpt lat="51.958433305844665" lon="4.453496849164367">
        <ele>0.0</ele>
      </trkpt>
      <trkpt lat="51.95851913653314" lon="4.453539848327637">
        <ele>0.0</ele>
      </trkpt>
      <trkpt lat="51.95862642489374" lon="4.45365778170526">
        <ele>0.0</ele>
      </trkpt>
      <trkpt lat="51.958690881729126" lon="4.4537757989019156">
        <ele>0.0</ele>
      </trkpt>
      <trkpt lat="51.95947400294244" lon="4.455438768491149">
        <ele>0.0</ele>
      </trkpt>
      <trkpt lat="51.959677934646606" lon="4.455986022949219">
        <ele>0.0</ele>
      </trkpt>
      <trkpt lat="51.959903156384826" lon="4.456715499982238">
        <ele>0.0</ele>
      </trkpt>
      <trkpt lat="51.960203647613525" lon="4.457402229309082">
        <ele>0.0</ele>
      </trkpt>
      <trkpt lat="51.96032174862921" lon="4.457638179883361">
        <ele>0.0</ele>
      </trkpt>
      <trkpt lat="51.960439682006836" lon="4.457884943112731">
        <ele>0.0</ele>
      </trkpt>
      <trkpt lat="51.96058980189264" lon="4.458013689145446">
        <ele>0.0</ele>
      </trkpt>
      <trkpt lat="51.9608473777771" lon="4.458142518997192">
        <ele>0.0</ele>
      </trkpt>
      <trkpt lat="51.96083664894104" lon="4.458249807357788">
        <ele>0.0</ele>
      </trkpt>
      <trkpt lat="51.96082583628595" lon="4.4583462830632925">
        <ele>0.0</ele>
      </trkpt>
      <trkpt lat="51.96378707885742" lon="4.459826946258545">
        <ele>0.0</ele>
      </trkpt>
      <trkpt lat="51.96409821510315" lon="4.459923421964049">
        <ele>0.0</ele>
      </trkpt>
      <trkpt lat="51.96409813128412" lon="4.459923421964049">
        <ele>0.0</ele>
      </trkpt>
      <trkpt lat="51.96431270800531" lon="4.459891235455871">
        <ele>0.0</ele>
      </trkpt>
      <trkpt lat="51.964441537857056" lon="4.459816133603454">
        <ele>0.0</ele>
      </trkpt>
      <trkpt lat="51.96461311541498" lon="4.459666013717651">
        <ele>0.0</ele>
      </trkpt>
      <trkpt lat="51.96575045585632" lon="4.458067333325744">
        <ele>0.0</ele>
      </trkpt>
      <trkpt lat="51.96581474505365" lon="4.457938587293029">
        <ele>0.0</ele>
      </trkpt>
      <trkpt lat="51.965943574905396" lon="4.457595348358154">
        <ele>0.0</ele>
      </trkpt>
      <trkpt lat="51.96599721908569" lon="4.45745587348938">
        <ele>0.0</ele>
      </trkpt>
      <trkpt lat="51.96602932177484" lon="4.457337772473693">
        <ele>0.0</ele>
      </trkpt>
      <trkpt lat="51.96599721908569" lon="4.4571231957525015">
        <ele>0.0</ele>
      </trkpt>
      <trkpt lat="51.96599721908569" lon="4.456983720883727">
        <ele>0.0</ele>
      </trkpt>
      <trkpt lat="51.96610450744629" lon="4.456629669293761">
        <ele>0.0</ele>
      </trkpt>
      <trkpt lat="51.966190338134766" lon="4.4565653800964355">
        <ele>0.0</ele>
      </trkpt>
      <trkpt lat="51.967434883117676" lon="4.459215318784118">
        <ele>0.0</ele>
      </trkpt>
      <trkpt lat="51.96707001887262" lon="4.459644556045532">
        <ele>0.0</ele>
      </trkpt>
      <trkpt lat="51.967660104855895" lon="4.460921287536621">
        <ele>0.0</ele>
      </trkpt>
      <trkpt lat="51.96777812205255" lon="4.461103677749634">
        <ele>0.0</ele>
      </trkpt>
      <trkpt lat="51.968196630477905" lon="4.461597204208374">
        <ele>0.0</ele>
      </trkpt>
      <trkpt lat="51.968711614608765" lon="4.461886798962951">
        <ele>0.0</ele>
      </trkpt>
      <trkpt lat="51.96909785270691" lon="4.46195125579834">
        <ele>0.0</ele>
      </trkpt>
      <trkpt lat="51.96956992149353" lon="4.461918985471129">
        <ele>0.0</ele>
      </trkpt>
      <trkpt lat="51.9695698376745" lon="4.461918985471129">
        <ele>0.0</ele>
      </trkpt>
      <trkpt lat="51.969902431592345" lon="4.461897611618042">
        <ele>0.0</ele>
      </trkpt>
      <trkpt lat="51.969988429918885" lon="4.461865425109863">
        <ele>0.0</ele>
      </trkpt>
      <trkpt lat="51.96998834609985" lon="4.461865425109863">
        <ele>0.0</ele>
      </trkpt>
      <trkpt lat="51.97028875350952" lon="4.461747324094176">
        <ele>0.0</ele>
      </trkpt>
      <trkpt lat="51.9705783482641" lon="4.461554205045104">
        <ele>0.0</ele>
      </trkpt>
      <trkpt lat="51.97156540118158" lon="4.460545694455504">
        <ele>0.0</ele>
      </trkpt>
      <trkpt lat="51.97185507975519" lon="4.460277473554015">
        <ele>0.0</ele>
      </trkpt>
      <trkpt lat="51.972134029492736" lon="4.460041522979736">
        <ele>0.0</ele>
      </trkpt>
      <trkpt lat="51.973206996917725" lon="4.459751844406128">
        <ele>0.0</ele>
      </trkpt>
      <trkpt lat="51.975706899538636" lon="4.459022199735045">
        <ele>0.0</ele>
      </trkpt>
      <trkpt lat="51.975706815719604" lon="4.459022199735045">
        <ele>0.0</ele>
      </trkpt>
      <trkpt lat="51.97574964724481" lon="4.459011554718018">
        <ele>0.0</ele>
      </trkpt>
      <trkpt lat="51.97622171603143" lon="4.458861267194152">
        <ele>0.0</ele>
      </trkpt>
      <trkpt lat="51.976414918899536" lon="4.458700334653258">
        <ele>0.0</ele>
      </trkpt>
      <trkpt lat="51.97651147842407" lon="4.458743333816528">
        <ele>0.0</ele>
      </trkpt>
      <trkpt lat="51.97657593525946" lon="4.4587647914886475">
        <ele>0.0</ele>
      </trkpt>
      <trkpt lat="51.97664022445679" lon="4.458796977996826">
        <ele>0.0</ele>
      </trkpt>
      <trkpt lat="51.976715326309204" lon="4.458861267194152">
        <ele>0.0</ele>
      </trkpt>
      <trkpt lat="51.9769727345556" lon="4.459344148635864">
        <ele>0.0</ele>
      </trkpt>
      <trkpt lat="51.977380430325866" lon="4.460041522979736">
        <ele>0.0</ele>
      </trkpt>
      <trkpt lat="51.97755209170282" lon="4.460127353668213">
        <ele>0.0</ele>
      </trkpt>
      <trkpt lat="51.977659380063415" lon="4.460341930389404">
        <ele>0.0</ele>
      </trkpt>
      <trkpt lat="51.977702379226685" lon="4.460374116897583">
        <ele>0.0</ele>
      </trkpt>
      <trkpt lat="51.97784185409546" lon="4.460384761914611">
        <ele>0.0</ele>
      </trkpt>
      <trkpt lat="51.977970600128174" lon="4.460341930389404">
        <ele>0.0</ele>
      </trkpt>
      <trkpt lat="51.97956911288202" lon="4.459880590438843">
        <ele>0.0</ele>
      </trkpt>
      <trkpt lat="51.97956919670105" lon="4.459880590438843">
        <ele>0.0</ele>
      </trkpt>
      <trkpt lat="51.98130718432367" lon="4.459440624341369">
        <ele>0.0</ele>
      </trkpt>
      <trkpt lat="51.98135018348694" lon="4.459741031751037">
        <ele>0.0</ele>
      </trkpt>
      <trkpt lat="51.981714963912964" lon="4.459644556045532">
        <ele>0.0</ele>
      </trkpt>
      <trkpt lat="51.981961727142334" lon="4.4595693703740835">
        <ele>0.0</ele>
      </trkpt>
      <trkpt lat="51.98253035545349" lon="4.45940843783319">
        <ele>0.0</ele>
      </trkpt>
      <trkpt lat="51.982669746503234" lon="4.459365606307983">
        <ele>0.0</ele>
      </trkpt>
      <trkpt lat="51.98274484835565" lon="4.459376251325011">
        <ele>0.0</ele>
      </trkpt>
      <trkpt lat="51.98289513587952" lon="4.45895791053772">
        <ele>0.0</ele>
      </trkpt>
      <trkpt lat="51.98334566317499" lon="4.4587217923253775">
        <ele>0.0</ele>
      </trkpt>
      <trkpt lat="51.983957374468446" lon="4.4584213849157095">
        <ele>0.0</ele>
      </trkpt>
      <trkpt lat="51.98444000445306" lon="4.458174705505371">
        <ele>0.0</ele>
      </trkpt>
      <trkpt lat="51.98474041186273" lon="4.458024417981505">
        <ele>0.0</ele>
      </trkpt>
      <trkpt lat="51.98479405604303" lon="4.458013689145446">
        <ele>0.0</ele>
      </trkpt>
      <trkpt lat="51.98527685366571" lon="4.457745468243957">
        <ele>0.0</ele>
      </trkpt>
      <trkpt lat="51.98527693748474" lon="4.457745468243957">
        <ele>0.0</ele>
      </trkpt>
      <trkpt lat="51.98577038012445" lon="4.457412958145142">
        <ele>0.0</ele>
      </trkpt>
      <trkpt lat="51.98650002479553" lon="4.456983720883727">
        <ele>0.0</ele>
      </trkpt>
      <trkpt lat="51.98653212748468" lon="4.456983720883727">
        <ele>0.0</ele>
      </trkpt>
      <trkpt lat="51.98654294013977" lon="4.456844246014953">
        <ele>0.0</ele>
      </trkpt>
      <trkpt lat="51.98656431399286" lon="4.456790601834655">
        <ele>0.0</ele>
      </trkpt>
      <trkpt lat="51.98669306002557" lon="4.45670485496521">
        <ele>0.0</ele>
      </trkpt>
      <trkpt lat="51.98704719543457" lon="4.456479549407959">
        <ele>0.0</ele>
      </trkpt>
      <trkpt lat="51.98704711161554" lon="4.456479549407959">
        <ele>0.0</ele>
      </trkpt>
      <trkpt lat="51.98733687400818" lon="4.456297075375915">
        <ele>0.0</ele>
      </trkpt>
      <trkpt lat="51.98736906051636" lon="4.456297075375915">
        <ele>0.0</ele>
      </trkpt>
      <trkpt lat="51.98739051818848" lon="4.456329261884093">
        <ele>0.0</ele>
      </trkpt>
      <trkpt lat="51.987422704696655" lon="4.456425905227661">
        <ele>0.0</ele>
      </trkpt>
      <trkpt lat="51.988195180892944" lon="4.455943023785949">
        <ele>0.0</ele>
      </trkpt>
      <trkpt lat="51.98883891105652" lon="4.455546056851745">
        <ele>0.0</ele>
      </trkpt>
      <trkpt lat="51.988914012908936" lon="4.455578327178955">
        <ele>0.0</ele>
      </trkpt>
      <trkpt lat="51.98891409672797" lon="4.455578327178955">
        <ele>0.0</ele>
      </trkpt>
      <trkpt lat="51.98974013328552" lon="4.456039667129517">
        <ele>0.0</ele>
      </trkpt>
      <trkpt lat="51.989911794662476" lon="4.456114685162902">
        <ele>0.0</ele>
      </trkpt>
      <trkpt lat="51.98999754153192" lon="4.456179141998291">
        <ele>0.0</ele>
      </trkpt>
      <trkpt lat="51.98999754153192" lon="4.456318616867065">
        <ele>0.0</ele>
      </trkpt>
      <trkpt lat="51.99010491371155" lon="4.456329261884093">
        <ele>0.0</ele>
      </trkpt>
      <trkpt lat="51.99026584625244" lon="4.456350803375244">
        <ele>0.0</ele>
      </trkpt>
      <trkpt lat="51.99026576243341" lon="4.456350803375244">
        <ele>0.0</ele>
      </trkpt>
      <trkpt lat="51.99075928889215" lon="4.456619024276733">
        <ele>0.0</ele>
      </trkpt>
      <trkpt lat="51.990931034088135" lon="4.45670485496521">
        <ele>0.0</ele>
      </trkpt>
      <trkpt lat="51.99098467826843" lon="4.45645809173584">
        <ele>0.0</ele>
      </trkpt>
      <trkpt lat="51.990984762087464" lon="4.45645809173584">
        <ele>0.0</ele>
      </trkpt>
      <trkpt lat="51.99117788113654" lon="4.455535328015685">
        <ele>0.0</ele>
      </trkpt>
      <trkpt lat="51.991349374875426" lon="4.454730665311217">
        <ele>0.0</ele>
      </trkpt>
      <trkpt lat="51.99151039123535" lon="4.4539475440979">
        <ele>0.0</ele>
      </trkpt>
      <trkpt lat="51.99157468043268" lon="4.453689968213439">
        <ele>0.0</ele>
      </trkpt>
      <trkpt lat="51.99160695075989" lon="4.453614866361022">
        <ele>0.0</ele>
      </trkpt>
      <trkpt lat="51.991660511121154" lon="4.453582679852843">
        <ele>0.0</ele>
      </trkpt>
      <trkpt lat="51.993881380185485" lon="4.452091455459595">
        <ele>0.0</ele>
      </trkpt>
      <trkpt lat="51.99481478892267" lon="4.451490556821227">
        <ele>0.0</ele>
      </trkpt>
      <trkpt lat="51.99555516242981" lon="4.451050674542785">
        <ele>0.0</ele>
      </trkpt>
      <trkpt lat="51.996091520413756" lon="4.450943386182189">
        <ele>0.0</ele>
      </trkpt>
      <trkpt lat="51.99609160423279" lon="4.450943386182189">
        <ele>0.0</ele>
      </trkpt>
      <trkpt lat="51.99649921618402" lon="4.450868368148804">
        <ele>0.0</ele>
      </trkpt>
      <trkpt lat="51.99655286036432" lon="4.450825368985534">
        <ele>0.0</ele>
      </trkpt>
      <trkpt lat="51.99658513069153" lon="4.450750267133117">
        <ele>0.0</ele>
      </trkpt>
      <trkpt lat="51.996660148724914" lon="4.450825368985534">
        <ele>0.0</ele>
      </trkpt>
      <trkpt lat="51.996703147888184" lon="4.45095419883728">
        <ele>0.0</ele>
      </trkpt>
      <trkpt lat="51.99676743708551" lon="4.451383352279663">
        <ele>0.0</ele>
      </trkpt>
      <trkpt lat="51.99681043624878" lon="4.451458370313048">
        <ele>0.0</ele>
      </trkpt>
      <trkpt lat="51.996896266937256" lon="4.451576471328735">
        <ele>0.0</ele>
      </trkpt>
      <trkpt lat="51.9970787409693" lon="4.451608657836914">
        <ele>0.0</ele>
      </trkpt>
      <trkpt lat="51.99707857333124" lon="4.451608657836914">
        <ele>0.0</ele>
      </trkpt>
      <trkpt lat="51.997658014297485" lon="4.45167294703424">
        <ele>0.0</ele>
      </trkpt>
      <trkpt lat="51.99775449000299" lon="4.451726591214538">
        <ele>0.0</ele>
      </trkpt>
      <trkpt lat="51.99775449000299" lon="4.451833879575133">
        <ele>0.0</ele>
      </trkpt>
      <trkpt lat="51.99776530265808" lon="4.45191971026361">
        <ele>0.0</ele>
      </trkpt>
      <trkpt lat="51.99820518493652" lon="4.4530463218688965">
        <ele>0.0</ele>
      </trkpt>
      <trkpt lat="51.99821582995355" lon="4.453142797574401">
        <ele>0.0</ele>
      </trkpt>
      <trkpt lat="51.99819437228143" lon="4.453239440917969">
        <ele>0.0</ele>
      </trkpt>
      <trkpt lat="51.9982373714447" lon="4.4533467292785645">
        <ele>0.0</ele>
      </trkpt>
      <trkpt lat="51.99828037060797" lon="4.4533037301152945">
        <ele>0.0</ele>
      </trkpt>
      <trkpt lat="51.99831247329712" lon="4.453260814771056">
        <ele>0.0</ele>
      </trkpt>
      <trkpt lat="51.99836611747742" lon="4.453089153394103">
        <ele>0.0</ele>
      </trkpt>
      <trkpt lat="51.998419761657715" lon="4.453024864196777">
        <ele>0.0</ele>
      </trkpt>
      <trkpt lat="51.998602068051696" lon="4.452874576672912">
        <ele>0.0</ele>
      </trkpt>
      <trkpt lat="51.998644983395934" lon="4.452896034345031">
        <ele>0.0</ele>
      </trkpt>
      <trkpt lat="51.99882745742798" lon="4.453110694885254">
        <ele>0.0</ele>
      </trkpt>
      <trkpt lat="51.99923515319824" lon="4.453647136688232">
        <ele>0.0</ele>
      </trkpt>
      <trkpt lat="51.999363815411925" lon="4.453722154721618">
        <ele>0.0</ele>
      </trkpt>
      <trkpt lat="51.99943891726434" lon="4.453743612393737">
        <ele>0.0</ele>
      </trkpt>
      <trkpt lat="51.99952474795282" lon="4.453732967376709">
        <ele>0.0</ele>
      </trkpt>
      <trkpt lat="51.999599849805236" lon="4.45370078086853">
        <ele>0.0</ele>
      </trkpt>
      <trkpt lat="51.999846613034606" lon="4.453518390655518">
        <ele>0.0</ele>
      </trkpt>
      <trkpt lat="51.999900257214904" lon="4.453507661819458">
        <ele>0.0</ele>
      </trkpt>
      <trkpt lat="52.00003973208368" lon="4.453561305999756">
        <ele>0.0</ele>
      </trkpt>
      <trkpt lat="52.00013645924628" lon="4.453550493344665">
        <ele>0.0</ele>
      </trkpt>
      <trkpt lat="52.000136375427246" lon="4.453550493344665">
        <ele>0.0</ele>
      </trkpt>
      <trkpt lat="52.000190019607544" lon="4.453539848327637">
        <ele>0.0</ele>
      </trkpt>
      <trkpt lat="52.000383138656616" lon="4.453443204984069">
        <ele>0.0</ele>
      </trkpt>
      <trkpt lat="52.00051188468933" lon="4.453357374295592">
        <ele>0.0</ele>
      </trkpt>
      <trkpt lat="52.00130581855774" lon="4.452638626098633">
        <ele>0.0</ele>
      </trkpt>
      <trkpt lat="52.00157403945923" lon="4.452359592542052">
        <ele>0.0</ele>
      </trkpt>
      <trkpt lat="52.001938819885254" lon="4.451791048049927">
        <ele>0.0</ele>
      </trkpt>
      <trkpt lat="52.002153396606445" lon="4.4515228271484375">
        <ele>0.0</ele>
      </trkpt>
      <trkpt lat="52.002668380737305" lon="4.451007843017578">
        <ele>0.0</ele>
      </trkpt>
      <trkpt lat="52.002936601638794" lon="4.450718080624938">
        <ele>0.0</ele>
      </trkpt>
      <trkpt lat="52.00297951698303" lon="4.450739622116089">
        <ele>0.0</ele>
      </trkpt>
      <trkpt lat="52.0030225161463" lon="4.450750267133117">
        <ele>0.0</ele>
      </trkpt>
      <trkpt lat="52.00308680534363" lon="4.450728809460998">
        <ele>0.0</ele>
      </trkpt>
      <trkpt lat="52.00315126217902" lon="4.4506752490997314">
        <ele>0.0</ele>
      </trkpt>
      <trkpt lat="52.003194093704224" lon="4.4506001472473145">
        <ele>0.0</ele>
      </trkpt>
      <trkpt lat="52.0032262802124" lon="4.45042840205133">
        <ele>0.0</ele>
      </trkpt>
      <trkpt lat="52.00322619639337" lon="4.450353384017944">
        <ele>0.0</ele>
      </trkpt>
      <trkpt lat="52.00374118052423" lon="4.449537992477417">
        <ele>0.0</ele>
      </trkpt>
      <trkpt lat="52.00396648608148" lon="4.44921612739563">
        <ele>0.0</ele>
      </trkpt>
      <trkpt lat="52.00410604476929" lon="4.449065839871764">
        <ele>0.0</ele>
      </trkpt>
      <trkpt lat="52.00458884239197" lon="4.448625957593322">
        <ele>0.0</ele>
      </trkpt>
      <trkpt lat="52.004588758572936" lon="4.448625957593322">
        <ele>0.0</ele>
      </trkpt>
      <trkpt lat="52.00473912991583" lon="4.448690414428711">
        <ele>0.0</ele>
      </trkpt>
      <trkpt lat="52.00480341911316" lon="4.4486581441015005">
        <ele>0.0</ele>
      </trkpt>
      <trkpt lat="52.00485706329346" lon="4.448604499921203">
        <ele>0.0</ele>
      </trkpt>
      <trkpt lat="52.004856979474425" lon="4.448604499921203">
        <ele>0.0</ele>
      </trkpt>
      <trkpt lat="52.00491062365472" lon="4.44841138087213">
        <ele>0.0</ele>
      </trkpt>
      <trkpt lat="52.00496426783502" lon="4.448390007019043">
        <ele>0.0</ele>
      </trkpt>
      <trkpt lat="52.00528621673584" lon="4.448239719495177">
        <ele>0.0</ele>
      </trkpt>
      <trkpt lat="52.00560808181763" lon="4.448057329282165">
        <ele>0.0</ele>
      </trkpt>
      <trkpt lat="52.00596213340759" lon="4.447778379544616">
        <ele>0.0</ele>
      </trkpt>
      <trkpt lat="52.00616589747369" lon="4.4475852604955435">
        <ele>0.0</ele>
      </trkpt>
      <trkpt lat="52.00653084553778" lon="4.447102462872863">
        <ele>0.0</ele>
      </trkpt>
      <trkpt lat="52.00653076171875" lon="4.447102462872863">
        <ele>0.0</ele>
      </trkpt>
      <trkpt lat="52.00660586357117" lon="4.447016632184386">
        <ele>0.0</ele>
      </trkpt>
      <trkpt lat="52.006723964586854" lon="4.447038173675537">
        <ele>0.0</ele>
      </trkpt>
      <trkpt lat="52.00677760876715" lon="4.447005987167358">
        <ele>0.0</ele>
      </trkpt>
      <trkpt lat="52.00684189796448" lon="4.44693080149591">
        <ele>0.0</ele>
      </trkpt>
      <trkpt lat="52.006874084472656" lon="4.446855699643493">
        <ele>0.0</ele>
      </trkpt>
      <trkpt lat="52.00690635479987" lon="4.446641122922301">
        <ele>0.0</ele>
      </trkpt>
      <trkpt lat="52.006970727816224" lon="4.446566104888916">
        <ele>0.0</ele>
      </trkpt>
      <trkpt lat="52.00697064399719" lon="4.446566104888916">
        <ele>0.0</ele>
      </trkpt>
      <trkpt lat="52.00723886489868" lon="4.446276426315308">
        <ele>0.0</ele>
      </trkpt>
      <trkpt lat="52.00779668055475" lon="4.4458043575286865">
        <ele>0.0</ele>
      </trkpt>
      <trkpt lat="52.00801125727594" lon="4.445654070004821">
        <ele>0.0</ele>
      </trkpt>
      <trkpt lat="52.008440578356385" lon="4.445428848266602">
        <ele>0.0</ele>
      </trkpt>
      <trkpt lat="52.008858835324645" lon="4.445235729217529">
        <ele>0.0</ele>
      </trkpt>
      <trkpt lat="52.008901834487915" lon="4.445235729217529">
        <ele>0.0</ele>
      </trkpt>
      <trkpt lat="52.008955562487245" lon="4.445289373397827">
        <ele>0.0</ele>
      </trkpt>
      <trkpt lat="52.00898766517639" lon="4.445310831069946">
        <ele>0.0</ele>
      </trkpt>
      <trkpt lat="52.00905203819275" lon="4.445310831069946">
        <ele>0.0</ele>
      </trkpt>
      <trkpt lat="52.009127140045166" lon="4.445267915725708">
        <ele>0.0</ele>
      </trkpt>
      <trkpt lat="52.009180784225464" lon="4.445192730054259">
        <ele>0.0</ele>
      </trkpt>
      <trkpt lat="52.00923442840576" lon="4.444988965988159">
        <ele>0.0</ele>
      </trkpt>
      <trkpt lat="52.00927734375" lon="4.444945966824889">
        <ele>0.0</ele>
      </trkpt>
      <trkpt lat="52.009867345914245" lon="4.444613456726074">
        <ele>0.0</ele>
      </trkpt>
      <trkpt lat="52.0111870765686" lon="4.443787336349487">
        <ele>0.0</ele>
      </trkpt>
      <trkpt lat="52.01281794346869" lon="4.442671537399292">
        <ele>0.0</ele>
      </trkpt>
      <trkpt lat="52.01281785964966" lon="4.442671537399292">
        <ele>0.0</ele>
      </trkpt>
      <trkpt lat="52.01291433535516" lon="4.442607080563903">
        <ele>0.0</ele>
      </trkpt>
      <trkpt lat="52.013085996732116" lon="4.442564249038696">
        <ele>0.0</ele>
      </trkpt>
      <trkpt lat="52.013365030288696" lon="4.442424774169922">
        <ele>0.0</ele>
      </trkpt>
      <trkpt lat="52.0134078618139" lon="4.442424774169922">
        <ele>0.0</ele>
      </trkpt>
      <trkpt lat="52.01347231864929" lon="4.442521249875426">
        <ele>0.0</ele>
      </trkpt>
      <trkpt lat="52.01354742050171" lon="4.442467605695128">
        <ele>0.0</ele>
      </trkpt>
      <trkpt lat="52.01360106468201" lon="4.4424355030059814">
        <ele>0.0</ele>
      </trkpt>
      <trkpt lat="52.013665521517396" lon="4.4423925038427114">
        <ele>0.0</ele>
      </trkpt>
      <trkpt lat="52.013665437698364" lon="4.442317485809326">
        <ele>0.0</ele>
      </trkpt>
      <trkpt lat="52.01370826922357" lon="4.442220842465758">
        <ele>0.0</ele>
      </trkpt>
      <trkpt lat="52.01396584510803" lon="4.442017078399658">
        <ele>0.0</ele>
      </trkpt>
      <trkpt lat="52.01410531997681" lon="4.441845333203673">
        <ele>0.0</ele>
      </trkpt>
      <trkpt lat="52.01533913612366" lon="4.440976297482848">
        <ele>0.0</ele>
      </trkpt>
      <trkpt lat="52.015339052304626" lon="4.440976297482848">
        <ele>0.0</ele>
      </trkpt>
      <trkpt lat="52.01626173220575" lon="4.440354024991393">
        <ele>0.0</ele>
      </trkpt>
      <trkpt lat="52.01645485125482" lon="4.440279006958008">
        <ele>0.0</ele>
      </trkpt>
      <trkpt lat="52.01662668026984" lon="4.440150260925293">
        <ele>0.0</ele>
      </trkpt>
      <trkpt lat="52.016626512631774" lon="4.440150260925293">
        <ele>0.0</ele>
      </trkpt>
      <trkpt lat="52.01699146069586" lon="4.439892768859863">
        <ele>0.0</ele>
      </trkpt>
      <trkpt lat="52.017678022384644" lon="4.439452802762389">
        <ele>0.0</ele>
      </trkpt>
      <trkpt lat="52.01767793856561" lon="4.439452802762389">
        <ele>0.0</ele>
      </trkpt>
      <trkpt lat="52.017892599105835" lon="4.439291870221496">
        <ele>0.0</ele>
      </trkpt>
      <trkpt lat="52.01881527900696" lon="4.438648223876953">
        <ele>0.0</ele>
      </trkpt>
      <trkpt lat="52.01942673884332" lon="4.438261985778809">
        <ele>0.0</ele>
      </trkpt>
      <trkpt lat="52.01968431472778" lon="4.438143884763122">
        <ele>0.0</ele>
      </trkpt>
      <trkpt lat="52.01994172297418" lon="4.438068866729736">
        <ele>0.0</ele>
      </trkpt>
      <trkpt lat="52.02001690864563" lon="4.438047409057617">
        <ele>0.0</ele>
      </trkpt>
      <trkpt lat="52.020413959398866" lon="4.437918579205871">
        <ele>1.0</ele>
      </trkpt>
      <trkpt lat="52.020413875579834" lon="4.437918579205871">
        <ele>1.0</ele>
      </trkpt>
      <trkpt lat="52.020671367645264" lon="4.437843477353454">
        <ele>1.0</ele>
      </trkpt>
      <trkpt lat="52.02080019749701" lon="4.437875663861632">
        <ele>1.0</ele>
      </trkpt>
      <trkpt lat="52.02080011367798" lon="4.437875663861632">
        <ele>1.0</ele>
      </trkpt>
      <trkpt lat="52.020896673202515" lon="4.438025951385498">
        <ele>1.0</ele>
      </trkpt>
      <trkpt lat="52.02098242007196" lon="4.438058054074645">
        <ele>1.0</ele>
      </trkpt>
      <trkpt lat="52.02104687690735" lon="4.438047409057617">
        <ele>1.0</ele>
      </trkpt>
      <trkpt lat="52.021121978759766" lon="4.437961578369141">
        <ele>1.0</ele>
      </trkpt>
      <trkpt lat="52.02116481028497" lon="4.437854290008545">
        <ele>1.0</ele>
      </trkpt>
      <trkpt lat="52.02116481028497" lon="4.437789833173156">
        <ele>0.0</ele>
      </trkpt>
      <trkpt lat="52.021154249086976" lon="4.437628900632262">
        <ele>0.0</ele>
      </trkpt>
      <trkpt lat="52.021143436431885" lon="4.4375216122716665">
        <ele>0.0</ele>
      </trkpt>
      <trkpt lat="52.021132707595825" lon="4.437349950894713">
        <ele>0.0</ele>
      </trkpt>
      <trkpt lat="52.02117553912103" lon="4.437360763549805">
        <ele>0.0</ele>
      </trkpt>
      <trkpt lat="52.02154040336609" lon="4.43723201751709">
        <ele>0.0</ele>
      </trkpt>
      <trkpt lat="52.02200174331665" lon="4.43698525428772">
        <ele>0.0</ele>
      </trkpt>
      <trkpt lat="52.02200182713568" lon="4.43698525428772">
        <ele>0.0</ele>
      </trkpt>
      <trkpt lat="52.0221734046936" lon="4.436888610944152">
        <ele>0.0</ele>
      </trkpt>
      <trkpt lat="52.02248462475836" lon="4.4367170333862305">
        <ele>0.0</ele>
      </trkpt>
      <trkpt lat="52.02259182929993" lon="4.436663389205933">
        <ele>0.0</ele>
      </trkpt>
      <trkpt lat="52.02274194918573" lon="4.436631202697754">
        <ele>0.0</ele>
      </trkpt>
      <trkpt lat="52.02465168200433" lon="4.435461759567261">
        <ele>0.0</ele>
      </trkpt>
      <trkpt lat="52.024651765823364" lon="4.435461759567261">
        <ele>0.0</ele>
      </trkpt>
      <trkpt lat="52.02479115687311" lon="4.435375928878784">
        <ele>0.0</ele>
      </trkpt>
      <trkpt lat="52.02479124069214" lon="4.435375928878784">
        <ele>0.0</ele>
      </trkpt>
      <trkpt lat="52.025156021118164" lon="4.435171997174621">
        <ele>0.0</ele>
      </trkpt>
      <trkpt lat="52.025156104937196" lon="4.435171997174621">
        <ele>0.0</ele>
      </trkpt>
      <trkpt lat="52.02577829360962" lon="4.434860944747925">
        <ele>0.0</ele>
      </trkpt>
      <trkpt lat="52.026110887527466" lon="4.43473219871521">
        <ele>0.0</ele>
      </trkpt>
      <trkpt lat="52.02750563621521" lon="4.434388792142272">
        <ele>0.0</ele>
      </trkpt>
      <trkpt lat="52.027816688641906" lon="4.434270774945617">
        <ele>0.0</ele>
      </trkpt>
      <trkpt lat="52.02781685627997" lon="4.434270774945617">
        <ele>0.0</ele>
      </trkpt>
      <trkpt lat="52.02848196029663" lon="4.434088384732604">
        <ele>0.0</ele>
      </trkpt>
      <trkpt lat="52.02858924865723" lon="4.434109842404723">
        <ele>0.0</ele>
      </trkpt>
      <trkpt lat="52.02865353785455" lon="4.434152841567993">
        <ele>0.0</ele>
      </trkpt>
      <trkpt lat="52.0288360118866" lon="4.433959722518921">
        <ele>0.0</ele>
      </trkpt>
      <trkpt lat="52.02899694442749" lon="4.433734333142638">
        <ele>0.0</ele>
      </trkpt>
      <trkpt lat="52.02950111590326" lon="4.432854568585753">
        <ele>0.0</ele>
      </trkpt>
      <trkpt lat="52.02995181083679" lon="4.432049905881286">
        <ele>0.0</ele>
      </trkpt>
      <trkpt lat="52.030144929885864" lon="4.431813955307007">
        <ele>0.0</ele>
      </trkpt>
      <trkpt lat="52.03055270947516" lon="4.431427717208862">
        <ele>0.0</ele>
      </trkpt>
      <trkpt lat="52.03055262565613" lon="4.431427717208862">
        <ele>0.0</ele>
      </trkpt>
      <trkpt lat="52.0307457447052" lon="4.4312559720128775">
        <ele>0.0</ele>
      </trkpt>
      <trkpt lat="52.03102469444275" lon="4.4310306664556265">
        <ele>0.0</ele>
      </trkpt>
      <trkpt lat="52.03121772967279" lon="4.430848276242614">
        <ele>0.0</ele>
      </trkpt>
      <trkpt lat="52.03158259391785" lon="4.430558681488037">
        <ele>0.0</ele>
      </trkpt>
      <trkpt lat="52.03193664550781" lon="4.430344104766846">
        <ele>0.0</ele>
      </trkpt>
      <trkpt lat="52.0323121547699" lon="4.430022239685059">
        <ele>0.0</ele>
      </trkpt>
      <trkpt lat="52.03501582145691" lon="4.427779912948608">
        <ele>0.0</ele>
      </trkpt>
      <trkpt lat="52.03562728129327" lon="4.427361404523253">
        <ele>0.0</ele>
      </trkpt>
      <trkpt lat="52.036088621243834" lon="4.427007352933288">
        <ele>0.0</ele>
      </trkpt>
      <trkpt lat="52.03648567199707" lon="4.4266854878515005">
        <ele>0.0</ele>
      </trkpt>
      <trkpt lat="52.03722596168518" lon="4.426031028851867">
        <ele>0.0</ele>
      </trkpt>
      <trkpt lat="52.037644386291504" lon="4.42574143409729">
        <ele>0.0</ele>
      </trkpt>
      <trkpt lat="52.03768730163574" lon="4.425709247589111">
        <ele>0.0</ele>
      </trkpt>
      <trkpt lat="52.03945755958557" lon="4.424378871917725">
        <ele>0.0</ele>
      </trkpt>
      <trkpt lat="52.04198956489563" lon="4.422415494918823">
        <ele>0.0</ele>
      </trkpt>
      <trkpt lat="52.044864892959595" lon="4.4201945420354605">
        <ele>0.0</ele>
      </trkpt>
      <trkpt lat="52.046635150909424" lon="4.418842708691955">
        <ele>0.0</ele>
      </trkpt>
      <trkpt lat="52.04837313853204" lon="4.417458772659302">
        <ele>0.0</ele>
      </trkpt>
      <trkpt lat="52.05033668316901" lon="4.421932697296143">
        <ele>0.0</ele>
      </trkpt>
      <trkpt lat="52.050336599349976" lon="4.421932697296143">
        <ele>0.0</ele>
      </trkpt>
      <trkpt lat="52.05067983828485" lon="4.422715902328491">
        <ele>0.0</ele>
      </trkpt>
      <trkpt lat="52.05079802311957" lon="4.423059141263366">
        <ele>0.0</ele>
      </trkpt>
      <trkpt lat="52.050797855481505" lon="4.423059141263366">
        <ele>0.0</ele>
      </trkpt>
      <trkpt lat="52.05089449882507" lon="4.423456192016602">
        <ele>0.0</ele>
      </trkpt>
      <trkpt lat="52.050883769989014" lon="4.423617124557495">
        <ele>0.0</ele>
      </trkpt>
      <trkpt lat="52.050840770825744" lon="4.4237565994262695">
        <ele>0.0</ele>
      </trkpt>
      <trkpt lat="52.050797855481505" lon="4.424067651852965">
        <ele>0.0</ele>
      </trkpt>
      <trkpt lat="52.0508086681366" lon="4.42419639788568">
        <ele>0.0</ele>
      </trkpt>
      <trkpt lat="52.05087295733392" lon="4.424400329589844">
        <ele>0.0</ele>
      </trkpt>
      <trkpt lat="52.05094814300537" lon="4.424378871917725">
        <ele>0.0</ele>
      </trkpt>
      <trkpt lat="52.051634788513184" lon="4.424507534131408">
        <ele>0.0</ele>
      </trkpt>
      <trkpt lat="52.05163470469415" lon="4.424507534131408">
        <ele>0.0</ele>
      </trkpt>
      <trkpt lat="52.05221406184137" lon="4.424614822492003">
        <ele>0.0</ele>
      </trkpt>
      <trkpt lat="52.05212823115289" lon="4.426653301343322">
        <ele>0.0</ele>
      </trkpt>
      <trkpt lat="52.05222487449646" lon="4.426975166425109">
        <ele>0.0</ele>
      </trkpt>
      <trkpt lat="52.05227851867676" lon="4.427393591031432">
        <ele>0.0</ele>
      </trkpt>
      <trkpt lat="52.05227851867676" lon="4.428681135177612">
        <ele>0.0</ele>
      </trkpt>
      <trkpt lat="52.05241799354553" lon="4.428949356079102">
        <ele>0.0</ele>
      </trkpt>
      <trkpt lat="52.052632654085755" lon="4.429281949996948">
        <ele>0.0</ele>
      </trkpt>
      <trkpt lat="52.052632570266724" lon="4.429281949996948">
        <ele>0.0</ele>
      </trkpt>
      <trkpt lat="52.055550729855895" lon="4.433605670928955">
        <ele>0.0</ele>
      </trkpt>
      <trkpt lat="52.05608733929694" lon="4.434421062469482">
        <ele>0.0</ele>
      </trkpt>
      <trkpt lat="52.0563983079046" lon="4.434860944747925">
        <ele>0.0</ele>
      </trkpt>
      <trkpt lat="52.0563983079046" lon="4.435021877288818">
        <ele>0.0</ele>
      </trkpt>
      <trkpt lat="52.05643057823181" lon="4.4351505395025015">
        <ele>0.0</ele>
      </trkpt>
      <trkpt lat="52.05654859542847" lon="4.435429573059082">
        <ele>0.0</ele>
      </trkpt>
      <trkpt lat="52.056602239608765" lon="4.435515403747559">
        <ele>0.0</ele>
      </trkpt>
      <trkpt lat="52.056816816329956" lon="4.435740625485778">
        <ele>0.0</ele>
      </trkpt>
      <trkpt lat="52.05702066421509" lon="4.4360732194036245">
        <ele>0.0</ele>
      </trkpt>
      <trkpt lat="52.057084953412414" lon="4.436255693435669">
        <ele>0.0</ele>
      </trkpt>
      <trkpt lat="52.05718159675598" lon="4.436480915173888">
        <ele>0.0</ele>
      </trkpt>
      <trkpt lat="52.05727824009955" lon="4.436620390042663">
        <ele>0.0</ele>
      </trkpt>
      <trkpt lat="52.057278072461486" lon="4.436620390042663">
        <ele>0.0</ele>
      </trkpt>
      <trkpt lat="52.057321071624756" lon="4.4366740342229605">
        <ele>0.0</ele>
      </trkpt>
      <trkpt lat="52.05749264918268" lon="4.436845779418945">
        <ele>0.0</ele>
      </trkpt>
      <trkpt lat="52.05762139521539" lon="4.436931610107422">
        <ele>0.0</ele>
      </trkpt>
      <trkpt lat="52.05784670077264" lon="4.43698525428772">
        <ele>0.0</ele>
      </trkpt>
      <trkpt lat="52.0578471198678" lon="4.43698525428772">
        <ele>0.0</ele>
      </trkpt>
      <trkpt lat="52.057847287505865" lon="4.436985421925783">
        <ele>0.0</ele>
      </trkpt>
      <trkpt lat="52.057847287505865" lon="4.436985505744815">
        <ele>-4.3</ele>
      </trkpt>
      <trkpt lat="52.05793261528015" lon="4.437028169631958">
        <ele>-4.49</ele>
      </trkpt>
      <trkpt lat="52.05802917480469" lon="4.437135457992554">
        <ele>-4.7</ele>
      </trkpt>
      <trkpt lat="52.058104276657104" lon="4.437317848205566">
        <ele>-4.97</ele>
      </trkpt>
      <trkpt lat="52.05817946232855" lon="4.4376397132873535">
        <ele>-5.26</ele>
      </trkpt>
      <trkpt lat="52.05825448036194" lon="4.437897205352783">
        <ele>-5.36</ele>
      </trkpt>
      <trkpt lat="52.05830820836127" lon="4.437993764877319">
        <ele>-5.34</ele>
      </trkpt>
      <trkpt lat="52.058351039886475" lon="4.438068866729736">
        <ele>-5.26</ele>
      </trkpt>
      <trkpt lat="52.05846905708313" lon="4.438154697418213">
        <ele>-5.1</ele>
      </trkpt>
      <trkpt lat="52.058565616607666" lon="4.438186883926392">
        <ele>-4.92</ele>
      </trkpt>
      <trkpt lat="52.05870509147644" lon="4.438197612762451">
        <ele>-4.73</ele>
      </trkpt>
      <trkpt lat="52.05890893936157" lon="4.438337087631226">
        <ele>-4.53</ele>
      </trkpt>
      <trkpt lat="52.05903776921332" lon="4.438498020172119">
        <ele>-4.4</ele>
      </trkpt>
      <trkpt lat="52.05903768539429" lon="4.438498020172119">
        <ele>-4.3</ele>
      </trkpt>
      <trkpt lat="52.059112787246704" lon="4.438626766204834">
        <ele>-4.22</ele>
      </trkpt>
      <trkpt lat="52.059166431427" lon="4.438776969909668">
        <ele>-4.19</ele>
      </trkpt>
      <trkpt lat="52.05926299095154" lon="4.439120292663574">
        <ele>-4.15</ele>
      </trkpt>
      <trkpt lat="52.059327363967896" lon="4.439281225204468">
        <ele>-4.11</ele>
      </trkpt>
      <trkpt lat="52.05947756767273" lon="4.439549446105957">
        <ele>-4.09</ele>
      </trkpt>
      <trkpt lat="52.06105479039252" lon="4.441952705383301">
        <ele>-4.07</ele>
      </trkpt>
      <trkpt lat="52.061119079589844" lon="4.442038536071777">
        <ele>-4.05</ele>
      </trkpt>
      <trkpt lat="52.06499218940735" lon="4.4477784633636475">
        <ele>-4.13</ele>
      </trkpt>
      <trkpt lat="52.06513166427612" lon="4.447821378707886">
        <ele>-4.1</ele>
      </trkpt>
      <trkpt lat="52.0652174949646" lon="4.447767734527588">
        <ele>-4.08</ele>
      </trkpt>
      <trkpt lat="52.06524968147278" lon="4.44772481918335">
        <ele>-4.03</ele>
      </trkpt>
      <trkpt lat="52.06574320793152" lon="4.446737766265869">
        <ele>-3.91</ele>
      </trkpt>
      <trkpt lat="52.06595786847174" lon="4.4470274448394775">
        <ele>-3.74</ele>
      </trkpt>
      <trkpt lat="52.066097259521484" lon="4.44720983505249">
        <ele>-3.58</ele>
      </trkpt>
      <trkpt lat="52.066301107406616" lon="4.447585344314575">
        <ele>-3.33</ele>
      </trkpt>
      <trkpt lat="52.06640839576721" lon="4.447757005691528">
        <ele>-3.25</ele>
      </trkpt>
      <trkpt lat="52.066730260849" lon="4.448229074478149">
        <ele>-3.17</ele>
      </trkpt>
      <trkpt lat="52.06704139709473" lon="4.448744058609009">
        <ele>-3.31</ele>
      </trkpt>
      <trkpt lat="52.067095125094056" lon="4.448786973953247">
        <ele>-3.38</ele>
      </trkpt>
      <trkpt lat="52.067138040438294" lon="4.448840618133545">
        <ele>-3.47</ele>
      </trkpt>
      <trkpt lat="52.06715941429138" lon="4.448872804641724">
        <ele>-3.57</ele>
      </trkpt>
      <trkpt lat="52.06722378730774" lon="4.448872804641724">
        <ele>-3.67</ele>
      </trkpt>
      <trkpt lat="52.067588567733765" lon="4.44871187210083">
        <ele>-3.79</ele>
      </trkpt>
      <trkpt lat="52.06766366958618" lon="4.4487011432647705">
        <ele>-3.92</ele>
      </trkpt>
      <trkpt lat="52.06771731376648" lon="4.44872260093689">
        <ele>-4.08</ele>
      </trkpt>
      <trkpt lat="52.06817865371704" lon="4.4490766525268555">
        <ele>-4.3</ele>
      </trkpt>
      <trkpt lat="52.06821084022522" lon="4.449087381362915">
        <ele>-4.45</ele>
      </trkpt>
      <trkpt lat="52.06826456822455" lon="4.449055194854736">
        <ele>-4.59</ele>
      </trkpt>
      <trkpt lat="52.06877946853638" lon="4.448111057281494">
        <ele>-4.65</ele>
      </trkpt>
      <trkpt lat="52.068886840716004" lon="4.448089599609375">
        <ele>-4.75</ele>
      </trkpt>
      <trkpt lat="52.06895112991333" lon="4.448089599609375">
        <ele>-4.87</ele>
      </trkpt>
      <trkpt lat="52.06942319869995" lon="4.448336362838745">
        <ele>-5.07</ele>
      </trkpt>
      <trkpt lat="52.07274913787842" lon="4.450063705444336">
        <ele>-5.3</ele>
      </trkpt>
      <trkpt lat="52.073049545288086" lon="4.450256824493408">
        <ele>-5.47</ele>
      </trkpt>
      <trkpt lat="52.073328495025635" lon="4.450514316558838">
        <ele>-5.66</ele>
      </trkpt>
      <trkpt lat="52.0734787825495" lon="4.4506752490997314">
        <ele>-5.79</ele>
      </trkpt>
      <trkpt lat="52.07354315556586" lon="4.450750350952148">
        <ele>-5.82</ele>
      </trkpt>
      <trkpt lat="52.07366108894348" lon="4.450900554656982">
        <ele>-5.79</ele>
      </trkpt>
      <trkpt lat="52.07375764846802" lon="4.451040029525757">
        <ele>-5.73</ele>
      </trkpt>
      <trkpt lat="52.073822021484375" lon="4.451158046722412">
        <ele>-5.64</ele>
      </trkpt>
      <trkpt lat="52.07386493682861" lon="4.451308250427246">
        <ele>-5.54</ele>
      </trkpt>
      <trkpt lat="52.07391858100891" lon="4.451394081115723">
        <ele>-5.42</ele>
      </trkpt>
      <trkpt lat="52.07401522435248" lon="4.451501369476318">
        <ele>-5.26</ele>
      </trkpt>
      <trkpt lat="52.07401514053345" lon="4.451501369476318">
        <ele>-5.13</ele>
      </trkpt>
      <trkpt lat="52.074100971221924" lon="4.4515979290008545">
        <ele>-4.98</ele>
      </trkpt>
      <trkpt lat="52.07419761456549" lon="4.4516730308532715">
        <ele>-4.82</ele>
      </trkpt>
      <trkpt lat="52.07424052990973" lon="4.45170521736145">
        <ele>-4.69</ele>
      </trkpt>
      <trkpt lat="52.07477697171271" lon="4.452037811279297">
        <ele>-4.53</ele>
      </trkpt>
      <trkpt lat="52.07512021064758" lon="4.45222020149231">
        <ele>-4.52</ele>
      </trkpt>
      <trkpt lat="52.07525968551636" lon="4.452273845672607">
        <ele>-4.51</ele>
      </trkpt>
      <trkpt lat="52.07539916038513" lon="4.452263116836548">
        <ele>-4.54</ele>
      </trkpt>
      <trkpt lat="52.07561373710632" lon="4.45219874382019">
        <ele>-4.52</ele>
      </trkpt>
      <trkpt lat="52.07574248313904" lon="4.452230930328369">
        <ele>-4.52</ele>
      </trkpt>
      <trkpt lat="52.07592487335205" lon="4.452327489852905">
        <ele>-4.59</ele>
      </trkpt>
      <trkpt lat="52.076096534729004" lon="4.4524455070495605">
        <ele>-4.66</ele>
      </trkpt>
      <trkpt lat="52.07623600959778" lon="4.452627897262573">
        <ele>-4.75</ele>
      </trkpt>
      <trkpt lat="52.076332569122314" lon="4.4528210163116455">
        <ele>-4.82</ele>
      </trkpt>
      <trkpt lat="52.07650423049927" lon="4.453357458114624">
        <ele>-4.75</ele>
      </trkpt>
      <trkpt lat="52.07668662071228" lon="4.454001188278198">
        <ele>-4.96</ele>
      </trkpt>
      <trkpt lat="52.076783180236816" lon="4.454516172409058">
        <ele>-5.09</ele>
      </trkpt>
      <trkpt lat="52.076836908236146" lon="4.454870223999023">
        <ele>-5.03</ele>
      </trkpt>
      <trkpt lat="52.07689046859741" lon="4.455063343048096">
        <ele>-5.0</ele>
      </trkpt>
      <trkpt lat="52.0770085696131" lon="4.455395936965942">
        <ele>-4.88</ele>
      </trkpt>
      <trkpt lat="52.07707294262946" lon="4.455503225326538">
        <ele>-4.79</ele>
      </trkpt>
      <trkpt lat="52.077115857973695" lon="4.455556869506836">
        <ele>-4.69</ele>
      </trkpt>
      <trkpt lat="52.07727679051459" lon="4.455760717391968">
        <ele>-4.46</ele>
      </trkpt>
      <trkpt lat="52.077341163530946" lon="4.455760717391968">
        <ele>-4.33</ele>
      </trkpt>
      <trkpt lat="52.077341079711914" lon="4.455760717391968">
        <ele>-4.21</ele>
      </trkpt>
      <trkpt lat="52.07746982574463" lon="4.45569634437561">
        <ele>-4.04</ele>
      </trkpt>
      <trkpt lat="52.0779634360224" lon="4.455374479293823">
        <ele>-3.99</ele>
      </trkpt>
      <trkpt lat="52.07805999554694" lon="4.455310106277466">
        <ele>-3.89</ele>
      </trkpt>
      <trkpt lat="52.07823157310486" lon="4.455224275588989">
        <ele>-3.79</ele>
      </trkpt>
      <trkpt lat="52.07824230194092" lon="4.45520281791687">
        <ele>-3.67</ele>
      </trkpt>
      <trkpt lat="52.07828530110419" lon="4.454891681671143">
        <ele>-3.57</ele>
      </trkpt>
      <trkpt lat="52.078360402956605" lon="4.4547951221466064">
        <ele>-3.39</ele>
      </trkpt>
      <trkpt lat="52.07836031913757" lon="4.4547951221466064">
        <ele>-3.26</ele>
      </trkpt>
      <trkpt lat="52.07866072654724" lon="4.4544517993927">
        <ele>-3.04</ele>
      </trkpt>
      <trkpt lat="52.07893976010382" lon="4.455106258392334">
        <ele>-2.9</ele>
      </trkpt>
      <trkpt lat="52.07893967628479" lon="4.455106258392334">
        <ele>-2.78</ele>
      </trkpt>
      <trkpt lat="52.079132879152894" lon="4.455535411834717">
        <ele>-2.64</ele>
      </trkpt>
      <trkpt lat="52.07919716835022" lon="4.455589056015015">
        <ele>-2.54</ele>
      </trkpt>
      <trkpt lat="52.079368913546205" lon="4.4555675983428955">
        <ele>-2.42</ele>
      </trkpt>
      <trkpt lat="52.07936882972717" lon="4.4555675983428955">
        <ele>-2.36</ele>
      </trkpt>
      <trkpt lat="52.07943320274353" lon="4.455556869506836">
        <ele>-2.32</ele>
      </trkpt>
      <trkpt lat="52.080066204071045" lon="4.455353021621704">
        <ele>-2.34</ele>
      </trkpt>
      <trkpt lat="52.080237865448" lon="4.455374479293823">
        <ele>-2.36</ele>
      </trkpt>
      <trkpt lat="52.08039879798889" lon="4.455481767654419">
        <ele>-2.42</ele>
      </trkpt>
      <trkpt lat="52.08049535751343" lon="4.455524682998657">
        <ele>-2.5</ele>
      </trkpt>
      <trkpt lat="52.08049544133246" lon="4.455524682998657">
        <ele>-2.57</ele>
      </trkpt>
      <trkpt lat="52.08060264587402" lon="4.455513954162598">
        <ele>-2.68</ele>
      </trkpt>
      <trkpt lat="52.08077430725098" lon="4.455406665802002">
        <ele>-2.75</ele>
      </trkpt>
      <trkpt lat="52.080849409103394" lon="4.455385208129883">
        <ele>-2.82</ele>
      </trkpt>
      <trkpt lat="52.08216905593872" lon="4.4551920890808105">
        <ele>-2.99</ele>
      </trkpt>
      <trkpt lat="52.08268404006958" lon="4.455256462097168">
        <ele>-2.98</ele>
      </trkpt>
      <trkpt lat="52.082812786102295" lon="4.455288648605347">
        <ele>-3.13</ele>
      </trkpt>
      <trkpt lat="52.08370327949524" lon="4.4557178020477295">
        <ele>-3.29</ele>
      </trkpt>
      <trkpt lat="52.084282636642456" lon="4.456028938293457">
        <ele>-3.39</ele>
      </trkpt>
      <trkpt lat="52.08493709564209" lon="4.456597566604614">
        <ele>-3.9</ele>
      </trkpt>
      <trkpt lat="52.08493717946112" lon="4.456597566604614">
        <ele>-4.06</ele>
      </trkpt>
      <trkpt lat="52.08546280860901" lon="4.457037448883057">
        <ele>-4.23</ele>
      </trkpt>
      <trkpt lat="52.08591341972351" lon="4.4575417041778564">
        <ele>-4.37</ele>
      </trkpt>
      <trkpt lat="52.08609580993652" lon="4.457799196243286">
        <ele>-4.45</ele>
      </trkpt>
      <trkpt lat="52.08661079406738" lon="4.4587647914886475">
        <ele>-4.34</ele>
      </trkpt>
      <trkpt lat="52.086803913116455" lon="4.458496570587158">
        <ele>-4.49</ele>
      </trkpt>
      <trkpt lat="52.088069915771484" lon="4.45719838142395">
        <ele>-4.5</ele>
      </trkpt>
      <trkpt lat="52.08879956044257" lon="4.456425905227661">
        <ele>-4.57</ele>
      </trkpt>
      <trkpt lat="52.08990454673767" lon="4.455363750457764">
        <ele>-4.57</ele>
      </trkpt>
      <trkpt lat="52.09118127822876" lon="4.454087018966675">
        <ele>-4.58</ele>
      </trkpt>
      <trkpt lat="52.09124565124512" lon="4.4539690017700195">
        <ele>-4.55</ele>
      </trkpt>
      <trkpt lat="52.09150322712958" lon="4.45320725440979">
        <ele>-4.57</ele>
      </trkpt>
      <trkpt lat="52.09150314331055" lon="4.45320725440979">
        <ele>-4.5</ele>
      </trkpt>
      <trkpt lat="52.091578328981996" lon="4.453003406524658">
        <ele>-4.41</ele>
      </trkpt>
      <trkpt lat="52.091578245162964" lon="4.453003406524658">
        <ele>-4.28</ele>
      </trkpt>
      <trkpt lat="52.09161043167114" lon="4.452917575836182">
        <ele>-4.1</ele>
      </trkpt>
      <trkpt lat="52.09245800971985" lon="4.452112913131714">
        <ele>-4.11</ele>
      </trkpt>
      <trkpt lat="52.09439992904663" lon="4.449688196182251">
        <ele>-3.58</ele>
      </trkpt>
      <trkpt lat="52.094560861587524" lon="4.449548721313477">
        <ele>-3.38</ele>
      </trkpt>
      <trkpt lat="52.09473252296448" lon="4.449430704116821">
        <ele>-3.13</ele>
      </trkpt>
      <trkpt lat="52.09489345550537" lon="4.449291229248047">
        <ele>-2.89</ele>
      </trkpt>
      <trkpt lat="52.09533333778381" lon="4.448486566543579">
        <ele>-2.71</ele>
      </trkpt>
      <trkpt lat="52.09519394673407" lon="4.447746276855469">
        <ele>-2.68</ele>
      </trkpt>
      <trkpt lat="52.09500074386597" lon="4.447166919708252">
        <ele>-2.41</ele>
      </trkpt>
      <trkpt lat="52.095022201538086" lon="4.447134733200073">
        <ele>-2.35</ele>
      </trkpt>
      <trkpt lat="52.0951509475708" lon="4.447005987167358">
        <ele>-2.32</ele>
      </trkpt>
      <trkpt lat="52.09518313407898" lon="4.4469523429870605">
        <ele>-2.34</ele>
      </trkpt>
      <trkpt lat="52.0954514387995" lon="4.44670557975769">
        <ele>-2.37</ele>
      </trkpt>
      <trkpt lat="52.09559082984924" lon="4.446587562561035">
        <ele>-2.53</ele>
      </trkpt>
      <trkpt lat="52.09571957588196" lon="4.4464051723480225">
        <ele>-2.65</ele>
      </trkpt>
      <trkpt lat="52.09790825843811" lon="4.444313049316406">
        <ele>-2.98</ele>
      </trkpt>
      <trkpt lat="52.098294496536255" lon="4.443926811218262">
        <ele>-2.85</ele>
      </trkpt>
      <trkpt lat="52.09874519146979" lon="4.443411827087402">
        <ele>-2.82</ele>
      </trkpt>
      <trkpt lat="52.09913142956793" lon="4.443004131317139">
        <ele>-2.75</ele>
      </trkpt>
      <trkpt lat="52.09990390576422" lon="4.44223165512085">
        <ele>-2.75</ele>
      </trkpt>
      <trkpt lat="52.100322246551514" lon="4.441823959350586">
        <ele>-2.5</ele>
      </trkpt>
      <trkpt lat="52.100794315338135" lon="4.441448450088501">
        <ele>-2.38</ele>
      </trkpt>
      <trkpt lat="52.10084795951843" lon="4.441373348236084">
        <ele>-2.29</ele>
      </trkpt>
      <trkpt lat="52.10089087486267" lon="4.44122314453125">
        <ele>-2.19</ele>
      </trkpt>
      <trkpt lat="52.10096606053412" lon="4.441137313842773">
        <ele>-2.03</ele>
      </trkpt>
      <trkpt lat="52.101084077730775" lon="4.441019296646118">
        <ele>-1.84</ele>
      </trkpt>
      <trkpt lat="52.10222125053406" lon="4.439860582351685">
        <ele>-1.63</ele>
      </trkpt>
      <trkpt lat="52.10247874259949" lon="4.439560174942017">
        <ele>-1.44</ele>
      </trkpt>
      <trkpt lat="52.10267186164856" lon="4.439259767532349">
        <ele>-1.28</ele>
      </trkpt>
      <trkpt lat="52.10288652218878" lon="4.439034461975098">
        <ele>-1.18</ele>
      </trkpt>
      <trkpt lat="52.10319757461548" lon="4.438809156417847">
        <ele>-1.18</ele>
      </trkpt>
      <trkpt lat="52.10393794812262" lon="4.437993764877319">
        <ele>-0.71</ele>
      </trkpt>
      <trkpt lat="52.10448503494263" lon="4.437435865402222">
        <ele>-0.73</ele>
      </trkpt>
      <trkpt lat="52.10459232330322" lon="4.437307119369507">
        <ele>-0.6</ele>
      </trkpt>
      <trkpt lat="52.104763984680176" lon="4.437060356140137">
        <ele>-0.48</ele>
      </trkpt>
      <trkpt lat="52.10495718754828" lon="4.43673849105835">
        <ele>-0.28</ele>
      </trkpt>
      <trkpt lat="52.105010747909546" lon="4.436674118041992">
        <ele>-0.18</ele>
      </trkpt>
      <trkpt lat="52.1050751209259" lon="4.436652660369873">
        <ele>-0.09</ele>
      </trkpt>
      <trkpt lat="52.10515022277832" lon="4.436706304550171">
        <ele>-0.01</ele>
      </trkpt>
      <trkpt lat="52.10519313812256" lon="4.4367921352386475">
        <ele>0.04</ele>
      </trkpt>
      <trkpt lat="52.10522540844977" lon="4.4367921352386475">
        <ele>0.09</ele>
      </trkpt>
      <trkpt lat="52.10525759495795" lon="4.436781406402588">
        <ele>0.14</ele>
      </trkpt>
      <trkpt lat="52.105257511138916" lon="4.436781406402588">
        <ele>0.17</ele>
      </trkpt>
      <trkpt lat="52.10534334182739" lon="4.436770677566528">
        <ele>0.17</ele>
      </trkpt>
      <trkpt lat="52.10566520690918" lon="4.43647027015686">
        <ele>0.14</ele>
      </trkpt>
      <trkpt lat="52.10574039258063" lon="4.436448812484741">
        <ele>0.14</ele>
      </trkpt>
      <trkpt lat="52.106040716171265" lon="4.436105489730835">
        <ele>0.31</ele>
      </trkpt>
      <trkpt lat="52.106105173006654" lon="4.436084032058716">
        <ele>0.31</ele>
      </trkpt>
      <trkpt lat="52.10615873336792" lon="4.436094760894775">
        <ele>0.3</ele>
      </trkpt>
      <trkpt lat="52.10620164871216" lon="4.436159133911133">
        <ele>0.25</ele>
      </trkpt>
      <trkpt lat="52.106298208236694" lon="4.436373710632324">
        <ele>0.16</ele>
      </trkpt>
      <trkpt lat="52.10638403892517" lon="4.436459541320801">
        <ele>0.12</ele>
      </trkpt>
      <trkpt lat="52.10643768310547" lon="4.436448812484741">
        <ele>0.08</ele>
      </trkpt>
      <trkpt lat="52.10667380131781" lon="4.436309337615967">
        <ele>0.01</ele>
      </trkpt>
      <trkpt lat="52.10667371749878" lon="4.436309337615967">
        <ele>0.0</ele>
      </trkpt>
      <trkpt lat="52.10673809051514" lon="4.43622350692749">
        <ele>-0.05</ele>
      </trkpt>
      <trkpt lat="52.106813192367554" lon="4.4360411167144775">
        <ele>-0.07</ele>
      </trkpt>
      <trkpt lat="52.106856191530824" lon="4.435912370681763">
        <ele>-0.04</ele>
      </trkpt>
      <trkpt lat="52.10686683654785" lon="4.435826539993286">
        <ele>-0.01</ele>
      </trkpt>
      <trkpt lat="52.10696339607239" lon="4.4351935386657715">
        <ele>0.03</ele>
      </trkpt>
      <trkpt lat="52.106995582580566" lon="4.434946775436401">
        <ele>0.05</ele>
      </trkpt>
      <trkpt lat="52.107038497924805" lon="4.434785842895508">
        <ele>0.08</ele>
      </trkpt>
      <trkpt lat="52.10737109184265" lon="4.434131383895874">
        <ele>0.0</ele>
      </trkpt>
      <trkpt lat="52.10736036300659" lon="4.4340455532073975">
        <ele>0.0</ele>
      </trkpt>
      <trkpt lat="52.107295989990234" lon="4.433948993682861">
        <ele>0.02</ele>
      </trkpt>
      <trkpt lat="52.10747846402228" lon="4.433605670928955">
        <ele>-0.03</ele>
      </trkpt>
      <trkpt lat="52.10747838020325" lon="4.433605670928955">
        <ele>-0.02</ele>
      </trkpt>
      <trkpt lat="52.10767158307135" lon="4.433251619338989">
        <ele>-0.05</ele>
      </trkpt>
      <trkpt lat="52.10767149925232" lon="4.433251619338989">
        <ele>-0.04</ele>
      </trkpt>
      <trkpt lat="52.1089590433985" lon="4.430826902389526">
        <ele>0.04</ele>
      </trkpt>
      <trkpt lat="52.10895895957947" lon="4.430826902389526">
        <ele>0.07</ele>
      </trkpt>
      <trkpt lat="52.10917362011969" lon="4.430408477783203">
        <ele>0.16</ele>
      </trkpt>
      <trkpt lat="52.10917353630066" lon="4.430408477783203">
        <ele>0.17</ele>
      </trkpt>
      <trkpt lat="52.10939892567694" lon="4.42999005317688">
        <ele>0.18</ele>
      </trkpt>
      <trkpt lat="52.10939884185791" lon="4.42999005317688">
        <ele>0.19</ele>
      </trkpt>
      <trkpt lat="52.10966714657843" lon="4.429464340209961">
        <ele>0.21</ele>
      </trkpt>
      <trkpt lat="52.109763622283936" lon="4.429271221160889">
        <ele>0.16</ele>
      </trkpt>
      <trkpt lat="52.109763622283936" lon="4.429153203964233">
        <ele>0.13</ele>
      </trkpt>
      <trkpt lat="52.1101713180542" lon="4.428348541259766">
        <ele>-0.02</ele>
      </trkpt>
      <trkpt lat="52.110793674364686" lon="4.42898154258728">
        <ele>0.14</ele>
      </trkpt>
      <trkpt lat="52.11114764213562" lon="4.4293248653411865">
        <ele>0.25</ele>
      </trkpt>
      <trkpt lat="52.11198449134827" lon="4.4277262687683105">
        <ele>0.34</ele>
      </trkpt>
      <trkpt lat="52.112746238708496" lon="4.425827264785767">
        <ele>0.35</ele>
      </trkpt>
      <trkpt lat="52.11298227310181" lon="4.425183534622192">
        <ele>0.34</ele>
      </trkpt>
      <trkpt lat="52.11320757865906" lon="4.424518346786499">
        <ele>0.31</ele>
      </trkpt>
      <trkpt lat="52.113540172576904" lon="4.423456192016602">
        <ele>0.67</ele>
      </trkpt>
      <trkpt lat="52.114559495821595" lon="4.4201624393463135">
        <ele>0.73</ele>
      </trkpt>
      <trkpt lat="52.11455941200256" lon="4.4201624393463135">
        <ele>0.82</ele>
      </trkpt>
      <trkpt lat="52.114741802215576" lon="4.419540166854858">
        <ele>0.8</ele>
      </trkpt>
      <trkpt lat="52.114773988723755" lon="4.419314861297607">
        <ele>0.86</ele>
      </trkpt>
      <trkpt lat="52.11482763290405" lon="4.41925048828125">
        <ele>0.96</ele>
      </trkpt>
      <trkpt lat="52.11506366729736" lon="4.418520927429199">
        <ele>1.16</ele>
      </trkpt>
      <trkpt lat="52.11513876914978" lon="4.41851019859314">
        <ele>1.29</ele>
      </trkpt>
      <trkpt lat="52.115503549575806" lon="4.418724775314331">
        <ele>1.45</ele>
      </trkpt>
      <trkpt lat="52.1161687374115" lon="4.4197118282318115">
        <ele>1.58</ele>
      </trkpt>
      <trkpt lat="52.116243839263916" lon="4.419904947280884">
        <ele>1.68</ele>
      </trkpt>
      <trkpt lat="52.11636185646057" lon="4.420216083526611">
        <ele>1.85</ele>
      </trkpt>
      <trkpt lat="52.116490602493286" lon="4.420419931411743">
        <ele>1.94</ele>
      </trkpt>
      <trkpt lat="52.117767333984375" lon="4.422286748886108">
        <ele>1.89</ele>
      </trkpt>
      <trkpt lat="52.11788535118103" lon="4.422394037246704">
        <ele>1.92</ele>
      </trkpt>
      <trkpt lat="52.118014097213745" lon="4.422672986984253">
        <ele>1.92</ele>
      </trkpt>
      <trkpt lat="52.11893677711487" lon="4.424035549163818">
        <ele>2.09</ele>
      </trkpt>
      <trkpt lat="52.119140625" lon="4.424185752868652">
        <ele>2.15</ele>
      </trkpt>
      <trkpt lat="52.11939811706543" lon="4.424625635147095">
        <ele>2.23</ele>
      </trkpt>
      <trkpt lat="52.11988091468811" lon="4.4253551959991455">
        <ele>2.31</ele>
      </trkpt>
      <trkpt lat="52.120031118392944" lon="4.42549467086792">
        <ele>2.35</ele>
      </trkpt>
      <trkpt lat="52.12006330490112" lon="4.425516128540039">
        <ele>2.39</ele>
      </trkpt>
      <trkpt lat="52.12011694908142" lon="4.425591230392456">
        <ele>2.42</ele>
      </trkpt>
      <trkpt lat="52.12080359458923" lon="4.426610469818115">
        <ele>2.37</ele>
      </trkpt>
      <trkpt lat="52.12085723876953" lon="4.426707029342651">
        <ele>2.4</ele>
      </trkpt>
      <trkpt lat="52.12088942527771" lon="4.426846504211426">
        <ele>2.45</ele>
      </trkpt>
      <trkpt lat="52.1210503578186" lon="4.427114725112915">
        <ele>2.52</ele>
      </trkpt>
      <trkpt lat="52.122251987457275" lon="4.428927898406982">
        <ele>2.49</ele>
      </trkpt>
      <trkpt lat="52.12261685170233" lon="4.429453611373901">
        <ele>2.49</ele>
      </trkpt>
      <trkpt lat="52.12364681996405" lon="4.430966377258301">
        <ele>2.53</ele>
      </trkpt>
      <trkpt lat="52.123743295669556" lon="4.431180953979492">
        <ele>2.63</ele>
      </trkpt>
      <trkpt lat="52.12385058403015" lon="4.431341886520386">
        <ele>2.67</ele>
      </trkpt>
      <trkpt lat="52.12431192398071" lon="4.431953430175781">
        <ele>2.59</ele>
      </trkpt>
      <trkpt lat="52.124751806259155" lon="4.432575702667236">
        <ele>2.67</ele>
      </trkpt>
      <trkpt lat="52.12542772293091" lon="4.4333696365356445">
        <ele>2.67</ele>
      </trkpt>
      <trkpt lat="52.125492095947266" lon="4.433401823043823">
        <ele>2.58</ele>
      </trkpt>
      <trkpt lat="52.12563157081604" lon="4.433358907699585">
        <ele>2.43</ele>
      </trkpt>
      <trkpt lat="52.12567448616028" lon="4.4333696365356445">
        <ele>2.29</ele>
      </trkpt>
      <trkpt lat="52.12612518109381" lon="4.433927536010742">
        <ele>2.05</ele>
      </trkpt>
      <trkpt lat="52.12657570838928" lon="4.434506893157959">
        <ele>1.87</ele>
      </trkpt>
      <trkpt lat="52.12661862373352" lon="4.434560537338257">
        <ele>1.72</ele>
      </trkpt>
      <trkpt lat="52.12662943638861" lon="4.434646368026733">
        <ele>1.55</ele>
      </trkpt>
      <trkpt lat="52.12662935256958" lon="4.434946775436401">
        <ele>1.38</ele>
      </trkpt>
      <trkpt lat="52.12668299674988" lon="4.435247182846069">
        <ele>1.19</ele>
      </trkpt>
      <trkpt lat="52.12662943638861" lon="4.435290098190308">
        <ele>1.1</ele>
      </trkpt>
      <trkpt lat="52.12656497955322" lon="4.435354471206665">
        <ele>1.08</ele>
      </trkpt>
      <trkpt lat="52.126511335372925" lon="4.435032606124878">
        <ele>1.1</ele>
      </trkpt>
      <trkpt lat="52.126500606536865" lon="4.434828758239746">
        <ele>1.12</ele>
      </trkpt>
      <trkpt lat="52.1265006903559" lon="4.434657096862793">
        <ele>1.17</ele>
      </trkpt>
      <trkpt lat="52.126532793045044" lon="4.434356689453125">
        <ele>1.29</ele>
      </trkpt>
      <trkpt lat="52.12657570838928" lon="4.434163570404053">
        <ele>1.36</ele>
      </trkpt>
      <trkpt lat="52.12666153907776" lon="4.433906078338623">
        <ele>1.44</ele>
      </trkpt>
      <trkpt lat="52.126768827438354" lon="4.433691501617432">
        <ele>1.49</ele>
      </trkpt>
      <trkpt lat="52.126768911257386" lon="4.433691501617432">
        <ele>1.57</ele>
      </trkpt>
      <trkpt lat="52.12706923484802" lon="4.433315992355347">
        <ele>1.67</ele>
      </trkpt>
      <trkpt lat="52.12713360786438" lon="4.433262348175049">
        <ele>1.76</ele>
      </trkpt>
      <trkpt lat="52.12719798088074" lon="4.433251619338989">
        <ele>1.85</ele>
      </trkpt>
      <trkpt lat="52.12730526924133" lon="4.4332945346832275">
        <ele>1.95</ele>
      </trkpt>
      <trkpt lat="52.12736964225769" lon="4.433380365371704">
        <ele>2.06</ele>
      </trkpt>
      <trkpt lat="52.12758430279791" lon="4.433015584945679">
        <ele>2.12</ele>
      </trkpt>
      <trkpt lat="52.127798879519105" lon="4.432650804519653">
        <ele>2.19</ele>
      </trkpt>
      <trkpt lat="52.12831377983093" lon="4.43173885345459">
        <ele>2.26</ele>
      </trkpt>
      <trkpt lat="52.12859272956848" lon="4.4312989711761475">
        <ele>2.4</ele>
      </trkpt>
      <trkpt lat="52.12893605232239" lon="4.430655241012573">
        <ele>2.45</ele>
      </trkpt>
      <trkpt lat="52.12939739227295" lon="4.429603815078735">
        <ele>2.48</ele>
      </trkpt>
      <trkpt lat="52.129729986190796" lon="4.428820610046387">
        <ele>2.49</ele>
      </trkpt>
      <trkpt lat="52.13016986846924" lon="4.427586793899536">
        <ele>2.41</ele>
      </trkpt>
      <trkpt lat="52.13064193725586" lon="4.4264280796051025">
        <ele>2.19</ele>
      </trkpt>
      <trkpt lat="52.13116773404181" lon="4.425333738327026">
        <ele>2.48</ele>
      </trkpt>
      <trkpt lat="52.13142514228821" lon="4.424797296524048">
        <ele>2.66</ele>
      </trkpt>
      <trkpt lat="52.13186502456665" lon="4.4238317012786865">
        <ele>2.31</ele>
      </trkpt>
      <trkpt lat="52.132530212402344" lon="4.422168731689453">
        <ele>2.4</ele>
      </trkpt>
      <trkpt lat="52.132530296221375" lon="4.422168731689453">
        <ele>2.38</ele>
      </trkpt>
      <trkpt lat="52.13269114494324" lon="4.4217610359191895">
        <ele>2.44</ele>
      </trkpt>
      <trkpt lat="52.13281989097595" lon="4.421546459197998">
        <ele>2.41</ele>
      </trkpt>
      <trkpt lat="52.133023738861084" lon="4.421138763427734">
        <ele>2.36</ele>
      </trkpt>
      <trkpt lat="52.133023822680116" lon="4.421138763427734">
        <ele>2.35</ele>
      </trkpt>
      <trkpt lat="52.13310965336859" lon="4.420956373214722">
        <ele>2.31</ele>
      </trkpt>
      <trkpt lat="52.13319540023804" lon="4.420677423477173">
        <ele>2.25</ele>
      </trkpt>
      <trkpt lat="52.13342070579529" lon="4.419883489608765">
        <ele>2.38</ele>
      </trkpt>
      <trkpt lat="52.133570993319154" lon="4.41950798034668">
        <ele>2.6</ele>
      </trkpt>
      <trkpt lat="52.13367819786072" lon="4.419229030609131">
        <ele>2.75</ele>
      </trkpt>
      <trkpt lat="52.13540554046631" lon="4.415677785873413">
        <ele>2.37</ele>
      </trkpt>
      <trkpt lat="52.13559865951538" lon="4.41524863243103">
        <ele>2.46</ele>
      </trkpt>
      <trkpt lat="52.135791862383485" lon="4.414733648300171">
        <ele>2.57</ele>
      </trkpt>
      <trkpt lat="52.13586688041687" lon="4.414583444595337">
        <ele>2.64</ele>
      </trkpt>
      <trkpt lat="52.1358669642359" lon="4.414583444595337">
        <ele>2.74</ele>
      </trkpt>
      <trkpt lat="52.13592052459717" lon="4.414465427398682">
        <ele>2.85</ele>
      </trkpt>
      <trkpt lat="52.13604927062988" lon="4.41426157951355">
        <ele>2.98</ele>
      </trkpt>
      <trkpt lat="52.13619955815375" lon="4.414057731628418">
        <ele>3.17</ele>
      </trkpt>
      <trkpt lat="52.1363712195307" lon="4.413843154907227">
        <ele>3.38</ele>
      </trkpt>
      <trkpt lat="52.136489152908325" lon="4.413660764694214">
        <ele>3.62</ele>
      </trkpt>
      <trkpt lat="52.13654279708862" lon="4.4135212898254395">
        <ele>3.87</ele>
      </trkpt>
      <trkpt lat="52.13663935661316" lon="4.413124322891235">
        <ele>4.17</ele>
      </trkpt>
      <trkpt lat="52.136757457628846" lon="4.412802457809448">
        <ele>4.54</ele>
      </trkpt>
      <trkpt lat="52.13747628964484" lon="4.410892724990845">
        <ele>5.14</ele>
      </trkpt>
      <trkpt lat="52.137551391497254" lon="4.410688877105713">
        <ele>5.27</ele>
      </trkpt>
      <trkpt lat="52.13804483413696" lon="4.409390687942505">
        <ele>5.27</ele>
      </trkpt>
      <trkpt lat="52.13807702064514" lon="4.4092512130737305">
        <ele>5.29</ele>
      </trkpt>
      <trkpt lat="52.13830232620239" lon="4.4086503982543945">
        <ele>5.15</ele>
      </trkpt>
      <trkpt lat="52.13842034339905" lon="4.408403635025024">
        <ele>5.04</ele>
      </trkpt>
      <trkpt lat="52.138710021972656" lon="4.408038854598999">
        <ele>4.82</ele>
      </trkpt>
      <trkpt lat="52.13894605636597" lon="4.4077277183532715">
        <ele>4.63</ele>
      </trkpt>
      <trkpt lat="52.139010513201356" lon="4.4076526165008545">
        <ele>4.46</ele>
      </trkpt>
      <trkpt lat="52.13908553123474" lon="4.40751314163208">
        <ele>4.33</ele>
      </trkpt>
      <trkpt lat="52.13913917541504" lon="4.407491683959961">
        <ele>4.2</ele>
      </trkpt>
      <trkpt lat="52.13916063308716" lon="4.407545328140259">
        <ele>4.08</ele>
      </trkpt>
      <trkpt lat="52.139214277267456" lon="4.4075024127960205">
        <ele>3.98</ele>
      </trkpt>
      <trkpt lat="52.13956832885742" lon="4.407534599304199">
        <ele>3.98</ele>
      </trkpt>
      <trkpt lat="52.13967561721802" lon="4.407448768615723">
        <ele>3.89</ele>
      </trkpt>
      <trkpt lat="52.139750802889466" lon="4.407320022583008">
        <ele>3.76</ele>
      </trkpt>
      <trkpt lat="52.14029788970947" lon="4.406397342681885">
        <ele>3.57</ele>
      </trkpt>
      <trkpt lat="52.140501821413636" lon="4.4064295291900635">
        <ele>3.52</ele>
      </trkpt>
      <trkpt lat="52.140501737594604" lon="4.4064295291900635">
        <ele>3.49</ele>
      </trkpt>
      <trkpt lat="52.14054465293884" lon="4.4064295291900635">
        <ele>3.49</ele>
      </trkpt>
      <trkpt lat="52.14059829711914" lon="4.406075477600098">
        <ele>3.52</ele>
      </trkpt>
      <trkpt lat="52.14064129628241" lon="4.405914545059204">
        <ele>3.56</ele>
      </trkpt>
      <trkpt lat="52.14082360267639" lon="4.405453205108643">
        <ele>3.62</ele>
      </trkpt>
      <trkpt lat="52.14115619659424" lon="4.404723644256592">
        <ele>3.87</ele>
      </trkpt>
      <trkpt lat="52.142271995544434" lon="4.402985572814941">
        <ele>3.92</ele>
      </trkpt>
      <trkpt lat="52.14234709739685" lon="4.402921199798584">
        <ele>4.01</ele>
      </trkpt>
      <trkpt lat="52.14244365692139" lon="4.402803182601929">
        <ele>4.07</ele>
      </trkpt>
      <trkpt lat="52.14260467328131" lon="4.402438402175903">
        <ele>4.05</ele>
      </trkpt>
      <trkpt lat="52.14260458946228" lon="4.402438402175903">
        <ele>4.11</ele>
      </trkpt>
      <trkpt lat="52.14292645454407" lon="4.401386976242065">
        <ele>4.15</ele>
      </trkpt>
      <trkpt lat="52.142969369888306" lon="4.401365518569946">
        <ele>4.2</ele>
      </trkpt>
      <trkpt lat="52.143012369051576" lon="4.401301145553589">
        <ele>4.23</ele>
      </trkpt>
      <trkpt lat="52.143055284395814" lon="4.401215314865112">
        <ele>4.26</ele>
      </trkpt>
      <trkpt lat="52.14306592941284" lon="4.401150941848755">
        <ele>4.28</ele>
      </trkpt>
      <trkpt lat="52.143044555559754" lon="4.400990009307861">
        <ele>4.31</ele>
      </trkpt>
      <trkpt lat="52.14315176010132" lon="4.40076470375061">
        <ele>4.37</ele>
      </trkpt>
      <trkpt lat="52.14347370900214" lon="4.399981498718262">
        <ele>4.26</ele>
      </trkpt>
      <trkpt lat="52.143473625183105" lon="4.399981498718262">
        <ele>4.24</ele>
      </trkpt>
      <trkpt lat="52.14377403259277" lon="4.399402141571045">
        <ele>4.2</ele>
      </trkpt>
      <trkpt lat="52.1441924571991" lon="4.398715496063232">
        <ele>4.15</ele>
      </trkpt>
      <trkpt lat="52.14466460980475" lon="4.3980395793914795">
        <ele>4.1</ele>
      </trkpt>
      <trkpt lat="52.14466452598572" lon="4.3980395793914795">
        <ele>4.03</ele>
      </trkpt>
      <trkpt lat="52.145007932558656" lon="4.397503137588501">
        <ele>3.92</ele>
      </trkpt>
      <trkpt lat="52.145007848739624" lon="4.397503137588501">
        <ele>3.84</ele>
      </trkpt>
      <trkpt lat="52.146016359329224" lon="4.395893812179565">
        <ele>3.78</ele>
      </trkpt>
      <trkpt lat="52.14684256352484" lon="4.394617080688477">
        <ele>3.77</ele>
      </trkpt>
      <trkpt lat="52.147003412246704" lon="4.394402503967285">
        <ele>3.65</ele>
      </trkpt>
      <trkpt lat="52.14711078442633" lon="4.394241571426392">
        <ele>3.53</ele>
      </trkpt>
      <trkpt lat="52.14765795506537" lon="4.393168687820435">
        <ele>3.24</ele>
      </trkpt>
      <trkpt lat="52.14771159924567" lon="4.393061399459839">
        <ele>3.12</ele>
      </trkpt>
      <trkpt lat="52.148248041048646" lon="4.391988515853882">
        <ele>3.05</ele>
      </trkpt>
      <trkpt lat="52.14864500798285" lon="4.391130208969116">
        <ele>3.0</ele>
      </trkpt>
      <trkpt lat="52.148730754852295" lon="4.390980005264282">
        <ele>2.98</ele>
      </trkpt>
      <trkpt lat="52.14877367019653" lon="4.3909478187561035">
        <ele>3.0</ele>
      </trkpt>
      <trkpt lat="52.14880585670471" lon="4.390958547592163">
        <ele>3.07</ele>
      </trkpt>
      <trkpt lat="52.14883812703192" lon="4.390883445739746">
        <ele>3.19</ele>
      </trkpt>
      <trkpt lat="52.1488703135401" lon="4.390829801559448">
        <ele>3.36</ele>
      </trkpt>
      <trkpt lat="52.14891322888434" lon="4.390765428543091">
        <ele>3.59</ele>
      </trkpt>
      <trkpt lat="52.14890241622925" lon="4.390690326690674">
        <ele>3.89</ele>
      </trkpt>
      <trkpt lat="52.14884885586798" lon="4.390604496002197">
        <ele>4.23</ele>
      </trkpt>
      <trkpt lat="52.148773754015565" lon="4.390475749969482">
        <ele>4.63</ele>
      </trkpt>
      <trkpt lat="52.148752212524414" lon="4.390443563461304">
        <ele>5.0</ele>
      </trkpt>
      <trkpt lat="52.14878439903259" lon="4.390304088592529">
        <ele>5.46</ele>
      </trkpt>
      <trkpt lat="52.148784482851624" lon="4.390304088592529">
        <ele>5.8</ele>
      </trkpt>
      <trkpt lat="52.14961051940918" lon="4.389306306838989">
        <ele>6.28</ele>
      </trkpt>
      <trkpt lat="52.14961060322821" lon="4.389306306838989">
        <ele>6.51</ele>
      </trkpt>
      <trkpt lat="52.149728536605835" lon="4.389220476150513">
        <ele>6.67</ele>
      </trkpt>
      <trkpt lat="52.15201377868652" lon="4.386377334594727">
        <ele>6.8</ele>
      </trkpt>
      <trkpt lat="52.15216398239136" lon="4.386205673217773">
        <ele>6.86</ele>
      </trkpt>
      <trkpt lat="52.152947187423706" lon="4.385476112365723">
        <ele>6.71</ele>
      </trkpt>
      <trkpt lat="52.15294727124274" lon="4.385476112365723">
        <ele>6.65</ele>
      </trkpt>
      <trkpt lat="52.152957916259766" lon="4.385508298873901">
        <ele>6.51</ele>
      </trkpt>
      <trkpt lat="52.153000831604004" lon="4.385626316070557">
        <ele>6.27</ele>
      </trkpt>
      <trkpt lat="52.153011644259095" lon="4.385647773742676">
        <ele>5.99</ele>
      </trkpt>
      <trkpt lat="52.153033101931214" lon="4.385722875595093">
        <ele>5.62</ele>
      </trkpt>
      <trkpt lat="52.15303301811218" lon="4.385722875595093">
        <ele>5.2</ele>
      </trkpt>
      <trkpt lat="52.153290593996644" lon="4.385476112365723">
        <ele>4.55</ele>
      </trkpt>
      <trkpt lat="52.15365529060364" lon="4.3851542472839355">
        <ele>4.02</ele>
      </trkpt>
      <trkpt lat="52.15378403663635" lon="4.385100603103638">
        <ele>3.61</ele>
      </trkpt>
      <trkpt lat="52.15390213765204" lon="4.385100603103638">
        <ele>3.24</ele>
      </trkpt>
      <trkpt lat="52.15390205383301" lon="4.385315179824829">
        <ele>2.84</ele>
      </trkpt>
      <trkpt lat="52.15393424034119" lon="4.3853795528411865">
        <ele>2.56</ele>
      </trkpt>
      <trkpt lat="52.153998613357544" lon="4.3853795528411865">
        <ele>2.32</ele>
      </trkpt>
      <trkpt lat="52.15405225753784" lon="4.385422468185425">
        <ele>2.12</ele>
      </trkpt>
      <trkpt lat="52.15406441129744" lon="4.385468317195773">
        <ele>1.95</ele>
      </trkpt>
      <trkpt lat="52.15405225753784" lon="4.385422468185425">
        <ele>1.99</ele>
      </trkpt>
      <trkpt lat="52.153998613357544" lon="4.3853795528411865">
        <ele>2.05</ele>
      </trkpt>
      <trkpt lat="52.15393424034119" lon="4.3853795528411865">
        <ele>2.12</ele>
      </trkpt>
      <trkpt lat="52.15390205383301" lon="4.385315179824829">
        <ele>2.2</ele>
      </trkpt>
      <trkpt lat="52.15390213765204" lon="4.385100603103638">
        <ele>2.38</ele>
      </trkpt>
      <trkpt lat="52.15409517288208" lon="4.385143518447876">
        <ele>2.52</ele>
      </trkpt>
      <trkpt lat="52.1541166305542" lon="4.385240077972412">
        <ele>2.62</ele>
      </trkpt>
      <trkpt lat="52.154234647750854" lon="4.385411739349365">
        <ele>2.85</ele>
      </trkpt>
      <trkpt lat="52.15435266494751" lon="4.386012554168701">
        <ele>3.12</ele>
      </trkpt>
      <trkpt lat="52.15455651283264" lon="4.386731386184692">
        <ele>3.11</ele>
      </trkpt>
      <trkpt lat="52.154728174209595" lon="4.387224912643433">
        <ele>3.15</ele>
      </trkpt>
      <trkpt lat="52.15502858161926" lon="4.387890100479126">
        <ele>3.24</ele>
      </trkpt>
      <trkpt lat="52.15513586997986" lon="4.388083219528198">
        <ele>3.37</ele>
      </trkpt>
      <trkpt lat="52.15526461601257" lon="4.388244152069092">
        <ele>3.47</ele>
      </trkpt>
      <trkpt lat="52.155489921569824" lon="4.388447999954224">
        <ele>3.56</ele>
      </trkpt>
      <trkpt lat="52.15579032897949" lon="4.388673305511475">
        <ele>3.78</ele>
      </trkpt>
      <trkpt lat="52.15685256756842" lon="4.38928484916687">
        <ele>4.07</ele>
      </trkpt>
      <trkpt lat="52.156959772109985" lon="4.389359951019287">
        <ele>4.12</ele>
      </trkpt>
      <trkpt lat="52.15707787312567" lon="4.3894243240356445">
        <ele>4.13</ele>
      </trkpt>
      <trkpt lat="52.15707778930664" lon="4.3894243240356445">
        <ele>4.18</ele>
      </trkpt>
      <trkpt lat="52.15735673904419" lon="4.389595985412598">
        <ele>4.29</ele>
      </trkpt>
      <trkpt lat="52.15780735015869" lon="4.389939308166504">
        <ele>4.53</ele>
      </trkpt>
      <trkpt lat="52.15835452079773" lon="4.390422105789185">
        <ele>4.6</ele>
      </trkpt>
      <trkpt lat="52.15881586074829" lon="4.390904903411865">
        <ele>4.64</ele>
      </trkpt>
      <trkpt lat="52.15936303138733" lon="4.391613006591797">
        <ele>4.46</ele>
      </trkpt>
      <trkpt lat="52.1596097946167" lon="4.3919456005096436">
        <ele>4.07</ele>
      </trkpt>
      <trkpt lat="52.15982445515692" lon="4.392299652099609">
        <ele>3.71</ele>
      </trkpt>
      <trkpt lat="52.16021069325507" lon="4.392889738082886">
        <ele>3.61</ele>
      </trkpt>
      <trkpt lat="52.160210609436035" lon="4.392889738082886">
        <ele>3.43</ele>
      </trkpt>
      <trkpt lat="52.16055393218994" lon="4.393415451049805">
        <ele>3.23</ele>
      </trkpt>
      <trkpt lat="52.16063976287842" lon="4.393587112426758">
        <ele>3.11</ele>
      </trkpt>
      <trkpt lat="52.16063984669745" lon="4.393748044967651">
        <ele>3.03</ele>
      </trkpt>
      <trkpt lat="52.16065049171448" lon="4.393833875656128">
        <ele>2.91</ele>
      </trkpt>
      <trkpt lat="52.16070421971381" lon="4.393941164016724">
        <ele>2.8</ele>
      </trkpt>
      <trkpt lat="52.160747135058045" lon="4.394016265869141">
        <ele>2.7</ele>
      </trkpt>
      <trkpt lat="52.16080069541931" lon="4.394091367721558">
        <ele>2.58</ele>
      </trkpt>
      <trkpt lat="52.16095098294318" lon="4.3941450119018555">
        <ele>2.43</ele>
      </trkpt>
      <trkpt lat="52.16104745864868" lon="4.394252300262451">
        <ele>2.31</ele>
      </trkpt>
      <trkpt lat="52.16215252876282" lon="4.3961405754089355">
        <ele>2.27</ele>
      </trkpt>
      <trkpt lat="52.16286063194275" lon="4.397428035736084">
        <ele>2.14</ele>
      </trkpt>
      <trkpt lat="52.16286071576178" lon="4.397428035736084">
        <ele>2.03</ele>
      </trkpt>
      <trkpt lat="52.16334342956543" lon="4.398307800292969">
        <ele>1.75</ele>
      </trkpt>
      <trkpt lat="52.16375112533569" lon="4.398919343948364">
        <ele>1.85</ele>
      </trkpt>
      <trkpt lat="52.164223194122314" lon="4.399498701095581">
        <ele>1.62</ele>
      </trkpt>
      <trkpt lat="52.16457724571228" lon="4.399895668029785">
        <ele>1.55</ele>
      </trkpt>
      <trkpt lat="52.165607213974" lon="4.400957822799683">
        <ele>1.34</ele>
      </trkpt>
      <trkpt lat="52.16642268933356" lon="4.401794672012329">
        <ele>1.04</ele>
      </trkpt>
      <trkpt lat="52.16725945472717" lon="4.402652978897095">
        <ele>0.96</ele>
      </trkpt>
      <trkpt lat="52.16752767562866" lon="4.402878284454346">
        <ele>0.88</ele>
      </trkpt>
      <trkpt lat="52.1678174380213" lon="4.403071403503418">
        <ele>0.84</ele>
      </trkpt>
      <trkpt lat="52.16836452484131" lon="4.4032323360443115">
        <ele>0.78</ele>
      </trkpt>
      <trkpt lat="52.16875076293945" lon="4.403200149536133">
        <ele>0.59</ele>
      </trkpt>
      <trkpt lat="52.16910481452942" lon="4.403103590011597">
        <ele>0.55</ele>
      </trkpt>
      <trkpt lat="52.16929793357849" lon="4.4030070304870605">
        <ele>0.6</ele>
      </trkpt>
      <trkpt lat="52.16949105262756" lon="4.402867555618286">
        <ele>0.59</ele>
      </trkpt>
      <trkpt lat="52.169694900512695" lon="4.402695894241333">
        <ele>0.56</ele>
      </trkpt>
      <trkpt lat="52.17026352882385" lon="4.40203070640564">
        <ele>0.72</ele>
      </trkpt>
      <trkpt lat="52.17077851295471" lon="4.401386976242065">
        <ele>0.86</ele>
      </trkpt>
      <trkpt lat="52.1711540222168" lon="4.400893449783325">
        <ele>1.07</ele>
      </trkpt>
      <trkpt lat="52.17137941159308" lon="4.400646686553955">
        <ele>1.22</ele>
      </trkpt>
      <trkpt lat="52.17156180180609" lon="4.400475025177002">
        <ele>1.37</ele>
      </trkpt>
      <trkpt lat="52.171722650527954" lon="4.400378465652466">
        <ele>1.54</ele>
      </trkpt>
      <trkpt lat="52.17185139656067" lon="4.400357007980347">
        <ele>1.76</ele>
      </trkpt>
      <trkpt lat="52.17201232910156" lon="4.400357007980347">
        <ele>1.93</ele>
      </trkpt>
      <trkpt lat="52.172173261642456" lon="4.400421380996704">
        <ele>2.08</ele>
      </trkpt>
      <trkpt lat="52.17217334546149" lon="4.400421380996704">
        <ele>2.27</ele>
      </trkpt>
      <trkpt lat="52.17254877090454" lon="4.400582313537598">
        <ele>2.49</ele>
      </trkpt>
      <trkpt lat="52.172977924346924" lon="4.400839805603027">
        <ele>2.74</ele>
      </trkpt>
      <trkpt lat="52.17367538250983" lon="4.401451349258423">
        <ele>2.89</ele>
      </trkpt>
      <trkpt lat="52.17409372329712" lon="4.401912689208984">
        <ele>3.25</ele>
      </trkpt>
      <trkpt lat="52.174222469329834" lon="4.402170181274414">
        <ele>3.45</ele>
      </trkpt>
      <trkpt lat="52.17440485954285" lon="4.402695894241333">
        <ele>3.66</ele>
      </trkpt>
      <trkpt lat="52.1745228767395" lon="4.402921199798584">
        <ele>3.79</ele>
      </trkpt>
      <trkpt lat="52.174715995788574" lon="4.403071403503418">
        <ele>3.93</ele>
      </trkpt>
      <trkpt lat="52.17504858970642" lon="4.403146505355835">
        <ele>4.16</ele>
      </trkpt>
      <trkpt lat="52.175209522247314" lon="4.403243064880371">
        <ele>4.39</ele>
      </trkpt>
      <trkpt lat="52.175413370132446" lon="4.403436183929443">
        <ele>4.58</ele>
      </trkpt>
      <trkpt lat="52.17579960823059" lon="4.403897523880005">
        <ele>4.75</ele>
      </trkpt>
      <trkpt lat="52.17608937062323" lon="4.404187202453613">
        <ele>5.07</ele>
      </trkpt>
      <trkpt lat="52.17655071057379" lon="4.404562711715698">
        <ele>5.33</ele>
      </trkpt>
      <trkpt lat="52.17732310295105" lon="4.405088424682617">
        <ele>5.33</ele>
      </trkpt>
      <trkpt lat="52.17763423919678" lon="4.405324459075928">
        <ele>5.47</ele>
      </trkpt>
      <trkpt lat="52.17858910560608" lon="4.406107664108276">
        <ele>5.47</ele>
      </trkpt>
      <trkpt lat="52.17894324101508" lon="4.406440258026123">
        <ele>5.35</ele>
      </trkpt>
      <trkpt lat="52.178943157196045" lon="4.406440258026123">
        <ele>5.37</ele>
      </trkpt>
      <trkpt lat="52.179404497146606" lon="4.406998157501221">
        <ele>5.53</ele>
      </trkpt>
      <trkpt lat="52.17994102276862" lon="4.407813549041748">
        <ele>5.6</ele>
      </trkpt>
      <trkpt lat="52.180691957473755" lon="4.408864974975586">
        <ele>5.53</ele>
      </trkpt>
      <trkpt lat="52.18087434768677" lon="4.409036636352539">
        <ele>5.48</ele>
      </trkpt>
      <trkpt lat="52.180992448702455" lon="4.409229755401611">
        <ele>5.32</ele>
      </trkpt>
      <trkpt lat="52.18105682171881" lon="4.409315586090088">
        <ele>5.09</ele>
      </trkpt>
      <trkpt lat="52.18114265240729" lon="4.409422874450684">
        <ele>4.79</ele>
      </trkpt>
      <trkpt lat="52.18124985694885" lon="4.409487247467041">
        <ele>4.47</ele>
      </trkpt>
      <trkpt lat="52.18153961934149" lon="4.40976619720459">
        <ele>4.01</ele>
      </trkpt>
      <trkpt lat="52.18229063786566" lon="4.41051721572876">
        <ele>3.82</ele>
      </trkpt>
      <trkpt lat="52.18256950378418" lon="4.410860538482666">
        <ele>3.36</ele>
      </trkpt>
      <trkpt lat="52.182998741045594" lon="4.411482810974121">
        <ele>2.78</ele>
      </trkpt>
      <trkpt lat="52.183417081832886" lon="4.412201642990112">
        <ele>2.5</ele>
      </trkpt>
      <trkpt lat="52.18408235348761" lon="4.413242340087891">
        <ele>2.07</ele>
      </trkpt>
      <trkpt lat="52.18408226966858" lon="4.413242340087891">
        <ele>1.67</ele>
      </trkpt>
      <trkpt lat="52.18436121940613" lon="4.413607120513916">
        <ele>1.33</ele>
      </trkpt>
      <trkpt lat="52.18480110168457" lon="4.414315223693848">
        <ele>0.92</ele>
      </trkpt>
      <trkpt lat="52.18560584820807" lon="4.415473937988281">
        <ele>0.35</ele>
      </trkpt>
      <trkpt lat="52.18577750958502" lon="4.4157421588897705">
        <ele>0.02</ele>
      </trkpt>
      <trkpt lat="52.18589544296265" lon="4.4159674644470215">
        <ele>-0.3</ele>
      </trkpt>
      <trkpt lat="52.18603491783142" lon="4.416353702545166">
        <ele>-0.5</ele>
      </trkpt>
      <trkpt lat="52.1861207485199" lon="4.416482448577881">
        <ele>-0.68</ele>
      </trkpt>
      <trkpt lat="52.18616374768317" lon="4.416407346725464">
        <ele>-0.84</ele>
      </trkpt>
      <trkpt lat="52.186195934191346" lon="4.416364431381226">
        <ele>-0.93</ele>
      </trkpt>
      <trkpt lat="52.186217308044434" lon="4.416321516036987">
        <ele>-0.95</ele>
      </trkpt>
      <trkpt lat="52.18627095222473" lon="4.416364431381226">
        <ele>-0.89</ele>
      </trkpt>
      <trkpt lat="52.18630322255194" lon="4.416321516036987">
        <ele>-0.79</ele>
      </trkpt>
      <trkpt lat="52.18635686673224" lon="4.416235685348511">
        <ele>-0.63</ele>
      </trkpt>
      <trkpt lat="52.18638896942139" lon="4.416235685348511">
        <ele>-0.39</ele>
      </trkpt>
      <trkpt lat="52.186431884765625" lon="4.416289329528809">
        <ele>-0.07</ele>
      </trkpt>
      <trkpt lat="52.18654990196228" lon="4.4162678718566895">
        <ele>0.26</ele>
      </trkpt>
      <trkpt lat="52.186732375994325" lon="4.416031837463379">
        <ele>0.81</ele>
      </trkpt>
      <trkpt lat="52.18680739402771" lon="4.4159674644470215">
        <ele>1.28</ele>
      </trkpt>
      <trkpt lat="52.186903953552246" lon="4.415946006774902">
        <ele>1.78</ele>
      </trkpt>
      <trkpt lat="52.18761205673218" lon="4.415903091430664">
        <ele>2.47</ele>
      </trkpt>
      <trkpt lat="52.18774080276489" lon="4.415827989578247">
        <ele>2.86</ele>
      </trkpt>
      <trkpt lat="52.187751615419984" lon="4.415988922119141">
        <ele>3.1</ele>
      </trkpt>
      <trkpt lat="52.187751615419984" lon="4.416096210479736">
        <ele>3.29</ele>
      </trkpt>
      <trkpt lat="52.18777298927307" lon="4.416149854660034">
        <ele>3.43</ele>
      </trkpt>
      <trkpt lat="52.18786954879761" lon="4.416235685348511">
        <ele>3.48</ele>
      </trkpt>
      <trkpt lat="52.187912464141846" lon="4.416300058364868">
        <ele>3.48</ele>
      </trkpt>
      <trkpt lat="52.187934005633" lon="4.416385889053345">
        <ele>3.41</ele>
      </trkpt>
      <trkpt lat="52.1880304813385" lon="4.416847229003906">
        <ele>3.14</ele>
      </trkpt>
      <trkpt lat="52.18800902366638" lon="4.416954517364502">
        <ele>3.0</ele>
      </trkpt>
      <trkpt lat="52.18799829483032" lon="4.417029619216919">
        <ele>2.86</ele>
      </trkpt>
      <trkpt lat="52.18806266784668" lon="4.417458772659302">
        <ele>2.65</ele>
      </trkpt>
      <trkpt lat="52.18826651573181" lon="4.417952299118042">
        <ele>2.28</ele>
      </trkpt>
      <trkpt lat="52.18834161758423" lon="4.418070316314697">
        <ele>2.05</ele>
      </trkpt>
      <trkpt lat="52.1886420249939" lon="4.418349266052246">
        <ele>1.74</ele>
      </trkpt>
      <trkpt lat="52.189446687698364" lon="4.419347047805786">
        <ele>1.79</ele>
      </trkpt>
      <trkpt lat="52.18973636627197" lon="4.419625997543335">
        <ele>1.64</ele>
      </trkpt>
      <trkpt lat="52.190144062042236" lon="4.419797658920288">
        <ele>1.44</ele>
      </trkpt>
      <trkpt lat="52.190197706222534" lon="4.4197869300842285">
        <ele>1.24</ele>
      </trkpt>
      <trkpt lat="52.190401554107666" lon="4.419604539871216">
        <ele>1.11</ele>
      </trkpt>
      <trkpt lat="52.190444469451904" lon="4.419583082199097">
        <ele>0.88</ele>
      </trkpt>
      <trkpt lat="52.19058394432068" lon="4.419593811035156">
        <ele>0.61</ele>
      </trkpt>
      <trkpt lat="52.19075560569763" lon="4.419604539871216">
        <ele>0.34</ele>
      </trkpt>
      <trkpt lat="52.19084143638611" lon="4.419658184051514">
        <ele>0.12</ele>
      </trkpt>
      <trkpt lat="52.19097018241882" lon="4.419947862625122">
        <ele>-0.08</ele>
      </trkpt>
      <trkpt lat="52.19113111495972" lon="4.420076608657837">
        <ele>-0.25</ele>
      </trkpt>
      <trkpt lat="52.19133496284485" lon="4.420098066329956">
        <ele>-0.35</ele>
      </trkpt>
      <trkpt lat="52.191474521532655" lon="4.420065879821777">
        <ele>-0.42</ele>
      </trkpt>
      <trkpt lat="52.19165691174567" lon="4.420033693313599">
        <ele>-0.44</ele>
      </trkpt>
      <trkpt lat="52.19381332397461" lon="4.419443607330322">
        <ele>-0.39</ele>
      </trkpt>
      <trkpt lat="52.19386696815491" lon="4.419229030609131">
        <ele>-0.45</ele>
      </trkpt>
      <trkpt lat="52.19461798667908" lon="4.4190144538879395">
        <ele>-0.34</ele>
      </trkpt>
      <trkpt lat="52.19474673271179" lon="4.418874979019165">
        <ele>-0.17</ele>
      </trkpt>
      <trkpt lat="52.19481118954718" lon="4.418842792510986">
        <ele>0.07</ele>
      </trkpt>
      <trkpt lat="52.19481110572815" lon="4.418842792510986">
        <ele>0.38</ele>
      </trkpt>
      <trkpt lat="52.194907665252686" lon="4.4188642501831055">
        <ele>0.77</ele>
      </trkpt>
      <trkpt lat="52.19491847790778" lon="4.418832063674927">
        <ele>1.21</ele>
      </trkpt>
      <trkpt lat="52.19496130943298" lon="4.418778419494629">
        <ele>1.73</ele>
      </trkpt>
      <trkpt lat="52.19501495361328" lon="4.418778419494629">
        <ele>2.29</ele>
      </trkpt>
      <trkpt lat="52.19505795277655" lon="4.4187891483306885">
        <ele>2.87</ele>
      </trkpt>
      <trkpt lat="52.19505786895752" lon="4.4187891483306885">
        <ele>3.42</ele>
      </trkpt>
      <trkpt lat="52.19520807266235" lon="4.418810606002808">
        <ele>4.1</ele>
      </trkpt>
      <trkpt lat="52.195926904678345" lon="4.418671131134033">
        <ele>4.73</ele>
      </trkpt>
      <trkpt lat="52.19703197479248" lon="4.4186389446258545">
        <ele>5.57</ele>
      </trkpt>
      <trkpt lat="52.19723582267761" lon="4.418617486953735">
        <ele>6.1</ele>
      </trkpt>
      <trkpt lat="52.197396755218506" lon="4.418520927429199">
        <ele>6.46</ele>
      </trkpt>
      <trkpt lat="52.19746112823486" lon="4.418424367904663">
        <ele>6.69</ele>
      </trkpt>
      <trkpt lat="52.1978045348078" lon="4.4177162647247314">
        <ele>6.7</ele>
      </trkpt>
      <trkpt lat="52.198212230578065" lon="4.416804313659668">
        <ele>6.89</ele>
      </trkpt>
      <trkpt lat="52.19821214675903" lon="4.416804313659668">
        <ele>6.97</ele>
      </trkpt>
      <trkpt lat="52.19827651977539" lon="4.416579008102417">
        <ele>7.07</ele>
      </trkpt>
      <trkpt lat="52.198405265808105" lon="4.416707754135132">
        <ele>7.01</ele>
      </trkpt>
      <trkpt lat="52.198394536972046" lon="4.416825771331787">
        <ele>6.9</ele>
      </trkpt>
      <trkpt lat="52.198405265808105" lon="4.416857957839966">
        <ele>6.79</ele>
      </trkpt>
      <trkpt lat="52.19850182533264" lon="4.416954517364502">
        <ele>6.64</ele>
      </trkpt>
      <trkpt lat="52.198652029037476" lon="4.4171905517578125">
        <ele>6.46</ele>
      </trkpt>
      <trkpt lat="52.19890960492194" lon="4.417544603347778">
        <ele>6.25</ele>
      </trkpt>
      <trkpt lat="52.198909521102905" lon="4.417544603347778">
        <ele>6.09</ele>
      </trkpt>
      <trkpt lat="52.19905980862677" lon="4.417802095413208">
        <ele>5.97</ele>
      </trkpt>
      <trkpt lat="52.19909191131592" lon="4.417866468429565">
        <ele>5.85</ele>
      </trkpt>
      <trkpt lat="52.198952436447144" lon="4.418048858642578">
        <ele>5.74</ele>
      </trkpt>
      <trkpt lat="52.198898792266846" lon="4.418145418167114">
        <ele>5.63</ele>
      </trkpt>
      <trkpt lat="52.19881296157837" lon="4.418392181396484">
        <ele>5.52</ele>
      </trkpt>
      <trkpt lat="52.19878077507019" lon="4.41900372505188">
        <ele>5.39</ele>
      </trkpt>
      <trkpt lat="52.19878077507019" lon="4.419389963150024">
        <ele>5.43</ele>
      </trkpt>
      <trkpt lat="52.19884514808655" lon="4.41975474357605">
        <ele>5.41</ele>
      </trkpt>
      <trkpt lat="52.198952436447144" lon="4.420119524002075">
        <ele>5.45</ele>
      </trkpt>
      <trkpt lat="52.19904899597168" lon="4.420334100723267">
        <ele>5.46</ele>
      </trkpt>
      <trkpt lat="52.19930657185614" lon="4.420709609985352">
        <ele>5.48</ele>
      </trkpt>
      <trkpt lat="52.19949960708618" lon="4.420956373214722">
        <ele>5.49</ele>
      </trkpt>
      <trkpt lat="52.200132608413696" lon="4.421653747558594">
        <ele>5.63</ele>
      </trkpt>
      <trkpt lat="52.20034718513489" lon="4.421857595443726">
        <ele>5.64</ele>
      </trkpt>
      <trkpt lat="52.20052965916693" lon="4.4222331047058105">
        <ele>5.67</ele>
      </trkpt>
      <trkpt lat="52.20073342323303" lon="4.422715902328491">
        <ele>5.68</ele>
      </trkpt>
      <trkpt lat="52.200926542282104" lon="4.423080682754517">
        <ele>5.57</ele>
      </trkpt>
      <trkpt lat="52.20114120282233" lon="4.423413276672363">
        <ele>5.43</ele>
      </trkpt>
      <trkpt lat="52.20170974731445" lon="4.424271583557129">
        <ele>5.61</ele>
      </trkpt>
      <trkpt lat="52.201709831133485" lon="4.424271583557129">
        <ele>5.56</ele>
      </trkpt>
      <trkpt lat="52.20182776451111" lon="4.424443244934082">
        <ele>5.53</ele>
      </trkpt>
      <trkpt lat="52.203437089920044" lon="4.426513910293579">
        <ele>5.56</ele>
      </trkpt>
      <trkpt lat="52.203630208969116" lon="4.426814317703247">
        <ele>5.22</ele>
      </trkpt>
      <trkpt lat="52.203673208132386" lon="4.426889419555664">
        <ele>4.97</ele>
      </trkpt>
      <trkpt lat="52.20376976765692" lon="4.427018165588379">
        <ele>4.68</ele>
      </trkpt>
      <trkpt lat="52.2038555983454" lon="4.427157640457153">
        <ele>4.39</ele>
      </trkpt>
      <trkpt lat="52.20375895500183" lon="4.42723274230957">
        <ele>4.15</ele>
      </trkpt>
      <trkpt lat="52.203383445739746" lon="4.427855014801025">
        <ele>3.78</ele>
      </trkpt>
      <trkpt lat="52.20336198806763" lon="4.427919387817383">
        <ele>3.54</ele>
      </trkpt>
      <trkpt lat="52.20334053039551" lon="4.428080320358276">
        <ele>3.32</ele>
      </trkpt>
      <trkpt lat="52.20329761505127" lon="4.428209066390991">
        <ele>3.15</ele>
      </trkpt>
      <trkpt lat="52.20325469970703" lon="4.428273439407349">
        <ele>2.99</ele>
      </trkpt>
      <trkpt lat="52.20325478352606" lon="4.428273439407349">
        <ele>2.84</ele>
      </trkpt>
      <trkpt lat="52.203190326690674" lon="4.428391456604004">
        <ele>2.73</ele>
      </trkpt>
      <trkpt lat="52.20315822400153" lon="4.428412914276123">
        <ele>2.63</ele>
      </trkpt>
      <trkpt lat="52.20330842770636" lon="4.429078102111816">
        <ele>2.59</ele>
      </trkpt>
      <trkpt lat="52.20330834388733" lon="4.429078102111816">
        <ele>2.53</ele>
      </trkpt>
      <trkpt lat="52.2035014629364" lon="4.4300007820129395">
        <ele>2.3</ele>
      </trkpt>
      <trkpt lat="52.20375903882086" lon="4.430429935455322">
        <ele>2.34</ele>
      </trkpt>
      <trkpt lat="52.20375895500183" lon="4.430429935455322">
        <ele>2.36</ele>
      </trkpt>
      <trkpt lat="52.203887701034546" lon="4.430644512176514">
        <ele>2.41</ele>
      </trkpt>
      <trkpt lat="52.203941345214844" lon="4.430687427520752">
        <ele>2.46</ele>
      </trkpt>
      <trkpt lat="52.20404863357544" lon="4.430719614028931">
        <ele>2.56</ele>
      </trkpt>
      <trkpt lat="52.204188108444214" lon="4.43073034286499">
        <ele>2.71</ele>
      </trkpt>
      <trkpt lat="52.204638719558716" lon="4.430655241012573">
        <ele>2.8</ele>
      </trkpt>
      <trkpt lat="52.204885482788086" lon="4.430676698684692">
        <ele>2.8</ele>
      </trkpt>
      <trkpt lat="52.20502495765686" lon="4.43074107170105">
        <ele>2.87</ele>
      </trkpt>
      <trkpt lat="52.205132246017456" lon="4.430826902389526">
        <ele>2.94</ele>
      </trkpt>
      <trkpt lat="52.20540055073798" lon="4.431170225143433">
        <ele>3.04</ele>
      </trkpt>
      <trkpt lat="52.205400466918945" lon="4.431170225143433">
        <ele>3.05</ele>
      </trkpt>
      <trkpt lat="52.206173026934266" lon="4.432425498962402">
        <ele>2.93</ele>
      </trkpt>
      <trkpt lat="52.207406759262085" lon="4.434442520141602">
        <ele>2.97</ele>
      </trkpt>
      <trkpt lat="52.20747113227844" lon="4.434700012207031">
        <ele>2.98</ele>
      </trkpt>
      <trkpt lat="52.207632064819336" lon="4.43497896194458">
        <ele>2.93</ele>
      </trkpt>
      <trkpt lat="52.20775008201599" lon="4.435182809829712">
        <ele>2.83</ele>
      </trkpt>
      <trkpt lat="52.20785737037659" lon="4.435279369354248">
        <ele>2.72</ele>
      </trkpt>
      <trkpt lat="52.20800757408142" lon="4.435547590255737">
        <ele>2.59</ele>
      </trkpt>
      <trkpt lat="52.20807194709778" lon="4.435708522796631">
        <ele>2.47</ele>
      </trkpt>
      <trkpt lat="52.20853328704834" lon="4.43647027015686">
        <ele>2.15</ele>
      </trkpt>
      <trkpt lat="52.20858693122864" lon="4.436631202697754">
        <ele>1.91</ele>
      </trkpt>
      <trkpt lat="52.208629846572876" lon="4.436802864074707">
        <ele>1.75</ele>
      </trkpt>
      <trkpt lat="52.208640575408936" lon="4.437092542648315">
        <ele>1.68</ele>
      </trkpt>
      <trkpt lat="52.208629846572876" lon="4.437317848205566">
        <ele>1.63</ele>
      </trkpt>
      <trkpt lat="52.208662033081055" lon="4.437403678894043">
        <ele>1.65</ele>
      </trkpt>
      <trkpt lat="52.20865138806403" lon="4.437543153762817">
        <ele>1.72</ele>
      </trkpt>
      <trkpt lat="52.20864065922797" lon="4.437671899795532">
        <ele>1.86</ele>
      </trkpt>
      <trkpt lat="52.208640575408936" lon="4.437875747680664">
        <ele>2.05</ele>
      </trkpt>
      <trkpt lat="52.20871567726135" lon="4.438079595565796">
        <ele>2.3</ele>
      </trkpt>
      <trkpt lat="52.208372354507446" lon="4.438508749008179">
        <ele>2.42</ele>
      </trkpt>
      <trkpt lat="52.208415269851685" lon="4.438616037368774">
        <ele>2.6</ele>
      </trkpt>
      <trkpt lat="52.20849045552313" lon="4.438776969909668">
        <ele>2.76</ele>
      </trkpt>
      <trkpt lat="52.2085440158844" lon="4.438916444778442">
        <ele>2.95</ele>
      </trkpt>
      <trkpt lat="52.20879077911377" lon="4.438616037368774">
        <ele>3.34</ele>
      </trkpt>
      <trkpt lat="52.20902681350708" lon="4.438358545303345">
        <ele>3.67</ele>
      </trkpt>
      <trkpt lat="52.20926284790039" lon="4.438154697418213">
        <ele>3.95</ele>
      </trkpt>
      <trkpt lat="52.20949896611273" lon="4.437993764877319">
        <ele>4.17</ele>
      </trkpt>
      <trkpt lat="52.2094988822937" lon="4.437993764877319">
        <ele>4.33</ele>
      </trkpt>
      <trkpt lat="52.20999249257147" lon="4.43773627281189">
        <ele>4.46</ele>
      </trkpt>
      <trkpt lat="52.21031427383423" lon="4.437628984451294">
        <ele>4.55</ele>
      </trkpt>
      <trkpt lat="52.21059322357178" lon="4.437618255615234">
        <ele>4.48</ele>
      </trkpt>
      <trkpt lat="52.21168756484985" lon="4.437843561172485">
        <ele>4.42</ele>
      </trkpt>
      <trkpt lat="52.21170902252197" lon="4.437811374664307">
        <ele>4.33</ele>
      </trkpt>
      <trkpt lat="52.21171975135803" lon="4.437671899795532">
        <ele>4.24</ele>
      </trkpt>
      <trkpt lat="52.21174120903015" lon="4.437403678894043">
        <ele>4.04</ele>
      </trkpt>
      <trkpt lat="52.21188076771796" lon="4.4373393058776855">
        <ele>3.77</ele>
      </trkpt>
      <trkpt lat="52.21198805607855" lon="4.437350034713745">
        <ele>3.49</ele>
      </trkpt>
      <trkpt lat="52.21210598945618" lon="4.437403678894043">
        <ele>3.18</ele>
      </trkpt>
      <trkpt lat="52.212181175127625" lon="4.437532424926758">
        <ele>2.89</ele>
      </trkpt>
      <trkpt lat="52.2123742941767" lon="4.437618255615234">
        <ele>2.55</ele>
      </trkpt>
      <trkpt lat="52.212438667193055" lon="4.437650442123413">
        <ele>2.25</ele>
      </trkpt>
      <trkpt lat="52.21261032857001" lon="4.437704086303711">
        <ele>1.88</ele>
      </trkpt>
      <trkpt lat="52.21339353360236" lon="4.437993764877319">
        <ele>1.63</ele>
      </trkpt>
      <trkpt lat="52.213393449783325" lon="4.437993764877319">
        <ele>1.42</ele>
      </trkpt>
      <trkpt lat="52.21381187438965" lon="4.438143968582153">
        <ele>1.28</ele>
      </trkpt>
      <trkpt lat="52.21482038497925" lon="4.438433647155762">
        <ele>1.02</ele>
      </trkpt>
      <trkpt lat="52.2153998259455" lon="4.438519477844238">
        <ele>1.1</ele>
      </trkpt>
      <trkpt lat="52.2157431486994" lon="4.438573122024536">
        <ele>0.94</ele>
      </trkpt>
      <trkpt lat="52.21677311696112" lon="4.438626766204834">
        <ele>0.75</ele>
      </trkpt>
      <trkpt lat="52.21677303314209" lon="4.438626766204834">
        <ele>0.72</ele>
      </trkpt>
      <trkpt lat="52.21830725669861" lon="4.4387125968933105">
        <ele>0.98</ele>
      </trkpt>
      <trkpt lat="52.21858629025519" lon="4.438744783401489">
        <ele>1.02</ele>
      </trkpt>
      <trkpt lat="52.21885451115668" lon="4.438819885253906">
        <ele>1.11</ele>
      </trkpt>
      <trkpt lat="52.21963771618903" lon="4.439184665679932">
        <ele>1.06</ele>
      </trkpt>
      <trkpt lat="52.22023853100836" lon="4.439495801925659">
        <ele>0.72</ele>
      </trkpt>
      <trkpt lat="52.22085007466376" lon="4.439817667007446">
        <ele>0.94</ele>
      </trkpt>
      <trkpt lat="52.221128940582275" lon="4.43997859954834">
        <ele>1.08</ele>
      </trkpt>
      <trkpt lat="52.22136505879462" lon="4.4401609897613525">
        <ele>1.07</ele>
      </trkpt>
      <trkpt lat="52.22148299217224" lon="4.440171718597412">
        <ele>1.11</ele>
      </trkpt>
      <trkpt lat="52.22155809402466" lon="4.440096616744995">
        <ele>1.17</ele>
      </trkpt>
      <trkpt lat="52.22156882286072" lon="4.440032243728638">
        <ele>1.24</ele>
      </trkpt>
      <trkpt lat="52.22163327969611" lon="4.43997859954834">
        <ele>1.29</ele>
      </trkpt>
      <trkpt lat="52.221708381548524" lon="4.43996787071228">
        <ele>1.34</ele>
      </trkpt>
      <trkpt lat="52.22180485725403" lon="4.439935684204102">
        <ele>1.38</ele>
      </trkpt>
      <trkpt lat="52.2219979763031" lon="4.4406867027282715">
        <ele>1.39</ele>
      </trkpt>
      <trkpt lat="52.22209461964667" lon="4.440901279449463">
        <ele>1.48</ele>
      </trkpt>
      <trkpt lat="52.22225555218756" lon="4.441105127334595">
        <ele>1.5</ele>
      </trkpt>
      <trkpt lat="52.2223521117121" lon="4.441201686859131">
        <ele>1.52</ele>
      </trkpt>
      <trkpt lat="52.22277053631842" lon="4.4416093826293945">
        <ele>1.5</ele>
      </trkpt>
      <trkpt lat="52.22300657071173" lon="4.441781044006348">
        <ele>1.71</ele>
      </trkpt>
      <trkpt lat="52.22324260510504" lon="4.441952705383301">
        <ele>1.93</ele>
      </trkpt>
      <trkpt lat="52.22382196225226" lon="4.442317485809326">
        <ele>2.15</ele>
      </trkpt>
      <trkpt lat="52.224358320236206" lon="4.442607164382935">
        <ele>2.11</ele>
      </trkpt>
      <trkpt lat="52.224701726809144" lon="4.442735910415649">
        <ele>2.24</ele>
      </trkpt>
      <trkpt lat="52.22527027130127" lon="4.442939758300781">
        <ele>2.69</ele>
      </trkpt>
      <trkpt lat="52.225356101989746" lon="4.442950487136841">
        <ele>2.85</ele>
      </trkpt>
      <trkpt lat="52.2255277633667" lon="4.442864656448364">
        <ele>2.99</ele>
      </trkpt>
      <trkpt lat="52.22561367787421" lon="4.442875385284424">
        <ele>3.11</ele>
      </trkpt>
      <trkpt lat="52.22569942474365" lon="4.442929029464722">
        <ele>3.22</ele>
      </trkpt>
      <trkpt lat="52.22575306892395" lon="4.443079233169556">
        <ele>3.31</ele>
      </trkpt>
      <trkpt lat="52.22583889961243" lon="4.443186521530151">
        <ele>3.41</ele>
      </trkpt>
      <trkpt lat="52.22623586654663" lon="4.443422555923462">
        <ele>3.48</ele>
      </trkpt>
      <trkpt lat="52.22652562893927" lon="4.443647861480713">
        <ele>3.49</ele>
      </trkpt>
      <trkpt lat="52.22676166333258" lon="4.443819522857666">
        <ele>3.49</ele>
      </trkpt>
      <trkpt lat="52.22716927528381" lon="4.444034099578857">
        <ele>3.51</ele>
      </trkpt>
      <trkpt lat="52.227362394332886" lon="4.444077014923096">
        <ele>3.51</ele>
      </trkpt>
      <trkpt lat="52.22774863243103" lon="4.44422721862793">
        <ele>3.57</ele>
      </trkpt>
      <trkpt lat="52.22780227661133" lon="4.44422721862793">
        <ele>3.69</ele>
      </trkpt>
      <trkpt lat="52.22783446311951" lon="4.4442057609558105">
        <ele>3.8</ele>
      </trkpt>
      <trkpt lat="52.227877378463745" lon="4.44421648979187">
        <ele>3.93</ele>
      </trkpt>
      <trkpt lat="52.227909564971924" lon="4.444270133972168">
        <ele>4.06</ele>
      </trkpt>
      <trkpt lat="52.227909648790956" lon="4.444270133972168">
        <ele>4.18</ele>
      </trkpt>
      <trkpt lat="52.22796329297125" lon="4.444345235824585">
        <ele>4.33</ele>
      </trkpt>
      <trkpt lat="52.22805976867676" lon="4.444516897201538">
        <ele>4.52</ele>
      </trkpt>
      <trkpt lat="52.22819924354553" lon="4.444774389266968">
        <ele>4.71</ele>
      </trkpt>
      <trkpt lat="52.228360176086426" lon="4.444913864135742">
        <ele>4.83</ele>
      </trkpt>
      <trkpt lat="52.22846746444702" lon="4.444999694824219">
        <ele>4.87</ele>
      </trkpt>
      <trkpt lat="52.229379415512085" lon="4.445664882659912">
        <ele>4.81</ele>
      </trkpt>
      <trkpt lat="52.22952970303595" lon="4.445793628692627">
        <ele>4.84</ele>
      </trkpt>
      <trkpt lat="52.229615449905396" lon="4.445900917053223">
        <ele>4.85</ele>
      </trkpt>
      <trkpt lat="52.229615449905396" lon="4.445986747741699">
        <ele>4.82</ele>
      </trkpt>
      <trkpt lat="52.22958334721625" lon="4.446072578430176">
        <ele>4.78</ele>
      </trkpt>
      <trkpt lat="52.22954034805298" lon="4.446147680282593">
        <ele>4.75</ele>
      </trkpt>
      <trkpt lat="52.22956188954413" lon="4.446201324462891">
        <ele>4.72</ele>
      </trkpt>
      <trkpt lat="52.22974427975714" lon="4.446426630020142">
        <ele>4.7</ele>
      </trkpt>
      <trkpt lat="52.229883670806885" lon="4.446523189544678">
        <ele>4.68</ele>
      </trkpt>
      <trkpt lat="52.22994804382324" lon="4.446609020233154">
        <ele>4.62</ele>
      </trkpt>
      <trkpt lat="52.22999095916748" lon="4.446651935577393">
        <ele>4.53</ele>
      </trkpt>
      <trkpt lat="52.23005533218384" lon="4.446812868118286">
        <ele>4.43</ele>
      </trkpt>
      <trkpt lat="52.23055958747864" lon="4.447510242462158">
        <ele>4.28</ele>
      </trkpt>
      <trkpt lat="52.230945909395814" lon="4.448143243789673">
        <ele>3.97</ele>
      </trkpt>
      <trkpt lat="52.23176130093634" lon="4.44945216178894">
        <ele>4.08</ele>
      </trkpt>
      <trkpt lat="52.23176121711731" lon="4.44945216178894">
        <ele>3.96</ele>
      </trkpt>
      <trkpt lat="52.232125997543335" lon="4.4499671459198">
        <ele>3.83</ele>
      </trkpt>
      <trkpt lat="52.232673252001405" lon="4.450632333755493">
        <ele>3.61</ele>
      </trkpt>
      <trkpt lat="52.232855558395386" lon="4.450803995132446">
        <ele>3.55</ele>
      </trkpt>
      <trkpt lat="52.23300576210022" lon="4.450986385345459">
        <ele>3.51</ele>
      </trkpt>
      <trkpt lat="52.23362811841071" lon="4.4515228271484375">
        <ele>3.18</ele>
      </trkpt>
      <trkpt lat="52.233628034591675" lon="4.4515228271484375">
        <ele>3.09</ele>
      </trkpt>
      <trkpt lat="52.23447561264038" lon="4.452263116836548">
        <ele>2.94</ele>
      </trkpt>
      <trkpt lat="52.23467946052551" lon="4.45245623588562">
        <ele>2.92</ele>
      </trkpt>
      <trkpt lat="52.23470091819763" lon="4.452531337738037">
        <ele>2.95</ele>
      </trkpt>
      <trkpt lat="52.23473318852484" lon="4.452660083770752">
        <ele>3.0</ele>
      </trkpt>
      <trkpt lat="52.23476529121399" lon="4.45271372795105">
        <ele>3.12</ele>
      </trkpt>
      <trkpt lat="52.23502278327942" lon="4.452767372131348">
        <ele>3.35</ele>
      </trkpt>
      <trkpt lat="52.23503359593451" lon="4.452778100967407">
        <ele>3.57</ele>
      </trkpt>
      <trkpt lat="52.23523736000061" lon="4.452928304672241">
        <ele>3.9</ele>
      </trkpt>
      <trkpt lat="52.23596692085266" lon="4.453647136688232">
        <ele>4.35</ele>
      </trkpt>
      <trkpt lat="52.23648190498352" lon="4.454226493835449">
        <ele>4.77</ele>
      </trkpt>
      <trkpt lat="52.2369110584259" lon="4.454805850982666">
        <ele>5.01</ele>
      </trkpt>
      <trkpt lat="52.23719000816345" lon="4.455245733261108">
        <ele>5.21</ele>
      </trkpt>
      <trkpt lat="52.23732948303223" lon="4.455481767654419">
        <ele>5.46</ele>
      </trkpt>
      <trkpt lat="52.237415397539735" lon="4.45570707321167">
        <ele>5.67</ele>
      </trkpt>
      <trkpt lat="52.23747968673706" lon="4.455878734588623">
        <ele>5.88</ele>
      </trkpt>
      <trkpt lat="52.23757633008063" lon="4.456028938293457">
        <ele>6.12</ele>
      </trkpt>
      <trkpt lat="52.237608432769775" lon="4.456082582473755">
        <ele>6.32</ele>
      </trkpt>
      <trkpt lat="52.237683618441224" lon="4.45620059967041">
        <ele>6.54</ele>
      </trkpt>
      <trkpt lat="52.23768353462219" lon="4.45620059967041">
        <ele>6.68</ele>
      </trkpt>
      <trkpt lat="52.2377694491297" lon="4.456318616867065">
        <ele>6.84</ele>
      </trkpt>
      <trkpt lat="52.23786600865424" lon="4.45644736289978">
        <ele>6.94</ele>
      </trkpt>
      <trkpt lat="52.237865924835205" lon="4.45644736289978">
        <ele>6.98</ele>
      </trkpt>
      <trkpt lat="52.23881006240845" lon="4.457359313964844">
        <ele>6.99</ele>
      </trkpt>
      <trkpt lat="52.23900326527655" lon="4.457595348358154">
        <ele>6.97</ele>
      </trkpt>
      <trkpt lat="52.23909982480109" lon="4.45769190788269">
        <ele>6.91</ele>
      </trkpt>
      <trkpt lat="52.23919630050659" lon="4.457777738571167">
        <ele>6.8</ele>
      </trkpt>
      <trkpt lat="52.23927140235901" lon="4.457788467407227">
        <ele>6.66</ele>
      </trkpt>
      <trkpt lat="52.24001169204712" lon="4.458518028259277">
        <ele>6.47</ele>
      </trkpt>
      <trkpt lat="52.24050521850586" lon="4.459086656570435">
        <ele>6.26</ele>
      </trkpt>
      <trkpt lat="52.24055886268616" lon="4.45920467376709">
        <ele>6.1</ele>
      </trkpt>
      <trkpt lat="52.240644777193666" lon="4.459322690963745">
        <ele>5.95</ele>
      </trkpt>
      <trkpt lat="52.240644693374634" lon="4.459322690963745">
        <ele>5.75</ele>
      </trkpt>
      <trkpt lat="52.24079489707947" lon="4.459505081176758">
        <ele>5.59</ele>
      </trkpt>
      <trkpt lat="52.241342067718506" lon="4.460427761077881">
        <ele>5.4</ele>
      </trkpt>
      <trkpt lat="52.241417253389955" lon="4.460320472717285">
        <ele>5.12</ele>
      </trkpt>
      <trkpt lat="52.24152454175055" lon="4.460170269012451">
        <ele>4.84</ele>
      </trkpt>
      <trkpt lat="52.24152445793152" lon="4.460170269012451">
        <ele>4.62</ele>
      </trkpt>
      <trkpt lat="52.241610288619995" lon="4.460180997848511">
        <ele>4.37</ele>
      </trkpt>
      <trkpt lat="52.24166393280029" lon="4.4601380825042725">
        <ele>4.13</ele>
      </trkpt>
      <trkpt lat="52.24202871322632" lon="4.459483623504639">
        <ele>3.83</ele>
      </trkpt>
      <trkpt lat="52.242125356569886" lon="4.459226131439209">
        <ele>3.68</ele>
      </trkpt>
      <trkpt lat="52.24223256111145" lon="4.459075927734375">
        <ele>3.51</ele>
      </trkpt>
      <trkpt lat="52.24281191825867" lon="4.457981586456299">
        <ele>3.37</ele>
      </trkpt>
      <trkpt lat="52.24295139312744" lon="4.457681179046631">
        <ele>3.33</ele>
      </trkpt>
      <trkpt lat="52.24349856376648" lon="4.456318616867065">
        <ele>3.44</ele>
      </trkpt>
      <trkpt lat="52.243584394454956" lon="4.4560182094573975">
        <ele>3.37</ele>
      </trkpt>
      <trkpt lat="52.243616580963135" lon="4.4559431076049805">
        <ele>3.4</ele>
      </trkpt>
      <trkpt lat="52.24368095397949" lon="4.4558680057525635">
        <ele>3.44</ele>
      </trkpt>
      <trkpt lat="52.243874073028564" lon="4.455513954162598">
        <ele>3.52</ele>
      </trkpt>
      <trkpt lat="52.245097160339355" lon="4.453357458114624">
        <ele>3.87</ele>
      </trkpt>
      <trkpt lat="52.24523671902716" lon="4.453089237213135">
        <ele>4.01</ele>
      </trkpt>
      <trkpt lat="52.24523663520813" lon="4.453089237213135">
        <ele>4.07</ele>
      </trkpt>
      <trkpt lat="52.24529036320746" lon="4.453003406524658">
        <ele>4.11</ele>
      </trkpt>
      <trkpt lat="52.24534400738776" lon="4.45294976234436">
        <ele>4.12</ele>
      </trkpt>
      <trkpt lat="52.24540829658508" lon="4.4528961181640625">
        <ele>4.08</ele>
      </trkpt>
      <trkpt lat="52.245644414797425" lon="4.452788829803467">
        <ele>3.93</ele>
      </trkpt>
      <trkpt lat="52.24576243199408" lon="4.452756643295288">
        <ele>3.82</ele>
      </trkpt>
      <trkpt lat="52.246116483584046" lon="4.45271372795105">
        <ele>3.63</ele>
      </trkpt>
      <trkpt lat="52.24619158543646" lon="4.45270299911499">
        <ele>3.52</ele>
      </trkpt>
      <trkpt lat="52.24619150161743" lon="4.45270299911499">
        <ele>3.43</ele>
      </trkpt>
      <trkpt lat="52.24671729840338" lon="4.4526708126068115">
        <ele>3.37</ele>
      </trkpt>
      <trkpt lat="52.24677085876465" lon="4.452660083770752">
        <ele>3.32</ele>
      </trkpt>
      <trkpt lat="52.24700689315796" lon="4.452531337738037">
        <ele>3.37</ele>
      </trkpt>
      <trkpt lat="52.24722155369818" lon="4.452327489852905">
        <ele>3.26</ele>
      </trkpt>
      <trkpt lat="52.247382402420044" lon="4.452145099639893">
        <ele>3.15</ele>
      </trkpt>
      <trkpt lat="52.24754341877997" lon="4.451930522918701">
        <ele>3.01</ele>
      </trkpt>
      <trkpt lat="52.247596979141235" lon="4.451855421066284">
        <ele>2.95</ele>
      </trkpt>
      <trkpt lat="52.24776864051819" lon="4.451737403869629">
        <ele>2.93</ele>
      </trkpt>
      <trkpt lat="52.24816560745239" lon="4.451308250427246">
        <ele>3.02</ele>
      </trkpt>
      <trkpt lat="52.24893808364868" lon="4.45046067237854">
        <ele>3.15</ele>
      </trkpt>
      <trkpt lat="52.24920630455017" lon="4.450106620788574">
        <ele>3.28</ele>
      </trkpt>
      <trkpt lat="52.24943161010742" lon="4.449666738510132">
        <ele>3.46</ele>
      </trkpt>
      <trkpt lat="52.249581813812256" lon="4.44920539855957">
        <ele>3.6</ele>
      </trkpt>
      <trkpt lat="52.249603271484375" lon="4.449119567871094">
        <ele>3.75</ele>
      </trkpt>
      <trkpt lat="52.249603271484375" lon="4.448990821838379">
        <ele>3.9</ele>
      </trkpt>
      <trkpt lat="52.249635457992554" lon="4.448862075805664">
        <ele>4.09</ele>
      </trkpt>
      <trkpt lat="52.249635541811585" lon="4.448862075805664">
        <ele>4.28</ele>
      </trkpt>
      <trkpt lat="52.24969983100891" lon="4.44871187210083">
        <ele>4.51</ele>
      </trkpt>
      <trkpt lat="52.24973201751709" lon="4.448679685592651">
        <ele>4.75</ele>
      </trkpt>
      <trkpt lat="52.249828577041626" lon="4.448668956756592">
        <ele>5.02</ele>
      </trkpt>
      <trkpt lat="52.24992513656616" lon="4.44872260093689">
        <ele>5.31</ele>
      </trkpt>
      <trkpt lat="52.2500216960907" lon="4.448808431625366">
        <ele>5.61</ele>
      </trkpt>
      <trkpt lat="52.250075340270996" lon="4.448894262313843">
        <ele>5.95</ele>
      </trkpt>
      <trkpt lat="52.250418746843934" lon="4.449130296707153">
        <ele>6.3</ele>
      </trkpt>
      <trkpt lat="52.251384258270264" lon="4.449816942214966">
        <ele>6.87</ele>
      </trkpt>
      <trkpt lat="52.251566648483276" lon="4.449988603591919">
        <ele>7.5</ele>
      </trkpt>
      <trkpt lat="52.25171685218811" lon="4.450117349624634">
        <ele>7.98</ele>
      </trkpt>
      <trkpt lat="52.25192070007324" lon="4.450128078460693">
        <ele>8.41</ele>
      </trkpt>
      <trkpt lat="52.25208171643317" lon="4.450095891952515">
        <ele>8.78</ele>
      </trkpt>
      <trkpt lat="52.252328395843506" lon="4.449977874755859">
        <ele>9.17</ele>
      </trkpt>
      <trkpt lat="52.25277900695801" lon="4.44972038269043">
        <ele>9.48</ele>
      </trkpt>
      <trkpt lat="52.25298293866217" lon="4.449666738510132">
        <ele>9.71</ele>
      </trkpt>
      <trkpt lat="52.25347646512091" lon="4.449741840362549">
        <ele>9.89</ele>
      </trkpt>
      <trkpt lat="52.25447416305542" lon="4.449945688247681">
        <ele>10.32</ele>
      </trkpt>
      <trkpt lat="52.254753196612" lon="4.450052976608276">
        <ele>10.58</ele>
      </trkpt>
      <trkpt lat="52.25475311279297" lon="4.450052976608276">
        <ele>10.81</ele>
      </trkpt>
      <trkpt lat="52.255128622055054" lon="4.450256824493408">
        <ele>11.02</ele>
      </trkpt>
      <trkpt lat="52.256158674135804" lon="4.450922012329102">
        <ele>11.13</ele>
      </trkpt>
      <trkpt lat="52.256920337677" lon="4.451426267623901">
        <ele>11.54</ele>
      </trkpt>
      <trkpt lat="52.257317304611206" lon="4.45146918296814">
        <ele>11.85</ele>
      </trkpt>
      <trkpt lat="52.25780018605292" lon="4.451479911804199">
        <ele>11.99</ele>
      </trkpt>
      <trkpt lat="52.25792893208563" lon="4.451479911804199">
        <ele>12.27</ele>
      </trkpt>
      <trkpt lat="52.25805767811835" lon="4.451490640640259">
        <ele>12.59</ele>
      </trkpt>
      <trkpt lat="52.25895881652832" lon="4.451544284820557">
        <ele>12.88</ele>
      </trkpt>
      <trkpt lat="52.2590446472168" lon="4.451501369476318">
        <ele>13.44</ele>
      </trkpt>
      <trkpt lat="52.25925922393799" lon="4.451243877410889">
        <ele>14.28</ele>
      </trkpt>
      <trkpt lat="52.25942015647888" lon="4.4511473178863525">
        <ele>14.91</ele>
      </trkpt>
      <trkpt lat="52.259570360183716" lon="4.451136589050293">
        <ele>15.34</ele>
      </trkpt>
      <trkpt lat="52.25977420806885" lon="4.45120096206665">
        <ele>15.66</ele>
      </trkpt>
      <trkpt lat="52.26019263267517" lon="4.451544284820557">
        <ele>15.88</ele>
      </trkpt>
      <trkpt lat="52.260375022888184" lon="4.451726675033569">
        <ele>16.14</ele>
      </trkpt>
      <trkpt lat="52.26063251495361" lon="4.452112913131714">
        <ele>16.31</ele>
      </trkpt>
      <trkpt lat="52.26070761680603" lon="4.452166557312012">
        <ele>16.33</ele>
      </trkpt>
      <trkpt lat="52.26105093955994" lon="4.452316761016846">
        <ele>16.15</ele>
      </trkpt>
      <trkpt lat="52.261340618133545" lon="4.4525206089019775">
        <ele>15.8</ele>
      </trkpt>
      <trkpt lat="52.26141571998596" lon="4.452584981918335">
        <ele>15.57</ele>
      </trkpt>
      <trkpt lat="52.26148009300232" lon="4.452735185623169">
        <ele>15.28</ele>
      </trkpt>
      <trkpt lat="52.26149082183838" lon="4.452842473983765">
        <ele>14.94</ele>
      </trkpt>
      <trkpt lat="52.26150155067444" lon="4.453529119491577">
        <ele>14.37</ele>
      </trkpt>
      <trkpt lat="52.2614586353302" lon="4.453829526901245">
        <ele>13.98</ele>
      </trkpt>
      <trkpt lat="52.26148009300232" lon="4.453990459442139">
        <ele>13.62</ele>
      </trkpt>
      <trkpt lat="52.26152300834656" lon="4.454108476638794">
        <ele>13.24</ele>
      </trkpt>
      <trkpt lat="52.261801958084106" lon="4.454634189605713">
        <ele>12.93</ele>
      </trkpt>
      <trkpt lat="52.26199507713318" lon="4.455063343048096">
        <ele>12.29</ele>
      </trkpt>
      <trkpt lat="52.26230629719794" lon="4.455846548080444">
        <ele>11.29</ele>
      </trkpt>
      <trkpt lat="52.262359857559204" lon="4.455996751785278">
        <ele>10.56</ele>
      </trkpt>
      <trkpt lat="52.26249941624701" lon="4.45645809173584">
        <ele>9.73</ele>
      </trkpt>
      <trkpt lat="52.26256378926337" lon="4.456672668457031">
        <ele>9.17</ele>
      </trkpt>
      <trkpt lat="52.262606620788574" lon="4.456769227981567">
        <ele>8.61</ele>
      </trkpt>
      <trkpt lat="52.26301431655884" lon="4.457745552062988">
        <ele>7.85</ele>
      </trkpt>
      <trkpt lat="52.26323962211609" lon="4.458131790161133">
        <ele>7.59</ele>
      </trkpt>
      <trkpt lat="52.26372241973877" lon="4.458925724029541">
        <ele>7.26</ele>
      </trkpt>
      <trkpt lat="52.26397748105228" lon="4.45931950584054">
        <ele>6.95</ele>
      </trkpt>
      <trkpt lat="52.26394277997315" lon="4.459379520267248">
        <ele>4.0</ele>
      </trkpt>
      <trkpt lat="52.263943115249276" lon="4.459379939362407">
        <ele>4.0</ele>
      </trkpt>
      <trkpt lat="52.26394177414477" lon="4.4593817833811045">
        <ele>3.0</ele>
      </trkpt>
      <trkpt lat="52.264333963394165" lon="4.4599878787994385">
        <ele>3.0</ele>
      </trkpt>
      <trkpt lat="52.26433387957513" lon="4.4599878787994385">
        <ele>3.0</ele>
      </trkpt>
      <trkpt lat="52.26523518562317" lon="4.461221694946289">
        <ele>3.0</ele>
      </trkpt>
      <trkpt lat="52.26523510180414" lon="4.461221694946289">
        <ele>3.0</ele>
      </trkpt>
      <trkpt lat="52.26595401763916" lon="4.46215501986444">
        <ele>3.0</ele>
      </trkpt>
      <trkpt lat="52.266565561294556" lon="4.463002597913146">
        <ele>3.0</ele>
      </trkpt>
      <trkpt lat="52.26687661372125" lon="4.46341029368341">
        <ele>3.0</ele>
      </trkpt>
      <trkpt lat="52.26714483462274" lon="4.4638394471257925">
        <ele>3.0</ele>
      </trkpt>
      <trkpt lat="52.267552614212036" lon="4.46469783782959">
        <ele>3.0</ele>
      </trkpt>
      <trkpt lat="52.267799377441406" lon="4.46519136428833">
        <ele>4.0</ele>
      </trkpt>
      <trkpt lat="52.267799293622375" lon="4.46519136428833">
        <ele>4.0</ele>
      </trkpt>
      <trkpt lat="52.268797075375915" lon="4.466500282287598">
        <ele>4.0</ele>
      </trkpt>
      <trkpt lat="52.268840074539185" lon="4.466425180435181">
        <ele>4.0</ele>
      </trkpt>
      <trkpt lat="52.26901173591614" lon="4.466639757156372">
        <ele>4.0</ele>
      </trkpt>
      <trkpt lat="52.269290601834655" lon="4.467047452926636">
        <ele>5.0</ele>
      </trkpt>
      <trkpt lat="52.269365871325135" lon="4.467090284451842">
        <ele>5.0</ele>
      </trkpt>
      <trkpt lat="52.26959100924432" lon="4.467422962188721">
        <ele>5.0</ele>
      </trkpt>
      <trkpt lat="52.26969829760492" lon="4.467272674664855">
        <ele>6.0</ele>
      </trkpt>
      <trkpt lat="52.269848668947816" lon="4.467101097106934">
        <ele>6.0</ele>
      </trkpt>
      <trkpt lat="52.26988077163696" lon="4.467101097106934">
        <ele>7.0</ele>
      </trkpt>
      <trkpt lat="52.26998805999756" lon="4.467122554779053">
        <ele>7.0</ele>
      </trkpt>
      <trkpt lat="52.27041721343994" lon="4.467605268582702">
        <ele>8.0</ele>
      </trkpt>
      <trkpt lat="52.27096438407898" lon="4.468098795041442">
        <ele>8.0</ele>
      </trkpt>
      <trkpt lat="52.27115758694708" lon="4.4683027267456055">
        <ele>9.0</ele>
      </trkpt>
      <trkpt lat="52.27115750312805" lon="4.4683027267456055">
        <ele>9.0</ele>
      </trkpt>
      <trkpt lat="52.27133980952203" lon="4.468474304303527">
        <ele>9.0</ele>
      </trkpt>
      <trkpt lat="52.27150082588196" lon="4.468485116958618">
        <ele>10.0</ele>
      </trkpt>
      <trkpt lat="52.27177977561951" lon="4.468452846631408">
        <ele>10.0</ele>
      </trkpt>
      <trkpt lat="52.27221974171698" lon="4.468324184417725">
        <ele>11.0</ele>
      </trkpt>
      <trkpt lat="52.27221965789795" lon="4.468324184417725">
        <ele>11.0</ele>
      </trkpt>
      <trkpt lat="52.272562896832824" lon="4.46819543838501">
        <ele>11.0</ele>
      </trkpt>
      <trkpt lat="52.27265954017639" lon="4.468463659286499">
        <ele>12.0</ele>
      </trkpt>
      <trkpt lat="52.27328181266785" lon="4.469504272565246">
        <ele>12.0</ele>
      </trkpt>
      <trkpt lat="52.27341047488153" lon="4.469761848449707">
        <ele>13.0</ele>
      </trkpt>
      <trkpt lat="52.27346428669989" lon="4.470201730728149">
        <ele>13.0</ele>
      </trkpt>
      <trkpt lat="52.2735071182251" lon="4.470888376235962">
        <ele>13.0</ele>
      </trkpt>
      <trkpt lat="52.27357140742242" lon="4.471017122268677">
        <ele>13.0</ele>
      </trkpt>
      <trkpt lat="52.27471947669983" lon="4.472551345825195">
        <ele>13.0</ele>
      </trkpt>
      <trkpt lat="52.2750198841095" lon="4.472830211743712">
        <ele>13.0</ele>
      </trkpt>
      <trkpt lat="52.27512708865106" lon="4.473109161481261">
        <ele>14.0</ele>
      </trkpt>
      <trkpt lat="52.27518073283136" lon="4.47339884005487">
        <ele>14.0</ele>
      </trkpt>
      <trkpt lat="52.27520219050348" lon="4.473699247464538">
        <ele>14.0</ele>
      </trkpt>
      <trkpt lat="52.27519162930548" lon="4.474160587415099">
        <ele>14.0</ele>
      </trkpt>
      <trkpt lat="52.27539530955255" lon="4.474450349807739">
        <ele>14.0</ele>
      </trkpt>
      <trkpt lat="52.27592119015753" lon="4.47487941943109">
        <ele>14.0</ele>
      </trkpt>
      <trkpt lat="52.2759211063385" lon="4.47487941943109">
        <ele>14.0</ele>
      </trkpt>
      <trkpt lat="52.27597483433783" lon="4.474911689758301">
        <ele>14.0</ele>
      </trkpt>
      <trkpt lat="52.27610341273248" lon="4.4750189781188965">
        <ele>14.0</ele>
      </trkpt>
      <trkpt lat="52.27621070109308" lon="4.475093996152282">
        <ele>13.0</ele>
      </trkpt>
      <trkpt lat="52.27643609046936" lon="4.4752763863652945">
        <ele>13.0</ele>
      </trkpt>
      <trkpt lat="52.276779329404235" lon="4.475737726315856">
        <ele>13.0</ele>
      </trkpt>
      <trkpt lat="52.277101278305054" lon="4.476445829495788">
        <ele>13.0</ele>
      </trkpt>
      <trkpt lat="52.27731593884528" lon="4.476778423413634">
        <ele>13.0</ele>
      </trkpt>
      <trkpt lat="52.277315855026245" lon="4.476778423413634">
        <ele>13.0</ele>
      </trkpt>
      <trkpt lat="52.27764836512506" lon="4.477164661511779">
        <ele>13.0</ele>
      </trkpt>
      <trkpt lat="52.2781955357641" lon="4.478130340576172">
        <ele>12.0</ele>
      </trkpt>
      <trkpt lat="52.27843173779547" lon="4.4784950371831656">
        <ele>12.0</ele>
      </trkpt>
      <trkpt lat="52.27869995869696" lon="4.4787954445928335">
        <ele>12.0</ele>
      </trkpt>
      <trkpt lat="52.27890363894403" lon="4.479299783706665">
        <ele>12.0</ele>
      </trkpt>
      <trkpt lat="52.27969757281244" lon="4.480404770001769">
        <ele>11.0</ele>
      </trkpt>
      <trkpt lat="52.2808563709259" lon="4.482046365737915">
        <ele>11.0</ele>
      </trkpt>
      <trkpt lat="52.281360710039735" lon="4.482786655426025">
        <ele>10.0</ele>
      </trkpt>
      <trkpt lat="52.28136054240167" lon="4.482786655426025">
        <ele>10.0</ele>
      </trkpt>
      <trkpt lat="52.28171459399164" lon="4.483312284573913">
        <ele>10.0</ele>
      </trkpt>
      <trkpt lat="52.282304679974914" lon="4.483902454376221">
        <ele>10.0</ele>
      </trkpt>
      <trkpt lat="52.28294849395752" lon="4.484492540359497">
        <ele>9.0</ele>
      </trkpt>
      <trkpt lat="52.28335618972778" lon="4.485018253326416">
        <ele>9.0</ele>
      </trkpt>
      <trkpt lat="52.283377731218934" lon="4.485061084851623">
        <ele>9.0</ele>
      </trkpt>
      <trkpt lat="52.2833776473999" lon="4.485061084851623">
        <ele>8.0</ele>
      </trkpt>
      <trkpt lat="52.28339902125299" lon="4.485082542523742">
        <ele>8.0</ele>
      </trkpt>
      <trkpt lat="52.283570766448975" lon="4.485254287719727">
        <ele>8.0</ele>
      </trkpt>
      <trkpt lat="52.284321784973145" lon="4.486134052276611">
        <ele>8.0</ele>
      </trkpt>
      <trkpt lat="52.28441842831671" lon="4.486251985654235">
        <ele>7.0</ele>
      </trkpt>
      <trkpt lat="52.284804582595825" lon="4.4867026805877686">
        <ele>7.0</ele>
      </trkpt>
      <trkpt lat="52.28540539741516" lon="4.487196207046509">
        <ele>7.0</ele>
      </trkpt>
      <trkpt lat="52.2855984326452" lon="4.487496614456177">
        <ele>7.0</ele>
      </trkpt>
      <trkpt lat="52.28596321307123" lon="4.488290464505553">
        <ele>7.0</ele>
      </trkpt>
      <trkpt lat="52.28610277175903" lon="4.488397836685181">
        <ele>7.0</ele>
      </trkpt>
      <trkpt lat="52.28619924746454" lon="4.488397836685181">
        <ele>7.0</ele>
      </trkpt>
      <trkpt lat="52.28689670562744" lon="4.487700378522277">
        <ele>7.0</ele>
      </trkpt>
      <trkpt lat="52.28760480880737" lon="4.487196207046509">
        <ele>7.0</ele>
      </trkpt>
      <trkpt lat="52.28820562362671" lon="4.486895799636841">
        <ele>7.0</ele>
      </trkpt>
      <trkpt lat="52.28939652442932" lon="4.486498748883605">
        <ele>7.0</ele>
      </trkpt>
      <trkpt lat="52.2895788308233" lon="4.486541748046875">
        <ele>7.0</ele>
      </trkpt>
      <trkpt lat="52.29022264480591" lon="4.487174665555358">
        <ele>7.0</ele>
      </trkpt>
      <trkpt lat="52.29065179824829" lon="4.487700378522277">
        <ele>7.0</ele>
      </trkpt>
      <trkpt lat="52.290748273953795" lon="4.487818479537964">
        <ele>7.0</ele>
      </trkpt>
      <trkpt lat="52.29119896888733" lon="4.488537227734923">
        <ele>7.0</ele>
      </trkpt>
      <trkpt lat="52.292025089263916" lon="4.4899749755859375">
        <ele>7.0</ele>
      </trkpt>
      <trkpt lat="52.292025005444884" lon="4.4899749755859375">
        <ele>7.0</ele>
      </trkpt>
      <trkpt lat="52.292057275772095" lon="4.490039264783263">
        <ele>7.0</ele>
      </trkpt>
      <trkpt lat="52.29205719195306" lon="4.490039264783263">
        <ele>7.0</ele>
      </trkpt>
      <trkpt lat="52.29217529296875" lon="4.489696025848389">
        <ele>7.0</ele>
      </trkpt>
      <trkpt lat="52.29221812449396" lon="4.489406263455749">
        <ele>7.0</ele>
      </trkpt>
      <trkpt lat="52.292314767837524" lon="4.4887088891118765">
        <ele>8.0</ele>
      </trkpt>
      <trkpt lat="52.29235759936273" lon="4.488494396209717">
        <ele>8.0</ele>
      </trkpt>
      <trkpt lat="52.29241124354303" lon="4.488312005996704">
        <ele>8.0</ele>
      </trkpt>
      <trkpt lat="52.29257217608392" lon="4.487968599423766">
        <ele>8.0</ele>
      </trkpt>
      <trkpt lat="52.292733108624816" lon="4.487764835357666">
        <ele>8.0</ele>
      </trkpt>
      <trkpt lat="52.29290477000177" lon="4.4876145478338">
        <ele>8.0</ele>
      </trkpt>
      <trkpt lat="52.29316234588623" lon="4.487518072128296">
        <ele>8.0</ele>
      </trkpt>
      <trkpt lat="52.29395619593561" lon="4.487314140424132">
        <ele>8.0</ele>
      </trkpt>
      <trkpt lat="52.29411721229553" lon="4.487249851226807">
        <ele>8.0</ele>
      </trkpt>
      <trkpt lat="52.294256603345275" lon="4.487153207883239">
        <ele>8.0</ele>
      </trkpt>
      <trkpt lat="52.29439607821405" lon="4.487024545669556">
        <ele>8.0</ele>
      </trkpt>
      <trkpt lat="52.294524908065796" lon="4.486852800473571">
        <ele>8.0</ele>
      </trkpt>
      <trkpt lat="52.29463219642639" lon="4.486681222915649">
        <ele>8.0</ele>
      </trkpt>
      <trkpt lat="52.29473948478699" lon="4.486466562375426">
        <ele>8.0</ele>
      </trkpt>
      <trkpt lat="52.2948682308197" lon="4.486026763916016">
        <ele>9.0</ele>
      </trkpt>
      <trkpt lat="52.294921875" lon="4.48562971316278">
        <ele>9.0</ele>
      </trkpt>
      <trkpt lat="52.29492790997028" lon="4.485212964937091">
        <ele>9.0</ele>
      </trkpt>
      <trkpt lat="52.29492790997028" lon="4.485213048756123">
        <ele>10.02</ele>
      </trkpt>
      <trkpt lat="52.29492790997028" lon="4.485212378203869">
        <ele>10.01</ele>
      </trkpt>
      <trkpt lat="52.294927993789315" lon="4.485212378203869">
        <ele>10.06</ele>
      </trkpt>
      <trkpt lat="52.29495406150818" lon="4.48341965675354">
        <ele>8.8</ele>
      </trkpt>
      <trkpt lat="52.29498624801636" lon="4.483022689819336">
        <ele>8.16</ele>
      </trkpt>
      <trkpt lat="52.29509353637695" lon="4.482604265213013">
        <ele>8.29</ele>
      </trkpt>
      <trkpt lat="52.295308113098145" lon="4.482046365737915">
        <ele>8.75</ele>
      </trkpt>
      <trkpt lat="52.29545831680298" lon="4.481778144836426">
        <ele>9.1</ele>
      </trkpt>
      <trkpt lat="52.29560852050781" lon="4.481542110443115">
        <ele>9.33</ele>
      </trkpt>
      <trkpt lat="52.29594111442566" lon="4.481155872344971">
        <ele>9.88</ele>
      </trkpt>
      <trkpt lat="52.29637026786804" lon="4.4807374477386475">
        <ele>9.97</ele>
      </trkpt>
      <trkpt lat="52.296820878982544" lon="4.480479955673218">
        <ele>9.51</ele>
      </trkpt>
      <trkpt lat="52.29790449142456" lon="4.480007886886597">
        <ele>9.16</ele>
      </trkpt>
      <trkpt lat="52.298054695129395" lon="4.47992205619812">
        <ele>8.99</ele>
      </trkpt>
      <trkpt lat="52.29870923794806" lon="4.479321241378784">
        <ele>8.85</ele>
      </trkpt>
      <trkpt lat="52.29870915412903" lon="4.479321241378784">
        <ele>8.87</ele>
      </trkpt>
      <trkpt lat="52.29920268058777" lon="4.479053020477295">
        <ele>9.16</ele>
      </trkpt>
      <trkpt lat="52.30024337768555" lon="4.478656053543091">
        <ele>9.45</ele>
      </trkpt>
      <trkpt lat="52.30043649673462" lon="4.478527307510376">
        <ele>9.83</ele>
      </trkpt>
      <trkpt lat="52.30071544647217" lon="4.478248357772827">
        <ele>10.49</ele>
      </trkpt>
      <trkpt lat="52.30093002319336" lon="4.477980136871338">
        <ele>10.95</ele>
      </trkpt>
      <trkpt lat="52.30097302235663" lon="4.477905035018921">
        <ele>11.36</ele>
      </trkpt>
      <trkpt lat="52.3009729385376" lon="4.477905035018921">
        <ele>11.74</ele>
      </trkpt>
      <trkpt lat="52.301037311553955" lon="4.477808475494385">
        <ele>12.07</ele>
      </trkpt>
      <trkpt lat="52.30113387107849" lon="4.477894306182861">
        <ele>12.39</ele>
      </trkpt>
      <trkpt lat="52.30119832791388" lon="4.4779372215271">
        <ele>12.66</ele>
      </trkpt>
      <trkpt lat="52.30138063430786" lon="4.478055238723755">
        <ele>12.94</ele>
      </trkpt>
      <trkpt lat="52.30260372161865" lon="4.478902816772461">
        <ele>13.28</ele>
      </trkpt>
      <trkpt lat="52.303000688552856" lon="4.479396343231201">
        <ele>13.25</ele>
      </trkpt>
      <trkpt lat="52.303601587191224" lon="4.480404853820801">
        <ele>13.36</ele>
      </trkpt>
      <trkpt lat="52.303805351257324" lon="4.480705261230469">
        <ele>13.24</ele>
      </trkpt>
      <trkpt lat="52.30398782528937" lon="4.48093056678772">
        <ele>13.22</ele>
      </trkpt>
      <trkpt lat="52.30398774147034" lon="4.48093056678772">
        <ele>13.2</ele>
      </trkpt>
      <trkpt lat="52.30411648750305" lon="4.481070041656494">
        <ele>13.22</ele>
      </trkpt>
      <trkpt lat="52.30459928512573" lon="4.481499195098877">
        <ele>13.07</ele>
      </trkpt>
      <trkpt lat="52.30533957481384" lon="4.4819176197052">
        <ele>13.18</ele>
      </trkpt>
      <trkpt lat="52.30583310127258" lon="4.482078552246094">
        <ele>13.19</ele>
      </trkpt>
      <trkpt lat="52.306305170059204" lon="4.482303857803345">
        <ele>13.38</ele>
      </trkpt>
      <trkpt lat="52.30661630630493" lon="4.482561349868774">
        <ele>13.2</ele>
      </trkpt>
      <trkpt lat="52.306798696517944" lon="4.4827330112457275">
        <ele>12.97</ele>
      </trkpt>
      <trkpt lat="52.30688452720642" lon="4.482840299606323">
        <ele>12.78</ele>
      </trkpt>
      <trkpt lat="52.30712056159973" lon="4.483226537704468">
        <ele>12.64</ele>
      </trkpt>
      <trkpt lat="52.30739951133728" lon="4.483602046966553">
        <ele>12.52</ele>
      </trkpt>
      <trkpt lat="52.30759263038635" lon="4.483816623687744">
        <ele>12.25</ele>
      </trkpt>
      <trkpt lat="52.30809688568115" lon="4.484277963638306">
        <ele>11.89</ele>
      </trkpt>
      <trkpt lat="52.30839729309082" lon="4.484599828720093">
        <ele>11.78</ele>
      </trkpt>
      <trkpt lat="52.30869770050049" lon="4.484803676605225">
        <ele>11.74</ele>
      </trkpt>
      <trkpt lat="52.30920195579529" lon="4.485275745391846">
        <ele>11.47</ele>
      </trkpt>
      <trkpt lat="52.30927714146674" lon="4.485383033752441">
        <ele>11.28</ele>
      </trkpt>
      <trkpt lat="52.309277057647705" lon="4.485383033752441">
        <ele>11.2</ele>
      </trkpt>
      <trkpt lat="52.309309244155884" lon="4.485543966293335">
        <ele>11.09</ele>
      </trkpt>
      <trkpt lat="52.30936288833618" lon="4.48566198348999">
        <ele>11.03</ele>
      </trkpt>
      <trkpt lat="52.30959892272949" lon="4.4860053062438965">
        <ele>10.96</ele>
      </trkpt>
      <trkpt lat="52.309802770614624" lon="4.486187696456909">
        <ele>11.08</ele>
      </trkpt>
      <trkpt lat="52.31090784072876" lon="4.486509561538696">
        <ele>11.56</ele>
      </trkpt>
      <trkpt lat="52.31116533279419" lon="4.486509561538696">
        <ele>11.69</ele>
      </trkpt>
      <trkpt lat="52.311337077990174" lon="4.486477375030518">
        <ele>11.83</ele>
      </trkpt>
      <trkpt lat="52.31133699417114" lon="4.486477375030518">
        <ele>12.02</ele>
      </trkpt>
      <trkpt lat="52.311809062957764" lon="4.486348628997803">
        <ele>12.45</ele>
      </trkpt>
      <trkpt lat="52.31200226582587" lon="4.486327171325684">
        <ele>12.6</ele>
      </trkpt>
      <trkpt lat="52.312045097351074" lon="4.4863057136535645">
        <ele>12.71</ele>
      </trkpt>
      <trkpt lat="52.31220602989197" lon="4.486294984817505">
        <ele>12.78</ele>
      </trkpt>
      <trkpt lat="52.313021421432495" lon="4.486466646194458">
        <ele>12.72</ele>
      </trkpt>
      <trkpt lat="52.31348276138306" lon="4.486606121063232">
        <ele>12.81</ele>
      </trkpt>
      <trkpt lat="52.31365442276001" lon="4.4867026805877686">
        <ele>12.81</ele>
      </trkpt>
      <trkpt lat="52.31419086456299" lon="4.487217664718628">
        <ele>12.61</ele>
      </trkpt>
      <trkpt lat="52.31470584869385" lon="4.487797021865845">
        <ele>12.56</ele>
      </trkpt>
      <trkpt lat="52.315306663513184" lon="4.488365650177002">
        <ele>12.36</ele>
      </trkpt>
      <trkpt lat="52.31669068336487" lon="4.4891273975372314">
        <ele>12.37</ele>
      </trkpt>
      <trkpt lat="52.31696963310242" lon="4.489299058914185">
        <ele>12.39</ele>
      </trkpt>
      <trkpt lat="52.317291498184204" lon="4.489535093307495">
        <ele>12.41</ele>
      </trkpt>
      <trkpt lat="52.31788158416748" lon="4.4900500774383545">
        <ele>12.43</ele>
      </trkpt>
      <trkpt lat="52.31809616088867" lon="4.4902002811431885">
        <ele>12.46</ele>
      </trkpt>
      <trkpt lat="52.31834292411804" lon="4.4903504848480225">
        <ele>12.51</ele>
      </trkpt>
      <trkpt lat="52.31910467147827" lon="4.490725994110107">
        <ele>12.78</ele>
      </trkpt>
      <trkpt lat="52.31920123100281" lon="4.490801095962524">
        <ele>12.78</ele>
      </trkpt>
      <trkpt lat="52.31944799423218" lon="4.491090774536133">
        <ele>12.68</ele>
      </trkpt>
      <trkpt lat="52.319748401641846" lon="4.491326808929443">
        <ele>12.55</ele>
      </trkpt>
      <trkpt lat="52.32017755508423" lon="4.491605758666992">
        <ele>12.51</ele>
      </trkpt>
      <trkpt lat="52.32035994529724" lon="4.491766691207886">
        <ele>12.47</ele>
      </trkpt>
      <trkpt lat="52.320520877838135" lon="4.492002725601196">
        <ele>12.36</ele>
      </trkpt>
      <trkpt lat="52.3213791847229" lon="4.493472576141357">
        <ele>11.85</ele>
      </trkpt>
      <trkpt lat="52.321497201919556" lon="4.493601322174072">
        <ele>11.55</ele>
      </trkpt>
      <trkpt lat="52.322022914886475" lon="4.493933916091919">
        <ele>11.38</ele>
      </trkpt>
      <trkpt lat="52.32218384742737" lon="4.494073390960693">
        <ele>11.08</ele>
      </trkpt>
      <trkpt lat="52.32241988182068" lon="4.494373798370361">
        <ele>10.73</ele>
      </trkpt>
      <trkpt lat="52.322977781295776" lon="4.495446681976318">
        <ele>10.17</ele>
      </trkpt>
      <trkpt lat="52.32307434082031" lon="4.495607614517212">
        <ele>9.84</ele>
      </trkpt>
      <trkpt lat="52.32319235801697" lon="4.495747089385986">
        <ele>9.55</ele>
      </trkpt>
      <trkpt lat="52.32356786727905" lon="4.496111869812012">
        <ele>9.22</ele>
      </trkpt>
      <trkpt lat="52.3236966971308" lon="4.496197700500488">
        <ele>8.99</ele>
      </trkpt>
      <trkpt lat="52.32420086860657" lon="4.496251344680786">
        <ele>8.88</ele>
      </trkpt>
      <trkpt lat="52.32439398765564" lon="4.496304988861084">
        <ele>8.78</ele>
      </trkpt>
      <trkpt lat="52.32470512390137" lon="4.496476650238037">
        <ele>8.72</ele>
      </trkpt>
      <trkpt lat="52.32555270195007" lon="4.497034549713135">
        <ele>8.53</ele>
      </trkpt>
      <trkpt lat="52.32571363449097" lon="4.497088193893433">
        <ele>8.69</ele>
      </trkpt>
      <trkpt lat="52.32587456703186" lon="4.497088193893433">
        <ele>8.84</ele>
      </trkpt>
      <trkpt lat="52.32596039772034" lon="4.4970667362213135">
        <ele>8.96</ele>
      </trkpt>
      <trkpt lat="52.32609987258911" lon="4.497002363204956">
        <ele>9.12</ele>
      </trkpt>
      <trkpt lat="52.32635736465454" lon="4.496809244155884">
        <ele>9.27</ele>
      </trkpt>
      <trkpt lat="52.326561296358705" lon="4.496755599975586">
        <ele>9.31</ele>
      </trkpt>
      <trkpt lat="52.32656121253967" lon="4.496755599975586">
        <ele>9.35</ele>
      </trkpt>
      <trkpt lat="52.32685089111328" lon="4.496777057647705">
        <ele>9.31</ele>
      </trkpt>
      <trkpt lat="52.32709765434265" lon="4.4968414306640625">
        <ele>9.27</ele>
      </trkpt>
      <trkpt lat="52.32741951942444" lon="4.497056007385254">
        <ele>9.24</ele>
      </trkpt>
      <trkpt lat="52.327526891604066" lon="4.49715256690979">
        <ele>9.13</ele>
      </trkpt>
      <trkpt lat="52.32867479324341" lon="4.49815034866333">
        <ele>8.87</ele>
      </trkpt>
      <trkpt lat="52.329221963882446" lon="4.498558044433594">
        <ele>8.61</ele>
      </trkpt>
      <trkpt lat="52.3298978805542" lon="4.498997926712036">
        <ele>8.33</ele>
      </trkpt>
      <trkpt lat="52.33160376548767" lon="4.500199556350708">
        <ele>8.4</ele>
      </trkpt>
      <trkpt lat="52.332268953323364" lon="4.500789642333984">
        <ele>8.3</ele>
      </trkpt>
      <trkpt lat="52.33395338058472" lon="4.501916170120239">
        <ele>7.93</ele>
      </trkpt>
      <trkpt lat="52.33454346656799" lon="4.5022594928741455">
        <ele>7.92</ele>
      </trkpt>
      <trkpt lat="52.33568072319031" lon="4.503117799758911">
        <ele>7.98</ele>
      </trkpt>
      <trkpt lat="52.33664631843567" lon="4.503450393676758">
        <ele>7.54</ele>
      </trkpt>
      <trkpt lat="52.33716130256653" lon="4.503686428070068">
        <ele>7.42</ele>
      </trkpt>
      <trkpt lat="52.33815908432007" lon="4.504244327545166">
        <ele>7.29</ele>
      </trkpt>
      <trkpt lat="52.339017391204834" lon="4.504684209823608">
        <ele>7.13</ele>
      </trkpt>
      <trkpt lat="52.33933925628662" lon="4.504759311676025">
        <ele>6.95</ele>
      </trkpt>
      <trkpt lat="52.33991861343384" lon="4.504791498184204">
        <ele>6.97</ele>
      </trkpt>
      <trkpt lat="52.34015464782715" lon="4.504877328872681">
        <ele>6.91</ele>
      </trkpt>
      <trkpt lat="52.34254717826843" lon="4.506701231002808">
        <ele>6.6</ele>
      </trkpt>
      <trkpt lat="52.3433518409729" lon="4.5073771476745605">
        <ele>6.18</ele>
      </trkpt>
      <trkpt lat="52.34417796134949" lon="4.508213996887207">
        <ele>6.11</ele>
      </trkpt>
      <trkpt lat="52.344467639923096" lon="4.508578777313232">
        <ele>5.89</ele>
      </trkpt>
      <trkpt lat="52.34482169151306" lon="4.509083032608032">
        <ele>5.73</ele>
      </trkpt>
      <trkpt lat="52.34613060951233" lon="4.510563611984253">
        <ele>5.65</ele>
      </trkpt>
      <trkpt lat="52.34683871269226" lon="4.511400461196899">
        <ele>5.61</ele>
      </trkpt>
      <trkpt lat="52.346946001052856" lon="4.5114970207214355">
        <ele>5.68</ele>
      </trkpt>
      <trkpt lat="52.34709620475769" lon="4.5115721225738525">
        <ele>5.8</ele>
      </trkpt>
      <trkpt lat="52.34765410423279" lon="4.511700868606567">
        <ele>5.97</ele>
      </trkpt>
      <trkpt lat="52.347750663757324" lon="4.511700868606567">
        <ele>6.21</ele>
      </trkpt>
      <trkpt lat="52.3478364944458" lon="4.5116472244262695">
        <ele>6.51</ele>
      </trkpt>
      <trkpt lat="52.347954511642456" lon="4.511518478393555">
        <ele>6.89</ele>
      </trkpt>
      <trkpt lat="52.348254919052124" lon="4.511153697967529">
        <ele>7.46</ele>
      </trkpt>
      <trkpt lat="52.3483943939209" lon="4.5110249519348145">
        <ele>7.91</ele>
      </trkpt>
      <trkpt lat="52.34855532646179" lon="4.510960578918457">
        <ele>8.36</ele>
      </trkpt>
      <trkpt lat="52.348726987838745" lon="4.510960578918457">
        <ele>8.73</ele>
      </trkpt>
      <trkpt lat="52.3488450050354" lon="4.511003494262695">
        <ele>9.05</ele>
      </trkpt>
      <trkpt lat="52.348952293395996" lon="4.511078596115112">
        <ele>9.32</ele>
      </trkpt>
      <trkpt lat="52.35004663467407" lon="4.512280225753784">
        <ele>9.42</ele>
      </trkpt>
      <trkpt lat="52.350196838378906" lon="4.51238751411438">
        <ele>9.65</ele>
      </trkpt>
      <trkpt lat="52.3503577709198" lon="4.512419700622559">
        <ele>9.84</ele>
      </trkpt>
      <trkpt lat="52.35089421272278" lon="4.51237678527832">
        <ele>9.96</ele>
      </trkpt>
      <trkpt lat="52.35167741775513" lon="4.512258768081665">
        <ele>10.36</ele>
      </trkpt>
      <trkpt lat="52.3518705368042" lon="4.512269496917725">
        <ele>10.38</ele>
      </trkpt>
      <trkpt lat="52.351956367492676" lon="4.512312412261963">
        <ele>10.19</ele>
      </trkpt>
      <trkpt lat="52.35315799713135" lon="4.513202905654907">
        <ele>9.5</ele>
      </trkpt>
      <trkpt lat="52.35360869206488" lon="4.5136964321136475">
        <ele>9.01</ele>
      </trkpt>
      <trkpt lat="52.35360860824585" lon="4.5136964321136475">
        <ele>8.57</ele>
      </trkpt>
      <trkpt lat="52.354005575180054" lon="4.514179229736328">
        <ele>7.99</ele>
      </trkpt>
      <trkpt lat="52.354488372802734" lon="4.515037536621094">
        <ele>7.47</ele>
      </trkpt>
      <trkpt lat="52.35459566116333" lon="4.515198469161987">
        <ele>6.98</ele>
      </trkpt>
      <trkpt lat="52.35543251037598" lon="4.516206979751587">
        <ele>6.3</ele>
      </trkpt>
      <trkpt lat="52.35563635826111" lon="4.5163679122924805">
        <ele>5.83</ele>
      </trkpt>
      <trkpt lat="52.35633381642401" lon="4.516818523406982">
        <ele>5.41</ele>
      </trkpt>
      <trkpt lat="52.35633373260498" lon="4.516818523406982">
        <ele>5.06</ele>
      </trkpt>
      <trkpt lat="52.356698513031006" lon="4.517043828964233">
        <ele>4.76</ele>
      </trkpt>
      <trkpt lat="52.35709547996521" lon="4.517161846160889">
        <ele>4.68</ele>
      </trkpt>
      <trkpt lat="52.357213497161865" lon="4.517269134521484">
        <ele>4.61</ele>
      </trkpt>
      <trkpt lat="52.357481718063354" lon="4.5177412033081055">
        <ele>4.51</ele>
      </trkpt>
      <trkpt lat="52.35759973526001" lon="4.517859220504761">
        <ele>4.64</ele>
      </trkpt>
      <trkpt lat="52.3577606678009" lon="4.517912864685059">
        <ele>4.92</ele>
      </trkpt>
      <trkpt lat="52.358769262209535" lon="4.517859220504761">
        <ele>5.47</ele>
      </trkpt>
      <trkpt lat="52.3587691783905" lon="4.517859220504761">
        <ele>6.0</ele>
      </trkpt>
      <trkpt lat="52.35915541648865" lon="4.517837762832642">
        <ele>6.68</ele>
      </trkpt>
      <trkpt lat="52.3593807220459" lon="4.517902135848999">
        <ele>7.44</ele>
      </trkpt>
      <trkpt lat="52.3598849773407" lon="4.518170356750488">
        <ele>8.29</ele>
      </trkpt>
      <trkpt lat="52.36007809638977" lon="4.518202543258667">
        <ele>9.23</ele>
      </trkpt>
      <trkpt lat="52.36040004529059" lon="4.51813817024231">
        <ele>10.39</ele>
      </trkpt>
      <trkpt lat="52.36092567443848" lon="4.518073797225952">
        <ele>11.42</ele>
      </trkpt>
      <trkpt lat="52.36105442047119" lon="4.51811671257019">
        <ele>12.25</ele>
      </trkpt>
      <trkpt lat="52.361429929733276" lon="4.518299102783203">
        <ele>13.18</ele>
      </trkpt>
      <trkpt lat="52.361494302749634" lon="4.51838493347168">
        <ele>13.83</ele>
      </trkpt>
      <trkpt lat="52.36170896328986" lon="4.518556594848633">
        <ele>14.38</ele>
      </trkpt>
      <trkpt lat="52.36176252365112" lon="4.5185887813568115">
        <ele>14.82</ele>
      </trkpt>
      <trkpt lat="52.361730337142944" lon="4.518717527389526">
        <ele>15.15</ele>
      </trkpt>
      <trkpt lat="52.36175179481506" lon="4.51887845993042">
        <ele>15.37</ele>
      </trkpt>
      <trkpt lat="52.3617947101593" lon="4.518975019454956">
        <ele>15.45</ele>
      </trkpt>
      <trkpt lat="52.36189135350287" lon="4.519082307815552">
        <ele>15.42</ele>
      </trkpt>
      <trkpt lat="52.362492168322206" lon="4.519511461257935">
        <ele>15.3</ele>
      </trkpt>
      <trkpt lat="52.36281403340399" lon="4.5197367668151855">
        <ele>15.11</ele>
      </trkpt>
      <trkpt lat="52.36331820487976" lon="4.520080089569092">
        <ele>15.07</ele>
      </trkpt>
      <trkpt lat="52.363725984469056" lon="4.5202624797821045">
        <ele>14.84</ele>
      </trkpt>
      <trkpt lat="52.363983392715454" lon="4.52038049697876">
        <ele>14.7</ele>
      </trkpt>
      <trkpt lat="52.36413359642029" lon="4.520466327667236">
        <ele>14.52</ele>
      </trkpt>
      <trkpt lat="52.36427307128906" lon="4.520595073699951">
        <ele>14.28</ele>
      </trkpt>
      <trkpt lat="52.36464858055115" lon="4.521067142486572">
        <ele>14.08</ele>
      </trkpt>
      <trkpt lat="52.36487396992743" lon="4.521206617355347">
        <ele>14.02</ele>
      </trkpt>
      <trkpt lat="52.3648738861084" lon="4.521206617355347">
        <ele>13.8</ele>
      </trkpt>
      <trkpt lat="52.36537822522223" lon="4.5214855670928955">
        <ele>13.62</ele>
      </trkpt>
      <trkpt lat="52.3653781414032" lon="4.5214855670928955">
        <ele>13.39</ele>
      </trkpt>
      <trkpt lat="52.365946769714355" lon="4.521839618682861">
        <ele>12.93</ele>
      </trkpt>
      <trkpt lat="52.36663341522217" lon="4.522322416305542">
        <ele>12.76</ele>
      </trkpt>
      <trkpt lat="52.36685872077942" lon="4.522515535354614">
        <ele>12.59</ele>
      </trkpt>
      <trkpt lat="52.367212772369385" lon="4.52286958694458">
        <ele>12.36</ele>
      </trkpt>
      <trkpt lat="52.36729868687689" lon="4.522966146469116">
        <ele>12.22</ele>
      </trkpt>
      <trkpt lat="52.36738443374634" lon="4.523062705993652">
        <ele>12.11</ele>
      </trkpt>
      <trkpt lat="52.36750245094299" lon="4.523223638534546">
        <ele>12.12</ele>
      </trkpt>
      <trkpt lat="52.36752390861511" lon="4.523266553878784">
        <ele>12.14</ele>
      </trkpt>
      <trkpt lat="52.36757755279541" lon="4.523320198059082">
        <ele>12.22</ele>
      </trkpt>
      <trkpt lat="52.36766338348389" lon="4.523298740386963">
        <ele>12.32</ele>
      </trkpt>
      <trkpt lat="52.3676956538111" lon="4.523245096206665">
        <ele>12.44</ele>
      </trkpt>
      <trkpt lat="52.367706298828125" lon="4.5230841636657715">
        <ele>12.58</ele>
      </trkpt>
      <trkpt lat="52.36777067184448" lon="4.523062705993652">
        <ele>12.76</ele>
      </trkpt>
      <trkpt lat="52.36787796020508" lon="4.523041248321533">
        <ele>12.96</ele>
      </trkpt>
      <trkpt lat="52.36808180809021" lon="4.52311635017395">
        <ele>13.18</ele>
      </trkpt>
      <trkpt lat="52.36851096153259" lon="4.5233845710754395">
        <ele>13.34</ele>
      </trkpt>
      <trkpt lat="52.36859679222107" lon="4.523481130599976">
        <ele>13.49</ele>
      </trkpt>
      <trkpt lat="52.36914396286011" lon="4.523835182189941">
        <ele>13.64</ele>
      </trkpt>
      <trkpt lat="52.369208335876465" lon="4.523845911026001">
        <ele>13.82</ele>
      </trkpt>
      <trkpt lat="52.36951947212219" lon="4.524060487747192">
        <ele>14.0</ele>
      </trkpt>
      <trkpt lat="52.37009891308844" lon="4.524478912353516">
        <ele>14.17</ele>
      </trkpt>
      <trkpt lat="52.37009882926941" lon="4.524478912353516">
        <ele>14.29</ele>
      </trkpt>
      <trkpt lat="52.37033486366272" lon="4.5246827602386475">
        <ele>14.46</ele>
      </trkpt>
      <trkpt lat="52.37045296467841" lon="4.524661302566528">
        <ele>14.53</ele>
      </trkpt>
      <trkpt lat="52.37059235572815" lon="4.524854421615601">
        <ele>14.58</ele>
      </trkpt>
      <trkpt lat="52.370924949645996" lon="4.525165557861328">
        <ele>14.54</ele>
      </trkpt>
      <trkpt lat="52.37104296684265" lon="4.525272846221924">
        <ele>14.54</ele>
      </trkpt>
      <trkpt lat="52.37115025520325" lon="4.525519609451294">
        <ele>14.54</ele>
      </trkpt>
      <trkpt lat="52.37112879753113" lon="4.52562689781189">
        <ele>14.49</ele>
      </trkpt>
      <trkpt lat="52.37113952636719" lon="4.525744915008545">
        <ele>14.42</ele>
      </trkpt>
      <trkpt lat="52.371171712875366" lon="4.525798559188843">
        <ele>14.34</ele>
      </trkpt>
      <trkpt lat="52.37125754356384" lon="4.525852203369141">
        <ele>14.25</ele>
      </trkpt>
      <trkpt lat="52.37133264541626" lon="4.525798559188843">
        <ele>14.14</ele>
      </trkpt>
      <trkpt lat="52.37136483192444" lon="4.525744915008545">
        <ele>13.98</ele>
      </trkpt>
      <trkpt lat="52.37160086631775" lon="4.5256805419921875">
        <ele>13.78</ele>
      </trkpt>
      <trkpt lat="52.37165459431708" lon="4.525712728500366">
        <ele>13.58</ele>
      </trkpt>
      <trkpt lat="52.37189062871039" lon="4.525884389877319">
        <ele>13.29</ele>
      </trkpt>
      <trkpt lat="52.371965730562806" lon="4.525938034057617">
        <ele>13.12</ele>
      </trkpt>
      <trkpt lat="52.37230896949768" lon="4.526152610778809">
        <ele>12.97</ele>
      </trkpt>
      <trkpt lat="52.37253427505493" lon="4.526249170303345">
        <ele>12.84</ele>
      </trkpt>
      <trkpt lat="52.372716665267944" lon="4.526324272155762">
        <ele>12.76</ele>
      </trkpt>
      <trkpt lat="52.37286695279181" lon="4.526410102844238">
        <ele>12.65</ele>
      </trkpt>
      <trkpt lat="52.372952699661255" lon="4.526463747024536">
        <ele>12.62</ele>
      </trkpt>
      <trkpt lat="52.373199462890625" lon="4.526656866073608">
        <ele>12.63</ele>
      </trkpt>
      <trkpt lat="52.37340331077576" lon="4.5268714427948">
        <ele>12.69</ele>
      </trkpt>
      <trkpt lat="52.373671531677246" lon="4.5273542404174805">
        <ele>12.86</ele>
      </trkpt>
      <trkpt lat="52.37387546338141" lon="4.527794122695923">
        <ele>13.06</ele>
      </trkpt>
      <trkpt lat="52.37387537956238" lon="4.527794122695923">
        <ele>13.3</ele>
      </trkpt>
      <trkpt lat="52.374014938250184" lon="4.528073072433472">
        <ele>13.66</ele>
      </trkpt>
      <trkpt lat="52.374218786135316" lon="4.528405666351318">
        <ele>14.07</ele>
      </trkpt>
      <trkpt lat="52.3744010925293" lon="4.528630971908569">
        <ele>14.48</ele>
      </trkpt>
      <trkpt lat="52.3746479395777" lon="4.528813362121582">
        <ele>14.73</ele>
      </trkpt>
      <trkpt lat="52.37468012608588" lon="4.528834819793701">
        <ele>15.0</ele>
      </trkpt>
      <trkpt lat="52.37485178746283" lon="4.528942108154297">
        <ele>15.22</ele>
      </trkpt>
      <trkpt lat="52.3748517036438" lon="4.528942108154297">
        <ele>15.45</ele>
      </trkpt>
      <trkpt lat="52.375441789627075" lon="4.529306888580322">
        <ele>15.8</ele>
      </trkpt>
      <trkpt lat="52.37590321339667" lon="4.529596567153931">
        <ele>15.98</ele>
      </trkpt>
      <trkpt lat="52.375956857576966" lon="4.529639482498169">
        <ele>16.06</ele>
      </trkpt>
      <trkpt lat="52.376010501757264" lon="4.529660940170288">
        <ele>16.08</ele>
      </trkpt>
      <trkpt lat="52.37609624862671" lon="4.529693126678467">
        <ele>16.04</ele>
      </trkpt>
      <trkpt lat="52.376160621643066" lon="4.5296502113342285">
        <ele>15.95</ele>
      </trkpt>
      <trkpt lat="52.376214265823364" lon="4.529564380645752">
        <ele>15.81</ele>
      </trkpt>
      <trkpt lat="52.37626791000366" lon="4.52936053276062">
        <ele>15.63</ele>
      </trkpt>
      <trkpt lat="52.37630009651184" lon="4.529253244400024">
        <ele>15.44</ele>
      </trkpt>
      <trkpt lat="52.37634309567511" lon="4.529178142547607">
        <ele>15.22</ele>
      </trkpt>
      <trkpt lat="52.37657913006842" lon="4.528985023498535">
        <ele>14.9</ele>
      </trkpt>
      <trkpt lat="52.37657904624939" lon="4.528985023498535">
        <ele>14.59</ele>
      </trkpt>
      <trkpt lat="52.376707876101136" lon="4.528888463973999">
        <ele>14.23</ele>
      </trkpt>
      <trkpt lat="52.376750791445374" lon="4.52885627746582">
        <ele>13.86</ele>
      </trkpt>
      <trkpt lat="52.37708330154419" lon="4.52862024307251">
        <ele>13.55</ele>
      </trkpt>
      <trkpt lat="52.3771155718714" lon="4.528588056564331">
        <ele>13.15</ele>
      </trkpt>
      <trkpt lat="52.37729787826538" lon="4.528459310531616">
        <ele>12.69</ele>
      </trkpt>
      <trkpt lat="52.37727642059326" lon="4.528394937515259">
        <ele>12.27</ele>
      </trkpt>
      <trkpt lat="52.37752318382263" lon="4.528212547302246">
        <ele>11.65</ele>
      </trkpt>
      <trkpt lat="52.37763047218323" lon="4.528158903121948">
        <ele>11.13</ele>
      </trkpt>
      <trkpt lat="52.37773776054382" lon="4.528180360794067">
        <ele>10.72</ele>
      </trkpt>
      <trkpt lat="52.377737844362855" lon="4.528180360794067">
        <ele>10.44</ele>
      </trkpt>
      <trkpt lat="52.377973878756166" lon="4.528309106826782">
        <ele>10.19</ele>
      </trkpt>
      <trkpt lat="52.378188371658325" lon="4.528437852859497">
        <ele>10.09</ele>
      </trkpt>
      <trkpt lat="52.37818845547736" lon="4.528437852859497">
        <ele>9.99</ele>
      </trkpt>
      <trkpt lat="52.37862825393677" lon="4.528695344924927">
        <ele>10.06</ele>
      </trkpt>
      <trkpt lat="52.3786283377558" lon="4.528695344924927">
        <ele>10.03</ele>
      </trkpt>
      <trkpt lat="52.379218423739076" lon="4.529060125350952">
        <ele>10.02</ele>
      </trkpt>
      <trkpt lat="52.37982996739447" lon="4.529446363449097">
        <ele>10.02</ele>
      </trkpt>
      <trkpt lat="52.37991579808295" lon="4.5295000076293945">
        <ele>10.04</ele>
      </trkpt>
      <trkpt lat="52.379969358444214" lon="4.529532194137573">
        <ele>10.03</ele>
      </trkpt>
      <trkpt lat="52.380205476656556" lon="4.529693126678467">
        <ele>10.09</ele>
      </trkpt>
      <trkpt lat="52.38029130734503" lon="4.529746770858765">
        <ele>10.0</ele>
      </trkpt>
      <trkpt lat="52.38038778305054" lon="4.5298004150390625">
        <ele>9.83</ele>
      </trkpt>
      <trkpt lat="52.38038786686957" lon="4.5298004150390625">
        <ele>9.64</ele>
      </trkpt>
      <trkpt lat="52.38110669888556" lon="4.530261754989624">
        <ele>9.2</ele>
      </trkpt>
      <trkpt lat="52.381181716918945" lon="4.530304670333862">
        <ele>8.95</ele>
      </trkpt>
      <trkpt lat="52.38118180073798" lon="4.530304670333862">
        <ele>8.71</ele>
      </trkpt>
      <trkpt lat="52.38126754760742" lon="4.53035831451416">
        <ele>8.47</ele>
      </trkpt>
      <trkpt lat="52.381267631426454" lon="4.53035831451416">
        <ele>8.27</ele>
      </trkpt>
      <trkpt lat="52.38206156529486" lon="4.53086256980896">
        <ele>8.05</ele>
      </trkpt>
      <trkpt lat="52.382436990737915" lon="4.53110933303833">
        <ele>7.3</ele>
      </trkpt>
      <trkpt lat="52.38243707455695" lon="4.53110933303833">
        <ele>7.3</ele>
      </trkpt>
      <trkpt lat="52.38268383778632" lon="4.531270265579224">
        <ele>7.84</ele>
      </trkpt>
      <trkpt lat="52.382962703704834" lon="4.531441926956177">
        <ele>8.44</ele>
      </trkpt>
      <trkpt lat="52.383166635409" lon="4.5316243171691895">
        <ele>8.73</ele>
      </trkpt>
      <trkpt lat="52.383670806884766" lon="4.532010555267334">
        <ele>8.84</ele>
      </trkpt>
      <trkpt lat="52.38428235054016" lon="4.532332420349121">
        <ele>9.05</ele>
      </trkpt>
      <trkpt lat="52.38465794362128" lon="4.532589912414551">
        <ele>9.54</ele>
      </trkpt>
      <trkpt lat="52.38512992858887" lon="4.532911777496338">
        <ele>9.99</ele>
      </trkpt>
      <trkpt lat="52.3851300124079" lon="4.532911777496338">
        <ele>10.44</ele>
      </trkpt>
      <trkpt lat="52.38536604680121" lon="4.533094167709351">
        <ele>10.96</ele>
      </trkpt>
      <trkpt lat="52.38537677563727" lon="4.53310489654541">
        <ele>11.47</ele>
      </trkpt>
      <trkpt lat="52.38615998066962" lon="4.53360915184021">
        <ele>12.04</ele>
      </trkpt>
      <trkpt lat="52.386213624849916" lon="4.533652067184448">
        <ele>12.56</ele>
      </trkpt>
      <trkpt lat="52.38800525665283" lon="4.53485369682312">
        <ele>13.37</ele>
      </trkpt>
      <trkpt lat="52.388005340471864" lon="4.53485369682312">
        <ele>13.83</ele>
      </trkpt>
      <trkpt lat="52.38812335766852" lon="4.534928798675537">
        <ele>14.19</ele>
      </trkpt>
      <trkpt lat="52.38857388496399" lon="4.535229206085205">
        <ele>14.56</ele>
      </trkpt>
      <trkpt lat="52.38860607147217" lon="4.535486698150635">
        <ele>14.98</ele>
      </trkpt>
      <trkpt lat="52.38897085189819" lon="4.535733461380005">
        <ele>15.22</ele>
      </trkpt>
      <trkpt lat="52.38928198814392" lon="4.535948038101196">
        <ele>15.43</ele>
      </trkpt>
      <trkpt lat="52.389410734176636" lon="4.535797834396362">
        <ele>15.45</ele>
      </trkpt>
      <trkpt lat="52.389743411913514" lon="4.536023139953613">
        <ele>15.54</ele>
      </trkpt>
      <trkpt lat="52.38980778492987" lon="4.536066055297852">
        <ele>15.54</ele>
      </trkpt>
      <trkpt lat="52.391449296846986" lon="4.537181854248047">
        <ele>15.65</ele>
      </trkpt>
      <trkpt lat="52.39157795906067" lon="4.537256956100464">
        <ele>15.6</ele>
      </trkpt>
      <trkpt lat="52.3915780428797" lon="4.537256956100464">
        <ele>15.46</ele>
      </trkpt>
      <trkpt lat="52.392168045043945" lon="4.537643194198608">
        <ele>14.89</ele>
      </trkpt>
      <trkpt lat="52.392210960388184" lon="4.537900686264038">
        <ele>14.79</ele>
      </trkpt>
      <trkpt lat="52.39227533340454" lon="4.537954330444336">
        <ele>14.59</ele>
      </trkpt>
      <trkpt lat="52.39354133605957" lon="4.538758993148804">
        <ele>14.63</ele>
      </trkpt>
      <trkpt lat="52.39362716674805" lon="4.538662433624268">
        <ele>14.34</ele>
      </trkpt>
      <trkpt lat="52.39362725056708" lon="4.538662433624268">
        <ele>14.19</ele>
      </trkpt>
      <trkpt lat="52.393680810928345" lon="4.53860878944397">
        <ele>14.02</ele>
      </trkpt>
      <trkpt lat="52.39378809928894" lon="4.538683891296387">
        <ele>13.93</ele>
      </trkpt>
      <trkpt lat="52.39378818310797" lon="4.538683891296387">
        <ele>13.87</ele>
      </trkpt>
      <trkpt lat="52.39551544189453" lon="4.539746046066284">
        <ele>13.87</ele>
      </trkpt>
      <trkpt lat="52.39551552571356" lon="4.539746046066284">
        <ele>13.88</ele>
      </trkpt>
      <trkpt lat="52.3957085609436" lon="4.5398640632629395">
        <ele>13.92</ele>
      </trkpt>
      <trkpt lat="52.395708644762635" lon="4.5398640632629395">
        <ele>14.01</ele>
      </trkpt>
      <trkpt lat="52.39678144454956" lon="4.540529251098633">
        <ele>14.02</ele>
      </trkpt>
      <trkpt lat="52.39678152836859" lon="4.540529251098633">
        <ele>14.2</ele>
      </trkpt>
      <trkpt lat="52.39933490753174" lon="4.54209566116333">
        <ele>14.45</ele>
      </trkpt>
      <trkpt lat="52.39933499135077" lon="4.54209566116333">
        <ele>14.68</ele>
      </trkpt>
      <trkpt lat="52.40009665489197" lon="4.542567729949951">
        <ele>15.07</ele>
      </trkpt>
      <trkpt lat="52.400096738711" lon="4.542567729949951">
        <ele>15.31</ele>
      </trkpt>
      <trkpt lat="52.4006546381861" lon="4.542911052703857">
        <ele>15.64</ele>
      </trkpt>
      <trkpt lat="52.400686740875244" lon="4.542943239212036">
        <ele>15.83</ele>
      </trkpt>
      <trkpt lat="52.40078330039978" lon="4.543265104293823">
        <ele>16.01</ele>
      </trkpt>
      <trkpt lat="52.400955045595765" lon="4.543426036834717">
        <ele>16.05</ele>
      </trkpt>
      <trkpt lat="52.40109443664551" lon="4.543554782867432">
        <ele>16.0</ele>
      </trkpt>
      <trkpt lat="52.40153440274298" lon="4.543801546096802">
        <ele>15.79</ele>
      </trkpt>
      <trkpt lat="52.40183472633362" lon="4.543962478637695">
        <ele>15.48</ele>
      </trkpt>
      <trkpt lat="52.401952827349305" lon="4.544048309326172">
        <ele>15.15</ele>
      </trkpt>
      <trkpt lat="52.40197420120239" lon="4.544112682342529">
        <ele>14.75</ele>
      </trkpt>
      <trkpt lat="52.401974285021424" lon="4.544112682342529">
        <ele>14.24</ele>
      </trkpt>
      <trkpt lat="52.402682304382324" lon="4.54585075378418">
        <ele>13.37</ele>
      </trkpt>
      <trkpt lat="52.402682388201356" lon="4.54585075378418">
        <ele>12.75</ele>
      </trkpt>
      <trkpt lat="52.402703845873475" lon="4.545893669128418">
        <ele>12.08</ele>
      </trkpt>
      <trkpt lat="52.403175830841064" lon="4.547063112258911">
        <ele>11.19</ele>
      </trkpt>
      <trkpt lat="52.40328311920166" lon="4.5472776889801025">
        <ele>10.45</ele>
      </trkpt>
      <trkpt lat="52.403626441955566" lon="4.5478785037994385">
        <ele>9.65</ele>
      </trkpt>
      <trkpt lat="52.4037230014801" lon="4.5481038093566895">
        <ele>9.06</ele>
      </trkpt>
      <trkpt lat="52.403723085299134" lon="4.5481038093566895">
        <ele>8.47</ele>
      </trkpt>
      <trkpt lat="52.40379810333252" lon="4.548286199569702">
        <ele>7.94</ele>
      </trkpt>
      <trkpt lat="52.40380891598761" lon="4.54832911491394">
        <ele>7.41</ele>
      </trkpt>
      <trkpt lat="52.40401268005371" lon="4.549691677093506">
        <ele>7.07</ele>
      </trkpt>
      <trkpt lat="52.404184341430664" lon="4.551193714141846">
        <ele>6.37</ele>
      </trkpt>
      <trkpt lat="52.40424871444702" lon="4.551869630813599">
        <ele>5.84</ele>
      </trkpt>
      <trkpt lat="52.40432381629944" lon="4.5526206493377686">
        <ele>5.47</ele>
      </trkpt>
      <trkpt lat="52.4043345451355" lon="4.5529210567474365">
        <ele>5.14</ele>
      </trkpt>
      <trkpt lat="52.40431308746338" lon="4.5533716678619385">
        <ele>4.86</ele>
      </trkpt>
      <trkpt lat="52.4042809009552" lon="4.553629159927368">
        <ele>4.53</ele>
      </trkpt>
      <trkpt lat="52.404173612594604" lon="4.554165601730347">
        <ele>4.26</ele>
      </trkpt>
      <trkpt lat="52.40410923957825" lon="4.554412364959717">
        <ele>4.1</ele>
      </trkpt>
      <trkpt lat="52.403937578201294" lon="4.554873704910278">
        <ele>4.02</ele>
      </trkpt>
      <trkpt lat="52.4037766456604" lon="4.555195569992065">
        <ele>3.93</ele>
      </trkpt>
      <trkpt lat="52.4028754234314" lon="4.55659031867981">
        <ele>3.98</ele>
      </trkpt>
      <trkpt lat="52.4012553691864" lon="4.558982849121094">
        <ele>3.95</ele>
      </trkpt>
      <trkpt lat="52.40125545300543" lon="4.558982849121094">
        <ele>3.96</ele>
      </trkpt>
      <trkpt lat="52.40099787712097" lon="4.559390544891357">
        <ele>4.04</ele>
      </trkpt>
      <trkpt lat="52.400901317596436" lon="4.559594392776489">
        <ele>4.04</ele>
      </trkpt>
      <trkpt lat="52.40079402923584" lon="4.559841156005859">
        <ele>4.02</ele>
      </trkpt>
      <trkpt lat="52.400686740875244" lon="4.560152292251587">
        <ele>4.1</ele>
      </trkpt>
      <trkpt lat="52.40056872367859" lon="4.560645818710327">
        <ele>4.3</ele>
      </trkpt>
      <trkpt lat="52.40047216415405" lon="4.561192989349365">
        <ele>4.43</ele>
      </trkpt>
      <trkpt lat="52.400139570236206" lon="4.562737941741943">
        <ele>4.36</ele>
      </trkpt>
      <trkpt lat="52.40004301071167" lon="4.563403129577637">
        <ele>4.52</ele>
      </trkpt>
      <trkpt lat="52.39997863769531" lon="4.564036130905151">
        <ele>4.51</ele>
      </trkpt>
      <trkpt lat="52.399903535842896" lon="4.5655810832977295">
        <ele>4.78</ele>
      </trkpt>
      <trkpt lat="52.39981770515442" lon="4.566235542297363">
        <ele>4.91</ele>
      </trkpt>
      <trkpt lat="52.39975333213806" lon="4.566514492034912">
        <ele>5.12</ele>
      </trkpt>
      <trkpt lat="52.3993456363678" lon="4.567780494689941">
        <ele>5.22</ele>
      </trkpt>
      <trkpt lat="52.3992383480072" lon="4.568392038345337">
        <ele>5.83</ele>
      </trkpt>
      <trkpt lat="52.39881992340088" lon="4.56956148147583">
        <ele>6.14</ele>
      </trkpt>
      <trkpt lat="52.398637533187866" lon="4.569840431213379">
        <ele>6.44</ele>
      </trkpt>
      <trkpt lat="52.39858388900757" lon="4.569958448410034">
        <ele>6.76</ele>
      </trkpt>
      <trkpt lat="52.39836931228638" lon="4.570537805557251">
        <ele>7.12</ele>
      </trkpt>
      <trkpt lat="52.39786505699158" lon="4.571707248687744">
        <ele>6.89</ele>
      </trkpt>
      <trkpt lat="52.39776849746704" lon="4.572018384933472">
        <ele>6.65</ele>
      </trkpt>
      <trkpt lat="52.39771485328674" lon="4.572275876998901">
        <ele>6.4</ele>
      </trkpt>
      <trkpt lat="52.39761829376221" lon="4.573166370391846">
        <ele>5.91</ele>
      </trkpt>
      <trkpt lat="52.39760756492615" lon="4.5735955238342285">
        <ele>5.96</ele>
      </trkpt>
      <trkpt lat="52.39762784913182" lon="4.574091732501984">
        <ele>6.36</ele>
      </trkpt>
      <trkpt lat="52.397650480270386" lon="4.574646949768066">
        <ele>6.63</ele>
      </trkpt>
      <trkpt lat="52.39765056408942" lon="4.574646949768066">
        <ele>7.0</ele>
      </trkpt>
      <trkpt lat="52.39773631095886" lon="4.575247764587402">
        <ele>7.55</ele>
      </trkpt>
      <trkpt lat="52.397886514663696" lon="4.575912952423096">
        <ele>7.8</ele>
      </trkpt>
      <trkpt lat="52.397940158843994" lon="4.576159715652466">
        <ele>8.16</ele>
      </trkpt>
      <trkpt lat="52.39807963371277" lon="4.577146768569946">
        <ele>8.71</ele>
      </trkpt>
      <trkpt lat="52.398176193237305" lon="4.577597379684448">
        <ele>9.2</ele>
      </trkpt>
      <trkpt lat="52.39832639694214" lon="4.578069448471069">
        <ele>9.56</ele>
      </trkpt>
      <trkpt lat="52.398444414138794" lon="4.578616619110107">
        <ele>10.24</ele>
      </trkpt>
      <trkpt lat="52.39872336387634" lon="4.580333232879639">
        <ele>11.04</ele>
      </trkpt>
      <trkpt lat="52.39875555038452" lon="4.580622911453247">
        <ele>11.77</ele>
      </trkpt>
      <trkpt lat="52.39876627922058" lon="4.580976963043213">
        <ele>12.58</ele>
      </trkpt>
      <trkpt lat="52.39875555038452" lon="4.581191539764404">
        <ele>13.3</ele>
      </trkpt>
      <trkpt lat="52.39872336387634" lon="4.5814597606658936">
        <ele>13.89</ele>
      </trkpt>
      <trkpt lat="52.398658990859985" lon="4.581706523895264">
        <ele>14.33</ele>
      </trkpt>
      <trkpt lat="52.398412227630615" lon="4.5822858810424805">
        <ele>14.68</ele>
      </trkpt>
      <trkpt lat="52.39841231144965" lon="4.5822858810424805">
        <ele>14.89</ele>
      </trkpt>
      <trkpt lat="52.39820837974548" lon="4.58280086517334">
        <ele>14.94</ele>
      </trkpt>
      <trkpt lat="52.398208463564515" lon="4.58280086517334">
        <ele>14.94</ele>
      </trkpt>
      <trkpt lat="52.397950887680054" lon="4.583455324172974">
        <ele>15.03</ele>
      </trkpt>
      <trkpt lat="52.39761829376221" lon="4.5842063426971436">
        <ele>14.81</ele>
      </trkpt>
      <trkpt lat="52.39752173423767" lon="4.584496021270752">
        <ele>14.5</ele>
      </trkpt>
      <trkpt lat="52.39684581756592" lon="4.586062431335449">
        <ele>14.08</ele>
      </trkpt>
      <trkpt lat="52.39657759666443" lon="4.586620330810547">
        <ele>13.53</ele>
      </trkpt>
      <trkpt lat="52.3961163405329" lon="4.587489366531372">
        <ele>13.4</ele>
      </trkpt>
      <trkpt lat="52.39588022232056" lon="4.587993621826172">
        <ele>13.13</ele>
      </trkpt>
      <trkpt lat="52.39588030613959" lon="4.587993621826172">
        <ele>12.81</ele>
      </trkpt>
      <trkpt lat="52.39563354291022" lon="4.588637351989746">
        <ele>12.49</ele>
      </trkpt>
      <trkpt lat="52.395429611206055" lon="4.58928108215332">
        <ele>12.34</ele>
      </trkpt>
      <trkpt lat="52.39530086517334" lon="4.589806795120239">
        <ele>11.92</ele>
      </trkpt>
      <trkpt lat="52.39530094899237" lon="4.589806795120239">
        <ele>11.58</ele>
      </trkpt>
      <trkpt lat="52.39509710110724" lon="4.5906758308410645">
        <ele>11.19</ele>
      </trkpt>
      <trkpt lat="52.39482879638672" lon="4.591877460479736">
        <ele>10.58</ele>
      </trkpt>
      <trkpt lat="52.39473223686218" lon="4.593229293823242">
        <ele>10.32</ele>
      </trkpt>
      <trkpt lat="52.394732320681214" lon="4.593851566314697">
        <ele>10.0</ele>
      </trkpt>
      <trkpt lat="52.39473223686218" lon="4.594012498855591">
        <ele>9.81</ele>
      </trkpt>
      <trkpt lat="52.39476450718939" lon="4.59453821182251">
        <ele>9.68</ele>
      </trkpt>
      <trkpt lat="52.39477515220642" lon="4.5947206020355225">
        <ele>9.74</ele>
      </trkpt>
      <trkpt lat="52.39466794766486" lon="4.5947206020355225">
        <ele>10.01</ele>
      </trkpt>
      <trkpt lat="52.39452847279608" lon="4.594731330871582">
        <ele>10.23</ele>
      </trkpt>
      <trkpt lat="52.394453287124634" lon="4.594742059707642">
        <ele>10.58</ele>
      </trkpt>
      <trkpt lat="52.394442642107606" lon="4.595181941986084">
        <ele>11.21</ele>
      </trkpt>
      <trkpt lat="52.394388914108276" lon="4.59578275680542">
        <ele>11.9</ele>
      </trkpt>
      <trkpt lat="52.3943567276001" lon="4.596233367919922">
        <ele>12.68</ele>
      </trkpt>
      <trkpt lat="52.3942494392395" lon="4.596877098083496">
        <ele>13.55</ele>
      </trkpt>
      <trkpt lat="52.393949031829834" lon="4.597992897033691">
        <ele>14.64</ele>
      </trkpt>
      <trkpt lat="52.39379891194403" lon="4.598443508148193">
        <ele>15.44</ele>
      </trkpt>
      <trkpt lat="52.39376664161682" lon="4.5985400676727295">
        <ele>16.22</ele>
      </trkpt>
      <trkpt lat="52.39350914955139" lon="4.5987653732299805">
        <ele>17.03</ele>
      </trkpt>
      <trkpt lat="52.39335894584656" lon="4.598829746246338">
        <ele>17.76</ele>
      </trkpt>
      <trkpt lat="52.39277967251837" lon="4.598797559738159">
        <ele>18.35</ele>
      </trkpt>
      <trkpt lat="52.3926401976496" lon="4.598668813705444">
        <ele>18.95</ele>
      </trkpt>
      <trkpt lat="52.39257582463324" lon="4.598625898361206">
        <ele>19.49</ele>
      </trkpt>
      <trkpt lat="52.39257574081421" lon="4.598625898361206">
        <ele>19.93</ele>
      </trkpt>
      <trkpt lat="52.392243230715394" lon="4.598346948623657">
        <ele>20.36</ele>
      </trkpt>
      <trkpt lat="52.39224314689636" lon="4.598346948623657">
        <ele>20.68</ele>
      </trkpt>
      <trkpt lat="52.39163160324097" lon="4.597885608673096">
        <ele>20.78</ele>
      </trkpt>
      <trkpt lat="52.39157795906067" lon="4.597842693328857">
        <ele>20.96</ele>
      </trkpt>
      <trkpt lat="52.391202533617616" lon="4.597595930099487">
        <ele>21.14</ele>
      </trkpt>
      <trkpt lat="52.39115961827338" lon="4.5975422859191895">
        <ele>21.25</ele>
      </trkpt>
      <trkpt lat="52.39110589027405" lon="4.597231149673462">
        <ele>21.29</ele>
      </trkpt>
      <trkpt lat="52.3910737875849" lon="4.597177505493164">
        <ele>21.24</ele>
      </trkpt>
      <trkpt lat="52.39107370376587" lon="4.597177505493164">
        <ele>21.12</ele>
      </trkpt>
      <trkpt lat="52.39105224609375" lon="4.597145318984985">
        <ele>20.93</ele>
      </trkpt>
      <trkpt lat="52.39096641540527" lon="4.597134590148926">
        <ele>20.69</ele>
      </trkpt>
      <trkpt lat="52.390151023864746" lon="4.597102403640747">
        <ele>20.87</ele>
      </trkpt>
      <trkpt lat="52.388970935717225" lon="4.597434997558594">
        <ele>19.87</ele>
      </trkpt>
      <trkpt lat="52.38897085189819" lon="4.597434997558594">
        <ele>19.27</ele>
      </trkpt>
      <trkpt lat="52.3886597994715" lon="4.597488641738892">
        <ele>18.4</ele>
      </trkpt>
      <trkpt lat="52.388659715652466" lon="4.597488641738892">
        <ele>17.63</ele>
      </trkpt>
      <trkpt lat="52.388466596603394" lon="4.597606658935547">
        <ele>16.74</ele>
      </trkpt>
      <trkpt lat="52.38812327384949" lon="4.598153829574585">
        <ele>15.72</ele>
      </trkpt>
      <trkpt lat="52.38757610321045" lon="4.598754644393921">
        <ele>14.51</ele>
      </trkpt>
      <trkpt lat="52.38729723729193" lon="4.599012136459351">
        <ele>13.45</ele>
      </trkpt>
      <trkpt lat="52.38706111907959" lon="4.599237442016602">
        <ele>12.53</ele>
      </trkpt>
      <trkpt lat="52.38672852516174" lon="4.5996129512786865">
        <ele>11.8</ele>
      </trkpt>
      <trkpt lat="52.38656759262085" lon="4.599827527999878">
        <ele>10.95</ele>
      </trkpt>
      <trkpt lat="52.386417388916016" lon="4.600181579589844">
        <ele>9.97</ele>
      </trkpt>
      <trkpt lat="52.386192083358765" lon="4.601007699966431">
        <ele>9.06</ele>
      </trkpt>
      <trkpt lat="52.386159896850586" lon="4.601093530654907">
        <ele>8.4</ele>
      </trkpt>
      <trkpt lat="52.38612779416144" lon="4.601243734359741">
        <ele>7.81</ele>
      </trkpt>
      <trkpt lat="52.38609552383423" lon="4.601404666900635">
        <ele>7.24</ele>
      </trkpt>
      <trkpt lat="52.38611698150635" lon="4.601715803146362">
        <ele>6.82</ele>
      </trkpt>
      <trkpt lat="52.3860312346369" lon="4.6022093296051025">
        <ele>6.29</ele>
      </trkpt>
      <trkpt lat="52.38563418388367" lon="4.604119062423706">
        <ele>5.84</ele>
      </trkpt>
      <trkpt lat="52.3855269793421" lon="4.6041834354400635">
        <ele>5.49</ele>
      </trkpt>
      <trkpt lat="52.38552689552307" lon="4.6041834354400635">
        <ele>5.15</ele>
      </trkpt>
      <trkpt lat="52.385494792833924" lon="4.604215621948242">
        <ele>4.81</ele>
      </trkpt>
      <trkpt lat="52.385462606325746" lon="4.604226350784302">
        <ele>4.48</ele>
      </trkpt>
      <trkpt lat="52.38529086112976" lon="4.603754281997681">
        <ele>4.12</ele>
      </trkpt>
      <trkpt lat="52.385151386260986" lon="4.603421688079834">
        <ele>3.93</ele>
      </trkpt>
      <trkpt lat="52.384958267211914" lon="4.602541923522949">
        <ele>3.74</ele>
      </trkpt>
      <trkpt lat="52.3848831653595" lon="4.602305889129639">
        <ele>3.46</ele>
      </trkpt>
      <trkpt lat="52.3847758769989" lon="4.602080583572388">
        <ele>3.24</ele>
      </trkpt>
      <trkpt lat="52.38457202911377" lon="4.601747989654541">
        <ele>3.08</ele>
      </trkpt>
      <trkpt lat="52.38434672355652" lon="4.601479768753052">
        <ele>3.02</ele>
      </trkpt>
      <trkpt lat="52.38324165344238" lon="4.600557088851929">
        <ele>2.85</ele>
      </trkpt>
      <trkpt lat="52.38282322883606" lon="4.600235223770142">
        <ele>2.9</ele>
      </trkpt>
      <trkpt lat="52.38113888539374" lon="4.599977731704712">
        <ele>3.0</ele>
      </trkpt>
      <trkpt lat="52.38088130950928" lon="4.599945545196533">
        <ele>2.96</ele>
      </trkpt>
      <trkpt lat="52.38088139332831" lon="4.599945545196533">
        <ele>3.08</ele>
      </trkpt>
      <trkpt lat="52.379969358444214" lon="4.599806070327759">
        <ele>3.33</ele>
      </trkpt>
      <trkpt lat="52.37902530469" lon="4.599677324295044">
        <ele>3.46</ele>
      </trkpt>
      <trkpt lat="52.378960931673646" lon="4.599666595458984">
        <ele>3.76</ele>
      </trkpt>
      <trkpt lat="52.377469539642334" lon="4.599430561065674">
        <ele>4.02</ele>
      </trkpt>
      <trkpt lat="52.3772656917572" lon="4.599452018737793">
        <ele>4.53</ele>
      </trkpt>
      <trkpt lat="52.37714767456055" lon="4.599494934082031">
        <ele>5.13</ele>
      </trkpt>
      <trkpt lat="52.37710484303534" lon="4.599430561065674">
        <ele>5.8</ele>
      </trkpt>
      <trkpt lat="52.37706184387207" lon="4.599398374557495">
        <ele>6.5</ele>
      </trkpt>
      <trkpt lat="52.37690099515021" lon="4.5994627475738525">
        <ele>7.4</ele>
      </trkpt>
      <trkpt lat="52.37679362297058" lon="4.599484205245972">
        <ele>8.21</ele>
      </trkpt>
      <trkpt lat="52.376707792282104" lon="4.59951639175415">
        <ele>8.95</ele>
      </trkpt>
      <trkpt lat="52.37634301185608" lon="4.599698781967163">
        <ele>9.81</ele>
      </trkpt>
      <trkpt lat="52.37605333328247" lon="4.59977388381958">
        <ele>10.24</ele>
      </trkpt>
      <trkpt lat="52.375967502593994" lon="4.599827527999878">
        <ele>10.64</ele>
      </trkpt>
      <trkpt lat="52.3758602142334" lon="4.599870443344116">
        <ele>10.97</ele>
      </trkpt>
      <trkpt lat="52.37560272216797" lon="4.599902629852295">
        <ele>11.13</ele>
      </trkpt>
      <trkpt lat="52.37540968693793" lon="4.599967002868652">
        <ele>11.26</ele>
      </trkpt>
      <trkpt lat="52.37531312741339" lon="4.599977731704712">
        <ele>11.34</ele>
      </trkpt>
      <trkpt lat="52.37531304359436" lon="4.599977731704712">
        <ele>11.37</ele>
      </trkpt>
      <trkpt lat="52.37465858459473" lon="4.600224494934082">
        <ele>11.35</ele>
      </trkpt>
      <trkpt lat="52.3740900401026" lon="4.60052490234375">
        <ele>11.25</ele>
      </trkpt>
      <trkpt lat="52.37315654754639" lon="4.600900411605835">
        <ele>11.19</ele>
      </trkpt>
      <trkpt lat="52.37275958061218" lon="4.60101842880249">
        <ele>11.09</ele>
      </trkpt>
      <trkpt lat="52.37266310490668" lon="4.60101842880249">
        <ele>10.83</ele>
      </trkpt>
      <trkpt lat="52.37266302108765" lon="4.60101842880249">
        <ele>10.58</ele>
      </trkpt>
      <trkpt lat="52.37237342633307" lon="4.601007699966431">
        <ele>10.11</ele>
      </trkpt>
      <trkpt lat="52.37228759564459" lon="4.601007699966431">
        <ele>9.8</ele>
      </trkpt>
      <trkpt lat="52.37211593426764" lon="4.6010613441467285">
        <ele>9.48</ele>
      </trkpt>
      <trkpt lat="52.371997917070985" lon="4.6011364459991455">
        <ele>9.28</ele>
      </trkpt>
      <trkpt lat="52.37184762954712" lon="4.601233005523682">
        <ele>9.1</ele>
      </trkpt>
      <trkpt lat="52.37108596600592" lon="4.601372480392456">
        <ele>8.86</ele>
      </trkpt>
      <trkpt lat="52.37053871154785" lon="4.601447582244873">
        <ele>8.79</ele>
      </trkpt>
      <trkpt lat="52.37038850784302" lon="4.601415395736694">
        <ele>8.77</ele>
      </trkpt>
      <trkpt lat="52.36951947212219" lon="4.600975513458252">
        <ele>8.65</ele>
      </trkpt>
      <trkpt lat="52.369519555941224" lon="4.600975513458252">
        <ele>8.59</ele>
      </trkpt>
      <trkpt lat="52.368768537417054" lon="4.600589275360107">
        <ele>8.65</ele>
      </trkpt>
      <trkpt lat="52.36839302815497" lon="4.600385427474976">
        <ele>8.73</ele>
      </trkpt>
      <trkpt lat="52.36806035041809" lon="4.600203037261963">
        <ele>8.6</ele>
      </trkpt>
      <trkpt lat="52.36806043423712" lon="4.600203037261963">
        <ele>8.57</ele>
      </trkpt>
      <trkpt lat="52.36754536628723" lon="4.599934816360474">
        <ele>8.48</ele>
      </trkpt>
      <trkpt lat="52.36754545010626" lon="4.599934816360474">
        <ele>8.47</ele>
      </trkpt>
      <trkpt lat="52.367234313860536" lon="4.5998382568359375">
        <ele>8.32</ele>
      </trkpt>
      <trkpt lat="52.36688017845154" lon="4.599806070327759">
        <ele>8.24</ele>
      </trkpt>
      <trkpt lat="52.36516356468201" lon="4.5998382568359375">
        <ele>8.59</ele>
      </trkpt>
      <trkpt lat="52.364466190338135" lon="4.599881172180176">
        <ele>8.38</ele>
      </trkpt>
      <trkpt lat="52.36430525779724" lon="4.599859714508057">
        <ele>8.39</ele>
      </trkpt>
      <trkpt lat="52.36392983235419" lon="4.599720239639282">
        <ele>8.56</ele>
      </trkpt>
      <trkpt lat="52.36383318901062" lon="4.599677324295044">
        <ele>8.65</ele>
      </trkpt>
      <trkpt lat="52.36379027366638" lon="4.599645137786865">
        <ele>8.69</ele>
      </trkpt>
      <trkpt lat="52.363275373354554" lon="4.599441289901733">
        <ele>8.66</ele>
      </trkpt>
      <trkpt lat="52.36238479614258" lon="4.599119424819946">
        <ele>8.69</ele>
      </trkpt>
      <trkpt lat="52.36226677894592" lon="4.599140882492065">
        <ele>8.69</ele>
      </trkpt>
      <trkpt lat="52.36218103207648" lon="4.599108695983887">
        <ele>8.71</ele>
      </trkpt>
      <trkpt lat="52.36181625165045" lon="4.598958492279053">
        <ele>8.73</ele>
      </trkpt>
      <trkpt lat="52.361730420961976" lon="4.598926305770874">
        <ele>8.71</ele>
      </trkpt>
      <trkpt lat="52.361451387405396" lon="4.598819017410278">
        <ele>8.64</ele>
      </trkpt>
      <trkpt lat="52.36139782704413" lon="4.598829746246338">
        <ele>8.62</ele>
      </trkpt>
      <trkpt lat="52.36137636937201" lon="4.5986902713775635">
        <ele>8.72</ele>
      </trkpt>
      <trkpt lat="52.36127972602844" lon="4.598625898361206">
        <ele>8.77</ele>
      </trkpt>
      <trkpt lat="52.36125826835632" lon="4.598593711853027">
        <ele>8.84</ele>
      </trkpt>
      <trkpt lat="52.361226081848145" lon="4.5985400676727295">
        <ele>8.92</ele>
      </trkpt>
      <trkpt lat="52.361193895339966" lon="4.598422050476074">
        <ele>9.05</ele>
      </trkpt>
      <trkpt lat="52.36112960614264" lon="4.598443508148193">
        <ele>9.15</ele>
      </trkpt>
      <trkpt lat="52.36105442047119" lon="4.598454236984253">
        <ele>9.29</ele>
      </trkpt>
      <trkpt lat="52.36103296279907" lon="4.598507881164551">
        <ele>9.45</ele>
      </trkpt>
      <trkpt lat="52.360990047454834" lon="4.5985400676727295">
        <ele>9.65</ele>
      </trkpt>
      <trkpt lat="52.360936403274536" lon="4.5985400676727295">
        <ele>9.9</ele>
      </trkpt>
      <trkpt lat="52.360496520996094" lon="4.598454236984253">
        <ele>10.2</ele>
      </trkpt>
      <trkpt lat="52.360249757766724" lon="4.598250389099121">
        <ele>10.52</ele>
      </trkpt>
      <trkpt lat="52.35965967178345" lon="4.597445726394653">
        <ele>10.81</ele>
      </trkpt>
      <trkpt lat="52.35941290855408" lon="4.597220420837402">
        <ele>11.15</ele>
      </trkpt>
      <trkpt lat="52.359219789505005" lon="4.5970916748046875">
        <ele>11.78</ele>
      </trkpt>
      <trkpt lat="52.35839366912842" lon="4.596297740936279">
        <ele>12.29</ele>
      </trkpt>
      <trkpt lat="52.35807180404663" lon="4.596104621887207">
        <ele>12.65</ele>
      </trkpt>
      <trkpt lat="52.35787868499756" lon="4.595836400985718">
        <ele>13.19</ele>
      </trkpt>
      <trkpt lat="52.35712775029242" lon="4.594463109970093">
        <ele>13.57</ele>
      </trkpt>
      <trkpt lat="52.35712766647339" lon="4.594463109970093">
        <ele>13.94</ele>
      </trkpt>
      <trkpt lat="52.357041919603944" lon="4.594323635101318">
        <ele>14.34</ele>
      </trkpt>
      <trkpt lat="52.35654830932617" lon="4.5933473110198975">
        <ele>14.75</ele>
      </trkpt>
      <trkpt lat="52.356462478637695" lon="4.593250751495361">
        <ele>14.92</ele>
      </trkpt>
      <trkpt lat="52.35582956112921" lon="4.592102766036987">
        <ele>14.95</ele>
      </trkpt>
      <trkpt lat="52.355700731277466" lon="4.591845273971558">
        <ele>14.99</ele>
      </trkpt>
      <trkpt lat="52.35563635826111" lon="4.59179162979126">
        <ele>14.92</ele>
      </trkpt>
      <trkpt lat="52.35543251037598" lon="4.591437578201294">
        <ele>14.81</ele>
      </trkpt>
      <trkpt lat="52.35538959503174" lon="4.5912981033325195">
        <ele>14.52</ele>
      </trkpt>
      <trkpt lat="52.35526084899902" lon="4.591126441955566">
        <ele>14.13</ele>
      </trkpt>
      <trkpt lat="52.355185747146606" lon="4.590954780578613">
        <ele>13.76</ele>
      </trkpt>
      <trkpt lat="52.35453128814697" lon="4.5897746086120605">
        <ele>13.17</ele>
      </trkpt>
      <trkpt lat="52.35442408360541" lon="4.589592218399048">
        <ele>12.78</ele>
      </trkpt>
      <trkpt lat="52.35442399978638" lon="4.589592218399048">
        <ele>12.5</ele>
      </trkpt>
      <trkpt lat="52.35429525375366" lon="4.589345455169678">
        <ele>12.24</ele>
      </trkpt>
      <trkpt lat="52.354198694229126" lon="4.5892274379730225">
        <ele>12.06</ele>
      </trkpt>
      <trkpt lat="52.35411286354065" lon="4.58904504776001">
        <ele>11.84</ele>
      </trkpt>
      <trkpt lat="52.35408067703247" lon="4.588841199874878">
        <ele>11.57</ele>
      </trkpt>
      <trkpt lat="52.354027116671205" lon="4.588884115219116">
        <ele>11.45</ele>
      </trkpt>
      <trkpt lat="52.354005575180054" lon="4.588819742202759">
        <ele>11.3</ele>
      </trkpt>
      <trkpt lat="52.353951930999756" lon="4.588755369186401">
        <ele>11.2</ele>
      </trkpt>
      <trkpt lat="52.35386610031128" lon="4.588690996170044">
        <ele>11.15</ele>
      </trkpt>
      <trkpt lat="52.35381245613098" lon="4.588690996170044">
        <ele>11.12</ele>
      </trkpt>
      <trkpt lat="52.353726625442505" lon="4.588690996170044">
        <ele>11.08</ele>
      </trkpt>
      <trkpt lat="52.35305070877075" lon="4.588690996170044">
        <ele>10.99</ele>
      </trkpt>
      <trkpt lat="52.352761030197144" lon="4.588648080825806">
        <ele>10.46</ele>
      </trkpt>
      <trkpt lat="52.352574868127704" lon="4.588605081662536">
        <ele>10.5</ele>
      </trkpt>
      <trkpt lat="52.352574868127704" lon="4.5886048302054405">
        <ele>10.76</ele>
      </trkpt>
      <trkpt lat="52.352574951946735" lon="4.588604578748345">
        <ele>11.0</ele>
      </trkpt>
      <trkpt lat="52.352571515366435" lon="4.58860382437706">
        <ele>11.0</ele>
      </trkpt>
      <trkpt lat="52.35257746651769" lon="4.588535511866212">
        <ele>10.0</ele>
      </trkpt>
      <trkpt lat="52.352359956130385" lon="4.588519921526313">
        <ele>10.0</ele>
      </trkpt>
      <trkpt lat="52.35212995670736" lon="4.588459990918636">
        <ele>10.0</ele>
      </trkpt>
      <trkpt lat="52.351239966228604" lon="4.588139969855547">
        <ele>10.0</ele>
      </trkpt>
      <trkpt lat="52.35087996348739" lon="4.587999992072582">
        <ele>10.0</ele>
      </trkpt>
      <trkpt lat="52.350619956851006" lon="4.587869988754392">
        <ele>10.0</ele>
      </trkpt>
      <trkpt lat="52.35026992857456" lon="4.587699919939041">
        <ele>10.0</ele>
      </trkpt>
      <trkpt lat="52.35001998022199" lon="4.587569916620851">
        <ele>10.0</ele>
      </trkpt>
      <trkpt lat="52.34957993030548" lon="4.587409989908338">
        <ele>10.0</ele>
      </trkpt>
      <trkpt lat="52.34935998916626" lon="4.587389957159758">
        <ele>10.0</ele>
      </trkpt>
      <trkpt lat="52.34921992756426" lon="4.587389957159758">
        <ele>10.0</ele>
      </trkpt>
      <trkpt lat="52.34903996810317" lon="4.587439997121692">
        <ele>10.0</ele>
      </trkpt>
      <trkpt lat="52.34865993261337" lon="4.587579974904656">
        <ele>10.0</ele>
      </trkpt>
      <trkpt lat="52.34847997315228" lon="4.587569916620851">
        <ele>10.0</ele>
      </trkpt>
      <trkpt lat="52.348299929872155" lon="4.587539993226528">
        <ele>10.0</ele>
      </trkpt>
      <trkpt lat="52.34824997372925" lon="4.587499927729368">
        <ele>10.0</ele>
      </trkpt>
      <trkpt lat="52.348149977624416" lon="4.5873799826949835">
        <ele>10.0</ele>
      </trkpt>
      <trkpt lat="52.34779994934797" lon="4.586849994957447">
        <ele>10.0</ele>
      </trkpt>
      <trkpt lat="52.34763993881643" lon="4.586629969999194">
        <ele>9.0</ele>
      </trkpt>
      <trkpt lat="52.347459979355335" lon="4.5864499267190695">
        <ele>9.0</ele>
      </trkpt>
      <trkpt lat="52.34729996882379" lon="4.586299974471331">
        <ele>9.0</ele>
      </trkpt>
      <trkpt lat="52.34681993722916" lon="4.585989927873015">
        <ele>9.0</ele>
      </trkpt>
      <trkpt lat="52.346619945019484" lon="4.585919938981533">
        <ele>9.0</ele>
      </trkpt>
      <trkpt lat="52.34602994285524" lon="4.5856099762022495">
        <ele>9.0</ele>
      </trkpt>
      <trkpt lat="52.34578996896744" lon="4.585489947348833">
        <ele>8.0</ele>
      </trkpt>
      <trkpt lat="52.345569944009185" lon="4.585339995101094">
        <ele>8.0</ele>
      </trkpt>
      <trkpt lat="52.34477994963527" lon="4.585029948502779">
        <ele>8.0</ele>
      </trkpt>
      <trkpt lat="52.344409972429276" lon="4.584889970719814">
        <ele>8.0</ele>
      </trkpt>
      <trkpt lat="52.34402993693948" lon="4.58483993075788">
        <ele>8.0</ele>
      </trkpt>
      <trkpt lat="52.343659959733486" lon="4.584829956293106">
        <ele>8.0</ele>
      </trkpt>
      <trkpt lat="52.34331998974085" lon="4.584849989041686">
        <ele>8.0</ele>
      </trkpt>
      <trkpt lat="52.34316995367408" lon="4.5849299523979425">
        <ele>7.0</ele>
      </trkpt>
      <trkpt lat="52.34297993592918" lon="4.585189959034324">
        <ele>7.0</ele>
      </trkpt>
      <trkpt lat="52.34282998368144" lon="4.585419958457351">
        <ele>7.0</ele>
      </trkpt>
      <trkpt lat="52.34274993650615" lon="4.585489947348833">
        <ele>7.0</ele>
      </trkpt>
      <trkpt lat="52.34267994761467" lon="4.585509980097413">
        <ele>7.0</ele>
      </trkpt>
      <trkpt lat="52.342539969831705" lon="4.585499921813607">
        <ele>6.0</ele>
      </trkpt>
      <trkpt lat="52.34243997372687" lon="4.585459940135479">
        <ele>6.0</ele>
      </trkpt>
      <trkpt lat="52.34216999262571" lon="4.585169926285744">
        <ele>6.0</ele>
      </trkpt>
      <trkpt lat="52.34194996766746" lon="4.584919977933168">
        <ele>6.0</ele>
      </trkpt>
      <trkpt lat="52.341489968821406" lon="4.584459979087114">
        <ele>5.0</ele>
      </trkpt>
      <trkpt lat="52.341209929436445" lon="4.584179939702153">
        <ele>5.0</ele>
      </trkpt>
      <trkpt lat="52.34106995165348" lon="4.5840599946677685">
        <ele>5.0</ele>
      </trkpt>
      <trkpt lat="52.34084992669523" lon="4.583899984136224">
        <ele>5.0</ele>
      </trkpt>
      <trkpt lat="52.340629985556006" lon="4.583749948069453">
        <ele>5.0</ele>
      </trkpt>
      <trkpt lat="52.340089939534664" lon="4.583449959754944">
        <ele>5.0</ele>
      </trkpt>
      <trkpt lat="52.339639998972416" lon="4.583319956436753">
        <ele>4.0</ele>
      </trkpt>
      <trkpt lat="52.339379992336035" lon="4.583219960331917">
        <ele>4.0</ele>
      </trkpt>
      <trkpt lat="52.33885997906327" lon="4.582889964804053">
        <ele>4.0</ele>
      </trkpt>
      <trkpt lat="52.338689994066954" lon="4.582829950377345">
        <ele>4.0</ele>
      </trkpt>
      <trkpt lat="52.33837994746864" lon="4.582749987021089">
        <ele>4.0</ele>
      </trkpt>
      <trkpt lat="52.33779991976917" lon="4.582579918205738">
        <ele>4.0</ele>
      </trkpt>
      <trkpt lat="52.337169935926795" lon="4.582309937104583">
        <ele>4.0</ele>
      </trkpt>
      <trkpt lat="52.33684999868274" lon="4.582169959321618">
        <ele>4.0</ele>
      </trkpt>
      <trkpt lat="52.33515995554626" lon="4.581549949944019">
        <ele>4.0</ele>
      </trkpt>
      <trkpt lat="52.334739938378334" lon="4.581349957734346">
        <ele>4.0</ele>
      </trkpt>
      <trkpt lat="52.33427993953228" lon="4.581119958311319">
        <ele>4.0</ele>
      </trkpt>
      <trkpt lat="52.333389949053526" lon="4.580739922821522">
        <ele>3.0</ele>
      </trkpt>
      <trkpt lat="52.33240993693471" lon="4.580279923975468">
        <ele>3.0</ele>
      </trkpt>
      <trkpt lat="52.33145993202925" lon="4.579849932342768">
        <ele>3.0</ele>
      </trkpt>
      <trkpt lat="52.33130997978151" lon="4.579799976199865">
        <ele>3.0</ele>
      </trkpt>
      <trkpt lat="52.33113999478519" lon="4.5798099506646395">
        <ele>3.0</ele>
      </trkpt>
      <trkpt lat="52.33094997704029" lon="4.579889997839928">
        <ele>3.0</ele>
      </trkpt>
      <trkpt lat="52.33068997040391" lon="4.5800599828362465">
        <ele>3.0</ele>
      </trkpt>
      <trkpt lat="52.33053993433714" lon="4.580139946192503">
        <ele>3.0</ele>
      </trkpt>
      <trkpt lat="52.32999997213483" lon="4.580129971727729">
        <ele>3.0</ele>
      </trkpt>
      <trkpt lat="52.32978992164135" lon="4.580099964514375">
        <ele>2.0</ele>
      </trkpt>
      <trkpt lat="52.32939999550581" lon="4.580119997262955">
        <ele>2.0</ele>
      </trkpt>
      <trkpt lat="52.32898995280266" lon="4.580259975045919">
        <ele>2.0</ele>
      </trkpt>
      <trkpt lat="52.328549986705184" lon="4.580119997262955">
        <ele>3.0</ele>
      </trkpt>
      <trkpt lat="52.327589923515916" lon="4.579709954559803">
        <ele>3.0</ele>
      </trkpt>
      <trkpt lat="52.326899925246835" lon="4.579389933496714">
        <ele>3.0</ele>
      </trkpt>
      <trkpt lat="52.326659951359034" lon="4.579289937391877">
        <ele>3.0</ele>
      </trkpt>
      <trkpt lat="52.32657998800278" lon="4.579209974035621">
        <ele>3.0</ele>
      </trkpt>
      <trkpt lat="52.326299948617816" lon="4.578939992934465">
        <ele>3.0</ele>
      </trkpt>
      <trkpt lat="52.32619995251298" lon="4.578869920223951">
        <ele>3.0</ele>
      </trkpt>
      <trkpt lat="52.32619995251298" lon="4.578819964081049">
        <ele>4.0</ele>
      </trkpt>
      <trkpt lat="52.326169945299625" lon="4.578749975189567">
        <ele>4.0</ele>
      </trkpt>
      <trkpt lat="52.32611998915672" lon="4.5786999352276325">
        <ele>4.0</ele>
      </trkpt>
      <trkpt lat="52.32606994919479" lon="4.578679986298084">
        <ele>4.0</ele>
      </trkpt>
      <trkpt lat="52.32601999305189" lon="4.578709993511438">
        <ele>4.0</ele>
      </trkpt>
      <trkpt lat="52.32597992755473" lon="4.578769924119115">
        <ele>4.0</ele>
      </trkpt>
      <trkpt lat="52.32587993144989" lon="4.578759949654341">
        <ele>4.0</ele>
      </trkpt>
      <trkpt lat="52.325779935345054" lon="4.578739916905761">
        <ele>5.0</ele>
      </trkpt>
      <trkpt lat="52.32537995092571" lon="4.578799931332469">
        <ele>5.0</ele>
      </trkpt>
      <trkpt lat="52.32432994991541" lon="4.578399946913123">
        <ele>5.0</ele>
      </trkpt>
      <trkpt lat="52.323979921638966" lon="4.578269943594933">
        <ele>5.0</ele>
      </trkpt>
      <trkpt lat="52.32337994500995" lon="4.5780399441719055">
        <ele>5.0</ele>
      </trkpt>
      <trkpt lat="52.32293997891247" lon="4.5778299774974585">
        <ele>5.0</ele>
      </trkpt>
      <trkpt lat="52.32258995063603" lon="4.577669966965914">
        <ele>5.0</ele>
      </trkpt>
      <trkpt lat="52.321979999542236" lon="4.5773599203675985">
        <ele>5.0</ele>
      </trkpt>
      <trkpt lat="52.321809930726886" lon="4.577289931476116">
        <ele>5.0</ele>
      </trkpt>
      <trkpt lat="52.321379939094186" lon="4.5771699864417315">
        <ele>5.0</ele>
      </trkpt>
      <trkpt lat="52.32087995857" lon="4.577139979228377">
        <ele>5.0</ele>
      </trkpt>
      <trkpt lat="52.32076998800039" lon="4.5771299209445715">
        <ele>5.0</ele>
      </trkpt>
      <trkpt lat="52.31966994702816" lon="4.576559951528907">
        <ele>4.0</ele>
      </trkpt>
      <trkpt lat="52.319099977612495" lon="4.576269937679172">
        <ele>4.0</ele>
      </trkpt>
      <trkpt lat="52.31831995770335" lon="4.5758799277246">
        <ele>4.0</ele>
      </trkpt>
      <trkpt lat="52.31774998828769" lon="4.575239969417453">
        <ele>4.0</ele>
      </trkpt>
      <trkpt lat="52.31760992668569" lon="4.575089933350682">
        <ele>3.0</ele>
      </trkpt>
      <trkpt lat="52.317419992759824" lon="4.574909973889589">
        <ele>3.0</ele>
      </trkpt>
      <trkpt lat="52.31708999723196" lon="4.574709981679916">
        <ele>3.0</ele>
      </trkpt>
      <trkpt lat="52.31676997616887" lon="4.574539996683598">
        <ele>3.0</ele>
      </trkpt>
      <trkpt lat="52.31622993014753" lon="4.5743099972605705">
        <ele>2.0</ele>
      </trkpt>
      <trkpt lat="52.316029937937856" lon="4.574199942871928">
        <ele>2.0</ele>
      </trkpt>
      <trkpt lat="52.31583992019296" lon="4.574049990624189">
        <ele>2.0</ele>
      </trkpt>
      <trkpt lat="52.31571997515857" lon="4.573879921808839">
        <ele>1.0</ele>
      </trkpt>
      <trkpt lat="52.315599946305156" lon="4.573569959029555">
        <ele>1.0</ele>
      </trkpt>
      <trkpt lat="52.31452999636531" lon="4.570049978792667">
        <ele>1.0</ele>
      </trkpt>
      <trkpt lat="52.31423998251557" lon="4.5691499300301075">
        <ele>0.0</ele>
      </trkpt>
      <trkpt lat="52.31407997198403" lon="4.5687399711459875">
        <ele>0.0</ele>
      </trkpt>
      <trkpt lat="52.31383999809623" lon="4.568239990621805">
        <ele>0.0</ele>
      </trkpt>
      <trkpt lat="52.31371996924281" lon="4.567919969558716">
        <ele>0.0</ele>
      </trkpt>
      <trkpt lat="52.31373991817236" lon="4.567589974030852">
        <ele>0.0</ele>
      </trkpt>
      <trkpt lat="52.31379993259907" lon="4.567279927432537">
        <ele>0.0</ele>
      </trkpt>
      <trkpt lat="52.31392993591726" lon="4.566809954121709">
        <ele>0.0</ele>
      </trkpt>
      <trkpt lat="52.31416999362409" lon="4.565709996968508">
        <ele>0.0</ele>
      </trkpt>
      <trkpt lat="52.31439999304712" lon="4.5645099598914385">
        <ele>0.0</ele>
      </trkpt>
      <trkpt lat="52.31450996361673" lon="4.564099917188287">
        <ele>0.0</ele>
      </trkpt>
      <trkpt lat="52.314779944717884" lon="4.563279999420047">
        <ele>0.0</ele>
      </trkpt>
      <trkpt lat="52.31487994082272" lon="4.562879931181669">
        <ele>0.0</ele>
      </trkpt>
      <trkpt lat="52.314909948036075" lon="4.562459997832775">
        <ele>0.0</ele>
      </trkpt>
      <trkpt lat="52.314849933609366" lon="4.562139976769686">
        <ele>0.0</ele>
      </trkpt>
      <trkpt lat="52.314719930291176" lon="4.561809981241822">
        <ele>0.0</ele>
      </trkpt>
      <trkpt lat="52.31464994139969" lon="4.56169992685318">
        <ele>0.0</ele>
      </trkpt>
      <trkpt lat="52.314349953085184" lon="4.561379989609122">
        <ele>0.0</ele>
      </trkpt>
      <trkpt lat="52.31407997198403" lon="4.561109924688935">
        <ele>1.0</ele>
      </trkpt>
      <trkpt lat="52.31388995423913" lon="4.560899958014488">
        <ele>1.0</ele>
      </trkpt>
      <trkpt lat="52.31345996260643" lon="4.560349937528372">
        <ele>1.0</ele>
      </trkpt>
      <trkpt lat="52.3129899892956" lon="4.559759935364127">
        <ele>1.0</ele>
      </trkpt>
      <trkpt lat="52.31269997544587" lon="4.559469921514392">
        <ele>2.0</ele>
      </trkpt>
      <trkpt lat="52.31214995495975" lon="4.55898997373879">
        <ele>2.0</ele>
      </trkpt>
      <trkpt lat="52.31103993952274" lon="4.557819943875074">
        <ele>2.0</ele>
      </trkpt>
      <trkpt lat="52.31094991788268" lon="4.55767996609211">
        <ele>2.0</ele>
      </trkpt>
      <trkpt lat="52.31083994731307" lon="4.557519955560565">
        <ele>3.0</ele>
      </trkpt>
      <trkpt lat="52.310809940099716" lon="4.5574399922043085">
        <ele>3.0</ele>
      </trkpt>
      <trkpt lat="52.31076995842159" lon="4.5571899600327015">
        <ele>3.0</ele>
      </trkpt>
      <trkpt lat="52.31064992956817" lon="4.5571899600327015">
        <ele>3.0</ele>
      </trkpt>
      <trkpt lat="52.31036997400224" lon="4.5571699272841215">
        <ele>3.0</ele>
      </trkpt>
      <trkpt lat="52.3102099634707" lon="4.557049982249737">
        <ele>3.0</ele>
      </trkpt>
      <trkpt lat="52.30984996072948" lon="4.556729961186647">
        <ele>3.0</ele>
      </trkpt>
      <trkpt lat="52.30946992523968" lon="4.556249929592013">
        <ele>3.0</ele>
      </trkpt>
      <trkpt lat="52.30929994024336" lon="4.555989922955632">
        <ele>3.0</ele>
      </trkpt>
      <trkpt lat="52.30907999910414" lon="4.555659927427769">
        <ele>3.0</ele>
      </trkpt>
      <trkpt lat="52.308979919180274" lon="4.555469993501902">
        <ele>3.0</ele>
      </trkpt>
      <trkpt lat="52.308699963614345" lon="4.554769936949015">
        <ele>3.0</ele>
      </trkpt>
      <trkpt lat="52.30843995697796" lon="4.554319996386766">
        <ele>3.0</ele>
      </trkpt>
      <trkpt lat="52.308059921488166" lon="4.553729994222522">
        <ele>3.0</ele>
      </trkpt>
      <trkpt lat="52.30771995149553" lon="4.553259937092662">
        <ele>2.0</ele>
      </trkpt>
      <trkpt lat="52.30754996649921" lon="4.553049970418215">
        <ele>2.0</ele>
      </trkpt>
      <trkpt lat="52.307239919900894" lon="4.552729949355125">
        <ele>2.0</ele>
      </trkpt>
      <trkpt lat="52.306979997083545" lon="4.5525299571454525">
        <ele>2.0</ele>
      </trkpt>
      <trkpt lat="52.30644992552698" lon="4.552189987152815">
        <ele>2.0</ele>
      </trkpt>
      <trkpt lat="52.306229984387755" lon="4.552059983834624">
        <ele>2.0</ele>
      </trkpt>
      <trkpt lat="52.30580996721983" lon="4.551779944449663">
        <ele>2.0</ele>
      </trkpt>
      <trkpt lat="52.30552992783487" lon="4.551529996097088">
        <ele>2.0</ele>
      </trkpt>
      <trkpt lat="52.305349968373775" lon="4.551329920068383">
        <ele>2.0</ele>
      </trkpt>
      <trkpt lat="52.30505995452404" lon="4.5509799756109715">
        <ele>2.0</ele>
      </trkpt>
      <trkpt lat="52.30477999895811" lon="4.5505499839782715">
        <ele>1.0</ele>
      </trkpt>
      <trkpt lat="52.304599955677986" lon="4.550209930166602">
        <ele>1.0</ele>
      </trkpt>
      <trkpt lat="52.304449919611216" lon="4.549899967387319">
        <ele>1.0</ele>
      </trkpt>
      <trkpt lat="52.30426996015012" lon="4.549579946324229">
        <ele>1.0</ele>
      </trkpt>
      <trkpt lat="52.30408991687" lon="4.549289932474494">
        <ele>1.0</ele>
      </trkpt>
      <trkpt lat="52.30386997573078" lon="4.548969995230436">
        <ele>1.0</ele>
      </trkpt>
      <trkpt lat="52.303649950772524" lon="4.548579985275865">
        <ele>1.0</ele>
      </trkpt>
      <trkpt lat="52.30342992581427" lon="4.548229956999421">
        <ele>2.0</ele>
      </trkpt>
      <trkpt lat="52.30329992249608" lon="4.547979924827814">
        <ele>2.0</ele>
      </trkpt>
      <trkpt lat="52.303219959139824" lon="4.547759983688593">
        <ele>2.0</ele>
      </trkpt>
      <trkpt lat="52.30303999967873" lon="4.54712999984622">
        <ele>2.0</ele>
      </trkpt>
      <trkpt lat="52.302579917013645" lon="4.545579934492707">
        <ele>2.0</ele>
      </trkpt>
      <trkpt lat="52.30250992812216" lon="4.5452099572867155">
        <ele>2.0</ele>
      </trkpt>
      <trkpt lat="52.30250992812216" lon="4.544889936223626">
        <ele>2.0</ele>
      </trkpt>
      <trkpt lat="52.30253993533552" lon="4.544679969549179">
        <ele>2.0</ele>
      </trkpt>
      <trkpt lat="52.30331995524466" lon="4.541939925402403">
        <ele>3.0</ele>
      </trkpt>
      <trkpt lat="52.303629918023944" lon="4.540809961035848">
        <ele>3.0</ele>
      </trkpt>
      <trkpt lat="52.3036599252373" lon="4.540539979934692">
        <ele>3.0</ele>
      </trkpt>
      <trkpt lat="52.3036599252373" lon="4.540209984406829">
        <ele>3.0</ele>
      </trkpt>
      <trkpt lat="52.303609969094396" lon="4.539939919486642">
        <ele>3.0</ele>
      </trkpt>
      <trkpt lat="52.30351994745433" lon="4.5396799966692924">
        <ele>3.0</ele>
      </trkpt>
      <trkpt lat="52.30311996303499" lon="4.539089994505048">
        <ele>4.0</ele>
      </trkpt>
      <trkpt lat="52.30293991975486" lon="4.538879944011569">
        <ele>4.0</ele>
      </trkpt>
      <trkpt lat="52.30281997472048" lon="4.538759998977184">
        <ele>4.0</ele>
      </trkpt>
      <trkpt lat="52.3025599680841" lon="4.538499992340803">
        <ele>4.0</ele>
      </trkpt>
      <trkpt lat="52.30245997197926" lon="4.538359930738807">
        <ele>4.0</ele>
      </trkpt>
      <trkpt lat="52.302359975874424" lon="4.538199920207262">
        <ele>4.0</ele>
      </trkpt>
      <trkpt lat="52.30220993980765" lon="4.538029935210943">
        <ele>4.0</ele>
      </trkpt>
      <trkpt lat="52.30206996202469" lon="4.538429919630289">
        <ele>4.0</ele>
      </trkpt>
      <trkpt lat="52.3019399587065" lon="4.538849936798215">
        <ele>4.0</ele>
      </trkpt>
      <trkpt lat="52.30181992985308" lon="4.538779947906733">
        <ele>4.0</ele>
      </trkpt>
      <trkpt lat="52.30170995928347" lon="4.53872999176383">
        <ele>4.0</ele>
      </trkpt>
      <trkpt lat="52.30164994485676" lon="4.538609962910414">
        <ele>4.0</ele>
      </trkpt>
      <trkpt lat="52.301569981500506" lon="4.538379963487387">
        <ele>4.0</ele>
      </trkpt>
      <trkpt lat="52.301499992609024" lon="4.5380699168890715">
        <ele>5.0</ele>
      </trkpt>
      <trkpt lat="52.301459927111864" lon="4.537959946319461">
        <ele>5.0</ele>
      </trkpt>
      <trkpt lat="52.301159938797355" lon="4.537569936364889">
        <ele>5.0</ele>
      </trkpt>
      <trkpt lat="52.301009986549616" lon="4.537439933046699">
        <ele>5.0</ele>
      </trkpt>
      <trkpt lat="52.300879983231425" lon="4.53728998079896">
        <ele>5.0</ele>
      </trkpt>
      <trkpt lat="52.30051998049021" lon="4.536739960312843">
        <ele>5.0</ele>
      </trkpt>
      <trkpt lat="52.299979934468865" lon="4.5359599404037">
        <ele>5.0</ele>
      </trkpt>
      <trkpt lat="52.2991699911654" lon="4.534789994359016">
        <ele>5.0</ele>
      </trkpt>
      <trkpt lat="52.29864997789264" lon="4.534059930592775">
        <ele>4.0</ele>
      </trkpt>
      <trkpt lat="52.298429952934384" lon="4.533779975026846">
        <ele>4.0</ele>
      </trkpt>
      <trkpt lat="52.2977399546653" lon="4.533039936795831">
        <ele>4.0</ele>
      </trkpt>
      <trkpt lat="52.29667997919023" lon="4.5318899396806955">
        <ele>4.0</ele>
      </trkpt>
      <trkpt lat="52.29568999260664" lon="4.530469961464405">
        <ele>3.0</ele>
      </trkpt>
      <trkpt lat="52.2945299372077" lon="4.528739936649799">
        <ele>3.0</ele>
      </trkpt>
      <trkpt lat="52.29351991787553" lon="4.5274299290031195">
        <ele>3.0</ele>
      </trkpt>
      <trkpt lat="52.293079951778054" lon="4.5270199701189995">
        <ele>3.0</ele>
      </trkpt>
      <trkpt lat="52.292069932445884" lon="4.526189994066954">
        <ele>2.0</ele>
      </trkpt>
      <trkpt lat="52.291729962453246" lon="4.525949936360121">
        <ele>2.0</ele>
      </trkpt>
      <trkpt lat="52.29179995134473" lon="4.5256799552589655">
        <ele>2.0</ele>
      </trkpt>
      <trkpt lat="52.29164999909699" lon="4.525529919192195">
        <ele>2.0</ele>
      </trkpt>
      <trkpt lat="52.29150993749499" lon="4.52538994140923">
        <ele>2.0</ele>
      </trkpt>
      <trkpt lat="52.29155997745693" lon="4.525289945304394">
        <ele>1.0</ele>
      </trkpt>
      <trkpt lat="52.291599959135056" lon="4.525219956412911">
        <ele>1.0</ele>
      </trkpt>
      <trkpt lat="52.29164999909699" lon="4.525129934772849">
        <ele>1.0</ele>
      </trkpt>
      <trkpt lat="52.29169995523989" lon="4.525139993056655">
        <ele>2.0</ele>
      </trkpt>
      <trkpt lat="52.29173993691802" lon="4.525109985843301">
        <ele>2.0</ele>
      </trkpt>
      <trkpt lat="52.29183993302286" lon="4.524859953671694">
        <ele>2.0</ele>
      </trkpt>
      <trkpt lat="52.29192995466292" lon="4.524579998105764">
        <ele>2.0</ele>
      </trkpt>
      <trkpt lat="52.2919999435544" lon="4.524269951507449">
        <ele>2.0</ele>
      </trkpt>
      <trkpt lat="52.292049983516335" lon="4.523789919912815">
        <ele>2.0</ele>
      </trkpt>
      <trkpt lat="52.29209993965924" lon="4.523409968242049">
        <ele>3.0</ele>
      </trkpt>
      <trkpt lat="52.29212994687259" lon="4.523149961605668">
        <ele>3.0</ele>
      </trkpt>
      <trkpt lat="52.292219968512654" lon="4.523139987140894">
        <ele>3.0</ele>
      </trkpt>
      <trkpt lat="52.29233999736607" lon="4.523159936070442">
        <ele>4.0</ele>
      </trkpt>
      <trkpt lat="52.292349971830845" lon="4.522879980504513">
        <ele>4.0</ele>
      </trkpt>
      <trkpt lat="52.29238995350897" lon="4.522259971126914">
        <ele>4.0</ele>
      </trkpt>
      <trkpt lat="52.29239992797375" lon="4.521589921787381">
        <ele>5.0</ele>
      </trkpt>
      <trkpt lat="52.29239992797375" lon="4.520929930731654">
        <ele>5.0</ele>
      </trkpt>
      <trkpt lat="52.29250998236239" lon="4.519209964200854">
        <ele>5.0</ele>
      </trkpt>
      <trkpt lat="52.292589945718646" lon="4.518479984253645">
        <ele>5.0</ele>
      </trkpt>
      <trkpt lat="52.292759930714965" lon="4.517509946599603">
        <ele>6.0</ele>
      </trkpt>
      <trkpt lat="52.29287995956838" lon="4.517069980502129">
        <ele>6.0</ele>
      </trkpt>
      <trkpt lat="52.29306997731328" lon="4.516459945589304">
        <ele>6.0</ele>
      </trkpt>
      <trkpt lat="52.29321992956102" lon="4.5159299578517675">
        <ele>6.0</ele>
      </trkpt>
      <trkpt lat="52.29332998394966" lon="4.515299974009395">
        <ele>6.0</ele>
      </trkpt>
      <trkpt lat="52.2936199977994" lon="4.512399919331074">
        <ele>6.0</ele>
      </trkpt>
      <trkpt lat="52.2936699539423" lon="4.511709921061993">
        <ele>7.0</ele>
      </trkpt>
      <trkpt lat="52.29381999000907" lon="4.510989999398589">
        <ele>7.0</ele>
      </trkpt>
      <trkpt lat="52.29415996000171" lon="4.509819969534874">
        <ele>6.0</ele>
      </trkpt>
      <trkpt lat="52.29448995552957" lon="4.508979935199022">
        <ele>6.0</ele>
      </trkpt>
      <trkpt lat="52.294949954375625" lon="4.507939992472529">
        <ele>6.0</ele>
      </trkpt>
      <trkpt lat="52.29556996375322" lon="4.50671992264688">
        <ele>6.0</ele>
      </trkpt>
      <trkpt lat="52.29602996259928" lon="4.5059699937701225">
        <ele>6.0</ele>
      </trkpt>
      <trkpt lat="52.29603993706405" lon="4.505669921636581">
        <ele>6.0</ele>
      </trkpt>
      <trkpt lat="52.295659985393286" lon="4.504599971696734">
        <ele>5.0</ele>
      </trkpt>
      <trkpt lat="52.29364992119372" lon="4.499099934473634">
        <ele>5.0</ele>
      </trkpt>
      <trkpt lat="52.292799996212125" lon="4.496799940243363">
        <ele>5.0</ele>
      </trkpt>
      <trkpt lat="52.2922399174422" lon="4.495709957554936">
        <ele>5.0</ele>
      </trkpt>
      <trkpt lat="52.292179986834526" lon="4.49558992870152">
        <ele>4.0</ele>
      </trkpt>
      <trkpt lat="52.29182995855808" lon="4.495139988139272">
        <ele>4.0</ele>
      </trkpt>
      <trkpt lat="52.291469955816865" lon="4.494659956544638">
        <ele>3.0</ele>
      </trkpt>
      <trkpt lat="52.290889928117394" lon="4.494069954380393">
        <ele>3.0</ele>
      </trkpt>
      <trkpt lat="52.29068993590772" lon="4.4939199183136225">
        <ele>3.0</ele>
      </trkpt>
      <trkpt lat="52.29059999808669" lon="4.493829980492592">
        <ele>3.0</ele>
      </trkpt>
      <trkpt lat="52.28949995711446" lon="4.493149956688285">
        <ele>2.0</ele>
      </trkpt>
      <trkpt lat="52.28848993778229" lon="4.492529947310686">
        <ele>2.0</ele>
      </trkpt>
      <trkpt lat="52.28765996173024" lon="4.4919899851083755">
        <ele>2.0</ele>
      </trkpt>
      <trkpt lat="52.287429962307215" lon="4.491779934614897">
        <ele>2.0</ele>
      </trkpt>
      <trkpt lat="52.28717993013561" lon="4.491469971835613">
        <ele>2.0</ele>
      </trkpt>
      <trkpt lat="52.28688991628587" lon="4.491009972989559">
        <ele>2.0</ele>
      </trkpt>
      <trkpt lat="52.28674993850291" lon="4.490729933604598">
        <ele>2.0</ele>
      </trkpt>
      <trkpt lat="52.286659916862845" lon="4.490479985252023">
        <ele>2.0</ele>
      </trkpt>
      <trkpt lat="52.286439975723624" lon="4.489919990301132">
        <ele>3.0</ele>
      </trkpt>
      <trkpt lat="52.28575995191932" lon="4.48806993663311">
        <ele>3.0</ele>
      </trkpt>
      <trkpt lat="52.2856399230659" lon="4.487799955531955">
        <ele>4.0</ele>
      </trkpt>
      <trkpt lat="52.28552995249629" lon="4.487619996070862">
        <ele>4.0</ele>
      </trkpt>
      <trkpt lat="52.285259971395135" lon="4.48722998611629">
        <ele>5.0</ele>
      </trkpt>
      <trkpt lat="52.284679943695664" lon="4.486689940094948">
        <ele>6.0</ele>
      </trkpt>
      <trkpt lat="52.284079967066646" lon="4.486029949039221">
        <ele>6.0</ele>
      </trkpt>
      <trkpt lat="52.28352994658053" lon="4.485369957983494">
        <ele>7.0</ele>
      </trkpt>
      <trkpt lat="52.283259965479374" lon="4.48503996245563">
        <ele>8.0</ele>
      </trkpt>
      <trkpt lat="52.28290993720293" lon="4.484569989144802">
        <ele>9.0</ele>
      </trkpt>
      <trkpt lat="52.28227995336056" lon="4.483949979767203">
        <ele>10.0</ele>
      </trkpt>
      <trkpt lat="52.28187996894121" lon="4.483559969812632">
        <ele>11.0</ele>
      </trkpt>
      <trkpt lat="52.28129994124174" lon="4.482779949903488">
        <ele>12.0</ele>
      </trkpt>
      <trkpt lat="52.281609987840056" lon="4.481769930571318">
        <ele>13.0</ele>
      </trkpt>
      <trkpt lat="52.282019946724176" lon="4.480789918452501">
        <ele>14.0</ele>
      </trkpt>
      <trkpt lat="52.28211994282901" lon="4.480229923501611">
        <ele>14.0</ele>
      </trkpt>
      <trkpt lat="52.2820099722594" lon="4.479929935187101">
        <ele>15.0</ele>
      </trkpt>
      <trkpt lat="52.281889943405986" lon="4.479199955239892">
        <ele>15.0</ele>
      </trkpt>
      <trkpt lat="52.28178994730115" lon="4.478529989719391">
        <ele>16.0</ele>
      </trkpt>
      <trkpt lat="52.28174996562302" lon="4.478179961442947">
        <ele>16.0</ele>
      </trkpt>
      <trkpt lat="52.28173999115825" lon="4.47783999145031">
        <ele>16.0</ele>
      </trkpt>
      <trkpt lat="52.281779972836375" lon="4.477339927107096">
        <ele>16.0</ele>
      </trkpt>
      <trkpt lat="52.2818199545145" lon="4.477149993181229">
        <ele>16.0</ele>
      </trkpt>
      <trkpt lat="52.28189991787076" lon="4.47693994268775">
        <ele>15.0</ele>
      </trkpt>
      <trkpt lat="52.28202992118895" lon="4.476729976013303">
        <ele>15.0</ele>
      </trkpt>
      <trkpt lat="52.28223997168243" lon="4.476379947736859">
        <ele>15.0</ele>
      </trkpt>
      <trkpt lat="52.28254993446171" lon="4.4759999960660934">
        <ele>14.0</ele>
      </trkpt>
      <trkpt lat="52.282789992168546" lon="4.475579978898168">
        <ele>13.0</ele>
      </trkpt>
      <trkpt lat="52.28303994052112" lon="4.475059965625405">
        <ele>13.0</ele>
      </trkpt>
      <trkpt lat="52.283219983801246" lon="4.474589992314577">
        <ele>12.0</ele>
      </trkpt>
      <trkpt lat="52.28328997269273" lon="4.474289920181036">
        <ele>12.0</ele>
      </trkpt>
      <trkpt lat="52.283309921622276" lon="4.474029997363687">
        <ele>11.0</ele>
      </trkpt>
      <trkpt lat="52.283279998227954" lon="4.473849954083562">
        <ele>10.0</ele>
      </trkpt>
      <trkpt lat="52.2831099294126" lon="4.473579972982407">
        <ele>10.0</ele>
      </trkpt>
      <trkpt lat="52.28292996995151" lon="4.473249977454543">
        <ele>9.0</ele>
      </trkpt>
      <trkpt lat="52.282829973846674" lon="4.473129948601127">
        <ele>9.0</ele>
      </trkpt>
      <trkpt lat="52.282629981637" lon="4.47259996086359">
        <ele>8.0</ele>
      </trkpt>
      <trkpt lat="52.28234994225204" lon="4.471849948167801">
        <ele>8.0</ele>
      </trkpt>
      <trkpt lat="52.282099993899465" lon="4.471279978752136">
        <ele>7.0</ele>
      </trkpt>
      <trkpt lat="52.281779972836375" lon="4.470689976587892">
        <ele>7.0</ele>
      </trkpt>
      <trkpt lat="52.28154997341335" lon="4.470369955524802">
        <ele>7.0</ele>
      </trkpt>
      <trkpt lat="52.28109994903207" lon="4.469709964469075">
        <ele>6.0</ele>
      </trkpt>
      <trkpt lat="52.280469965189695" lon="4.468809999525547">
        <ele>6.0</ele>
      </trkpt>
      <trkpt lat="52.28000996634364" lon="4.468139950186014">
        <ele>6.0</ele>
      </trkpt>
      <trkpt lat="52.27957997471094" lon="4.467389937490225">
        <ele>6.0</ele>
      </trkpt>
      <trkpt lat="52.2794199641794" lon="4.467049967497587">
        <ele>6.0</ele>
      </trkpt>
      <trkpt lat="52.27905996143818" lon="4.465579949319363">
        <ele>6.0</ele>
      </trkpt>
      <trkpt lat="52.27832998149097" lon="4.464669926092029">
        <ele>6.0</ele>
      </trkpt>
      <trkpt lat="52.27765993215144" lon="4.463869957253337">
        <ele>6.0</ele>
      </trkpt>
      <trkpt lat="52.27716992609203" lon="4.463419932872057">
        <ele>6.0</ele>
      </trkpt>
      <trkpt lat="52.27649996057153" lon="4.462839988991618">
        <ele>6.0</ele>
      </trkpt>
      <trkpt lat="52.27603996172547" lon="4.462519967928529">
        <ele>6.0</ele>
      </trkpt>
      <trkpt lat="52.27550997398794" lon="4.462139932438731">
        <ele>6.0</ele>
      </trkpt>
      <trkpt lat="52.275399919599295" lon="4.462059969082475">
        <ele>6.0</ele>
      </trkpt>
      <trkpt lat="52.275009993463755" lon="4.46187992580235">
        <ele>7.0</ele>
      </trkpt>
      <trkpt lat="52.274449998512864" lon="4.461649926379323">
        <ele>7.0</ele>
      </trkpt>
      <trkpt lat="52.273399997502565" lon="4.461289923638105">
        <ele>7.0</ele>
      </trkpt>
      <trkpt lat="52.273139990866184" lon="4.461159920319915">
        <ele>7.0</ele>
      </trkpt>
      <trkpt lat="52.27304996922612" lon="4.461079956963658">
        <ele>7.0</ele>
      </trkpt>
      <trkpt lat="52.27254998870194" lon="4.460309995338321">
        <ele>8.0</ele>
      </trkpt>
      <trkpt lat="52.271789917722344" lon="4.4590899255126715">
        <ele>8.0</ele>
      </trkpt>
      <trkpt lat="52.271323297172785" lon="4.458590615540743">
        <ele>8.0</ele>
      </trkpt>
      <trkpt lat="52.27132354862988" lon="4.458590866997838">
        <ele>8.0</ele>
      </trkpt>
      <trkpt lat="52.271285159513354" lon="4.4585497956722975">
        <ele>8.0</ele>
      </trkpt>
      <trkpt lat="52.27121994830668" lon="4.4584799744188786">
        <ele>8.0</ele>
      </trkpt>
      <trkpt lat="52.270629946142435" lon="4.4578399322927">
        <ele>8.0</ele>
      </trkpt>
      <trkpt lat="52.27027991786599" lon="4.4575899839401245">
        <ele>8.0</ele>
      </trkpt>
      <trkpt lat="52.26998998783529" lon="4.457509936764836">
        <ele>8.0</ele>
      </trkpt>
      <trkpt lat="52.26949998177588" lon="4.457329977303743">
        <ele>8.0</ele>
      </trkpt>
      <trkpt lat="52.26887997239828" lon="4.4571099523454905">
        <ele>8.0</ele>
      </trkpt>
      <trkpt lat="52.268029963597655" lon="4.456379972398281">
        <ele>9.0</ele>
      </trkpt>
      <trkpt lat="52.26721993647516" lon="4.4556899741292">
        <ele>9.0</ele>
      </trkpt>
      <trkpt lat="52.2668999992311" lon="4.455479923635721">
        <ele>9.0</ele>
      </trkpt>
      <trkpt lat="52.265559984371066" lon="4.454589933156967">
        <ele>9.0</ele>
      </trkpt>
      <trkpt lat="52.26485992781818" lon="4.454119959846139">
        <ele>9.0</ele>
      </trkpt>
      <trkpt lat="52.263799952343106" lon="4.453539932146668">
        <ele>9.0</ele>
      </trkpt>
      <trkpt lat="52.26357992738485" lon="4.45336994715035">
        <ele>9.0</ele>
      </trkpt>
      <trkpt lat="52.263429975137115" lon="4.453209936618805">
        <ele>9.0</ele>
      </trkpt>
      <trkpt lat="52.263279939070344" lon="4.452889999374747">
        <ele>8.0</ele>
      </trkpt>
      <trkpt lat="52.2630699723959" lon="4.452419942244887">
        <ele>8.0</ele>
      </trkpt>
      <trkpt lat="52.262789933010936" lon="4.451689962297678">
        <ele>9.0</ele>
      </trkpt>
      <trkpt lat="52.2626399807632" lon="4.451389973983169">
        <ele>9.0</ele>
      </trkpt>
      <trkpt lat="52.26238994859159" lon="4.450919916853309">
        <ele>9.0</ele>
      </trkpt>
      <trkpt lat="52.2620699275285" lon="4.450439969077706">
        <ele>9.0</ele>
      </trkpt>
      <trkpt lat="52.26186993531883" lon="4.450149955227971">
        <ele>9.0</ele>
      </trkpt>
      <trkpt lat="52.26154999807477" lon="4.449529945850372">
        <ele>9.0</ele>
      </trkpt>
      <trkpt lat="52.26076997816563" lon="4.447929924353957">
        <ele>9.0</ele>
      </trkpt>
      <trkpt lat="52.26046998985112" lon="4.447849960997701">
        <ele>9.0</ele>
      </trkpt>
      <trkpt lat="52.26025993935764" lon="4.447909975424409">
        <ele>9.0</ele>
      </trkpt>
      <trkpt lat="52.2599699255079" lon="4.44816998206079">
        <ele>9.0</ele>
      </trkpt>
      <trkpt lat="52.25989993661642" lon="4.4475899543613195">
        <ele>9.0</ele>
      </trkpt>
      <trkpt lat="52.25988996215165" lon="4.447449976578355">
        <ele>9.0</ele>
      </trkpt>
      <trkpt lat="52.259929943829775" lon="4.447039933875203">
        <ele>9.0</ele>
      </trkpt>
      <trkpt lat="52.2599699255079" lon="4.446609942242503">
        <ele>9.0</ele>
      </trkpt>
      <trkpt lat="52.25998995825648" lon="4.44511997513473">
        <ele>9.0</ele>
      </trkpt>
      <trkpt lat="52.2582499589771" lon="4.443829916417599">
        <ele>9.0</ele>
      </trkpt>
      <trkpt lat="52.256659995764494" lon="4.4426799193024635">
        <ele>9.0</ele>
      </trkpt>
      <trkpt lat="52.25615993142128" lon="4.442379930987954">
        <ele>9.0</ele>
      </trkpt>
      <trkpt lat="52.25600997917354" lon="4.442279934883118">
        <ele>9.0</ele>
      </trkpt>
      <trkpt lat="52.255829935893416" lon="4.442119924351573">
        <ele>9.0</ele>
      </trkpt>
      <trkpt lat="52.255569929257035" lon="4.441889924928546">
        <ele>9.0</ele>
      </trkpt>
      <trkpt lat="52.25518997758627" lon="4.441519947722554">
        <ele>9.0</ele>
      </trkpt>
      <trkpt lat="52.25463995710015" lon="4.440909996628761">
        <ele>9.0</ele>
      </trkpt>
      <trkpt lat="52.25407996214926" lon="4.4402899872511625">
        <ele>9.0</ele>
      </trkpt>
      <trkpt lat="52.253439920023084" lon="4.439489934593439">
        <ele>9.0</ele>
      </trkpt>
      <trkpt lat="52.253289967775345" lon="4.4393399823457">
        <ele>9.0</ele>
      </trkpt>
      <trkpt lat="52.25291999056935" lon="4.439049968495965">
        <ele>8.0</ele>
      </trkpt>
      <trkpt lat="52.25241992622614" lon="4.43873992189765">
        <ele>8.0</ele>
      </trkpt>
      <trkpt lat="52.25235999561846" lon="4.438709998503327">
        <ele>8.0</ele>
      </trkpt>
      <trkpt lat="52.252149945124984" lon="4.4384899735450745">
        <ele>8.0</ele>
      </trkpt>
      <trkpt lat="52.25193997845054" lon="4.438259974122047">
        <ele>8.0</ele>
      </trkpt>
      <trkpt lat="52.2514599468559" lon="4.437949927523732">
        <ele>8.0</ele>
      </trkpt>
      <trkpt lat="52.2509799990803" lon="4.437259929254651">
        <ele>8.0</ele>
      </trkpt>
      <trkpt lat="52.250839937478304" lon="4.43701995536685">
        <ele>8.0</ele>
      </trkpt>
      <trkpt lat="52.2503599897027" lon="4.43615997210145">
        <ele>8.0</ele>
      </trkpt>
      <trkpt lat="52.249999986961484" lon="4.435739954933524">
        <ele>8.0</ele>
      </trkpt>
      <trkpt lat="52.24968994036317" lon="4.435349944978952">
        <ele>8.0</ele>
      </trkpt>
      <trkpt lat="52.24946999922395" lon="4.435109971091151">
        <ele>8.0</ele>
      </trkpt>
      <trkpt lat="52.24902994930744" lon="4.4347199611365795">
        <ele>8.0</ele>
      </trkpt>
      <trkpt lat="52.249039923772216" lon="4.434539917856455">
        <ele>8.0</ele>
      </trkpt>
      <trkpt lat="52.24906993098557" lon="4.43441997282207">
        <ele>8.0</ele>
      </trkpt>
      <trkpt lat="52.249209992587566" lon="4.433959973976016">
        <ele>8.0</ele>
      </trkpt>
      <trkpt lat="52.24902994930744" lon="4.4338299706578255">
        <ele>8.0</ele>
      </trkpt>
      <trkpt lat="52.24732993170619" lon="4.432409992441535">
        <ele>8.0</ele>
      </trkpt>
      <trkpt lat="52.2463399451226" lon="4.431439954787493">
        <ele>8.0</ele>
      </trkpt>
      <trkpt lat="52.24484997801483" lon="4.429999943822622">
        <ele>8.0</ele>
      </trkpt>
      <trkpt lat="52.243749937042594" lon="4.428879953920841">
        <ele>8.0</ele>
      </trkpt>
      <trkpt lat="52.24354994483292" lon="4.428659928962588">
        <ele>8.0</ele>
      </trkpt>
      <trkpt lat="52.24345992319286" lon="4.42861994728446">
        <ele>8.0</ele>
      </trkpt>
      <trkpt lat="52.24339999258518" lon="4.42863998003304">
        <ele>8.0</ele>
      </trkpt>
      <trkpt lat="52.24328993819654" lon="4.428839972242713">
        <ele>9.0</ele>
      </trkpt>
      <trkpt lat="52.2431899420917" lon="4.429179942235351">
        <ele>9.0</ele>
      </trkpt>
      <trkpt lat="52.243169993162155" lon="4.429349927231669">
        <ele>9.0</ele>
      </trkpt>
      <trkpt lat="52.24310997873545" lon="4.429359985515475">
        <ele>9.0</ele>
      </trkpt>
      <trkpt lat="52.24296991713345" lon="4.429409941658378">
        <ele>10.0</ele>
      </trkpt>
      <trkpt lat="52.24280999042094" lon="4.429529970511794">
        <ele>10.0</ele>
      </trkpt>
      <trkpt lat="52.24273991771042" lon="4.429599959403276">
        <ele>10.0</ele>
      </trkpt>
      <trkpt lat="52.24246993660927" lon="4.429839933291078">
        <ele>11.0</ele>
      </trkpt>
      <trkpt lat="52.24233993329108" lon="4.429969936609268">
        <ele>11.0</ele>
      </trkpt>
      <trkpt lat="52.242269944399595" lon="4.429989969357848">
        <ele>12.0</ele>
      </trkpt>
      <trkpt lat="52.241839952766895" lon="4.430349972099066">
        <ele>12.0</ele>
      </trkpt>
      <trkpt lat="52.24169997498393" lon="4.430529931560159">
        <ele>13.0</ele>
      </trkpt>
      <trkpt lat="52.241559997200966" lon="4.4307199493050575">
        <ele>14.0</ele>
      </trkpt>
      <trkpt lat="52.24148992449045" lon="4.430539989843965">
        <ele>14.0</ele>
      </trkpt>
      <trkpt lat="52.24137995392084" lon="4.430299932137132">
        <ele>15.0</ele>
      </trkpt>
      <trkpt lat="52.241279957816005" lon="4.430149979889393">
        <ele>16.0</ele>
      </trkpt>
      <trkpt lat="52.24096999503672" lon="4.429609933868051">
        <ele>16.0</ele>
      </trkpt>
      <trkpt lat="52.24080998450518" lon="4.429299971088767">
        <ele>17.0</ele>
      </trkpt>
      <trkpt lat="52.24072993732989" lon="4.429109953343868">
        <ele>17.0</ele>
      </trkpt>
      <trkpt lat="52.24023993127048" lon="4.427519990131259">
        <ele>18.0</ele>
      </trkpt>
      <trkpt lat="52.24014999344945" lon="4.4271699618548155">
        <ele>19.0</ele>
      </trkpt>
      <trkpt lat="52.24006994627416" lon="4.426659923046827">
        <ele>19.0</ele>
      </trkpt>
      <trkpt lat="52.24005997180939" lon="4.42646998912096">
        <ele>19.0</ele>
      </trkpt>
      <trkpt lat="52.23995997570455" lon="4.42633998580277">
        <ele>19.0</ele>
      </trkpt>
      <trkpt lat="52.239089934155345" lon="4.425619980320334">
        <ele>19.0</ele>
      </trkpt>
      <trkpt lat="52.23737994208932" lon="4.42416999489069">
        <ele>19.0</ele>
      </trkpt>
      <trkpt lat="52.23558998666704" lon="4.422609955072403">
        <ele>19.0</ele>
      </trkpt>
      <trkpt lat="52.23432993516326" lon="4.42154997959733">
        <ele>19.0</ele>
      </trkpt>
      <trkpt lat="52.23383992910385" lon="4.421109929680824">
        <ele>19.0</ele>
      </trkpt>
      <trkpt lat="52.2333799302578" lon="4.420659989118576">
        <ele>18.0</ele>
      </trkpt>
      <trkpt lat="52.23323995247483" lon="4.420449938625097">
        <ele>18.0</ele>
      </trkpt>
      <trkpt lat="52.23308991640806" lon="4.4202799536287785">
        <ele>18.0</ele>
      </trkpt>
      <trkpt lat="52.232899982482195" lon="4.420119943097234">
        <ele>18.0</ele>
      </trkpt>
      <trkpt lat="52.23266998305917" lon="4.419939983636141">
        <ele>17.0</ele>
      </trkpt>
      <trkpt lat="52.2325199469924" lon="4.41980998031795">
        <ele>17.0</ele>
      </trkpt>
      <trkpt lat="52.23245993256569" lon="4.419729933142662">
        <ele>17.0</ele>
      </trkpt>
      <trkpt lat="52.23223999142647" lon="4.419499933719635">
        <ele>16.0</ele>
      </trkpt>
      <trkpt lat="52.23209992982447" lon="4.419389963150024">
        <ele>16.0</ele>
      </trkpt>
      <trkpt lat="52.23180999979377" lon="4.41922995261848">
        <ele>16.0</ele>
      </trkpt>
      <trkpt lat="52.231719978153706" lon="4.4191899709403515">
        <ele>16.0</ele>
      </trkpt>
      <trkpt lat="52.23164998926222" lon="4.419109923765063">
        <ele>16.0</ele>
      </trkpt>
      <trkpt lat="52.23142996430397" lon="4.4189599715173244">
        <ele>16.0</ele>
      </trkpt>
      <trkpt lat="52.23121999762952" lon="4.418849917128682">
        <ele>16.0</ele>
      </trkpt>
      <trkpt lat="52.231119917705655" lon="4.418769953772426">
        <ele>17.0</ele>
      </trkpt>
      <trkpt lat="52.23092998377979" lon="4.418549928814173">
        <ele>17.0</ele>
      </trkpt>
      <trkpt lat="52.23078992217779" lon="4.418459990993142">
        <ele>17.0</ele>
      </trkpt>
      <trkpt lat="52.23058992996812" lon="4.418269973248243">
        <ele>17.0</ele>
      </trkpt>
      <trkpt lat="52.23039999604225" lon="4.418019941076636">
        <ele>18.0</ele>
      </trkpt>
      <trkpt lat="52.230299999937415" lon="4.41793997772038">
        <ele>18.0</ele>
      </trkpt>
      <trkpt lat="52.23021995276213" lon="4.417819948866963">
        <ele>18.0</ele>
      </trkpt>
      <trkpt lat="52.23005994223058" lon="4.4176199566572905">
        <ele>19.0</ele>
      </trkpt>
      <trkpt lat="52.22992993891239" lon="4.417569916695356">
        <ele>19.0</ele>
      </trkpt>
      <trkpt lat="52.22983991727233" lon="4.417589949443936">
        <ele>19.0</ele>
      </trkpt>
      <trkpt lat="52.22981996834278" lon="4.4176199566572905">
        <ele>20.0</ele>
      </trkpt>
      <trkpt lat="52.22975995391607" lon="4.417729927226901">
        <ele>20.0</ele>
      </trkpt>
      <trkpt lat="52.22964998334646" lon="4.418029999360442">
        <ele>20.0</ele>
      </trkpt>
      <trkpt lat="52.2296099178493" lon="4.418109962716699">
        <ele>21.0</ele>
      </trkpt>
      <trkpt lat="52.2295599617064" lon="4.418149944394827">
        <ele>21.0</ele>
      </trkpt>
      <trkpt lat="52.22948997281492" lon="4.418139969930053">
        <ele>21.0</ele>
      </trkpt>
      <trkpt lat="52.22943993285298" lon="4.4180999882519245">
        <ele>21.0</ele>
      </trkpt>
      <trkpt lat="52.229399951174855" lon="4.418029999360442">
        <ele>21.0</ele>
      </trkpt>
      <trkpt lat="52.229139944538474" lon="4.41763998940587">
        <ele>21.0</ele>
      </trkpt>
      <trkpt lat="52.22887993790209" lon="4.417289961129427">
        <ele>20.0</ele>
      </trkpt>
      <trkpt lat="52.22859998233616" lon="4.417109917849302">
        <ele>20.0</ele>
      </trkpt>
      <trkpt lat="52.228219946846366" lon="4.4169399328529835">
        <ele>20.0</ele>
      </trkpt>
      <trkpt lat="52.22804996185005" lon="4.416829962283373">
        <ele>20.0</ele>
      </trkpt>
      <trkpt lat="52.22785994410515" lon="4.416649919003248">
        <ele>20.0</ele>
      </trkpt>
      <trkpt lat="52.2276499774307" lon="4.416429977864027">
        <ele>19.0</ele>
      </trkpt>
      <trkpt lat="52.227549981325865" lon="4.4162999745458364">
        <ele>19.0</ele>
      </trkpt>
      <trkpt lat="52.2274599596858" lon="4.416189920157194">
        <ele>19.0</ele>
      </trkpt>
      <trkpt lat="52.22725996747613" lon="4.416039967909455">
        <ele>18.0</ele>
      </trkpt>
      <trkpt lat="52.22719995304942" lon="4.416009960696101">
        <ele>18.0</ele>
      </trkpt>
      <trkpt lat="52.22661992534995" lon="4.415889931842685">
        <ele>17.0</ele>
      </trkpt>
      <trkpt lat="52.22650995478034" lon="4.415839975699782">
        <ele>17.0</ele>
      </trkpt>
      <trkpt lat="52.226429991424084" lon="4.415789935737848">
        <ele>17.0</ele>
      </trkpt>
      <trkpt lat="52.226029923185706" lon="4.4154399912804365">
        <ele>16.0</ele>
      </trkpt>
      <trkpt lat="52.22541997209191" lon="4.41443994641304">
        <ele>16.0</ele>
      </trkpt>
      <trkpt lat="52.224929966032505" lon="4.4138699769973755">
        <ele>16.0</ele>
      </trkpt>
      <trkpt lat="52.22480993717909" lon="4.413769980892539">
        <ele>15.0</ele>
      </trkpt>
      <trkpt lat="52.22458999603987" lon="4.413589937612414">
        <ele>15.0</ele>
      </trkpt>
      <trkpt lat="52.224329989403486" lon="4.4134399853646755">
        <ele>15.0</ele>
      </trkpt>
      <trkpt lat="52.22396998666227" lon="4.413279974833131">
        <ele>15.0</ele>
      </trkpt>
      <trkpt lat="52.22334997728467" lon="4.412749987095594">
        <ele>15.0</ele>
      </trkpt>
      <trkpt lat="52.222439954057336" lon="4.411919927224517">
        <ele>15.0</ele>
      </trkpt>
      <trkpt lat="52.22160997800529" lon="4.411109983921051">
        <ele>14.0</ele>
      </trkpt>
      <trkpt lat="52.2210499830544" lon="4.410499949008226">
        <ele>14.0</ele>
      </trkpt>
      <trkpt lat="52.22022998146713" lon="4.409489929676056">
        <ele>14.0</ele>
      </trkpt>
      <trkpt lat="52.22001993097365" lon="4.409199999645352">
        <ele>14.0</ele>
      </trkpt>
      <trkpt lat="52.21978993155062" lon="4.408949967473745">
        <ele>14.0</ele>
      </trkpt>
      <trkpt lat="52.21951995044947" lon="4.408719968050718">
        <ele>14.0</ele>
      </trkpt>
      <trkpt lat="52.21932993270457" lon="4.408619971945882">
        <ele>14.0</ele>
      </trkpt>
      <trkpt lat="52.21921996213496" lon="4.408599939197302">
        <ele>14.0</ele>
      </trkpt>
      <trkpt lat="52.21905995160341" lon="4.40865995362401">
        <ele>14.0</ele>
      </trkpt>
      <trkpt lat="52.21878997050226" lon="4.408809989690781">
        <ele>14.0</ele>
      </trkpt>
      <trkpt lat="52.21867999993265" lon="4.408819964155555">
        <ele>14.0</ele>
      </trkpt>
      <trkpt lat="52.21859995275736" lon="4.408799931406975">
        <ele>14.0</ele>
      </trkpt>
      <trkpt lat="52.21847992390394" lon="4.408669928088784">
        <ele>14.0</ele>
      </trkpt>
      <trkpt lat="52.21831999719143" lon="4.408339932560921">
        <ele>14.0</ele>
      </trkpt>
      <trkpt lat="52.21822997555137" lon="4.408089984208345">
        <ele>14.0</ele>
      </trkpt>
      <trkpt lat="52.21803995780647" lon="4.407589919865131">
        <ele>14.0</ele>
      </trkpt>
      <trkpt lat="52.217949936166406" lon="4.407419934868813">
        <ele>13.0</ele>
      </trkpt>
      <trkpt lat="52.21773996949196" lon="4.4071899354457855">
        <ele>13.0</ele>
      </trkpt>
      <trkpt lat="52.217389941215515" lon="4.4069799687713385">
        <ele>13.0</ele>
      </trkpt>
      <trkpt lat="52.217149967327714" lon="4.406709987670183">
        <ele>13.0</ele>
      </trkpt>
      <trkpt lat="52.216979982331395" lon="4.40650999546051">
        <ele>13.0</ele>
      </trkpt>
      <trkpt lat="52.216659961268306" lon="4.406079920008779">
        <ele>13.0</ele>
      </trkpt>
      <trkpt lat="52.21653993241489" lon="4.405949916690588">
        <ele>13.0</ele>
      </trkpt>
      <trkpt lat="52.21632996574044" lon="4.405769957229495">
        <ele>13.0</ele>
      </trkpt>
      <trkpt lat="52.21588999964297" lon="4.405569965019822">
        <ele>13.0</ele>
      </trkpt>
      <trkpt lat="52.21517996862531" lon="4.405099991708994">
        <ele>13.0</ele>
      </trkpt>
      <trkpt lat="52.2151199541986" lon="4.405039977282286">
        <ele>13.0</ele>
      </trkpt>
      <trkpt lat="52.2150699980557" lon="4.4049599301069975">
        <ele>13.0</ele>
      </trkpt>
      <trkpt lat="52.214679988101125" lon="4.404339920729399">
        <ele>13.0</ele>
      </trkpt>
      <trkpt lat="52.21443993039429" lon="4.404039932414889">
        <ele>13.0</ele>
      </trkpt>
      <trkpt lat="52.2142599709332" lon="4.403879921883345">
        <ele>13.0</ele>
      </trkpt>
      <trkpt lat="52.2140699531883" lon="4.403769951313734">
        <ele>13.0</ele>
      </trkpt>
      <trkpt lat="52.213969957083464" lon="4.40373994410038">
        <ele>13.0</ele>
      </trkpt>
      <trkpt lat="52.213779939338565" lon="4.403669955208898">
        <ele>13.0</ele>
      </trkpt>
      <trkpt lat="52.21371992491186" lon="4.403619999065995">
        <ele>13.0</ele>
      </trkpt>
      <trkpt lat="52.21359997987747" lon="4.403479937463999">
        <ele>12.0</ele>
      </trkpt>
      <trkpt lat="52.213479951024055" lon="4.40332998521626">
        <ele>12.0</ele>
      </trkpt>
      <trkpt lat="52.21332999877632" lon="4.403199981898069">
        <ele>12.0</ele>
      </trkpt>
      <trkpt lat="52.213219944387674" lon="4.403139967471361">
        <ele>12.0</ele>
      </trkpt>
      <trkpt lat="52.21309999935329" lon="4.403099985793233">
        <ele>11.0</ele>
      </trkpt>
      <trkpt lat="52.21264997497201" lon="4.402989931404591">
        <ele>11.0</ele>
      </trkpt>
      <trkpt lat="52.21257998608053" lon="4.4029799569398165">
        <ele>11.0</ele>
      </trkpt>
      <trkpt lat="52.21249993890524" lon="4.403049945831299">
        <ele>11.0</ele>
      </trkpt>
      <trkpt lat="52.21241997554898" lon="4.403079953044653">
        <ele>11.0</ele>
      </trkpt>
      <trkpt lat="52.21236993558705" lon="4.403079953044653">
        <ele>10.0</ele>
      </trkpt>
      <trkpt lat="52.21230992116034" lon="4.403219930827618">
        <ele>10.0</ele>
      </trkpt>
      <trkpt lat="52.212249990552664" lon="4.4032099563628435">
        <ele>10.0</ele>
      </trkpt>
      <trkpt lat="52.21206994727254" lon="4.402929916977882">
        <ele>10.0</ele>
      </trkpt>
      <trkpt lat="52.21155999228358" lon="4.4024299364537">
        <ele>10.0</ele>
      </trkpt>
      <trkpt lat="52.21144993789494" lon="4.4023199658840895">
        <ele>10.0</ele>
      </trkpt>
      <trkpt lat="52.2112999856472" lon="4.402079991996288">
        <ele>10.0</ele>
      </trkpt>
      <trkpt lat="52.211159924045205" lon="4.401649916544557">
        <ele>10.0</ele>
      </trkpt>
      <trkpt lat="52.210939982905984" lon="4.401269964873791">
        <ele>10.0</ele>
      </trkpt>
      <trkpt lat="52.210149988532066" lon="4.399979989975691">
        <ele>10.0</ele>
      </trkpt>
      <trkpt lat="52.210039934143424" lon="4.39980992116034">
        <ele>10.0</ele>
      </trkpt>
      <trkpt lat="52.20979996025562" lon="4.399559972807765">
        <ele>10.0</ele>
      </trkpt>
      <trkpt lat="52.20935999415815" lon="4.399159988388419">
        <ele>10.0</ele>
      </trkpt>
      <trkpt lat="52.20953995361924" lon="4.39853997901082">
        <ele>10.0</ele>
      </trkpt>
      <trkpt lat="52.209569960832596" lon="4.398399917408824">
        <ele>10.0</ele>
      </trkpt>
      <trkpt lat="52.209569960832596" lon="4.398269997909665">
        <ele>10.0</ele>
      </trkpt>
      <trkpt lat="52.20951992087066" lon="4.39797998405993">
        <ele>10.0</ele>
      </trkpt>
      <trkpt lat="52.20948999747634" lon="4.3978899624198675">
        <ele>10.0</ele>
      </trkpt>
      <trkpt lat="52.20935999415815" lon="4.397729951888323">
        <ele>10.0</ele>
      </trkpt>
      <trkpt lat="52.20881994813681" lon="4.397349916398525">
        <ele>10.0</ele>
      </trkpt>
      <trkpt lat="52.20807999372482" lon="4.396759998053312">
        <ele>9.0</ele>
      </trkpt>
      <trkpt lat="52.20766995102167" lon="4.396399995312095">
        <ele>9.0</ele>
      </trkpt>
      <trkpt lat="52.20690996386111" lon="4.395749978721142">
        <ele>9.0</ele>
      </trkpt>
      <trkpt lat="52.20630998723209" lon="4.395259972661734">
        <ele>9.0</ele>
      </trkpt>
      <trkpt lat="52.20566994510591" lon="4.394679944962263">
        <ele>8.0</ele>
      </trkpt>
      <trkpt lat="52.205379931256175" lon="4.39436998218298">
        <ele>8.0</ele>
      </trkpt>
      <trkpt lat="52.20491993241012" lon="4.393769921734929">
        <ele>8.0</ele>
      </trkpt>
      <trkpt lat="52.20480996184051" lon="4.393669925630093">
        <ele>8.0</ele>
      </trkpt>
      <trkpt lat="52.20476998016238" lon="4.393649976700544">
        <ele>8.0</ele>
      </trkpt>
      <trkpt lat="52.20449999906123" lon="4.393609995022416">
        <ele>8.0</ele>
      </trkpt>
      <trkpt lat="52.20375996083021" lon="4.392959978431463">
        <ele>7.0</ele>
      </trkpt>
      <trkpt lat="52.20308999530971" lon="4.3923399690538645">
        <ele>7.0</ele>
      </trkpt>
      <trkpt lat="52.202989999204874" lon="4.3921999912709">
        <ele>7.0</ele>
      </trkpt>
      <trkpt lat="52.2028399631381" lon="4.392079962417483">
        <ele>7.0</ele>
      </trkpt>
      <trkpt lat="52.202609963715076" lon="4.391959933564067">
        <ele>7.0</ele>
      </trkpt>
      <trkpt lat="52.20233998261392" lon="4.39185993745923">
        <ele>8.0</ele>
      </trkpt>
      <trkpt lat="52.201489973813295" lon="4.391239928081632">
        <ele>8.0</ele>
      </trkpt>
      <trkpt lat="52.200719928368926" lon="4.390599969774485">
        <ele>8.0</ele>
      </trkpt>
      <trkpt lat="52.20054994337261" lon="4.390369970351458">
        <ele>8.0</ele>
      </trkpt>
      <trkpt lat="52.200069995597005" lon="4.389699921011925">
        <ele>9.0</ele>
      </trkpt>
      <trkpt lat="52.19977998174727" lon="4.389279987663031">
        <ele>9.0</ele>
      </trkpt>
      <trkpt lat="52.198179960250854" lon="4.38781994394958">
        <ele>9.0</ele>
      </trkpt>
      <trkpt lat="52.196739949285984" lon="4.386459980159998">
        <ele>9.0</ele>
      </trkpt>
      <trkpt lat="52.196569964289665" lon="4.386299969628453">
        <ele>10.0</ele>
      </trkpt>
      <trkpt lat="52.19655998982489" lon="4.386259987950325">
        <ele>10.0</ele>
      </trkpt>
      <trkpt lat="52.19610996544361" lon="4.385689934715629">
        <ele>10.0</ele>
      </trkpt>
      <trkpt lat="52.19605992548168" lon="4.38562992028892">
        <ele>10.0</ele>
      </trkpt>
      <trkpt lat="52.19602991826832" lon="4.385619945824146">
        <ele>10.0</ele>
      </trkpt>
      <trkpt lat="52.19597996212542" lon="4.385619945824146">
        <ele>10.0</ele>
      </trkpt>
      <trkpt lat="52.19591994769871" lon="4.3856799602508545">
        <ele>10.0</ele>
      </trkpt>
      <trkpt lat="52.195899998769164" lon="4.385739974677563">
        <ele>10.0</ele>
      </trkpt>
      <trkpt lat="52.19577996991575" lon="4.3859299924224615">
        <ele>10.0</ele>
      </trkpt>
      <trkpt lat="52.195729929953814" lon="4.386059995740652">
        <ele>10.0</ele>
      </trkpt>
      <trkpt lat="52.195429941639304" lon="4.38695996068418">
        <ele>10.0</ele>
      </trkpt>
      <trkpt lat="52.19535995274782" lon="4.386899946257472">
        <ele>10.0</ele>
      </trkpt>
      <trkpt lat="52.195319971069694" lon="4.386929953470826">
        <ele>9.0</ele>
      </trkpt>
      <trkpt lat="52.195299938321114" lon="4.3869999423623085">
        <ele>9.0</ele>
      </trkpt>
      <trkpt lat="52.19528996385634" lon="4.387029949575663">
        <ele>9.0</ele>
      </trkpt>
      <trkpt lat="52.195259956642985" lon="4.387029949575663">
        <ele>8.0</ele>
      </trkpt>
      <trkpt lat="52.195239923894405" lon="4.3870199751108885">
        <ele>8.0</ele>
      </trkpt>
      <trkpt lat="52.19509994611144" lon="4.3869999423623085">
        <ele>8.0</ele>
      </trkpt>
      <trkpt lat="52.19477992504835" lon="4.38697999343276">
        <ele>7.0</ele>
      </trkpt>
      <trkpt lat="52.19470993615687" lon="4.386949986219406">
        <ele>7.0</ele>
      </trkpt>
      <trkpt lat="52.19462997280061" lon="4.386879997327924">
        <ele>7.0</ele>
      </trkpt>
      <trkpt lat="52.19434993341565" lon="4.386559976264834">
        <ele>7.0</ele>
      </trkpt>
      <trkpt lat="52.19414994120598" lon="4.386389991268516">
        <ele>7.0</ele>
      </trkpt>
      <trkpt lat="52.193969981744885" lon="4.386309944093227">
        <ele>7.0</ele>
      </trkpt>
      <trkpt lat="52.19382992014289" lon="4.386269962415099">
        <ele>7.0</ele>
      </trkpt>
      <trkpt lat="52.193389954045415" lon="4.386209947988391">
        <ele>7.0</ele>
      </trkpt>
      <trkpt lat="52.193269925192" lon="4.3861599918454885">
        <ele>7.0</ele>
      </trkpt>
      <trkpt lat="52.19320999458432" lon="4.386119926348329">
        <ele>8.0</ele>
      </trkpt>
      <trkpt lat="52.193069932982326" lon="4.385899985209107">
        <ele>8.0</ele>
      </trkpt>
      <trkpt lat="52.192699955776334" lon="4.385149972513318">
        <ele>9.0</ele>
      </trkpt>
      <trkpt lat="52.19246995635331" lon="4.384759962558746">
        <ele>9.0</ele>
      </trkpt>
      <trkpt lat="52.192269964143634" lon="4.384539937600493">
        <ele>10.0</ele>
      </trkpt>
      <trkpt lat="52.19213996082544" lon="4.384519988670945">
        <ele>10.0</ele>
      </trkpt>
      <trkpt lat="52.19205999746919" lon="4.384469948709011">
        <ele>11.0</ele>
      </trkpt>
      <trkpt lat="52.19202999025583" lon="4.384419992566109">
        <ele>11.0</ele>
      </trkpt>
      <trkpt lat="52.19200995750725" lon="4.384309938177466">
        <ele>12.0</ele>
      </trkpt>
      <trkpt lat="52.19198992475867" lon="4.384049931541085">
        <ele>13.0</ele>
      </trkpt>
      <trkpt lat="52.191889928653836" lon="4.383809957653284">
        <ele>13.0</ele>
      </trkpt>
      <trkpt lat="52.19168993644416" lon="4.383439980447292">
        <ele>14.0</ele>
      </trkpt>
      <trkpt lat="52.19125994481146" lon="4.382759956642985">
        <ele>14.0</ele>
      </trkpt>
      <trkpt lat="52.191109992563725" lon="4.382579997181892">
        <ele>15.0</ele>
      </trkpt>
      <trkpt lat="52.19096993096173" lon="4.382459968328476">
        <ele>15.0</ele>
      </trkpt>
      <trkpt lat="52.19084998592734" lon="4.382299957796931">
        <ele>15.0</ele>
      </trkpt>
      <trkpt lat="52.190659968182445" lon="4.381919922307134">
        <ele>16.0</ele>
      </trkpt>
      <trkpt lat="52.190449917688966" lon="4.3814499489963055">
        <ele>16.0</ele>
      </trkpt>
      <trkpt lat="52.1902599837631" lon="4.381149960681796">
        <ele>16.0</ele>
      </trkpt>
      <trkpt lat="52.18996996991336" lon="4.380759950727224">
        <ele>16.0</ele>
      </trkpt>
      <trkpt lat="52.189759919419885" lon="4.3805699329823256">
        <ele>16.0</ele>
      </trkpt>
      <trkpt lat="52.18956998549402" lon="4.380429955199361">
        <ele>16.0</ele>
      </trkpt>
      <trkpt lat="52.18931995332241" lon="4.38027991913259">
        <ele>16.0</ele>
      </trkpt>
      <trkpt lat="52.189199924468994" lon="4.380229962989688">
        <ele>16.0</ele>
      </trkpt>
      <trkpt lat="52.18897998332977" lon="4.38018998131156">
        <ele>16.0</ele>
      </trkpt>
      <trkpt lat="52.188599947839975" lon="4.380149999633431">
        <ele>15.0</ele>
      </trkpt>
      <trkpt lat="52.18845997005701" lon="4.380059977993369">
        <ele>15.0</ele>
      </trkpt>
      <trkpt lat="52.188169956207275" lon="4.3797199241817">
        <ele>15.0</ele>
      </trkpt>
      <trkpt lat="52.18804992735386" lon="4.379559997469187">
        <ele>14.0</ele>
      </trkpt>
      <trkpt lat="52.18797993846238" lon="4.379409961402416">
        <ele>14.0</ele>
      </trkpt>
      <trkpt lat="52.18769998289645" lon="4.378869999200106">
        <ele>14.0</ele>
      </trkpt>
      <trkpt lat="52.18744995072484" lon="4.378479989245534">
        <ele>13.0</ele>
      </trkpt>
      <trkpt lat="52.18726999126375" lon="4.378269938752055">
        <ele>13.0</ele>
      </trkpt>
      <trkpt lat="52.186919962987304" lon="4.378059972077608">
        <ele>12.0</ele>
      </trkpt>
      <trkpt lat="52.186599941924214" lon="4.377799965441227">
        <ele>12.0</ele>
      </trkpt>
      <trkpt lat="52.186189983040094" lon="4.377389922738075">
        <ele>12.0</ele>
      </trkpt>
      <trkpt lat="52.18587993644178" lon="4.3770199455320835">
        <ele>11.0</ele>
      </trkpt>
      <trkpt lat="52.18555999919772" lon="4.376679975539446">
        <ele>11.0</ele>
      </trkpt>
      <trkpt lat="52.18540996313095" lon="4.376559946686029">
        <ele>11.0</ele>
      </trkpt>
      <trkpt lat="52.18516998924315" lon="4.376409994438291">
        <ele>11.0</ele>
      </trkpt>
      <trkpt lat="52.18478995375335" lon="4.376209918409586">
        <ele>11.0</ele>
      </trkpt>
      <trkpt lat="52.184409918263555" lon="4.376079998910427">
        <ele>10.0</ele>
      </trkpt>
      <trkpt lat="52.18426994048059" lon="4.376039933413267">
        <ele>10.0</ele>
      </trkpt>
      <trkpt lat="52.184149995446205" lon="4.375969944521785">
        <ele>10.0</ele>
      </trkpt>
      <trkpt lat="52.1837099455297" lon="4.375669956207275">
        <ele>10.0</ele>
      </trkpt>
      <trkpt lat="52.183489920571446" lon="4.375499971210957">
        <ele>10.0</ele>
      </trkpt>
      <trkpt lat="52.18317995779216" lon="4.375179950147867">
        <ele>10.0</ele>
      </trkpt>
      <trkpt lat="52.18288994394243" lon="4.374899994581938">
        <ele>10.0</ele>
      </trkpt>
      <trkpt lat="52.18276999890804" lon="4.374799998477101">
        <ele>9.0</ele>
      </trkpt>
      <trkpt lat="52.18262993730605" lon="4.374729925766587">
        <ele>9.0</ele>
      </trkpt>
      <trkpt lat="52.18239993788302" lon="4.374669995158911">
        <ele>9.0</ele>
      </trkpt>
      <trkpt lat="52.181959971785545" lon="4.37449992634356">
        <ele>9.0</ele>
      </trkpt>
      <trkpt lat="52.18172997236252" lon="4.3743799813091755">
        <ele>9.0</ele>
      </trkpt>
      <trkpt lat="52.181569961830974" lon="4.374239919707179">
        <ele>9.0</ele>
      </trkpt>
      <trkpt lat="52.18145999126136" lon="4.374119974672794">
        <ele>8.0</ele>
      </trkpt>
      <trkpt lat="52.18132998794317" lon="4.373899949714541">
        <ele>8.0</ele>
      </trkpt>
      <trkpt lat="52.18116997741163" lon="4.373549921438098">
        <ele>8.0</ele>
      </trkpt>
      <trkpt lat="52.1809899341315" lon="4.3728099670261145">
        <ele>8.0</ele>
      </trkpt>
      <trkpt lat="52.18087996356189" lon="4.372469997033477">
        <ele>8.0</ele>
      </trkpt>
      <trkpt lat="52.18078994192183" lon="4.372259946539998">
        <ele>7.0</ele>
      </trkpt>
      <trkpt lat="52.18065993860364" lon="4.372059954330325">
        <ele>7.0</ele>
      </trkpt>
      <trkpt lat="52.18046992085874" lon="4.37189994379878">
        <ele>7.0</ele>
      </trkpt>
      <trkpt lat="52.18018996529281" lon="4.3717199843376875">
        <ele>7.0</ele>
      </trkpt>
      <trkpt lat="52.1800799947232" lon="4.3716799188405275">
        <ele>7.0</ele>
      </trkpt>
      <trkpt lat="52.179979998618364" lon="4.3716799188405275">
        <ele>7.0</ele>
      </trkpt>
      <trkpt lat="52.179879918694496" lon="4.371739933267236">
        <ele>7.0</ele>
      </trkpt>
      <trkpt lat="52.17983993701637" lon="4.371749991551042">
        <ele>6.0</ele>
      </trkpt>
      <trkpt lat="52.17974999919534" lon="4.371709926053882">
        <ele>6.0</ele>
      </trkpt>
      <trkpt lat="52.17962997034192" lon="4.371639937162399">
        <ele>6.0</ele>
      </trkpt>
      <trkpt lat="52.179509941488504" lon="4.371549999341369">
        <ele>6.0</ele>
      </trkpt>
      <trkpt lat="52.179319923743606" lon="4.371349923312664">
        <ele>6.0</ele>
      </trkpt>
      <trkpt lat="52.17898992821574" lon="4.370879950001836">
        <ele>6.0</ele>
      </trkpt>
      <trkpt lat="52.17885992489755" lon="4.370649950578809">
        <ele>6.0</ele>
      </trkpt>
      <trkpt lat="52.17868993990123" lon="4.370389943942428">
        <ele>6.0</ele>
      </trkpt>
      <trkpt lat="52.178459940478206" lon="4.370169918984175">
        <ele>6.0</ele>
      </trkpt>
      <trkpt lat="52.178199933841825" lon="4.370019966736436">
        <ele>6.0</ele>
      </trkpt>
      <trkpt lat="52.17780992388725" lon="4.369829948991537">
        <ele>6.0</ele>
      </trkpt>
      <trkpt lat="52.177659971639514" lon="4.369729952886701">
        <ele>6.0</ele>
      </trkpt>
      <trkpt lat="52.17732997611165" lon="4.369439939036965">
        <ele>6.0</ele>
      </trkpt>
      <trkpt lat="52.17704993672669" lon="4.369229972362518">
        <ele>7.0</ele>
      </trkpt>
      <trkpt lat="52.17657996341586" lon="4.368929984048009">
        <ele>7.0</ele>
      </trkpt>
      <trkpt lat="52.17644996009767" lon="4.368869969621301">
        <ele>7.0</ele>
      </trkpt>
      <trkpt lat="52.176309982314706" lon="4.368859995156527">
        <ele>7.0</ele>
      </trkpt>
      <trkpt lat="52.175409933552146" lon="4.369079936295748">
        <ele>7.0</ele>
      </trkpt>
      <trkpt lat="52.17507993802428" lon="4.369139950722456">
        <ele>8.0</ele>
      </trkpt>
      <trkpt lat="52.174849938601255" lon="4.369159983471036">
        <ele>8.0</ele>
      </trkpt>
      <trkpt lat="52.17469998635352" lon="4.369159983471036">
        <ele>8.0</ele>
      </trkpt>
      <trkpt lat="52.17448993586004" lon="4.369129976257682">
        <ele>8.0</ele>
      </trkpt>
      <trkpt lat="52.17440997250378" lon="4.369089994579554">
        <ele>9.0</ele>
      </trkpt>
      <trkpt lat="52.17427996918559" lon="4.368959991261363">
        <ele>9.0</ele>
      </trkpt>
      <trkpt lat="52.17392994090915" lon="4.368369989097118">
        <ele>9.0</ele>
      </trkpt>
      <trkpt lat="52.1737199742347" lon="4.368119956925511">
        <ele>9.0</ele>
      </trkpt>
      <trkpt lat="52.1733399387449" lon="4.367759954184294">
        <ele>9.0</ele>
      </trkpt>
      <trkpt lat="52.17317992821336" lon="4.367419984191656">
        <ele>9.0</ele>
      </trkpt>
      <trkpt lat="52.17307993210852" lon="4.367139944806695">
        <ele>9.0</ele>
      </trkpt>
      <trkpt lat="52.17305998317897" lon="4.366909945383668">
        <ele>9.0</ele>
      </trkpt>
      <trkpt lat="52.17303014360368" lon="4.366651531308889">
        <ele>9.0</ele>
      </trkpt>
      <trkpt lat="52.17303190380335" lon="4.366651112213731">
        <ele>9.13</ele>
      </trkpt>
      <trkpt lat="52.17303156852722" lon="4.366647005081177">
        <ele>9.15</ele>
      </trkpt>
      <trkpt lat="52.172967195510864" lon="4.366486072540283">
        <ele>9.2</ele>
      </trkpt>
      <trkpt lat="52.172924280166626" lon="4.366421699523926">
        <ele>9.27</ele>
      </trkpt>
      <trkpt lat="52.17288136482239" lon="4.366400241851807">
        <ele>9.34</ele>
      </trkpt>
      <trkpt lat="52.172430753707886" lon="4.3663787841796875">
        <ele>9.17</ele>
      </trkpt>
      <trkpt lat="52.17235565185547" lon="4.366292953491211">
        <ele>9.25</ele>
      </trkpt>
      <trkpt lat="52.171947956085205" lon="4.365745782852173">
        <ele>9.49</ele>
      </trkpt>
      <trkpt lat="52.17186212539673" lon="4.365606307983398">
        <ele>9.7</ele>
      </trkpt>
      <trkpt lat="52.17180848121643" lon="4.365488290786743">
        <ele>9.98</ele>
      </trkpt>
      <trkpt lat="52.171669006347656" lon="4.364951848983765">
        <ele>10.6</ele>
      </trkpt>
      <trkpt lat="52.17162609100342" lon="4.364844560623169">
        <ele>10.99</ele>
      </trkpt>
      <trkpt lat="52.1714973449707" lon="4.364640712738037">
        <ele>11.34</ele>
      </trkpt>
      <trkpt lat="52.17133641242981" lon="4.364490509033203">
        <ele>11.6</ele>
      </trkpt>
      <trkpt lat="52.17088580131531" lon="4.364179372787476">
        <ele>11.74</ele>
      </trkpt>
      <trkpt lat="52.170681953430176" lon="4.363964796066284">
        <ele>11.83</ele>
      </trkpt>
      <trkpt lat="52.170456647872925" lon="4.363621473312378">
        <ele>12.01</ele>
      </trkpt>
      <trkpt lat="52.17030644416809" lon="4.363492727279663">
        <ele>12.12</ele>
      </trkpt>
      <trkpt lat="52.17024207115173" lon="4.363460540771484">
        <ele>12.17</ele>
      </trkpt>
      <trkpt lat="52.170166969299316" lon="4.363460540771484">
        <ele>12.16</ele>
      </trkpt>
      <trkpt lat="52.16999530792236" lon="4.363524913787842">
        <ele>12.1</ele>
      </trkpt>
      <trkpt lat="52.169920206069946" lon="4.363514184951782">
        <ele>12.03</ele>
      </trkpt>
      <trkpt lat="52.16979146003723" lon="4.3632566928863525">
        <ele>11.97</ele>
      </trkpt>
      <trkpt lat="52.169716358184814" lon="4.363042116165161">
        <ele>11.84</ele>
      </trkpt>
      <trkpt lat="52.169716442003846" lon="4.363042116165161">
        <ele>11.71</ele>
      </trkpt>
      <trkpt lat="52.16957688331604" lon="4.362655878067017">
        <ele>11.63</ele>
      </trkpt>
      <trkpt lat="52.16929793357849" lon="4.3620765209198">
        <ele>11.41</ele>
      </trkpt>
      <trkpt lat="52.169029712677" lon="4.361464977264404">
        <ele>11.23</ele>
      </trkpt>
      <trkpt lat="52.168954610824585" lon="4.361368417739868">
        <ele>11.12</ele>
      </trkpt>
      <trkpt lat="52.168697118759155" lon="4.361239671707153">
        <ele>11.03</ele>
      </trkpt>
      <trkpt lat="52.16862201690674" lon="4.361143112182617">
        <ele>11.04</ele>
      </trkpt>
      <trkpt lat="52.16813921928406" lon="4.360188245773315">
        <ele>11.18</ele>
      </trkpt>
      <trkpt lat="52.167710065841675" lon="4.359608888626099">
        <ele>11.46</ele>
      </trkpt>
      <trkpt lat="52.16727018356323" lon="4.35907244682312">
        <ele>11.7</ele>
      </trkpt>
      <trkpt lat="52.16680884361267" lon="4.35832142829895">
        <ele>11.74</ele>
      </trkpt>
      <trkpt lat="52.166690826416016" lon="4.358171224594116">
        <ele>12.0</ele>
      </trkpt>
      <trkpt lat="52.16664791107178" lon="4.3581390380859375">
        <ele>12.27</ele>
      </trkpt>
      <trkpt lat="52.16658362187445" lon="4.358117580413818">
        <ele>12.59</ele>
      </trkpt>
      <trkpt lat="52.16652989387512" lon="4.358149766921997">
        <ele>12.94</ele>
      </trkpt>
      <trkpt lat="52.166465520858765" lon="4.358224868774414">
        <ele>13.33</ele>
      </trkpt>
      <trkpt lat="52.16641187667847" lon="4.35833215713501">
        <ele>13.76</ele>
      </trkpt>
      <trkpt lat="52.16637969017029" lon="4.358686208724976">
        <ele>14.18</ele>
      </trkpt>
      <trkpt lat="52.16634750366211" lon="4.359447956085205">
        <ele>14.53</ele>
      </trkpt>
      <trkpt lat="52.16631531715393" lon="4.359598159790039">
        <ele>14.98</ele>
      </trkpt>
      <trkpt lat="52.165961265563965" lon="4.360949993133545">
        <ele>15.78</ele>
      </trkpt>
      <trkpt lat="52.165725231170654" lon="4.361550807952881">
        <ele>16.48</ele>
      </trkpt>
      <trkpt lat="52.16565012931824" lon="4.361668825149536">
        <ele>17.08</ele>
      </trkpt>
      <trkpt lat="52.165467739105225" lon="4.361904859542847">
        <ele>17.67</ele>
      </trkpt>
      <trkpt lat="52.165467822924256" lon="4.361904859542847">
        <ele>18.11</ele>
      </trkpt>
      <trkpt lat="52.16511368751526" lon="4.362494945526123">
        <ele>18.49</ele>
      </trkpt>
      <trkpt lat="52.16503866948187" lon="4.362527132034302">
        <ele>18.79</ele>
      </trkpt>
      <trkpt lat="52.16492056846619" lon="4.362462759017944">
        <ele>19.03</ele>
      </trkpt>
      <trkpt lat="52.16485619544983" lon="4.362376928329468">
        <ele>19.15</ele>
      </trkpt>
      <trkpt lat="52.16457724571228" lon="4.3618834018707275">
        <ele>19.23</ele>
      </trkpt>
      <trkpt lat="52.164480686187744" lon="4.3617331981658936">
        <ele>19.06</ele>
      </trkpt>
      <trkpt lat="52.16433048248291" lon="4.36158299446106">
        <ele>18.75</ele>
      </trkpt>
      <trkpt lat="52.163987159729004" lon="4.36131477355957">
        <ele>18.25</ele>
      </trkpt>
      <trkpt lat="52.16382622718811" lon="4.361228942871094">
        <ele>17.69</ele>
      </trkpt>
      <trkpt lat="52.163493717089295" lon="4.361143112182617">
        <ele>17.11</ele>
      </trkpt>
      <trkpt lat="52.16346153058112" lon="4.361143112182617">
        <ele>16.52</ele>
      </trkpt>
      <trkpt lat="52.16286063194275" lon="4.361100196838379">
        <ele>15.84</ele>
      </trkpt>
      <trkpt lat="52.162452936172485" lon="4.361025094985962">
        <ele>15.06</ele>
      </trkpt>
      <trkpt lat="52.162206172943115" lon="4.361003637313843">
        <ele>14.34</ele>
      </trkpt>
      <trkpt lat="52.16210961341858" lon="4.361014366149902">
        <ele>13.7</ele>
      </trkpt>
      <trkpt lat="52.16204524040222" lon="4.361057281494141">
        <ele>13.1</ele>
      </trkpt>
      <trkpt lat="52.161991596221924" lon="4.361196756362915">
        <ele>12.49</ele>
      </trkpt>
      <trkpt lat="52.161937952041626" lon="4.361271858215332">
        <ele>12.02</ele>
      </trkpt>
      <trkpt lat="52.16189503669739" lon="4.361271858215332">
        <ele>11.67</ele>
      </trkpt>
      <trkpt lat="52.16185212135315" lon="4.361228942871094">
        <ele>11.42</ele>
      </trkpt>
      <trkpt lat="52.16183074750006" lon="4.361218214035034">
        <ele>11.25</ele>
      </trkpt>
      <trkpt lat="52.161766374483705" lon="4.361164569854736">
        <ele>11.19</ele>
      </trkpt>
      <trkpt lat="52.16159471310675" lon="4.3610358238220215">
        <ele>11.24</ele>
      </trkpt>
      <trkpt lat="52.16150879859924" lon="4.3610680103302">
        <ele>11.32</ele>
      </trkpt>
      <trkpt lat="52.161508882418275" lon="4.3610680103302">
        <ele>11.49</ele>
      </trkpt>
      <trkpt lat="52.16134786605835" lon="4.361357688903809">
        <ele>11.73</ele>
      </trkpt>
      <trkpt lat="52.16130495071411" lon="4.361389875411987">
        <ele>12.03</ele>
      </trkpt>
      <trkpt lat="52.161219120025635" lon="4.361379146575928">
        <ele>12.42</ele>
      </trkpt>
      <trkpt lat="52.16111183166504" lon="4.361304044723511">
        <ele>12.86</ele>
      </trkpt>
      <trkpt lat="52.16085442341864" lon="4.36231255531311">
        <ele>13.38</ele>
      </trkpt>
      <trkpt lat="52.16076850891113" lon="4.362655878067017">
        <ele>13.87</ele>
      </trkpt>
      <trkpt lat="52.160725677385926" lon="4.362612962722778">
        <ele>14.36</ele>
      </trkpt>
      <trkpt lat="52.16062903404236" lon="4.362473487854004">
        <ele>14.84</ele>
      </trkpt>
      <trkpt lat="52.16052174568176" lon="4.362280368804932">
        <ele>15.37</ele>
      </trkpt>
      <trkpt lat="52.16042518615723" lon="4.362055063247681">
        <ele>15.82</ele>
      </trkpt>
      <trkpt lat="52.16001749038696" lon="4.3609607219696045">
        <ele>16.14</ele>
      </trkpt>
      <trkpt lat="52.160017574205995" lon="4.3609607219696045">
        <ele>16.43</ele>
      </trkpt>
      <trkpt lat="52.15988874435425" lon="4.360617399215698">
        <ele>16.69</ele>
      </trkpt>
      <trkpt lat="52.15977072715759" lon="4.360424280166626">
        <ele>16.9</ele>
      </trkpt>
      <trkpt lat="52.1591591835022" lon="4.359780550003052">
        <ele>17.35</ele>
      </trkpt>
      <trkpt lat="52.15864428319037" lon="4.359276294708252">
        <ele>17.1</ele>
      </trkpt>
      <trkpt lat="52.158461809158325" lon="4.35907244682312">
        <ele>16.8</ele>
      </trkpt>
      <trkpt lat="52.15833306312561" lon="4.358857870101929">
        <ele>16.51</ele>
      </trkpt>
      <trkpt lat="52.15812929905951" lon="4.358310699462891">
        <ele>16.08</ele>
      </trkpt>
      <trkpt lat="52.157957553863525" lon="4.357935190200806">
        <ele>15.59</ele>
      </trkpt>
      <trkpt lat="52.157753705978394" lon="4.3576133251190186">
        <ele>15.16</ele>
      </trkpt>
      <trkpt lat="52.1576464176178" lon="4.357495307922363">
        <ele>14.73</ele>
      </trkpt>
      <trkpt lat="52.15751767158508" lon="4.357398748397827">
        <ele>14.28</ele>
      </trkpt>
      <trkpt lat="52.15741038322449" lon="4.357312917709351">
        <ele>13.83</ele>
      </trkpt>
      <trkpt lat="52.15709924697876" lon="4.357151985168457">
        <ele>13.46</ele>
      </trkpt>
      <trkpt lat="52.156949043273926" lon="4.357119798660278">
        <ele>13.11</ele>
      </trkpt>
      <trkpt lat="52.15650916099548" lon="4.357119798660278">
        <ele>12.78</ele>
      </trkpt>
      <trkpt lat="52.156230211257935" lon="4.3570876121521">
        <ele>12.42</ele>
      </trkpt>
      <trkpt lat="52.15582251548767" lon="4.356873035430908">
        <ele>12.16</ele>
      </trkpt>
      <trkpt lat="52.155522108078" lon="4.356594085693359">
        <ele>11.96</ele>
      </trkpt>
      <trkpt lat="52.15502858161926" lon="4.3559181690216064">
        <ele>11.89</ele>
      </trkpt>
      <trkpt lat="52.155028665438294" lon="4.3559181690216064">
        <ele>11.66</ele>
      </trkpt>
      <trkpt lat="52.15464242734015" lon="4.355370998382568">
        <ele>11.38</ele>
      </trkpt>
      <trkpt lat="52.15437412261963" lon="4.355038404464722">
        <ele>11.13</ele>
      </trkpt>
      <trkpt lat="52.15307593345642" lon="4.353708028793335">
        <ele>10.84</ele>
      </trkpt>
      <trkpt lat="52.15307601727545" lon="4.353708028793335">
        <ele>10.53</ele>
      </trkpt>
      <trkpt lat="52.15277552604675" lon="4.353504180908203">
        <ele>9.98</ele>
      </trkpt>
      <trkpt lat="52.1526575088501" lon="4.353471994400024">
        <ele>9.54</ele>
      </trkpt>
      <trkpt lat="52.15242147445679" lon="4.353461265563965">
        <ele>9.17</ele>
      </trkpt>
      <trkpt lat="52.15167045593262" lon="4.3535685539245605">
        <ele>8.74</ele>
      </trkpt>
      <trkpt lat="52.15155243873596" lon="4.353557825088501">
        <ele>8.4</ele>
      </trkpt>
      <trkpt lat="52.151445150375366" lon="4.353514909744263">
        <ele>8.08</ele>
      </trkpt>
      <trkpt lat="52.15135931968689" lon="4.353471994400024">
        <ele>7.78</ele>
      </trkpt>
      <trkpt lat="52.151241302490234" lon="4.353364706039429">
        <ele>7.47</ele>
      </trkpt>
      <trkpt lat="52.15084433555603" lon="4.352924823760986">
        <ele>7.1</ele>
      </trkpt>
      <trkpt lat="52.150479555130005" lon="4.352656602859497">
        <ele>6.83</ele>
      </trkpt>
      <trkpt lat="52.14967489242554" lon="4.351776838302612">
        <ele>6.78</ele>
      </trkpt>
      <trkpt lat="52.14955687522888" lon="4.351626634597778">
        <ele>6.58</ele>
      </trkpt>
      <trkpt lat="52.14934229850769" lon="4.351261854171753">
        <ele>6.46</ele>
      </trkpt>
      <trkpt lat="52.14926719665527" lon="4.351100921630859">
        <ele>6.39</ele>
      </trkpt>
      <trkpt lat="52.14888095855713" lon="4.350113868713379">
        <ele>6.13</ele>
      </trkpt>
      <trkpt lat="52.14865565299988" lon="4.349298477172852">
        <ele>6.04</ele>
      </trkpt>
      <trkpt lat="52.14855909347534" lon="4.349008798599243">
        <ele>5.98</ele>
      </trkpt>
      <trkpt lat="52.147743701934814" lon="4.346873760223389">
        <ele>6.08</ele>
      </trkpt>
      <trkpt lat="52.1476149559021" lon="4.346605539321899">
        <ele>6.01</ele>
      </trkpt>
      <trkpt lat="52.147464752197266" lon="4.346433877944946">
        <ele>5.98</ele>
      </trkpt>
      <trkpt lat="52.14734673500061" lon="4.34633731842041">
        <ele>5.97</ele>
      </trkpt>
      <trkpt lat="52.146971225738525" lon="4.346122741699219">
        <ele>5.94</ele>
      </trkpt>
      <trkpt lat="52.14685320854187" lon="4.346036911010742">
        <ele>5.94</ele>
      </trkpt>
      <trkpt lat="52.14659571647644" lon="4.345757961273193">
        <ele>5.99</ele>
      </trkpt>
      <trkpt lat="52.146252393722534" lon="4.3455541133880615">
        <ele>6.09</ele>
      </trkpt>
      <trkpt lat="52.145737409591675" lon="4.345060586929321">
        <ele>6.22</ele>
      </trkpt>
      <trkpt lat="52.14573749341071" lon="4.345060586929321">
        <ele>6.37</ele>
      </trkpt>
      <trkpt lat="52.144707441329956" lon="4.3440842628479">
        <ele>6.51</ele>
      </trkpt>
      <trkpt lat="52.14457869529724" lon="4.343987703323364">
        <ele>6.75</ele>
      </trkpt>
      <trkpt lat="52.14442849159241" lon="4.343891143798828">
        <ele>7.05</ele>
      </trkpt>
      <trkpt lat="52.14335560798645" lon="4.34334397315979">
        <ele>7.51</ele>
      </trkpt>
      <trkpt lat="52.14309811592102" lon="4.343150854110718">
        <ele>7.73</ele>
      </trkpt>
      <trkpt lat="52.142958641052246" lon="4.342979192733765">
        <ele>7.95</ele>
      </trkpt>
      <trkpt lat="52.14190721511841" lon="4.341552257537842">
        <ele>8.18</ele>
      </trkpt>
      <trkpt lat="52.141520977020264" lon="4.340972900390625">
        <ele>8.52</ele>
      </trkpt>
      <trkpt lat="52.141521060839295" lon="4.340972900390625">
        <ele>8.76</ele>
      </trkpt>
      <trkpt lat="52.14086651802063" lon="4.339889287948608">
        <ele>8.94</ele>
      </trkpt>
      <trkpt lat="52.14078068733215" lon="4.339674711227417">
        <ele>9.19</ele>
      </trkpt>
      <trkpt lat="52.140737771987915" lon="4.339417219161987">
        <ele>9.39</ele>
      </trkpt>
      <trkpt lat="52.14078068733215" lon="4.3386876583099365">
        <ele>9.71</ele>
      </trkpt>
      <trkpt lat="52.140769958496094" lon="4.338365793228149">
        <ele>9.85</ele>
      </trkpt>
      <trkpt lat="52.140727043151855" lon="4.338076114654541">
        <ele>9.93</ele>
      </trkpt>
      <trkpt lat="52.14057683944702" lon="4.337421655654907">
        <ele>9.77</ele>
      </trkpt>
      <trkpt lat="52.14044809341431" lon="4.3370139598846436">
        <ele>9.82</ele>
      </trkpt>
      <trkpt lat="52.14036226272583" lon="4.336767196655273">
        <ele>9.87</ele>
      </trkpt>
      <trkpt lat="52.14020133018494" lon="4.336445331573486">
        <ele>9.86</ele>
      </trkpt>
      <trkpt lat="52.13985800743103" lon="4.335951805114746">
        <ele>9.83</ele>
      </trkpt>
      <trkpt lat="52.139707803726196" lon="4.335769414901733">
        <ele>9.79</ele>
      </trkpt>
      <trkpt lat="52.13953614234924" lon="4.335587024688721">
        <ele>9.75</ele>
      </trkpt>
      <trkpt lat="52.13916063308716" lon="4.335265159606934">
        <ele>9.66</ele>
      </trkpt>
      <trkpt lat="52.13906407356262" lon="4.335157871246338">
        <ele>9.53</ele>
      </trkpt>
      <trkpt lat="52.138956785202026" lon="4.3349432945251465">
        <ele>9.36</ele>
      </trkpt>
      <trkpt lat="52.13879585266113" lon="4.334460496902466">
        <ele>9.23</ele>
      </trkpt>
      <trkpt lat="52.138710021972656" lon="4.334256649017334">
        <ele>9.07</ele>
      </trkpt>
      <trkpt lat="52.13860273361206" lon="4.334042072296143">
        <ele>8.89</ele>
      </trkpt>
      <trkpt lat="52.13842034339905" lon="4.333763122558594">
        <ele>8.72</ele>
      </trkpt>
      <trkpt lat="52.13833451271057" lon="4.333677291870117">
        <ele>8.46</ele>
      </trkpt>
      <trkpt lat="52.13810920715332" lon="4.333505630493164">
        <ele>8.16</ele>
      </trkpt>
      <trkpt lat="52.1371865272522" lon="4.333033561706543">
        <ele>7.65</ele>
      </trkpt>
      <trkpt lat="52.137025594711304" lon="4.332937002182007">
        <ele>7.31</ele>
      </trkpt>
      <trkpt lat="52.1356201171875" lon="4.331295490264893">
        <ele>6.89</ele>
      </trkpt>
      <trkpt lat="52.13562020100653" lon="4.331295490264893">
        <ele>6.59</ele>
      </trkpt>
      <trkpt lat="52.135276794433594" lon="4.330984354019165">
        <ele>6.3</ele>
      </trkpt>
      <trkpt lat="52.135276878252625" lon="4.330984354019165">
        <ele>6.06</ele>
      </trkpt>
      <trkpt lat="52.134751081466675" lon="4.330512285232544">
        <ele>5.9</ele>
      </trkpt>
      <trkpt lat="52.134493589401245" lon="4.330244064331055">
        <ele>5.67</ele>
      </trkpt>
      <trkpt lat="52.134268283843994" lon="4.329954385757446">
        <ele>5.56</ele>
      </trkpt>
      <trkpt lat="52.13409662246704" lon="4.329707622528076">
        <ele>5.47</ele>
      </trkpt>
      <trkpt lat="52.134032249450684" lon="4.329589605331421">
        <ele>5.35</ele>
      </trkpt>
      <trkpt lat="52.13394641876221" lon="4.329342842102051">
        <ele>5.23</ele>
      </trkpt>
      <trkpt lat="52.13390350341797" lon="4.32910680770874">
        <ele>5.07</ele>
      </trkpt>
      <trkpt lat="52.13387140072882" lon="4.328795671463013">
        <ele>5.01</ele>
      </trkpt>
      <trkpt lat="52.13386058807373" lon="4.32860255241394">
        <ele>4.98</ele>
      </trkpt>
      <trkpt lat="52.13386067189276" lon="4.328516721725464">
        <ele>4.98</ele>
      </trkpt>
      <trkpt lat="52.13387131690979" lon="4.327293634414673">
        <ele>4.97</ele>
      </trkpt>
      <trkpt lat="52.13386067189276" lon="4.3267786502838135">
        <ele>5.03</ele>
      </trkpt>
      <trkpt lat="52.13384985923767" lon="4.326735734939575">
        <ele>5.17</ele>
      </trkpt>
      <trkpt lat="52.1338499430567" lon="4.326735734939575">
        <ele>5.37</ele>
      </trkpt>
      <trkpt lat="52.13380694389343" lon="4.326499700546265">
        <ele>5.62</ele>
      </trkpt>
      <trkpt lat="52.13314183987677" lon="4.324343204498291">
        <ele>6.08</ele>
      </trkpt>
      <trkpt lat="52.132766246795654" lon="4.323055744171143">
        <ele>6.35</ele>
      </trkpt>
      <trkpt lat="52.13243365287781" lon="4.32138204574585">
        <ele>6.86</ele>
      </trkpt>
      <trkpt lat="52.13233709335327" lon="4.320931434631348">
        <ele>7.32</ele>
      </trkpt>
      <trkpt lat="52.132262075319886" lon="4.3206095695495605">
        <ele>7.84</ele>
      </trkpt>
      <trkpt lat="52.13222988881171" lon="4.320513010025024">
        <ele>8.35</ele>
      </trkpt>
      <trkpt lat="52.13207960128784" lon="4.320083856582642">
        <ele>8.91</ele>
      </trkpt>
      <trkpt lat="52.13207968510687" lon="4.320083856582642">
        <ele>9.43</ele>
      </trkpt>
      <trkpt lat="52.131983041763306" lon="4.319815635681152">
        <ele>9.96</ele>
      </trkpt>
      <trkpt lat="52.13194012641907" lon="4.319590330123901">
        <ele>10.48</ele>
      </trkpt>
      <trkpt lat="52.13191866874695" lon="4.3186354637146">
        <ele>11.03</ele>
      </trkpt>
      <trkpt lat="52.13188648223877" lon="4.3181633949279785">
        <ele>11.48</ele>
      </trkpt>
      <trkpt lat="52.13185429573059" lon="4.3180131912231445">
        <ele>11.86</ele>
      </trkpt>
      <trkpt lat="52.13181138038635" lon="4.31788444519043">
        <ele>12.15</ele>
      </trkpt>
      <trkpt lat="52.13169344700873" lon="4.317702054977417">
        <ele>12.38</ele>
      </trkpt>
      <trkpt lat="52.131521785631776" lon="4.31736946105957">
        <ele>12.45</ele>
      </trkpt>
      <trkpt lat="52.13139295578003" lon="4.316951036453247">
        <ele>12.32</ele>
      </trkpt>
      <trkpt lat="52.13122137822211" lon="4.316189289093018">
        <ele>11.95</ele>
      </trkpt>
      <trkpt lat="52.13114627636969" lon="4.315770864486694">
        <ele>11.55</ele>
      </trkpt>
      <trkpt lat="52.131071174517274" lon="4.31537389755249">
        <ele>11.04</ele>
      </trkpt>
      <trkpt lat="52.13091024197638" lon="4.314601421356201">
        <ele>10.23</ele>
      </trkpt>
      <trkpt lat="52.13087797164917" lon="4.314440488815308">
        <ele>9.61</ele>
      </trkpt>
      <trkpt lat="52.13079214096069" lon="4.314150810241699">
        <ele>8.9</ele>
      </trkpt>
      <trkpt lat="52.13033080101013" lon="4.312798976898193">
        <ele>8.48</ele>
      </trkpt>
      <trkpt lat="52.130244970321655" lon="4.312541484832764">
        <ele>7.96</ele>
      </trkpt>
      <trkpt lat="52.13018068112433" lon="4.312423467636108">
        <ele>7.49</ele>
      </trkpt>
      <trkpt lat="52.129526138305664" lon="4.311211109161377">
        <ele>7.02</ele>
      </trkpt>
      <trkpt lat="52.12933301925659" lon="4.310899972915649">
        <ele>6.75</ele>
      </trkpt>
      <trkpt lat="52.12913990020752" lon="4.310717582702637">
        <ele>6.48</ele>
      </trkpt>
      <trkpt lat="52.12857127189636" lon="4.310288429260254">
        <ele>6.18</ele>
      </trkpt>
      <trkpt lat="52.128281593322754" lon="4.310084581375122">
        <ele>5.94</ele>
      </trkpt>
      <trkpt lat="52.12786316871643" lon="4.309966564178467">
        <ele>5.71</ele>
      </trkpt>
      <trkpt lat="52.127723693847656" lon="4.309870004653931">
        <ele>5.5</ele>
      </trkpt>
      <trkpt lat="52.12764859199524" lon="4.309794902801514">
        <ele>5.36</ele>
      </trkpt>
      <trkpt lat="52.12719798088074" lon="4.309118986129761">
        <ele>5.31</ele>
      </trkpt>
      <trkpt lat="52.12719806469977" lon="4.309118986129761">
        <ele>5.26</ele>
      </trkpt>
      <trkpt lat="52.12643623352051" lon="4.308003187179565">
        <ele>5.1</ele>
      </trkpt>
      <trkpt lat="52.126253843307495" lon="4.3077778816223145">
        <ele>5.11</ele>
      </trkpt>
      <trkpt lat="52.12570667266846" lon="4.3071770668029785">
        <ele>5.17</ele>
      </trkpt>
      <trkpt lat="52.125535011291504" lon="4.3069517612457275">
        <ele>5.26</ele>
      </trkpt>
      <trkpt lat="52.12483763694763" lon="4.305567741394043">
        <ele>5.43</ele>
      </trkpt>
      <trkpt lat="52.12483772076666" lon="4.305567741394043">
        <ele>5.58</ele>
      </trkpt>
      <trkpt lat="52.12471961975098" lon="4.305342435836792">
        <ele>5.78</ele>
      </trkpt>
      <trkpt lat="52.124548042193055" lon="4.305117130279541">
        <ele>6.01</ele>
      </trkpt>
      <trkpt lat="52.12439775466919" lon="4.305052757263184">
        <ele>6.21</ele>
      </trkpt>
      <trkpt lat="52.12414026260376" lon="4.3050312995910645">
        <ele>6.47</ele>
      </trkpt>
      <trkpt lat="52.12331414222717" lon="4.305267333984375">
        <ele>6.6</ele>
      </trkpt>
      <trkpt lat="52.123314226046205" lon="4.305267333984375">
        <ele>6.78</ele>
      </trkpt>
      <trkpt lat="52.12324985302985" lon="4.305288791656494">
        <ele>6.96</ele>
      </trkpt>
      <trkpt lat="52.12283134460449" lon="4.30539608001709">
        <ele>7.18</ele>
      </trkpt>
      <trkpt lat="52.12180137634277" lon="4.305406808853149">
        <ele>7.35</ele>
      </trkpt>
      <trkpt lat="52.121801460161805" lon="4.305406808853149">
        <ele>7.46</ele>
      </trkpt>
      <trkpt lat="52.12071776390076" lon="4.305717945098877">
        <ele>7.3</ele>
      </trkpt>
      <trkpt lat="52.11995601654053" lon="4.305964708328247">
        <ele>7.44</ele>
      </trkpt>
      <trkpt lat="52.11963415145874" lon="4.306018352508545">
        <ele>7.6</ele>
      </trkpt>
      <trkpt lat="52.11936593055725" lon="4.305975437164307">
        <ele>7.66</ele>
      </trkpt>
      <trkpt lat="52.117799520492554" lon="4.305557012557983">
        <ele>7.82</ele>
      </trkpt>
      <trkpt lat="52.117799604311585" lon="4.305557012557983">
        <ele>7.8</ele>
      </trkpt>
      <trkpt lat="52.117735147476196" lon="4.305535554885864">
        <ele>7.75</ele>
      </trkpt>
      <trkpt lat="52.11773523129523" lon="4.305535554885864">
        <ele>7.66</ele>
      </trkpt>
      <trkpt lat="52.117552757263184" lon="4.3055033683776855">
        <ele>7.53</ele>
      </trkpt>
      <trkpt lat="52.117499113082886" lon="4.305481910705566">
        <ele>7.36</ele>
      </trkpt>
      <trkpt lat="52.11745619773865" lon="4.3054282665252686">
        <ele>7.16</ele>
      </trkpt>
      <trkpt lat="52.11738109588623" lon="4.305310249328613">
        <ele>6.93</ele>
      </trkpt>
      <trkpt lat="52.117327535524964" lon="4.305063486099243">
        <ele>6.71</ele>
      </trkpt>
      <trkpt lat="52.11732745170593" lon="4.305063486099243">
        <ele>6.53</ele>
      </trkpt>
      <trkpt lat="52.11717733182013" lon="4.304462671279907">
        <ele>6.43</ele>
      </trkpt>
      <trkpt lat="52.116812551394105" lon="4.302960634231567">
        <ele>6.01</ele>
      </trkpt>
      <trkpt lat="52.115288972854614" lon="4.29665207862854">
        <ele>5.99</ele>
      </trkpt>
      <trkpt lat="52.11508512496948" lon="4.296126365661621">
        <ele>6.1</ele>
      </trkpt>
      <trkpt lat="52.114269733428955" lon="4.294216632843018">
        <ele>6.38</ele>
      </trkpt>
      <trkpt lat="52.11417317390442" lon="4.294066429138184">
        <ele>6.67</ele>
      </trkpt>
      <trkpt lat="52.11407661437988" lon="4.2939698696136475">
        <ele>7.1</ele>
      </trkpt>
      <trkpt lat="52.114044511690736" lon="4.293948411941528">
        <ele>7.64</ele>
      </trkpt>
      <trkpt lat="52.1139479521662" lon="4.2938947677612305">
        <ele>8.33</ele>
      </trkpt>
      <trkpt lat="52.11388357914984" lon="4.293862581253052">
        <ele>9.09</ele>
      </trkpt>
      <trkpt lat="52.1137011051178" lon="4.293798208236694">
        <ele>9.98</ele>
      </trkpt>
      <trkpt lat="52.11360462941229" lon="4.293830394744873">
        <ele>10.9</ele>
      </trkpt>
      <trkpt lat="52.113550985231996" lon="4.293841123580933">
        <ele>11.8</ele>
      </trkpt>
      <trkpt lat="52.1130895614624" lon="4.2936694622039795">
        <ele>13.32</ele>
      </trkpt>
      <trkpt lat="52.11313256062567" lon="4.293487071990967">
        <ele>14.14</ele>
      </trkpt>
      <trkpt lat="52.11315393447876" lon="4.29341197013855">
        <ele>14.82</ele>
      </trkpt>
      <trkpt lat="52.113239765167236" lon="4.292778968811035">
        <ele>15.39</ele>
      </trkpt>
      <trkpt lat="52.11318620480597" lon="4.292757511138916">
        <ele>15.8</ele>
      </trkpt>
      <trkpt lat="52.11314328946173" lon="4.2927467823028564">
        <ele>16.04</ele>
      </trkpt>
      <trkpt lat="52.1131432056427" lon="4.2927467823028564">
        <ele>16.12</ele>
      </trkpt>
      <trkpt lat="52.113089645281434" lon="4.292725324630737">
        <ele>16.04</ele>
      </trkpt>
      <trkpt lat="52.113035917282104" lon="4.292736053466797">
        <ele>15.83</ele>
      </trkpt>
      <trkpt lat="52.11298227310181" lon="4.2926716804504395">
        <ele>15.46</ele>
      </trkpt>
      <trkpt lat="52.11297154426575" lon="4.292478561401367">
        <ele>14.9</ele>
      </trkpt>
      <trkpt lat="52.11291798390448" lon="4.291341304779053">
        <ele>13.95</ele>
      </trkpt>
      <trkpt lat="52.11289644241333" lon="4.290837049484253">
        <ele>13.51</ele>
      </trkpt>
      <trkpt lat="52.112821424379945" lon="4.290450811386108">
        <ele>12.99</ele>
      </trkpt>
      <trkpt lat="52.11282134056091" lon="4.290450811386108">
        <ele>12.53</ele>
      </trkpt>
      <trkpt lat="52.112349355593324" lon="4.287993907928467">
        <ele>11.98</ele>
      </trkpt>
      <trkpt lat="52.11234927177429" lon="4.287993907928467">
        <ele>11.67</ele>
      </trkpt>
      <trkpt lat="52.112338626757264" lon="4.28791880607605">
        <ele>11.43</ele>
      </trkpt>
      <trkpt lat="52.11233854293823" lon="4.28791880607605">
        <ele>11.34</ele>
      </trkpt>
      <trkpt lat="52.112306440249085" lon="4.287768602371216">
        <ele>11.32</ele>
      </trkpt>
      <trkpt lat="52.11227425374091" lon="4.287586212158203">
        <ele>11.44</ele>
      </trkpt>
      <trkpt lat="52.1118772868067" lon="4.2855048179626465">
        <ele>12.0</ele>
      </trkpt>
      <trkpt lat="52.11187720298767" lon="4.2855048179626465">
        <ele>12.36</ele>
      </trkpt>
      <trkpt lat="52.11170554161072" lon="4.284592866897583">
        <ele>12.95</ele>
      </trkpt>
      <trkpt lat="52.11182355880737" lon="4.284389019012451">
        <ele>13.54</ele>
      </trkpt>
      <trkpt lat="52.11192011833191" lon="4.2842817306518555">
        <ele>14.2</ele>
      </trkpt>
      <trkpt lat="52.11241364479065" lon="4.283391237258911">
        <ele>14.94</ele>
      </trkpt>
      <trkpt lat="52.11247810162604" lon="4.283348321914673">
        <ele>15.37</ele>
      </trkpt>
      <trkpt lat="52.112542474642396" lon="4.283241033554077">
        <ele>15.81</ele>
      </trkpt>
      <trkpt lat="52.112585389986634" lon="4.28317666053772">
        <ele>16.22</ele>
      </trkpt>
      <trkpt lat="52.11263903416693" lon="4.283069372177124">
        <ele>16.63</ele>
      </trkpt>
      <trkpt lat="52.11268194951117" lon="4.282994270324707">
        <ele>17.02</ele>
      </trkpt>
      <trkpt lat="52.11251028813422" lon="4.282736778259277">
        <ele>17.48</ele>
      </trkpt>
      <trkpt lat="52.112510204315186" lon="4.282736778259277">
        <ele>17.84</ele>
      </trkpt>
      <trkpt lat="52.11196311749518" lon="4.281792640686035">
        <ele>18.24</ele>
      </trkpt>
      <trkpt lat="52.11166271008551" lon="4.2813098430633545">
        <ele>18.47</ele>
      </trkpt>
      <trkpt lat="52.11141594685614" lon="4.280945062637329">
        <ele>18.75</ele>
      </trkpt>
      <trkpt lat="52.11116918362677" lon="4.280569553375244">
        <ele>18.96</ele>
      </trkpt>
      <trkpt lat="52.111051166430116" lon="4.280376434326172">
        <ele>19.21</ele>
      </trkpt>
      <trkpt lat="52.11098670959473" lon="4.280301332473755">
        <ele>19.49</ele>
      </trkpt>
      <trkpt lat="52.11111553944647" lon="4.2800867557525635">
        <ele>19.9</ele>
      </trkpt>
      <trkpt lat="52.11136221885681" lon="4.279657602310181">
        <ele>20.68</ele>
      </trkpt>
      <trkpt lat="52.11139440536499" lon="4.2795610427856445">
        <ele>21.03</ele>
      </trkpt>
      <trkpt lat="52.11140513420105" lon="4.279507398605347">
        <ele>21.24</ele>
      </trkpt>
      <trkpt lat="52.11151250638068" lon="4.279282093048096">
        <ele>21.46</ele>
      </trkpt>
      <trkpt lat="52.11156606674194" lon="4.279121160507202">
        <ele>21.49</ele>
      </trkpt>
      <trkpt lat="52.11159825325012" lon="4.278970956802368">
        <ele>21.1</ele>
      </trkpt>
      <trkpt lat="52.111598337069154" lon="4.278970956802368">
        <ele>20.75</ele>
      </trkpt>
      <trkpt lat="52.1116304397583" lon="4.278810024261475">
        <ele>20.05</ele>
      </trkpt>
      <trkpt lat="52.11166262626648" lon="4.278745651245117">
        <ele>19.32</ele>
      </trkpt>
      <trkpt lat="52.11166262626648" lon="4.2786383628845215">
        <ele>18.5</ele>
      </trkpt>
      <trkpt lat="52.11163052357733" lon="4.278445243835449">
        <ele>17.56</ele>
      </trkpt>
      <trkpt lat="52.1116304397583" lon="4.278445243835449">
        <ele>16.73</ele>
      </trkpt>
      <trkpt lat="52.111576879397035" lon="4.278252124786377">
        <ele>15.71</ele>
      </trkpt>
      <trkpt lat="52.111576795578" lon="4.278252124786377">
        <ele>14.83</ele>
      </trkpt>
      <trkpt lat="52.111523151397705" lon="4.278069734573364">
        <ele>13.83</ele>
      </trkpt>
      <trkpt lat="52.11151250638068" lon="4.278048276901245">
        <ele>12.95</ele>
      </trkpt>
      <trkpt lat="52.111512422561646" lon="4.278048276901245">
        <ele>12.11</ele>
      </trkpt>
      <trkpt lat="52.11135149002075" lon="4.277629852294922">
        <ele>11.12</ele>
      </trkpt>
      <trkpt lat="52.11116909980774" lon="4.2772650718688965">
        <ele>10.23</ele>
      </trkpt>
      <trkpt lat="52.11098670959473" lon="4.2769646644592285">
        <ele>9.44</ele>
      </trkpt>
      <trkpt lat="52.110739946365356" lon="4.2765891551971436">
        <ele>8.75</ele>
      </trkpt>
      <trkpt lat="52.11035370826721" lon="4.276063442230225">
        <ele>7.92</ele>
      </trkpt>
      <trkpt lat="52.110042572021484" lon="4.2756664752960205">
        <ele>7.45</ele>
      </trkpt>
      <trkpt lat="52.10861563682556" lon="4.274100065231323">
        <ele>7.02</ele>
      </trkpt>
      <trkpt lat="52.10839033126831" lon="4.273788928985596">
        <ele>6.35</ele>
      </trkpt>
      <trkpt lat="52.10821866989136" lon="4.2734456062316895">
        <ele>5.86</ele>
      </trkpt>
      <trkpt lat="52.10811146534979" lon="4.273198843002319">
        <ele>5.23</ele>
      </trkpt>
      <trkpt lat="52.108100736513734" lon="4.27318811416626">
        <ele>4.66</ele>
      </trkpt>
      <trkpt lat="52.1079505328089" lon="4.2727696895599365">
        <ele>4.21</ele>
      </trkpt>
      <trkpt lat="52.10785388946533" lon="4.27243709564209">
        <ele>3.44</ele>
      </trkpt>
      <trkpt lat="52.10766077041626" lon="4.27193284034729">
        <ele>2.2</ele>
      </trkpt>
      <trkpt lat="52.10753210820258" lon="4.271653890609741">
        <ele>1.61</ele>
      </trkpt>
      <trkpt lat="52.107532024383545" lon="4.271653890609741">
        <ele>1.08</ele>
      </trkpt>
      <trkpt lat="52.10716732777655" lon="4.271042346954346">
        <ele>0.62</ele>
      </trkpt>
      <trkpt lat="52.1069956663996" lon="4.2707741260528564">
        <ele>0.51</ele>
      </trkpt>
      <trkpt lat="52.10686692036688" lon="4.270591735839844">
        <ele>0.04</ele>
      </trkpt>
      <trkpt lat="52.10650213994086" lon="4.270108938217163">
        <ele>-0.38</ele>
      </trkpt>
      <trkpt lat="52.106502056121826" lon="4.270108938217163">
        <ele>-0.57</ele>
      </trkpt>
      <trkpt lat="52.10549362935126" lon="4.268821477890015">
        <ele>-0.67</ele>
      </trkpt>
      <trkpt lat="52.10549354553223" lon="4.268821477890015">
        <ele>-0.68</ele>
      </trkpt>
      <trkpt lat="52.10517176426947" lon="4.26843523979187">
        <ele>-0.6</ele>
      </trkpt>
      <trkpt lat="52.10475333966315" lon="4.267920255661011">
        <ele>-0.26</ele>
      </trkpt>
      <trkpt lat="52.10414179600775" lon="4.267029762268066">
        <ele>-0.16</ele>
      </trkpt>
      <trkpt lat="52.10375555790961" lon="4.2664289474487305">
        <ele>0.18</ele>
      </trkpt>
      <trkpt lat="52.10317611694336" lon="4.265538454055786">
        <ele>0.62</ele>
      </trkpt>
      <trkpt lat="52.10313320159912" lon="4.265538454055786">
        <ele>1.14</ele>
      </trkpt>
      <trkpt lat="52.10313320159912" lon="4.265592098236084">
        <ele>1.74</ele>
      </trkpt>
      <trkpt lat="52.103101098909974" lon="4.265667200088501">
        <ele>2.45</ele>
      </trkpt>
      <trkpt lat="52.103058099746704" lon="4.265731573104858">
        <ele>3.39</ele>
      </trkpt>
      <trkpt lat="52.10287570953369" lon="4.2658281326293945">
        <ele>4.49</ele>
      </trkpt>
      <trkpt lat="52.10286506451666" lon="4.265849590301514">
        <ele>5.23</ele>
      </trkpt>
      <trkpt lat="52.102564573287964" lon="4.266536235809326">
        <ele>5.89</ele>
      </trkpt>
      <trkpt lat="52.102360809221864" lon="4.267115592956543">
        <ele>6.62</ele>
      </trkpt>
      <trkpt lat="52.10184574127197" lon="4.268134832382202">
        <ele>7.13</ele>
      </trkpt>
      <trkpt lat="52.101287841796875" lon="4.269121885299683">
        <ele>7.63</ele>
      </trkpt>
      <trkpt lat="52.10124501027167" lon="4.269218444824219">
        <ele>8.14</ele>
      </trkpt>
      <trkpt lat="52.10122346878052" lon="4.269304275512695">
        <ele>8.6</ele>
      </trkpt>
      <trkpt lat="52.101287841796875" lon="4.2698729038238525">
        <ele>9.1</ele>
      </trkpt>
      <trkpt lat="52.10118055343628" lon="4.269969463348389">
        <ele>9.43</ele>
      </trkpt>
      <trkpt lat="52.100794315338135" lon="4.270709753036499">
        <ele>9.84</ele>
      </trkpt>
      <trkpt lat="52.09994673728943" lon="4.272233247756958">
        <ele>10.01</ele>
      </trkpt>
      <trkpt lat="52.09990382194519" lon="4.272308349609375">
        <ele>10.12</ele>
      </trkpt>
      <trkpt lat="52.09988236427307" lon="4.272361993789673">
        <ele>10.2</ele>
      </trkpt>
      <trkpt lat="52.09978588856757" lon="4.272319078445435">
        <ele>10.19</ele>
      </trkpt>
      <trkpt lat="52.09971070289612" lon="4.272340536117554">
        <ele>10.19</ele>
      </trkpt>
      <trkpt lat="52.09965705871582" lon="4.272394180297852">
        <ele>10.18</ele>
      </trkpt>
      <trkpt lat="52.09959268569946" lon="4.272522926330566">
        <ele>10.2</ele>
      </trkpt>
      <trkpt lat="52.09948539733887" lon="4.272565841674805">
        <ele>10.21</ele>
      </trkpt>
      <trkpt lat="52.09924944676459" lon="4.272533655166626">
        <ele>10.23</ele>
      </trkpt>
      <trkpt lat="52.099056243896484" lon="4.272447824478149">
        <ele>10.22</ele>
      </trkpt>
      <trkpt lat="52.09899187088013" lon="4.272394180297852">
        <ele>10.17</ele>
      </trkpt>
      <trkpt lat="52.097339713945985" lon="4.270838499069214">
        <ele>9.96</ele>
      </trkpt>
      <trkpt lat="52.09733963012695" lon="4.270838499069214">
        <ele>9.95</ele>
      </trkpt>
      <trkpt lat="52.09725388325751" lon="4.270752668380737">
        <ele>9.94</ele>
      </trkpt>
      <trkpt lat="52.09725379943848" lon="4.270752668380737">
        <ele>9.98</ele>
      </trkpt>
      <trkpt lat="52.097049951553345" lon="4.270570278167725">
        <ele>10.04</ele>
      </trkpt>
      <trkpt lat="52.096824729815125" lon="4.270366430282593">
        <ele>10.14</ele>
      </trkpt>
      <trkpt lat="52.09670671261847" lon="4.2702484130859375">
        <ele>10.29</ele>
      </trkpt>
      <trkpt lat="52.09670662879944" lon="4.2702484130859375">
        <ele>10.43</ele>
      </trkpt>
      <trkpt lat="52.09565528668463" lon="4.2692506313323975">
        <ele>10.81</ele>
      </trkpt>
      <trkpt lat="52.0956552028656" lon="4.2692506313323975">
        <ele>10.93</ele>
      </trkpt>
      <trkpt lat="52.095086658373475" lon="4.268746376037598">
        <ele>11.01</ele>
      </trkpt>
      <trkpt lat="52.094829082489014" lon="4.268521070480347">
        <ele>11.17</ele>
      </trkpt>
      <trkpt lat="52.094550132751465" lon="4.268327951431274">
        <ele>11.11</ele>
      </trkpt>
      <trkpt lat="52.09414252080023" lon="4.268145561218262">
        <ele>10.96</ele>
      </trkpt>
      <trkpt lat="52.094056690111756" lon="4.268113374710083">
        <ele>10.86</ele>
      </trkpt>
      <trkpt lat="52.094056606292725" lon="4.268113374710083">
        <ele>10.73</ele>
      </trkpt>
      <trkpt lat="52.09375619888306" lon="4.268016815185547">
        <ele>10.58</ele>
      </trkpt>
      <trkpt lat="52.093552350997925" lon="4.267898797988892">
        <ele>10.37</ele>
      </trkpt>
      <trkpt lat="52.0934344176203" lon="4.267780780792236">
        <ele>10.1</ele>
      </trkpt>
      <trkpt lat="52.093273401260376" lon="4.267566204071045">
        <ele>9.81</ele>
      </trkpt>
      <trkpt lat="52.093101823702455" lon="4.267265796661377">
        <ele>9.44</ele>
      </trkpt>
      <trkpt lat="52.09291943348944" lon="4.2669761180877686">
        <ele>8.99</ele>
      </trkpt>
      <trkpt lat="52.09277995862067" lon="4.266718626022339">
        <ele>8.57</ele>
      </trkpt>
      <trkpt lat="52.09246882237494" lon="4.26618218421936">
        <ele>8.24</ele>
      </trkpt>
      <trkpt lat="52.09216833114624" lon="4.265635013580322">
        <ele>8.06</ele>
      </trkpt>
      <trkpt lat="52.09211468696594" lon="4.265420436859131">
        <ele>7.75</ele>
      </trkpt>
      <trkpt lat="52.092061126604676" lon="4.265334606170654">
        <ele>7.43</ele>
      </trkpt>
      <trkpt lat="52.09199675358832" lon="4.265259504318237">
        <ele>7.16</ele>
      </trkpt>
      <trkpt lat="52.09135293960571" lon="4.265012741088867">
        <ele>6.77</ele>
      </trkpt>
      <trkpt lat="52.091320753097534" lon="4.26494836807251">
        <ele>6.77</ele>
      </trkpt>
      <trkpt lat="52.09137439727783" lon="4.264562129974365">
        <ele>6.99</ele>
      </trkpt>
      <trkpt lat="52.09137439727783" lon="4.264422655105591">
        <ele>7.31</ele>
      </trkpt>
      <trkpt lat="52.091331481933594" lon="4.264261722564697">
        <ele>7.69</ele>
      </trkpt>
      <trkpt lat="52.09125638008118" lon="4.26418662071228">
        <ele>8.16</ele>
      </trkpt>
      <trkpt lat="52.09118127822876" lon="4.264143705368042">
        <ele>8.72</ele>
      </trkpt>
      <trkpt lat="52.091084718704224" lon="4.263993501663208">
        <ele>9.32</ele>
      </trkpt>
      <trkpt lat="52.09099897183478" lon="4.2638325691223145">
        <ele>9.92</ele>
      </trkpt>
      <trkpt lat="52.09059119224548" lon="4.263135194778442">
        <ele>10.58</ele>
      </trkpt>
      <trkpt lat="52.09036588668823" lon="4.262738227844238">
        <ele>11.36</ele>
      </trkpt>
      <trkpt lat="52.09028013981879" lon="4.262609481811523">
        <ele>11.94</ele>
      </trkpt>
      <trkpt lat="52.08975434303284" lon="4.261772632598877">
        <ele>12.59</ele>
      </trkpt>
      <trkpt lat="52.08972215652466" lon="4.2616331577301025">
        <ele>12.96</ele>
      </trkpt>
      <trkpt lat="52.089561223983765" lon="4.261343479156494">
        <ele>13.25</ele>
      </trkpt>
      <trkpt lat="52.08917498588562" lon="4.260742664337158">
        <ele>13.35</ele>
      </trkpt>
      <trkpt lat="52.08866008557379" lon="4.259841442108154">
        <ele>13.34</ele>
      </trkpt>
      <trkpt lat="52.087340354919434" lon="4.257556200027466">
        <ele>13.32</ele>
      </trkpt>
      <trkpt lat="52.0866858959198" lon="4.256569147109985">
        <ele>12.96</ele>
      </trkpt>
      <trkpt lat="52.086567878723145" lon="4.256429672241211">
        <ele>12.76</ele>
      </trkpt>
      <trkpt lat="52.086288928985596" lon="4.256225824356079">
        <ele>12.47</ele>
      </trkpt>
      <trkpt lat="52.08613872528076" lon="4.256086349487305">
        <ele>12.13</ele>
      </trkpt>
      <trkpt lat="52.08616018295288" lon="4.256000518798828">
        <ele>11.87</ele>
      </trkpt>
      <trkpt lat="52.086374843493104" lon="4.255549907684326">
        <ele>11.6</ele>
      </trkpt>
      <trkpt lat="52.08641767501831" lon="4.255474805831909">
        <ele>11.4</ele>
      </trkpt>
      <trkpt lat="52.0864284876734" lon="4.255335330963135">
        <ele>11.26</ele>
      </trkpt>
      <trkpt lat="52.08709359169006" lon="4.25396203994751">
        <ele>11.09</ele>
      </trkpt>
      <trkpt lat="52.087072217836976" lon="4.253779649734497">
        <ele>10.98</ele>
      </trkpt>
      <trkpt lat="52.08695411682129" lon="4.253661632537842">
        <ele>10.99</ele>
      </trkpt>
      <trkpt lat="52.08695420064032" lon="4.253661632537842">
        <ele>11.04</ele>
      </trkpt>
      <trkpt lat="52.08693265914917" lon="4.2535436153411865">
        <ele>11.12</ele>
      </trkpt>
      <trkpt lat="52.08692193031311" lon="4.253425598144531">
        <ele>11.26</ele>
      </trkpt>
      <trkpt lat="52.08695411682129" lon="4.252856969833374">
        <ele>11.57</ele>
      </trkpt>
      <trkpt lat="52.08695420064032" lon="4.252856969833374">
        <ele>11.84</ele>
      </trkpt>
      <trkpt lat="52.08701848983765" lon="4.251912832260132">
        <ele>12.38</ele>
      </trkpt>
      <trkpt lat="52.08701857365668" lon="4.251912832260132">
        <ele>12.7</ele>
      </trkpt>
      <trkpt lat="52.087050676345825" lon="4.251805543899536">
        <ele>13.03</ele>
      </trkpt>
      <trkpt lat="52.08739399909973" lon="4.251408576965332">
        <ele>13.34</ele>
      </trkpt>
      <trkpt lat="52.087533473968506" lon="4.251183271408081">
        <ele>13.69</ele>
      </trkpt>
      <trkpt lat="52.08753355778754" lon="4.251183271408081">
        <ele>13.97</ele>
      </trkpt>
      <trkpt lat="52.08767294883728" lon="4.250904321670532">
        <ele>14.3</ele>
      </trkpt>
      <trkpt lat="52.08775877952576" lon="4.250625371932983">
        <ele>14.54</ele>
      </trkpt>
      <trkpt lat="52.087790966033936" lon="4.250389337539673">
        <ele>14.75</ele>
      </trkpt>
      <trkpt lat="52.087801694869995" lon="4.2501747608184814">
        <ele>14.89</ele>
      </trkpt>
      <trkpt lat="52.087812507525086" lon="4.249627590179443">
        <ele>14.99</ele>
      </trkpt>
      <trkpt lat="52.08784461021423" lon="4.248071908950806">
        <ele>15.09</ele>
      </trkpt>
      <trkpt lat="52.087844694033265" lon="4.248071908950806">
        <ele>15.18</ele>
      </trkpt>
      <trkpt lat="52.08785533905029" lon="4.2467522621154785">
        <ele>15.07</ele>
      </trkpt>
      <trkpt lat="52.08750128746033" lon="4.2467200756073">
        <ele>15.11</ele>
      </trkpt>
      <trkpt lat="52.08717942237854" lon="4.246730804443359">
        <ele>15.29</ele>
      </trkpt>
      <trkpt lat="52.08690055646002" lon="4.246816635131836">
        <ele>15.5</ele>
      </trkpt>
      <trkpt lat="52.086578607559204" lon="4.246988296508789">
        <ele>15.72</ele>
      </trkpt>
      <trkpt lat="52.08589196205139" lon="4.247492551803589">
        <ele>15.84</ele>
      </trkpt>
      <trkpt lat="52.085784673690796" lon="4.247503280639648">
        <ele>15.98</ele>
      </trkpt>
      <trkpt lat="52.08560228347778" lon="4.247449636459351">
        <ele>16.19</ele>
      </trkpt>
      <trkpt lat="52.08538779057562" lon="4.247320890426636">
        <ele>16.41</ele>
      </trkpt>
      <trkpt lat="52.085334062576294" lon="4.247267246246338">
        <ele>16.62</ele>
      </trkpt>
      <trkpt lat="52.085334146395326" lon="4.247267246246338">
        <ele>16.84</ele>
      </trkpt>
      <trkpt lat="52.085280418395996" lon="4.2472243309021">
        <ele>17.06</ele>
      </trkpt>
      <trkpt lat="52.08449721336365" lon="4.2452287673950195">
        <ele>17.54</ele>
      </trkpt>
      <trkpt lat="52.08449729718268" lon="4.2452287673950195">
        <ele>17.73</ele>
      </trkpt>
      <trkpt lat="52.08443292416632" lon="4.245067834854126">
        <ele>17.85</ele>
      </trkpt>
      <trkpt lat="52.08417543210089" lon="4.24446702003479">
        <ele>17.84</ele>
      </trkpt>
      <trkpt lat="52.0841109752655" lon="4.244284629821777">
        <ele>17.91</ele>
      </trkpt>
      <trkpt lat="52.084111059084535" lon="4.244284629821777">
        <ele>17.98</ele>
      </trkpt>
      <trkpt lat="52.08401441574097" lon="4.244102239608765">
        <ele>18.01</ele>
      </trkpt>
      <trkpt lat="52.083574533462524" lon="4.243447780609131">
        <ele>18.11</ele>
      </trkpt>
      <trkpt lat="52.083574617281556" lon="4.243447780609131">
        <ele>18.07</ele>
      </trkpt>
      <trkpt lat="52.08334922790527" lon="4.243136644363403">
        <ele>17.99</ele>
      </trkpt>
      <trkpt lat="52.08301663398743" lon="4.242761135101318">
        <ele>17.88</ele>
      </trkpt>
      <trkpt lat="52.082093954086304" lon="4.241913557052612">
        <ele>17.7</ele>
      </trkpt>
      <trkpt lat="52.08162188529968" lon="4.241516590118408">
        <ele>17.3</ele>
      </trkpt>
      <trkpt lat="52.081621969118714" lon="4.241516590118408">
        <ele>16.96</ele>
      </trkpt>
      <trkpt lat="52.081589698791504" lon="4.241495132446289">
        <ele>16.55</ele>
      </trkpt>
      <trkpt lat="52.081589782610536" lon="4.241495132446289">
        <ele>16.09</ele>
      </trkpt>
      <trkpt lat="52.08150386810303" lon="4.241344928741455">
        <ele>15.52</ele>
      </trkpt>
      <trkpt lat="52.08146095275879" lon="4.241205453872681">
        <ele>14.9</ele>
      </trkpt>
      <trkpt lat="52.081310749053955" lon="4.240443706512451">
        <ele>14.18</ele>
      </trkpt>
      <trkpt lat="52.081278562545776" lon="4.240347146987915">
        <ele>13.55</ele>
      </trkpt>
      <trkpt lat="52.08122491836548" lon="4.2402613162994385">
        <ele>12.88</ele>
      </trkpt>
      <trkpt lat="52.080549001693726" lon="4.2395853996276855">
        <ele>12.07</ele>
      </trkpt>
      <trkpt lat="52.07961559295654" lon="4.238748550415039">
        <ele>11.34</ele>
      </trkpt>
      <trkpt lat="52.07942247390747" lon="4.238544702529907">
        <ele>10.66</ele>
      </trkpt>
      <trkpt lat="52.079336727038026" lon="4.238415956497192">
        <ele>10.05</ele>
      </trkpt>
      <trkpt lat="52.079304456710815" lon="4.238340854644775">
        <ele>9.51</ele>
      </trkpt>
      <trkpt lat="52.079282999038696" lon="4.238255023956299">
        <ele>9.02</ele>
      </trkpt>
      <trkpt lat="52.079293727874756" lon="4.238029718399048">
        <ele>8.53</ele>
      </trkpt>
      <trkpt lat="52.07946538925171" lon="4.236634969711304">
        <ele>8.05</ele>
      </trkpt>
      <trkpt lat="52.07948684692383" lon="4.236055612564087">
        <ele>7.74</ele>
      </trkpt>
      <trkpt lat="52.07942247390747" lon="4.235551357269287">
        <ele>7.51</ele>
      </trkpt>
      <trkpt lat="52.07936882972717" lon="4.235326051712036">
        <ele>7.39</ele>
      </trkpt>
      <trkpt lat="52.079293727874756" lon="4.235122203826904">
        <ele>7.36</ele>
      </trkpt>
      <trkpt lat="52.07895040512085" lon="4.234628677368164">
        <ele>7.59</ele>
      </trkpt>
      <trkpt lat="52.078564167022705" lon="4.233609437942505">
        <ele>7.88</ele>
      </trkpt>
      <trkpt lat="52.07852125167847" lon="4.233351945877075">
        <ele>7.99</ele>
      </trkpt>
      <trkpt lat="52.0782208442688" lon="4.232751131057739">
        <ele>8.02</ele>
      </trkpt>
      <trkpt lat="52.07794189453125" lon="4.232279062271118">
        <ele>8.24</ele>
      </trkpt>
      <trkpt lat="52.07774877548218" lon="4.231925010681152">
        <ele>8.55</ele>
      </trkpt>
      <trkpt lat="52.07764148712158" lon="4.2317962646484375">
        <ele>8.84</ele>
      </trkpt>
      <trkpt lat="52.0772123336792" lon="4.231528043746948">
        <ele>9.46</ele>
      </trkpt>
      <trkpt lat="52.07667589187622" lon="4.231066703796387">
        <ele>9.91</ele>
      </trkpt>
      <trkpt lat="52.07652568817139" lon="4.230905771255493">
        <ele>10.05</ele>
      </trkpt>
      <trkpt lat="52.076364839449525" lon="4.230626821517944">
        <ele>9.94</ele>
      </trkpt>
      <trkpt lat="52.07592487335205" lon="4.229714870452881">
        <ele>10.02</ele>
      </trkpt>
      <trkpt lat="52.07539916038513" lon="4.228695631027222">
        <ele>9.57</ele>
      </trkpt>
      <trkpt lat="52.075356328859925" lon="4.2286741733551025">
        <ele>9.58</ele>
      </trkpt>
      <trkpt lat="52.075098752975464" lon="4.228652715682983">
        <ele>9.68</ele>
      </trkpt>
      <trkpt lat="52.07486271858215" lon="4.228534698486328">
        <ele>9.77</ele>
      </trkpt>
      <trkpt lat="52.07468032836914" lon="4.228352308273315">
        <ele>9.8</ele>
      </trkpt>
      <trkpt lat="52.07404741086066" lon="4.227880239486694">
        <ele>9.77</ele>
      </trkpt>
      <trkpt lat="52.07327485084534" lon="4.2273008823394775">
        <ele>9.72</ele>
      </trkpt>
      <trkpt lat="52.07243800163269" lon="4.226517677307129">
        <ele>9.63</ele>
      </trkpt>
      <trkpt lat="52.072094678878784" lon="4.226431846618652">
        <ele>9.57</ele>
      </trkpt>
      <trkpt lat="52.07195528782904" lon="4.2263031005859375">
        <ele>9.45</ele>
      </trkpt>
      <trkpt lat="52.07165479660034" lon="4.2257773876190186">
        <ele>9.35</ele>
      </trkpt>
      <trkpt lat="52.071590423583984" lon="4.225691556930542">
        <ele>9.25</ele>
      </trkpt>
      <trkpt lat="52.07153686322272" lon="4.225670099258423">
        <ele>9.16</ele>
      </trkpt>
      <trkpt lat="52.07146167755127" lon="4.225680828094482">
        <ele>9.12</ele>
      </trkpt>
      <trkpt lat="52.07123637199402" lon="4.225841760635376">
        <ele>9.09</ele>
      </trkpt>
      <trkpt lat="52.07113981246948" lon="4.225863218307495">
        <ele>9.04</ele>
      </trkpt>
      <trkpt lat="52.071139896288514" lon="4.225863218307495">
        <ele>9.0</ele>
      </trkpt>
      <trkpt lat="52.071086168289185" lon="4.2258524894714355">
        <ele>8.99</ele>
      </trkpt>
      <trkpt lat="52.071053981781006" lon="4.225809574127197">
        <ele>9.02</ele>
      </trkpt>
      <trkpt lat="52.07097887992859" lon="4.225648641586304">
        <ele>9.07</ele>
      </trkpt>
      <trkpt lat="52.070571184158325" lon="4.224575757980347">
        <ele>9.09</ele>
      </trkpt>
      <trkpt lat="52.07043170928955" lon="4.224328994750977">
        <ele>9.22</ele>
      </trkpt>
      <trkpt lat="52.070292234420776" lon="4.224146604537964">
        <ele>9.27</ele>
      </trkpt>
      <trkpt lat="52.07029231823981" lon="4.224146604537964">
        <ele>9.46</ele>
      </trkpt>
      <trkpt lat="52.07017430104315" lon="4.224028587341309">
        <ele>9.65</ele>
      </trkpt>
      <trkpt lat="52.069573402404785" lon="4.223449230194092">
        <ele>10.0</ele>
      </trkpt>
      <trkpt lat="52.06957348622382" lon="4.223449230194092">
        <ele>10.34</ele>
      </trkpt>
      <trkpt lat="52.06939101219177" lon="4.223277568817139">
        <ele>10.82</ele>
      </trkpt>
      <trkpt lat="52.0691442489624" lon="4.222966432571411">
        <ele>11.35</ele>
      </trkpt>
      <trkpt lat="52.06901550292969" lon="4.222794771194458">
        <ele>11.83</ele>
      </trkpt>
      <trkpt lat="52.06894040107727" lon="4.2226338386535645">
        <ele>12.3</ele>
      </trkpt>
      <trkpt lat="52.0689404848963" lon="4.2226338386535645">
        <ele>12.7</ele>
      </trkpt>
      <trkpt lat="52.06889748573303" lon="4.2225587368011475">
        <ele>13.08</ele>
      </trkpt>
      <trkpt lat="52.06883319653571" lon="4.222451448440552">
        <ele>13.44</ele>
      </trkpt>
      <trkpt lat="52.06873663701117" lon="4.22224760055542">
        <ele>13.73</ele>
      </trkpt>
      <trkpt lat="52.0686936378479" lon="4.222151041030884">
        <ele>13.99</ele>
      </trkpt>
      <trkpt lat="52.0681893825531" lon="4.22123908996582">
        <ele>14.23</ele>
      </trkpt>
      <trkpt lat="52.06818946637213" lon="4.22123908996582">
        <ele>14.35</ele>
      </trkpt>
      <trkpt lat="52.06799626350403" lon="4.220938682556152">
        <ele>14.32</ele>
      </trkpt>
      <trkpt lat="52.06795334815979" lon="4.220820665359497">
        <ele>14.31</ele>
      </trkpt>
      <trkpt lat="52.06793189048767" lon="4.2207348346710205">
        <ele>14.23</ele>
      </trkpt>
      <trkpt lat="52.06794261932373" lon="4.2204344272613525">
        <ele>14.14</ele>
      </trkpt>
      <trkpt lat="52.06791043281555" lon="4.220370054244995">
        <ele>13.89</ele>
      </trkpt>
      <trkpt lat="52.067856872454286" lon="4.220294952392578">
        <ele>13.56</ele>
      </trkpt>
      <trkpt lat="52.06754573620856" lon="4.219865798950195">
        <ele>13.16</ele>
      </trkpt>
      <trkpt lat="52.06741690635681" lon="4.219715595245361">
        <ele>12.6</ele>
      </trkpt>
      <trkpt lat="52.06729897297919" lon="4.219597578048706">
        <ele>11.9</ele>
      </trkpt>
      <trkpt lat="52.06714868545532" lon="4.219479560852051">
        <ele>11.08</ele>
      </trkpt>
      <trkpt lat="52.06646212376654" lon="4.218567609786987">
        <ele>10.06</ele>
      </trkpt>
      <trkpt lat="52.06638693809509" lon="4.21850323677063">
        <ele>9.35</ele>
      </trkpt>
      <trkpt lat="52.066311836242676" lon="4.218535423278809">
        <ele>8.63</ele>
      </trkpt>
      <trkpt lat="52.06588268280029" lon="4.218943119049072">
        <ele>7.85</ele>
      </trkpt>
      <trkpt lat="52.065839767456055" lon="4.2189860343933105">
        <ele>7.28</ele>
      </trkpt>
      <trkpt lat="52.065807580947876" lon="4.21899676322937">
        <ele>6.79</ele>
      </trkpt>
      <trkpt lat="52.06565737724304" lon="4.219146966934204">
        <ele>6.35</ele>
      </trkpt>
      <trkpt lat="52.065636003389955" lon="4.219071865081787">
        <ele>6.02</ele>
      </trkpt>
      <trkpt lat="52.065582275390625" lon="4.218943119049072">
        <ele>5.76</ele>
      </trkpt>
      <trkpt lat="52.065550088882446" lon="4.218878746032715">
        <ele>5.55</ele>
      </trkpt>
      <trkpt lat="52.06541061401367" lon="4.218535423278809">
        <ele>5.47</ele>
      </trkpt>
      <trkpt lat="52.06523895263672" lon="4.218192100524902">
        <ele>5.33</ele>
      </trkpt>
      <trkpt lat="52.06523903645575" lon="4.218192100524902">
        <ele>5.29</ele>
      </trkpt>
      <trkpt lat="52.065088748931885" lon="4.217956066131592">
        <ele>5.27</ele>
      </trkpt>
      <trkpt lat="52.06501364707947" lon="4.217880964279175">
        <ele>5.31</ele>
      </trkpt>
      <trkpt lat="52.06474542617798" lon="4.217709302902222">
        <ele>5.39</ele>
      </trkpt>
      <trkpt lat="52.06462740898132" lon="4.217569828033447">
        <ele>5.49</ele>
      </trkpt>
      <trkpt lat="52.063661897554994" lon="4.216142892837524">
        <ele>5.64</ele>
      </trkpt>
      <trkpt lat="52.063307762145996" lon="4.2156171798706055">
        <ele>5.88</ele>
      </trkpt>
      <trkpt lat="52.06330784596503" lon="4.2156171798706055">
        <ele>6.03</ele>
      </trkpt>
      <trkpt lat="52.06243872642517" lon="4.214329719543457">
        <ele>6.13</ele>
      </trkpt>
      <trkpt lat="52.0624388102442" lon="4.214329719543457">
        <ele>6.3</ele>
      </trkpt>
      <trkpt lat="52.06239581108093" lon="4.2142653465271">
        <ele>6.43</ele>
      </trkpt>
      <trkpt lat="52.062395894899964" lon="4.2142653465271">
        <ele>6.6</ele>
      </trkpt>
      <trkpt lat="52.0602285861969" lon="4.21101450920105">
        <ele>6.73</ele>
      </trkpt>
      <trkpt lat="52.05999255180359" lon="4.2106711864471436">
        <ele>6.92</ele>
      </trkpt>
      <trkpt lat="52.05805063247681" lon="4.207731485366821">
        <ele>7.24</ele>
      </trkpt>
      <trkpt lat="52.05797553062439" lon="4.207570552825928">
        <ele>7.44</ele>
      </trkpt>
      <trkpt lat="52.05791115760803" lon="4.2073774337768555">
        <ele>7.61</ele>
      </trkpt>
      <trkpt lat="52.057857513427734" lon="4.20701265335083">
        <ele>7.75</ele>
      </trkpt>
      <trkpt lat="52.057868326082826" lon="4.206787347793579">
        <ele>7.91</ele>
      </trkpt>
      <trkpt lat="52.05790042877197" lon="4.20650839805603">
        <ele>8.07</ele>
      </trkpt>
      <trkpt lat="52.05790042877197" lon="4.206304550170898">
        <ele>8.06</ele>
      </trkpt>
      <trkpt lat="52.05753564834595" lon="4.204459190368652">
        <ele>7.96</ele>
      </trkpt>
      <trkpt lat="52.05744981765747" lon="4.204072952270508">
        <ele>7.9</ele>
      </trkpt>
      <trkpt lat="52.057363986968994" lon="4.203858375549316">
        <ele>7.93</ele>
      </trkpt>
      <trkpt lat="52.05653786659241" lon="4.202978610992432">
        <ele>8.02</ele>
      </trkpt>
      <trkpt lat="52.056312561035156" lon="4.202646017074585">
        <ele>7.94</ele>
      </trkpt>
      <trkpt lat="52.05597996711731" lon="4.2021095752716064">
        <ele>8.02</ele>
      </trkpt>
      <trkpt lat="52.055829763412476" lon="4.201873540878296">
        <ele>7.99</ele>
      </trkpt>
      <trkpt lat="52.05551862716675" lon="4.201487302780151">
        <ele>8.0</ele>
      </trkpt>
      <trkpt lat="52.05505728721619" lon="4.200961589813232">
        <ele>7.89</ele>
      </trkpt>
      <trkpt lat="52.054628133773804" lon="4.200553894042969">
        <ele>8.11</ele>
      </trkpt>
      <trkpt lat="52.05449938774109" lon="4.200382232666016">
        <ele>8.16</ele>
      </trkpt>
      <trkpt lat="52.05441355705261" lon="4.2002105712890625">
        <ele>8.19</ele>
      </trkpt>
      <trkpt lat="52.054102420806885" lon="4.199341535568237">
        <ele>8.35</ele>
      </trkpt>
      <trkpt lat="52.05397367477417" lon="4.199159145355225">
        <ele>8.26</ele>
      </trkpt>
      <trkpt lat="52.053619623184204" lon="4.198869466781616">
        <ele>7.95</ele>
      </trkpt>
      <trkpt lat="52.05339431762695" lon="4.198665618896484">
        <ele>7.92</ele>
      </trkpt>
      <trkpt lat="52.0531690120697" lon="4.1983866691589355">
        <ele>7.97</ele>
      </trkpt>
      <trkpt lat="52.05291152000427" lon="4.198000431060791">
        <ele>8.1</ele>
      </trkpt>
      <trkpt lat="52.052578926086426" lon="4.197421073913574">
        <ele>8.15</ele>
      </trkpt>
      <trkpt lat="52.05223560333252" lon="4.196755886077881">
        <ele>8.29</ele>
      </trkpt>
      <trkpt lat="52.05201029777527" lon="4.1963911056518555">
        <ele>8.61</ele>
      </trkpt>
      <trkpt lat="52.0520103815943" lon="4.1963911056518555">
        <ele>8.71</ele>
      </trkpt>
      <trkpt lat="52.051817178726196" lon="4.196122884750366">
        <ele>8.88</ele>
      </trkpt>
      <trkpt lat="52.05154895782471" lon="4.195876121520996">
        <ele>8.82</ele>
      </trkpt>
      <trkpt lat="52.0512056350708" lon="4.195629358291626">
        <ele>8.79</ele>
      </trkpt>
      <trkpt lat="52.05081948079169" lon="4.195436239242554">
        <ele>8.86</ele>
      </trkpt>
      <trkpt lat="52.05027222633362" lon="4.195135831832886">
        <ele>8.94</ele>
      </trkpt>
      <trkpt lat="52.050068378448486" lon="4.194813966751099">
        <ele>9.04</ele>
      </trkpt>
      <trkpt lat="52.04971432685852" lon="4.194170236587524">
        <ele>8.99</ele>
      </trkpt>
      <trkpt lat="52.048845291137695" lon="4.192829132080078">
        <ele>9.03</ele>
      </trkpt>
      <trkpt lat="52.04872727394104" lon="4.192711114883423">
        <ele>9.04</ele>
      </trkpt>
      <trkpt lat="52.04849123954773" lon="4.192678928375244">
        <ele>9.06</ele>
      </trkpt>
      <trkpt lat="52.048373222351074" lon="4.192582368850708">
        <ele>9.03</ele>
      </trkpt>
      <trkpt lat="52.04815864562988" lon="4.192239046096802">
        <ele>9.06</ele>
      </trkpt>
      <trkpt lat="52.048072814941406" lon="4.192153215408325">
        <ele>9.07</ele>
      </trkpt>
      <trkpt lat="52.047858238220215" lon="4.1920459270477295">
        <ele>8.96</ele>
      </trkpt>
      <trkpt lat="52.046860456466675" lon="4.1906726360321045">
        <ele>9.39</ele>
      </trkpt>
      <trkpt lat="52.04671025276184" lon="4.190415143966675">
        <ele>9.5</ele>
      </trkpt>
      <trkpt lat="52.046613693237305" lon="4.190157651901245">
        <ele>9.64</ele>
      </trkpt>
      <trkpt lat="52.04625964164734" lon="4.189567565917969">
        <ele>9.81</ele>
      </trkpt>
      <trkpt lat="52.046141624450684" lon="4.189492464065552">
        <ele>9.85</ele>
      </trkpt>
      <trkpt lat="52.04590559005737" lon="4.189460277557373">
        <ele>9.82</ele>
      </trkpt>
      <trkpt lat="52.04551935195923" lon="4.1889238357543945">
        <ele>9.57</ele>
      </trkpt>
      <trkpt lat="52.04545497894287" lon="4.188677072525024">
        <ele>9.5</ele>
      </trkpt>
      <trkpt lat="52.04517602920532" lon="4.188258647918701">
        <ele>9.41</ele>
      </trkpt>
      <trkpt lat="52.045100927352905" lon="4.188183546066284">
        <ele>9.26</ele>
      </trkpt>
      <trkpt lat="52.044854164123535" lon="4.188097715377808">
        <ele>9.06</ele>
      </trkpt>
      <trkpt lat="52.04418897628784" lon="4.187196493148804">
        <ele>8.7</ele>
      </trkpt>
      <trkpt lat="52.044124603271484" lon="4.187057018280029">
        <ele>8.42</ele>
      </trkpt>
      <trkpt lat="52.044103145599365" lon="4.186874628067017">
        <ele>8.11</ele>
      </trkpt>
      <trkpt lat="52.04404950141907" lon="4.1867029666900635">
        <ele>7.76</ele>
      </trkpt>
      <trkpt lat="52.04372763633728" lon="4.186316728591919">
        <ele>7.11</ele>
      </trkpt>
      <trkpt lat="52.04292297363281" lon="4.185190200805664">
        <ele>6.83</ele>
      </trkpt>
      <trkpt lat="52.04046607017517" lon="4.18852686882019">
        <ele>5.95</ele>
      </trkpt>
      <trkpt lat="52.04017639160156" lon="4.188891649246216">
        <ele>5.54</ele>
      </trkpt>
      <trkpt lat="52.03980088233948" lon="4.188172817230225">
        <ele>4.75</ele>
      </trkpt>
      <trkpt lat="52.03867435455322" lon="4.185748100280762">
        <ele>4.15</ele>
      </trkpt>
      <trkpt lat="52.03815937042236" lon="4.1848039627075195">
        <ele>3.81</ele>
      </trkpt>
      <trkpt lat="52.038159454241395" lon="4.1848039627075195">
        <ele>3.54</ele>
      </trkpt>
      <trkpt lat="52.03720450401306" lon="4.18330192565918">
        <ele>3.23</ele>
      </trkpt>
      <trkpt lat="52.03670024871826" lon="4.18230414390564">
        <ele>3.17</ele>
      </trkpt>
      <trkpt lat="52.03619599342346" lon="4.181102514266968">
        <ele>3.34</ele>
      </trkpt>
      <trkpt lat="52.035605907440186" lon="4.179997444152832">
        <ele>3.14</ele>
      </trkpt>
      <trkpt lat="52.034897804260254" lon="4.17879581451416">
        <ele>2.78</ele>
      </trkpt>
      <trkpt lat="52.03470468521118" lon="4.17830228805542">
        <ele>2.83</ele>
      </trkpt>
      <trkpt lat="52.03429698944092" lon="4.177604913711548">
        <ele>2.7</ele>
      </trkpt>
      <trkpt lat="52.033599615097046" lon="4.17680025100708">
        <ele>3.06</ele>
      </trkpt>
      <trkpt lat="52.033095359802246" lon="4.176102876663208">
        <ele>2.87</ele>
      </trkpt>
      <trkpt lat="52.03249462880194" lon="4.175126552581787">
        <ele>2.8</ele>
      </trkpt>
      <trkpt lat="52.032451713457704" lon="4.175072908401489">
        <ele>2.88</ele>
      </trkpt>
      <trkpt lat="52.03232288360596" lon="4.174858331680298">
        <ele>3.02</ele>
      </trkpt>
      <trkpt lat="52.031368017196655" lon="4.173077344894409">
        <ele>3.12</ele>
      </trkpt>
      <trkpt lat="52.03129291534424" lon="4.172927141189575">
        <ele>3.21</ele>
      </trkpt>
      <trkpt lat="52.030928218737245" lon="4.171886444091797">
        <ele>3.27</ele>
      </trkpt>
      <trkpt lat="52.030896032229066" lon="4.171832799911499">
        <ele>3.37</ele>
      </trkpt>
      <trkpt lat="52.03030594624579" lon="4.170738458633423">
        <ele>3.57</ele>
      </trkpt>
      <trkpt lat="52.02944755554199" lon="4.1690754890441895">
        <ele>3.66</ele>
      </trkpt>
      <trkpt lat="52.0292866230011" lon="4.16857123374939">
        <ele>3.79</ele>
      </trkpt>
      <trkpt lat="52.02922224998474" lon="4.168335199356079">
        <ele>3.9</ele>
      </trkpt>
      <trkpt lat="52.029104232788086" lon="4.168217182159424">
        <ele>3.93</ele>
      </trkpt>
      <trkpt lat="52.02901840209961" lon="4.168206453323364">
        <ele>3.92</ele>
      </trkpt>
      <trkpt lat="52.028889656066895" lon="4.1682493686676025">
        <ele>3.83</ele>
      </trkpt>
      <trkpt lat="52.0287823677063" lon="4.1682493686676025">
        <ele>3.75</ele>
      </trkpt>
      <trkpt lat="52.028664434328675" lon="4.168109893798828">
        <ele>3.74</ele>
      </trkpt>
      <trkpt lat="52.02753782272339" lon="4.166082143783569">
        <ele>3.67</ele>
      </trkpt>
      <trkpt lat="52.02753790654242" lon="4.166082143783569">
        <ele>3.68</ele>
      </trkpt>
      <trkpt lat="52.027366161346436" lon="4.165792465209961">
        <ele>3.55</ele>
      </trkpt>
      <trkpt lat="52.026679599657655" lon="4.1645050048828125">
        <ele>3.65</ele>
      </trkpt>
      <trkpt lat="52.025928581133485" lon="4.16307806968689">
        <ele>3.82</ele>
      </trkpt>
      <trkpt lat="52.02592849731445" lon="4.16307806968689">
        <ele>3.86</ele>
      </trkpt>
      <trkpt lat="52.02445864677429" lon="4.160395860671997">
        <ele>4.08</ele>
      </trkpt>
      <trkpt lat="52.02408313751221" lon="4.15982723236084">
        <ele>4.09</ele>
      </trkpt>
      <trkpt lat="52.0220232848078" lon="4.157305955886841">
        <ele>3.79</ele>
      </trkpt>
      <trkpt lat="52.02154048718512" lon="4.1567158699035645">
        <ele>3.95</ele>
      </trkpt>
      <trkpt lat="52.02154040336609" lon="4.1567158699035645">
        <ele>3.85</ele>
      </trkpt>
      <trkpt lat="52.0172917842865" lon="4.151512384414673">
        <ele>3.99</ele>
      </trkpt>
      <trkpt lat="52.016959274187684" lon="4.151115417480469">
        <ele>3.29</ele>
      </trkpt>
      <trkpt lat="52.01680907048285" lon="4.150933027267456">
        <ele>2.91</ele>
      </trkpt>
      <trkpt lat="52.01629400253296" lon="4.150353670120239">
        <ele>3.16</ele>
      </trkpt>
      <trkpt lat="52.015650272369385" lon="4.150171279907227">
        <ele>2.77</ele>
      </trkpt>
      <trkpt lat="52.013622522354126" lon="4.149270057678223">
        <ele>2.35</ele>
      </trkpt>
      <trkpt lat="52.011401653289795" lon="4.1484010219573975">
        <ele>2.04</ele>
      </trkpt>
      <trkpt lat="52.01140173710883" lon="4.1484010219573975">
        <ele>1.81</ele>
      </trkpt>
      <trkpt lat="52.01125153340399" lon="4.14833664894104">
        <ele>1.6</ele>
      </trkpt>
      <trkpt lat="52.010436141863465" lon="4.147907495498657">
        <ele>1.45</ele>
      </trkpt>
      <trkpt lat="52.01001771725714" lon="4.147671461105347">
        <ele>1.22</ele>
      </trkpt>
      <trkpt lat="52.00995326042175" lon="4.14758563041687">
        <ele>1.12</ele>
      </trkpt>
      <trkpt lat="52.009867429733276" lon="4.147456884384155">
        <ele>1.06</ele>
      </trkpt>
      <trkpt lat="52.00979232788086" lon="4.147295951843262">
        <ele>1.03</ele>
      </trkpt>
      <trkpt lat="52.00979241169989" lon="4.147295951843262">
        <ele>1.0</ele>
      </trkpt>
      <trkpt lat="52.00929880142212" lon="4.145922660827637">
        <ele>0.99</ele>
      </trkpt>
      <trkpt lat="52.00857996940613" lon="4.144474267959595">
        <ele>1.01</ele>
      </trkpt>
      <trkpt lat="52.00747489929199" lon="4.1423499584198">
        <ele>1.29</ele>
      </trkpt>
      <trkpt lat="52.00734615325928" lon="4.142167568206787">
        <ele>1.28</ele>
      </trkpt>
      <trkpt lat="52.007185220718384" lon="4.141995906829834">
        <ele>1.28</ele>
      </trkpt>
      <trkpt lat="52.005382776260376" lon="4.14034366607666">
        <ele>1.08</ele>
      </trkpt>
      <trkpt lat="52.00520038604736" lon="4.140129089355469">
        <ele>1.29</ele>
      </trkpt>
      <trkpt lat="52.004395723342896" lon="4.13885235786438">
        <ele>1.47</ele>
      </trkpt>
      <trkpt lat="52.004148960113525" lon="4.138519763946533">
        <ele>1.66</ele>
      </trkpt>
      <trkpt lat="52.00387001037598" lon="4.138197898864746">
        <ele>1.88</ele>
      </trkpt>
      <trkpt lat="52.00382709503174" lon="4.138176441192627">
        <ele>2.04</ele>
      </trkpt>
      <trkpt lat="52.00382717885077" lon="4.138176441192627">
        <ele>2.2</ele>
      </trkpt>
      <trkpt lat="52.00378426350653" lon="4.138154983520508">
        <ele>2.36</ele>
      </trkpt>
      <trkpt lat="52.003666162490845" lon="4.137994050979614">
        <ele>2.44</ele>
      </trkpt>
      <trkpt lat="52.003666246309876" lon="4.137994050979614">
        <ele>2.58</ele>
      </trkpt>
      <trkpt lat="52.00324773788452" lon="4.1374897956848145">
        <ele>2.63</ele>
      </trkpt>
      <trkpt lat="52.00224995613098" lon="4.136245250701904">
        <ele>2.94</ele>
      </trkpt>
      <trkpt lat="52.00159558095038" lon="4.1353654861450195">
        <ele>3.11</ele>
      </trkpt>
      <trkpt lat="52.001134157180786" lon="4.134786128997803">
        <ele>3.24</ele>
      </trkpt>
      <trkpt lat="52.00037240982056" lon="4.134174585342407">
        <ele>3.34</ele>
      </trkpt>
      <trkpt lat="52.00037249363959" lon="4.134174585342407">
        <ele>3.35</ele>
      </trkpt>
      <trkpt lat="52.000179374590516" lon="4.134013652801514">
        <ele>3.36</ele>
      </trkpt>
      <trkpt lat="51.99956774711609" lon="4.133563041687012">
        <ele>3.07</ele>
      </trkpt>
      <trkpt lat="51.99952483177185" lon="4.133509397506714">
        <ele>2.99</ele>
      </trkpt>
      <trkpt lat="51.99950337409973" lon="4.133391380310059">
        <ele>2.95</ele>
      </trkpt>
      <trkpt lat="51.99936389923096" lon="4.133391380310059">
        <ele>2.8</ele>
      </trkpt>
      <trkpt lat="51.99899911880493" lon="4.133402109146118">
        <ele>2.53</ele>
      </trkpt>
      <trkpt lat="51.99880608357489" lon="4.1334450244903564">
        <ele>2.47</ele>
      </trkpt>
      <trkpt lat="51.99846267700195" lon="4.133573770523071">
        <ele>2.7</ele>
      </trkpt>
      <trkpt lat="51.998462760820985" lon="4.133573770523071">
        <ele>2.73</ele>
      </trkpt>
      <trkpt lat="51.99837693013251" lon="4.13360595703125">
        <ele>2.84</ele>
      </trkpt>
      <trkpt lat="51.99813016690314" lon="4.133734703063965">
        <ele>2.96</ele>
      </trkpt>
      <trkpt lat="51.9977867603302" lon="4.133970737457275">
        <ele>3.15</ele>
      </trkpt>
      <trkpt lat="51.997400522232056" lon="4.134303331375122">
        <ele>3.19</ele>
      </trkpt>
      <trkpt lat="51.99736833572388" lon="4.13434624671936">
        <ele>3.17</ele>
      </trkpt>
      <trkpt lat="51.99732542037964" lon="4.1345179080963135">
        <ele>3.08</ele>
      </trkpt>
      <trkpt lat="51.9972825050354" lon="4.1345930099487305">
        <ele>2.96</ele>
      </trkpt>
      <trkpt lat="51.997175216674805" lon="4.1346681118011475">
        <ele>2.81</ele>
      </trkpt>
      <trkpt lat="51.997175300493836" lon="4.1346681118011475">
        <ele>2.63</ele>
      </trkpt>
      <trkpt lat="51.99645638465881" lon="4.135193824768066">
        <ele>2.13</ele>
      </trkpt>
      <trkpt lat="51.99609160423279" lon="4.1355907917022705">
        <ele>1.95</ele>
      </trkpt>
      <trkpt lat="51.99596285820007" lon="4.1355907917022705">
        <ele>1.8</ele>
      </trkpt>
      <trkpt lat="51.995898485183716" lon="4.135644435882568">
        <ele>1.61</ele>
      </trkpt>
      <trkpt lat="51.99581265449524" lon="4.135762453079224">
        <ele>1.44</ele>
      </trkpt>
      <trkpt lat="51.995662450790405" lon="4.136084318161011">
        <ele>1.33</ele>
      </trkpt>
      <trkpt lat="51.99557670392096" lon="4.135977029800415">
        <ele>1.26</ele>
      </trkpt>
      <trkpt lat="51.99554443359375" lon="4.135912656784058">
        <ele>1.24</ele>
      </trkpt>
      <trkpt lat="51.995404958724976" lon="4.135655164718628">
        <ele>1.25</ele>
      </trkpt>
      <trkpt lat="51.994653940200806" lon="4.134635925292969">
        <ele>1.22</ele>
      </trkpt>
      <trkpt lat="51.99427843093872" lon="4.134163856506348">
        <ele>1.4</ele>
      </trkpt>
      <trkpt lat="51.992948139086366" lon="4.132779836654663">
        <ele>1.72</ele>
      </trkpt>
      <trkpt lat="51.989697217941284" lon="4.129432439804077">
        <ele>1.94</ele>
      </trkpt>
      <trkpt lat="51.989697301760316" lon="4.129432439804077">
        <ele>2.16</ele>
      </trkpt>
      <trkpt lat="51.988956928253174" lon="4.128681421279907">
        <ele>2.6</ele>
      </trkpt>
      <trkpt lat="51.988957012072206" lon="4.128681421279907">
        <ele>2.84</ele>
      </trkpt>
      <trkpt lat="51.988935554400086" lon="4.128659963607788">
        <ele>3.09</ele>
      </trkpt>
      <trkpt lat="51.98803424835205" lon="4.127748012542725">
        <ele>3.17</ele>
      </trkpt>
      <trkpt lat="51.98807716369629" lon="4.12760853767395">
        <ele>3.45</ele>
      </trkpt>
      <trkpt lat="51.98801287449896" lon="4.127565622329712">
        <ele>3.74</ele>
      </trkpt>
      <trkpt lat="51.987948501482606" lon="4.127522706985474">
        <ele>4.03</ele>
      </trkpt>
      <trkpt lat="51.9878625869751" lon="4.127469062805176">
        <ele>4.35</ele>
      </trkpt>
      <trkpt lat="51.98784112930298" lon="4.127554893493652">
        <ele>4.63</ele>
      </trkpt>
      <trkpt lat="51.987165212631226" lon="4.126814603805542">
        <ele>5.15</ele>
      </trkpt>
      <trkpt lat="51.98629626072943" lon="4.125934839248657">
        <ele>5.66</ele>
      </trkpt>
      <trkpt lat="51.98526629246771" lon="4.1248297691345215">
        <ele>5.72</ele>
      </trkpt>
      <trkpt lat="51.984719038009644" lon="4.124282598495483">
        <ele>6.09</ele>
      </trkpt>
      <trkpt lat="51.983453119173646" lon="4.122952222824097">
        <ele>6.32</ele>
      </trkpt>
      <trkpt lat="51.983453035354614" lon="4.122952222824097">
        <ele>6.63</ele>
      </trkpt>
      <trkpt lat="51.98273420333862" lon="4.122201204299927">
        <ele>7.18</ele>
      </trkpt>
      <trkpt lat="51.98260545730591" lon="4.122018814086914">
        <ele>7.5</ele>
      </trkpt>
      <trkpt lat="51.98249816894531" lon="4.121814966201782">
        <ele>7.82</ele>
      </trkpt>
      <trkpt lat="51.982444608584046" lon="4.12161111831665">
        <ele>8.02</ele>
      </trkpt>
      <trkpt lat="51.98235877789557" lon="4.121171236038208">
        <ele>8.23</ele>
      </trkpt>
      <trkpt lat="51.98227286338806" lon="4.121171236038208">
        <ele>8.43</ele>
      </trkpt>
      <trkpt lat="51.982208574190736" lon="4.121149778366089">
        <ele>8.63</ele>
      </trkpt>
      <trkpt lat="51.98201545514166" lon="4.121042490005493">
        <ele>8.82</ele>
      </trkpt>
      <trkpt lat="51.981961727142334" lon="4.1210103034973145">
        <ele>9.02</ele>
      </trkpt>
      <trkpt lat="51.98189735412598" lon="4.120978116989136">
        <ele>9.22</ele>
      </trkpt>
      <trkpt lat="51.98182225227356" lon="4.1209352016448975">
        <ele>9.4</ele>
      </trkpt>
      <trkpt lat="51.98177933692932" lon="4.1210854053497314">
        <ele>9.61</ele>
      </trkpt>
      <trkpt lat="51.981682777404785" lon="4.121224880218506">
        <ele>9.81</ele>
      </trkpt>
      <trkpt lat="51.98163994587958" lon="4.121385812759399">
        <ele>9.98</ele>
      </trkpt>
      <trkpt lat="51.98163994587958" lon="4.121493101119995">
        <ele>10.05</ele>
      </trkpt>
      <trkpt lat="51.98167213238776" lon="4.1216325759887695">
        <ele>10.06</ele>
      </trkpt>
      <trkpt lat="51.981425285339355" lon="4.121643304824829">
        <ele>9.94</ele>
      </trkpt>
      <trkpt lat="51.98131799697876" lon="4.121696949005127">
        <ele>9.77</ele>
      </trkpt>
      <trkpt lat="51.98123216629028" lon="4.121761322021484">
        <ele>9.54</ele>
      </trkpt>
      <trkpt lat="51.98103904724121" lon="4.122018814086914">
        <ele>9.14</ele>
      </trkpt>
      <trkpt lat="51.98072791099548" lon="4.122673273086548">
        <ele>8.74</ele>
      </trkpt>
      <trkpt lat="51.980727994814515" lon="4.122673273086548">
        <ele>8.4</ele>
      </trkpt>
      <trkpt lat="51.978914737701416" lon="4.1262030601501465">
        <ele>7.92</ele>
      </trkpt>
      <trkpt lat="51.978667974472046" lon="4.126546382904053">
        <ele>7.5</ele>
      </trkpt>
      <trkpt lat="51.97837829589844" lon="4.126836061477661">
        <ele>7.09</ele>
      </trkpt>
      <trkpt lat="51.97831400670111" lon="4.1269004344940186">
        <ele>6.76</ele>
      </trkpt>
      <trkpt lat="51.978249633684754" lon="4.126954078674316">
        <ele>6.41</ele>
      </trkpt>
      <trkpt lat="51.978185176849365" lon="4.127018451690674">
        <ele>6.04</ele>
      </trkpt>
      <trkpt lat="51.97738059796393" lon="4.127490520477295">
        <ele>5.77</ele>
      </trkpt>
      <trkpt lat="51.976736867800355" lon="4.127887487411499">
        <ele>5.44</ele>
      </trkpt>
      <trkpt lat="51.97654366493225" lon="4.128037691116333">
        <ele>5.29</ele>
      </trkpt>
      <trkpt lat="51.97639346122742" lon="4.128187894821167">
        <ele>5.1</ele>
      </trkpt>
      <trkpt lat="51.976221883669496" lon="4.128402471542358">
        <ele>4.95</ele>
      </trkpt>
      <trkpt lat="51.976189613342285" lon="4.128456115722656">
        <ele>4.79</ele>
      </trkpt>
      <trkpt lat="51.97538503445685" lon="4.130290746688843">
        <ele>4.56</ele>
      </trkpt>
      <trkpt lat="51.97538495063782" lon="4.130290746688843">
        <ele>4.46</ele>
      </trkpt>
      <trkpt lat="51.97499871253967" lon="4.131159782409668">
        <ele>4.19</ele>
      </trkpt>
      <trkpt lat="51.97479486465454" lon="4.131664037704468">
        <ele>4.29</ele>
      </trkpt>
      <trkpt lat="51.974666118621826" lon="4.131878614425659">
        <ele>4.37</ele>
      </trkpt>
      <trkpt lat="51.97451591491699" lon="4.132039546966553">
        <ele>4.47</ele>
      </trkpt>
      <trkpt lat="51.97437644004822" lon="4.132243394851685">
        <ele>4.46</ele>
      </trkpt>
      <trkpt lat="51.97423696517944" lon="4.132533073425293">
        <ele>4.42</ele>
      </trkpt>
      <trkpt lat="51.97414048947394" lon="4.132812023162842">
        <ele>4.33</ele>
      </trkpt>
      <trkpt lat="51.97414040565491" lon="4.132812023162842">
        <ele>4.3</ele>
      </trkpt>
      <trkpt lat="51.97403311729431" lon="4.1332948207855225">
        <ele>4.19</ele>
      </trkpt>
      <trkpt lat="51.973968744277954" lon="4.133938550949097">
        <ele>4.2</ele>
      </trkpt>
      <trkpt lat="51.97392591275275" lon="4.134163856506348">
        <ele>4.17</ele>
      </trkpt>
      <trkpt lat="51.97352886199951" lon="4.13560152053833">
        <ele>3.99</ele>
      </trkpt>
      <trkpt lat="51.97277784347534" lon="4.137275218963623">
        <ele>4.27</ele>
      </trkpt>
      <trkpt lat="51.97241314686835" lon="4.1378867626190186">
        <ele>3.97</ele>
      </trkpt>
      <trkpt lat="51.97237023152411" lon="4.137994050979614">
        <ele>3.92</ele>
      </trkpt>
      <trkpt lat="51.97112560272217" lon="4.140772819519043">
        <ele>3.94</ele>
      </trkpt>
      <trkpt lat="51.970953941345215" lon="4.14109468460083">
        <ele>3.99</ele>
      </trkpt>
      <trkpt lat="51.970428228378296" lon="4.141813516616821">
        <ele>4.09</ele>
      </trkpt>
      <trkpt lat="51.968733072280884" lon="4.146072864532471">
        <ele>4.22</ele>
      </trkpt>
      <trkpt lat="51.968679428100586" lon="4.146255254745483">
        <ele>4.23</ele>
      </trkpt>
      <trkpt lat="51.96865797042847" lon="4.146437644958496">
        <ele>4.27</ele>
      </trkpt>
      <trkpt lat="51.968668699264526" lon="4.1466522216796875">
        <ele>4.34</ele>
      </trkpt>
      <trkpt lat="51.96879744529724" lon="4.147821664810181">
        <ele>4.36</ele>
      </trkpt>
      <trkpt lat="51.96879744529724" lon="4.148057699203491">
        <ele>4.36</ele>
      </trkpt>
      <trkpt lat="51.968668699264526" lon="4.148068428039551">
        <ele>4.51</ele>
      </trkpt>
      <trkpt lat="51.96857213973999" lon="4.1481006145477295">
        <ele>4.63</ele>
      </trkpt>
      <trkpt lat="51.96849703788757" lon="4.148164987564087">
        <ele>4.7</ele>
      </trkpt>
      <trkpt lat="51.9684112071991" lon="4.1481757164001465">
        <ele>4.72</ele>
      </trkpt>
      <trkpt lat="51.96833610534668" lon="4.148143529891968">
        <ele>4.71</ele>
      </trkpt>
      <trkpt lat="51.968207443133" lon="4.148014783859253">
        <ele>4.67</ele>
      </trkpt>
      <trkpt lat="51.96813234128058" lon="4.147982597351074">
        <ele>4.59</ele>
      </trkpt>
      <trkpt lat="51.96801424026489" lon="4.148014783859253">
        <ele>4.46</ele>
      </trkpt>
      <trkpt lat="51.967949867248535" lon="4.148068428039551">
        <ele>4.34</ele>
      </trkpt>
      <trkpt lat="51.967928409576416" lon="4.148122072219849">
        <ele>4.21</ele>
      </trkpt>
      <trkpt lat="51.96790703572333" lon="4.148154258728027">
        <ele>4.06</ele>
      </trkpt>
      <trkpt lat="51.96787484921515" lon="4.1482508182525635">
        <ele>3.89</ele>
      </trkpt>
      <trkpt lat="51.96781047619879" lon="4.1483259201049805">
        <ele>3.7</ele>
      </trkpt>
      <trkpt lat="51.9677460193634" lon="4.148358106613159">
        <ele>3.51</ele>
      </trkpt>
      <trkpt lat="51.96766018867493" lon="4.1481006145477295">
        <ele>3.35</ele>
      </trkpt>
      <trkpt lat="51.96756362915039" lon="4.148014783859253">
        <ele>3.17</ele>
      </trkpt>
      <trkpt lat="51.96754217147827" lon="4.147993326187134">
        <ele>3.0</ele>
      </trkpt>
      <trkpt lat="51.96749925613403" lon="4.148014783859253">
        <ele>2.84</ele>
      </trkpt>
      <trkpt lat="51.96659803390503" lon="4.150300025939941">
        <ele>2.63</ele>
      </trkpt>
      <trkpt lat="51.96657657623291" lon="4.150353670120239">
        <ele>2.78</ele>
      </trkpt>
      <trkpt lat="51.96654438972473" lon="4.150364398956299">
        <ele>3.03</ele>
      </trkpt>
      <trkpt lat="51.96650147438049" lon="4.150310754776001">
        <ele>3.44</ele>
      </trkpt>
      <trkpt lat="51.96600794792175" lon="4.151566028594971">
        <ele>4.32</ele>
      </trkpt>
      <trkpt lat="51.96534276008606" lon="4.1530680656433105">
        <ele>4.7</ele>
      </trkpt>
      <trkpt lat="51.96509599685669" lon="4.1535937786102295">
        <ele>4.43</ele>
      </trkpt>
      <trkpt lat="51.9638192653656" lon="4.155986309051514">
        <ele>3.72</ele>
      </trkpt>
      <trkpt lat="51.96352422237396" lon="4.1565565299242735">
        <ele>3.95</ele>
      </trkpt>
      <trkpt lat="51.9638192653656" lon="4.155986309051514">
        <ele>3.59</ele>
      </trkpt>
      <trkpt lat="51.96509599685669" lon="4.1535937786102295">
        <ele>4.14</ele>
      </trkpt>
      <trkpt lat="51.96534276008606" lon="4.1530680656433105">
        <ele>4.21</ele>
      </trkpt>
      <trkpt lat="51.96600794792175" lon="4.151566028594971">
        <ele>3.6</ele>
      </trkpt>
      <trkpt lat="51.966501558199525" lon="4.150310754776001">
        <ele>2.47</ele>
      </trkpt>
      <trkpt lat="51.96650147438049" lon="4.150310754776001">
        <ele>1.77</ele>
      </trkpt>
      <trkpt lat="51.966437101364136" lon="4.150235652923584">
        <ele>1.28</ele>
      </trkpt>
      <trkpt lat="51.96616888046265" lon="4.150031805038452">
        <ele>1.0</ele>
      </trkpt>
      <trkpt lat="51.96579337120056" lon="4.149527549743652">
        <ele>0.32</ele>
      </trkpt>
      <trkpt lat="51.965718269348145" lon="4.149484634399414">
        <ele>0.02</ele>
      </trkpt>
      <trkpt lat="51.965675354003906" lon="4.149484634399414">
        <ele>-0.14</ele>
      </trkpt>
      <trkpt lat="51.96563243865967" lon="4.149516820907593">
        <ele>-0.19</ele>
      </trkpt>
      <trkpt lat="51.96556806564331" lon="4.14958119392395">
        <ele>-0.12</ele>
      </trkpt>
      <trkpt lat="51.96128726005554" lon="4.157756567001343">
        <ele>0.77</ele>
      </trkpt>
      <trkpt lat="51.958497762680054" lon="4.163045883178711">
        <ele>-0.03</ele>
      </trkpt>
      <trkpt lat="51.958465576171875" lon="4.163142442703247">
        <ele>0.05</ele>
      </trkpt>
      <trkpt lat="51.958454847335815" lon="4.163249731063843">
        <ele>0.28</ele>
      </trkpt>
      <trkpt lat="51.95844420231879" lon="4.163689613342285">
        <ele>0.47</ele>
      </trkpt>
      <trkpt lat="51.95842266082764" lon="4.165148735046387">
        <ele>2.33</ele>
      </trkpt>
      <trkpt lat="51.95842274464667" lon="4.165148735046387">
        <ele>3.05</ele>
      </trkpt>
      <trkpt lat="51.95839047431946" lon="4.165374040603638">
        <ele>3.66</ele>
      </trkpt>
      <trkpt lat="51.957961320877075" lon="4.166736602783203">
        <ele>4.03</ele>
      </trkpt>
      <trkpt lat="51.95791840553284" lon="4.166843891143799">
        <ele>4.38</ele>
      </trkpt>
      <trkpt lat="51.957725286483765" lon="4.167187213897705">
        <ele>4.84</ele>
      </trkpt>
      <trkpt lat="51.957725370302796" lon="4.167187213897705">
        <ele>4.95</ele>
      </trkpt>
      <trkpt lat="51.95758589543402" lon="4.167423248291016">
        <ele>4.9</ele>
      </trkpt>
      <trkpt lat="51.95534348487854" lon="4.1712963581085205">
        <ele>4.63</ele>
      </trkpt>
      <trkpt lat="51.95492506027222" lon="4.171993732452393">
        <ele>4.29</ele>
      </trkpt>
      <trkpt lat="51.95468910969794" lon="4.172455072402954">
        <ele>3.72</ele>
      </trkpt>
      <trkpt lat="51.954710483551025" lon="4.172691106796265">
        <ele>3.3</ele>
      </trkpt>
      <trkpt lat="51.954442262649536" lon="4.173259735107422">
        <ele>2.55</ele>
      </trkpt>
      <trkpt lat="51.954249143600464" lon="4.173624515533447">
        <ele>2.24</ele>
      </trkpt>
      <trkpt lat="51.954002380371094" lon="4.174150228500366">
        <ele>1.89</ele>
      </trkpt>
      <trkpt lat="51.95372351445258" lon="4.174901247024536">
        <ele>1.39</ele>
      </trkpt>
      <trkpt lat="51.95351958274841" lon="4.174654483795166">
        <ele>1.32</ele>
      </trkpt>
      <trkpt lat="51.953519666567445" lon="4.174654483795166">
        <ele>1.2</ele>
      </trkpt>
      <trkpt lat="51.95343375205994" lon="4.174536466598511">
        <ele>1.22</ele>
      </trkpt>
      <trkpt lat="51.95338010787964" lon="4.1744184494018555">
        <ele>1.3</ele>
      </trkpt>
      <trkpt lat="51.95335865020752" lon="4.17431116104126">
        <ele>1.38</ele>
      </trkpt>
      <trkpt lat="51.95338010787964" lon="4.1741931438446045">
        <ele>1.47</ele>
      </trkpt>
      <trkpt lat="51.95357322692871" lon="4.173839092254639">
        <ele>1.88</ele>
      </trkpt>
      <trkpt lat="51.95360541343689" lon="4.173699617385864">
        <ele>2.25</ele>
      </trkpt>
      <trkpt lat="51.95359468460083" lon="4.173613786697388">
        <ele>2.56</ele>
      </trkpt>
      <trkpt lat="51.953240633010864" lon="4.173152446746826">
        <ele>2.24</ele>
      </trkpt>
      <trkpt lat="51.953208446502686" lon="4.173130989074707">
        <ele>2.15</ele>
      </trkpt>
      <trkpt lat="51.95317625999451" lon="4.173141717910767">
        <ele>2.07</ele>
      </trkpt>
      <trkpt lat="51.9527792930603" lon="4.173882007598877">
        <ele>2.12</ele>
      </trkpt>
      <trkpt lat="51.951953172683716" lon="4.1755664348602295">
        <ele>2.18</ele>
      </trkpt>
      <trkpt lat="51.948745250701904" lon="4.182121753692627">
        <ele>2.76</ele>
      </trkpt>
      <trkpt lat="51.94753289222717" lon="4.1845786571502686">
        <ele>2.55</ele>
      </trkpt>
      <trkpt lat="51.945762634277344" lon="4.188505411148071">
        <ele>2.42</ele>
      </trkpt>
      <trkpt lat="51.945762718096375" lon="4.188505411148071">
        <ele>2.46</ele>
      </trkpt>
      <trkpt lat="51.94544076919556" lon="4.189234972000122">
        <ele>2.71</ele>
      </trkpt>
      <trkpt lat="51.9443678855896" lon="4.191831350326538">
        <ele>2.74</ele>
      </trkpt>
      <trkpt lat="51.94353103637695" lon="4.193944931030273">
        <ele>2.54</ele>
      </trkpt>
      <trkpt lat="51.942511796951294" lon="4.196691513061523">
        <ele>2.97</ele>
      </trkpt>
      <trkpt lat="51.941009759902954" lon="4.20102596282959">
        <ele>2.79</ele>
      </trkpt>
      <trkpt lat="51.94061279296875" lon="4.2021095752716064">
        <ele>2.74</ele>
      </trkpt>
      <trkpt lat="51.94009780883789" lon="4.203504323959351">
        <ele>2.84</ele>
      </trkpt>
      <trkpt lat="51.939936876297" lon="4.204051494598389">
        <ele>2.75</ele>
      </trkpt>
      <trkpt lat="51.93916440010071" lon="4.206326007843018">
        <ele>2.13</ele>
      </trkpt>
      <trkpt lat="51.93767317570746" lon="4.210585355758667">
        <ele>2.04</ele>
      </trkpt>
      <trkpt lat="51.93755507469177" lon="4.210724830627441">
        <ele>1.89</ele>
      </trkpt>
      <trkpt lat="51.93710446357727" lon="4.211969375610352">
        <ele>1.84</ele>
      </trkpt>
      <trkpt lat="51.93704009056091" lon="4.212108850479126">
        <ele>1.82</ele>
      </trkpt>
      <trkpt lat="51.93678259849548" lon="4.212838411331177">
        <ele>1.71</ele>
      </trkpt>
      <trkpt lat="51.936761140823364" lon="4.2129456996917725">
        <ele>1.71</ele>
      </trkpt>
      <trkpt lat="51.93608522415161" lon="4.214769601821899">
        <ele>1.89</ele>
      </trkpt>
      <trkpt lat="51.93591356277466" lon="4.21525239944458">
        <ele>2.0</ele>
      </trkpt>
      <trkpt lat="51.935527324676514" lon="4.2162394523620605">
        <ele>2.03</ele>
      </trkpt>
      <trkpt lat="51.93510890007019" lon="4.217226505279541">
        <ele>1.97</ele>
      </trkpt>
      <trkpt lat="51.93443298339844" lon="4.218771457672119">
        <ele>1.97</ele>
      </trkpt>
      <trkpt lat="51.93383225239813" lon="4.220037460327148">
        <ele>2.1</ele>
      </trkpt>
      <trkpt lat="51.933006048202515" lon="4.221668243408203">
        <ele>1.99</ele>
      </trkpt>
      <trkpt lat="51.932051265612245" lon="4.223449230194092">
        <ele>2.63</ele>
      </trkpt>
      <trkpt lat="51.93145036697388" lon="4.22448992729187">
        <ele>2.09</ele>
      </trkpt>
      <trkpt lat="51.93071007728577" lon="4.225680828094482">
        <ele>1.64</ele>
      </trkpt>
      <trkpt lat="51.93020582199097" lon="4.22648549079895">
        <ele>1.56</ele>
      </trkpt>
      <trkpt lat="51.929508531466126" lon="4.22748327255249">
        <ele>1.47</ele>
      </trkpt>
      <trkpt lat="51.92909002304077" lon="4.228073358535767">
        <ele>1.31</ele>
      </trkpt>
      <trkpt lat="51.9290901068598" lon="4.228073358535767">
        <ele>1.21</ele>
      </trkpt>
      <trkpt lat="51.928328359499574" lon="4.22899603843689">
        <ele>1.21</ele>
      </trkpt>
      <trkpt lat="51.92755579948425" lon="4.229854345321655">
        <ele>1.06</ele>
      </trkpt>
      <trkpt lat="51.9254207611084" lon="4.232085943222046">
        <ele>0.99</ele>
      </trkpt>
      <trkpt lat="51.92542084492743" lon="4.232085943222046">
        <ele>0.97</ele>
      </trkpt>
      <trkpt lat="51.92336082458496" lon="4.234263896942139">
        <ele>0.95</ele>
      </trkpt>
      <trkpt lat="51.92336090840399" lon="4.234263896942139">
        <ele>0.98</ele>
      </trkpt>
      <trkpt lat="51.92220219410956" lon="4.235497713088989">
        <ele>1.55</ele>
      </trkpt>
      <trkpt lat="51.92106485366821" lon="4.2367637157440186">
        <ele>1.15</ele>
      </trkpt>
      <trkpt lat="51.92044258117676" lon="4.237504005432129">
        <ele>1.31</ele>
      </trkpt>
      <trkpt lat="51.91995978355408" lon="4.238126277923584">
        <ele>1.65</ele>
      </trkpt>
      <trkpt lat="51.91995986737311" lon="4.238126277923584">
        <ele>1.77</ele>
      </trkpt>
      <trkpt lat="51.919562900438905" lon="4.238641262054443">
        <ele>1.6</ele>
      </trkpt>
      <trkpt lat="51.919058645144105" lon="4.239403009414673">
        <ele>1.76</ele>
      </trkpt>
      <trkpt lat="51.91838264465332" lon="4.2404866218566895">
        <ele>2.17</ele>
      </trkpt>
      <trkpt lat="51.91783547401428" lon="4.24147367477417">
        <ele>2.16</ele>
      </trkpt>
      <trkpt lat="51.91762089729309" lon="4.241870641708374">
        <ele>2.35</ele>
      </trkpt>
      <trkpt lat="51.91718101501465" lon="4.242825508117676">
        <ele>2.72</ele>
      </trkpt>
      <trkpt lat="51.91686987876892" lon="4.243555068969727">
        <ele>2.93</ele>
      </trkpt>
      <trkpt lat="51.91711664199829" lon="4.2440056800842285">
        <ele>3.54</ele>
      </trkpt>
      <trkpt lat="51.91721320152283" lon="4.244091510772705">
        <ele>3.88</ele>
      </trkpt>
      <trkpt lat="51.91749223507941" lon="4.244585037231445">
        <ele>4.16</ele>
      </trkpt>
      <trkpt lat="51.918071592226624" lon="4.245615005493164">
        <ele>4.19</ele>
      </trkpt>
      <trkpt lat="51.91836127080023" lon="4.246290922164917">
        <ele>4.4</ele>
      </trkpt>
      <trkpt lat="51.9183611869812" lon="4.246290922164917">
        <ele>4.52</ele>
      </trkpt>
      <trkpt lat="51.9184148311615" lon="4.246387481689453">
        <ele>4.61</ele>
      </trkpt>
      <trkpt lat="51.91859722137451" lon="4.246580600738525">
        <ele>4.65</ele>
      </trkpt>
      <trkpt lat="51.918050134554505" lon="4.247878789901733">
        <ele>4.79</ele>
      </trkpt>
      <trkpt lat="51.917996406555176" lon="4.247986078262329">
        <ele>4.72</ele>
      </trkpt>
      <trkpt lat="51.917964220047" lon="4.2480504512786865">
        <ele>4.58</ele>
      </trkpt>
      <trkpt lat="51.91788920201361" lon="4.248082637786865">
        <ele>4.41</ele>
      </trkpt>
      <trkpt lat="51.917760372161865" lon="4.248114824295044">
        <ele>4.18</ele>
      </trkpt>
      <trkpt lat="51.91771754063666" lon="4.248157739639282">
        <ele>4.0</ele>
      </trkpt>
      <trkpt lat="51.91771745681763" lon="4.248157739639282">
        <ele>3.84</ele>
      </trkpt>
      <trkpt lat="51.917524421587586" lon="4.248608350753784">
        <ele>3.64</ele>
      </trkpt>
      <trkpt lat="51.917513608932495" lon="4.248683452606201">
        <ele>3.52</ele>
      </trkpt>
      <trkpt lat="51.91762089729309" lon="4.249112606048584">
        <ele>3.35</ele>
      </trkpt>
      <trkpt lat="51.91769608296454" lon="4.249413013458252">
        <ele>3.33</ele>
      </trkpt>
      <trkpt lat="51.91759943962097" lon="4.249488115310669">
        <ele>3.3</ele>
      </trkpt>
      <trkpt lat="51.917524337768555" lon="4.249595403671265">
        <ele>3.34</ele>
      </trkpt>
      <trkpt lat="51.91744923591614" lon="4.249734878540039">
        <ele>3.48</ele>
      </trkpt>
      <trkpt lat="51.91712737083435" lon="4.250528812408447">
        <ele>3.68</ele>
      </trkpt>
      <trkpt lat="51.91706299781799" lon="4.250636100769043">
        <ele>3.85</ele>
      </trkpt>
      <trkpt lat="51.91686987876892" lon="4.250839948654175">
        <ele>4.03</ele>
      </trkpt>
      <trkpt lat="51.9166446570307" lon="4.2509472370147705">
        <ele>4.41</ele>
      </trkpt>
      <trkpt lat="51.91664457321167" lon="4.2509472370147705">
        <ele>4.59</ele>
      </trkpt>
      <trkpt lat="51.91644072532654" lon="4.250936508178711">
        <ele>4.89</ele>
      </trkpt>
      <trkpt lat="51.916258335113525" lon="4.2508721351623535">
        <ele>5.05</ele>
      </trkpt>
      <trkpt lat="51.91611886024475" lon="4.250754117965698">
        <ele>5.07</ele>
      </trkpt>
      <trkpt lat="51.91587218083441" lon="4.25045371055603">
        <ele>5.02</ele>
      </trkpt>
      <trkpt lat="51.915732622146606" lon="4.250303506851196">
        <ele>4.92</ele>
      </trkpt>
      <trkpt lat="51.915013790130615" lon="4.249520301818848">
        <ele>4.99</ele>
      </trkpt>
      <trkpt lat="51.91498160362244" lon="4.249606132507324">
        <ele>4.88</ele>
      </trkpt>
      <trkpt lat="51.91492795944214" lon="4.24971342086792">
        <ele>4.71</ele>
      </trkpt>
      <trkpt lat="51.91492795944214" lon="4.249809980392456">
        <ele>4.52</ele>
      </trkpt>
      <trkpt lat="51.91490658558905" lon="4.2498743534088135">
        <ele>4.31</ele>
      </trkpt>
      <trkpt lat="51.914541805163026" lon="4.250743389129639">
        <ele>4.07</ele>
      </trkpt>
      <trkpt lat="51.91361904144287" lon="4.2537689208984375">
        <ele>3.99</ele>
      </trkpt>
      <trkpt lat="51.913039768114686" lon="4.255582094192505">
        <ele>4.02</ele>
      </trkpt>
      <trkpt lat="51.91296466626227" lon="4.2561399936676025">
        <ele>3.76</ele>
      </trkpt>
      <trkpt lat="51.912846649065614" lon="4.257009029388428">
        <ele>3.53</ele>
      </trkpt>
      <trkpt lat="51.91284656524658" lon="4.257009029388428">
        <ele>3.49</ele>
      </trkpt>
      <trkpt lat="51.91271781921387" lon="4.257416725158691">
        <ele>3.5</ele>
      </trkpt>
      <trkpt lat="51.91268571652472" lon="4.257416725158691">
        <ele>3.53</ele>
      </trkpt>
      <trkpt lat="51.91265344619751" lon="4.257416725158691">
        <ele>3.6</ele>
      </trkpt>
      <trkpt lat="51.9124710559845" lon="4.257845878601074">
        <ele>3.86</ele>
      </trkpt>
      <trkpt lat="51.9122136477381" lon="4.258360862731934">
        <ele>4.06</ele>
      </trkpt>
      <trkpt lat="51.91221356391907" lon="4.258360862731934">
        <ele>4.22</ele>
      </trkpt>
      <trkpt lat="51.91213846206665" lon="4.258532524108887">
        <ele>4.26</ele>
      </trkpt>
      <trkpt lat="51.91220291890204" lon="4.258607625961304">
        <ele>4.5</ele>
      </trkpt>
      <trkpt lat="51.91223502159119" lon="4.258639812469482">
        <ele>4.7</ele>
      </trkpt>
      <trkpt lat="51.912256479263306" lon="4.2587363719940186">
        <ele>4.87</ele>
      </trkpt>
      <trkpt lat="51.912277936935425" lon="4.258897304534912">
        <ele>5.09</ele>
      </trkpt>
      <trkpt lat="51.91234230995178" lon="4.259101152420044">
        <ele>5.33</ele>
      </trkpt>
      <trkpt lat="51.91287875175476" lon="4.260474443435669">
        <ele>5.27</ele>
      </trkpt>
      <trkpt lat="51.91290020942688" lon="4.260581731796265">
        <ele>5.28</ele>
      </trkpt>
      <trkpt lat="51.91293239593506" lon="4.260882139205933">
        <ele>5.23</ele>
      </trkpt>
      <trkpt lat="51.91298612393439" lon="4.261053800582886">
        <ele>5.04</ele>
      </trkpt>
      <trkpt lat="51.913018226623535" lon="4.261139631271362">
        <ele>4.84</ele>
      </trkpt>
      <trkpt lat="51.91296458244324" lon="4.261214733123779">
        <ele>4.73</ele>
      </trkpt>
      <trkpt lat="51.912835920229554" lon="4.261536598205566">
        <ele>4.52</ele>
      </trkpt>
      <trkpt lat="51.91266417503357" lon="4.261965751647949">
        <ele>4.22</ele>
      </trkpt>
      <trkpt lat="51.91265344619751" lon="4.262051582336426">
        <ele>4.1</ele>
      </trkpt>
      <trkpt lat="51.91269636154175" lon="4.262137413024902">
        <ele>4.03</ele>
      </trkpt>
      <trkpt lat="51.91247113980353" lon="4.262652397155762">
        <ele>4.07</ele>
      </trkpt>
      <trkpt lat="51.912009716033936" lon="4.263660907745361">
        <ele>4.42</ele>
      </trkpt>
      <trkpt lat="51.91172012127936" lon="4.264240264892578">
        <ele>4.73</ele>
      </trkpt>
      <trkpt lat="51.91148400306702" lon="4.26470160484314">
        <ele>4.98</ele>
      </trkpt>
      <trkpt lat="51.911011934280396" lon="4.265484809875488">
        <ele>4.89</ele>
      </trkpt>
      <trkpt lat="51.91038974560797" lon="4.266815185546875">
        <ele>5.62</ele>
      </trkpt>
      <trkpt lat="51.91038966178894" lon="4.266815185546875">
        <ele>5.89</ele>
      </trkpt>
      <trkpt lat="51.90985321998596" lon="4.268070459365845">
        <ele>5.72</ele>
      </trkpt>
      <trkpt lat="51.90784692764282" lon="4.272050857543945">
        <ele>6.28</ele>
      </trkpt>
      <trkpt lat="51.907782554626465" lon="4.272040128707886">
        <ele>6.62</ele>
      </trkpt>
      <trkpt lat="51.907750368118286" lon="4.2719972133636475">
        <ele>6.88</ele>
      </trkpt>
      <trkpt lat="51.90768599510193" lon="4.272007942199707">
        <ele>7.14</ele>
      </trkpt>
      <trkpt lat="51.907525062561035" lon="4.272265434265137">
        <ele>7.37</ele>
      </trkpt>
      <trkpt lat="51.90726765431464" lon="4.2728447914123535">
        <ele>7.43</ele>
      </trkpt>
      <trkpt lat="51.9072783831507" lon="4.273113012313843">
        <ele>7.39</ele>
      </trkpt>
      <trkpt lat="51.90734267234802" lon="4.273456335067749">
        <ele>7.32</ele>
      </trkpt>
      <trkpt lat="51.90739631652832" lon="4.273585081100464">
        <ele>7.16</ele>
      </trkpt>
      <trkpt lat="51.90795421600342" lon="4.274507761001587">
        <ele>6.58</ele>
      </trkpt>
      <trkpt lat="51.908050775527954" lon="4.274765253067017">
        <ele>6.32</ele>
      </trkpt>
      <trkpt lat="51.90812587738037" lon="4.275344610214233">
        <ele>6.15</ele>
      </trkpt>
      <trkpt lat="51.90813660621643" lon="4.275602102279663">
        <ele>5.93</ele>
      </trkpt>
      <trkpt lat="51.90813660621643" lon="4.275977611541748">
        <ele>5.62</ele>
      </trkpt>
      <trkpt lat="51.908061588183045" lon="4.276449680328369">
        <ele>5.34</ele>
      </trkpt>
      <trkpt lat="51.9079864025116" lon="4.276750087738037">
        <ele>5.17</ele>
      </trkpt>
      <trkpt lat="51.90791130065918" lon="4.276953935623169">
        <ele>5.0</ele>
      </trkpt>
      <trkpt lat="51.90746068954468" lon="4.278059005737305">
        <ele>4.6</ele>
      </trkpt>
      <trkpt lat="51.90733194351196" lon="4.278520345687866">
        <ele>4.56</ele>
      </trkpt>
      <trkpt lat="51.90723538398743" lon="4.278992414474487">
        <ele>4.98</ele>
      </trkpt>
      <trkpt lat="51.90717101097107" lon="4.279239177703857">
        <ele>5.44</ele>
      </trkpt>
      <trkpt lat="51.90702089108527" lon="4.279657602310181">
        <ele>5.77</ele>
      </trkpt>
      <trkpt lat="51.906613195315" lon="4.280548095703125">
        <ele>6.58</ele>
      </trkpt>
      <trkpt lat="51.906548822298646" lon="4.280719757080078">
        <ele>7.06</ele>
      </trkpt>
      <trkpt lat="51.90643072128296" lon="4.2808592319488525">
        <ele>7.53</ele>
      </trkpt>
      <trkpt lat="51.906269788742065" lon="4.2809343338012695">
        <ele>8.0</ele>
      </trkpt>
      <trkpt lat="51.906023025512695" lon="4.280987977981567">
        <ele>8.43</ele>
      </trkpt>
      <trkpt lat="51.90582990646362" lon="4.281116724014282">
        <ele>8.78</ele>
      </trkpt>
      <trkpt lat="51.90577634610236" lon="4.28117036819458">
        <ele>9.02</ele>
      </trkpt>
      <trkpt lat="51.90544366836548" lon="4.282060861587524">
        <ele>9.08</ele>
      </trkpt>
      <trkpt lat="51.905315006151795" lon="4.282811880111694">
        <ele>8.97</ele>
      </trkpt>
      <trkpt lat="51.905035972595215" lon="4.283627271652222">
        <ele>9.01</ele>
      </trkpt>
      <trkpt lat="51.905035972595215" lon="4.283734560012817">
        <ele>8.91</ele>
      </trkpt>
      <trkpt lat="51.905014514923096" lon="4.283874034881592">
        <ele>8.76</ele>
      </trkpt>
      <trkpt lat="51.90496095456183" lon="4.283992052078247">
        <ele>8.53</ele>
      </trkpt>
      <trkpt lat="51.9049608707428" lon="4.283992052078247">
        <ele>8.34</ele>
      </trkpt>
      <trkpt lat="51.90486431121826" lon="4.284249544143677">
        <ele>8.05</ele>
      </trkpt>
      <trkpt lat="51.904757022857666" lon="4.284303188323975">
        <ele>7.85</ele>
      </trkpt>
      <trkpt lat="51.90467127598822" lon="4.284517765045166">
        <ele>7.62</ele>
      </trkpt>
      <trkpt lat="51.903340900316834" lon="4.287993907928467">
        <ele>7.55</ele>
      </trkpt>
      <trkpt lat="51.9033408164978" lon="4.287993907928467">
        <ele>7.3</ele>
      </trkpt>
      <trkpt lat="51.902782917022705" lon="4.2893993854522705">
        <ele>6.78</ele>
      </trkpt>
      <trkpt lat="51.90199979580939" lon="4.291266202926636">
        <ele>6.3</ele>
      </trkpt>
      <trkpt lat="51.901999711990356" lon="4.291266202926636">
        <ele>6.11</ele>
      </trkpt>
      <trkpt lat="51.90197825431824" lon="4.2912983894348145">
        <ele>5.98</ele>
      </trkpt>
      <trkpt lat="51.90196760930121" lon="4.291330575942993">
        <ele>5.9</ele>
      </trkpt>
      <trkpt lat="51.90147399902344" lon="4.292510747909546">
        <ele>6.14</ele>
      </trkpt>
      <trkpt lat="51.900787353515625" lon="4.294345378875732">
        <ele>6.09</ele>
      </trkpt>
      <trkpt lat="51.90070152282715" lon="4.29465651512146">
        <ele>6.07</ele>
      </trkpt>
      <trkpt lat="51.90068006515503" lon="4.29491400718689">
        <ele>6.04</ele>
      </trkpt>
      <trkpt lat="51.90068006515503" lon="4.295225143432617">
        <ele>5.98</ele>
      </trkpt>
      <trkpt lat="51.90072298049927" lon="4.295547008514404">
        <ele>5.92</ele>
      </trkpt>
      <trkpt lat="51.901066303253174" lon="4.296780824661255">
        <ele>5.5</ele>
      </trkpt>
      <trkpt lat="51.90111994743347" lon="4.296995401382446">
        <ele>5.42</ele>
      </trkpt>
      <trkpt lat="51.90118440426886" lon="4.297424554824829">
        <ele>5.47</ele>
      </trkpt>
      <trkpt lat="51.901270151138306" lon="4.298057556152344">
        <ele>5.48</ele>
      </trkpt>
      <trkpt lat="51.90134525299072" lon="4.298475980758667">
        <ele>5.32</ele>
      </trkpt>
      <trkpt lat="51.90139898099005" lon="4.298915863037109">
        <ele>5.34</ele>
      </trkpt>
      <trkpt lat="51.90142035484314" lon="4.299194812774658">
        <ele>5.32</ele>
      </trkpt>
      <trkpt lat="51.90142035484314" lon="4.299870729446411">
        <ele>5.3</ele>
      </trkpt>
      <trkpt lat="51.90138816833496" lon="4.3006861209869385">
        <ele>5.46</ele>
      </trkpt>
      <trkpt lat="51.9013237953186" lon="4.301512241363525">
        <ele>5.48</ele>
      </trkpt>
      <trkpt lat="51.9008731842041" lon="4.305342435836792">
        <ele>5.24</ele>
      </trkpt>
      <trkpt lat="51.90075525082648" lon="4.306715726852417">
        <ele>4.81</ele>
      </trkpt>
      <trkpt lat="51.90074443817139" lon="4.3068766593933105">
        <ele>4.77</ele>
      </trkpt>
      <trkpt lat="51.90063714981079" lon="4.308314323425293">
        <ele>4.79</ele>
      </trkpt>
      <trkpt lat="51.90089464187622" lon="4.309301376342773">
        <ele>4.45</ele>
      </trkpt>
      <trkpt lat="51.900819540023804" lon="4.310041666030884">
        <ele>4.39</ele>
      </trkpt>
      <trkpt lat="51.90061569213867" lon="4.311361312866211">
        <ele>4.69</ele>
      </trkpt>
      <trkpt lat="51.900551319122314" lon="4.311500787734985">
        <ele>4.79</ele>
      </trkpt>
      <trkpt lat="51.900519132614136" lon="4.31164026260376">
        <ele>4.9</ele>
      </trkpt>
      <trkpt lat="51.90050848759711" lon="4.311833381652832">
        <ele>5.0</ele>
      </trkpt>
      <trkpt lat="51.900508403778076" lon="4.311833381652832">
        <ele>5.07</ele>
      </trkpt>
      <trkpt lat="51.90048694610596" lon="4.312176704406738">
        <ele>5.19</ele>
      </trkpt>
      <trkpt lat="51.90052994526923" lon="4.3122947216033936">
        <ele>5.2</ele>
      </trkpt>
      <trkpt lat="51.900529861450195" lon="4.3122947216033936">
        <ele>5.23</ele>
      </trkpt>
      <trkpt lat="51.900572776794434" lon="4.312402009963989">
        <ele>5.22</ele>
      </trkpt>
      <trkpt lat="51.90073370933533" lon="4.313485622406006">
        <ele>5.23</ele>
      </trkpt>
      <trkpt lat="51.9009268283844" lon="4.3154168128967285">
        <ele>5.38</ele>
      </trkpt>
      <trkpt lat="51.90107703208923" lon="4.317573308944702">
        <ele>5.0</ele>
      </trkpt>
      <trkpt lat="51.90118440426886" lon="4.317916631698608">
        <ele>4.87</ele>
      </trkpt>
      <trkpt lat="51.901259422302246" lon="4.3181312084198">
        <ele>4.73</ele>
      </trkpt>
      <trkpt lat="51.90135598182678" lon="4.318495988845825">
        <ele>4.61</ele>
      </trkpt>
      <trkpt lat="51.90168857574463" lon="4.319579601287842">
        <ele>4.47</ele>
      </trkpt>
      <trkpt lat="51.90188177861273" lon="4.320008754730225">
        <ele>4.39</ele>
      </trkpt>
      <trkpt lat="51.901935338974" lon="4.3201375007629395">
        <ele>4.21</ele>
      </trkpt>
      <trkpt lat="51.90194606781006" lon="4.320234060287476">
        <ele>4.05</ele>
      </trkpt>
      <trkpt lat="51.90191388130188" lon="4.3205344676971436">
        <ele>3.86</ele>
      </trkpt>
      <trkpt lat="51.901935338974" lon="4.3206095695495605">
        <ele>3.69</ele>
      </trkpt>
      <trkpt lat="51.90197833813727" lon="4.320652484893799">
        <ele>3.51</ele>
      </trkpt>
      <trkpt lat="51.90203198231757" lon="4.320716857910156">
        <ele>3.34</ele>
      </trkpt>
      <trkpt lat="51.90208554267883" lon="4.320770502090454">
        <ele>3.18</ele>
      </trkpt>
      <trkpt lat="51.902042627334595" lon="4.320974349975586">
        <ele>3.1</ele>
      </trkpt>
      <trkpt lat="51.902021169662476" lon="4.321188926696777">
        <ele>3.02</ele>
      </trkpt>
      <trkpt lat="51.902042627334595" lon="4.321339130401611">
        <ele>2.94</ele>
      </trkpt>
      <trkpt lat="51.90213918685913" lon="4.321832656860352">
        <ele>2.84</ele>
      </trkpt>
      <trkpt lat="51.90216064453125" lon="4.32212233543396">
        <ele>2.8</ele>
      </trkpt>
      <trkpt lat="51.90214991569519" lon="4.322347640991211">
        <ele>2.86</ele>
      </trkpt>
      <trkpt lat="51.90210700035095" lon="4.322669506072998">
        <ele>2.96</ele>
      </trkpt>
      <trkpt lat="51.90186023712158" lon="4.323817491531372">
        <ele>2.82</ele>
      </trkpt>
      <trkpt lat="51.901860320940614" lon="4.323817491531372">
        <ele>2.86</ele>
      </trkpt>
      <trkpt lat="51.901549100875854" lon="4.325287342071533">
        <ele>3.02</ele>
      </trkpt>
      <trkpt lat="51.90138825215399" lon="4.326134920120239">
        <ele>3.31</ele>
      </trkpt>
      <trkpt lat="51.90117359161377" lon="4.327261447906494">
        <ele>3.26</ele>
      </trkpt>
      <trkpt lat="51.90108776092529" lon="4.3278515338897705">
        <ele>3.21</ele>
      </trkpt>
      <trkpt lat="51.90099128521979" lon="4.328666925430298">
        <ele>3.08</ele>
      </trkpt>
      <trkpt lat="51.90091609954834" lon="4.329589605331421">
        <ele>3.37</ele>
      </trkpt>
      <trkpt lat="51.90085172653198" lon="4.331145286560059">
        <ele>3.52</ele>
      </trkpt>
      <trkpt lat="51.9008731842041" lon="4.331907033920288">
        <ele>3.53</ele>
      </trkpt>
      <trkpt lat="51.90090545453131" lon="4.3324220180511475">
        <ele>3.5</ele>
      </trkpt>
      <trkpt lat="51.90095901489258" lon="4.333140850067139">
        <ele>3.47</ele>
      </trkpt>
      <trkpt lat="51.901034116744995" lon="4.3337953090667725">
        <ele>3.45</ele>
      </trkpt>
      <trkpt lat="51.90103420056403" lon="4.3337953090667725">
        <ele>3.53</ele>
      </trkpt>
      <trkpt lat="51.90108776092529" lon="4.334299564361572">
        <ele>3.67</ele>
      </trkpt>
      <trkpt lat="51.90146327018738" lon="4.336552619934082">
        <ele>4.14</ele>
      </trkpt>
      <trkpt lat="51.90149545669556" lon="4.336906671524048">
        <ele>4.23</ele>
      </trkpt>
      <trkpt lat="51.901506185531616" lon="4.337528944015503">
        <ele>4.22</ele>
      </trkpt>
      <trkpt lat="51.901559829711914" lon="4.338001012802124">
        <ele>4.41</ele>
      </trkpt>
      <trkpt lat="51.901538372039795" lon="4.337968826293945">
        <ele>4.8</ele>
      </trkpt>
      <trkpt lat="51.90145262517035" lon="4.337979555130005">
        <ele>5.01</ele>
      </trkpt>
      <trkpt lat="51.90138825215399" lon="4.337979555130005">
        <ele>5.26</ele>
      </trkpt>
      <trkpt lat="51.90134525299072" lon="4.337979555130005">
        <ele>5.53</ele>
      </trkpt>
      <trkpt lat="51.90134525299072" lon="4.338408708572388">
        <ele>5.9</ele>
      </trkpt>
      <trkpt lat="51.90134525299072" lon="4.338655471801758">
        <ele>6.25</ele>
      </trkpt>
      <trkpt lat="51.901280879974365" lon="4.339320659637451">
        <ele>6.63</ele>
      </trkpt>
      <trkpt lat="51.90125950612128" lon="4.339460134506226">
        <ele>6.86</ele>
      </trkpt>
      <trkpt lat="51.90115221776068" lon="4.3405866622924805">
        <ele>7.09</ele>
      </trkpt>
      <trkpt lat="51.901034116744995" lon="4.3417346477508545">
        <ele>7.35</ele>
      </trkpt>
      <trkpt lat="51.901034116744995" lon="4.342153072357178">
        <ele>7.5</ele>
      </trkpt>
      <trkpt lat="51.901066303253174" lon="4.342646598815918">
        <ele>7.53</ele>
      </trkpt>
      <trkpt lat="51.90115213394165" lon="4.34309720993042">
        <ele>7.41</ele>
      </trkpt>
      <trkpt lat="51.9012809637934" lon="4.343547821044922">
        <ele>7.2</ele>
      </trkpt>
      <trkpt lat="51.901280879974365" lon="4.343547821044922">
        <ele>7.09</ele>
      </trkpt>
      <trkpt lat="51.90136679448187" lon="4.343794584274292">
        <ele>7.02</ele>
      </trkpt>
      <trkpt lat="51.90140962600708" lon="4.343912601470947">
        <ele>6.84</ele>
      </trkpt>
      <trkpt lat="51.90145254135132" lon="4.344019889831543">
        <ele>6.61</ele>
      </trkpt>
      <trkpt lat="51.901538372039795" lon="4.344223737716675">
        <ele>6.32</ele>
      </trkpt>
      <trkpt lat="51.90165647305548" lon="4.344395399093628">
        <ele>5.96</ele>
      </trkpt>
      <trkpt lat="51.90187104977667" lon="4.344620704650879">
        <ele>5.54</ele>
      </trkpt>
      <trkpt lat="51.90187096595764" lon="4.344620704650879">
        <ele>5.23</ele>
      </trkpt>
      <trkpt lat="51.902064085006714" lon="4.34484601020813">
        <ele>4.9</ele>
      </trkpt>
      <trkpt lat="51.90217145718634" lon="4.345017671585083">
        <ele>4.56</ele>
      </trkpt>
      <trkpt lat="51.90222501754761" lon="4.345124959945679">
        <ele>4.24</ele>
      </trkpt>
      <trkpt lat="51.9023323059082" lon="4.345393180847168">
        <ele>3.95</ele>
      </trkpt>
      <trkpt lat="51.90258979797363" lon="4.346863031387329">
        <ele>3.73</ele>
      </trkpt>
      <trkpt lat="51.90261125564575" lon="4.347045421600342">
        <ele>3.5</ele>
      </trkpt>
      <trkpt lat="51.90266489982605" lon="4.347174167633057">
        <ele>3.27</ele>
      </trkpt>
      <trkpt lat="51.90272935666144" lon="4.3471527099609375">
        <ele>3.05</ele>
      </trkpt>
      <trkpt lat="51.902793645858765" lon="4.347120523452759">
        <ele>2.87</ele>
      </trkpt>
      <trkpt lat="51.902836645022035" lon="4.3473780155181885">
        <ele>2.73</ele>
      </trkpt>
      <trkpt lat="51.902858102694154" lon="4.347517490386963">
        <ele>2.66</ele>
      </trkpt>
      <trkpt lat="51.90290093421936" lon="4.347699880599976">
        <ele>2.65</ele>
      </trkpt>
      <trkpt lat="51.90296530723572" lon="4.347785711288452">
        <ele>2.66</ele>
      </trkpt>
      <trkpt lat="51.90304049290717" lon="4.347871541976929">
        <ele>2.69</ele>
      </trkpt>
      <trkpt lat="51.903040409088135" lon="4.347871541976929">
        <ele>2.72</ele>
      </trkpt>
      <trkpt lat="51.90312623977661" lon="4.347892999649048">
        <ele>2.77</ele>
      </trkpt>
      <trkpt lat="51.90319061279297" lon="4.347882270812988">
        <ele>2.84</ele>
      </trkpt>
      <trkpt lat="51.90360903739929" lon="4.3476784229278564">
        <ele>2.81</ele>
      </trkpt>
      <trkpt lat="51.903748512268066" lon="4.347646236419678">
        <ele>2.84</ele>
      </trkpt>
      <trkpt lat="51.903769969940186" lon="4.347753524780273">
        <ele>2.97</ele>
      </trkpt>
      <trkpt lat="51.90377005375922" lon="4.347753524780273">
        <ele>3.09</ele>
      </trkpt>
      <trkpt lat="51.9038987159729" lon="4.3484508991241455">
        <ele>3.38</ele>
      </trkpt>
      <trkpt lat="51.904252767562866" lon="4.3500816822052">
        <ele>3.54</ele>
      </trkpt>
      <trkpt lat="51.904499530792236" lon="4.351015090942383">
        <ele>3.81</ele>
      </trkpt>
      <trkpt lat="51.904757022857666" lon="4.351937770843506">
        <ele>3.64</ele>
      </trkpt>
      <trkpt lat="51.90507888793945" lon="4.352935552597046">
        <ele>3.76</ele>
      </trkpt>
      <trkpt lat="51.905357837677" lon="4.353729486465454">
        <ele>3.87</ele>
      </trkpt>
      <trkpt lat="51.906023025512695" lon="4.355360269546509">
        <ele>3.92</ele>
      </trkpt>
      <trkpt lat="51.90613031387329" lon="4.355381727218628">
        <ele>3.91</ele>
      </trkpt>
      <trkpt lat="51.906259059906006" lon="4.355703592300415">
        <ele>3.93</ele>
      </trkpt>
      <trkpt lat="51.906538009643555" lon="4.356282949447632">
        <ele>3.9</ele>
      </trkpt>
      <trkpt lat="51.907299757003784" lon="4.357677698135376">
        <ele>3.99</ele>
      </trkpt>
      <trkpt lat="51.90760016441345" lon="4.3583643436431885">
        <ele>3.91</ele>
      </trkpt>
      <trkpt lat="51.907600248232484" lon="4.3583643436431885">
        <ele>3.93</ele>
      </trkpt>
      <trkpt lat="51.90809369087219" lon="4.3592119216918945">
        <ele>3.83</ele>
      </trkpt>
      <trkpt lat="51.908801794052124" lon="4.360295534133911">
        <ele>4.13</ele>
      </trkpt>
      <trkpt lat="51.90970301628113" lon="4.361604452133179">
        <ele>4.12</ele>
      </trkpt>
      <trkpt lat="51.909778118133545" lon="4.3618083000183105">
        <ele>4.23</ele>
      </trkpt>
      <trkpt lat="51.90983176231384" lon="4.362012147903442">
        <ele>4.41</ele>
      </trkpt>
      <trkpt lat="51.9098424911499" lon="4.362441301345825">
        <ele>4.61</ele>
      </trkpt>
      <trkpt lat="51.909853303804994" lon="4.362548589706421">
        <ele>4.84</ele>
      </trkpt>
      <trkpt lat="51.90964937210083" lon="4.363642930984497">
        <ele>5.07</ele>
      </trkpt>
      <trkpt lat="51.90966018475592" lon="4.363803863525391">
        <ele>5.45</ele>
      </trkpt>
      <trkpt lat="51.90958499908447" lon="4.36406135559082">
        <ele>5.79</ele>
      </trkpt>
      <trkpt lat="51.909306049346924" lon="4.365370273590088">
        <ele>6.27</ele>
      </trkpt>
      <trkpt lat="51.909263134002686" lon="4.365423917770386">
        <ele>6.58</ele>
      </trkpt>
      <trkpt lat="51.90911301411688" lon="4.3654561042785645">
        <ele>6.83</ele>
      </trkpt>
      <trkpt lat="51.90899499692023" lon="4.365477561950684">
        <ele>7.07</ele>
      </trkpt>
      <trkpt lat="51.9088876247406" lon="4.365488290786743">
        <ele>7.32</ele>
      </trkpt>
      <trkpt lat="51.90886625088751" lon="4.365638494491577">
        <ele>7.6</ele>
      </trkpt>
      <trkpt lat="51.908844793215394" lon="4.365777969360352">
        <ele>7.8</ele>
      </trkpt>
      <trkpt lat="51.908801794052124" lon="4.365981817245483">
        <ele>8.03</ele>
      </trkpt>
      <trkpt lat="51.90869450569153" lon="4.3665289878845215">
        <ele>8.18</ele>
      </trkpt>
      <trkpt lat="51.90864086151123" lon="4.366861581802368">
        <ele>8.11</ele>
      </trkpt>
      <trkpt lat="51.90858721733093" lon="4.367333650588989">
        <ele>7.87</ele>
      </trkpt>
      <trkpt lat="51.90856575965881" lon="4.367848634719849">
        <ele>7.51</ele>
      </trkpt>
      <trkpt lat="51.90860867500305" lon="4.369103908538818">
        <ele>7.42</ele>
      </trkpt>
      <trkpt lat="51.90858721733093" lon="4.3692755699157715">
        <ele>7.03</ele>
      </trkpt>
      <trkpt lat="51.90857648849487" lon="4.369436502456665">
        <ele>6.66</ele>
      </trkpt>
      <trkpt lat="51.90857648849487" lon="4.369790554046631">
        <ele>6.17</ele>
      </trkpt>
      <trkpt lat="51.90863013267517" lon="4.370541572570801">
        <ele>5.52</ele>
      </trkpt>
      <trkpt lat="51.90869450569153" lon="4.371206760406494">
        <ele>5.0</ele>
      </trkpt>
      <trkpt lat="51.908834064379334" lon="4.372075796127319">
        <ele>4.79</ele>
      </trkpt>
      <trkpt lat="51.908855522051454" lon="4.372193813323975">
        <ele>4.55</ele>
      </trkpt>
      <trkpt lat="51.909048557281494" lon="4.373009204864502">
        <ele>4.37</ele>
      </trkpt>
      <trkpt lat="51.90922021865845" lon="4.373577833175659">
        <ele>4.39</ele>
      </trkpt>
      <trkpt lat="51.909542083740234" lon="4.374511241912842">
        <ele>4.32</ele>
      </trkpt>
      <trkpt lat="51.909595811739564" lon="4.3746936321258545">
        <ele>4.46</ele>
      </trkpt>
      <trkpt lat="51.9096387270838" lon="4.374865293502808">
        <ele>4.71</ele>
      </trkpt>
      <trkpt lat="51.9096923712641" lon="4.37504768371582">
        <ele>5.03</ele>
      </trkpt>
      <trkpt lat="51.90969228744507" lon="4.37504768371582">
        <ele>5.25</ele>
      </trkpt>
      <trkpt lat="51.909745931625366" lon="4.37529444694519">
        <ele>5.64</ele>
      </trkpt>
      <trkpt lat="51.91020727157593" lon="4.376935958862305">
        <ele>5.5</ele>
      </trkpt>
      <trkpt lat="51.910239458084106" lon="4.377171993255615">
        <ele>5.87</ele>
      </trkpt>
      <trkpt lat="51.91026099957526" lon="4.377483129501343">
        <ele>6.26</ele>
      </trkpt>
      <trkpt lat="51.91031455993652" lon="4.377536773681641">
        <ele>6.63</ele>
      </trkpt>
      <trkpt lat="51.91051849164069" lon="4.378223419189453">
        <ele>7.23</ele>
      </trkpt>
      <trkpt lat="51.910518407821655" lon="4.378223419189453">
        <ele>7.66</ele>
      </trkpt>
      <trkpt lat="51.91067934036255" lon="4.378781318664551">
        <ele>8.16</ele>
      </trkpt>
      <trkpt lat="51.910797357559204" lon="4.378695487976074">
        <ele>8.67</ele>
      </trkpt>
      <trkpt lat="51.910851085558534" lon="4.378867149353027">
        <ele>9.13</ele>
      </trkpt>
      <trkpt lat="51.91088327206671" lon="4.379006624221802">
        <ele>9.56</ele>
      </trkpt>
      <trkpt lat="51.91092610359192" lon="4.379124641418457">
        <ele>9.95</ele>
      </trkpt>
      <trkpt lat="51.9109582901001" lon="4.379210472106934">
        <ele>10.32</ele>
      </trkpt>
      <trkpt lat="51.911054849624634" lon="4.379446506500244">
        <ele>10.68</ele>
      </trkpt>
      <trkpt lat="51.91117286682129" lon="4.38005805015564">
        <ele>10.85</ele>
      </trkpt>
      <trkpt lat="51.911301696673036" lon="4.381324052810669">
        <ele>10.96</ele>
      </trkpt>
      <trkpt lat="51.911312425509095" lon="4.381431341171265">
        <ele>11.12</ele>
      </trkpt>
      <trkpt lat="51.9113552570343" lon="4.382021427154541">
        <ele>11.28</ele>
      </trkpt>
      <trkpt lat="51.91136598587036" lon="4.382697343826294">
        <ele>11.38</ele>
      </trkpt>
      <trkpt lat="51.911258697509766" lon="4.383244514465332">
        <ele>11.26</ele>
      </trkpt>
      <trkpt lat="51.91119440831244" lon="4.383480548858643">
        <ele>11.07</ele>
      </trkpt>
      <trkpt lat="51.91118359565735" lon="4.383587837219238">
        <ele>10.88</ele>
      </trkpt>
      <trkpt lat="51.91119440831244" lon="4.383716583251953">
        <ele>10.66</ele>
      </trkpt>
      <trkpt lat="51.91123723983765" lon="4.383974075317383">
        <ele>10.37</ele>
      </trkpt>
      <trkpt lat="51.91124805249274" lon="4.38403844833374">
        <ele>10.05</ele>
      </trkpt>
      <trkpt lat="51.911301612854004" lon="4.384489059448242">
        <ele>9.75</ele>
      </trkpt>
      <trkpt lat="51.91123732365668" lon="4.385915994644165">
        <ele>9.3</ele>
      </trkpt>
      <trkpt lat="51.91123723983765" lon="4.385915994644165">
        <ele>8.89</ele>
      </trkpt>
      <trkpt lat="51.91122659482062" lon="4.386119842529297">
        <ele>8.45</ele>
      </trkpt>
      <trkpt lat="51.91121586598456" lon="4.386323690414429">
        <ele>7.88</ele>
      </trkpt>
      <trkpt lat="51.91110857762396" lon="4.388329982757568">
        <ele>7.4</ele>
      </trkpt>
      <trkpt lat="51.911087119951844" lon="4.388490915298462">
        <ele>6.92</ele>
      </trkpt>
      <trkpt lat="51.911054933443666" lon="4.388930797576904">
        <ele>6.59</ele>
      </trkpt>
      <trkpt lat="51.911033475771546" lon="4.389113187789917">
        <ele>6.21</ele>
      </trkpt>
      <trkpt lat="51.911033475771546" lon="4.3892741203308105">
        <ele>5.82</ele>
      </trkpt>
      <trkpt lat="51.911011934280396" lon="4.389703273773193">
        <ele>5.31</ele>
      </trkpt>
      <trkpt lat="51.911022663116455" lon="4.389992952346802">
        <ele>4.88</ele>
      </trkpt>
      <trkpt lat="51.911054933443666" lon="4.390357732772827">
        <ele>4.38</ele>
      </trkpt>
      <trkpt lat="51.911076391115785" lon="4.390711784362793">
        <ele>4.05</ele>
      </trkpt>
      <trkpt lat="51.911097848787904" lon="4.3908727169036865">
        <ele>3.89</ele>
      </trkpt>
      <trkpt lat="51.91113003529608" lon="4.39152717590332">
        <ele>4.08</ele>
      </trkpt>
      <trkpt lat="51.91121586598456" lon="4.392299652099609">
        <ele>3.97</ele>
      </trkpt>
      <trkpt lat="51.911323154345155" lon="4.392975568771362">
        <ele>3.78</ele>
      </trkpt>
      <trkpt lat="51.91145190037787" lon="4.393651485443115">
        <ele>3.66</ele>
      </trkpt>
      <trkpt lat="51.91145181655884" lon="4.393651485443115">
        <ele>3.6</ele>
      </trkpt>
      <trkpt lat="51.911602104082704" lon="4.3943703174591064">
        <ele>3.63</ele>
      </trkpt>
      <trkpt lat="51.91160202026367" lon="4.3943703174591064">
        <ele>3.58</ele>
      </trkpt>
      <trkpt lat="51.9117630366236" lon="4.395121335983276">
        <ele>3.46</ele>
      </trkpt>
      <trkpt lat="51.911762952804565" lon="4.395121335983276">
        <ele>3.4</ele>
      </trkpt>
      <trkpt lat="51.91190242767334" lon="4.39552903175354">
        <ele>3.22</ele>
      </trkpt>
      <trkpt lat="51.912063444033265" lon="4.395872354507446">
        <ele>3.05</ele>
      </trkpt>
      <trkpt lat="51.91249259747565" lon="4.396559000015259">
        <ele>3.13</ele>
      </trkpt>
      <trkpt lat="51.912556970492005" lon="4.396687746047974">
        <ele>3.06</ele>
      </trkpt>
      <trkpt lat="51.912996768951416" lon="4.397374391555786">
        <ele>2.94</ele>
      </trkpt>
      <trkpt lat="51.913018226623535" lon="4.3975138664245605">
        <ele>2.83</ele>
      </trkpt>
      <trkpt lat="51.913007497787476" lon="4.397610425949097">
        <ele>2.71</ele>
      </trkpt>
      <trkpt lat="51.9123101234436" lon="4.398747682571411">
        <ele>2.54</ele>
      </trkpt>
      <trkpt lat="51.91220291890204" lon="4.398919343948364">
        <ele>2.38</ele>
      </trkpt>
      <trkpt lat="51.91217064857483" lon="4.39902663230896">
        <ele>2.25</ele>
      </trkpt>
      <trkpt lat="51.91218146122992" lon="4.399176836013794">
        <ele>2.14</ele>
      </trkpt>
      <trkpt lat="51.91223510541022" lon="4.399316310882568">
        <ele>2.06</ele>
      </trkpt>
      <trkpt lat="51.912320936098695" lon="4.3994128704071045">
        <ele>2.05</ele>
      </trkpt>
      <trkpt lat="51.91246032714844" lon="4.399380683898926">
        <ele>2.15</ele>
      </trkpt>
      <trkpt lat="51.912535429000854" lon="4.399391412734985">
        <ele>2.27</ele>
      </trkpt>
      <trkpt lat="51.91263198852539" lon="4.3995630741119385">
        <ele>2.4</ele>
      </trkpt>
      <trkpt lat="51.91264271736145" lon="4.399681091308594">
        <ele>2.56</ele>
      </trkpt>
      <trkpt lat="51.91268563270569" lon="4.3997883796691895">
        <ele>2.82</ele>
      </trkpt>
      <trkpt lat="51.913029039278626" lon="4.400367736816406">
        <ele>3.3</ele>
      </trkpt>
      <trkpt lat="51.913050413131714" lon="4.400399923324585">
        <ele>3.6</ele>
      </trkpt>
      <trkpt lat="51.91307187080383" lon="4.400453567504883">
        <ele>3.9</ele>
      </trkpt>
      <trkpt lat="51.913093412294984" lon="4.400539398193359">
        <ele>4.19</ele>
      </trkpt>
      <trkpt lat="51.9131148699671" lon="4.400603771209717">
        <ele>4.48</ele>
      </trkpt>
      <trkpt lat="51.91312559880316" lon="4.400625228881836">
        <ele>4.73</ele>
      </trkpt>
      <trkpt lat="51.91320070065558" lon="4.400743246078491">
        <ele>5.01</ele>
      </trkpt>
      <trkpt lat="51.91320061683655" lon="4.400743246078491">
        <ele>5.17</ele>
      </trkpt>
      <trkpt lat="51.913329446688294" lon="4.400957822799683">
        <ele>5.38</ele>
      </trkpt>
      <trkpt lat="51.91349037922919" lon="4.401193857192993">
        <ele>5.49</ele>
      </trkpt>
      <trkpt lat="51.91381216049194" lon="4.401655197143555">
        <ele>5.34</ele>
      </trkpt>
      <trkpt lat="51.91389799118042" lon="4.4017088413238525">
        <ele>5.26</ele>
      </trkpt>
      <trkpt lat="51.913994550704956" lon="4.40176248550415">
        <ele>5.16</ele>
      </trkpt>
      <trkpt lat="51.91419848240912" lon="4.4018590450286865">
        <ele>5.04</ele>
      </trkpt>
      <trkpt lat="51.914252042770386" lon="4.401923418045044">
        <ele>4.94</ele>
      </trkpt>
      <trkpt lat="51.914305686950684" lon="4.402180910110474">
        <ele>4.82</ele>
      </trkpt>
      <trkpt lat="51.91437014378607" lon="4.402395486831665">
        <ele>4.89</ele>
      </trkpt>
      <trkpt lat="51.9143807888031" lon="4.402438402175903">
        <ele>4.86</ele>
      </trkpt>
      <trkpt lat="51.914530992507935" lon="4.402899742126465">
        <ele>5.12</ele>
      </trkpt>
      <trkpt lat="51.914541805163026" lon="4.402953386306763">
        <ele>5.06</ele>
      </trkpt>
      <trkpt lat="51.914541721343994" lon="4.402953386306763">
        <ele>4.97</ele>
      </trkpt>
      <trkpt lat="51.914745569229126" lon="4.403543472290039">
        <ele>4.73</ele>
      </trkpt>
      <trkpt lat="51.91465982235968" lon="4.405109882354736">
        <ele>4.27</ele>
      </trkpt>
      <trkpt lat="51.91465973854065" lon="4.405109882354736">
        <ele>4.18</ele>
      </trkpt>
      <trkpt lat="51.914498805999756" lon="4.40751314163208">
        <ele>4.3</ele>
      </trkpt>
      <trkpt lat="51.91439151763916" lon="4.4080281257629395">
        <ele>4.14</ele>
      </trkpt>
      <trkpt lat="51.914337957277894" lon="4.408607482910156">
        <ele>4.34</ele>
      </trkpt>
      <trkpt lat="51.91433787345886" lon="4.408607482910156">
        <ele>4.35</ele>
      </trkpt>
      <trkpt lat="51.914327228441834" lon="4.408693313598633">
        <ele>4.39</ele>
      </trkpt>
      <trkpt lat="51.914316499605775" lon="4.408822059631348">
        <ele>4.44</ele>
      </trkpt>
      <trkpt lat="51.914316499605775" lon="4.408907890319824">
        <ele>4.5</ele>
      </trkpt>
      <trkpt lat="51.914316499605775" lon="4.408982992172241">
        <ele>4.58</ele>
      </trkpt>
      <trkpt lat="51.91421985626221" lon="4.4103991985321045">
        <ele>4.57</ele>
      </trkpt>
      <trkpt lat="51.91408038139343" lon="4.4120728969573975">
        <ele>4.71</ele>
      </trkpt>
      <trkpt lat="51.9139838218689" lon="4.41226601600647">
        <ele>4.91</ele>
      </trkpt>
      <trkpt lat="51.91395171917975" lon="4.412384033203125">
        <ele>5.07</ele>
      </trkpt>
      <trkpt lat="51.91395171917975" lon="4.412480592727661">
        <ele>5.17</ele>
      </trkpt>
      <trkpt lat="51.913994550704956" lon="4.412802457809448">
        <ele>5.37</ele>
      </trkpt>
      <trkpt lat="51.9139838218689" lon="4.4135212898254395">
        <ele>5.45</ele>
      </trkpt>
      <trkpt lat="51.91396236419678" lon="4.414862394332886">
        <ele>5.22</ele>
      </trkpt>
      <trkpt lat="51.91374787129462" lon="4.418209791183472">
        <ele>5.49</ele>
      </trkpt>
      <trkpt lat="51.913747787475586" lon="4.418209791183472">
        <ele>5.59</ele>
      </trkpt>
      <trkpt lat="51.913243532180786" lon="4.426460266113281">
        <ele>5.72</ele>
      </trkpt>
      <trkpt lat="51.91317915916443" lon="4.426921606063843">
        <ele>5.95</ele>
      </trkpt>
      <trkpt lat="51.91315778531134" lon="4.427576065063477">
        <ele>5.96</ele>
      </trkpt>
      <trkpt lat="51.91315770149231" lon="4.427576065063477">
        <ele>6.05</ele>
      </trkpt>
      <trkpt lat="51.91314705647528" lon="4.4277262687683105">
        <ele>6.13</ele>
      </trkpt>
      <trkpt lat="51.91313632763922" lon="4.427887201309204">
        <ele>6.2</ele>
      </trkpt>
      <trkpt lat="51.91313624382019" lon="4.427887201309204">
        <ele>6.26</ele>
      </trkpt>
      <trkpt lat="51.91312559880316" lon="4.428155422210693">
        <ele>6.32</ele>
      </trkpt>
      <trkpt lat="51.91312551498413" lon="4.428155422210693">
        <ele>6.37</ele>
      </trkpt>
      <trkpt lat="51.913028955459595" lon="4.4303977489471436">
        <ele>6.4</ele>
      </trkpt>
      <trkpt lat="51.91301831044257" lon="4.430612325668335">
        <ele>6.36</ele>
      </trkpt>
      <trkpt lat="51.91299685277045" lon="4.430912733078003">
        <ele>6.34</ele>
      </trkpt>
      <trkpt lat="51.912921667099" lon="4.431535005569458">
        <ele>6.46</ele>
      </trkpt>
      <trkpt lat="51.9128680229187" lon="4.4319212436676025">
        <ele>6.53</ele>
      </trkpt>
      <trkpt lat="51.912739276885986" lon="4.432532787322998">
        <ele>6.69</ele>
      </trkpt>
      <trkpt lat="51.91271781921387" lon="4.4327473640441895">
        <ele>6.75</ele>
      </trkpt>
      <trkpt lat="51.91273936070502" lon="4.432897567749023">
        <ele>6.67</ele>
      </trkpt>
      <trkpt lat="51.912760734558105" lon="4.433004856109619">
        <ele>6.57</ele>
      </trkpt>
      <trkpt lat="51.9127715472132" lon="4.433047771453857">
        <ele>6.43</ele>
      </trkpt>
      <trkpt lat="51.91291102208197" lon="4.433391094207764">
        <ele>6.03</ele>
      </trkpt>
      <trkpt lat="51.91297539509833" lon="4.433562755584717">
        <ele>5.78</ele>
      </trkpt>
      <trkpt lat="51.913093412294984" lon="4.4338202476501465">
        <ele>5.49</ele>
      </trkpt>
      <trkpt lat="51.91309332847595" lon="4.4338202476501465">
        <ele>5.38</ele>
      </trkpt>
      <trkpt lat="51.91313624382019" lon="4.433927536010742">
        <ele>5.27</ele>
      </trkpt>
      <trkpt lat="51.91320061683655" lon="4.434034824371338">
        <ele>5.22</ele>
      </trkpt>
      <trkpt lat="51.91343673504889" lon="4.434657096862793">
        <ele>5.19</ele>
      </trkpt>
      <trkpt lat="51.91343665122986" lon="4.434657096862793">
        <ele>5.32</ele>
      </trkpt>
      <trkpt lat="51.91399463452399" lon="4.436577558517456">
        <ele>5.94</ele>
      </trkpt>
      <trkpt lat="51.914177024737" lon="4.437071084976196">
        <ele>6.1</ele>
      </trkpt>
      <trkpt lat="51.91417694091797" lon="4.437071084976196">
        <ele>6.31</ele>
      </trkpt>
      <trkpt lat="51.91447743214667" lon="4.437993764877319">
        <ele>6.96</ele>
      </trkpt>
      <trkpt lat="51.91501387394965" lon="4.439592361450195">
        <ele>6.93</ele>
      </trkpt>
      <trkpt lat="51.91562541760504" lon="4.441405534744263">
        <ele>7.13</ele>
      </trkpt>
      <trkpt lat="51.91597938537598" lon="4.44246768951416">
        <ele>6.97</ele>
      </trkpt>
      <trkpt lat="51.916065299883485" lon="4.4428324699401855">
        <ele>6.9</ele>
      </trkpt>
      <trkpt lat="51.916076028719544" lon="4.4429612159729">
        <ele>6.8</ele>
      </trkpt>
      <trkpt lat="51.91610821522772" lon="4.443047046661377">
        <ele>6.64</ele>
      </trkpt>
      <trkpt lat="51.9161404017359" lon="4.4431328773498535">
        <ele>6.43</ele>
      </trkpt>
      <trkpt lat="51.91619396209717" lon="4.44321870803833">
        <ele>6.18</ele>
      </trkpt>
      <trkpt lat="51.91626914776862" lon="4.443444013595581">
        <ele>5.83</ele>
      </trkpt>
      <trkpt lat="51.916279792785645" lon="4.44347620010376">
        <ele>5.54</ele>
      </trkpt>
      <trkpt lat="51.91644080914557" lon="4.4439697265625">
        <ele>5.09</ele>
      </trkpt>
      <trkpt lat="51.91644072532654" lon="4.4439697265625">
        <ele>4.84</ele>
      </trkpt>
      <trkpt lat="51.91649445332587" lon="4.444152116775513">
        <ele>4.54</ele>
      </trkpt>
      <trkpt lat="51.91668748855591" lon="4.444785118103027">
        <ele>4.37</ele>
      </trkpt>
      <trkpt lat="51.91670894622803" lon="4.444913864135742">
        <ele>4.27</ele>
      </trkpt>
      <trkpt lat="51.91668748855591" lon="4.445053339004517">
        <ele>4.25</ele>
      </trkpt>
      <trkpt lat="51.9167519453913" lon="4.445074796676636">
        <ele>4.28</ele>
      </trkpt>
      <trkpt lat="51.91689142026007" lon="4.445139169692993">
        <ele>4.38</ele>
      </trkpt>
      <trkpt lat="51.91695579327643" lon="4.445171356201172">
        <ele>4.53</ele>
      </trkpt>
      <trkpt lat="51.91699870862067" lon="4.4451820850372314">
        <ele>4.71</ele>
      </trkpt>
      <trkpt lat="51.916998624801636" lon="4.4451820850372314">
        <ele>4.92</ele>
      </trkpt>
      <trkpt lat="51.917524421587586" lon="4.445450305938721">
        <ele>5.26</ele>
      </trkpt>
      <trkpt lat="51.91765308380127" lon="4.445525407791138">
        <ele>5.57</ele>
      </trkpt>
      <trkpt lat="51.917749643325806" lon="4.445589780807495">
        <ele>5.85</ele>
      </trkpt>
      <trkpt lat="51.91782474517822" lon="4.445675611495972">
        <ele>6.06</ele>
      </trkpt>
      <trkpt lat="51.9184684753418" lon="4.446501731872559">
        <ele>6.05</ele>
      </trkpt>
      <trkpt lat="51.91884398460388" lon="4.447091817855835">
        <ele>6.16</ele>
      </trkpt>
      <trkpt lat="51.91892989911139" lon="4.4472527503967285">
        <ele>6.11</ele>
      </trkpt>
      <trkpt lat="51.91892981529236" lon="4.4472527503967285">
        <ele>5.98</ele>
      </trkpt>
      <trkpt lat="51.919219577685" lon="4.447842836380005">
        <ele>5.72</ele>
      </trkpt>
      <trkpt lat="51.91944488324225" lon="4.4483256340026855">
        <ele>5.22</ele>
      </trkpt>
      <trkpt lat="51.91944479942322" lon="4.4485509395599365">
        <ele>4.92</ele>
      </trkpt>
      <trkpt lat="51.91950925625861" lon="4.44871187210083">
        <ele>4.65</ele>
      </trkpt>
      <trkpt lat="51.91956281661987" lon="4.448754787445068">
        <ele>4.42</ele>
      </trkpt>
      <trkpt lat="51.91970229148865" lon="4.448733329772949">
        <ele>4.19</ele>
      </trkpt>
      <trkpt lat="51.919841850176454" lon="4.449044466018677">
        <ele>4.0</ele>
      </trkpt>
      <trkpt lat="51.91984176635742" lon="4.449044466018677">
        <ele>3.89</ele>
      </trkpt>
      <trkpt lat="51.91998132504523" lon="4.449656009674072">
        <ele>3.86</ele>
      </trkpt>
      <trkpt lat="51.919981241226196" lon="4.449656009674072">
        <ele>3.8</ele>
      </trkpt>
      <trkpt lat="51.9201744440943" lon="4.450492858886719">
        <ele>3.76</ele>
      </trkpt>
      <trkpt lat="51.92037829197943" lon="4.451361894607544">
        <ele>4.07</ele>
      </trkpt>
      <trkpt lat="51.920560682192445" lon="4.45219874382019">
        <ele>3.99</ele>
      </trkpt>
      <trkpt lat="51.92056059837341" lon="4.45219874382019">
        <ele>3.69</ele>
      </trkpt>
      <trkpt lat="51.92076453007758" lon="4.45320725440979">
        <ele>2.91</ele>
      </trkpt>
      <trkpt lat="51.92087173461914" lon="4.453797340393066">
        <ele>2.49</ele>
      </trkpt>
      <trkpt lat="51.92093619145453" lon="4.453990459442139">
        <ele>2.32</ele>
      </trkpt>
      <trkpt lat="51.92110776901245" lon="4.454559087753296">
        <ele>2.39</ele>
      </trkpt>
      <trkpt lat="51.92113995552063" lon="4.45470929145813">
        <ele>2.45</ele>
      </trkpt>
      <trkpt lat="51.92109704017639" lon="4.454762935638428">
        <ele>2.48</ele>
      </trkpt>
      <trkpt lat="51.921043395996094" lon="4.454902410507202">
        <ele>2.62</ele>
      </trkpt>
      <trkpt lat="51.921043479815125" lon="4.454988241195679">
        <ele>2.9</ele>
      </trkpt>
      <trkpt lat="51.921054208651185" lon="4.455095529556274">
        <ele>3.26</ele>
      </trkpt>
      <trkpt lat="51.92111849784851" lon="4.455256462097168">
        <ele>3.71</ele>
      </trkpt>
      <trkpt lat="51.92120432853699" lon="4.455331563949585">
        <ele>4.17</ele>
      </trkpt>
      <trkpt lat="51.921257972717285" lon="4.455749988555908">
        <ele>4.67</ele>
      </trkpt>
      <trkpt lat="51.921279514208436" lon="4.456082582473755">
        <ele>4.88</ele>
      </trkpt>
      <trkpt lat="51.921279514208436" lon="4.456415176391602">
        <ele>4.77</ele>
      </trkpt>
      <trkpt lat="51.921300971880555" lon="4.456608295440674">
        <ele>4.76</ele>
      </trkpt>
      <trkpt lat="51.92149409092963" lon="4.457799196243286">
        <ele>4.54</ele>
      </trkpt>
      <trkpt lat="51.921537006273866" lon="4.4580888748168945">
        <ele>4.64</ele>
      </trkpt>
      <trkpt lat="51.921720150858164" lon="4.4594671949744225">
        <ele>4.16</ele>
      </trkpt>
    </trkseg>
  </trk>
</gpx>
