<?xml version="1.0" encoding="UTF-8"?>
<gpx creator="Garmin Connect" version="1.1"
  xsi:schemaLocation="http://www.topografix.com/GPX/1/1 http://www.topografix.com/GPX/11.xsd"
  xmlns:ns3="http://www.garmin.com/xmlschemas/TrackPointExtension/v1"
  xmlns="http://www.topografix.com/GPX/1/1"
  xmlns:xsi="http://www.w3.org/2001/XMLSchema-instance" xmlns:ns2="http://www.garmin.com/xmlschemas/GpxExtensions/v3">
  <metadata>
    <name>Kopie van Veluwe grvl 100km - JvL</name>
    <link href="connect.garmin.com">
      <text>Garmin Connect</text>
    </link>
    <time>2024-06-01T16:29:19.000Z</time>
  </metadata>
  <trk>
    <name>Kopie van Veluwe grvl 100km - JvL</name>
    <trkseg>
      <trkpt lat="52.18998991884291" lon="5.794479986652732">
        <ele>44.31</ele>
      </trkpt>
      <trkpt lat="52.189999809488654" lon="5.794599177315831">
        <ele>44.25</ele>
      </trkpt>
      <trkpt lat="52.19000584445894" lon="5.794671848416328">
        <ele>44.18</ele>
      </trkpt>
      <trkpt lat="52.19001783058047" lon="5.794815765693784">
        <ele>44.01</ele>
      </trkpt>
      <trkpt lat="52.19002990052104" lon="5.794961107894778">
        <ele>43.8</ele>
      </trkpt>
      <trkpt lat="52.19005974009633" lon="5.795321697369218">
        <ele>43.19</ele>
      </trkpt>
      <trkpt lat="52.190071726217866" lon="5.795465614646673">
        <ele>43.0</ele>
      </trkpt>
      <trkpt lat="52.1900837123394" lon="5.795610956847668">
        <ele>42.88</ele>
      </trkpt>
      <trkpt lat="52.190113635733724" lon="5.795971462503076">
        <ele>42.7</ele>
      </trkpt>
      <trkpt lat="52.19013157300651" lon="5.79618813470006">
        <ele>42.64</ele>
      </trkpt>
      <trkpt lat="52.19015562906861" lon="5.79647739417851">
        <ele>42.61</ele>
      </trkpt>
      <trkpt lat="52.19015998765826" lon="5.796529948711395">
        <ele>42.58</ele>
      </trkpt>
      <trkpt lat="52.190207010135055" lon="5.796831110492349">
        <ele>42.44</ele>
      </trkpt>
      <trkpt lat="52.190209943801165" lon="5.796849969774485">
        <ele>42.43</ele>
      </trkpt>
      <trkpt lat="52.19024145975709" lon="5.796966394409537">
        <ele>42.4</ele>
      </trkpt>
      <trkpt lat="52.19025922939181" lon="5.797032192349434">
        <ele>42.4</ele>
      </trkpt>
      <trkpt lat="52.190295439213514" lon="5.79716638661921">
        <ele>42.46</ele>
      </trkpt>
      <trkpt lat="52.190309939906" lon="5.797219946980476">
        <ele>42.5</ele>
      </trkpt>
      <trkpt lat="52.190340366214514" lon="5.797291025519371">
        <ele>42.56</ele>
      </trkpt>
      <trkpt lat="52.19046819023788" lon="5.797589169815183">
        <ele>42.87</ele>
      </trkpt>
      <trkpt lat="52.190519738942385" lon="5.797709450125694">
        <ele>42.97</ele>
      </trkpt>
      <trkpt lat="52.190549997612834" lon="5.797779941931367">
        <ele>43.0</ele>
      </trkpt>
      <trkpt lat="52.19057338312268" lon="5.7978251203894615">
        <ele>43.03</ele>
      </trkpt>
      <trkpt lat="52.19077563844621" lon="5.798214627429843">
        <ele>43.16</ele>
      </trkpt>
      <trkpt lat="52.190804136916995" lon="5.7982695288956165">
        <ele>43.19</ele>
      </trkpt>
      <trkpt lat="52.19081997871399" lon="5.798299955204129">
        <ele>43.21</ele>
      </trkpt>
      <trkpt lat="52.19087764620781" lon="5.798350414261222">
        <ele>43.29</ele>
      </trkpt>
      <trkpt lat="52.190979989245534" lon="5.798439932987094">
        <ele>43.15</ele>
      </trkpt>
      <trkpt lat="52.191166738048196" lon="5.79848418943584">
        <ele>42.93</ele>
      </trkpt>
      <trkpt lat="52.19146940857172" lon="5.798555854707956">
        <ele>42.63</ele>
      </trkpt>
      <trkpt lat="52.19159932807088" lon="5.798586616292596">
        <ele>42.53</ele>
      </trkpt>
      <trkpt lat="52.19172832556069" lon="5.798617210239172">
        <ele>42.52</ele>
      </trkpt>
      <trkpt lat="52.1917399764061" lon="5.798619976267219">
        <ele>42.52</ele>
      </trkpt>
      <trkpt lat="52.19181298278272" lon="5.798588627949357">
        <ele>42.55</ele>
      </trkpt>
      <trkpt lat="52.191855646669865" lon="5.798570355400443">
        <ele>42.59</ele>
      </trkpt>
      <trkpt lat="52.19193996861577" lon="5.798534229397774">
        <ele>42.71</ele>
      </trkpt>
      <trkpt lat="52.19202437438071" lon="5.798498103395104">
        <ele>42.9</ele>
      </trkpt>
      <trkpt lat="52.192229982465506" lon="5.79840992577374">
        <ele>43.46</ele>
      </trkpt>
      <trkpt lat="52.192231407389045" lon="5.798419397324324">
        <ele>43.46</ele>
      </trkpt>
      <trkpt lat="52.19231816008687" lon="5.798981320112944">
        <ele>43.52</ele>
      </trkpt>
      <trkpt lat="52.19235084950924" lon="5.799193298444152">
        <ele>43.58</ele>
      </trkpt>
      <trkpt lat="52.19237255863845" lon="5.799334114417434">
        <ele>43.64</ele>
      </trkpt>
      <trkpt lat="52.19241580925882" lon="5.79961440525949">
        <ele>43.8</ele>
      </trkpt>
      <trkpt lat="52.19245931133628" lon="5.7998961210250854">
        <ele>44.0</ele>
      </trkpt>
      <trkpt lat="52.19247993081808" lon="5.800029980018735">
        <ele>44.12</ele>
      </trkpt>
      <trkpt lat="52.1925479080528" lon="5.800226703286171">
        <ele>44.33</ele>
      </trkpt>
      <trkpt lat="52.19272225163877" lon="5.800731545314193">
        <ele>44.89</ele>
      </trkpt>
      <trkpt lat="52.192765921354294" lon="5.800858112052083">
        <ele>45.05</ele>
      </trkpt>
      <trkpt lat="52.19283171929419" lon="5.80104854889214">
        <ele>45.36</ele>
      </trkpt>
      <trkpt lat="52.192959962412715" lon="5.801419951021671">
        <ele>46.05</ele>
      </trkpt>
      <trkpt lat="52.192962476983666" lon="5.801426824182272">
        <ele>46.05</ele>
      </trkpt>
      <trkpt lat="52.19303992576897" lon="5.801639975979924">
        <ele>46.28</ele>
      </trkpt>
      <trkpt lat="52.19304135069251" lon="5.801642071455717">
        <ele>46.28</ele>
      </trkpt>
      <trkpt lat="52.19306582584977" lon="5.801678784191608">
        <ele>46.38</ele>
      </trkpt>
      <trkpt lat="52.19307999126613" lon="5.801699990406632">
        <ele>46.52</ele>
      </trkpt>
      <trkpt lat="52.193076219409704" lon="5.801705522462726">
        <ele>46.52</ele>
      </trkpt>
      <trkpt lat="52.19295032322407" lon="5.801891852170229">
        <ele>46.45</ele>
      </trkpt>
      <trkpt lat="52.192856362089515" lon="5.802030824124813">
        <ele>46.44</ele>
      </trkpt>
      <trkpt lat="52.19279307872057" lon="5.802124533802271">
        <ele>46.47</ele>
      </trkpt>
      <trkpt lat="52.19257992692292" lon="5.802439944818616">
        <ele>46.63</ele>
      </trkpt>
      <trkpt lat="52.19257364049554" lon="5.802448075264692">
        <ele>46.63</ele>
      </trkpt>
      <trkpt lat="52.19232738018036" lon="5.802763234823942">
        <ele>46.34</ele>
      </trkpt>
      <trkpt lat="52.192221181467175" lon="5.802899021655321">
        <ele>46.25</ele>
      </trkpt>
      <trkpt lat="52.19172874465585" lon="5.803529256954789">
        <ele>46.09</ele>
      </trkpt>
      <trkpt lat="52.19151785597205" lon="5.803799070417881">
        <ele>45.94</ele>
      </trkpt>
      <trkpt lat="52.19139992259443" lon="5.803949944674969">
        <ele>45.87</ele>
      </trkpt>
      <trkpt lat="52.191184256225824" lon="5.804165694862604">
        <ele>45.77</ele>
      </trkpt>
      <trkpt lat="52.1911199670285" lon="5.80422998405993">
        <ele>45.75</ele>
      </trkpt>
      <trkpt lat="52.19103614799678" lon="5.804329141974449">
        <ele>45.73</ele>
      </trkpt>
      <trkpt lat="52.19085560180247" lon="5.804542880505323">
        <ele>45.74</ele>
      </trkpt>
      <trkpt lat="52.190675139427185" lon="5.804756535217166">
        <ele>45.68</ele>
      </trkpt>
      <trkpt lat="52.190422508865595" lon="5.805055433884263">
        <ele>45.47</ele>
      </trkpt>
      <trkpt lat="52.19027766957879" lon="5.805226927623153">
        <ele>45.37</ele>
      </trkpt>
      <trkpt lat="52.190169962123036" lon="5.805354416370392">
        <ele>45.33</ele>
      </trkpt>
      <trkpt lat="52.19013995490968" lon="5.805389955639839">
        <ele>45.32</ele>
      </trkpt>
      <trkpt lat="52.189923115074635" lon="5.805668234825134">
        <ele>45.27</ele>
      </trkpt>
      <trkpt lat="52.1898178383708" lon="5.8058033511042595">
        <ele>45.2</ele>
      </trkpt>
      <trkpt lat="52.189677860587835" lon="5.805982975289226">
        <ele>45.07</ele>
      </trkpt>
      <trkpt lat="52.1895379666239" lon="5.806162599474192">
        <ele>45.0</ele>
      </trkpt>
      <trkpt lat="52.189467223361135" lon="5.806253291666508">
        <ele>45.0</ele>
      </trkpt>
      <trkpt lat="52.189362701028585" lon="5.806387569755316">
        <ele>45.03</ele>
      </trkpt>
      <trkpt lat="52.18915273435414" lon="5.806656964123249">
        <ele>45.19</ele>
      </trkpt>
      <trkpt lat="52.1890820749104" lon="5.806747656315565">
        <ele>45.22</ele>
      </trkpt>
      <trkpt lat="52.189011415466666" lon="5.806838348507881">
        <ele>45.22</ele>
      </trkpt>
      <trkpt lat="52.1888714376837" lon="5.807017972692847">
        <ele>45.16</ele>
      </trkpt>
      <trkpt lat="52.18880144879222" lon="5.807107826694846">
        <ele>45.15</ele>
      </trkpt>
      <trkpt lat="52.1884155459702" lon="5.807603029534221">
        <ele>45.22</ele>
      </trkpt>
      <trkpt lat="52.18826995231211" lon="5.807789945974946">
        <ele>45.22</ele>
      </trkpt>
      <trkpt lat="52.18816903419793" lon="5.807915003970265">
        <ele>45.23</ele>
      </trkpt>
      <trkpt lat="52.18788472004235" lon="5.808267295360565">
        <ele>45.41</ele>
      </trkpt>
      <trkpt lat="52.1877421438694" lon="5.808443818241358">
        <ele>45.53</ele>
      </trkpt>
      <trkpt lat="52.18760040588677" lon="5.808619502931833">
        <ele>45.61</ele>
      </trkpt>
      <trkpt lat="52.18724518083036" lon="5.809059552848339">
        <ele>45.89</ele>
      </trkpt>
      <trkpt lat="52.18717426992953" lon="5.809147395193577">
        <ele>45.92</ele>
      </trkpt>
      <trkpt lat="52.18699665740132" lon="5.80936742015183">
        <ele>45.93</ele>
      </trkpt>
      <trkpt lat="52.186469938606024" lon="5.810019951313734">
        <ele>46.23</ele>
      </trkpt>
      <trkpt lat="52.18646381981671" lon="5.810027662664652">
        <ele>46.23</ele>
      </trkpt>
      <trkpt lat="52.186320992186666" lon="5.8102082926779985">
        <ele>45.99</ele>
      </trkpt>
      <trkpt lat="52.18622786924243" lon="5.810325974598527">
        <ele>46.02</ele>
      </trkpt>
      <trkpt lat="52.18608571216464" lon="5.810505682602525">
        <ele>46.03</ele>
      </trkpt>
      <trkpt lat="52.18583693727851" lon="5.810820255428553">
        <ele>46.08</ele>
      </trkpt>
      <trkpt lat="52.185553293675184" lon="5.811178749427199">
        <ele>46.18</ele>
      </trkpt>
      <trkpt lat="52.18537559732795" lon="5.811403384432197">
        <ele>46.17</ele>
      </trkpt>
      <trkpt lat="52.18523344025016" lon="5.811583092436194">
        <ele>46.21</ele>
      </trkpt>
      <trkpt lat="52.185020204633474" lon="5.811852654442191">
        <ele>46.15</ele>
      </trkpt>
      <trkpt lat="52.184879975393414" lon="5.812029931694269">
        <ele>46.13</ele>
      </trkpt>
      <trkpt lat="52.18473622575402" lon="5.812208047136664">
        <ele>46.12</ele>
      </trkpt>
      <trkpt lat="52.18452206812799" lon="5.812473250553012">
        <ele>46.06</ele>
      </trkpt>
      <trkpt lat="52.18423767015338" lon="5.812825374305248">
        <ele>46.06</ele>
      </trkpt>
      <trkpt lat="52.184130968526006" lon="5.812957556918263">
        <ele>46.04</ele>
      </trkpt>
      <trkpt lat="52.18384589999914" lon="5.813310602679849">
        <ele>45.9</ele>
      </trkpt>
      <trkpt lat="52.18378999270499" lon="5.813379921019077">
        <ele>45.85</ele>
      </trkpt>
      <trkpt lat="52.18355999328196" lon="5.81361997872591">
        <ele>45.67</ele>
      </trkpt>
      <trkpt lat="52.18354725278914" lon="5.813631629571319">
        <ele>45.67</ele>
      </trkpt>
      <trkpt lat="52.18327475711703" lon="5.813882667571306">
        <ele>45.55</ele>
      </trkpt>
      <trkpt lat="52.183197224512696" lon="5.813954081386328">
        <ele>45.48</ele>
      </trkpt>
      <trkpt lat="52.18317995779216" lon="5.813969923183322">
        <ele>45.45</ele>
      </trkpt>
      <trkpt lat="52.18315682373941" lon="5.813986016437411">
        <ele>45.42</ele>
      </trkpt>
      <trkpt lat="52.18282833695412" lon="5.814214171841741">
        <ele>44.82</ele>
      </trkpt>
      <trkpt lat="52.182819955050945" lon="5.814219955354929">
        <ele>44.81</ele>
      </trkpt>
      <trkpt lat="52.18269992619753" lon="5.81428156234324">
        <ele>44.68</ele>
      </trkpt>
      <trkpt lat="52.18244997784495" lon="5.814409973099828">
        <ele>44.55</ele>
      </trkpt>
      <trkpt lat="52.182314191013575" lon="5.814464958384633">
        <ele>44.49</ele>
      </trkpt>
      <trkpt lat="52.18207991681993" lon="5.814559925347567">
        <ele>44.43</ele>
      </trkpt>
      <trkpt lat="52.181831980124116" lon="5.814619017764926">
        <ele>44.38</ele>
      </trkpt>
      <trkpt lat="52.18174388632178" lon="5.814639972522855">
        <ele>44.32</ele>
      </trkpt>
      <trkpt lat="52.181659983471036" lon="5.814659921452403">
        <ele>44.23</ele>
      </trkpt>
      <trkpt lat="52.18165579251945" lon="5.8146606758236885">
        <ele>44.23</ele>
      </trkpt>
      <trkpt lat="52.18129520304501" lon="5.814720438793302">
        <ele>44.03</ele>
      </trkpt>
      <trkpt lat="52.18102773651481" lon="5.814764695242047">
        <ele>43.78</ele>
      </trkpt>
      <trkpt lat="52.180939139798284" lon="5.814779447391629">
        <ele>43.72</ele>
      </trkpt>
      <trkpt lat="52.18080494552851" lon="5.814801659435034">
        <ele>43.67</ele>
      </trkpt>
      <trkpt lat="52.180716348811984" lon="5.814816327765584">
        <ele>43.61</ele>
      </trkpt>
      <trkpt lat="52.18053831718862" lon="5.814845832064748">
        <ele>43.45</ele>
      </trkpt>
      <trkpt lat="52.18040496110916" lon="5.814867960289121">
        <ele>43.36</ele>
      </trkpt>
      <trkpt lat="52.1800971776247" lon="5.814918922260404">
        <ele>43.2</ele>
      </trkpt>
      <trkpt lat="52.179524609819055" lon="5.8150138054043055">
        <ele>42.8</ele>
      </trkpt>
      <trkpt lat="52.17939309775829" lon="5.8150355983525515">
        <ele>42.75</ele>
      </trkpt>
      <trkpt lat="52.17917298898101" lon="5.815072143450379">
        <ele>42.7</ele>
      </trkpt>
      <trkpt lat="52.17890812084079" lon="5.8151159808039665">
        <ele>42.57</ele>
      </trkpt>
      <trkpt lat="52.17855205759406" lon="5.815174989402294">
        <ele>42.47</ele>
      </trkpt>
      <trkpt lat="52.178374864161015" lon="5.815204409882426">
        <ele>42.46</ele>
      </trkpt>
      <trkpt lat="52.17810823582113" lon="5.81524858251214">
        <ele>42.48</ele>
      </trkpt>
      <trkpt lat="52.17801880091429" lon="5.815263418480754">
        <ele>42.45</ele>
      </trkpt>
      <trkpt lat="52.17784160748124" lon="5.815292755141854">
        <ele>42.35</ele>
      </trkpt>
      <trkpt lat="52.177708335220814" lon="5.815314799547195">
        <ele>42.23</ele>
      </trkpt>
      <trkpt lat="52.17761881649494" lon="5.815329635515809">
        <ele>42.19</ele>
      </trkpt>
      <trkpt lat="52.1775293815881" lon="5.815344471484423">
        <ele>42.18</ele>
      </trkpt>
      <trkpt lat="52.17721715569496" lon="5.815396271646023">
        <ele>42.21</ele>
      </trkpt>
      <trkpt lat="52.17672681435943" lon="5.815477492287755">
        <ele>42.18</ele>
      </trkpt>
      <trkpt lat="52.17636982910335" lon="5.815536668524146">
        <ele>42.22</ele>
      </trkpt>
      <trkpt lat="52.176013765856624" lon="5.815595677122474">
        <ele>42.16</ele>
      </trkpt>
      <trkpt lat="52.175790052860975" lon="5.815632725134492">
        <ele>42.14</ele>
      </trkpt>
      <trkpt lat="52.1752102766186" lon="5.815728781744838">
        <ele>42.22</ele>
      </trkpt>
      <trkpt lat="52.17489805072546" lon="5.815780581906438">
        <ele>42.15</ele>
      </trkpt>
      <trkpt lat="52.174764694646" lon="5.815802626311779">
        <ele>42.18</ele>
      </trkpt>
      <trkpt lat="52.17459999024868" lon="5.815829951316118">
        <ele>42.25</ele>
      </trkpt>
      <trkpt lat="52.17434995807707" lon="5.815949980169535">
        <ele>42.37</ele>
      </trkpt>
      <trkpt lat="52.17433034442365" lon="5.815964983776212">
        <ele>42.39</ele>
      </trkpt>
      <trkpt lat="52.17408995144069" lon="5.816149972379208">
        <ele>42.47</ele>
      </trkpt>
      <trkpt lat="52.17382491566241" lon="5.816433280706406">
        <ele>42.57</ele>
      </trkpt>
      <trkpt lat="52.17379993759096" lon="5.816459935158491">
        <ele>42.58</ele>
      </trkpt>
      <trkpt lat="52.17360991984606" lon="5.816699992865324">
        <ele>42.71</ele>
      </trkpt>
      <trkpt lat="52.17332996428013" lon="5.817159991711378">
        <ele>43.01</ele>
      </trkpt>
      <trkpt lat="52.17332761734724" lon="5.817167283967137">
        <ele>43.01</ele>
      </trkpt>
      <trkpt lat="52.173189986497164" lon="5.817589983344078">
        <ele>43.26</ele>
      </trkpt>
      <trkpt lat="52.17315997928381" lon="5.817709928378463">
        <ele>43.33</ele>
      </trkpt>
      <trkpt lat="52.17314681969583" lon="5.817859880626202">
        <ele>43.41</ele>
      </trkpt>
      <trkpt lat="52.173109939321876" lon="5.818279981613159">
        <ele>43.6</ele>
      </trkpt>
      <trkpt lat="52.17311019077897" lon="5.8182925544679165">
        <ele>43.6</ele>
      </trkpt>
      <trkpt lat="52.17311999760568" lon="5.8187599293887615">
        <ele>43.77</ele>
      </trkpt>
      <trkpt lat="52.17322410084307" lon="5.819584541022778">
        <ele>44.08</ele>
      </trkpt>
      <trkpt lat="52.173239942640066" lon="5.819709934294224">
        <ele>44.11</ele>
      </trkpt>
      <trkpt lat="52.17327489517629" lon="5.819938592612743">
        <ele>44.18</ele>
      </trkpt>
      <trkpt lat="52.17329643666744" lon="5.820079408586025">
        <ele>44.26</ele>
      </trkpt>
      <trkpt lat="52.17334999702871" lon="5.820429939776659">
        <ele>44.56</ele>
      </trkpt>
      <trkpt lat="52.173352260142565" lon="5.820429185405374">
        <ele>44.56</ele>
      </trkpt>
      <trkpt lat="52.17347212135792" lon="5.820389203727245">
        <ele>44.62</ele>
      </trkpt>
      <trkpt lat="52.17358997091651" lon="5.8203499764204025">
        <ele>44.71</ele>
      </trkpt>
      <trkpt lat="52.17359039001167" lon="5.820353245362639">
        <ele>44.71</ele>
      </trkpt>
      <trkpt lat="52.17363506555557" lon="5.820688521489501">
        <ele>44.75</ele>
      </trkpt>
      <trkpt lat="52.17366188764572" lon="5.820889184251428">
        <ele>44.79</ele>
      </trkpt>
      <trkpt lat="52.17371569946408" lon="5.821293275803328">
        <ele>44.99</ele>
      </trkpt>
      <trkpt lat="52.173772444948554" lon="5.821718825027347">
        <ele>45.1</ele>
      </trkpt>
      <trkpt lat="52.17384830117226" lon="5.822287704795599">
        <ele>45.36</ele>
      </trkpt>
      <trkpt lat="52.17387679964304" lon="5.822501191869378">
        <ele>45.49</ele>
      </trkpt>
      <trkpt lat="52.17391485348344" lon="5.822786428034306">
        <ele>45.73</ele>
      </trkpt>
      <trkpt lat="52.173942513763905" lon="5.822994215413928">
        <ele>45.85</ele>
      </trkpt>
      <trkpt lat="52.173961037769914" lon="5.823133187368512">
        <ele>45.95</ele>
      </trkpt>
      <trkpt lat="52.1740447729826" lon="5.823760824277997">
        <ele>46.49</ele>
      </trkpt>
      <trkpt lat="52.174111073836684" lon="5.824258038774133">
        <ele>47.15</ele>
      </trkpt>
      <trkpt lat="52.174177542328835" lon="5.824756762012839">
        <ele>47.79</ele>
      </trkpt>
      <trkpt lat="52.174289943650365" lon="5.825599981471896">
        <ele>48.82</ele>
      </trkpt>
      <trkpt lat="52.17429128475487" lon="5.8256107941269875">
        <ele>48.82</ele>
      </trkpt>
      <trkpt lat="52.174316849559546" lon="5.825814809650183">
        <ele>49.01</ele>
      </trkpt>
      <trkpt lat="52.1743243932724" lon="5.825875159353018">
        <ele>49.1</ele>
      </trkpt>
      <trkpt lat="52.17435917817056" lon="5.826153941452503">
        <ele>49.35</ele>
      </trkpt>
      <trkpt lat="52.17439421452582" lon="5.826434148475528">
        <ele>49.55</ele>
      </trkpt>
      <trkpt lat="52.174455486238" lon="5.826924154534936">
        <ele>49.84</ele>
      </trkpt>
      <trkpt lat="52.17448993586004" lon="5.82719991914928">
        <ele>49.95</ele>
      </trkpt>
      <trkpt lat="52.17448725365102" lon="5.827200673520565">
        <ele>49.95</ele>
      </trkpt>
      <trkpt lat="52.17435674741864" lon="5.827235458418727">
        <ele>49.9</ele>
      </trkpt>
      <trkpt lat="52.17418994754553" lon="5.827279966324568">
        <ele>49.78</ele>
      </trkpt>
      <trkpt lat="52.174096908420324" lon="5.827253814786673">
        <ele>49.72</ele>
      </trkpt>
      <trkpt lat="52.17386992648244" lon="5.8271899446845055">
        <ele>49.66</ele>
      </trkpt>
      <trkpt lat="52.17379968613386" lon="5.827137306332588">
        <ele>49.65</ele>
      </trkpt>
      <trkpt lat="52.17368124984205" lon="5.82704845815897">
        <ele>49.39</ele>
      </trkpt>
      <trkpt lat="52.17362995259464" lon="5.8270099852234125">
        <ele>49.29</ele>
      </trkpt>
      <trkpt lat="52.17360028065741" lon="5.826996490359306">
        <ele>49.25</ele>
      </trkpt>
      <trkpt lat="52.17351998202503" lon="5.826959945261478">
        <ele>49.15</ele>
      </trkpt>
      <trkpt lat="52.1735162101686" lon="5.826960615813732">
        <ele>49.15</ele>
      </trkpt>
      <trkpt lat="52.17347237281501" lon="5.826968578621745">
        <ele>49.13</ele>
      </trkpt>
      <trkpt lat="52.173429457470775" lon="5.826976373791695">
        <ele>49.13</ele>
      </trkpt>
      <trkpt lat="52.173409927636385" lon="5.826979978010058">
        <ele>49.14</ele>
      </trkpt>
      <trkpt lat="52.17334555462003" lon="5.827013337984681">
        <ele>49.2</ele>
      </trkpt>
      <trkpt lat="52.17313994653523" lon="5.827119955793023">
        <ele>49.47</ele>
      </trkpt>
      <trkpt lat="52.1731380186975" lon="5.82711978815496">
        <ele>49.47</ele>
      </trkpt>
      <trkpt lat="52.17302997596562" lon="5.827109981328249">
        <ele>49.52</ele>
      </trkpt>
      <trkpt lat="52.173007261008024" lon="5.827087266370654">
        <ele>49.54</ele>
      </trkpt>
      <trkpt lat="52.17293995432556" lon="5.827019959688187">
        <ele>49.54</ele>
      </trkpt>
      <trkpt lat="52.172875329852104" lon="5.82689356058836">
        <ele>49.54</ele>
      </trkpt>
      <trkpt lat="52.17278949916363" lon="5.826725838705897">
        <ele>49.47</ele>
      </trkpt>
      <trkpt lat="52.17273183166981" lon="5.826613185927272">
        <ele>49.38</ele>
      </trkpt>
      <trkpt lat="52.172719929367304" lon="5.826589968055487">
        <ele>49.35</ele>
      </trkpt>
      <trkpt lat="52.17265999875963" lon="5.826439931988716">
        <ele>49.19</ele>
      </trkpt>
      <trkpt lat="52.17258422635496" lon="5.826162323355675">
        <ele>48.92</ele>
      </trkpt>
      <trkpt lat="52.17253996990621" lon="5.825999965891242">
        <ele>48.79</ele>
      </trkpt>
      <trkpt lat="52.17246998101473" lon="5.8258699625730515">
        <ele>48.67</ele>
      </trkpt>
      <trkpt lat="52.172424802556634" lon="5.825822269544005">
        <ele>48.61</ele>
      </trkpt>
      <trkpt lat="52.17234928160906" lon="5.825742557644844">
        <ele>48.46</ele>
      </trkpt>
      <trkpt lat="52.172289937734604" lon="5.825679944828153">
        <ele>48.3</ele>
      </trkpt>
      <trkpt lat="52.17227501794696" lon="5.825660079717636">
        <ele>48.26</ele>
      </trkpt>
      <trkpt lat="52.17219999991357" lon="5.825559999793768">
        <ele>47.99</ele>
      </trkpt>
      <trkpt lat="52.172118024900556" lon="5.8253999054431915">
        <ele>47.65</ele>
      </trkpt>
      <trkpt lat="52.17203160747886" lon="5.825231010094285">
        <ele>47.38</ele>
      </trkpt>
      <trkpt lat="52.17197997495532" lon="5.825129924342036">
        <ele>47.29</ele>
      </trkpt>
      <trkpt lat="52.17193940654397" lon="5.8250735979527235">
        <ele>47.24</ele>
      </trkpt>
      <trkpt lat="52.17183664441109" lon="5.824930937960744">
        <ele>47.19</ele>
      </trkpt>
      <trkpt lat="52.171799931675196" lon="5.824879975989461">
        <ele>47.18</ele>
      </trkpt>
      <trkpt lat="52.171719716861844" lon="5.8248264994472265">
        <ele>47.17</ele>
      </trkpt>
      <trkpt lat="52.171709993854165" lon="5.824819961562753">
        <ele>47.17</ele>
      </trkpt>
      <trkpt lat="52.17158996500075" lon="5.824789954349399">
        <ele>47.2</ele>
      </trkpt>
      <trkpt lat="52.17158703133464" lon="5.8247902896255255">
        <ele>47.2</ele>
      </trkpt>
      <trkpt lat="52.171452417969704" lon="5.824803952127695">
        <ele>47.31</ele>
      </trkpt>
      <trkpt lat="52.171274637803435" lon="5.824821973219514">
        <ele>47.52</ele>
      </trkpt>
      <trkpt lat="52.1711400244385" lon="5.8248356357216835">
        <ele>47.73</ele>
      </trkpt>
      <trkpt lat="52.17105025425553" lon="5.824844688177109">
        <ele>47.9</ele>
      </trkpt>
      <trkpt lat="52.17089996673167" lon="5.824859943240881">
        <ele>48.26</ele>
      </trkpt>
      <trkpt lat="52.17073995620012" lon="5.824819961562753">
        <ele>48.67</ele>
      </trkpt>
      <trkpt lat="52.17073786072433" lon="5.824818452820182">
        <ele>48.67</ele>
      </trkpt>
      <trkpt lat="52.17066996730864" lon="5.824769921600819">
        <ele>48.65</ele>
      </trkpt>
      <trkpt lat="52.17065722681582" lon="5.82475726492703">
        <ele>48.65</ele>
      </trkpt>
      <trkpt lat="52.17058061622083" lon="5.82468057051301">
        <ele>48.6</ele>
      </trkpt>
      <trkpt lat="52.17051993124187" lon="5.82461996935308">
        <ele>48.52</ele>
      </trkpt>
      <trkpt lat="52.170507442206144" lon="5.824599098414183">
        <ele>48.5</ele>
      </trkpt>
      <trkpt lat="52.17044457793236" lon="5.824494324624538">
        <ele>48.34</ele>
      </trkpt>
      <trkpt lat="52.17030996456742" lon="5.824269941076636">
        <ele>47.95</ele>
      </trkpt>
      <trkpt lat="52.17028699815273" lon="5.824237167835236">
        <ele>47.89</ele>
      </trkpt>
      <trkpt lat="52.17021935619414" lon="5.824140524491668">
        <ele>47.76</ele>
      </trkpt>
      <trkpt lat="52.17016998678446" lon="5.824069948866963">
        <ele>47.72</ele>
      </trkpt>
      <trkpt lat="52.17014945112169" lon="5.824051508679986">
        <ele>47.71</ele>
      </trkpt>
      <trkpt lat="52.17006999067962" lon="5.823979927226901">
        <ele>47.71</ele>
      </trkpt>
      <trkpt lat="52.16998198069632" lon="5.823972634971142">
        <ele>47.71</ele>
      </trkpt>
      <trkpt lat="52.169949961826205" lon="5.823969952762127">
        <ele>47.68</ele>
      </trkpt>
      <trkpt lat="52.1698899473995" lon="5.823989985510707">
        <ele>47.65</ele>
      </trkpt>
      <trkpt lat="52.169854240491986" lon="5.824021752923727">
        <ele>47.59</ele>
      </trkpt>
      <trkpt lat="52.169799925759435" lon="5.824069948866963">
        <ele>47.48</ele>
      </trkpt>
      <trkpt lat="52.1697773784399" lon="5.824097441509366">
        <ele>47.43</ele>
      </trkpt>
      <trkpt lat="52.16963463462889" lon="5.824270946905017">
        <ele>47.01</ele>
      </trkpt>
      <trkpt lat="52.16956255026162" lon="5.824358621612191">
        <ele>46.82</ele>
      </trkpt>
      <trkpt lat="52.16945509426296" lon="5.824489211663604">
        <ele>46.62</ele>
      </trkpt>
      <trkpt lat="52.16938376426697" lon="5.824576048180461">
        <ele>46.55</ele>
      </trkpt>
      <trkpt lat="52.16931167989969" lon="5.8246636390686035">
        <ele>46.51</ele>
      </trkpt>
      <trkpt lat="52.169168181717396" lon="5.824838150292635">
        <ele>46.47</ele>
      </trkpt>
      <trkpt lat="52.16906080953777" lon="5.8249687403440475">
        <ele>46.5</ele>
      </trkpt>
      <trkpt lat="52.16902476735413" lon="5.825012577697635">
        <ele>46.54</ele>
      </trkpt>
      <trkpt lat="52.16895335353911" lon="5.82509933039546">
        <ele>46.67</ele>
      </trkpt>
      <trkpt lat="52.16891999356449" lon="5.825139982625842">
        <ele>46.74</ele>
      </trkpt>
      <trkpt lat="52.168792923912406" lon="5.825224639847875">
        <ele>47.0</ele>
      </trkpt>
      <trkpt lat="52.16870994307101" lon="5.825279960408807">
        <ele>47.14</ele>
      </trkpt>
      <trkpt lat="52.168746488168836" lon="5.825564693659544">
        <ele>47.0</ele>
      </trkpt>
      <trkpt lat="52.16876492835581" lon="5.825708191841841">
        <ele>46.96</ele>
      </trkpt>
      <trkpt lat="52.168783117085695" lon="5.825850265100598">
        <ele>46.96</ele>
      </trkpt>
      <trkpt lat="52.16881999745965" lon="5.826137345284224">
        <ele>46.98</ele>
      </trkpt>
      <trkpt lat="52.16883801855147" lon="5.826277993619442">
        <ele>47.01</ele>
      </trkpt>
      <trkpt lat="52.168856458738446" lon="5.826421491801739">
        <ele>47.08</ele>
      </trkpt>
      <trkpt lat="52.168874898925424" lon="5.8265649899840355">
        <ele>47.19</ele>
      </trkpt>
      <trkpt lat="52.16890247538686" lon="5.826780321076512">
        <ele>47.44</ele>
      </trkpt>
      <trkpt lat="52.16897598467767" lon="5.827352972701192">
        <ele>48.3</ele>
      </trkpt>
      <trkpt lat="52.169022001326084" lon="5.827711718156934">
        <ele>48.73</ele>
      </trkpt>
      <trkpt lat="52.169040273875" lon="5.827853791415691">
        <ele>48.95</ele>
      </trkpt>
      <trkpt lat="52.16907707042992" lon="5.828140871599317">
        <ele>49.45</ele>
      </trkpt>
      <trkpt lat="52.169095342978835" lon="5.828282944858074">
        <ele>49.66</ele>
      </trkpt>
      <trkpt lat="52.16915963217616" lon="5.828783847391605">
        <ele>50.3</ele>
      </trkpt>
      <trkpt lat="52.16917798854411" lon="5.828927345573902">
        <ele>50.44</ele>
      </trkpt>
      <trkpt lat="52.169187208637595" lon="5.8289990946650505">
        <ele>50.49</ele>
      </trkpt>
      <trkpt lat="52.169196428731084" lon="5.829070843756199">
        <ele>50.51</ele>
      </trkpt>
      <trkpt lat="52.16921486891806" lon="5.829214425757527">
        <ele>50.51</ele>
      </trkpt>
      <trkpt lat="52.169239930808544" lon="5.829409975558519">
        <ele>50.41</ele>
      </trkpt>
      <trkpt lat="52.16922995634377" lon="5.8293999172747135">
        <ele>50.39</ele>
      </trkpt>
      <trkpt lat="52.16931352391839" lon="5.829736618325114">
        <ele>50.2</ele>
      </trkpt>
      <trkpt lat="52.16949876397848" lon="5.830482775345445">
        <ele>49.95</ele>
      </trkpt>
      <trkpt lat="52.169565903022885" lon="5.83075325936079">
        <ele>49.88</ele>
      </trkpt>
      <trkpt lat="52.16959968209267" lon="5.830889213830233">
        <ele>49.86</ele>
      </trkpt>
      <trkpt lat="52.169633377343416" lon="5.831025084480643">
        <ele>49.88</ele>
      </trkpt>
      <trkpt lat="52.16966682113707" lon="5.831159697845578">
        <ele>49.93</ele>
      </trkpt>
      <trkpt lat="52.16970051638782" lon="5.831295568495989">
        <ele>50.01</ele>
      </trkpt>
      <trkpt lat="52.169766649603844" lon="5.831562029197812">
        <ele>50.12</ele>
      </trkpt>
      <trkpt lat="52.16986622661352" lon="5.831962935626507">
        <ele>50.41</ele>
      </trkpt>
      <trkpt lat="52.16993998736143" lon="5.832259990274906">
        <ele>50.59</ele>
      </trkpt>
      <trkpt lat="52.17000100761652" lon="5.832412960007787">
        <ele>50.7</ele>
      </trkpt>
      <trkpt lat="52.1700971480459" lon="5.832653855904937">
        <ele>50.79</ele>
      </trkpt>
      <trkpt lat="52.17014517635107" lon="5.832774303853512">
        <ele>50.8</ele>
      </trkpt>
      <trkpt lat="52.170337373390794" lon="5.833256179466844">
        <ele>50.76</ele>
      </trkpt>
      <trkpt lat="52.17040945775807" lon="5.83343680948019">
        <ele>50.81</ele>
      </trkpt>
      <trkpt lat="52.17055371031165" lon="5.833798237144947">
        <ele>50.99</ele>
      </trkpt>
      <trkpt lat="52.17062579467893" lon="5.833978867158294">
        <ele>51.14</ele>
      </trkpt>
      <trkpt lat="52.1706978790462" lon="5.834159580990672">
        <ele>51.32</ele>
      </trkpt>
      <trkpt lat="52.17070994898677" lon="5.834189923480153">
        <ele>51.34</ele>
      </trkpt>
      <trkpt lat="52.17079309746623" lon="5.834406595677137">
        <ele>51.52</ele>
      </trkpt>
      <trkpt lat="52.17095905914903" lon="5.834839269518852">
        <ele>51.94</ele>
      </trkpt>
      <trkpt lat="52.17103064060211" lon="5.835025766864419">
        <ele>52.21</ele>
      </trkpt>
      <trkpt lat="52.17117271386087" lon="5.835396163165569">
        <ele>52.9</ele>
      </trkpt>
      <trkpt lat="52.17126759700477" lon="5.835643596947193">
        <ele>53.4</ele>
      </trkpt>
      <trkpt lat="52.17131998389959" lon="5.835779970511794">
        <ele>53.7</ele>
      </trkpt>
      <trkpt lat="52.17142232693732" lon="5.836001755669713">
        <ele>54.22</ele>
      </trkpt>
      <trkpt lat="52.17143992893398" lon="5.836039977148175">
        <ele>54.32</ele>
      </trkpt>
      <trkpt lat="52.17166087590158" lon="5.8364366088062525">
        <ele>55.49</ele>
      </trkpt>
      <trkpt lat="52.17184167355299" lon="5.8367611560970545">
        <ele>56.51</ele>
      </trkpt>
      <trkpt lat="52.171879978850484" lon="5.836829971522093">
        <ele>56.69</ele>
      </trkpt>
      <trkpt lat="52.17193345539272" lon="5.8369222562760115">
        <ele>56.95</ele>
      </trkpt>
      <trkpt lat="52.17199464328587" lon="5.837027700617909">
        <ele>57.17</ele>
      </trkpt>
      <trkpt lat="52.17205650173128" lon="5.837134318426251">
        <ele>57.33</ele>
      </trkpt>
      <trkpt lat="52.1721176058054" lon="5.837239762768149">
        <ele>57.43</ele>
      </trkpt>
      <trkpt lat="52.1721794642508" lon="5.83734629675746">
        <ele>57.46</ele>
      </trkpt>
      <trkpt lat="52.17227149754763" lon="5.837505050003529">
        <ele>57.44</ele>
      </trkpt>
      <trkpt lat="52.172333272174" lon="5.837611583992839">
        <ele>57.46</ele>
      </trkpt>
      <trkpt lat="52.172425389289856" lon="5.837770337238908">
        <ele>57.55</ele>
      </trkpt>
      <trkpt lat="52.17248716391623" lon="5.837876871228218">
        <ele>57.66</ele>
      </trkpt>
      <trkpt lat="52.17254835180938" lon="5.837982315570116">
        <ele>57.82</ele>
      </trkpt>
      <trkpt lat="52.172579197213054" lon="5.838035624474287">
        <ele>57.92</ele>
      </trkpt>
      <trkpt lat="52.17261012643576" lon="5.838088849559426">
        <ele>58.05</ele>
      </trkpt>
      <trkpt lat="52.17267131432891" lon="5.838194377720356">
        <ele>58.37</ele>
      </trkpt>
      <trkpt lat="52.17273308895528" lon="5.838300911709666">
        <ele>58.72</ele>
      </trkpt>
      <trkpt lat="52.17274993658066" lon="5.8383299969136715">
        <ele>58.66</ele>
      </trkpt>
      <trkpt lat="52.172795701771975" lon="5.838171076029539">
        <ele>58.43</ele>
      </trkpt>
      <trkpt lat="52.172851944342256" lon="5.837975945323706">
        <ele>58.21</ele>
      </trkpt>
      <trkpt lat="52.17288941144943" lon="5.837845858186483">
        <ele>58.11</ele>
      </trkpt>
      <trkpt lat="52.172908103093505" lon="5.837780814617872">
        <ele>58.08</ele>
      </trkpt>
      <trkpt lat="52.172964345663786" lon="5.837585683912039">
        <ele>58.04</ele>
      </trkpt>
      <trkpt lat="52.17300214804709" lon="5.837454255670309">
        <ele>58.06</ele>
      </trkpt>
      <trkpt lat="52.17305830679834" lon="5.837259124964476">
        <ele>58.17</ele>
      </trkpt>
      <trkpt lat="52.173109939321876" lon="5.837079919874668">
        <ele>58.34</ele>
      </trkpt>
      <trkpt lat="52.173137264326215" lon="5.837002387270331">
        <ele>58.42</ele>
      </trkpt>
      <trkpt lat="52.17322485521436" lon="5.836752941831946">
        <ele>58.7</ele>
      </trkpt>
      <trkpt lat="52.173239942640066" lon="5.836709942668676">
        <ele>58.73</ele>
      </trkpt>
      <trkpt lat="52.17333231121302" lon="5.836522104218602">
        <ele>58.93</ele>
      </trkpt>
      <trkpt lat="52.173472456634045" lon="5.836237287148833">
        <ele>59.31</ele>
      </trkpt>
      <trkpt lat="52.173528112471104" lon="5.836123963817954">
        <ele>59.44</ele>
      </trkpt>
      <trkpt lat="52.173539930954576" lon="5.8360999915748835">
        <ele>59.46</ele>
      </trkpt>
      <trkpt lat="52.17361285351217" lon="5.835635382682085">
        <ele>59.8</ele>
      </trkpt>
      <trkpt lat="52.173619978129864" lon="5.835589952766895">
        <ele>59.87</ele>
      </trkpt>
      <trkpt lat="52.173645878210664" lon="5.835501188412309">
        <ele>60.04</ele>
      </trkpt>
      <trkpt lat="52.173684099689126" lon="5.835370095446706">
        <ele>60.24</ele>
      </trkpt>
      <trkpt lat="52.173689967021346" lon="5.835349978879094">
        <ele>60.26</ele>
      </trkpt>
      <trkpt lat="52.17383665032685" lon="5.835106400772929">
        <ele>60.64</ele>
      </trkpt>
      <trkpt lat="52.17399221844971" lon="5.834847902879119">
        <ele>61.08</ele>
      </trkpt>
      <trkpt lat="52.17408609576523" lon="5.834691999480128">
        <ele>61.28</ele>
      </trkpt>
      <trkpt lat="52.17414845712483" lon="5.834588399156928">
        <ele>61.38</ele>
      </trkpt>
      <trkpt lat="52.174210818484426" lon="5.834484798833728">
        <ele>61.41</ele>
      </trkpt>
      <trkpt lat="52.17427317984402" lon="5.834381198510528">
        <ele>61.39</ele>
      </trkpt>
      <trkpt lat="52.17427996918559" lon="5.834369966760278">
        <ele>61.38</ele>
      </trkpt>
      <trkpt lat="52.174373511224985" lon="5.834236275404692">
        <ele>61.32</ele>
      </trkpt>
      <trkpt lat="52.174419946968555" lon="5.834169974550605">
        <ele>61.27</ele>
      </trkpt>
      <trkpt lat="52.174442913383245" lon="5.834146002307534">
        <ele>61.25</ele>
      </trkpt>
      <trkpt lat="52.17451793141663" lon="5.834067715331912">
        <ele>61.15</ele>
      </trkpt>
      <trkpt lat="52.17464994639158" lon="5.833929916843772">
        <ele>60.9</ele>
      </trkpt>
      <trkpt lat="52.1747977193445" lon="5.8338517136871815">
        <ele>60.67</ele>
      </trkpt>
      <trkpt lat="52.17488237656653" lon="5.8338069543242455">
        <ele>60.57</ele>
      </trkpt>
      <trkpt lat="52.17505261301994" lon="5.83371676504612">
        <ele>60.46</ele>
      </trkpt>
      <trkpt lat="52.175292083993554" lon="5.833590030670166">
        <ele>60.15</ele>
      </trkpt>
      <trkpt lat="52.17532997019589" lon="5.833569997921586">
        <ele>60.09</ele>
      </trkpt>
      <trkpt lat="52.175454860553145" lon="5.8335283398628235">
        <ele>59.91</ele>
      </trkpt>
      <trkpt lat="52.17547992244363" lon="5.833519957959652">
        <ele>59.87</ele>
      </trkpt>
      <trkpt lat="52.17565996572375" lon="5.833479976281524">
        <ele>59.65</ele>
      </trkpt>
      <trkpt lat="52.17577530071139" lon="5.833490369841456">
        <ele>59.51</ele>
      </trkpt>
      <trkpt lat="52.17651978135109" lon="5.833557257428765">
        <ele>58.61</ele>
      </trkpt>
      <trkpt lat="52.17654995620251" lon="5.83355993963778">
        <ele>58.58</ele>
      </trkpt>
      <trkpt lat="52.176603181287646" lon="5.833553317934275">
        <ele>58.53</ele>
      </trkpt>
      <trkpt lat="52.17662991955876" lon="5.833549965173006">
        <ele>58.44</ele>
      </trkpt>
      <trkpt lat="52.176675014197826" lon="5.833493638783693">
        <ele>58.25</ele>
      </trkpt>
      <trkpt lat="52.17670996673405" lon="5.83344996906817">
        <ele>58.07</ele>
      </trkpt>
      <trkpt lat="52.17673569917679" lon="5.833400851115584">
        <ele>57.92</ele>
      </trkpt>
      <trkpt lat="52.17681993730366" lon="5.833239918574691">
        <ele>57.38</ele>
      </trkpt>
      <trkpt lat="52.17686737887561" lon="5.8330581150949">
        <ele>56.78</ele>
      </trkpt>
      <trkpt lat="52.17687995173037" lon="5.833009919151664">
        <ele>56.82</ele>
      </trkpt>
      <trkpt lat="52.17699998058379" lon="5.833059959113598">
        <ele>56.99</ele>
      </trkpt>
      <trkpt lat="52.17702998779714" lon="5.833089966326952">
        <ele>57.04</ele>
      </trkpt>
      <trkpt lat="52.17704549431801" lon="5.83311527967453">
        <ele>57.08</ele>
      </trkpt>
      <trkpt lat="52.177189998328686" lon="5.833349972963333">
        <ele>57.42</ele>
      </trkpt>
      <trkpt lat="52.17722000554204" lon="5.83339037373662">
        <ele>57.49</ele>
      </trkpt>
      <trkpt lat="52.17730323784053" lon="5.833502355962992">
        <ele>57.72</ele>
      </trkpt>
      <trkpt lat="52.177449921146035" lon="5.833699917420745">
        <ele>58.02</ele>
      </trkpt>
      <trkpt lat="52.17756542377174" lon="5.833806116133928">
        <ele>58.23</ele>
      </trkpt>
      <trkpt lat="52.17774722725153" lon="5.833973083645105">
        <ele>58.39</ele>
      </trkpt>
      <trkpt lat="52.17781998217106" lon="5.834039971232414">
        <ele>58.47</ele>
      </trkpt>
      <trkpt lat="52.177954595535994" lon="5.8341998141258955">
        <ele>58.64</ele>
      </trkpt>
      <trkpt lat="52.1779799927026" lon="5.834229988977313">
        <ele>58.66</ele>
      </trkpt>
      <trkpt lat="52.178081749007106" lon="5.834378935396671">
        <ele>58.77</ele>
      </trkpt>
      <trkpt lat="52.17817612923682" lon="5.8345169853419065">
        <ele>58.89</ele>
      </trkpt>
      <trkpt lat="52.17836421914399" lon="5.83479224704206">
        <ele>59.19</ele>
      </trkpt>
      <trkpt lat="52.17838995158672" lon="5.834829965606332">
        <ele>59.23</ele>
      </trkpt>
      <trkpt lat="52.178494557738304" lon="5.834992155432701">
        <ele>59.42</ele>
      </trkpt>
      <trkpt lat="52.178559098392725" lon="5.835092235356569">
        <ele>59.56</ele>
      </trkpt>
      <trkpt lat="52.178721372038126" lon="5.835343860089779">
        <ele>59.99</ele>
      </trkpt>
      <trkpt lat="52.1787865832448" lon="5.835444945842028">
        <ele>60.2</ele>
      </trkpt>
      <trkpt lat="52.178916251286864" lon="5.835646027699113">
        <ele>60.65</ele>
      </trkpt>
      <trkpt lat="52.17901331372559" lon="5.8357966504991055">
        <ele>61.03</ele>
      </trkpt>
      <trkpt lat="52.17914373613894" lon="5.835998738184571">
        <ele>61.63</ele>
      </trkpt>
      <trkpt lat="52.17920819297433" lon="5.8360988181084394">
        <ele>61.97</ele>
      </trkpt>
      <trkpt lat="52.17937046661973" lon="5.836350442841649">
        <ele>62.91</ele>
      </trkpt>
      <trkpt lat="52.179597951471806" lon="5.836703153327107">
        <ele>64.2</ele>
      </trkpt>
      <trkpt lat="52.17976022511721" lon="5.836954778060317">
        <ele>65.24</ele>
      </trkpt>
      <trkpt lat="52.17982476577163" lon="5.837054857984185">
        <ele>65.63</ele>
      </trkpt>
      <trkpt lat="52.180019645020366" lon="5.837357025593519">
        <ele>66.71</ele>
      </trkpt>
      <trkpt lat="52.18014931306243" lon="5.837558107450604">
        <ele>67.41</ele>
      </trkpt>
      <trkpt lat="52.18027898110449" lon="5.837759273126721">
        <ele>68.17</ele>
      </trkpt>
      <trkpt lat="52.180376797914505" lon="5.837910817936063">
        <ele>68.7</ele>
      </trkpt>
      <trkpt lat="52.18047386035323" lon="5.838061440736055">
        <ele>69.19</ele>
      </trkpt>
      <trkpt lat="52.180539071559906" lon="5.838162442669272">
        <ele>69.51</ele>
      </trkpt>
      <trkpt lat="52.18063613399863" lon="5.838313065469265">
        <ele>69.95</ele>
      </trkpt>
      <trkpt lat="52.18065993860364" lon="5.83834994584322">
        <ele>70.14</ele>
      </trkpt>
      <trkpt lat="52.180597661063075" lon="5.838560666888952">
        <ele>70.98</ele>
      </trkpt>
      <trkpt lat="52.180482409894466" lon="5.838950425386429">
        <ele>72.49</ele>
      </trkpt>
      <trkpt lat="52.18040546402335" lon="5.839210683479905">
        <ele>73.43</ele>
      </trkpt>
      <trkpt lat="52.18032851815224" lon="5.839470941573381">
        <ele>74.32</ele>
      </trkpt>
      <trkpt lat="52.180319968611" lon="5.839499942958355">
        <ele>74.41</ele>
      </trkpt>
      <trkpt lat="52.18019809573889" lon="5.840006545186043">
        <ele>76.02</ele>
      </trkpt>
      <trkpt lat="52.1801299508661" lon="5.8402899373322725">
        <ele>77.01</ele>
      </trkpt>
      <trkpt lat="52.18007605522871" lon="5.84046964533627">
        <ele>77.67</ele>
      </trkpt>
      <trkpt lat="52.18004520982504" lon="5.840572407469153">
        <ele>77.72</ele>
      </trkpt>
      <trkpt lat="52.18000992201269" lon="5.840689921751618">
        <ele>78.23</ele>
      </trkpt>
      <trkpt lat="52.18000405468047" lon="5.840700650587678">
        <ele>78.23</ele>
      </trkpt>
      <trkpt lat="52.179884277284145" lon="5.840917406603694">
        <ele>79.36</ele>
      </trkpt>
      <trkpt lat="52.17982401140034" lon="5.841026371344924">
        <ele>79.87</ele>
      </trkpt>
      <trkpt lat="52.17979995533824" lon="5.841069957241416">
        <ele>80.08</ele>
      </trkpt>
      <trkpt lat="52.179795261472464" lon="5.841082530096173">
        <ele>80.08</ele>
      </trkpt>
      <trkpt lat="52.17977195978165" lon="5.841145226731896">
        <ele>80.25</ele>
      </trkpt>
      <trkpt lat="52.17974907718599" lon="5.841206582263112">
        <ele>80.37</ele>
      </trkpt>
      <trkpt lat="52.17972577549517" lon="5.841269278898835">
        <ele>80.47</ele>
      </trkpt>
      <trkpt lat="52.179702473804355" lon="5.841331975534558">
        <ele>80.53</ele>
      </trkpt>
      <trkpt lat="52.17963290400803" lon="5.841518808156252">
        <ele>80.65</ele>
      </trkpt>
      <trkpt lat="52.17951673083007" lon="5.841831034049392">
        <ele>80.73</ele>
      </trkpt>
      <trkpt lat="52.17947993427515" lon="5.841929940506816">
        <ele>80.73</ele>
      </trkpt>
      <trkpt lat="52.17938270419836" lon="5.842124484479427">
        <ele>80.76</ele>
      </trkpt>
      <trkpt lat="52.17932998202741" lon="5.842229928821325">
        <ele>80.83</ele>
      </trkpt>
      <trkpt lat="52.179327718913555" lon="5.842238226905465">
        <ele>80.83</ele>
      </trkpt>
      <trkpt lat="52.17929075472057" lon="5.842372002080083">
        <ele>80.94</ele>
      </trkpt>
      <trkpt lat="52.17924993485212" lon="5.842519942671061">
        <ele>81.09</ele>
      </trkpt>
      <trkpt lat="52.17922286130488" lon="5.842641815543175">
        <ele>81.22</ele>
      </trkpt>
      <trkpt lat="52.1791922673583" lon="5.842779697850347">
        <ele>81.37</ele>
      </trkpt>
      <trkpt lat="52.17916192486882" lon="5.842916155233979">
        <ele>81.55</ele>
      </trkpt>
      <trkpt lat="52.17911590822041" lon="5.843123020604253">
        <ele>81.85</ele>
      </trkpt>
      <trkpt lat="52.17908992432058" lon="5.843239948153496">
        <ele>82.03</ele>
      </trkpt>
      <trkpt lat="52.17905916273594" lon="5.843319576233625">
        <ele>82.18</ele>
      </trkpt>
      <trkpt lat="52.179011134430766" lon="5.8434435445815325">
        <ele>82.44</ele>
      </trkpt>
      <trkpt lat="52.178987162187696" lon="5.843505570665002">
        <ele>82.6</ele>
      </trkpt>
      <trkpt lat="52.178969979286194" lon="5.843549994751811">
        <ele>82.73</ele>
      </trkpt>
      <trkpt lat="52.17896645888686" lon="5.843568434938788">
        <ele>82.78</ele>
      </trkpt>
      <trkpt lat="52.17895313166082" lon="5.8436385076493025">
        <ele>82.99</ele>
      </trkpt>
      <trkpt lat="52.17889999039471" lon="5.843917205929756">
        <ele>83.91</ele>
      </trkpt>
      <trkpt lat="52.17887358739972" lon="5.844055842608213">
        <ele>84.33</ele>
      </trkpt>
      <trkpt lat="52.17886000871658" lon="5.844127340242267">
        <ele>84.52</ele>
      </trkpt>
      <trkpt lat="52.17884668149054" lon="5.844197329133749">
        <ele>84.67</ele>
      </trkpt>
      <trkpt lat="52.17883360572159" lon="5.844265976920724">
        <ele>84.77</ele>
      </trkpt>
      <trkpt lat="52.17882027849555" lon="5.844335965812206">
        <ele>84.79</ele>
      </trkpt>
      <trkpt lat="52.17880996875465" lon="5.844389945268631">
        <ele>84.75</ele>
      </trkpt>
      <trkpt lat="52.17880996875465" lon="5.844406792894006">
        <ele>84.74</ele>
      </trkpt>
      <trkpt lat="52.17880996875465" lon="5.844469992443919">
        <ele>84.62</ele>
      </trkpt>
      <trkpt lat="52.178813237696886" lon="5.844478541985154">
        <ele>84.62</ele>
      </trkpt>
      <trkpt lat="52.17883729375899" lon="5.8445405680686235">
        <ele>84.44</ele>
      </trkpt>
      <trkpt lat="52.17890870757401" lon="5.844725389033556">
        <ele>83.78</ele>
      </trkpt>
      <trkpt lat="52.17893267981708" lon="5.844787415117025">
        <ele>83.58</ele>
      </trkpt>
      <trkpt lat="52.17895673587918" lon="5.844849441200495">
        <ele>83.41</ele>
      </trkpt>
      <trkpt lat="52.179004177451134" lon="5.8449723199009895">
        <ele>83.15</ele>
      </trkpt>
      <trkpt lat="52.179099982604384" lon="5.845219921320677">
        <ele>82.71</ele>
      </trkpt>
      <trkpt lat="52.179099982604384" lon="5.845292340964079">
        <ele>82.61</ele>
      </trkpt>
      <trkpt lat="52.179099982604384" lon="5.845585707575083">
        <ele>82.11</ele>
      </trkpt>
      <trkpt lat="52.179099982604384" lon="5.8456299640238285">
        <ele>82.05</ele>
      </trkpt>
      <trkpt lat="52.17916049994528" lon="5.845651002600789">
        <ele>81.94</ele>
      </trkpt>
      <trkpt lat="52.17937767505646" lon="5.845726607367396">
        <ele>81.48</ele>
      </trkpt>
      <trkpt lat="52.17950876802206" lon="5.845772288739681">
        <ele>81.28</ele>
      </trkpt>
      <trkpt lat="52.180030290037394" lon="5.845953756943345">
        <ele>80.84</ele>
      </trkpt>
      <trkpt lat="52.1802475489676" lon="5.846029361709952">
        <ele>80.76</ele>
      </trkpt>
      <trkpt lat="52.180377719923854" lon="5.84607470780611">
        <ele>80.74</ele>
      </trkpt>
      <trkpt lat="52.180464807897806" lon="5.846105050295591">
        <ele>80.77</ele>
      </trkpt>
      <trkpt lat="52.18055189587176" lon="5.846135308966041">
        <ele>80.84</ele>
      </trkpt>
      <trkpt lat="52.180856158956885" lon="5.846241256222129">
        <ele>81.2</ele>
      </trkpt>
      <trkpt lat="52.18090997077525" lon="5.846259947866201">
        <ele>81.24</ele>
      </trkpt>
      <trkpt lat="52.18094400130212" lon="5.846258774399757">
        <ele>81.28</ele>
      </trkpt>
      <trkpt lat="52.18119998462498" lon="5.846249973401427">
        <ele>81.46</ele>
      </trkpt>
      <trkpt lat="52.18151447363198" lon="5.846142349764705">
        <ele>81.69</ele>
      </trkpt>
      <trkpt lat="52.18157993629575" lon="5.846119970083237">
        <ele>81.75</ele>
      </trkpt>
      <trkpt lat="52.18176961876452" lon="5.846015615388751">
        <ele>81.93</ele>
      </trkpt>
      <trkpt lat="52.18177992850542" lon="5.846009999513626">
        <ele>81.94</ele>
      </trkpt>
      <trkpt lat="52.18192879110575" lon="5.845885947346687">
        <ele>82.15</ele>
      </trkpt>
      <trkpt lat="52.18208662234247" lon="5.845754435285926">
        <ele>82.42</ele>
      </trkpt>
      <trkpt lat="52.18213993124664" lon="5.845709927380085">
        <ele>82.52</ele>
      </trkpt>
      <trkpt lat="52.182167591527104" lon="5.8456953428685665">
        <ele>82.57</ele>
      </trkpt>
      <trkpt lat="52.182294242084026" lon="5.845628287643194">
        <ele>82.84</ele>
      </trkpt>
      <trkpt lat="52.18230991624296" lon="5.845619989559054">
        <ele>82.86</ele>
      </trkpt>
      <trkpt lat="52.18235744163394" lon="5.8456334844231606">
        <ele>82.94</ele>
      </trkpt>
      <trkpt lat="52.18237998895347" lon="5.845639938488603">
        <ele>82.94</ele>
      </trkpt>
      <trkpt lat="52.182576544582844" lon="5.8455863781273365">
        <ele>83.02</ele>
      </trkpt>
      <trkpt lat="52.18259993009269" lon="5.845579924061894">
        <ele>83.03</ele>
      </trkpt>
      <trkpt lat="52.18296982347965" lon="5.845516556873918">
        <ele>83.21</ele>
      </trkpt>
      <trkpt lat="52.183231925591826" lon="5.845471629872918">
        <ele>83.29</ele>
      </trkpt>
      <trkpt lat="52.18345010653138" lon="5.845434246584773">
        <ele>83.4</ele>
      </trkpt>
      <trkpt lat="52.18362453393638" lon="5.845404323190451">
        <ele>83.44</ele>
      </trkpt>
      <trkpt lat="52.18364993110299" lon="5.8453999646008015">
        <ele>83.31</ele>
      </trkpt>
      <trkpt lat="52.18367055058479" lon="5.845573637634516">
        <ele>82.78</ele>
      </trkpt>
      <trkpt lat="52.18368764966726" lon="5.845717638731003">
        <ele>82.39</ele>
      </trkpt>
      <trkpt lat="52.183696031570435" lon="5.845788214355707">
        <ele>82.22</ele>
      </trkpt>
      <trkpt lat="52.183713130652905" lon="5.845932215452194">
        <ele>81.98</ele>
      </trkpt>
      <trkpt lat="52.18371991999447" lon="5.845989966765046">
        <ele>81.9</ele>
      </trkpt>
      <trkpt lat="52.183718495070934" lon="5.846004216000438">
        <ele>81.9</ele>
      </trkpt>
      <trkpt lat="52.18370407819748" lon="5.846149055287242">
        <ele>81.81</ele>
      </trkpt>
      <trkpt lat="52.18368999660015" lon="5.8462899550795555">
        <ele>81.75</ele>
      </trkpt>
      <trkpt lat="52.18367641791701" lon="5.846362374722958">
        <ele>81.73</ele>
      </trkpt>
      <trkpt lat="52.183636939153075" lon="5.846572760492563">
        <ele>81.69</ele>
      </trkpt>
      <trkpt lat="52.18362998217344" lon="5.846609976142645">
        <ele>81.69</ele>
      </trkpt>
      <trkpt lat="52.18347634188831" lon="5.847175167873502">
        <ele>81.69</ele>
      </trkpt>
      <trkpt lat="52.18343988060951" lon="5.847309278324246">
        <ele>81.71</ele>
      </trkpt>
      <trkpt lat="52.18338556587696" lon="5.847509019076824">
        <ele>81.79</ele>
      </trkpt>
      <trkpt lat="52.18307686038315" lon="5.848644766956568">
        <ele>82.46</ele>
      </trkpt>
      <trkpt lat="52.18284065835178" lon="5.8495136350393295">
        <ele>83.09</ele>
      </trkpt>
      <trkpt lat="52.182819955050945" lon="5.849589994177222">
        <ele>83.12</ele>
      </trkpt>
      <trkpt lat="52.18258819542825" lon="5.85020313039422">
        <ele>83.44</ele>
      </trkpt>
      <trkpt lat="52.18250999227166" lon="5.850409995764494">
        <ele>83.57</ele>
      </trkpt>
      <trkpt lat="52.182432878762484" lon="5.850559780374169">
        <ele>83.68</ele>
      </trkpt>
      <trkpt lat="52.18234620988369" lon="5.850728340446949">
        <ele>83.75</ele>
      </trkpt>
      <trkpt lat="52.18232994899154" lon="5.850759940221906">
        <ele>83.75</ele>
      </trkpt>
      <trkpt lat="52.18228594399989" lon="5.850837137550116">
        <ele>83.75</ele>
      </trkpt>
      <trkpt lat="52.182072876021266" lon="5.851210970431566">
        <ele>83.7</ele>
      </trkpt>
      <trkpt lat="52.18191973865032" lon="5.851479526609182">
        <ele>83.63</ele>
      </trkpt>
      <trkpt lat="52.181584211066365" lon="5.852068103849888">
        <ele>83.31</ele>
      </trkpt>
      <trkpt lat="52.18143166042864" lon="5.852335570380092">
        <ele>83.12</ele>
      </trkpt>
      <trkpt lat="52.18112672679126" lon="5.852870503440499">
        <ele>82.94</ele>
      </trkpt>
      <trkpt lat="52.18110996298492" lon="5.852899923920631">
        <ele>82.92</ele>
      </trkpt>
      <trkpt lat="52.18130450695753" lon="5.853332262486219">
        <ele>82.77</ele>
      </trkpt>
      <trkpt lat="52.181516736745834" lon="5.853804163634777">
        <ele>82.71</ele>
      </trkpt>
      <trkpt lat="52.181569961830974" lon="5.853922348469496">
        <ele>82.74</ele>
      </trkpt>
      <trkpt lat="52.18186148442328" lon="5.854570437222719">
        <ele>83.09</ele>
      </trkpt>
      <trkpt lat="52.181941363960505" lon="5.854747798293829">
        <ele>83.13</ele>
      </trkpt>
      <trkpt lat="52.18199400231242" lon="5.854864893481135">
        <ele>83.11</ele>
      </trkpt>
      <trkpt lat="52.1821004524827" lon="5.8551013469696045">
        <ele>82.94</ele>
      </trkpt>
      <trkpt lat="52.18215359374881" lon="5.855219615623355">
        <ele>82.88</ele>
      </trkpt>
      <trkpt lat="52.182577634230256" lon="5.8561621606349945">
        <ele>82.6</ele>
      </trkpt>
      <trkpt lat="52.182869743555784" lon="5.85681133903563">
        <ele>82.59</ele>
      </trkpt>
      <trkpt lat="52.18294903635979" lon="5.856987526640296">
        <ele>82.62</ele>
      </trkpt>
      <trkpt lat="52.18310812488198" lon="5.857341159135103">
        <ele>82.76</ele>
      </trkpt>
      <trkpt lat="52.18316134996712" lon="5.857459343969822">
        <ele>82.77</ele>
      </trkpt>
      <trkpt lat="52.18321449123323" lon="5.857577612623572">
        <ele>82.73</ele>
      </trkpt>
      <trkpt lat="52.18326721340418" lon="5.857694707810879">
        <ele>82.64</ele>
      </trkpt>
      <trkpt lat="52.183426301926374" lon="5.858048256486654">
        <ele>82.28</ele>
      </trkpt>
      <trkpt lat="52.18366518616676" lon="5.858579250052571">
        <ele>81.61</ele>
      </trkpt>
      <trkpt lat="52.183797620236874" lon="5.8588737063109875">
        <ele>81.19</ele>
      </trkpt>
      <trkpt lat="52.1840897295624" lon="5.859522884711623">
        <ele>80.34</ele>
      </trkpt>
      <trkpt lat="52.18414245173335" lon="5.85963997989893">
        <ele>80.2</ele>
      </trkpt>
      <trkpt lat="52.1842488180846" lon="5.85987651720643">
        <ele>79.96</ele>
      </trkpt>
      <trkpt lat="52.18440790660679" lon="5.860230065882206">
        <ele>79.56</ele>
      </trkpt>
      <trkpt lat="52.1846994291991" lon="5.860878154635429">
        <ele>78.71</ele>
      </trkpt>
      <trkpt lat="52.184779308736324" lon="5.861055515706539">
        <ele>78.55</ele>
      </trkpt>
      <trkpt lat="52.18501819297671" lon="5.8615864254534245">
        <ele>78.16</ele>
      </trkpt>
      <trkpt lat="52.18517728149891" lon="5.861940057948232">
        <ele>77.8</ele>
      </trkpt>
      <trkpt lat="52.185229919850826" lon="5.862057153135538">
        <ele>77.71</ele>
      </trkpt>
      <trkpt lat="52.18530971556902" lon="5.862234514206648">
        <ele>77.62</ele>
      </trkpt>
      <trkpt lat="52.18538900837302" lon="5.862410701811314">
        <ele>77.59</ele>
      </trkpt>
      <trkpt lat="52.18544223345816" lon="5.862528970465064">
        <ele>77.6</ele>
      </trkpt>
      <trkpt lat="52.185522029176354" lon="5.862706331536174">
        <ele>77.67</ele>
      </trkpt>
      <trkpt lat="52.18560132198036" lon="5.86288251914084">
        <ele>77.79</ele>
      </trkpt>
      <trkpt lat="52.18568111769855" lon="5.863059880211949">
        <ele>77.95</ele>
      </trkpt>
      <trkpt lat="52.18573375605047" lon="5.863176975399256">
        <ele>78.1</ele>
      </trkpt>
      <trkpt lat="52.185785388574004" lon="5.863291723653674">
        <ele>78.15</ele>
      </trkpt>
      <trkpt lat="52.18581145629287" lon="5.8633496426045895">
        <ele>78.16</ele>
      </trkpt>
      <trkpt lat="52.185888569802046" lon="5.863521136343479">
        <ele>78.12</ele>
      </trkpt>
      <trkpt lat="52.185965767130256" lon="5.863692546263337">
        <ele>78.02</ele>
      </trkpt>
      <trkpt lat="52.18609501607716" lon="5.863979961723089">
        <ele>77.78</ele>
      </trkpt>
      <trkpt lat="52.1861466486007" lon="5.864094626158476">
        <ele>77.71</ele>
      </trkpt>
      <trkpt lat="52.18632702715695" lon="5.864495532587171">
        <ele>77.56</ele>
      </trkpt>
      <trkpt lat="52.186481254175305" lon="5.864838436245918">
        <ele>77.5</ele>
      </trkpt>
      <trkpt lat="52.18649994581938" lon="5.864879926666617">
        <ele>77.47</ele>
      </trkpt>
      <trkpt lat="52.18648301437497" lon="5.865089222788811">
        <ele>77.37</ele>
      </trkpt>
      <trkpt lat="52.18645661137998" lon="5.865414943546057">
        <ele>77.3</ele>
      </trkpt>
      <trkpt lat="52.18643900938332" lon="5.865631615743041">
        <ele>77.12</ele>
      </trkpt>
      <trkpt lat="52.18638628721237" lon="5.866281716153026">
        <ele>76.51</ele>
      </trkpt>
      <trkpt lat="52.18634999357164" lon="5.8667299803346395">
        <ele>76.03</ele>
      </trkpt>
      <trkpt lat="52.186344880610704" lon="5.866859816014767">
        <ele>75.9</ele>
      </trkpt>
      <trkpt lat="52.1863364148885" lon="5.867077996954322">
        <ele>75.64</ele>
      </trkpt>
      <trkpt lat="52.18631101772189" lon="5.867732372134924">
        <ele>74.74</ele>
      </trkpt>
      <trkpt lat="52.186305318027735" lon="5.86787729524076">
        <ele>74.58</ele>
      </trkpt>
      <trkpt lat="52.186302468180656" lon="5.867950469255447">
        <ele>74.47</ele>
      </trkpt>
      <trkpt lat="52.18629685230553" lon="5.868095392361283">
        <ele>74.22</ele>
      </trkpt>
      <trkpt lat="52.18629123643041" lon="5.868240315467119">
        <ele>73.9</ele>
      </trkpt>
      <trkpt lat="52.18627707101405" lon="5.868603335693479">
        <ele>73.03</ele>
      </trkpt>
      <trkpt lat="52.186265755444765" lon="5.868894690647721">
        <ele>72.38</ele>
      </trkpt>
      <trkpt lat="52.186243208125234" lon="5.869475891813636">
        <ele>71.15</ele>
      </trkpt>
      <trkpt lat="52.18623189255595" lon="5.869765738025308">
        <ele>70.59</ele>
      </trkpt>
      <trkpt lat="52.18622342683375" lon="5.869983835145831">
        <ele>70.19</ele>
      </trkpt>
      <trkpt lat="52.18620993196964" lon="5.870329923927784">
        <ele>69.61</ele>
      </trkpt>
      <trkpt lat="52.18620867468417" lon="5.870346771553159">
        <ele>69.59</ele>
      </trkpt>
      <trkpt lat="52.18618671409786" lon="5.870636533945799">
        <ele>69.17</ele>
      </trkpt>
      <trkpt lat="52.186175817623734" lon="5.870780618861318">
        <ele>69.01</ele>
      </trkpt>
      <trkpt lat="52.186148492619395" lon="5.871141627430916">
        <ele>68.67</ele>
      </trkpt>
      <trkpt lat="52.18612661585212" lon="5.871429881080985">
        <ele>68.33</ele>
      </trkpt>
      <trkpt lat="52.1861101873219" lon="5.8716468047350645">
        <ele>67.99</ele>
      </trkpt>
      <trkpt lat="52.18606651760638" lon="5.872223312035203">
        <ele>67.15</ele>
      </trkpt>
      <trkpt lat="52.18605545349419" lon="5.872368905693293">
        <ele>66.9</ele>
      </trkpt>
      <trkpt lat="52.186033660545945" lon="5.87265707552433">
        <ele>66.36</ele>
      </trkpt>
      <trkpt lat="52.18600080348551" lon="5.873090922832489">
        <ele>65.6</ele>
      </trkpt>
      <trkpt lat="52.185978926718235" lon="5.873379176482558">
        <ele>65.15</ele>
      </trkpt>
      <trkpt lat="52.185951601713896" lon="5.8737401850521564">
        <ele>64.64</ele>
      </trkpt>
      <trkpt lat="52.18594070523977" lon="5.873884353786707">
        <ele>64.38</ele>
      </trkpt>
      <trkpt lat="52.18590994365513" lon="5.874289954081178">
        <ele>63.55</ele>
      </trkpt>
      <trkpt lat="52.18589854426682" lon="5.87446253746748">
        <ele>63.21</ele>
      </trkpt>
      <trkpt lat="52.18586971051991" lon="5.874897139146924">
        <ele>62.3</ele>
      </trkpt>
      <trkpt lat="52.18585537746549" lon="5.875112973153591">
        <ele>61.92</ele>
      </trkpt>
      <trkpt lat="52.18584096059203" lon="5.8753302320837975">
        <ele>61.56</ele>
      </trkpt>
      <trkpt lat="52.18581690452993" lon="5.875691911205649">
        <ele>61.0</ele>
      </trkpt>
      <trkpt lat="52.185807349160314" lon="5.875836331397295">
        <ele>60.8</ele>
      </trkpt>
      <trkpt lat="52.18578807078302" lon="5.876126512885094">
        <ele>60.44</ele>
      </trkpt>
      <trkpt lat="52.18577382154763" lon="5.876342346891761">
        <ele>60.12</ele>
      </trkpt>
      <trkpt lat="52.18576996587217" lon="5.876399930566549">
        <ele>59.97</ele>
      </trkpt>
      <trkpt lat="52.18576066195965" lon="5.8766319416463375">
        <ele>59.41</ele>
      </trkpt>
      <trkpt lat="52.18575496226549" lon="5.8767753560096025">
        <ele>59.02</ele>
      </trkpt>
      <trkpt lat="52.18574331142008" lon="5.877066710963845">
        <ele>58.14</ele>
      </trkpt>
      <trkpt lat="52.185728810727596" lon="5.877429647371173">
        <ele>57.0</ele>
      </trkpt>
      <trkpt lat="52.185719925910234" lon="5.877649923786521">
        <ele>56.43</ele>
      </trkpt>
      <trkpt lat="52.18571028672159" lon="5.877790655940771">
        <ele>56.11</ele>
      </trkpt>
      <trkpt lat="52.18569042161107" lon="5.878080753609538">
        <ele>55.51</ele>
      </trkpt>
      <trkpt lat="52.185670640319586" lon="5.878369342535734">
        <ele>54.83</ele>
      </trkpt>
      <trkpt lat="52.18566561117768" lon="5.878442265093327">
        <ele>54.69</ele>
      </trkpt>
      <trkpt lat="52.18566074967384" lon="5.878513678908348">
        <ele>54.59</ele>
      </trkpt>
      <trkpt lat="52.18565572053194" lon="5.8785866014659405">
        <ele>54.52</ele>
      </trkpt>
      <trkpt lat="52.1856458298862" lon="5.878730854019523">
        <ele>54.48</ele>
      </trkpt>
      <trkpt lat="52.185635939240456" lon="5.878875190392137">
        <ele>54.53</ele>
      </trkpt>
      <trkpt lat="52.18561607412994" lon="5.8791652880609035">
        <ele>54.7</ele>
      </trkpt>
      <trkpt lat="52.1856061834842" lon="5.8793096244335175">
        <ele>54.74</ele>
      </trkpt>
      <trkpt lat="52.18559998087585" lon="5.879399981349707">
        <ele>54.74</ele>
      </trkpt>
      <trkpt lat="52.18559210188687" lon="5.879452703520656">
        <ele>54.75</ele>
      </trkpt>
      <trkpt lat="52.18557114712894" lon="5.879593854770064">
        <ele>54.72</ele>
      </trkpt>
      <trkpt lat="52.18556075356901" lon="5.879663759842515">
        <ele>54.68</ele>
      </trkpt>
      <trkpt lat="52.185518592596054" lon="5.87994740344584">
        <ele>54.4</ele>
      </trkpt>
      <trkpt lat="52.18550845049322" lon="5.88001579977572">
        <ele>54.37</ele>
      </trkpt>
      <trkpt lat="52.18549788929522" lon="5.880087129771709">
        <ele>54.37</ele>
      </trkpt>
      <trkpt lat="52.185487328097224" lon="5.8801583759486675">
        <ele>54.43</ele>
      </trkpt>
      <trkpt lat="52.185476683080196" lon="5.880229705944657">
        <ele>54.53</ele>
      </trkpt>
      <trkpt lat="52.1854661218822" lon="5.880300952121615">
        <ele>54.68</ele>
      </trkpt>
      <trkpt lat="52.18545572832227" lon="5.880370773375034">
        <ele>54.88</ele>
      </trkpt>
      <trkpt lat="52.18544516712427" lon="5.880442103371024">
        <ele>55.12</ele>
      </trkpt>
      <trkpt lat="52.18543477356434" lon="5.880511924624443">
        <ele>55.4</ele>
      </trkpt>
      <trkpt lat="52.185393031686544" lon="5.880792802199721">
        <ele>56.63</ele>
      </trkpt>
      <trkpt lat="52.18538247048855" lon="5.880864048376679">
        <ele>56.89</ele>
      </trkpt>
      <trkpt lat="52.18537190929055" lon="5.8809352945536375">
        <ele>57.11</ele>
      </trkpt>
      <trkpt lat="52.18536151573062" lon="5.881005199626088">
        <ele>57.28</ele>
      </trkpt>
      <trkpt lat="52.18535087071359" lon="5.881076445803046">
        <ele>57.42</ele>
      </trkpt>
      <trkpt lat="52.185340309515595" lon="5.881147775799036">
        <ele>57.51</ele>
      </trkpt>
      <trkpt lat="52.18531935475767" lon="5.881288843229413">
        <ele>57.59</ele>
      </trkpt>
      <trkpt lat="52.18522489070892" lon="5.881924694404006">
        <ele>57.7</ele>
      </trkpt>
      <trkpt lat="52.18520376831293" lon="5.882067270576954">
        <ele>57.59</ele>
      </trkpt>
      <trkpt lat="52.1851899381727" lon="5.882159974426031">
        <ele>57.48</ele>
      </trkpt>
      <trkpt lat="52.18518767505884" lon="5.8822111040353775">
        <ele>57.43</ele>
      </trkpt>
      <trkpt lat="52.18518457375467" lon="5.882282769307494">
        <ele>57.32</ele>
      </trkpt>
      <trkpt lat="52.18518130481243" lon="5.882355943322182">
        <ele>57.18</ele>
      </trkpt>
      <trkpt lat="52.185178119689226" lon="5.882429117336869">
        <ele>57.02</ele>
      </trkpt>
      <trkpt lat="52.18517485074699" lon="5.882502291351557">
        <ele>56.83</ele>
      </trkpt>
      <trkpt lat="52.18516848050058" lon="5.882647130638361">
        <ele>56.4</ele>
      </trkpt>
      <trkpt lat="52.18515892513096" lon="5.882865060120821">
        <ele>55.67</ele>
      </trkpt>
      <trkpt lat="52.18515247106552" lon="5.883011408150196">
        <ele>55.13</ele>
      </trkpt>
      <trkpt lat="52.18513637781143" lon="5.883375685662031">
        <ele>53.72</ele>
      </trkpt>
      <trkpt lat="52.18513000756502" lon="5.883520524948835">
        <ele>53.21</ele>
      </trkpt>
      <trkpt lat="52.18512355349958" lon="5.8836668729782104">
        <ele>52.78</ele>
      </trkpt>
      <trkpt lat="52.18511718325317" lon="5.883811712265015">
        <ele>52.4</ele>
      </trkpt>
      <trkpt lat="52.18511072918773" lon="5.883957976475358">
        <ele>52.09</ele>
      </trkpt>
      <trkpt lat="52.185104275122285" lon="5.884104240685701">
        <ele>51.83</ele>
      </trkpt>
      <trkpt lat="52.185097904875875" lon="5.884249163791537">
        <ele>51.64</ele>
      </trkpt>
      <trkpt lat="52.18509145081043" lon="5.884395428001881">
        <ele>51.51</ele>
      </trkpt>
      <trkpt lat="52.185075441375375" lon="5.884758280590177">
        <ele>51.35</ele>
      </trkpt>
      <trkpt lat="52.18507225625217" lon="5.884831370785832">
        <ele>51.3</ele>
      </trkpt>
      <trkpt lat="52.18506898730993" lon="5.88490454480052">
        <ele>51.23</ele>
      </trkpt>
      <trkpt lat="52.18505993485451" lon="5.885109985247254">
        <ele>50.92</ele>
      </trkpt>
      <trkpt lat="52.18506194651127" lon="5.885192966088653">
        <ele>50.8</ele>
      </trkpt>
      <trkpt lat="52.18506353907287" lon="5.885263290256262">
        <ele>50.72</ele>
      </trkpt>
      <trkpt lat="52.18506529927254" lon="5.885336548089981">
        <ele>50.68</ele>
      </trkpt>
      <trkpt lat="52.18506697565317" lon="5.885408381000161">
        <ele>50.67</ele>
      </trkpt>
      <trkpt lat="52.185068652033806" lon="5.885480213910341">
        <ele>50.69</ele>
      </trkpt>
      <trkpt lat="52.185075441375375" lon="5.88576746173203">
        <ele>50.92</ele>
      </trkpt>
      <trkpt lat="52.18507879413664" lon="5.88591112755239">
        <ele>50.94</ele>
      </trkpt>
      <trkpt lat="52.18507996760309" lon="5.88595999404788">
        <ele>50.92</ele>
      </trkpt>
      <trkpt lat="52.18505549244583" lon="5.886039538308978">
        <ele>50.9</ele>
      </trkpt>
      <trkpt lat="52.18503998592496" lon="5.886089997366071">
        <ele>50.89</ele>
      </trkpt>
      <trkpt lat="52.18502992764115" lon="5.886089997366071">
        <ele>50.89</ele>
      </trkpt>
      <trkpt lat="52.185030933469534" lon="5.8860912546515465">
        <ele>50.89</ele>
      </trkpt>
      <trkpt lat="52.185131097212434" lon="5.886227460578084">
        <ele>50.93</ele>
      </trkpt>
      <trkpt lat="52.185298316180706" lon="5.886454777792096">
        <ele>51.09</ele>
      </trkpt>
      <trkpt lat="52.185398479923606" lon="5.886590899899602">
        <ele>51.12</ele>
      </trkpt>
      <trkpt lat="52.18546545132995" lon="5.886682011187077">
        <ele>51.1</ele>
      </trkpt>
      <trkpt lat="52.18553242273629" lon="5.886773122474551">
        <ele>51.04</ele>
      </trkpt>
      <trkpt lat="52.18573350459337" lon="5.887046456336975">
        <ele>50.78</ele>
      </trkpt>
      <trkpt lat="52.18574314378202" lon="5.887059615924954">
        <ele>50.72</ele>
      </trkpt>
      <trkpt lat="52.18588060699403" lon="5.887246448546648">
        <ele>50.37</ele>
      </trkpt>
      <trkpt lat="52.18591991811991" lon="5.8872999250888824">
        <ele>50.3</ele>
      </trkpt>
      <trkpt lat="52.18595998361707" lon="5.887259943410754">
        <ele>50.24</ele>
      </trkpt>
      <trkpt lat="52.185984794050455" lon="5.887272348627448">
        <ele>50.21</ele>
      </trkpt>
      <trkpt lat="52.185999965295196" lon="5.887279976159334">
        <ele>50.18</ele>
      </trkpt>
      <trkpt lat="52.186178248375654" lon="5.887523051351309">
        <ele>49.82</ele>
      </trkpt>
      <trkpt lat="52.18621999025345" lon="5.887579964473844">
        <ele>49.72</ele>
      </trkpt>
      <trkpt lat="52.18637991696596" lon="5.887889927253127">
        <ele>49.31</ele>
      </trkpt>
      <trkpt lat="52.18640715815127" lon="5.887964693829417">
        <ele>49.23</ele>
      </trkpt>
      <trkpt lat="52.18647547066212" lon="5.888152699917555">
        <ele>49.05</ele>
      </trkpt>
      <trkpt lat="52.186579992994666" lon="5.8884399477392435">
        <ele>48.8</ele>
      </trkpt>
      <trkpt lat="52.18661578372121" lon="5.888603311032057">
        <ele>48.68</ele>
      </trkpt>
      <trkpt lat="52.1866609621793" lon="5.888809086754918">
        <ele>48.54</ele>
      </trkpt>
      <trkpt lat="52.1866699308157" lon="5.888849990442395">
        <ele>48.51</ele>
      </trkpt>
      <trkpt lat="52.1866974234581" lon="5.889092897996306">
        <ele>48.39</ele>
      </trkpt>
      <trkpt lat="52.186721647158265" lon="5.8893063850700855">
        <ele>48.3</ele>
      </trkpt>
      <trkpt lat="52.186729945242405" lon="5.889379978179932">
        <ele>48.21</ele>
      </trkpt>
      <trkpt lat="52.18685978092253" lon="5.889347540214658">
        <ele>47.96</ele>
      </trkpt>
      <trkpt lat="52.18691401183605" lon="5.88933396153152">
        <ele>47.87</ele>
      </trkpt>
      <trkpt lat="52.186926417052746" lon="5.889330860227346">
        <ele>47.81</ele>
      </trkpt>
      <trkpt lat="52.186969919130206" lon="5.889319963753223">
        <ele>47.68</ele>
      </trkpt>
      <trkpt lat="52.18701375648379" lon="5.8893034514039755">
        <ele>47.55</ele>
      </trkpt>
      <trkpt lat="52.18710143119097" lon="5.889270510524511">
        <ele>47.34</ele>
      </trkpt>
      <trkpt lat="52.18718902207911" lon="5.889237569645047">
        <ele>47.18</ele>
      </trkpt>
      <trkpt lat="52.187276696786284" lon="5.889204544946551">
        <ele>47.07</ele>
      </trkpt>
      <trkpt lat="52.187408125028014" lon="5.889155175536871">
        <ele>46.98</ele>
      </trkpt>
      <trkpt lat="52.18758339062333" lon="5.889089209958911">
        <ele>46.92</ele>
      </trkpt>
      <trkpt lat="52.187671065330505" lon="5.889056269079447">
        <ele>46.86</ele>
      </trkpt>
      <trkpt lat="52.187933921813965" lon="5.888957362622023">
        <ele>46.62</ele>
      </trkpt>
      <trkpt lat="52.18824061565101" lon="5.888842027634382">
        <ele>46.39</ele>
      </trkpt>
      <trkpt lat="52.18837212771177" lon="5.88879257440567">
        <ele>46.33</ele>
      </trkpt>
      <trkpt lat="52.1885035559535" lon="5.888743121176958">
        <ele>46.34</ele>
      </trkpt>
      <trkpt lat="52.18867882154882" lon="5.888677155598998">
        <ele>46.42</ele>
      </trkpt>
      <trkpt lat="52.18881024979055" lon="5.888627702370286">
        <ele>46.54</ele>
      </trkpt>
      <trkpt lat="52.188968835398555" lon="5.888568107038736">
        <ele>46.18</ele>
      </trkpt>
      <trkpt lat="52.18913974240422" lon="5.888503817841411">
        <ele>45.97</ele>
      </trkpt>
      <trkpt lat="52.189440317451954" lon="5.888390745967627">
        <ele>45.51</ele>
      </trkpt>
      <trkpt lat="52.1895691473037" lon="5.888342298567295">
        <ele>45.34</ele>
      </trkpt>
      <trkpt lat="52.18969797715545" lon="5.888293851166964">
        <ele>45.22</ele>
      </trkpt>
      <trkpt lat="52.189783891662955" lon="5.888261497020721">
        <ele>45.2</ele>
      </trkpt>
      <trkpt lat="52.189988074824214" lon="5.88818471878767">
        <ele>44.99</ele>
      </trkpt>
      <trkpt lat="52.19007038511336" lon="5.888153705745935">
        <ele>44.93</ele>
      </trkpt>
      <trkpt lat="52.19019225798547" lon="5.888107940554619">
        <ele>44.9</ele>
      </trkpt>
      <trkpt lat="52.19023995101452" lon="5.8880899194628">
        <ele>44.77</ele>
      </trkpt>
      <trkpt lat="52.19028999097645" lon="5.88812998495996">
        <ele>44.63</ele>
      </trkpt>
      <trkpt lat="52.190339947119355" lon="5.888239955529571">
        <ele>44.43</ele>
      </trkpt>
      <trkpt lat="52.19037498347461" lon="5.888351183384657">
        <ele>44.24</ele>
      </trkpt>
      <trkpt lat="52.19041530042887" lon="5.888479007408023">
        <ele>44.08</ele>
      </trkpt>
      <trkpt lat="52.19045603647828" lon="5.888608172535896">
        <ele>43.98</ele>
      </trkpt>
      <trkpt lat="52.190496353432536" lon="5.888736080378294">
        <ele>43.94</ele>
      </trkpt>
      <trkpt lat="52.19053667038679" lon="5.88886390440166">
        <ele>43.96</ele>
      </trkpt>
      <trkpt lat="52.190576903522015" lon="5.888991728425026">
        <ele>44.05</ele>
      </trkpt>
      <trkpt lat="52.19062996096909" lon="5.889159953221679">
        <ele>44.21</ele>
      </trkpt>
      <trkpt lat="52.19064303673804" lon="5.889175711199641">
        <ele>44.24</ele>
      </trkpt>
      <trkpt lat="52.19067991711199" lon="5.889219967648387">
        <ele>44.2</ele>
      </trkpt>
      <trkpt lat="52.19070087186992" lon="5.889210999011993">
        <ele>44.19</ele>
      </trkpt>
      <trkpt lat="52.19074998982251" lon="5.889189960435033">
        <ele>44.06</ele>
      </trkpt>
      <trkpt lat="52.19094998203218" lon="5.889085438102484">
        <ele>43.53</ele>
      </trkpt>
      <trkpt lat="52.191197499632835" lon="5.888956105336547">
        <ele>42.79</ele>
      </trkpt>
      <trkpt lat="52.191280564293265" lon="5.888912687078118">
        <ele>42.62</ele>
      </trkpt>
      <trkpt lat="52.19136279076338" lon="5.888869687914848">
        <ele>42.52</ele>
      </trkpt>
      <trkpt lat="52.19144585542381" lon="5.8888263534754515">
        <ele>42.5</ele>
      </trkpt>
      <trkpt lat="52.19152900390327" lon="5.888782935217023">
        <ele>42.56</ele>
      </trkpt>
      <trkpt lat="52.19157007522881" lon="5.888761393725872">
        <ele>42.64</ele>
      </trkpt>
      <trkpt lat="52.19165230169892" lon="5.888718478381634">
        <ele>42.84</ele>
      </trkpt>
      <trkpt lat="52.191817592829466" lon="5.888632060959935">
        <ele>43.35</ele>
      </trkpt>
      <trkpt lat="52.19185992144048" lon="5.888609932735562">
        <ele>43.37</ele>
      </trkpt>
      <trkpt lat="52.19187039881945" lon="5.888540782034397">
        <ele>43.39</ele>
      </trkpt>
      <trkpt lat="52.1919228695333" lon="5.888191759586334">
        <ele>43.45</ele>
      </trkpt>
      <trkpt lat="52.19197517260909" lon="5.887844078242779">
        <ele>43.59</ele>
      </trkpt>
      <trkpt lat="52.192027727141976" lon="5.887495055794716">
        <ele>43.63</ele>
      </trkpt>
      <trkpt lat="52.192048681899905" lon="5.887355413287878">
        <ele>43.67</ele>
      </trkpt>
      <trkpt lat="52.19212227500975" lon="5.886866664513946">
        <ele>43.91</ele>
      </trkpt>
      <trkpt lat="52.19221657142043" lon="5.886239781975746">
        <ele>44.11</ele>
      </trkpt>
      <trkpt lat="52.19230055809021" lon="5.8856812957674265">
        <ele>44.41</ele>
      </trkpt>
      <trkpt lat="52.192321345210075" lon="5.885543078184128">
        <ele>44.47</ele>
      </trkpt>
      <trkpt lat="52.192353531718254" lon="5.8853293396532536">
        <ele>44.44</ele>
      </trkpt>
      <trkpt lat="52.19237498939037" lon="5.885186931118369">
        <ele>44.38</ele>
      </trkpt>
      <trkpt lat="52.19239644706249" lon="5.885044438764453">
        <ele>44.25</ele>
      </trkpt>
      <trkpt lat="52.192428382113576" lon="5.884832125157118">
        <ele>44.0</ele>
      </trkpt>
      <trkpt lat="52.1924495883286" lon="5.884691057726741">
        <ele>43.89</ele>
      </trkpt>
      <trkpt lat="52.19251412898302" lon="5.884262239560485">
        <ele>43.8</ele>
      </trkpt>
      <trkpt lat="52.19253550283611" lon="5.884119747206569">
        <ele>43.73</ele>
      </trkpt>
      <trkpt lat="52.19257816672325" lon="5.8838361874222755">
        <ele>43.54</ele>
      </trkpt>
      <trkpt lat="52.19259962439537" lon="5.883693778887391">
        <ele>43.49</ele>
      </trkpt>
      <trkpt lat="52.1927173063159" lon="5.882911579683423">
        <ele>43.44</ele>
      </trkpt>
      <trkpt lat="52.19274949282408" lon="5.882697841152549">
        <ele>43.46</ele>
      </trkpt>
      <trkpt lat="52.1927709504962" lon="5.882555348798633">
        <ele>43.51</ele>
      </trkpt>
      <trkpt lat="52.192781595513225" lon="5.8824841026216745">
        <ele>43.56</ele>
      </trkpt>
      <trkpt lat="52.19282425940037" lon="5.882200626656413">
        <ele>43.81</ele>
      </trkpt>
      <trkpt lat="52.19284571707249" lon="5.882058134302497">
        <ele>43.91</ele>
      </trkpt>
      <trkpt lat="52.192849991843104" lon="5.8820299711078405">
        <ele>43.92</ele>
      </trkpt>
      <trkpt lat="52.19287237152457" lon="5.8819180727005005">
        <ele>43.97</ele>
      </trkpt>
      <trkpt lat="52.19288628548384" lon="5.881848335266113">
        <ele>43.97</ele>
      </trkpt>
      <trkpt lat="52.1929001994431" lon="5.881778597831726">
        <ele>43.96</ele>
      </trkpt>
      <trkpt lat="52.19292811118066" lon="5.881639122962952">
        <ele>43.88</ele>
      </trkpt>
      <trkpt lat="52.192956022918224" lon="5.881499648094177">
        <ele>43.76</ele>
      </trkpt>
      <trkpt lat="52.19301151111722" lon="5.881222123280168">
        <ele>43.46</ele>
      </trkpt>
      <trkpt lat="52.19303942285478" lon="5.881082648411393">
        <ele>43.36</ele>
      </trkpt>
      <trkpt lat="52.193053336814046" lon="5.881012910977006">
        <ele>43.33</ele>
      </trkpt>
      <trkpt lat="52.19308124855161" lon="5.8808734361082315">
        <ele>43.31</ele>
      </trkpt>
      <trkpt lat="52.193095246329904" lon="5.880803698673844">
        <ele>43.32</ele>
      </trkpt>
      <trkpt lat="52.193164648488164" lon="5.880456352606416">
        <ele>43.48</ele>
      </trkpt>
      <trkpt lat="52.19317998737097" lon="5.880379993468523">
        <ele>43.44</ele>
      </trkpt>
      <trkpt lat="52.19320680946112" lon="5.880421651527286">
        <ele>43.41</ele>
      </trkpt>
      <trkpt lat="52.193269925192" lon="5.880519971251488">
        <ele>43.37</ele>
      </trkpt>
      <trkpt lat="52.19332993961871" lon="5.880519971251488">
        <ele>43.37</ele>
      </trkpt>
      <trkpt lat="52.193345529958606" lon="5.880483677610755">
        <ele>43.37</ele>
      </trkpt>
      <trkpt lat="52.19335994683206" lon="5.880449982360005">
        <ele>43.38</ele>
      </trkpt>
      <trkpt lat="52.19337997958064" lon="5.880299946293235">
        <ele>43.42</ele>
      </trkpt>
      <trkpt lat="52.19339992851019" lon="5.880289971828461">
        <ele>43.43</ele>
      </trkpt>
      <trkpt lat="52.19342490658164" lon="5.88029676117003">
        <ele>43.45</ele>
      </trkpt>
      <trkpt lat="52.19350998289883" lon="5.880319979041815">
        <ele>43.41</ele>
      </trkpt>
      <trkpt lat="52.193519957363605" lon="5.880349986255169">
        <ele>43.4</ele>
      </trkpt>
      <trkpt lat="52.19350369647145" lon="5.880463980138302">
        <ele>43.37</ele>
      </trkpt>
      <trkpt lat="52.19348349608481" lon="5.880605466663837">
        <ele>43.39</ele>
      </trkpt>
      <trkpt lat="52.19347327016294" lon="5.880676880478859">
        <ele>43.43</ele>
      </trkpt>
      <trkpt lat="52.19346991740167" lon="5.880699930712581">
        <ele>43.44</ele>
      </trkpt>
      <trkpt lat="52.19347997568548" lon="5.880819959565997">
        <ele>43.55</ele>
      </trkpt>
      <trkpt lat="52.19348014332354" lon="5.880820294842124">
        <ele>43.55</ele>
      </trkpt>
      <trkpt lat="52.19361995346844" lon="5.881109973415732">
        <ele>43.99</ele>
      </trkpt>
      <trkpt lat="52.19364920631051" lon="5.881156995892525">
        <ele>44.08</ele>
      </trkpt>
      <trkpt lat="52.19371265731752" lon="5.881258919835091">
        <ele>44.33</ele>
      </trkpt>
      <trkpt lat="52.19377610832453" lon="5.881360759958625">
        <ele>44.66</ele>
      </trkpt>
      <trkpt lat="52.193839559331536" lon="5.881462683901191">
        <ele>45.05</ele>
      </trkpt>
      <trkpt lat="52.193903010338545" lon="5.881564607843757">
        <ele>45.5</ele>
      </trkpt>
      <trkpt lat="52.193949948996305" lon="5.881639961153269">
        <ele>45.86</ele>
      </trkpt>
      <trkpt lat="52.19396780245006" lon="5.881664017215371">
        <ele>46.0</ele>
      </trkpt>
      <trkpt lat="52.194071151316166" lon="5.881803156808019">
        <ele>46.82</ele>
      </trkpt>
      <trkpt lat="52.19417382963002" lon="5.881941374391317">
        <ele>47.67</ele>
      </trkpt>
      <trkpt lat="52.19420995563269" lon="5.881989989429712">
        <ele>47.95</ele>
      </trkpt>
      <trkpt lat="52.194245494902134" lon="5.882024355232716">
        <ele>48.2</ele>
      </trkpt>
      <trkpt lat="52.19439779408276" lon="5.882171876728535">
        <ele>49.17</ele>
      </trkpt>
      <trkpt lat="52.19447356648743" lon="5.882245302200317">
        <ele>49.67</ele>
      </trkpt>
      <trkpt lat="52.19455017708242" lon="5.8823194820433855">
        <ele>50.22</ele>
      </trkpt>
      <trkpt lat="52.19466459006071" lon="5.882430290803313">
        <ele>51.1</ele>
      </trkpt>
      <trkpt lat="52.19474036246538" lon="5.882503716275096">
        <ele>51.74</ele>
      </trkpt>
      <trkpt lat="52.19477824866772" lon="5.882540429010987">
        <ele>52.08</ele>
      </trkpt>
      <trkpt lat="52.195083014667034" lon="5.8828354720026255">
        <ele>54.98</ele>
      </trkpt>
      <trkpt lat="52.19523682259023" lon="5.882984586060047">
        <ele>56.13</ele>
      </trkpt>
      <trkpt lat="52.19554460607469" lon="5.883282646536827">
        <ele>58.53</ele>
      </trkpt>
      <trkpt lat="52.195621971040964" lon="5.883357496932149">
        <ele>59.06</ele>
      </trkpt>
      <trkpt lat="52.195660611614585" lon="5.883394964039326">
        <ele>59.29</ele>
      </trkpt>
      <trkpt lat="52.19569933600724" lon="5.8834324311465025">
        <ele>59.48</ele>
      </trkpt>
      <trkpt lat="52.19573722220957" lon="5.883469143882394">
        <ele>59.64</ele>
      </trkpt>
      <trkpt lat="52.195775862783194" lon="5.883506610989571">
        <ele>59.78</ele>
      </trkpt>
      <trkpt lat="52.19585322774947" lon="5.8835814613848925">
        <ele>59.99</ele>
      </trkpt>
      <trkpt lat="52.19592975452542" lon="5.883655641227961">
        <ele>60.14</ele>
      </trkpt>
      <trkpt lat="52.19604576006532" lon="5.883767958730459">
        <ele>60.29</ele>
      </trkpt>
      <trkpt lat="52.196160927414894" lon="5.883879605680704">
        <ele>60.32</ele>
      </trkpt>
      <trkpt lat="52.196348849684" lon="5.884061576798558">
        <ele>60.56</ele>
      </trkpt>
      <trkpt lat="52.196423867717385" lon="5.8841342478990555">
        <ele>60.69</ele>
      </trkpt>
      <trkpt lat="52.196499640122056" lon="5.8842075895518064">
        <ele>60.87</ele>
      </trkpt>
      <trkpt lat="52.19657465815544" lon="5.884280260652304">
        <ele>61.11</ele>
      </trkpt>
      <trkpt lat="52.196650514379144" lon="5.884353686124086">
        <ele>61.4</ele>
      </trkpt>
      <trkpt lat="52.196763418614864" lon="5.884462986141443">
        <ele>61.94</ele>
      </trkpt>
      <trkpt lat="52.19687623903155" lon="5.884572369977832">
        <ele>62.58</ele>
      </trkpt>
      <trkpt lat="52.197026275098324" lon="5.884717712178826">
        <ele>63.5</ele>
      </trkpt>
      <trkpt lat="52.19706994481385" lon="5.884759956970811">
        <ele>63.67</ele>
      </trkpt>
      <trkpt lat="52.19710196368396" lon="5.884791389107704">
        <ele>63.8</ele>
      </trkpt>
      <trkpt lat="52.19714052043855" lon="5.884829191491008">
        <ele>63.93</ele>
      </trkpt>
      <trkpt lat="52.19721679575741" lon="5.88490404188633">
        <ele>64.13</ele>
      </trkpt>
      <trkpt lat="52.197293071076274" lon="5.8849788922816515">
        <ele>64.3</ele>
      </trkpt>
      <trkpt lat="52.19740714877844" lon="5.885090874508023">
        <ele>64.47</ele>
      </trkpt>
      <trkpt lat="52.197597501799464" lon="5.885277623310685">
        <ele>64.68</ele>
      </trkpt>
      <trkpt lat="52.197901932522655" lon="5.885576354339719">
        <ele>65.26</ele>
      </trkpt>
      <trkpt lat="52.1982448361814" lon="5.885912887752056">
        <ele>65.8</ele>
      </trkpt>
      <trkpt lat="52.198321195319295" lon="5.885987738147378">
        <ele>65.9</ele>
      </trkpt>
      <trkpt lat="52.198397470638156" lon="5.8860626723617315">
        <ele>65.94</ele>
      </trkpt>
      <trkpt lat="52.19847374595702" lon="5.886137522757053">
        <ele>65.93</ele>
      </trkpt>
      <trkpt lat="52.19877817668021" lon="5.886436253786087">
        <ele>65.72</ele>
      </trkpt>
      <trkpt lat="52.19889300875366" lon="5.8865489065647125">
        <ele>65.68</ele>
      </trkpt>
      <trkpt lat="52.19900708645582" lon="5.886660804972053">
        <ele>65.71</ele>
      </trkpt>
      <trkpt lat="52.19908336177468" lon="5.886735739186406">
        <ele>65.77</ele>
      </trkpt>
      <trkpt lat="52.199159637093544" lon="5.886810589581728">
        <ele>65.86</ele>
      </trkpt>
      <trkpt lat="52.19918352551758" lon="5.886834058910608">
        <ele>65.85</ele>
      </trkpt>
      <trkpt lat="52.19920992851257" lon="5.886859958991408">
        <ele>65.88</ele>
      </trkpt>
      <trkpt lat="52.19927430152893" lon="5.886941850185394">
        <ele>65.96</ele>
      </trkpt>
      <trkpt lat="52.199319982901216" lon="5.886999936774373">
        <ele>65.99</ele>
      </trkpt>
      <trkpt lat="52.19934169203043" lon="5.887036230415106">
        <ele>66.02</ele>
      </trkpt>
      <trkpt lat="52.199373207986355" lon="5.887088617309928">
        <ele>66.03</ele>
      </trkpt>
      <trkpt lat="52.1994399279356" lon="5.887199928984046">
        <ele>65.95</ele>
      </trkpt>
      <trkpt lat="52.19946331344545" lon="5.887251812964678">
        <ele>65.86</ele>
      </trkpt>
      <trkpt lat="52.199515951797366" lon="5.887368908151984">
        <ele>65.58</ele>
      </trkpt>
      <trkpt lat="52.19952994957566" lon="5.887399921193719">
        <ele>65.48</ele>
      </trkpt>
      <trkpt lat="52.19954118132591" lon="5.887429593130946">
        <ele>65.39</ele>
      </trkpt>
      <trkpt lat="52.199564734473825" lon="5.887492038309574">
        <ele>65.17</ele>
      </trkpt>
      <trkpt lat="52.19958837144077" lon="5.887554483488202">
        <ele>64.91</ele>
      </trkpt>
      <trkpt lat="52.19972952269018" lon="5.887927981093526">
        <ele>63.24</ele>
      </trkpt>
      <trkpt lat="52.1998234000057" lon="5.888176504522562">
        <ele>62.23</ele>
      </trkpt>
      <trkpt lat="52.199870673939586" lon="5.888301394879818">
        <ele>61.76</ele>
      </trkpt>
      <trkpt lat="52.19996455125511" lon="5.888549918308854">
        <ele>60.95</ele>
      </trkpt>
      <trkpt lat="52.20001174136996" lon="5.88867480866611">
        <ele>60.57</ele>
      </trkpt>
      <trkpt lat="52.20005893148482" lon="5.888799699023366">
        <ele>60.23</ele>
      </trkpt>
      <trkpt lat="52.200246853753924" lon="5.88929682970047">
        <ele>59.05</ele>
      </trkpt>
      <trkpt lat="52.200317680835724" lon="5.889484165236354">
        <ele>58.65</ele>
      </trkpt>
      <trkpt lat="52.20038800500333" lon="5.889670243486762">
        <ele>58.32</ele>
      </trkpt>
      <trkpt lat="52.2004587482661" lon="5.889857662841678">
        <ele>58.08</ele>
      </trkpt>
      <trkpt lat="52.2005055192858" lon="5.889981295913458">
        <ele>57.99</ele>
      </trkpt>
      <trkpt lat="52.200552709400654" lon="5.890106186270714">
        <ele>57.94</ele>
      </trkpt>
      <trkpt lat="52.20059989951551" lon="5.89023107662797">
        <ele>57.91</ele>
      </trkpt>
      <trkpt lat="52.20067022368312" lon="5.890417154878378">
        <ele>57.9</ele>
      </trkpt>
      <trkpt lat="52.200717413797975" lon="5.890542045235634">
        <ele>57.91</ele>
      </trkpt>
      <trkpt lat="52.20081137493253" lon="5.890790652483702">
        <ele>57.97</ele>
      </trkpt>
      <trkpt lat="52.20085856504738" lon="5.890915542840958">
        <ele>57.98</ele>
      </trkpt>
      <trkpt lat="52.20092939212918" lon="5.8911028783768415">
        <ele>57.95</ele>
      </trkpt>
      <trkpt lat="52.20097607932985" lon="5.891226511448622">
        <ele>57.9</ele>
      </trkpt>
      <trkpt lat="52.20104690641165" lon="5.891413846984506">
        <ele>57.74</ele>
      </trkpt>
      <trkpt lat="52.201329208910465" lon="5.8921607583761215">
        <ele>56.93</ele>
      </trkpt>
      <trkpt lat="52.20154068432748" lon="5.892720250412822">
        <ele>56.36</ele>
      </trkpt>
      <trkpt lat="52.20165861770511" lon="5.893032560124993">
        <ele>56.0</ele>
      </trkpt>
      <trkpt lat="52.201705388724804" lon="5.8931561931967735">
        <ele>55.88</ele>
      </trkpt>
      <trkpt lat="52.20175165683031" lon="5.893278568983078">
        <ele>55.64</ele>
      </trkpt>
      <trkpt lat="52.201798344030976" lon="5.893402202054858">
        <ele>55.42</ele>
      </trkpt>
      <trkpt lat="52.20189138315618" lon="5.893648294731975">
        <ele>55.02</ele>
      </trkpt>
      <trkpt lat="52.20196170732379" lon="5.893834372982383">
        <ele>54.74</ele>
      </trkpt>
      <trkpt lat="52.202077796682715" lon="5.894141653552651">
        <ele>54.32</ele>
      </trkpt>
      <trkpt lat="52.20212456770241" lon="5.894265286624432">
        <ele>54.17</ele>
      </trkpt>
      <trkpt lat="52.202148120850325" lon="5.89432773180306">
        <ele>54.11</ele>
      </trkpt>
      <trkpt lat="52.20219438895583" lon="5.894450107589364">
        <ele>54.03</ele>
      </trkpt>
      <trkpt lat="52.20233461819589" lon="5.894821090623736">
        <ele>53.84</ele>
      </trkpt>
      <trkpt lat="52.202427573502064" lon="5.895067099481821">
        <ele>53.76</ele>
      </trkpt>
      <trkpt lat="52.202497478574514" lon="5.895252004265785">
        <ele>53.73</ele>
      </trkpt>
      <trkpt lat="52.20261407084763" lon="5.895560458302498">
        <ele>53.79</ele>
      </trkpt>
      <trkpt lat="52.202660758048296" lon="5.895684091374278">
        <ele>53.83</ele>
      </trkpt>
      <trkpt lat="52.202800484374166" lon="5.896053817123175">
        <ele>54.04</ele>
      </trkpt>
      <trkpt lat="52.2028901707381" lon="5.896291108801961">
        <ele>54.22</ele>
      </trkpt>
      <trkpt lat="52.20291992649436" lon="5.896369982510805">
        <ele>54.22</ele>
      </trkpt>
      <trkpt lat="52.20295982435346" lon="5.896552205085754">
        <ele>54.24</ele>
      </trkpt>
      <trkpt lat="52.203059988096356" lon="5.897009940817952">
        <ele>54.41</ele>
      </trkpt>
      <trkpt lat="52.203082870692015" lon="5.89716668240726">
        <ele>54.47</ele>
      </trkpt>
      <trkpt lat="52.20312377437949" lon="5.897446470335126">
        <ele>54.51</ele>
      </trkpt>
      <trkpt lat="52.20317490398884" lon="5.8977961633354425">
        <ele>54.53</ele>
      </trkpt>
      <trkpt lat="52.20323617570102" lon="5.89821576140821">
        <ele>54.64</ele>
      </trkpt>
      <trkpt lat="52.20324992202222" lon="5.898309973999858">
        <ele>54.67</ele>
      </trkpt>
      <trkpt lat="52.20328403636813" lon="5.898569729179144">
        <ele>54.77</ele>
      </trkpt>
      <trkpt lat="52.203302728012204" lon="5.8987118024379015">
        <ele>54.8</ele>
      </trkpt>
      <trkpt lat="52.203330639749765" lon="5.898924116045237">
        <ele>54.78</ele>
      </trkpt>
      <trkpt lat="52.20336793921888" lon="5.899208262562752">
        <ele>54.72</ele>
      </trkpt>
      <trkpt lat="52.203379925340414" lon="5.899299960583448">
        <ele>54.71</ele>
      </trkpt>
      <trkpt lat="52.2033925820142" lon="5.899411188438535">
        <ele>54.71</ele>
      </trkpt>
      <trkpt lat="52.20341596752405" lon="5.899616042152047">
        <ele>54.66</ele>
      </trkpt>
      <trkpt lat="52.203509006649256" lon="5.900434032082558">
        <ele>54.27</ele>
      </trkpt>
      <trkpt lat="52.20351998694241" lon="5.90052992105484">
        <ele>54.18</ele>
      </trkpt>
      <trkpt lat="52.20353323034942" lon="5.900723207741976">
        <ele>54.03</ele>
      </trkpt>
      <trkpt lat="52.20356818288565" lon="5.9012336656451225">
        <ele>53.53</ele>
      </trkpt>
      <trkpt lat="52.20357807353139" lon="5.901378002017736">
        <ele>53.44</ele>
      </trkpt>
      <trkpt lat="52.2035931609571" lon="5.901598194614053">
        <ele>53.4</ele>
      </trkpt>
      <trkpt lat="52.20360808074474" lon="5.90181696228683">
        <ele>53.41</ele>
      </trkpt>
      <trkpt lat="52.20361998304725" lon="5.9019899647682905">
        <ele>53.47</ele>
      </trkpt>
      <trkpt lat="52.203625682741404" lon="5.902035059407353">
        <ele>53.49</ele>
      </trkpt>
      <trkpt lat="52.20365292392671" lon="5.902250641956925">
        <ele>53.61</ele>
      </trkpt>
      <trkpt lat="52.20367102883756" lon="5.902394391596317">
        <ele>53.73</ele>
      </trkpt>
      <trkpt lat="52.203707406297326" lon="5.902681807056069">
        <ele>54.03</ele>
      </trkpt>
      <trkpt lat="52.203734647482634" lon="5.902897389605641">
        <ele>54.33</ele>
      </trkpt>
      <trkpt lat="52.203770941123366" lon="5.9031848050653934">
        <ele>54.83</ele>
      </trkpt>
      <trkpt lat="52.20382542349398" lon="5.903615970164537">
        <ele>55.67</ele>
      </trkpt>
      <trkpt lat="52.203849982470274" lon="5.903809927403927">
        <ele>55.98</ele>
      </trkpt>
      <trkpt lat="52.203856939449906" lon="5.903978403657675">
        <ele>56.25</ele>
      </trkpt>
      <trkpt lat="52.20386993139982" lon="5.904289958998561">
        <ele>56.79</ele>
      </trkpt>
      <trkpt lat="52.203875463455915" lon="5.904343770816922">
        <ele>56.89</ele>
      </trkpt>
      <trkpt lat="52.2038902156055" lon="5.904487017542124">
        <ele>57.12</ele>
      </trkpt>
      <trkpt lat="52.203919887542725" lon="5.904776528477669">
        <ele>57.49</ele>
      </trkpt>
      <trkpt lat="52.20393480733037" lon="5.9049212001264095">
        <ele>57.64</ele>
      </trkpt>
      <trkpt lat="52.203949643298984" lon="5.905065955594182">
        <ele>57.72</ele>
      </trkpt>
      <trkpt lat="52.20400119200349" lon="5.905568115413189">
        <ele>57.79</ele>
      </trkpt>
      <trkpt lat="52.20405994914472" lon="5.906139928847551">
        <ele>57.76</ele>
      </trkpt>
      <trkpt lat="52.20409959554672" lon="5.906424578279257">
        <ele>57.75</ele>
      </trkpt>
      <trkpt lat="52.20415868796408" lon="5.906849624589086">
        <ele>57.81</ele>
      </trkpt>
      <trkpt lat="52.20417846925557" lon="5.906991278752685">
        <ele>57.81</ele>
      </trkpt>
      <trkpt lat="52.20425734296441" lon="5.907557895407081">
        <ele>57.76</ele>
      </trkpt>
      <trkpt lat="52.20431643538177" lon="5.907982941716909">
        <ele>57.66</ele>
      </trkpt>
      <trkpt lat="52.204329930245876" lon="5.908079920336604">
        <ele>57.65</ele>
      </trkpt>
      <trkpt lat="52.20435155555606" lon="5.908193830400705">
        <ele>57.65</ele>
      </trkpt>
      <trkpt lat="52.20441794022918" lon="5.908544277772307">
        <ele>57.59</ele>
      </trkpt>
      <trkpt lat="52.2044840734452" lon="5.908893384039402">
        <ele>57.46</ele>
      </trkpt>
      <trkpt lat="52.204510644078255" lon="5.909033613279462">
        <ele>57.43</ele>
      </trkpt>
      <trkpt lat="52.20460334792733" lon="5.909522864967585">
        <ele>57.39</ele>
      </trkpt>
      <trkpt lat="52.20470937900245" lon="5.910082273185253">
        <ele>57.31</ele>
      </trkpt>
      <trkpt lat="52.204788755625486" lon="5.910501452162862">
        <ele>57.18</ele>
      </trkpt>
      <trkpt lat="52.20486997626722" lon="5.910929935052991">
        <ele>57.2</ele>
      </trkpt>
      <trkpt lat="52.20493569038808" lon="5.911346934735775">
        <ele>57.31</ele>
      </trkpt>
      <trkpt lat="52.204998806118965" lon="5.911747673526406">
        <ele>57.39</ele>
      </trkpt>
      <trkpt lat="52.2050850559026" lon="5.912294844165444">
        <ele>56.99</ele>
      </trkpt>
      <trkpt lat="52.20511724241078" lon="5.912499530240893">
        <ele>56.78</ele>
      </trkpt>
      <trkpt lat="52.2051299829036" lon="5.91257999651134">
        <ele>56.66</ele>
      </trkpt>
      <trkpt lat="52.20513618551195" lon="5.912636909633875">
        <ele>56.59</ele>
      </trkpt>
      <trkpt lat="52.2052195854485" lon="5.913402680307627">
        <ele>55.43</ele>
      </trkpt>
      <trkpt lat="52.20528228208423" lon="5.913977678865194">
        <ele>54.86</ele>
      </trkpt>
      <trkpt lat="52.20529996789992" lon="5.914139952510595">
        <ele>54.67</ele>
      </trkpt>
      <trkpt lat="52.20533517189324" lon="5.91433365829289">
        <ele>54.44</ele>
      </trkpt>
      <trkpt lat="52.20537330955267" lon="5.91454328969121">
        <ele>54.16</ele>
      </trkpt>
      <trkpt lat="52.205424439162016" lon="5.914824670180678">
        <ele>53.72</ele>
      </trkpt>
      <trkpt lat="52.20543994568288" lon="5.914909997954965">
        <ele>53.56</ele>
      </trkpt>
      <trkpt lat="52.20562250353396" lon="5.915640145540237">
        <ele>52.22</ele>
      </trkpt>
      <trkpt lat="52.205826016142964" lon="5.916454028338194">
        <ele>50.83</ele>
      </trkpt>
      <trkpt lat="52.20585962757468" lon="5.916588557884097">
        <ele>50.62</ele>
      </trkpt>
      <trkpt lat="52.20596155151725" lon="5.916996169835329">
        <ele>50.08</ele>
      </trkpt>
      <trkpt lat="52.20602910965681" lon="5.917266570031643">
        <ele>49.67</ele>
      </trkpt>
      <trkpt lat="52.20604998059571" lon="5.9173499699682">
        <ele>49.57</ele>
      </trkpt>
      <trkpt lat="52.20606557093561" lon="5.91745650395751">
        <ele>49.45</ele>
      </trkpt>
      <trkpt lat="52.20614620484412" lon="5.918005937710404">
        <ele>48.74</ele>
      </trkpt>
      <trkpt lat="52.20615995116532" lon="5.918099982663989">
        <ele>48.64</ele>
      </trkpt>
      <trkpt lat="52.20619909465313" lon="5.918494183570147">
        <ele>48.23</ele>
      </trkpt>
      <trkpt lat="52.206213092431426" lon="5.918634664267302">
        <ele>48.06</ele>
      </trkpt>
      <trkpt lat="52.206240920349956" lon="5.918914284557104">
        <ele>47.66</ele>
      </trkpt>
      <trkpt lat="52.20626179128885" lon="5.919124335050583">
        <ele>47.39</ele>
      </trkpt>
      <trkpt lat="52.20631057396531" lon="5.919615346938372">
        <ele>46.9</ele>
      </trkpt>
      <trkpt lat="52.20631996169686" lon="5.919709978625178">
        <ele>47.15</ele>
      </trkpt>
      <trkpt lat="52.20633286982775" lon="5.919705284759402">
        <ele>47.21</ele>
      </trkpt>
      <trkpt lat="52.20643999055028" lon="5.919666476547718">
        <ele>47.76</ele>
      </trkpt>
      <trkpt lat="52.206602431833744" lon="5.919607719406486">
        <ele>48.18</ele>
      </trkpt>
      <trkpt lat="52.206847351044416" lon="5.919519038870931">
        <ele>48.92</ele>
      </trkpt>
      <trkpt lat="52.206899989396334" lon="5.9194999281317">
        <ele>49.12</ele>
      </trkpt>
      <trkpt lat="52.20693510957062" lon="5.9194987546652555">
        <ele>49.26</ele>
      </trkpt>
      <trkpt lat="52.20702504739165" lon="5.9194958209991455">
        <ele>49.57</ele>
      </trkpt>
      <trkpt lat="52.20706997439265" lon="5.919494312256575">
        <ele>49.7</ele>
      </trkpt>
      <trkpt lat="52.207158990204334" lon="5.919491294771433">
        <ele>49.92</ele>
      </trkpt>
      <trkpt lat="52.20719997771084" lon="5.919489953666925">
        <ele>49.99</ele>
      </trkpt>
      <trkpt lat="52.20724968239665" lon="5.9194964077323675">
        <ele>50.09</ele>
      </trkpt>
      <trkpt lat="52.20733660273254" lon="5.919507807120681">
        <ele>50.21</ele>
      </trkpt>
      <trkpt lat="52.20742997713387" lon="5.9195199608802795">
        <ele>50.26</ele>
      </trkpt>
      <trkpt lat="52.207470713183284" lon="5.919537395238876">
        <ele>50.29</ele>
      </trkpt>
      <trkpt lat="52.20763994380832" lon="5.919609982520342">
        <ele>50.23</ele>
      </trkpt>
      <trkpt lat="52.20764388330281" lon="5.919611155986786">
        <ele>50.23</ele>
      </trkpt>
      <trkpt lat="52.2077305521816" lon="5.919637642800808">
        <ele>50.17</ele>
      </trkpt>
      <trkpt lat="52.20781981945038" lon="5.9196648839861155">
        <ele>50.08</ele>
      </trkpt>
      <trkpt lat="52.207999946549535" lon="5.9197199530899525">
        <ele>49.82</ele>
      </trkpt>
      <trkpt lat="52.20803942531347" lon="5.919727329164743">
        <ele>49.77</ele>
      </trkpt>
      <trkpt lat="52.20815995708108" lon="5.919749960303307">
        <ele>49.58</ele>
      </trkpt>
      <trkpt lat="52.20835248939693" lon="5.919757084921002">
        <ele>49.3</ele>
      </trkpt>
      <trkpt lat="52.208429938182235" lon="5.919759934768081">
        <ele>49.2</ele>
      </trkpt>
      <trkpt lat="52.208441169932485" lon="5.9197554923594">
        <ele>49.19</ele>
      </trkpt>
      <trkpt lat="52.208579974249005" lon="5.9196999203413725">
        <ele>49.06</ele>
      </trkpt>
      <trkpt lat="52.208621464669704" lon="5.919527756050229">
        <ele>48.97</ele>
      </trkpt>
      <trkpt lat="52.20871358178556" lon="5.9191453736275434">
        <ele>48.63</ele>
      </trkpt>
      <trkpt lat="52.208759346976876" lon="5.918955523520708">
        <ele>48.5</ele>
      </trkpt>
      <trkpt lat="52.20877996645868" lon="5.918869944289327">
        <ele>48.44</ele>
      </trkpt>
      <trkpt lat="52.208896055817604" lon="5.918430062010884">
        <ele>48.18</ele>
      </trkpt>
      <trkpt lat="52.20899999141693" lon="5.9180365316569805">
        <ele>47.97</ele>
      </trkpt>
      <trkpt lat="52.2090860735625" lon="5.917710307985544">
        <ele>47.83</ele>
      </trkpt>
      <trkpt lat="52.20910996198654" lon="5.917619951069355">
        <ele>47.8</ele>
      </trkpt>
      <trkpt lat="52.20924071967602" lon="5.91719021089375">
        <ele>47.68</ele>
      </trkpt>
      <trkpt lat="52.20924993976951" lon="5.917159952223301">
        <ele>47.67</ele>
      </trkpt>
      <trkpt lat="52.20935706049204" lon="5.916881505399942">
        <ele>47.61</ele>
      </trkpt>
      <trkpt lat="52.209498547017574" lon="5.9165136236697435">
        <ele>47.47</ele>
      </trkpt>
      <trkpt lat="52.20968697220087" lon="5.916023785248399">
        <ele>47.34</ele>
      </trkpt>
      <trkpt lat="52.20979996025562" lon="5.915729999542236">
        <ele>47.24</ele>
      </trkpt>
      <trkpt lat="52.20987992361188" lon="5.915429927408695">
        <ele>47.16</ele>
      </trkpt>
      <trkpt lat="52.20988227054477" lon="5.915392460301518">
        <ele>47.15</ele>
      </trkpt>
      <trkpt lat="52.20989995636046" lon="5.915109990164638">
        <ele>47.03</ele>
      </trkpt>
      <trkpt lat="52.20989668741822" lon="5.915037486702204">
        <ele>47.01</ele>
      </trkpt>
      <trkpt lat="52.209889981895685" lon="5.914889965206385">
        <ele>46.92</ele>
      </trkpt>
      <trkpt lat="52.20986131578684" lon="5.914686536416411">
        <ele>46.81</ele>
      </trkpt>
      <trkpt lat="52.20979996025562" lon="5.914249923080206">
        <ele>46.52</ele>
      </trkpt>
      <trkpt lat="52.20978772267699" lon="5.91405906714499">
        <ele>46.4</ele>
      </trkpt>
      <trkpt lat="52.20975536853075" lon="5.913555482402444">
        <ele>45.95</ele>
      </trkpt>
      <trkpt lat="52.20974606461823" lon="5.9134109783917665">
        <ele>45.79</ele>
      </trkpt>
      <trkpt lat="52.20972997136414" lon="5.913159940391779">
        <ele>45.46</ele>
      </trkpt>
      <trkpt lat="52.20973089337349" lon="5.913051310926676">
        <ele>45.33</ele>
      </trkpt>
      <trkpt lat="52.20973282121122" lon="5.912834135815501">
        <ele>45.12</ele>
      </trkpt>
      <trkpt lat="52.209734078496695" lon="5.912690386176109">
        <ele>45.04</ele>
      </trkpt>
      <trkpt lat="52.20973533578217" lon="5.912545043975115">
        <ele>45.02</ele>
      </trkpt>
      <trkpt lat="52.2097391076386" lon="5.9121122024953365">
        <ele>45.08</ele>
      </trkpt>
      <trkpt lat="52.209739945828915" lon="5.912019917741418">
        <ele>45.1</ele>
      </trkpt>
      <trkpt lat="52.20975142903626" lon="5.9118948597460985">
        <ele>45.13</ele>
      </trkpt>
      <trkpt lat="52.20976467244327" lon="5.911751193925738">
        <ele>45.2</ele>
      </trkpt>
      <trkpt lat="52.20977799966931" lon="5.911606103181839">
        <ele>45.3</ele>
      </trkpt>
      <trkpt lat="52.209817646071315" lon="5.911175021901727">
        <ele>45.65</ele>
      </trkpt>
      <trkpt lat="52.2098199930042" lon="5.911149960011244">
        <ele>45.67</ele>
      </trkpt>
      <trkpt lat="52.20984807237983" lon="5.9110375586897135">
        <ele>45.8</ele>
      </trkpt>
      <trkpt lat="52.20989836379886" lon="5.9108363930135965">
        <ele>46.05</ele>
      </trkpt>
      <trkpt lat="52.20991998910904" lon="5.910749975591898">
        <ele>46.18</ele>
      </trkpt>
      <trkpt lat="52.209953935816884" lon="5.910642519593239">
        <ele>46.36</ele>
      </trkpt>
      <trkpt lat="52.20999425277114" lon="5.910514611750841">
        <ele>46.55</ele>
      </trkpt>
      <trkpt lat="52.21009994857013" lon="5.910179922357202">
        <ele>46.97</ele>
      </trkpt>
      <trkpt lat="52.210160717368126" lon="5.910012787207961">
        <ele>47.19</ele>
      </trkpt>
      <trkpt lat="52.21027228049934" lon="5.9097060933709145">
        <ele>47.66</ele>
      </trkpt>
      <trkpt lat="52.210299940779805" lon="5.909629985690117">
        <ele>47.81</ele>
      </trkpt>
      <trkpt lat="52.21037671901286" lon="5.909471400082111">
        <ele>48.18</ele>
      </trkpt>
      <trkpt lat="52.210487024858594" lon="5.909243328496814">
        <ele>48.75</ele>
      </trkpt>
      <trkpt lat="52.210599929094315" lon="5.909009976312518">
        <ele>49.3</ele>
      </trkpt>
      <trkpt lat="52.210684921592474" lon="5.908851642161608">
        <ele>49.69</ele>
      </trkpt>
      <trkpt lat="52.21077318303287" lon="5.90868710540235">
        <ele>50.14</ele>
      </trkpt>
      <trkpt lat="52.21081995405257" lon="5.908599933609366">
        <ele>50.41</ele>
      </trkpt>
      <trkpt lat="52.21091383136809" lon="5.908515946939588">
        <ele>50.82</ele>
      </trkpt>
      <trkpt lat="52.211009971797466" lon="5.908429948613048">
        <ele>51.28</ele>
      </trkpt>
      <trkpt lat="52.21103344112635" lon="5.908427014946938">
        <ele>51.39</ele>
      </trkpt>
      <trkpt lat="52.21112220548093" lon="5.908415950834751">
        <ele>51.83</ele>
      </trkpt>
      <trkpt lat="52.21124994568527" lon="5.9083999413996935">
        <ele>52.54</ele>
      </trkpt>
      <trkpt lat="52.21125480718911" lon="5.908401785418391">
        <ele>52.54</ele>
      </trkpt>
      <trkpt lat="52.211539959535" lon="5.908509995788336">
        <ele>54.16</ele>
      </trkpt>
      <trkpt lat="52.21155655570328" lon="5.90852290391922">
        <ele>54.27</ele>
      </trkpt>
      <trkpt lat="52.21180013380945" lon="5.908712251111865">
        <ele>55.87</ele>
      </trkpt>
      <trkpt lat="52.21180994063616" lon="5.908719962462783">
        <ele>55.92</ele>
      </trkpt>
      <trkpt lat="52.211908930912614" lon="5.908841751515865">
        <ele>56.58</ele>
      </trkpt>
      <trkpt lat="52.21201663836837" lon="5.908974353224039">
        <ele>57.24</ele>
      </trkpt>
      <trkpt lat="52.21206994727254" lon="5.909039983525872">
        <ele>57.53</ele>
      </trkpt>
      <trkpt lat="52.21220975741744" lon="5.909278197214007">
        <ele>58.44</ele>
      </trkpt>
      <trkpt lat="52.21230313181877" lon="5.90943711809814">
        <ele>58.99</ele>
      </trkpt>
      <trkpt lat="52.212339928373694" lon="5.909499982371926">
        <ele>59.14</ele>
      </trkpt>
      <trkpt lat="52.21238552592695" lon="5.909606851637363">
        <ele>59.38</ele>
      </trkpt>
      <trkpt lat="52.212512427940965" lon="5.909904409199953">
        <ele>59.98</ele>
      </trkpt>
      <trkpt lat="52.21258845180273" lon="5.910082692280412">
        <ele>60.3</ele>
      </trkpt>
      <trkpt lat="52.21262994222343" lon="5.910179922357202">
        <ele>60.45</ele>
      </trkpt>
      <trkpt lat="52.21270948648453" lon="5.910292994230986">
        <ele>60.67</ele>
      </trkpt>
      <trkpt lat="52.21281995996833" lon="5.910449987277389">
        <ele>60.91</ele>
      </trkpt>
      <trkpt lat="52.21299991942942" lon="5.910619972273707">
        <ele>61.27</ele>
      </trkpt>
      <trkpt lat="52.21317074261606" lon="5.910701612010598">
        <ele>61.64</ele>
      </trkpt>
      <trkpt lat="52.21322991885245" lon="5.910729942843318">
        <ele>61.73</ele>
      </trkpt>
      <trkpt lat="52.21338842064142" lon="5.910717789083719">
        <ele>61.99</ele>
      </trkpt>
      <trkpt lat="52.21343602985144" lon="5.910714101046324">
        <ele>62.06</ele>
      </trkpt>
      <trkpt lat="52.21348992548883" lon="5.91070999391377">
        <ele>62.12</ele>
      </trkpt>
      <trkpt lat="52.213603584095836" lon="5.910640507936478">
        <ele>62.27</ele>
      </trkpt>
      <trkpt lat="52.213669968768954" lon="5.910599939525127">
        <ele>62.33</ele>
      </trkpt>
      <trkpt lat="52.213798966258764" lon="5.910470942035317">
        <ele>62.48</ele>
      </trkpt>
      <trkpt lat="52.214099541306496" lon="5.910170366987586">
        <ele>62.85</ele>
      </trkpt>
      <trkpt lat="52.21414991654456" lon="5.910119991749525">
        <ele>62.95</ele>
      </trkpt>
      <trkpt lat="52.21427857875824" lon="5.909963753074408">
        <ele>63.23</ele>
      </trkpt>
      <trkpt lat="52.21445392817259" lon="5.9097508527338505">
        <ele>63.66</ele>
      </trkpt>
      <trkpt lat="52.21456993371248" lon="5.909609952941537">
        <ele>63.9</ele>
      </trkpt>
      <trkpt lat="52.21463916823268" lon="5.909563768655062">
        <ele>64.03</ele>
      </trkpt>
      <trkpt lat="52.2146899625659" lon="5.90952998958528">
        <ele>64.11</ele>
      </trkpt>
      <trkpt lat="52.21476514823735" lon="5.909506855532527">
        <ele>64.23</ele>
      </trkpt>
      <trkpt lat="52.21481996588409" lon="5.9094899240881205">
        <ele>64.25</ele>
      </trkpt>
      <trkpt lat="52.21492323093116" lon="5.909497300162911">
        <ele>64.31</ele>
      </trkpt>
      <trkpt lat="52.21504275687039" lon="5.909505849704146">
        <ele>64.43</ele>
      </trkpt>
      <trkpt lat="52.21509992145002" lon="5.9095099568367">
        <ele>64.57</ele>
      </trkpt>
      <trkpt lat="52.21514308825135" lon="5.909100165590644">
        <ele>65.21</ele>
      </trkpt>
      <trkpt lat="52.21515071578324" lon="5.9090278297662735">
        <ele>65.34</ele>
      </trkpt>
      <trkpt lat="52.21516580320895" lon="5.908884583041072">
        <ele>65.64</ele>
      </trkpt>
      <trkpt lat="52.215196061879396" lon="5.908596748486161">
        <ele>66.32</ele>
      </trkpt>
      <trkpt lat="52.215219950303435" lon="5.908369934186339">
        <ele>66.9</ele>
      </trkpt>
      <trkpt lat="52.21534869633615" lon="5.907760402187705">
        <ele>68.53</ele>
      </trkpt>
      <trkpt lat="52.215369986370206" lon="5.90765998698771">
        <ele>68.78</ele>
      </trkpt>
      <trkpt lat="52.21538155339658" lon="5.907624112442136">
        <ele>68.88</ele>
      </trkpt>
      <trkpt lat="52.21556922420859" lon="5.907043917104602">
        <ele>70.35</ele>
      </trkpt>
      <trkpt lat="52.21558992750943" lon="5.906979963183403">
        <ele>70.49</ele>
      </trkpt>
      <trkpt lat="52.21567852422595" lon="5.906816432252526">
        <ele>70.95</ele>
      </trkpt>
      <trkpt lat="52.21571993082762" lon="5.906739989295602">
        <ele>71.1</ele>
      </trkpt>
      <trkpt lat="52.21580106765032" lon="5.906631778925657">
        <ele>71.36</ele>
      </trkpt>
      <trkpt lat="52.21599611453712" lon="5.906371772289276">
        <ele>71.91</ele>
      </trkpt>
      <trkpt lat="52.216093596071005" lon="5.9062417689710855">
        <ele>72.21</ele>
      </trkpt>
      <trkpt lat="52.21613994799554" lon="5.906179994344711">
        <ele>72.37</ele>
      </trkpt>
      <trkpt lat="52.21630993299186" lon="5.9059899765998125">
        <ele>72.93</ele>
      </trkpt>
      <trkpt lat="52.216509925201535" lon="5.905859973281622">
        <ele>73.52</ele>
      </trkpt>
      <trkpt lat="52.21660304814577" lon="5.905826864764094">
        <ele>73.78</ele>
      </trkpt>
      <trkpt lat="52.216906221583486" lon="5.905719073489308">
        <ele>74.58</ele>
      </trkpt>
      <trkpt lat="52.216959949582815" lon="5.905699962750077">
        <ele>74.68</ele>
      </trkpt>
      <trkpt lat="52.21707981079817" lon="5.90567029081285">
        <ele>74.92</ele>
      </trkpt>
      <trkpt lat="52.217210568487644" lon="5.905637852847576">
        <ele>75.14</ele>
      </trkpt>
      <trkpt lat="52.21747191622853" lon="5.90557306073606">
        <ele>75.53</ele>
      </trkpt>
      <trkpt lat="52.21764617599547" lon="5.905529893934727">
        <ele>75.75</ele>
      </trkpt>
      <trkpt lat="52.21781783737242" lon="5.905487397685647">
        <ele>75.64</ele>
      </trkpt>
      <trkpt lat="52.218250846490264" lon="5.905380109325051">
        <ele>75.5</ele>
      </trkpt>
      <trkpt lat="52.21889809705317" lon="5.905219679698348">
        <ele>75.48</ele>
      </trkpt>
      <trkpt lat="52.218984346836805" lon="5.905198305845261">
        <ele>75.52</ele>
      </trkpt>
      <trkpt lat="52.219156846404076" lon="5.905155558139086">
        <ele>75.67</ele>
      </trkpt>
      <trkpt lat="52.21921996213496" lon="5.905139967799187">
        <ele>75.75</ele>
      </trkpt>
      <trkpt lat="52.219199258834124" lon="5.904870489612222">
        <ele>75.94</ele>
      </trkpt>
      <trkpt lat="52.21918283030391" lon="5.90465784072876">
        <ele>76.16</ele>
      </trkpt>
      <trkpt lat="52.2191608697176" lon="5.904372353106737">
        <ele>76.42</ele>
      </trkpt>
      <trkpt lat="52.21913907676935" lon="5.904088290408254">
        <ele>76.72</ele>
      </trkpt>
      <trkpt lat="52.21912818029523" lon="5.903947055339813">
        <ele>76.84</ele>
      </trkpt>
      <trkpt lat="52.21911996603012" lon="5.903839934617281">
        <ele>76.4</ele>
      </trkpt>
      <trkpt lat="52.219173358753324" lon="5.9038354922086">
        <ele>76.05</ele>
      </trkpt>
      <trkpt lat="52.21923999488354" lon="5.903829960152507">
        <ele>76.17</ele>
      </trkpt>
      <trkpt lat="52.219233037903905" lon="5.903795259073377">
        <ele>76.22</ele>
      </trkpt>
      <trkpt lat="52.21921904012561" lon="5.9037255216389894">
        <ele>76.28</ele>
      </trkpt>
      <trkpt lat="52.219205126166344" lon="5.9036557003855705">
        <ele>76.31</ele>
      </trkpt>
      <trkpt lat="52.219191463664174" lon="5.903587304055691">
        <ele>76.31</ele>
      </trkpt>
      <trkpt lat="52.21917721442878" lon="5.903516141697764">
        <ele>76.26</ele>
      </trkpt>
      <trkpt lat="52.219163216650486" lon="5.903446404263377">
        <ele>76.16</ele>
      </trkpt>
      <trkpt lat="52.21914930269122" lon="5.903376583009958">
        <ele>76.03</ele>
      </trkpt>
      <trkpt lat="52.21912139095366" lon="5.903237108141184">
        <ele>75.65</ele>
      </trkpt>
      <trkpt lat="52.219093730673194" lon="5.903098890557885">
        <ele>75.18</ele>
      </trkpt>
      <trkpt lat="52.21902994439006" lon="5.902779959142208">
        <ele>73.92</ele>
      </trkpt>
      <trkpt lat="52.218992142006755" lon="5.902612740173936">
        <ele>73.26</ele>
      </trkpt>
      <trkpt lat="52.21896104514599" lon="5.9024750255048275">
        <ele>72.78</ele>
      </trkpt>
      <trkpt lat="52.21894545480609" lon="5.9024061262607574">
        <ele>72.58</ele>
      </trkpt>
      <trkpt lat="52.21891427412629" lon="5.902268411591649">
        <ele>72.26</ele>
      </trkpt>
      <trkpt lat="52.218898767605424" lon="5.902199596166611">
        <ele>72.14</ele>
      </trkpt>
      <trkpt lat="52.21888351254165" lon="5.90213212184608">
        <ele>72.05</ele>
      </trkpt>
      <trkpt lat="52.218852331861854" lon="5.901994407176971">
        <ele>71.95</ele>
      </trkpt>
      <trkpt lat="52.218836825340986" lon="5.901925507932901">
        <ele>71.93</ele>
      </trkpt>
      <trkpt lat="52.21882123500109" lon="5.901856692507863">
        <ele>71.94</ele>
      </trkpt>
      <trkpt lat="52.21880564466119" lon="5.901787793263793">
        <ele>71.97</ele>
      </trkpt>
      <trkpt lat="52.21877454780042" lon="5.901650078594685">
        <ele>72.09</ele>
      </trkpt>
      <trkpt lat="52.21876993775368" lon="5.901629962027073">
        <ele>72.11</ele>
      </trkpt>
      <trkpt lat="52.21870556473732" lon="5.901227463036776">
        <ele>72.6</ele>
      </trkpt>
      <trkpt lat="52.21864999271929" lon="5.900879949331284">
        <ele>73.0</ele>
      </trkpt>
      <trkpt lat="52.21856424584985" lon="5.9005306754261255">
        <ele>73.42</ele>
      </trkpt>
      <trkpt lat="52.2185199894011" lon="5.900349961593747">
        <ele>73.63</ele>
      </trkpt>
      <trkpt lat="52.2185168042779" lon="5.900326492264867">
        <ele>73.66</ele>
      </trkpt>
      <trkpt lat="52.21849744208157" lon="5.9001831617206335">
        <ele>73.79</ele>
      </trkpt>
      <trkpt lat="52.218478079885244" lon="5.9000397473573685">
        <ele>73.89</ele>
      </trkpt>
      <trkpt lat="52.21846994943917" lon="5.899979984387755">
        <ele>73.91</ele>
      </trkpt>
      <trkpt lat="52.21847070381045" lon="5.899967914447188">
        <ele>73.91</ele>
      </trkpt>
      <trkpt lat="52.21848998218775" lon="5.89966993778944">
        <ele>73.92</ele>
      </trkpt>
      <trkpt lat="52.21849978901446" lon="5.89960447512567">
        <ele>73.94</ele>
      </trkpt>
      <trkpt lat="52.21852091141045" lon="5.899463323876262">
        <ele>74.02</ele>
      </trkpt>
      <trkpt lat="52.21853164024651" lon="5.899392077699304">
        <ele>74.09</ele>
      </trkpt>
      <trkpt lat="52.218549996614456" lon="5.899269953370094">
        <ele>74.25</ele>
      </trkpt>
      <trkpt lat="52.21855569630861" lon="5.899251010268927">
        <ele>74.28</ele>
      </trkpt>
      <trkpt lat="52.21859559416771" lon="5.899119498208165">
        <ele>74.51</ele>
      </trkpt>
      <trkpt lat="52.218635408207774" lon="5.898987902328372">
        <ele>74.77</ele>
      </trkpt>
      <trkpt lat="52.21864999271929" lon="5.898939957842231">
        <ele>74.87</ele>
      </trkpt>
      <trkpt lat="52.21870715729892" lon="5.898801824077964">
        <ele>75.22</ele>
      </trkpt>
      <trkpt lat="52.21873230300844" lon="5.8987409714609385">
        <ele>75.35</ele>
      </trkpt>
      <trkpt lat="52.21875694580376" lon="5.898681376129389">
        <ele>75.47</ele>
      </trkpt>
      <trkpt lat="52.21876993775368" lon="5.8986499439924955">
        <ele>75.51</ele>
      </trkpt>
      <trkpt lat="52.21881369128823" lon="5.898567717522383">
        <ele>75.66</ele>
      </trkpt>
      <trkpt lat="52.21890203654766" lon="5.898401336744428">
        <ele>75.87</ele>
      </trkpt>
      <trkpt lat="52.21907881088555" lon="5.898068659007549">
        <ele>76.16</ele>
      </trkpt>
      <trkpt lat="52.21910999156535" lon="5.8980099856853485">
        <ele>76.21</ele>
      </trkpt>
      <trkpt lat="52.219182243570685" lon="5.897830864414573">
        <ele>76.37</ele>
      </trkpt>
      <trkpt lat="52.2192316967994" lon="5.897708237171173">
        <ele>76.5</ele>
      </trkpt>
      <trkpt lat="52.21928115002811" lon="5.897585693746805">
        <ele>76.67</ele>
      </trkpt>
      <trkpt lat="52.219339990988374" lon="5.897439932450652">
        <ele>76.92</ele>
      </trkpt>
      <trkpt lat="52.21956571564078" lon="5.896927211433649">
        <ele>77.87</ele>
      </trkpt>
      <trkpt lat="52.219644505530596" lon="5.896748425439">
        <ele>78.23</ele>
      </trkpt>
      <trkpt lat="52.21977467648685" lon="5.896452879533172">
        <ele>78.87</ele>
      </trkpt>
      <trkpt lat="52.219819938763976" lon="5.896349949762225">
        <ele>79.04</ele>
      </trkpt>
      <trkpt lat="52.21982387825847" lon="5.896329330280423">
        <ele>79.07</ele>
      </trkpt>
      <trkpt lat="52.21983712166548" lon="5.896259173750877">
        <ele>79.15</ele>
      </trkpt>
      <trkpt lat="52.21986352466047" lon="5.8961189445108175">
        <ele>79.25</ele>
      </trkpt>
      <trkpt lat="52.21989001147449" lon="5.895978631451726">
        <ele>79.31</ele>
      </trkpt>
      <trkpt lat="52.21991993486881" lon="5.895819962024689">
        <ele>79.33</ele>
      </trkpt>
      <trkpt lat="52.2199328429997" lon="5.895770005881786">
        <ele>79.34</ele>
      </trkpt>
      <trkpt lat="52.21996712498367" lon="5.895637487992644">
        <ele>79.29</ele>
      </trkpt>
      <trkpt lat="52.220089584589005" lon="5.8951641619205475">
        <ele>79.03</ele>
      </trkpt>
      <trkpt lat="52.220123866572976" lon="5.8950316440314054">
        <ele>78.89</ele>
      </trkpt>
      <trkpt lat="52.2201588191092" lon="5.894896360114217">
        <ele>78.69</ele>
      </trkpt>
      <trkpt lat="52.22019310109317" lon="5.894763842225075">
        <ele>78.43</ele>
      </trkpt>
      <trkpt lat="52.22021992318332" lon="5.894659990444779">
        <ele>78.2</ele>
      </trkpt>
      <trkpt lat="52.22024314105511" lon="5.894562592729926">
        <ele>77.99</ele>
      </trkpt>
      <trkpt lat="52.22027541138232" lon="5.894427141174674">
        <ele>77.73</ele>
      </trkpt>
      <trkpt lat="52.2203073464334" lon="5.894293030723929">
        <ele>77.51</ele>
      </trkpt>
      <trkpt lat="52.22038781270385" lon="5.893955072388053">
        <ele>77.04</ele>
      </trkpt>
      <trkpt lat="52.22042008303106" lon="5.893819620832801">
        <ele>76.82</ele>
      </trkpt>
      <trkpt lat="52.220436008647084" lon="5.8937525656074286">
        <ele>76.69</ele>
      </trkpt>
      <trkpt lat="52.22045193426311" lon="5.893685510382056">
        <ele>76.55</ele>
      </trkpt>
      <trkpt lat="52.220483869314194" lon="5.893551399931312">
        <ele>76.19</ele>
      </trkpt>
      <trkpt lat="52.22051999531686" lon="5.893399938941002">
        <ele>75.72</ele>
      </trkpt>
      <trkpt lat="52.22053449600935" lon="5.893274042755365">
        <ele>75.35</ele>
      </trkpt>
      <trkpt lat="52.22054245881736" lon="5.893204724416137">
        <ele>75.17</ele>
      </trkpt>
      <trkpt lat="52.22056726925075" lon="5.8929898124188185">
        <ele>74.79</ele>
      </trkpt>
      <trkpt lat="52.22057992592454" lon="5.89287992566824">
        <ele>75.1</ele>
      </trkpt>
      <trkpt lat="52.22052971832454" lon="5.89287992566824">
        <ele>75.33</ele>
      </trkpt>
      <trkpt lat="52.220459980890155" lon="5.89287992566824">
        <ele>75.07</ele>
      </trkpt>
      <trkpt lat="52.220407761633396" lon="5.892723435536027">
        <ele>74.68</ele>
      </trkpt>
      <trkpt lat="52.22039996646345" lon="5.892699966207147">
        <ele>74.62</ele>
      </trkpt>
      <trkpt lat="52.22028781659901" lon="5.892641795799136">
        <ele>74.24</ele>
      </trkpt>
      <trkpt lat="52.22015923820436" lon="5.892575159668922">
        <ele>73.87</ele>
      </trkpt>
      <trkpt lat="52.22012998536229" lon="5.892559988424182">
        <ele>73.8</ele>
      </trkpt>
      <trkpt lat="52.220072485506535" lon="5.892544314265251">
        <ele>73.68</ele>
      </trkpt>
      <trkpt lat="52.21998380497098" lon="5.892520090565085">
        <ele>73.56</ele>
      </trkpt>
      <trkpt lat="52.21993938088417" lon="5.892508020624518">
        <ele>73.53</ele>
      </trkpt>
      <trkpt lat="52.219850700348616" lon="5.892483796924353">
        <ele>73.51</ele>
      </trkpt>
      <trkpt lat="52.21979998983443" lon="5.89246996678412">
        <ele>73.54</ele>
      </trkpt>
      <trkpt lat="52.21971742808819" lon="5.89246996678412">
        <ele>73.59</ele>
      </trkpt>
      <trkpt lat="52.219582479447126" lon="5.89246996678412">
        <ele>73.72</ele>
      </trkpt>
      <trkpt lat="52.21950997598469" lon="5.89246996678412">
        <ele>73.66</ele>
      </trkpt>
      <trkpt lat="52.21949631348252" lon="5.892472816631198">
        <ele>73.66</ele>
      </trkpt>
      <trkpt lat="52.21945255994797" lon="5.892481952905655">
        <ele>73.59</ele>
      </trkpt>
      <trkpt lat="52.2192367259413" lon="5.892527215182781">
        <ele>73.07</ele>
      </trkpt>
      <trkpt lat="52.21910739317536" lon="5.892554372549057">
        <ele>72.86</ele>
      </trkpt>
      <trkpt lat="52.21897806040943" lon="5.892581529915333">
        <ele>72.73</ele>
      </trkpt>
      <trkpt lat="52.218889966607094" lon="5.89259997010231">
        <ele>72.66</ele>
      </trkpt>
      <trkpt lat="52.21849945373833" lon="5.892591504380107">
        <ele>72.36</ele>
      </trkpt>
      <trkpt lat="52.21842996776104" lon="5.892589995637536">
        <ele>72.21</ele>
      </trkpt>
      <trkpt lat="52.21836693584919" lon="5.89257650077343">
        <ele>72.08</ele>
      </trkpt>
      <trkpt lat="52.2180574759841" lon="5.892510702833533">
        <ele>71.52</ele>
      </trkpt>
      <trkpt lat="52.21795999445021" lon="5.8924899995327">
        <ele>71.4</ele>
      </trkpt>
      <trkpt lat="52.21779562532902" lon="5.89242696762085">
        <ele>71.22</ele>
      </trkpt>
      <trkpt lat="52.217578534036875" lon="5.892343735322356">
        <ele>70.9</ele>
      </trkpt>
      <trkpt lat="52.21749186515808" lon="5.892310542985797">
        <ele>70.79</ele>
      </trkpt>
      <trkpt lat="52.21735993400216" lon="5.892259916290641">
        <ele>70.66</ele>
      </trkpt>
      <trkpt lat="52.2170505579561" lon="5.892238710075617">
        <ele>70.41</ele>
      </trkpt>
      <trkpt lat="52.21669382415712" lon="5.892214234918356">
        <ele>70.03</ele>
      </trkpt>
      <trkpt lat="52.21656088717282" lon="5.892205098643899">
        <ele>69.92</ele>
      </trkpt>
      <trkpt lat="52.21647103317082" lon="5.892198979854584">
        <ele>69.92</ele>
      </trkpt>
      <trkpt lat="52.21642694436014" lon="5.892195962369442">
        <ele>69.94</ele>
      </trkpt>
      <trkpt lat="52.216339940205216" lon="5.8921899273991585">
        <ele>70.03</ele>
      </trkpt>
      <trkpt lat="52.21633801236749" lon="5.892189759761095">
        <ele>70.03</ele>
      </trkpt>
      <trkpt lat="52.21625017002225" lon="5.892178863286972">
        <ele>70.15</ele>
      </trkpt>
      <trkpt lat="52.216115640476346" lon="5.892162267118692">
        <ele>70.37</ele>
      </trkpt>
      <trkpt lat="52.215893268585205" lon="5.8921348582953215">
        <ele>70.79</ele>
      </trkpt>
      <trkpt lat="52.21580442041159" lon="5.892123878002167">
        <ele>70.94</ele>
      </trkpt>
      <trkpt lat="52.215715656057" lon="5.892112897709012">
        <ele>71.05</ele>
      </trkpt>
      <trkpt lat="52.215626891702414" lon="5.892102001234889">
        <ele>71.09</ele>
      </trkpt>
      <trkpt lat="52.21549420617521" lon="5.892085572704673">
        <ele>71.05</ele>
      </trkpt>
      <trkpt lat="52.21518298611045" lon="5.892047183588147">
        <ele>70.88</ele>
      </trkpt>
      <trkpt lat="52.21509422175586" lon="5.892036287114024">
        <ele>70.8</ele>
      </trkpt>
      <trkpt lat="52.21496061421931" lon="5.892019774764776">
        <ele>70.63</ele>
      </trkpt>
      <trkpt lat="52.21487184986472" lon="5.8920087944716215">
        <ele>70.54</ele>
      </trkpt>
      <trkpt lat="52.21479993313551" lon="5.891999993473291">
        <ele>70.49</ele>
      </trkpt>
      <trkpt lat="52.21452014520764" lon="5.892080292105675">
        <ele>70.32</ele>
      </trkpt>
      <trkpt lat="52.21434395760298" lon="5.892130918800831">
        <ele>70.18</ele>
      </trkpt>
      <trkpt lat="52.21425619907677" lon="5.8921560645103455">
        <ele>70.14</ele>
      </trkpt>
      <trkpt lat="52.214212864637375" lon="5.892168553546071">
        <ele>70.13</ele>
      </trkpt>
      <trkpt lat="52.2141251899302" lon="5.892193699255586">
        <ele>70.16</ele>
      </trkpt>
      <trkpt lat="52.214037431403995" lon="5.892218928784132">
        <ele>70.24</ele>
      </trkpt>
      <trkpt lat="52.21386124379933" lon="5.892269471660256">
        <ele>70.44</ele>
      </trkpt>
      <trkpt lat="52.21378999762237" lon="5.892289923503995">
        <ele>70.16</ele>
      </trkpt>
      <trkpt lat="52.213782453909516" lon="5.892272489145398">
        <ele>70.12</ele>
      </trkpt>
      <trkpt lat="52.21373333595693" lon="5.892158327624202">
        <ele>69.83</ele>
      </trkpt>
      <trkpt lat="52.213683715090156" lon="5.892043076455593">
        <ele>69.61</ele>
      </trkpt>
      <trkpt lat="52.21365940757096" lon="5.891986582428217">
        <ele>69.54</ele>
      </trkpt>
      <trkpt lat="52.21360978670418" lon="5.8918712474405766">
        <ele>69.45</ele>
      </trkpt>
      <trkpt lat="52.21356075257063" lon="5.891757169738412">
        <ele>69.43</ele>
      </trkpt>
      <trkpt lat="52.213511634618044" lon="5.8916430082172155">
        <ele>69.46</ele>
      </trkpt>
      <trkpt lat="52.21346251666546" lon="5.891528930515051">
        <ele>69.54</ele>
      </trkpt>
      <trkpt lat="52.21341993659735" lon="5.891429940238595">
        <ele>69.65</ele>
      </trkpt>
      <trkpt lat="52.21333117224276" lon="5.891247717663646">
        <ele>69.88</ele>
      </trkpt>
      <trkpt lat="52.21327744424343" lon="5.891137411817908">
        <ele>69.94</ele>
      </trkpt>
      <trkpt lat="52.21325003542006" lon="5.891081169247627">
        <ele>69.94</ele>
      </trkpt>
      <trkpt lat="52.21316889859736" lon="5.890914537012577">
        <ele>69.86</ele>
      </trkpt>
      <trkpt lat="52.21300654113293" lon="5.89058144018054">
        <ele>69.55</ele>
      </trkpt>
      <trkpt lat="52.212925404310226" lon="5.89041480794549">
        <ele>69.43</ele>
      </trkpt>
      <trkpt lat="52.2128716763109" lon="5.890304502099752">
        <ele>69.38</ele>
      </trkpt>
      <trkpt lat="52.212709402665496" lon="5.8899714052677155">
        <ele>69.29</ele>
      </trkpt>
      <trkpt lat="52.212659949436784" lon="5.88986998423934">
        <ele>69.24</ele>
      </trkpt>
      <trkpt lat="52.212502621114254" lon="5.88932616636157">
        <ele>69.02</ele>
      </trkpt>
      <trkpt lat="52.21234939992428" lon="5.8887965977191925">
        <ele>68.99</ele>
      </trkpt>
      <trkpt lat="52.21229223534465" lon="5.888598868623376">
        <ele>69.04</ele>
      </trkpt>
      <trkpt lat="52.21213901415467" lon="5.888069299980998">
        <ele>69.27</ele>
      </trkpt>
      <trkpt lat="52.21202418208122" lon="5.887672500684857">
        <ele>69.37</ele>
      </trkpt>
      <trkpt lat="52.21194782294333" lon="5.887408386915922">
        <ele>69.46</ele>
      </trkpt>
      <trkpt lat="52.21189023926854" lon="5.887209232896566">
        <ele>69.5</ele>
      </trkpt>
      <trkpt lat="52.21183299086988" lon="5.88701150380075">
        <ele>69.5</ele>
      </trkpt>
      <trkpt lat="52.211794601753354" lon="5.886878818273544">
        <ele>69.48</ele>
      </trkpt>
      <trkpt lat="52.21175621263683" lon="5.886746048927307">
        <ele>69.43</ele>
      </trkpt>
      <trkpt lat="52.211739951744676" lon="5.8866899739950895">
        <ele>69.39</ele>
      </trkpt>
      <trkpt lat="52.21168840304017" lon="5.886475900188088">
        <ele>69.25</ele>
      </trkpt>
      <trkpt lat="52.21160642802715" lon="5.886135762557387">
        <ele>69.09</ele>
      </trkpt>
      <trkpt lat="52.211524453014135" lon="5.885795708745718">
        <ele>68.84</ele>
      </trkpt>
      <trkpt lat="52.2114915959537" lon="5.885659083724022">
        <ele>68.77</ele>
      </trkpt>
      <trkpt lat="52.21144222654402" lon="5.8854542300105095">
        <ele>68.71</ele>
      </trkpt>
      <trkpt lat="52.211409620940685" lon="5.885319029912353">
        <ele>68.72</ele>
      </trkpt>
      <trkpt lat="52.21137668006122" lon="5.8851824048906565">
        <ele>68.78</ele>
      </trkpt>
      <trkpt lat="52.21134382300079" lon="5.885045863687992">
        <ele>68.87</ele>
      </trkpt>
      <trkpt lat="52.21131121739745" lon="5.8849105797708035">
        <ele>69.0</ele>
      </trkpt>
      <trkpt lat="52.21127827651799" lon="5.884774038568139">
        <ele>69.16</ele>
      </trkpt>
      <trkpt lat="52.21114693209529" lon="5.884229047223926">
        <ele>69.95</ele>
      </trkpt>
      <trkpt lat="52.21113997511566" lon="5.88419996201992">
        <ele>70.0</ele>
      </trkpt>
      <trkpt lat="52.21108507364988" lon="5.884035341441631">
        <ele>70.3</ele>
      </trkpt>
      <trkpt lat="52.210977617651224" lon="5.883712973445654">
        <ele>70.93</ele>
      </trkpt>
      <trkpt lat="52.210939982905984" lon="5.883599985390902">
        <ele>71.04</ele>
      </trkpt>
      <trkpt lat="52.21099027432501" lon="5.883566960692406">
        <ele>71.12</ele>
      </trkpt>
      <trkpt lat="52.21119646914303" lon="5.883431928232312">
        <ele>71.36</ele>
      </trkpt>
      <trkpt lat="52.21122999675572" lon="5.883409967646003">
        <ele>71.41</ele>
      </trkpt>
      <trkpt lat="52.211479945108294" lon="5.8833699859678745">
        <ele>71.76</ele>
      </trkpt>
      <trkpt lat="52.21163283102214" lon="5.883312150835991">
        <ele>71.98</ele>
      </trkpt>
      <trkpt lat="52.211763421073556" lon="5.8832627814263105">
        <ele>72.21</ele>
      </trkpt>
      <trkpt lat="52.21185017377138" lon="5.88323000818491">
        <ele>72.43</ele>
      </trkpt>
      <trkpt lat="52.21197975799441" lon="5.883180974051356">
        <ele>72.84</ele>
      </trkpt>
      <trkpt lat="52.2121961787343" lon="5.883099166676402">
        <ele>73.64</ele>
      </trkpt>
      <trkpt lat="52.212299946695566" lon="5.883059939369559">
        <ele>74.03</ele>
      </trkpt>
      <trkpt lat="52.212451323866844" lon="5.882972348481417">
        <ele>74.64</ele>
      </trkpt>
      <trkpt lat="52.212489964440465" lon="5.882949968799949">
        <ele>74.78</ele>
      </trkpt>
      <trkpt lat="52.21249205991626" lon="5.882946364581585">
        <ele>74.78</ele>
      </trkpt>
      <trkpt lat="52.212554421275854" lon="5.882842596620321">
        <ele>75.01</ele>
      </trkpt>
      <trkpt lat="52.21260999329388" lon="5.882749976590276">
        <ele>74.82</ele>
      </trkpt>
      <trkpt lat="52.212569592520595" lon="5.8826990984380245">
        <ele>74.7</ele>
      </trkpt>
      <trkpt lat="52.212464986369014" lon="5.8825671672821045">
        <ele>74.31</ele>
      </trkpt>
      <trkpt lat="52.212379993870854" lon="5.8824599627405405">
        <ele>73.91</ele>
      </trkpt>
      <trkpt lat="52.21228997223079" lon="5.882279919460416">
        <ele>73.39</ele>
      </trkpt>
      <trkpt lat="52.21224211156368" lon="5.882056625559926">
        <ele>72.86</ele>
      </trkpt>
      <trkpt lat="52.212229957804084" lon="5.881999963894486">
        <ele>72.73</ele>
      </trkpt>
      <trkpt lat="52.212251583114266" lon="5.881776502355933">
        <ele>72.27</ele>
      </trkpt>
      <trkpt lat="52.21228997223079" lon="5.881379954516888">
        <ele>71.55</ele>
      </trkpt>
      <trkpt lat="52.212298940867186" lon="5.881355479359627">
        <ele>71.5</ele>
      </trkpt>
      <trkpt lat="52.212388794869184" lon="5.881109721958637">
        <ele>71.08</ele>
      </trkpt>
      <trkpt lat="52.21240220591426" lon="5.881073176860809">
        <ele>71.12</ele>
      </trkpt>
      <trkpt lat="52.21243992447853" lon="5.880969995632768">
        <ele>71.09</ele>
      </trkpt>
      <trkpt lat="52.2125450335443" lon="5.880957590416074">
        <ele>71.04</ele>
      </trkpt>
      <trkpt lat="52.21260999329388" lon="5.880949962884188">
        <ele>71.05</ele>
      </trkpt>
      <trkpt lat="52.21263430081308" lon="5.880942000076175">
        <ele>71.06</ele>
      </trkpt>
      <trkpt lat="52.212721556425095" lon="5.880913585424423">
        <ele>71.14</ele>
      </trkpt>
      <trkpt lat="52.21280973404646" lon="5.880884835496545">
        <ele>71.25</ele>
      </trkpt>
      <trkpt lat="52.212897995486856" lon="5.8808560855686665">
        <ele>71.4</ele>
      </trkpt>
      <trkpt lat="52.21298525109887" lon="5.880827587097883">
        <ele>71.56</ele>
      </trkpt>
      <trkpt lat="52.213069992139935" lon="5.880799926817417">
        <ele>71.73</ele>
      </trkpt>
      <trkpt lat="52.21311701461673" lon="5.880780732259154">
        <ele>71.84</ele>
      </trkpt>
      <trkpt lat="52.21333997324109" lon="5.8806899562478065">
        <ele>72.24</ele>
      </trkpt>
      <trkpt lat="52.213730653747916" lon="5.880566239356995">
        <ele>73.19</ele>
      </trkpt>
      <trkpt lat="52.21390633843839" lon="5.880510583519936">
        <ele>73.59</ele>
      </trkpt>
      <trkpt lat="52.2140387725085" lon="5.880468674004078">
        <ele>73.94</ele>
      </trkpt>
      <trkpt lat="52.2141270339489" lon="5.880440678447485">
        <ele>74.14</ele>
      </trkpt>
      <trkpt lat="52.21434689126909" lon="5.880371108651161">
        <ele>74.61</ele>
      </trkpt>
      <trkpt lat="52.21453992649913" lon="5.880309920758009">
        <ele>75.0</ele>
      </trkpt>
      <trkpt lat="52.21474997699261" lon="5.880269939079881">
        <ele>75.42</ele>
      </trkpt>
      <trkpt lat="52.21501400694251" lon="5.880241943523288">
        <ele>75.9</ele>
      </trkpt>
      <trkpt lat="52.215372081846" lon="5.880203973501921">
        <ele>76.66</ele>
      </trkpt>
      <trkpt lat="52.215409968048334" lon="5.880199950188398">
        <ele>76.74</ele>
      </trkpt>
      <trkpt lat="52.21546042710543" lon="5.880187377333641">
        <ele>76.87</ele>
      </trkpt>
      <trkpt lat="52.215638207271695" lon="5.8801428694278">
        <ele>77.34</ele>
      </trkpt>
      <trkpt lat="52.215770641341805" lon="5.880109760910273">
        <ele>77.71</ele>
      </trkpt>
      <trkpt lat="52.215948505327106" lon="5.880065336823463">
        <ele>78.24</ele>
      </trkpt>
      <trkpt lat="52.21608999185264" lon="5.8800299651920795">
        <ele>78.6</ele>
      </trkpt>
      <trkpt lat="52.216125782579184" lon="5.880031557753682">
        <ele>78.7</ele>
      </trkpt>
      <trkpt lat="52.21630993299186" lon="5.880039939656854">
        <ele>79.11</ele>
      </trkpt>
      <trkpt lat="52.216439098119736" lon="5.8800579607486725">
        <ele>79.4</ele>
      </trkpt>
      <trkpt lat="52.21666222438216" lon="5.880089141428471">
        <ele>79.79</ele>
      </trkpt>
      <trkpt lat="52.21673992462456" lon="5.880099954083562">
        <ele>79.94</ele>
      </trkpt>
      <trkpt lat="52.216751743108034" lon="5.880102468654513">
        <ele>79.97</ele>
      </trkpt>
      <trkpt lat="52.21701996400952" lon="5.88015996851027">
        <ele>80.64</ele>
      </trkpt>
      <trkpt lat="52.217105040326715" lon="5.880198776721954">
        <ele>80.82</ele>
      </trkpt>
      <trkpt lat="52.21745062619448" lon="5.880356356501579">
        <ele>81.45</ele>
      </trkpt>
      <trkpt lat="52.21753721125424" lon="5.880395919084549">
        <ele>81.59</ele>
      </trkpt>
      <trkpt lat="52.21758993342519" lon="5.880419975146651">
        <ele>81.66</ele>
      </trkpt>
      <trkpt lat="52.217815993353724" lon="5.880626840516925">
        <ele>82.0</ele>
      </trkpt>
      <trkpt lat="52.217932837083936" lon="5.880733793601394">
        <ele>82.24</ele>
      </trkpt>
      <trkpt lat="52.21801129169762" lon="5.880805542692542">
        <ele>82.43</ele>
      </trkpt>
      <trkpt lat="52.218050519004464" lon="5.880841501057148">
        <ele>82.54</ele>
      </trkpt>
      <trkpt lat="52.21812813542783" lon="5.880912579596043">
        <ele>82.8</ele>
      </trkpt>
      <trkpt lat="52.21817993558943" lon="5.880959937348962">
        <ele>83.0</ele>
      </trkpt>
      <trkpt lat="52.218208434060216" lon="5.880977958440781">
        <ele>83.11</ele>
      </trkpt>
      <trkpt lat="52.21829233691096" lon="5.881030932068825">
        <ele>83.47</ele>
      </trkpt>
      <trkpt lat="52.21836995333433" lon="5.881079966202378">
        <ele>83.84</ele>
      </trkpt>
      <trkpt lat="52.21842032857239" lon="5.881070243194699">
        <ele>84.08</ele>
      </trkpt>
      <trkpt lat="52.2184650041163" lon="5.881061693653464">
        <ele>84.26</ele>
      </trkpt>
      <trkpt lat="52.218554355204105" lon="5.881044510751963">
        <ele>84.53</ele>
      </trkpt>
      <trkpt lat="52.21862995997071" lon="5.881029926240444">
        <ele>84.62</ele>
      </trkpt>
      <trkpt lat="52.21875015646219" lon="5.880967229604721">
        <ele>84.69</ele>
      </trkpt>
      <trkpt lat="52.21883498132229" lon="5.880922973155975">
        <ele>84.76</ele>
      </trkpt>
      <trkpt lat="52.21885995939374" lon="5.8809099812060595">
        <ele>84.79</ele>
      </trkpt>
      <trkpt lat="52.219137819483876" lon="5.880806799978018">
        <ele>85.14</ele>
      </trkpt>
      <trkpt lat="52.2191640548408" lon="5.880796993151307">
        <ele>84.88</ele>
      </trkpt>
      <trkpt lat="52.21920998767018" lon="5.880779977887869">
        <ele>84.75</ele>
      </trkpt>
      <trkpt lat="52.21920998767018" lon="5.880739996209741">
        <ele>84.69</ele>
      </trkpt>
      <trkpt lat="52.219354156404734" lon="5.880680317059159">
        <ele>84.3</ele>
      </trkpt>
      <trkpt lat="52.21951282583177" lon="5.880614602938294">
        <ele>84.27</ele>
      </trkpt>
      <trkpt lat="52.21971072256565" lon="5.8805327117443085">
        <ele>84.3</ele>
      </trkpt>
      <trkpt lat="52.21978993155062" lon="5.880499938502908">
        <ele>84.32</ele>
      </trkpt>
      <trkpt lat="52.22013182938099" lon="5.88037789799273">
        <ele>84.42</ele>
      </trkpt>
      <trkpt lat="52.22020994871855" lon="5.880349986255169">
        <ele>84.41</ele>
      </trkpt>
      <trkpt lat="52.22026216797531" lon="5.880334144458175">
        <ele>84.41</ele>
      </trkpt>
      <trkpt lat="52.220350597053766" lon="5.880307322368026">
        <ele>84.44</ele>
      </trkpt>
      <trkpt lat="52.22048236057162" lon="5.8802673406898975">
        <ele>84.51</ele>
      </trkpt>
      <trkpt lat="52.22061404027045" lon="5.880227359011769">
        <ele>84.63</ele>
      </trkpt>
      <trkpt lat="52.220745803788304" lon="5.880187377333641">
        <ele>84.79</ele>
      </trkpt>
      <trkpt lat="52.220833310857415" lon="5.880160806700587">
        <ele>84.92</ele>
      </trkpt>
      <trkpt lat="52.22105258144438" lon="5.880094254389405">
        <ele>85.38</ele>
      </trkpt>
      <trkpt lat="52.221140172332525" lon="5.8800676837563515">
        <ele>85.53</ele>
      </trkpt>
      <trkpt lat="52.221228601410985" lon="5.8800408616662025">
        <ele>85.64</ele>
      </trkpt>
      <trkpt lat="52.22149120643735" lon="5.879961149767041">
        <ele>85.9</ele>
      </trkpt>
      <trkpt lat="52.22157955169678" lon="5.879934327676892">
        <ele>86.02</ele>
      </trkpt>
      <trkpt lat="52.22165993414819" lon="5.879909936338663">
        <ele>86.14</ele>
      </trkpt>
      <trkpt lat="52.22182296216488" lon="5.879772054031491">
        <ele>86.42</ele>
      </trkpt>
      <trkpt lat="52.22194190137088" lon="5.879671387374401">
        <ele>86.64</ele>
      </trkpt>
      <trkpt lat="52.22225647419691" lon="5.879405178129673">
        <ele>87.36</ele>
      </trkpt>
      <trkpt lat="52.22233551554382" lon="5.879338374361396">
        <ele>87.56</ele>
      </trkpt>
      <trkpt lat="52.22245370037854" lon="5.879238378256559">
        <ele>87.9</ele>
      </trkpt>
      <trkpt lat="52.222729129716754" lon="5.879005277529359">
        <ele>88.76</ele>
      </trkpt>
      <trkpt lat="52.22288721241057" lon="5.878871502354741">
        <ele>89.21</ele>
      </trkpt>
      <trkpt lat="52.2229599673301" lon="5.878809979185462">
        <ele>89.4</ele>
      </trkpt>
      <trkpt lat="52.22300338558853" lon="5.878768488764763">
        <ele>89.52</ele>
      </trkpt>
      <trkpt lat="52.223081002011895" lon="5.8786943927407265">
        <ele>89.69</ele>
      </trkpt>
      <trkpt lat="52.223195834085345" lon="5.878584589809179">
        <ele>89.85</ele>
      </trkpt>
      <trkpt lat="52.22354284487665" lon="5.878253169357777">
        <ele>90.2</ele>
      </trkpt>
      <trkpt lat="52.223735293373466" lon="5.878069354221225">
        <ele>90.45</ele>
      </trkpt>
      <trkpt lat="52.22385096363723" lon="5.877958880737424">
        <ele>90.63</ele>
      </trkpt>
      <trkpt lat="52.22392707131803" lon="5.877886209636927">
        <ele>90.77</ele>
      </trkpt>
      <trkpt lat="52.22408146597445" lon="5.877738604322076">
        <ele>91.12</ele>
      </trkpt>
      <trkpt lat="52.22415757365525" lon="5.877665933221579">
        <ele>91.32</ele>
      </trkpt>
      <trkpt lat="52.224235190078616" lon="5.877591837197542">
        <ele>91.55</ele>
      </trkpt>
      <trkpt lat="52.22429998219013" lon="5.877529978752136">
        <ele>91.64</ele>
      </trkpt>
      <trkpt lat="52.224385561421514" lon="5.877439035102725">
        <ele>91.78</ele>
      </trkpt>
      <trkpt lat="52.22445999272168" lon="5.877359993755817">
        <ele>91.92</ele>
      </trkpt>
      <trkpt lat="52.224562000483274" lon="5.877215238288045">
        <ele>92.15</ele>
      </trkpt>
      <trkpt lat="52.22462913952768" lon="5.8771199360489845">
        <ele>92.27</ele>
      </trkpt>
      <trkpt lat="52.224830808117986" lon="5.87683386169374">
        <ele>92.54</ele>
      </trkpt>
      <trkpt lat="52.22488998435438" lon="5.876749958842993">
        <ele>92.63</ele>
      </trkpt>
      <trkpt lat="52.225155774503946" lon="5.876343855634332">
        <ele>93.1</ele>
      </trkpt>
      <trkpt lat="52.225249987095594" lon="5.876199938356876">
        <ele>93.31</ele>
      </trkpt>
      <trkpt lat="52.22527915611863" lon="5.876137409359217">
        <ele>93.4</ele>
      </trkpt>
      <trkpt lat="52.225413769483566" lon="5.875848904252052">
        <ele>93.86</ele>
      </trkpt>
      <trkpt lat="52.225529942661524" lon="5.875599961727858">
        <ele>94.34</ele>
      </trkpt>
      <trkpt lat="52.225659526884556" lon="5.875249430537224">
        <ele>94.97</ele>
      </trkpt>
      <trkpt lat="52.22569992765784" lon="5.8751399628818035">
        <ele>95.29</ele>
      </trkpt>
      <trkpt lat="52.22578575834632" lon="5.87521699257195">
        <ele>95.7</ele>
      </trkpt>
      <trkpt lat="52.22601592540741" lon="5.875423522666097">
        <ele>96.74</ele>
      </trkpt>
      <trkpt lat="52.226089937612414" lon="5.875489991158247">
        <ele>96.81</ele>
      </trkpt>
      <trkpt lat="52.2263668756932" lon="5.875725019723177">
        <ele>97.09</ele>
      </trkpt>
      <trkpt lat="52.22671874798834" lon="5.876023750752211">
        <ele>97.4</ele>
      </trkpt>
      <trkpt lat="52.22703147679567" lon="5.876289289444685">
        <ele>97.58</ele>
      </trkpt>
      <trkpt lat="52.227266086265445" lon="5.876488443464041">
        <ele>97.6</ele>
      </trkpt>
      <trkpt lat="52.227385779842734" lon="5.87659003213048">
        <ele>97.51</ele>
      </trkpt>
      <trkpt lat="52.22766498103738" lon="5.876827072352171">
        <ele>97.26</ele>
      </trkpt>
      <trkpt lat="52.227983409538865" lon="5.877097388729453">
        <ele>97.05</ele>
      </trkpt>
      <trkpt lat="52.22810385748744" lon="5.877199647948146">
        <ele>96.95</ele>
      </trkpt>
      <trkpt lat="52.22826261073351" lon="5.877334428951144">
        <ele>96.78</ele>
      </trkpt>
      <trkpt lat="52.22862085327506" lon="5.877638608217239">
        <ele>96.33</ele>
      </trkpt>
      <trkpt lat="52.22881397232413" lon="5.877802558243275">
        <ele>96.01</ele>
      </trkpt>
      <trkpt lat="52.22893048077822" lon="5.877901464700699">
        <ele>95.73</ele>
      </trkpt>
      <trkpt lat="52.2290469892323" lon="5.878000371158123">
        <ele>95.35</ele>
      </trkpt>
      <trkpt lat="52.22931747324765" lon="5.8782299514859915">
        <ele>94.38</ele>
      </trkpt>
      <trkpt lat="52.2294338978827" lon="5.878328857943416">
        <ele>94.03</ele>
      </trkpt>
      <trkpt lat="52.229511346668005" lon="5.8783945720642805">
        <ele>93.84</ele>
      </trkpt>
      <trkpt lat="52.22958871163428" lon="5.878460286185145">
        <ele>93.68</ele>
      </trkpt>
      <trkpt lat="52.22966616041958" lon="5.87852600030601">
        <ele>93.57</ele>
      </trkpt>
      <trkpt lat="52.22978183068335" lon="5.878624152392149">
        <ele>93.44</ele>
      </trkpt>
      <trkpt lat="52.22992993891239" lon="5.878749964758754">
        <ele>93.36</ele>
      </trkpt>
      <trkpt lat="52.230013590306044" lon="5.878801178187132">
        <ele>93.32</ele>
      </trkpt>
      <trkpt lat="52.23009690642357" lon="5.878852307796478">
        <ele>93.12</ele>
      </trkpt>
      <trkpt lat="52.23017862997949" lon="5.878902347758412">
        <ele>93.0</ele>
      </trkpt>
      <trkpt lat="52.23023998551071" lon="5.878939982503653">
        <ele>92.93</ele>
      </trkpt>
      <trkpt lat="52.230262868106365" lon="5.8789485320448875">
        <ele>92.91</ele>
      </trkpt>
      <trkpt lat="52.23039345815778" lon="5.878997566178441">
        <ele>92.85</ele>
      </trkpt>
      <trkpt lat="52.2304802108556" lon="5.879030087962747">
        <ele>92.77</ele>
      </trkpt>
      <trkpt lat="52.230559922754765" lon="5.879059927538037">
        <ele>92.65</ele>
      </trkpt>
      <trkpt lat="52.23056620918214" lon="5.879061436280608">
        <ele>92.65</ele>
      </trkpt>
      <trkpt lat="52.230787156149745" lon="5.879111895337701">
        <ele>92.29</ele>
      </trkpt>
      <trkpt lat="52.23090995103121" lon="5.8791399747133255">
        <ele>92.11</ele>
      </trkpt>
      <trkpt lat="52.230918081477284" lon="5.87913922034204">
        <ele>92.11</ele>
      </trkpt>
      <trkpt lat="52.23112997598946" lon="5.8791199419647455">
        <ele>91.88</ele>
      </trkpt>
      <trkpt lat="52.23114070482552" lon="5.879117175936699">
        <ele>91.87</ele>
      </trkpt>
      <trkpt lat="52.23122863098979" lon="5.879094377160072">
        <ele>91.8</ele>
      </trkpt>
      <trkpt lat="52.23131479695439" lon="5.879072081297636">
        <ele>91.76</ele>
      </trkpt>
      <trkpt lat="52.231399957090616" lon="5.879049953073263">
        <ele>91.52</ele>
      </trkpt>
      <trkpt lat="52.231399957090616" lon="5.879269978031516">
        <ele>91.16</ele>
      </trkpt>
      <trkpt lat="52.23139232955873" lon="5.879335273057222">
        <ele>91.07</ele>
      </trkpt>
      <trkpt lat="52.23138411529362" lon="5.879405932500958">
        <ele>91.01</ele>
      </trkpt>
      <trkpt lat="52.231375901028514" lon="5.8794765919446945">
        <ele>90.98</ele>
      </trkpt>
      <trkpt lat="52.231359807774425" lon="5.879615060985088">
        <ele>90.96</ele>
      </trkpt>
      <trkpt lat="52.23129996098578" lon="5.880129961296916">
        <ele>91.01</ele>
      </trkpt>
      <trkpt lat="52.231287471950054" lon="5.880172457545996">
        <ele>91.02</ele>
      </trkpt>
      <trkpt lat="52.231249921023846" lon="5.880299946293235">
        <ele>90.81</ele>
      </trkpt>
      <trkpt lat="52.23125251941383" lon="5.880303299054503">
        <ele>90.81</ele>
      </trkpt>
      <trkpt lat="52.23132334649563" lon="5.880393823608756">
        <ele>90.66</ele>
      </trkpt>
      <trkpt lat="52.23135871812701" lon="5.880439085885882">
        <ele>90.61</ele>
      </trkpt>
      <trkpt lat="52.231428790837526" lon="5.880528772249818">
        <ele>90.58</ele>
      </trkpt>
      <trkpt lat="52.23146424628794" lon="5.880574034526944">
        <ele>90.6</ele>
      </trkpt>
      <trkpt lat="52.23153498955071" lon="5.880664559081197">
        <ele>90.68</ele>
      </trkpt>
      <trkpt lat="52.23160581663251" lon="5.880755167454481">
        <ele>90.82</ele>
      </trkpt>
      <trkpt lat="52.23167999647558" lon="5.880849966779351">
        <ele>91.01</ele>
      </trkpt>
      <trkpt lat="52.231849981471896" lon="5.880969995632768">
        <ele>91.52</ele>
      </trkpt>
      <trkpt lat="52.23188426345587" lon="5.880975779145956">
        <ele>91.62</ele>
      </trkpt>
      <trkpt lat="52.23197277635336" lon="5.880990866571665">
        <ele>91.83</ele>
      </trkpt>
      <trkpt lat="52.2320622112602" lon="5.881006121635437">
        <ele>92.01</ele>
      </trkpt>
      <trkpt lat="52.23219556733966" lon="5.881028752774">
        <ele>92.25</ele>
      </trkpt>
      <trkpt lat="52.232319954782724" lon="5.881049958989024">
        <ele>92.5</ele>
      </trkpt>
      <trkpt lat="52.23237343132496" lon="5.881069405004382">
        <ele>92.61</ele>
      </trkpt>
      <trkpt lat="52.23246035166085" lon="5.881101004779339">
        <ele>92.76</ele>
      </trkpt>
      <trkpt lat="52.23253997974098" lon="5.881129922345281">
        <ele>93.01</ele>
      </trkpt>
      <trkpt lat="52.23267987370491" lon="5.881172502413392">
        <ele>93.46</ele>
      </trkpt>
      <trkpt lat="52.232769979164004" lon="5.881199995055795">
        <ele>93.72</ele>
      </trkpt>
      <trkpt lat="52.23283996805549" lon="5.881279958412051">
        <ele>93.57</ele>
      </trkpt>
      <trkpt lat="52.23284256644547" lon="5.881278198212385">
        <ele>93.57</ele>
      </trkpt>
      <trkpt lat="52.23296661861241" lon="5.881195552647114">
        <ele>93.3</ele>
      </trkpt>
      <trkpt lat="52.233049934729934" lon="5.8811399806290865">
        <ele>93.5</ele>
      </trkpt>
      <trkpt lat="52.23308589309454" lon="5.881109973415732">
        <ele>93.59</ele>
      </trkpt>
      <trkpt lat="52.23312512040138" lon="5.881077283993363">
        <ele>93.7</ele>
      </trkpt>
      <trkpt lat="52.23316996358335" lon="5.88103998452425">
        <ele>93.84</ele>
      </trkpt>
      <trkpt lat="52.23319770768285" lon="5.88100234977901">
        <ele>93.95</ele>
      </trkpt>
      <trkpt lat="52.23356491886079" lon="5.88050396181643">
        <ele>95.65</ele>
      </trkpt>
      <trkpt lat="52.233665166422725" lon="5.880367839708924">
        <ele>96.09</ele>
      </trkpt>
      <trkpt lat="52.23372995853424" lon="5.880279997363687">
        <ele>96.22</ele>
      </trkpt>
      <trkpt lat="52.233831798657775" lon="5.880134738981724">
        <ele>96.44</ele>
      </trkpt>
      <trkpt lat="52.23396599292755" lon="5.879943547770381">
        <ele>96.68</ele>
      </trkpt>
      <trkpt lat="52.23419993184507" lon="5.879609948024154">
        <ele>97.0</ele>
      </trkpt>
      <trkpt lat="52.234397158026695" lon="5.8794409688562155">
        <ele>97.24</ele>
      </trkpt>
      <trkpt lat="52.23440998233855" lon="5.879429988563061">
        <ele>97.25</ele>
      </trkpt>
      <trkpt lat="52.234481647610664" lon="5.879396880045533">
        <ele>97.31</ele>
      </trkpt>
      <trkpt lat="52.23465305753052" lon="5.879317754879594">
        <ele>97.4</ele>
      </trkpt>
      <trkpt lat="52.23466998897493" lon="5.879309959709644">
        <ele>97.41</ele>
      </trkpt>
      <trkpt lat="52.234914153814316" lon="5.879226392135024">
        <ele>97.65</ele>
      </trkpt>
      <trkpt lat="52.235087575390935" lon="5.879167132079601">
        <ele>97.78</ele>
      </trkpt>
      <trkpt lat="52.23534984514117" lon="5.879077361896634">
        <ele>97.8</ele>
      </trkpt>
      <trkpt lat="52.23556903190911" lon="5.879002343863249">
        <ele>97.86</ele>
      </trkpt>
      <trkpt lat="52.23580992780626" lon="5.878919949755073">
        <ele>97.83</ele>
      </trkpt>
      <trkpt lat="52.23583063110709" lon="5.878908382728696">
        <ele>97.83</ele>
      </trkpt>
      <trkpt lat="52.235999861732125" lon="5.878813331946731">
        <ele>97.86</ele>
      </trkpt>
      <trkpt lat="52.23616909235716" lon="5.878718364983797">
        <ele>97.96</ele>
      </trkpt>
      <trkpt lat="52.236379981040955" lon="5.878599928691983">
        <ele>98.15</ele>
      </trkpt>
      <trkpt lat="52.236503111198545" lon="5.878509823232889">
        <ele>98.27</ele>
      </trkpt>
      <trkpt lat="52.23662540316582" lon="5.878420304507017">
        <ele>98.34</ele>
      </trkpt>
      <trkpt lat="52.23687074147165" lon="5.878240596503019">
        <ele>98.36</ele>
      </trkpt>
      <trkpt lat="52.236939975991845" lon="5.878189969807863">
        <ele>98.33</ele>
      </trkpt>
      <trkpt lat="52.23724666982889" lon="5.878009088337421">
        <ele>98.25</ele>
      </trkpt>
      <trkpt lat="52.23732998594642" lon="5.877959970384836">
        <ele>98.16</ele>
      </trkpt>
      <trkpt lat="52.23736938089132" lon="5.877925856038928">
        <ele>98.12</ele>
      </trkpt>
      <trkpt lat="52.237447164952755" lon="5.877858381718397">
        <ele>98.09</ele>
      </trkpt>
      <trkpt lat="52.237479938194156" lon="5.877829967066646">
        <ele>98.09</ele>
      </trkpt>
      <trkpt lat="52.237541964277625" lon="5.877710273489356">
        <ele>98.09</ele>
      </trkpt>
      <trkpt lat="52.23761999979615" lon="5.87755998596549">
        <ele>98.11</ele>
      </trkpt>
      <trkpt lat="52.23769459873438" lon="5.877280114218593">
        <ele>98.15</ele>
      </trkpt>
      <trkpt lat="52.23773994483054" lon="5.87710996158421">
        <ele>98.13</ele>
      </trkpt>
      <trkpt lat="52.23785645328462" lon="5.8767677284777164">
        <ele>98.09</ele>
      </trkpt>
      <trkpt lat="52.23789995536208" lon="5.876639988273382">
        <ele>97.93</ele>
      </trkpt>
      <trkpt lat="52.23792769946158" lon="5.876581314951181">
        <ele>97.86</ele>
      </trkpt>
      <trkpt lat="52.23798201419413" lon="5.8764661476016045">
        <ele>97.74</ele>
      </trkpt>
      <trkpt lat="52.2380699403584" lon="5.876279985532165">
        <ele>97.61</ele>
      </trkpt>
      <trkpt lat="52.23825132474303" lon="5.875974129885435">
        <ele>97.39</ele>
      </trkpt>
      <trkpt lat="52.238345202058554" lon="5.875815879553556">
        <ele>97.29</ele>
      </trkpt>
      <trkpt lat="52.238501608371735" lon="5.875552101060748">
        <ele>97.16</ele>
      </trkpt>
      <trkpt lat="52.23857997916639" lon="5.875419918447733">
        <ele>97.1</ele>
      </trkpt>
      <trkpt lat="52.23859682679176" lon="5.875396281480789">
        <ele>97.1</ele>
      </trkpt>
      <trkpt lat="52.238699086010456" lon="5.875252699479461">
        <ele>97.07</ele>
      </trkpt>
      <trkpt lat="52.23886890336871" lon="5.87501423433423">
        <ele>97.07</ele>
      </trkpt>
      <trkpt lat="52.239107536152005" lon="5.874679125845432">
        <ele>96.97</ele>
      </trkpt>
      <trkpt lat="52.23914165049791" lon="5.874631265178323">
        <ele>96.97</ele>
      </trkpt>
      <trkpt lat="52.23920987918973" lon="5.874535543844104">
        <ele>97.02</ele>
      </trkpt>
      <trkpt lat="52.23934625275433" lon="5.874344017356634">
        <ele>97.16</ele>
      </trkpt>
      <trkpt lat="52.23944851197302" lon="5.874200435355306">
        <ele>97.31</ele>
      </trkpt>
      <trkpt lat="52.23956996574998" lon="5.874029947444797">
        <ele>97.53</ele>
      </trkpt>
      <trkpt lat="52.23962335847318" lon="5.873970352113247">
        <ele>97.63</ele>
      </trkpt>
      <trkpt lat="52.239808179438114" lon="5.873763905838132">
        <ele>97.79</ele>
      </trkpt>
      <trkpt lat="52.23995662294328" lon="5.873598027974367">
        <ele>97.97</ele>
      </trkpt>
      <trkpt lat="52.24010515026748" lon="5.873432233929634">
        <ele>98.07</ele>
      </trkpt>
      <trkpt lat="52.2402164619416" lon="5.8733078464865685">
        <ele>98.08</ele>
      </trkpt>
      <trkpt lat="52.24033992737532" lon="5.873169964179397">
        <ele>98.05</ele>
      </trkpt>
      <trkpt lat="52.24044620990753" lon="5.873078349977732">
        <ele>98.03</ele>
      </trkpt>
      <trkpt lat="52.24052575416863" lon="5.8730097860097885">
        <ele>97.98</ele>
      </trkpt>
      <trkpt lat="52.24062994122505" lon="5.87291993200779">
        <ele>97.88</ele>
      </trkpt>
      <trkpt lat="52.24072993732989" lon="5.872861929237843">
        <ele>97.8</ele>
      </trkpt>
      <trkpt lat="52.24093998782337" lon="5.872739972546697">
        <ele>97.72</ele>
      </trkpt>
      <trkpt lat="52.2410296741873" lon="5.8727076184004545">
        <ele>97.69</ele>
      </trkpt>
      <trkpt lat="52.24118993617594" lon="5.872649950906634">
        <ele>97.65</ele>
      </trkpt>
      <trkpt lat="52.241250621154904" lon="5.8726519625633955">
        <ele>97.64</ele>
      </trkpt>
      <trkpt lat="52.24148992449045" lon="5.8726599253714085">
        <ele>97.48</ele>
      </trkpt>
      <trkpt lat="52.24156519398093" lon="5.872668474912643">
        <ele>97.44</ele>
      </trkpt>
      <trkpt lat="52.24183341488242" lon="5.872698901221156">
        <ele>97.32</ele>
      </trkpt>
      <trkpt lat="52.24192318506539" lon="5.872709043323994">
        <ele>97.25</ele>
      </trkpt>
      <trkpt lat="52.24219232797623" lon="5.87273963727057">
        <ele>96.94</ele>
      </trkpt>
      <trkpt lat="52.24232685752213" lon="5.872754892334342">
        <ele>96.76</ele>
      </trkpt>
      <trkpt lat="52.242459962144494" lon="5.872769979760051">
        <ele>96.54</ele>
      </trkpt>
      <trkpt lat="52.24255124107003" lon="5.872761681675911">
        <ele>96.39</ele>
      </trkpt>
      <trkpt lat="52.24278995767236" lon="5.872739972546697">
        <ele>95.93</ele>
      </trkpt>
      <trkpt lat="52.24281996488571" lon="5.872729159891605">
        <ele>95.88</ele>
      </trkpt>
      <trkpt lat="52.243039989843965" lon="5.872649950906634">
        <ele>95.53</ele>
      </trkpt>
      <trkpt lat="52.243260350078344" lon="5.8726289961487055">
        <ele>95.13</ele>
      </trkpt>
      <trkpt lat="52.24352882243693" lon="5.872603431344032">
        <ele>94.77</ele>
      </trkpt>
      <trkpt lat="52.2437066026032" lon="5.872586499899626">
        <ele>94.58</ele>
      </trkpt>
      <trkpt lat="52.24406300112605" lon="5.872552553191781">
        <ele>94.25</ele>
      </trkpt>
      <trkpt lat="52.24428562447429" lon="5.872531346976757">
        <ele>93.98</ele>
      </trkpt>
      <trkpt lat="52.24429995752871" lon="5.872529922053218">
        <ele>93.96</ele>
      </trkpt>
      <trkpt lat="52.244464578107" lon="5.872529922053218">
        <ele>93.83</ele>
      </trkpt>
      <trkpt lat="52.244699941948056" lon="5.872529922053218">
        <ele>93.71</ele>
      </trkpt>
      <trkpt lat="52.24482047371566" lon="5.872556744143367">
        <ele>93.65</ele>
      </trkpt>
      <trkpt lat="52.245059944689274" lon="5.872609969228506">
        <ele>93.59</ele>
      </trkpt>
      <trkpt lat="52.24513010121882" lon="5.87263117544353">
        <ele>93.58</ele>
      </trkpt>
      <trkpt lat="52.245261780917645" lon="5.872671157121658">
        <ele>93.58</ele>
      </trkpt>
      <trkpt lat="52.245481135323644" lon="5.872737541794777">
        <ele>93.63</ele>
      </trkpt>
      <trkpt lat="52.245719935745" lon="5.872809961438179">
        <ele>93.63</ele>
      </trkpt>
      <trkpt lat="52.245744997635484" lon="5.872811721637845">
        <ele>93.63</ele>
      </trkpt>
      <trkpt lat="52.245966950431466" lon="5.872826976701617">
        <ele>93.67</ele>
      </trkpt>
      <trkpt lat="52.246009949594736" lon="5.872829994186759">
        <ele>93.62</ele>
      </trkpt>
      <trkpt lat="52.246055882424116" lon="5.872825551778078">
        <ele>93.58</ele>
      </trkpt>
      <trkpt lat="52.246144730597734" lon="5.872817086055875">
        <ele>93.56</ele>
      </trkpt>
      <trkpt lat="52.24621991626918" lon="5.872809961438179">
        <ele>93.59</ele>
      </trkpt>
      <trkpt lat="52.246366096660495" lon="5.872765788808465">
        <ele>93.65</ele>
      </trkpt>
      <trkpt lat="52.24654111079872" lon="5.872712815180421">
        <ele>93.67</ele>
      </trkpt>
      <trkpt lat="52.24667287431657" lon="5.872673001140356">
        <ele>93.72</ele>
      </trkpt>
      <trkpt lat="52.246848894283175" lon="5.872619776055217">
        <ele>93.82</ele>
      </trkpt>
      <trkpt lat="52.247331691905856" lon="5.872473847121">
        <ele>94.24</ele>
      </trkpt>
      <trkpt lat="52.247419282794" lon="5.872447360306978">
        <ele>94.34</ele>
      </trkpt>
      <trkpt lat="52.247509974986315" lon="5.872419951483607">
        <ele>94.48</ele>
      </trkpt>
      <trkpt lat="52.24764073267579" lon="5.872417353093624">
        <ele>94.69</ele>
      </trkpt>
      <trkpt lat="52.247907780110836" lon="5.872411988675594">
        <ele>94.99</ele>
      </trkpt>
      <trkpt lat="52.2480099555105" lon="5.872409977018833">
        <ele>95.14</ele>
      </trkpt>
      <trkpt lat="52.248131493106484" lon="5.87239807471633">
        <ele>95.33</ele>
      </trkpt>
      <trkpt lat="52.24835420027375" lon="5.872376365587115">
        <ele>95.76</ele>
      </trkpt>
      <trkpt lat="52.24841999821365" lon="5.872369995340705">
        <ele>95.92</ele>
      </trkpt>
      <trkpt lat="52.24866575561464" lon="5.8723916206508875">
        <ele>96.52</ele>
      </trkpt>
      <trkpt lat="52.248759968206286" lon="5.872399918735027">
        <ele>96.59</ele>
      </trkpt>
      <trkpt lat="52.24878905341029" lon="5.87238977663219">
        <ele>96.62</ele>
      </trkpt>
      <trkpt lat="52.24887262098491" lon="5.872360523790121">
        <ele>96.72</ele>
      </trkpt>
      <trkpt lat="52.24907663650811" lon="5.8722891099751">
        <ele>97.07</ele>
      </trkpt>
      <trkpt lat="52.24915995262563" lon="5.872259940952063">
        <ele>97.19</ele>
      </trkpt>
      <trkpt lat="52.24917436949909" lon="5.872247200459242">
        <ele>97.22</ele>
      </trkpt>
      <trkpt lat="52.24921544082463" lon="5.872210655361414">
        <ele>97.25</ele>
      </trkpt>
      <trkpt lat="52.249249974265695" lon="5.872179977595806">
        <ele>97.19</ele>
      </trkpt>
      <trkpt lat="52.249291548505425" lon="5.8721353858709335">
        <ele>97.13</ele>
      </trkpt>
      <trkpt lat="52.24936597980559" lon="5.872055673971772">
        <ele>96.97</ele>
      </trkpt>
      <trkpt lat="52.249529929831624" lon="5.871879989281297">
        <ele>96.52</ele>
      </trkpt>
      <trkpt lat="52.24954971112311" lon="5.871852329000831">
        <ele>96.47</ele>
      </trkpt>
      <trkpt lat="52.2496173530817" lon="5.871757697314024">
        <ele>96.29</ele>
      </trkpt>
      <trkpt lat="52.24968558177352" lon="5.871662059798837">
        <ele>96.15</ele>
      </trkpt>
      <trkpt lat="52.249753223732114" lon="5.87156742811203">
        <ele>96.06</ele>
      </trkpt>
      <trkpt lat="52.249921867623925" lon="5.871331309899688">
        <ele>95.92</ele>
      </trkpt>
      <trkpt lat="52.25009118206799" lon="5.871094185858965">
        <ele>95.85</ele>
      </trkpt>
      <trkpt lat="52.250158824026585" lon="5.870999554172158">
        <ele>95.84</ele>
      </trkpt>
      <trkpt lat="52.25017994642258" lon="5.870969966053963">
        <ele>95.84</ele>
      </trkpt>
      <trkpt lat="52.25022998638451" lon="5.870912466198206">
        <ele>95.86</ele>
      </trkpt>
      <trkpt lat="52.25037490949035" lon="5.870746001601219">
        <ele>95.96</ele>
      </trkpt>
      <trkpt lat="52.25044841878116" lon="5.87066151201725">
        <ele>95.98</ele>
      </trkpt>
      <trkpt lat="52.25052201189101" lon="5.870576938614249">
        <ele>95.94</ele>
      </trkpt>
      <trkpt lat="52.250630892813206" lon="5.87045188061893">
        <ele>95.73</ele>
      </trkpt>
      <trkpt lat="52.250649919733405" lon="5.87042992003262">
        <ele>95.67</ele>
      </trkpt>
      <trkpt lat="52.25083423778415" lon="5.8703079633414745">
        <ele>95.24</ele>
      </trkpt>
      <trkpt lat="52.25091755390167" lon="5.870252810418606">
        <ele>95.01</ele>
      </trkpt>
      <trkpt lat="52.25108259357512" lon="5.870143510401249">
        <ele>94.49</ele>
      </trkpt>
      <trkpt lat="52.25116507150233" lon="5.8700888603925705">
        <ele>94.27</ele>
      </trkpt>
      <trkpt lat="52.251247549429536" lon="5.870034210383892">
        <ele>94.11</ele>
      </trkpt>
      <trkpt lat="52.25131259299815" lon="5.869991211220622">
        <ele>94.04</ele>
      </trkpt>
      <trkpt lat="52.25137093104422" lon="5.869952570647001">
        <ele>94.01</ele>
      </trkpt>
      <trkpt lat="52.25138995796442" lon="5.869939997792244">
        <ele>94.01</ele>
      </trkpt>
      <trkpt lat="52.251399932429194" lon="5.869929939508438">
        <ele>94.01</ele>
      </trkpt>
      <trkpt lat="52.25144175812602" lon="5.869867242872715">
        <ele>94.02</ele>
      </trkpt>
      <trkpt lat="52.251507388427854" lon="5.869768839329481">
        <ele>94.09</ele>
      </trkpt>
      <trkpt lat="52.25155994296074" lon="5.869689965620637">
        <ele>94.17</ele>
      </trkpt>
      <trkpt lat="52.25156933069229" lon="5.8696674183011055">
        <ele>94.2</ele>
      </trkpt>
      <trkpt lat="52.25161995738745" lon="5.86954596452415">
        <ele>94.37</ele>
      </trkpt>
      <trkpt lat="52.25167008116841" lon="5.869425684213638">
        <ele>94.6</ele>
      </trkpt>
      <trkpt lat="52.25170997902751" lon="5.869329962879419">
        <ele>94.8</ele>
      </trkpt>
      <trkpt lat="52.25174208171666" lon="5.869241198524833">
        <ele>94.98</ele>
      </trkpt>
      <trkpt lat="52.25187996402383" lon="5.868859989568591">
        <ele>95.82</ele>
      </trkpt>
      <trkpt lat="52.25191617384553" lon="5.868734261021018">
        <ele>96.08</ele>
      </trkpt>
      <trkpt lat="52.251973170787096" lon="5.8685361966490746">
        <ele>96.41</ele>
      </trkpt>
      <trkpt lat="52.25203016772866" lon="5.868338132277131">
        <ele>96.65</ele>
      </trkpt>
      <trkpt lat="52.25206998176873" lon="5.868199998512864">
        <ele>96.73</ele>
      </trkpt>
      <trkpt lat="52.252093367278576" lon="5.868147695437074">
        <ele>96.77</ele>
      </trkpt>
      <trkpt lat="52.25214583799243" lon="5.868030181154609">
        <ele>96.8</ele>
      </trkpt>
      <trkpt lat="52.25238237529993" lon="5.867501115426421">
        <ele>96.72</ele>
      </trkpt>
      <trkpt lat="52.25244993343949" lon="5.867349989712238">
        <ele>96.72</ele>
      </trkpt>
      <trkpt lat="52.25255663506687" lon="5.866915555670857">
        <ele>96.72</ele>
      </trkpt>
      <trkpt lat="52.25258999504149" lon="5.866779936477542">
        <ele>96.68</ele>
      </trkpt>
      <trkpt lat="52.25259535945952" lon="5.866709193214774">
        <ele>96.67</ele>
      </trkpt>
      <trkpt lat="52.252606423571706" lon="5.866566365584731">
        <ele>96.61</ele>
      </trkpt>
      <trkpt lat="52.25262855179608" lon="5.866277776658535">
        <ele>96.45</ele>
      </trkpt>
      <trkpt lat="52.252639615908265" lon="5.866134949028492">
        <ele>96.35</ele>
      </trkpt>
      <trkpt lat="52.25265612825751" lon="5.8659191988408566">
        <ele>96.1</ele>
      </trkpt>
      <trkpt lat="52.25265998393297" lon="5.86586999706924">
        <ele>96.02</ele>
      </trkpt>
      <trkpt lat="52.2526463214308" lon="5.865485435351729">
        <ele>95.45</ele>
      </trkpt>
      <trkpt lat="52.25264120846987" lon="5.865340176969767">
        <ele>95.19</ele>
      </trkpt>
      <trkpt lat="52.252630982548" lon="5.865051252767444">
        <ele>94.62</ele>
      </trkpt>
      <trkpt lat="52.25261824205518" lon="5.864689070731401">
        <ele>94.01</ele>
      </trkpt>
      <trkpt lat="52.25261053070426" lon="5.864471979439259">
        <ele>93.58</ele>
      </trkpt>
      <trkpt lat="52.252595191821456" lon="5.8640378806740046">
        <ele>92.6</ele>
      </trkpt>
      <trkpt lat="52.25258999504149" lon="5.863889940083027">
        <ele>92.22</ele>
      </trkpt>
      <trkpt lat="52.252591755241156" lon="5.863820789381862">
        <ele>92.05</ele>
      </trkpt>
      <trkpt lat="52.252599969506264" lon="5.863509988412261">
        <ele>91.22</ele>
      </trkpt>
      <trkpt lat="52.25261740386486" lon="5.863389540463686">
        <ele>90.89</ele>
      </trkpt>
      <trkpt lat="52.2526378557086" lon="5.863247970119119">
        <ele>90.53</ele>
      </trkpt>
      <trkpt lat="52.25265805609524" lon="5.863107908517122">
        <ele>90.21</ele>
      </trkpt>
      <trkpt lat="52.25267859175801" lon="5.862966338172555">
        <ele>89.93</ele>
      </trkpt>
      <trkpt lat="52.25269904360175" lon="5.862824767827988">
        <ele>89.69</ele>
      </trkpt>
      <trkpt lat="52.25271999835968" lon="5.8626799285411835">
        <ele>89.48</ele>
      </trkpt>
      <trkpt lat="52.25276433862746" lon="5.862480103969574">
        <ele>89.18</ele>
      </trkpt>
      <trkpt lat="52.25280976854265" lon="5.862275753170252">
        <ele>88.84</ele>
      </trkpt>
      <trkpt lat="52.252839943394065" lon="5.862139966338873">
        <ele>88.69</ele>
      </trkpt>
      <trkpt lat="52.2528535220772" lon="5.861995294690132">
        <ele>88.54</ele>
      </trkpt>
      <trkpt lat="52.25289392285049" lon="5.861563961952925">
        <ele>88.23</ele>
      </trkpt>
      <trkpt lat="52.25289995782077" lon="5.861499924212694">
        <ele>88.17</ele>
      </trkpt>
      <trkpt lat="52.25289492867887" lon="5.8614197093993425">
        <ele>88.1</ele>
      </trkpt>
      <trkpt lat="52.25287992507219" lon="5.8611799869686365">
        <ele>87.85</ele>
      </trkpt>
      <trkpt lat="52.25287472829223" lon="5.86113078519702">
        <ele>87.8</ele>
      </trkpt>
      <trkpt lat="52.252859473228455" lon="5.860987538471818">
        <ele>87.62</ele>
      </trkpt>
      <trkpt lat="52.25282116793096" lon="5.860628625378013">
        <ele>87.05</ele>
      </trkpt>
      <trkpt lat="52.25278311409056" lon="5.8602711372077465">
        <ele>86.54</ele>
      </trkpt>
      <trkpt lat="52.25276014767587" lon="5.860055470839143">
        <ele>86.2</ele>
      </trkpt>
      <trkpt lat="52.252749921754" lon="5.859959917142987">
        <ele>86.03</ele>
      </trkpt>
      <trkpt lat="52.25273994728923" lon="5.8593799732625484">
        <ele>85.05</ele>
      </trkpt>
      <trkpt lat="52.25274195894599" lon="5.859330100938678">
        <ele>84.97</ele>
      </trkpt>
      <trkpt lat="52.252749921754" lon="5.859129941090941">
        <ele>84.58</ele>
      </trkpt>
      <trkpt lat="52.2528017219156" lon="5.858832551166415">
        <ele>83.99</ele>
      </trkpt>
      <trkpt lat="52.2528260294348" lon="5.8586925733834505">
        <ele>83.68</ele>
      </trkpt>
      <trkpt lat="52.25282996892929" lon="5.858669942244887">
        <ele>83.62</ele>
      </trkpt>
      <trkpt lat="52.25291303358972" lon="5.858280183747411">
        <ele>82.68</ele>
      </trkpt>
      <trkpt lat="52.25295997224748" lon="5.858059991151094">
        <ele>82.24</ele>
      </trkpt>
      <trkpt lat="52.2530023008585" lon="5.857950272038579">
        <ele>81.99</ele>
      </trkpt>
      <trkpt lat="52.25305032916367" lon="5.857826052233577">
        <ele>81.77</ele>
      </trkpt>
      <trkpt lat="52.2532404307276" lon="5.857334034517407">
        <ele>80.96</ele>
      </trkpt>
      <trkpt lat="52.25338342599571" lon="5.856963889673352">
        <ele>80.4</ele>
      </trkpt>
      <trkpt lat="52.25354955531657" lon="5.856533981859684">
        <ele>79.7</ele>
      </trkpt>
      <trkpt lat="52.25362105295062" lon="5.856348909437656">
        <ele>79.43</ele>
      </trkpt>
      <trkpt lat="52.25376362912357" lon="5.855979938060045">
        <ele>78.94</ele>
      </trkpt>
      <trkpt lat="52.25380998104811" lon="5.8558599930256605">
        <ele>78.73</ele>
      </trkpt>
      <trkpt lat="52.25390343926847" lon="5.8556082006543875">
        <ele>78.32</ele>
      </trkpt>
      <trkpt lat="52.25397284142673" lon="5.855420948937535">
        <ele>78.05</ele>
      </trkpt>
      <trkpt lat="52.254169983789325" lon="5.854889955371618">
        <ele>77.39</ele>
      </trkpt>
      <trkpt lat="52.25417945533991" lon="5.854859445244074">
        <ele>77.36</ele>
      </trkpt>
      <trkpt lat="52.254259921610355" lon="5.854599941521883">
        <ele>77.03</ele>
      </trkpt>
      <trkpt lat="52.254319936037064" lon="5.854309927672148">
        <ele>76.69</ele>
      </trkpt>
      <trkpt lat="52.254321947693825" lon="5.85425041615963">
        <ele>76.63</ele>
      </trkpt>
      <trkpt lat="52.25432898849249" lon="5.854033241048455">
        <ele>76.42</ele>
      </trkpt>
      <trkpt lat="52.254339968785644" lon="5.853699976578355">
        <ele>76.2</ele>
      </trkpt>
      <trkpt lat="52.25434307008982" lon="5.853669885545969">
        <ele>76.19</ele>
      </trkpt>
      <trkpt lat="52.254369975999" lon="5.85340996272862">
        <ele>75.99</ele>
      </trkpt>
      <trkpt lat="52.25441708229482" lon="5.853174515068531">
        <ele>75.81</ele>
      </trkpt>
      <trkpt lat="52.254429990425706" lon="5.85310997441411">
        <ele>75.78</ele>
      </trkpt>
      <trkpt lat="52.254456812515855" lon="5.853046104311943">
        <ele>75.75</ele>
      </trkpt>
      <trkpt lat="52.254633670672774" lon="5.852626087144017">
        <ele>75.63</ele>
      </trkpt>
      <trkpt lat="52.25466996431351" lon="5.852539921179414">
        <ele>75.59</ele>
      </trkpt>
      <trkpt lat="52.25474825128913" lon="5.852313777431846">
        <ele>75.51</ele>
      </trkpt>
      <trkpt lat="52.25475998595357" lon="5.852279998362064">
        <ele>75.48</ele>
      </trkpt>
      <trkpt lat="52.25480558350682" lon="5.852116132155061">
        <ele>75.38</ele>
      </trkpt>
      <trkpt lat="52.254898035898805" lon="5.851784544065595">
        <ele>75.09</ele>
      </trkpt>
      <trkpt lat="52.25492997094989" lon="5.85166996344924">
        <ele>75.01</ele>
      </trkpt>
      <trkpt lat="52.25493784993887" lon="5.851655211299658">
        <ele>75.0</ele>
      </trkpt>
      <trkpt lat="52.25502585992217" lon="5.85149017162621">
        <ele>74.97</ele>
      </trkpt>
      <trkpt lat="52.25511386990547" lon="5.851325131952763">
        <ele>75.02</ele>
      </trkpt>
      <trkpt lat="52.25516994483769" lon="5.85121993906796">
        <ele>74.99</ele>
      </trkpt>
      <trkpt lat="52.25520514883101" lon="5.851171826943755">
        <ele>74.98</ele>
      </trkpt>
      <trkpt lat="52.25527270697057" lon="5.851079374551773">
        <ele>74.99</ele>
      </trkpt>
      <trkpt lat="52.255407152697444" lon="5.850895391777158">
        <ele>75.1</ele>
      </trkpt>
      <trkpt lat="52.25550848990679" lon="5.8507567550987005">
        <ele>75.13</ele>
      </trkpt>
      <trkpt lat="52.25560991093516" lon="5.8506180346012115">
        <ele>75.09</ele>
      </trkpt>
      <trkpt lat="52.255744356662035" lon="5.850434135645628">
        <ele>74.96</ele>
      </trkpt>
      <trkpt lat="52.25584569387138" lon="5.850295415148139">
        <ele>74.94</ele>
      </trkpt>
      <trkpt lat="52.25594636052847" lon="5.850157700479031">
        <ele>75.01</ele>
      </trkpt>
      <trkpt lat="52.256115255877376" lon="5.849926611408591">
        <ele>75.22</ele>
      </trkpt>
      <trkpt lat="52.256215922534466" lon="5.849788896739483">
        <ele>75.32</ele>
      </trkpt>
      <trkpt lat="52.25638481788337" lon="5.849557723850012">
        <ele>75.42</ele>
      </trkpt>
      <trkpt lat="52.25648682564497" lon="5.849418165162206">
        <ele>75.43</ele>
      </trkpt>
      <trkpt lat="52.256658570840955" lon="5.8491832204163074">
        <ele>75.39</ele>
      </trkpt>
      <trkpt lat="52.25672679953277" lon="5.8490898460149765">
        <ele>75.41</ele>
      </trkpt>
      <trkpt lat="52.25700046867132" lon="5.848715342581272">
        <ele>75.68</ele>
      </trkpt>
      <trkpt lat="52.25717221386731" lon="5.848480481654406">
        <ele>75.87</ele>
      </trkpt>
      <trkpt lat="52.25724044255912" lon="5.848387107253075">
        <ele>75.97</ele>
      </trkpt>
      <trkpt lat="52.25730867125094" lon="5.848293649032712">
        <ele>76.11</ele>
      </trkpt>
      <trkpt lat="52.25744588300586" lon="5.848105978220701">
        <ele>76.51</ele>
      </trkpt>
      <trkpt lat="52.25768510252237" lon="5.847778664901853">
        <ele>77.16</ele>
      </trkpt>
      <trkpt lat="52.257754085585475" lon="5.847684284672141">
        <ele>77.39</ele>
      </trkpt>
      <trkpt lat="52.25789054296911" lon="5.847497535869479">
        <ele>77.92</ele>
      </trkpt>
      <trkpt lat="52.25793999619782" lon="5.847429977729917">
        <ele>78.09</ele>
      </trkpt>
      <trkpt lat="52.25795919075608" lon="5.847402568906546">
        <ele>78.16</ele>
      </trkpt>
      <trkpt lat="52.25836311466992" lon="5.846829079091549">
        <ele>79.46</ele>
      </trkpt>
      <trkpt lat="52.25859931670129" lon="5.846493635326624">
        <ele>80.36</ele>
      </trkpt>
      <trkpt lat="52.25876762531698" lon="5.846254583448172">
        <ele>81.02</ele>
      </trkpt>
      <trkpt lat="52.25896988064051" lon="5.845967419445515">
        <ele>81.76</ele>
      </trkpt>
      <trkpt lat="52.25910499691963" lon="5.845775557681918">
        <ele>82.28</ele>
      </trkpt>
      <trkpt lat="52.25920608267188" lon="5.84563197568059">
        <ele>82.62</ele>
      </trkpt>
      <trkpt lat="52.2593744751066" lon="5.845392923802137">
        <ele>83.15</ele>
      </trkpt>
      <trkpt lat="52.25954278372228" lon="5.845153871923685">
        <ele>83.8</ele>
      </trkpt>
      <trkpt lat="52.25964386947453" lon="5.845010289922357">
        <ele>84.15</ele>
      </trkpt>
      <trkpt lat="52.259812261909246" lon="5.844771238043904">
        <ele>84.67</ele>
      </trkpt>
      <trkpt lat="52.25991267710924" lon="5.844628578051925">
        <ele>84.94</ele>
      </trkpt>
      <trkpt lat="52.259981241077185" lon="5.844531180337071">
        <ele>85.08</ele>
      </trkpt>
      <trkpt lat="52.26004779338837" lon="5.844436716288328">
        <ele>85.18</ele>
      </trkpt>
      <trkpt lat="52.26008174009621" lon="5.844388520345092">
        <ele>85.22</ele>
      </trkpt>
      <trkpt lat="52.26014954969287" lon="5.844292212277651">
        <ele>85.24</ele>
      </trkpt>
      <trkpt lat="52.260216772556305" lon="5.844196742400527">
        <ele>85.05</ele>
      </trkpt>
      <trkpt lat="52.26028399541974" lon="5.844101356342435">
        <ele>84.82</ele>
      </trkpt>
      <trkpt lat="52.260351134464145" lon="5.844005886465311">
        <ele>84.56</ele>
      </trkpt>
      <trkpt lat="52.260452304035425" lon="5.843862304463983">
        <ele>84.14</ele>
      </trkpt>
      <trkpt lat="52.260553473606706" lon="5.843718638643622">
        <ele>83.69</ele>
      </trkpt>
      <trkpt lat="52.26062128320336" lon="5.84362224675715">
        <ele>83.36</ele>
      </trkpt>
      <trkpt lat="52.260755728930235" lon="5.843431390821934">
        <ele>82.6</ele>
      </trkpt>
      <trkpt lat="52.260856814682484" lon="5.843287808820605">
        <ele>81.98</ele>
      </trkpt>
      <trkpt lat="52.260957984253764" lon="5.843144226819277">
        <ele>81.31</ele>
      </trkpt>
      <trkpt lat="52.261025877669454" lon="5.843047834932804">
        <ele>80.81</ele>
      </trkpt>
      <trkpt lat="52.26119418628514" lon="5.842808783054352">
        <ele>79.5</ele>
      </trkpt>
      <trkpt lat="52.26136249490082" lon="5.8425697311758995">
        <ele>78.34</ele>
      </trkpt>
      <trkpt lat="52.261564834043384" lon="5.842282483354211">
        <ele>76.86</ele>
      </trkpt>
      <trkpt lat="52.26162996143103" lon="5.842189947143197">
        <ele>76.4</ele>
      </trkpt>
      <trkpt lat="52.261703638359904" lon="5.842098165303469">
        <ele>75.92</ele>
      </trkpt>
      <trkpt lat="52.261810172349215" lon="5.8419653959572315">
        <ele>75.25</ele>
      </trkpt>
      <trkpt lat="52.261880999431014" lon="5.841877218335867">
        <ele>74.85</ele>
      </trkpt>
      <trkpt lat="52.26195174269378" lon="5.841789040714502">
        <ele>74.48</ele>
      </trkpt>
      <trkpt lat="52.262023240327835" lon="5.841699941083789">
        <ele>74.17</ele>
      </trkpt>
      <trkpt lat="52.262094067409635" lon="5.841611679643393">
        <ele>73.91</ele>
      </trkpt>
      <trkpt lat="52.262164894491434" lon="5.841523502022028">
        <ele>73.69</ele>
      </trkpt>
      <trkpt lat="52.2622356377542" lon="5.841435324400663">
        <ele>73.51</ele>
      </trkpt>
      <trkpt lat="52.26230721920729" lon="5.84134622476995">
        <ele>73.38</ele>
      </trkpt>
      <trkpt lat="52.262377962470055" lon="5.841257963329554">
        <ele>73.29</ele>
      </trkpt>
      <trkpt lat="52.262484496459365" lon="5.841125277802348">
        <ele>73.21</ele>
      </trkpt>
      <trkpt lat="52.26273343898356" lon="5.840815147385001">
        <ele>73.07</ele>
      </trkpt>
      <trkpt lat="52.26280418224633" lon="5.840726969763637">
        <ele>73.0</ele>
      </trkpt>
      <trkpt lat="52.26301733404398" lon="5.840461431071162">
        <ele>72.7</ele>
      </trkpt>
      <trkpt lat="52.26312386803329" lon="5.840328661724925">
        <ele>72.49</ele>
      </trkpt>
      <trkpt lat="52.26330189965665" lon="5.840106876567006">
        <ele>72.22</ele>
      </trkpt>
      <trkpt lat="52.26337272673845" lon="5.84001861512661">
        <ele>72.09</ele>
      </trkpt>
      <trkpt lat="52.26369308307767" lon="5.839619468897581">
        <ele>71.4</ele>
      </trkpt>
      <trkpt lat="52.263800371438265" lon="5.839485861361027">
        <ele>71.22</ele>
      </trkpt>
      <trkpt lat="52.26394269615412" lon="5.839308500289917">
        <ele>71.03</ele>
      </trkpt>
      <trkpt lat="52.26401352323592" lon="5.839220322668552">
        <ele>70.96</ele>
      </trkpt>
      <trkpt lat="52.26406993344426" lon="5.839149998500943">
        <ele>70.92</ele>
      </trkpt>
      <trkpt lat="52.2641162853688" lon="5.839078081771731">
        <ele>70.9</ele>
      </trkpt>
      <trkpt lat="52.26418082602322" lon="5.8389779180288315">
        <ele>70.89</ele>
      </trkpt>
      <trkpt lat="52.264343183487654" lon="5.838725958019495">
        <ele>70.92</ele>
      </trkpt>
      <trkpt lat="52.264359947294" lon="5.838699974119663">
        <ele>70.91</ele>
      </trkpt>
      <trkpt lat="52.26450436748564" lon="5.838375007733703">
        <ele>70.86</ele>
      </trkpt>
      <trkpt lat="52.26455993950367" lon="5.838249949738383">
        <ele>70.82</ele>
      </trkpt>
      <trkpt lat="52.26459790952504" lon="5.838126735761762">
        <ele>70.73</ele>
      </trkpt>
      <trkpt lat="52.264698492363095" lon="5.837799841538072">
        <ele>70.45</ele>
      </trkpt>
      <trkpt lat="52.26473880931735" lon="5.837668580934405">
        <ele>70.31</ele>
      </trkpt>
      <trkpt lat="52.2647999972105" lon="5.83746992982924">
        <ele>70.06</ele>
      </trkpt>
      <trkpt lat="52.26489312015474" lon="5.837140856310725">
        <ele>69.55</ele>
      </trkpt>
      <trkpt lat="52.26493050344288" lon="5.8370088413357735">
        <ele>69.37</ele>
      </trkpt>
      <trkpt lat="52.26498708128929" lon="5.836808765307069">
        <ele>69.14</ele>
      </trkpt>
      <trkpt lat="52.26526904851198" lon="5.8358124922961">
        <ele>68.12</ele>
      </trkpt>
      <trkpt lat="52.26541933603585" lon="5.835281666368246">
        <ele>67.63</ele>
      </trkpt>
      <trkpt lat="52.2655132971704" lon="5.834949491545558">
        <ele>67.36</ele>
      </trkpt>
      <trkpt lat="52.265607258304954" lon="5.834617400541902">
        <ele>67.05</ele>
      </trkpt>
      <trkpt lat="52.26569996215403" lon="5.8342899195849895">
        <ele>66.85</ele>
      </trkpt>
      <trkpt lat="52.26578067988157" lon="5.834015076979995">
        <ele>66.69</ele>
      </trkpt>
      <trkpt lat="52.265818817541" lon="5.833885241299868">
        <ele>66.49</ele>
      </trkpt>
      <trkpt lat="52.26585737429559" lon="5.833754064515233">
        <ele>66.32</ele>
      </trkpt>
      <trkpt lat="52.266030544415116" lon="5.833164565265179">
        <ele>65.65</ele>
      </trkpt>
      <trkpt lat="52.26614621467888" lon="5.832771118730307">
        <ele>65.25</ele>
      </trkpt>
      <trkpt lat="52.26620379835367" lon="5.832575066015124">
        <ele>65.03</ele>
      </trkpt>
      <trkpt lat="52.26631938479841" lon="5.8321815356612206">
        <ele>64.47</ele>
      </trkpt>
      <trkpt lat="52.266376968473196" lon="5.831985482946038">
        <ele>64.21</ele>
      </trkpt>
      <trkpt lat="52.26649255491793" lon="5.831592036411166">
        <ele>63.76</ele>
      </trkpt>
      <trkpt lat="52.266742419451475" lon="5.83074152469635">
        <ele>62.74</ele>
      </trkpt>
      <trkpt lat="52.2668775357306" lon="5.830281777307391">
        <ele>62.25</ele>
      </trkpt>
      <trkpt lat="52.26693511940539" lon="5.830085724592209">
        <ele>61.99</ele>
      </trkpt>
      <trkpt lat="52.267069816589355" lon="5.829627318307757">
        <ele>61.34</ele>
      </trkpt>
      <trkpt lat="52.26710828952491" lon="5.8294962253421545">
        <ele>61.2</ele>
      </trkpt>
      <trkpt lat="52.26718573831022" lon="5.829232530668378">
        <ele>60.88</ele>
      </trkpt>
      <trkpt lat="52.26728305220604" lon="5.82890136167407">
        <ele>60.55</ele>
      </trkpt>
      <trkpt lat="52.26743794977665" lon="5.828374056145549">
        <ele>59.98</ele>
      </trkpt>
      <trkpt lat="52.2675543744117" lon="5.827977927401662">
        <ele>59.67</ele>
      </trkpt>
      <trkpt lat="52.267632158473134" lon="5.8277129754424095">
        <ele>59.42</ele>
      </trkpt>
      <trkpt lat="52.26769016124308" lon="5.82751558162272">
        <ele>59.26</ele>
      </trkpt>
      <trkpt lat="52.26774858310819" lon="5.827316930517554">
        <ele>59.12</ele>
      </trkpt>
      <trkpt lat="52.26782603189349" lon="5.827053235843778">
        <ele>59.0</ele>
      </trkpt>
      <trkpt lat="52.26786492392421" lon="5.826920801773667">
        <ele>58.91</ele>
      </trkpt>
      <trkpt lat="52.26800037547946" lon="5.826459713280201">
        <ele>58.51</ele>
      </trkpt>
      <trkpt lat="52.268175138160586" lon="5.8258649334311485">
        <ele>58.04</ele>
      </trkpt>
      <trkpt lat="52.268311008811" lon="5.825402587652206">
        <ele>57.7</ele>
      </trkpt>
      <trkpt lat="52.2683884575963" lon="5.82513889297843">
        <ele>57.54</ele>
      </trkpt>
      <trkpt lat="52.26846590638161" lon="5.824875282123685">
        <ele>57.35</ele>
      </trkpt>
      <trkpt lat="52.268640669062734" lon="5.824280418455601">
        <ele>57.04</ele>
      </trkpt>
      <trkpt lat="52.26877645589411" lon="5.823818072676659">
        <ele>56.86</ele>
      </trkpt>
      <trkpt lat="52.26883445866406" lon="5.823620678856969">
        <ele>56.66</ele>
      </trkpt>
      <trkpt lat="52.2689706645906" lon="5.823156991973519">
        <ele>56.24</ele>
      </trkpt>
      <trkpt lat="52.269028667360544" lon="5.82295959815383">
        <ele>56.04</ele>
      </trkpt>
      <trkpt lat="52.269145427271724" lon="5.822562212124467">
        <ele>55.56</ele>
      </trkpt>
      <trkpt lat="52.2692621871829" lon="5.8221647422760725">
        <ele>55.02</ele>
      </trkpt>
      <trkpt lat="52.26937701925635" lon="5.821773894131184">
        <ele>54.61</ele>
      </trkpt>
      <trkpt lat="52.269415156915784" lon="5.8216440584510565">
        <ele>54.45</ele>
      </trkpt>
      <trkpt lat="52.269529988989234" lon="5.821253294125199">
        <ele>53.93</ele>
      </trkpt>
      <trkpt lat="52.269759653136134" lon="5.820471681654453">
        <ele>52.81</ele>
      </trkpt>
      <trkpt lat="52.26983626373112" lon="5.8202106691896915">
        <ele>52.46</ele>
      </trkpt>
      <trkpt lat="52.269989233464" lon="5.8196899853646755">
        <ele>51.72</ele>
      </trkpt>
      <trkpt lat="52.27016164921224" lon="5.819103084504604">
        <ele>51.0</ele>
      </trkpt>
      <trkpt lat="52.2702188976109" lon="5.8189083728939295">
        <ele>50.8</ele>
      </trkpt>
      <trkpt lat="52.27025745436549" lon="5.818777196109295">
        <ele>50.71</ele>
      </trkpt>
      <trkpt lat="52.27033372968435" lon="5.818517524749041">
        <ele>50.62</ele>
      </trkpt>
      <trkpt lat="52.27042995393276" lon="5.818189959973097">
        <ele>50.6</ele>
      </trkpt>
      <trkpt lat="52.27043808437884" lon="5.818159366026521">
        <ele>50.6</ele>
      </trkpt>
      <trkpt lat="52.2705455403775" lon="5.8177565317600965">
        <ele>50.55</ele>
      </trkpt>
      <trkpt lat="52.2706353943795" lon="5.817419663071632">
        <ele>50.45</ele>
      </trkpt>
      <trkpt lat="52.27068929001689" lon="5.817217575386167">
        <ele>50.42</ele>
      </trkpt>
      <trkpt lat="52.270796997472644" lon="5.816813400015235">
        <ele>50.46</ele>
      </trkpt>
      <trkpt lat="52.270904118195176" lon="5.816411906853318">
        <ele>50.58</ele>
      </trkpt>
      <trkpt lat="52.27094041183591" lon="5.816275868564844">
        <ele>50.56</ele>
      </trkpt>
      <trkpt lat="52.270949967205524" lon="5.81623999401927">
        <ele>50.54</ele>
      </trkpt>
      <trkpt lat="52.271050130948424" lon="5.816044779494405">
        <ele>50.44</ele>
      </trkpt>
      <trkpt lat="52.271107882261276" lon="5.815932126715779">
        <ele>50.4</ele>
      </trkpt>
      <trkpt lat="52.2711946349591" lon="5.815763231366873">
        <ele>50.4</ele>
      </trkpt>
      <trkpt lat="52.271281303837895" lon="5.815594336017966">
        <ele>50.46</ele>
      </trkpt>
      <trkpt lat="52.271339977160096" lon="5.815479923039675">
        <ele>50.46</ele>
      </trkpt>
      <trkpt lat="52.27142580784857" lon="5.815328545868397">
        <ele>50.48</ele>
      </trkpt>
      <trkpt lat="52.27157383225858" lon="5.81506778486073">
        <ele>50.53</ele>
      </trkpt>
      <trkpt lat="52.27172177284956" lon="5.814806940034032">
        <ele>50.62</ele>
      </trkpt>
      <trkpt lat="52.27187030017376" lon="5.814545005559921">
        <ele>50.74</ele>
      </trkpt>
      <trkpt lat="52.27192997932434" lon="5.814439980313182">
        <ele>50.76</ele>
      </trkpt>
      <trkpt lat="52.27204238064587" lon="5.814230600371957">
        <ele>50.81</ele>
      </trkpt>
      <trkpt lat="52.2721841186285" lon="5.813966570422053">
        <ele>50.89</ele>
      </trkpt>
      <trkpt lat="52.27226953022182" lon="5.8138074818998575">
        <ele>50.97</ele>
      </trkpt>
      <trkpt lat="52.27238276973367" lon="5.813596425577998">
        <ele>51.1</ele>
      </trkpt>
      <trkpt lat="52.2724399343133" lon="5.81348997540772">
        <ele>51.08</ele>
      </trkpt>
      <trkpt lat="52.27267890237272" lon="5.813063168898225">
        <ele>51.01</ele>
      </trkpt>
      <trkpt lat="52.27294662036002" lon="5.8125849813222885">
        <ele>51.09</ele>
      </trkpt>
      <trkpt lat="52.27309531532228" lon="5.812319274991751">
        <ele>51.06</ele>
      </trkpt>
      <trkpt lat="52.2731548268348" lon="5.812212992459536">
        <ele>51.1</ele>
      </trkpt>
      <trkpt lat="52.27321492508054" lon="5.81210570409894">
        <ele>51.17</ele>
      </trkpt>
      <trkpt lat="52.27333579212427" lon="5.811889870092273">
        <ele>51.25</ele>
      </trkpt>
      <trkpt lat="52.27348633110523" lon="5.81162097863853">
        <ele>51.46</ele>
      </trkpt>
      <trkpt lat="52.27369814179838" lon="5.811242535710335">
        <ele>51.69</ele>
      </trkpt>
      <trkpt lat="52.27384876459837" lon="5.81097356043756">
        <ele>51.9</ele>
      </trkpt>
      <trkpt lat="52.27403023280203" lon="5.810649348422885">
        <ele>52.11</ele>
      </trkpt>
      <trkpt lat="52.27424154058099" lon="5.810271995142102">
        <ele>52.39</ele>
      </trkpt>
      <trkpt lat="52.27433198131621" lon="5.810110475867987">
        <ele>52.47</ele>
      </trkpt>
      <trkpt lat="52.27442300878465" lon="5.809947783127427">
        <ele>52.5</ele>
      </trkpt>
      <trkpt lat="52.274543875828385" lon="5.809732032939792">
        <ele>52.51</ele>
      </trkpt>
      <trkpt lat="52.27472475729883" lon="5.809408826753497">
        <ele>52.48</ele>
      </trkpt>
      <trkpt lat="52.27478544227779" lon="5.809300448745489">
        <ele>52.45</ele>
      </trkpt>
      <trkpt lat="52.27484554052353" lon="5.809193076565862">
        <ele>52.39</ele>
      </trkpt>
      <trkpt lat="52.27487588301301" lon="5.809138845652342">
        <ele>52.34</ele>
      </trkpt>
      <trkpt lat="52.27493598125875" lon="5.809031473472714">
        <ele>52.2</ele>
      </trkpt>
      <trkpt lat="52.275014938786626" lon="5.808890573680401">
        <ele>52.17</ele>
      </trkpt>
      <trkpt lat="52.27522440254688" lon="5.808516405522823">
        <ele>51.81</ele>
      </trkpt>
      <trkpt lat="52.27528383024037" lon="5.808410122990608">
        <ele>51.68</ele>
      </trkpt>
      <trkpt lat="52.27533998899162" lon="5.808309959247708">
        <ele>51.54</ele>
      </trkpt>
      <trkpt lat="52.275344682857394" lon="5.80830417573452">
        <ele>51.54</ele>
      </trkpt>
      <trkpt lat="52.275521624833345" lon="5.808087000623345">
        <ele>51.11</ele>
      </trkpt>
      <trkpt lat="52.27555993013084" lon="5.808039978146553">
        <ele>51.04</ele>
      </trkpt>
      <trkpt lat="52.275782050564885" lon="5.807809056714177">
        <ele>50.66</ele>
      </trkpt>
      <trkpt lat="52.275809962302446" lon="5.807779971510172">
        <ele>50.62</ele>
      </trkpt>
      <trkpt lat="52.27589621208608" lon="5.807697409763932">
        <ele>50.51</ele>
      </trkpt>
      <trkpt lat="52.27612520568073" lon="5.80747839063406">
        <ele>50.32</ele>
      </trkpt>
      <trkpt lat="52.27627884596586" lon="5.807331372052431">
        <ele>50.29</ele>
      </trkpt>
      <trkpt lat="52.27654664777219" lon="5.807075221091509">
        <ele>50.28</ele>
      </trkpt>
      <trkpt lat="52.27666147984564" lon="5.80696533434093">
        <ele>50.3</ele>
      </trkpt>
      <trkpt lat="52.27700614370406" lon="5.806635674089193">
        <ele>50.52</ele>
      </trkpt>
      <trkpt lat="52.277159029617906" lon="5.806489326059818">
        <ele>50.66</ele>
      </trkpt>
      <trkpt lat="52.27723505347967" lon="5.806416571140289">
        <ele>50.71</ele>
      </trkpt>
      <trkpt lat="52.27750360965729" lon="5.806159665808082">
        <ele>50.73</ele>
      </trkpt>
      <trkpt lat="52.27761852554977" lon="5.806049779057503">
        <ele>50.8</ele>
      </trkpt>
      <trkpt lat="52.277734111994505" lon="5.805939137935638">
        <ele>50.8</ele>
      </trkpt>
      <trkpt lat="52.277966206893325" lon="5.805717185139656">
        <ele>50.75</ele>
      </trkpt>
      <trkpt lat="52.278160247951746" lon="5.8055315259844065">
        <ele>50.64</ele>
      </trkpt>
      <trkpt lat="52.2783147264272" lon="5.805383753031492">
        <ele>50.58</ele>
      </trkpt>
      <trkpt lat="52.278392342850566" lon="5.805309489369392">
        <ele>50.52</ele>
      </trkpt>
      <trkpt lat="52.27866316214204" lon="5.80505040474236">
        <ele>50.17</ele>
      </trkpt>
      <trkpt lat="52.27895887568593" lon="5.804767515510321">
        <ele>49.88</ele>
      </trkpt>
      <trkpt lat="52.2790399286896" lon="5.804689982905984">
        <ele>49.71</ele>
      </trkpt>
      <trkpt lat="52.279448714107275" lon="5.804290417581797">
        <ele>48.86</ele>
      </trkpt>
      <trkpt lat="52.27956220507622" lon="5.804179525002837">
        <ele>48.64</ele>
      </trkpt>
      <trkpt lat="52.279575280845165" lon="5.804166700690985">
        <ele>48.52</ele>
      </trkpt>
      <trkpt lat="52.27962934412062" lon="5.804113894701004">
        <ele>48.5</ele>
      </trkpt>
      <trkpt lat="52.27984853088856" lon="5.8038996532559395">
        <ele>48.15</ele>
      </trkpt>
      <trkpt lat="52.280104011297226" lon="5.803649956360459">
        <ele>47.63</ele>
      </trkpt>
      <trkpt lat="52.28018045425415" lon="5.803575273603201">
        <ele>47.52</ele>
      </trkpt>
      <trkpt lat="52.28037340566516" lon="5.803386680781841">
        <ele>47.19</ele>
      </trkpt>
      <trkpt lat="52.28056635707617" lon="5.80319800414145">
        <ele>46.92</ele>
      </trkpt>
      <trkpt lat="52.28075930848718" lon="5.80300941132009">
        <ele>46.62</ele>
      </trkpt>
      <trkpt lat="52.28099090047181" lon="5.802783099934459">
        <ele>46.33</ele>
      </trkpt>
      <trkpt lat="52.281222408637404" lon="5.802556788548827">
        <ele>45.91</ele>
      </trkpt>
      <trkpt lat="52.28149255737662" lon="5.802292758598924">
        <ele>45.54</ele>
      </trkpt>
      <trkpt lat="52.281800508499146" lon="5.801991680637002">
        <ele>44.95</ele>
      </trkpt>
      <trkpt lat="52.281954903155565" lon="5.801840806379914">
        <ele>44.69</ele>
      </trkpt>
      <trkpt lat="52.282070657238364" lon="5.8017276506870985">
        <ele>44.57</ele>
      </trkpt>
      <trkpt lat="52.28213997557759" lon="5.8016599249094725">
        <ele>44.53</ele>
      </trkpt>
      <trkpt lat="52.28222304023802" lon="5.801571412011981">
        <ele>44.5</ele>
      </trkpt>
      <trkpt lat="52.2822983097285" lon="5.801491113379598">
        <ele>44.44</ele>
      </trkpt>
      <trkpt lat="52.28256200440228" lon="5.801210151985288">
        <ele>44.02</ele>
      </trkpt>
      <trkpt lat="52.282712711021304" lon="5.801049554720521">
        <ele>43.83</ele>
      </trkpt>
      <trkpt lat="52.2828633338213" lon="5.800888957455754">
        <ele>43.61</ele>
      </trkpt>
      <trkpt lat="52.282899962738156" lon="5.800849981606007">
        <ele>43.55</ele>
      </trkpt>
      <trkpt lat="52.283046059310436" lon="5.800677398219705">
        <ele>43.31</ele>
      </trkpt>
      <trkpt lat="52.28319182060659" lon="5.8005051501095295">
        <ele>43.1</ele>
      </trkpt>
      <trkpt lat="52.28326465934515" lon="5.800419067963958">
        <ele>42.97</ele>
      </trkpt>
      <trkpt lat="52.2834468819201" lon="5.800203736871481">
        <ele>42.55</ele>
      </trkpt>
      <trkpt lat="52.28351980447769" lon="5.800117654725909">
        <ele>42.42</ele>
      </trkpt>
      <trkpt lat="52.283665565773845" lon="5.799945406615734">
        <ele>42.24</ele>
      </trkpt>
      <trkpt lat="52.28388424962759" lon="5.799687076359987">
        <ele>42.06</ele>
      </trkpt>
      <trkpt lat="52.28406647220254" lon="5.799471829086542">
        <ele>41.86</ele>
      </trkpt>
      <trkpt lat="52.284284401685" lon="5.799214337021112">
        <ele>41.67</ele>
      </trkpt>
      <trkpt lat="52.28443016298115" lon="5.799042088910937">
        <ele>41.49</ele>
      </trkpt>
      <trkpt lat="52.28453946299851" lon="5.798912923783064">
        <ele>41.41</ele>
      </trkpt>
      <trkpt lat="52.284721015021205" lon="5.798698514699936">
        <ele>41.34</ele>
      </trkpt>
      <trkpt lat="52.28486602194607" lon="5.79852718859911">
        <ele>41.32</ele>
      </trkpt>
      <trkpt lat="52.28504824452102" lon="5.798311857506633">
        <ele>41.36</ele>
      </trkpt>
      <trkpt lat="52.28519333526492" lon="5.7981405314058065">
        <ele>41.45</ele>
      </trkpt>
      <trkpt lat="52.28526994585991" lon="5.798049923032522">
        <ele>41.44</ele>
      </trkpt>
      <trkpt lat="52.28529358282685" lon="5.79802100546658">
        <ele>41.44</ele>
      </trkpt>
      <trkpt lat="52.2854052297771" lon="5.7978846319019794">
        <ele>41.46</ele>
      </trkpt>
      <trkpt lat="52.285617711022496" lon="5.797624876722693">
        <ele>41.46</ele>
      </trkpt>
      <trkpt lat="52.28583094663918" lon="5.79736428335309">
        <ele>41.51</ele>
      </trkpt>
      <trkpt lat="52.28622129186988" lon="5.796887185424566">
        <ele>41.45</ele>
      </trkpt>
      <trkpt lat="52.286439975723624" lon="5.796619970351458">
        <ele>41.49</ele>
      </trkpt>
      <trkpt lat="52.28661582805216" lon="5.796414278447628">
        <ele>41.53</ele>
      </trkpt>
      <trkpt lat="52.286688247695565" lon="5.796329537406564">
        <ele>41.53</ele>
      </trkpt>
      <trkpt lat="52.286797212436795" lon="5.796202048659325">
        <ele>41.48</ele>
      </trkpt>
      <trkpt lat="52.28697784245014" lon="5.79599074088037">
        <ele>41.34</ele>
      </trkpt>
      <trkpt lat="52.28712192736566" lon="5.7958221808075905">
        <ele>41.06</ele>
      </trkpt>
      <trkpt lat="52.28730180300772" lon="5.795611711218953">
        <ele>40.64</ele>
      </trkpt>
      <trkpt lat="52.28744588792324" lon="5.7954431511461735">
        <ele>40.28</ele>
      </trkpt>
      <trkpt lat="52.287698183208704" lon="5.795148024335504">
        <ele>39.76</ele>
      </trkpt>
      <trkpt lat="52.28780647739768" lon="5.795021373778582">
        <ele>39.57</ele>
      </trkpt>
      <trkpt lat="52.2879505623132" lon="5.794852897524834">
        <ele>39.43</ele>
      </trkpt>
      <trkpt lat="52.28802993893623" lon="5.794759942218661">
        <ele>39.1</ele>
      </trkpt>
      <trkpt lat="52.288032872602344" lon="5.794816268607974">
        <ele>38.99</ele>
      </trkpt>
      <trkpt lat="52.288040332496166" lon="5.794959766790271">
        <ele>38.79</ele>
      </trkpt>
      <trkpt lat="52.28804787620902" lon="5.795103348791599">
        <ele>38.71</ele>
      </trkpt>
      <trkpt lat="52.288051564246416" lon="5.795175181701779">
        <ele>38.72</ele>
      </trkpt>
      <trkpt lat="52.28805902414024" lon="5.795318679884076">
        <ele>38.8</ele>
      </trkpt>
      <trkpt lat="52.28807771578431" lon="5.795677592977881">
        <ele>39.17</ele>
      </trkpt>
      <trkpt lat="52.28807997889817" lon="5.795719921588898">
        <ele>39.19</ele>
      </trkpt>
      <trkpt lat="52.28809707798064" lon="5.795817570760846">
        <ele>39.27</ele>
      </trkpt>
      <trkpt lat="52.288121385499835" lon="5.795956123620272">
        <ele>39.29</ele>
      </trkpt>
      <trkpt lat="52.288170251995325" lon="5.7962344866245985">
        <ele>39.24</ele>
      </trkpt>
      <trkpt lat="52.28820671327412" lon="5.796442190185189">
        <ele>39.25</ele>
      </trkpt>
      <trkpt lat="52.28824317455292" lon="5.796649977564812">
        <ele>39.32</ele>
      </trkpt>
      <trkpt lat="52.288279635831714" lon="5.7968576811254025">
        <ele>39.44</ele>
      </trkpt>
      <trkpt lat="52.28831609711051" lon="5.797065468505025">
        <ele>39.64</ele>
      </trkpt>
      <trkpt lat="52.288376949727535" lon="5.7974116411060095">
        <ele>40.08</ele>
      </trkpt>
      <trkpt lat="52.288401424884796" lon="5.797551618888974">
        <ele>40.3</ele>
      </trkpt>
      <trkpt lat="52.28840997442603" lon="5.797599982470274">
        <ele>40.38</ele>
      </trkpt>
      <trkpt lat="52.288415171206" lon="5.797765525057912">
        <ele>40.68</ele>
      </trkpt>
      <trkpt lat="52.288419948890805" lon="5.797919919714332">
        <ele>40.77</ele>
      </trkpt>
      <trkpt lat="52.288434617221355" lon="5.797974988818169">
        <ele>40.81</ele>
      </trkpt>
      <trkpt lat="52.28845993056893" lon="5.798069955781102">
        <ele>40.83</ele>
      </trkpt>
      <trkpt lat="52.28845993056893" lon="5.798110440373421">
        <ele>40.85</ele>
      </trkpt>
      <trkpt lat="52.28845993056893" lon="5.798397101461887">
        <ele>40.89</ele>
      </trkpt>
      <trkpt lat="52.28845993056893" lon="5.798439932987094">
        <ele>40.9</ele>
      </trkpt>
      <trkpt lat="52.28843595832586" lon="5.798682169988751">
        <ele>40.97</ele>
      </trkpt>
      <trkpt lat="52.28836588561535" lon="5.7993904408067465">
        <ele>41.27</ele>
      </trkpt>
      <trkpt lat="52.28833068162203" lon="5.799746001139283">
        <ele>41.51</ele>
      </trkpt>
      <trkpt lat="52.288316767662764" lon="5.799886817112565">
        <ele>41.64</ele>
      </trkpt>
      <trkpt lat="52.28829564526677" lon="5.800100136548281">
        <ele>41.89</ele>
      </trkpt>
      <trkpt lat="52.28827452287078" lon="5.800313455983996">
        <ele>42.19</ele>
      </trkpt>
      <trkpt lat="52.288269996643066" lon="5.800359975546598">
        <ele>42.19</ele>
      </trkpt>
      <trkpt lat="52.28823998942971" lon="5.800459971651435">
        <ele>42.2</ele>
      </trkpt>
      <trkpt lat="52.288236636668444" lon="5.800593914464116">
        <ele>42.18</ele>
      </trkpt>
      <trkpt lat="52.28822993114591" lon="5.800859956070781">
        <ele>42.09</ele>
      </trkpt>
      <trkpt lat="52.28819984011352" lon="5.80094687640667">
        <ele>42.06</ele>
      </trkpt>
      <trkpt lat="52.28815600275993" lon="5.801073526963592">
        <ele>42.03</ele>
      </trkpt>
      <trkpt lat="52.2880679089576" lon="5.801328169181943">
        <ele>42.05</ele>
      </trkpt>
      <trkpt lat="52.28804997168481" lon="5.801379969343543">
        <ele>42.06</ele>
      </trkpt>
      <trkpt lat="52.288012420758605" lon="5.80152883194387">
        <ele>42.1</ele>
      </trkpt>
      <trkpt lat="52.28792717680335" lon="5.801867377012968">
        <ele>42.24</ele>
      </trkpt>
      <trkpt lat="52.287893230095506" lon="5.802001906558871">
        <ele>42.32</ele>
      </trkpt>
      <trkpt lat="52.287729950621724" lon="5.802649995312095">
        <ele>42.86</ele>
      </trkpt>
      <trkpt lat="52.28772341273725" lon="5.802679415792227">
        <ele>42.89</ele>
      </trkpt>
      <trkpt lat="52.28766230866313" lon="5.802954342216253">
        <ele>43.15</ele>
      </trkpt>
      <trkpt lat="52.28764998726547" lon="5.803009998053312">
        <ele>43.19</ele>
      </trkpt>
      <trkpt lat="52.287640515714884" lon="5.803096499294043">
        <ele>43.26</ele>
      </trkpt>
      <trkpt lat="52.28761687874794" lon="5.803312081843615">
        <ele>43.35</ele>
      </trkpt>
      <trkpt lat="52.28756994009018" lon="5.803739978000522">
        <ele>43.46</ele>
      </trkpt>
      <trkpt lat="52.28754906915128" lon="5.803808877244592">
        <ele>43.48</ele>
      </trkpt>
      <trkpt lat="52.28746994398534" lon="5.804069973528385">
        <ele>43.65</ele>
      </trkpt>
      <trkpt lat="52.287420155480504" lon="5.8041920978575945">
        <ele>43.75</ele>
      </trkpt>
      <trkpt lat="52.287369864061475" lon="5.804315730929375">
        <ele>43.79</ele>
      </trkpt>
      <trkpt lat="52.28735997341573" lon="5.80433995462954">
        <ele>43.78</ele>
      </trkpt>
      <trkpt lat="52.28726995177567" lon="5.804409943521023">
        <ele>43.76</ele>
      </trkpt>
      <trkpt lat="52.28720935061574" lon="5.804426791146398">
        <ele>43.75</ele>
      </trkpt>
      <trkpt lat="52.287121592089534" lon="5.804451182484627">
        <ele>43.75</ele>
      </trkpt>
      <trkpt lat="52.28690994903445" lon="5.804509939625859">
        <ele>43.86</ele>
      </trkpt>
      <trkpt lat="52.286866027861834" lon="5.804562075063586">
        <ele>43.89</ele>
      </trkpt>
      <trkpt lat="52.28674993850291" lon="5.804699957370758">
        <ele>43.94</ele>
      </trkpt>
      <trkpt lat="52.28669621050358" lon="5.804885113611817">
        <ele>43.99</ele>
      </trkpt>
      <trkpt lat="52.286659916862845" lon="5.805009920150042">
        <ele>44.05</ele>
      </trkpt>
      <trkpt lat="52.286659413948655" lon="5.805015787482262">
        <ele>44.05</ele>
      </trkpt>
      <trkpt lat="52.28663074783981" lon="5.805307561531663">
        <ele>44.25</ele>
      </trkpt>
      <trkpt lat="52.28661666624248" lon="5.805451311171055">
        <ele>44.32</ele>
      </trkpt>
      <trkpt lat="52.28660996071994" lon="5.80551995895803">
        <ele>44.34</ele>
      </trkpt>
      <trkpt lat="52.2866241261363" lon="5.805667648091912">
        <ele>44.39</ele>
      </trkpt>
      <trkpt lat="52.286659916862845" lon="5.806039972230792">
        <ele>44.45</ele>
      </trkpt>
      <trkpt lat="52.28669486939907" lon="5.806241808459163">
        <ele>44.54</ele>
      </trkpt>
      <trkpt lat="52.286731246858835" lon="5.806452613323927">
        <ele>44.68</ele>
      </trkpt>
      <trkpt lat="52.28677994571626" lon="5.806734161451459">
        <ele>44.92</ele>
      </trkpt>
      <trkpt lat="52.28680442087352" lon="5.8068756479769945">
        <ele>45.02</ele>
      </trkpt>
      <trkpt lat="52.28684079833329" lon="5.807086452841759">
        <ele>45.12</ele>
      </trkpt>
      <trkpt lat="52.28693995624781" lon="5.8076599426567554">
        <ele>45.2</ele>
      </trkpt>
      <trkpt lat="52.28697147220373" lon="5.807786006480455">
        <ele>45.23</ele>
      </trkpt>
      <trkpt lat="52.287189988419414" lon="5.808659987524152">
        <ele>45.43</ele>
      </trkpt>
      <trkpt lat="52.28722603060305" lon="5.808879844844341">
        <ele>45.49</ele>
      </trkpt>
      <trkpt lat="52.28724908083677" lon="5.809020409360528">
        <ele>45.54</ele>
      </trkpt>
      <trkpt lat="52.28727229870856" lon="5.809162398800254">
        <ele>45.64</ele>
      </trkpt>
      <trkpt lat="52.28728998452425" lon="5.809269938617945">
        <ele>45.73</ele>
      </trkpt>
      <trkpt lat="52.28731529787183" lon="5.809594066813588">
        <ele>46.03</ele>
      </trkpt>
      <trkpt lat="52.28733994066715" lon="5.8099099807441235">
        <ele>46.26</ele>
      </trkpt>
      <trkpt lat="52.28733994066715" lon="5.810178117826581">
        <ele>46.47</ele>
      </trkpt>
      <trkpt lat="52.28733994066715" lon="5.810329997912049">
        <ele>46.62</ele>
      </trkpt>
      <trkpt lat="52.28728998452425" lon="5.810699975118041">
        <ele>47.0</ele>
      </trkpt>
      <trkpt lat="52.28726374916732" lon="5.810820506885648">
        <ele>47.14</ele>
      </trkpt>
      <trkpt lat="52.287189988419414" lon="5.811159973964095">
        <ele>47.42</ele>
      </trkpt>
      <trkpt lat="52.28712301701307" lon="5.811356445774436">
        <ele>47.6</ele>
      </trkpt>
      <trkpt lat="52.28707926347852" lon="5.811484856531024">
        <ele>47.75</ele>
      </trkpt>
      <trkpt lat="52.2869922593236" lon="5.811740504577756">
        <ele>48.08</ele>
      </trkpt>
      <trkpt lat="52.2869489248842" lon="5.811867658048868">
        <ele>48.22</ele>
      </trkpt>
      <trkpt lat="52.286905171349645" lon="5.811996068805456">
        <ele>48.33</ele>
      </trkpt>
      <trkpt lat="52.28677483275533" lon="5.8123788703233">
        <ele>48.6</ele>
      </trkpt>
      <trkpt lat="52.286719931289554" lon="5.812539970502257">
        <ele>48.67</ele>
      </trkpt>
      <trkpt lat="52.28663175366819" lon="5.812750607728958">
        <ele>48.79</ele>
      </trkpt>
      <trkpt lat="52.28658095933497" lon="5.81287189386785">
        <ele>48.9</ele>
      </trkpt>
      <trkpt lat="52.28650535456836" lon="5.81305269151926">
        <ele>49.11</ele>
      </trkpt>
      <trkpt lat="52.28640426881611" lon="5.8132941741496325">
        <ele>49.45</ele>
      </trkpt>
      <trkpt lat="52.286353474482894" lon="5.813415460288525">
        <ele>49.67</ele>
      </trkpt>
      <trkpt lat="52.286252388730645" lon="5.813656942918897">
        <ele>50.15</ele>
      </trkpt>
      <trkpt lat="52.286201594397426" lon="5.813778229057789">
        <ele>50.34</ele>
      </trkpt>
      <trkpt lat="52.28617996908724" lon="5.813829945400357">
        <ele>50.41</ele>
      </trkpt>
      <trkpt lat="52.28617435321212" lon="5.813835728913546">
        <ele>50.41</ele>
      </trkpt>
      <trkpt lat="52.28602255694568" lon="5.813993392512202">
        <ele>50.64</ele>
      </trkpt>
      <trkpt lat="52.28591996245086" lon="5.8140999265015125">
        <ele>50.76</ele>
      </trkpt>
      <trkpt lat="52.28587931022048" lon="5.814166311174631">
        <ele>50.83</ele>
      </trkpt>
      <trkpt lat="52.28581569157541" lon="5.8142701629549265">
        <ele>50.9</ele>
      </trkpt>
      <trkpt lat="52.285657273605466" lon="5.814528912305832">
        <ele>51.0</ele>
      </trkpt>
      <trkpt lat="52.28552995249629" lon="5.814736615866423">
        <ele>51.19</ele>
      </trkpt>
      <trkpt lat="52.28546633385122" lon="5.81484055146575">
        <ele>51.25</ele>
      </trkpt>
      <trkpt lat="52.285429956391454" lon="5.814899979159236">
        <ele>51.25</ele>
      </trkpt>
      <trkpt lat="52.28536055423319" lon="5.814973069354892">
        <ele>51.21</ele>
      </trkpt>
      <trkpt lat="52.285171542316675" lon="5.815171971917152">
        <ele>50.97</ele>
      </trkpt>
      <trkpt lat="52.28479418903589" lon="5.815569190308452">
        <ele>50.57</ele>
      </trkpt>
      <trkpt lat="52.28466996923089" lon="5.815699947997928">
        <ele>50.41</ele>
      </trkpt>
      <trkpt lat="52.284553963690996" lon="5.815756861120462">
        <ele>50.28</ele>
      </trkpt>
      <trkpt lat="52.28446779772639" lon="5.815799105912447">
        <ele>50.24</ele>
      </trkpt>
      <trkpt lat="52.28438171558082" lon="5.8158413507044315">
        <ele>50.28</ele>
      </trkpt>
      <trkpt lat="52.284296387806535" lon="5.8158831764012575">
        <ele>50.39</ele>
      </trkpt>
      <trkpt lat="52.284139981493354" lon="5.815959954634309">
        <ele>50.66</ele>
      </trkpt>
      <trkpt lat="52.28401810862124" lon="5.816106805577874">
        <ele>50.92</ele>
      </trkpt>
      <trkpt lat="52.28394644334912" lon="5.816193222999573">
        <ele>51.12</ele>
      </trkpt>
      <trkpt lat="52.28391023352742" lon="5.816236808896065">
        <ele>51.24</ele>
      </trkpt>
      <trkpt lat="52.28383781388402" lon="5.8163240645080805">
        <ele>51.53</ele>
      </trkpt>
      <trkpt lat="52.28376547805965" lon="5.816411320120096">
        <ele>51.88</ele>
      </trkpt>
      <trkpt lat="52.28374997153878" lon="5.816429927945137">
        <ele>51.96</ele>
      </trkpt>
      <trkpt lat="52.28355936706066" lon="5.816551968455315">
        <ele>52.85</ele>
      </trkpt>
      <trkpt lat="52.283499939367175" lon="5.816589938476682">
        <ele>53.09</ele>
      </trkpt>
      <trkpt lat="52.28348443284631" lon="5.816624388098717">
        <ele>53.2</ele>
      </trkpt>
      <trkpt lat="52.283378234133124" lon="5.816859835758805">
        <ele>53.8</ele>
      </trkpt>
      <trkpt lat="52.28329827077687" lon="5.8170373644679785">
        <ele>54.17</ele>
      </trkpt>
      <trkpt lat="52.283244878053665" lon="5.817155716940761">
        <ele>54.37</ele>
      </trkpt>
      <trkpt lat="52.28319148533046" lon="5.817274069413543">
        <ele>54.53</ele>
      </trkpt>
      <trkpt lat="52.28313867934048" lon="5.817391164600849">
        <ele>54.72</ele>
      </trkpt>
      <trkpt lat="52.28303197771311" lon="5.817627869546413">
        <ele>55.15</ele>
      </trkpt>
      <trkpt lat="52.28271991945803" lon="5.818319963291287">
        <ele>56.3</ele>
      </trkpt>
      <trkpt lat="52.28261950425804" lon="5.818586843088269">
        <ele>56.73</ele>
      </trkpt>
      <trkpt lat="52.2824314981699" lon="5.819086488336325">
        <ele>57.62</ele>
      </trkpt>
      <trkpt lat="52.28240794502199" lon="5.819149101153016">
        <ele>57.71</ele>
      </trkpt>
      <trkpt lat="52.28236083872616" lon="5.819274326786399">
        <ele>57.84</ele>
      </trkpt>
      <trkpt lat="52.28231373243034" lon="5.81939946860075">
        <ele>57.92</ele>
      </trkpt>
      <trkpt lat="52.282266626134515" lon="5.819524694234133">
        <ele>57.94</ele>
      </trkpt>
      <trkpt lat="52.28219638578594" lon="5.819711275398731">
        <ele>57.95</ele>
      </trkpt>
      <trkpt lat="52.28214927949011" lon="5.819836501032114">
        <ele>57.92</ele>
      </trkpt>
      <trkpt lat="52.28200846351683" lon="5.820210920646787">
        <ele>57.75</ele>
      </trkpt>
      <trkpt lat="52.28177335113287" lon="5.820835707709193">
        <ele>57.55</ele>
      </trkpt>
      <trkpt lat="52.281608898192644" lon="5.821272656321526">
        <ele>57.3</ele>
      </trkpt>
      <trkpt lat="52.281491132453084" lon="5.821585720404983">
        <ele>57.04</ele>
      </trkpt>
      <trkpt lat="52.28144394233823" lon="5.821710946038365">
        <ele>56.99</ele>
      </trkpt>
      <trkpt lat="52.281420389190316" lon="5.821773558855057">
        <ele>56.99</ele>
      </trkpt>
      <trkpt lat="52.28137420490384" lon="5.821896269917488">
        <ele>57.04</ele>
      </trkpt>
      <trkpt lat="52.28132667951286" lon="5.822022669017315">
        <ele>57.12</ele>
      </trkpt>
      <trkpt lat="52.281279573217034" lon="5.822147894650698">
        <ele>57.24</ele>
      </trkpt>
      <trkpt lat="52.28125995956361" lon="5.822199946269393">
        <ele>57.27</ele>
      </trkpt>
      <trkpt lat="52.2811399307102" lon="5.8223299495875835">
        <ele>57.41</ele>
      </trkpt>
      <trkpt lat="52.28111872449517" lon="5.822468837723136">
        <ele>57.45</ele>
      </trkpt>
      <trkpt lat="52.28109693154693" lon="5.822611413896084">
        <ele>57.44</ele>
      </trkpt>
      <trkpt lat="52.28106449358165" lon="5.822823895141482">
        <ele>57.37</ele>
      </trkpt>
      <trkpt lat="52.28104270063341" lon="5.822966555133462">
        <ele>57.34</ele>
      </trkpt>
      <trkpt lat="52.28101001121104" lon="5.8231804613024">
        <ele>57.37</ele>
      </trkpt>
      <trkpt lat="52.28098821826279" lon="5.823323121294379">
        <ele>57.45</ele>
      </trkpt>
      <trkpt lat="52.28092309087515" lon="5.823749508708715">
        <ele>57.8</ele>
      </trkpt>
      <trkpt lat="52.2809012979269" lon="5.823892084881663">
        <ele>57.95</ele>
      </trkpt>
      <trkpt lat="52.28080339729786" lon="5.824532462283969">
        <ele>58.72</ele>
      </trkpt>
      <trkpt lat="52.280748914927244" lon="5.824889028444886">
        <ele>59.2</ele>
      </trkpt>
      <trkpt lat="52.2806837875396" lon="5.825315415859222">
        <ele>59.72</ele>
      </trkpt>
      <trkpt lat="52.28065134957433" lon="5.825527897104621">
        <ele>60.06</ele>
      </trkpt>
      <trkpt lat="52.28058597072959" lon="5.825955793261528">
        <ele>60.81</ele>
      </trkpt>
      <trkpt lat="52.280531488358974" lon="5.826312359422445">
        <ele>61.32</ele>
      </trkpt>
      <trkpt lat="52.280488070100546" lon="5.826596170663834">
        <ele>61.8</ele>
      </trkpt>
      <trkpt lat="52.280444484204054" lon="5.826881323009729">
        <ele>62.19</ele>
      </trkpt>
      <trkpt lat="52.28034666739404" lon="5.827521700412035">
        <ele>63.23</ele>
      </trkpt>
      <trkpt lat="52.280324874445796" lon="5.827664360404015">
        <ele>63.44</ele>
      </trkpt>
      <trkpt lat="52.28024885058403" lon="5.828162077814341">
        <ele>64.05</ele>
      </trkpt>
      <trkpt lat="52.280227057635784" lon="5.8283046539872885">
        <ele>64.2</ele>
      </trkpt>
      <trkpt lat="52.28020526468754" lon="5.828447313979268">
        <ele>64.32</ele>
      </trkpt>
      <trkpt lat="52.28015103377402" lon="5.8288023713976145">
        <ele>64.55</ele>
      </trkpt>
      <trkpt lat="52.2800965514034" lon="5.829158937558532">
        <ele>64.9</ele>
      </trkpt>
      <trkpt lat="52.280053133144975" lon="5.82944274879992">
        <ele>65.12</ele>
      </trkpt>
      <trkpt lat="52.280020443722606" lon="5.829656654968858">
        <ele>65.36</ele>
      </trkpt>
      <trkpt lat="52.27999865077436" lon="5.829799314960837">
        <ele>65.57</ele>
      </trkpt>
      <trkpt lat="52.27993352338672" lon="5.830225702375174">
        <ele>66.25</ele>
      </trkpt>
      <trkpt lat="52.279909970238805" lon="5.83037992939353">
        <ele>66.51</ele>
      </trkpt>
      <trkpt lat="52.279900666326284" lon="5.83043809980154">
        <ele>66.61</ele>
      </trkpt>
      <trkpt lat="52.27979924529791" lon="5.8310753758996725">
        <ele>67.62</ele>
      </trkpt>
      <trkpt lat="52.27976546622813" lon="5.831287354230881">
        <ele>67.92</ele>
      </trkpt>
      <trkpt lat="52.279742835089564" lon="5.831429595127702">
        <ele>68.08</ele>
      </trkpt>
      <trkpt lat="52.279720455408096" lon="5.831570411100984">
        <ele>68.2</ele>
      </trkpt>
      <trkpt lat="52.27965272963047" lon="5.831995792686939">
        <ele>68.49</ele>
      </trkpt>
      <trkpt lat="52.27963026612997" lon="5.832136608660221">
        <ele>68.57</ele>
      </trkpt>
      <trkpt lat="52.27961895056069" lon="5.8322077710181475">
        <ele>68.59</ele>
      </trkpt>
      <trkpt lat="52.27960763499141" lon="5.832278849557042">
        <ele>68.58</ele>
      </trkpt>
      <trkpt lat="52.279596319422126" lon="5.8323500119149685">
        <ele>68.54</ele>
      </trkpt>
      <trkpt lat="52.279589949175715" lon="5.832389993593097">
        <ele>68.5</ele>
      </trkpt>
      <trkpt lat="52.27956086397171" lon="5.832636673003435">
        <ele>68.31</ele>
      </trkpt>
      <trkpt lat="52.27954410016537" lon="5.83277958445251">
        <ele>68.24</ele>
      </trkpt>
      <trkpt lat="52.27953555062413" lon="5.832851752638817">
        <ele>68.22</ele>
      </trkpt>
      <trkpt lat="52.279518535360694" lon="5.832996089011431">
        <ele>68.22</ele>
      </trkpt>
      <trkpt lat="52.279493222013116" lon="5.833211168646812">
        <ele>68.28</ele>
      </trkpt>
      <trkpt lat="52.27946790866554" lon="5.833426164463162">
        <ele>68.4</ele>
      </trkpt>
      <trkpt lat="52.27941703051329" lon="5.833857748657465">
        <ele>68.69</ele>
      </trkpt>
      <trkpt lat="52.279383167624474" lon="5.834144996479154">
        <ele>68.95</ele>
      </trkpt>
      <trkpt lat="52.279332373291254" lon="5.834576580673456">
        <ele>69.37</ele>
      </trkpt>
      <trkpt lat="52.27929851040244" lon="5.834863828495145">
        <ele>69.61</ele>
      </trkpt>
      <trkpt lat="52.27926464751363" lon="5.8351510763168335">
        <ele>69.8</ele>
      </trkpt>
      <trkpt lat="52.279247883707285" lon="5.835293987765908">
        <ele>69.86</ele>
      </trkpt>
      <trkpt lat="52.27923086844385" lon="5.835438324138522">
        <ele>69.87</ele>
      </trkpt>
      <trkpt lat="52.27921402081847" lon="5.835581235587597">
        <ele>69.81</ele>
      </trkpt>
      <trkpt lat="52.27913782931864" lon="5.836227899417281">
        <ele>69.42</ele>
      </trkpt>
      <trkpt lat="52.27903615683317" lon="5.8370909839868546">
        <ele>68.99</ele>
      </trkpt>
      <trkpt lat="52.27902785874903" lon="5.837161727249622">
        <ele>68.97</ele>
      </trkpt>
      <trkpt lat="52.279010843485594" lon="5.837306063622236">
        <ele>68.96</ele>
      </trkpt>
      <trkpt lat="52.27896851487458" lon="5.837665479630232">
        <ele>69.01</ele>
      </trkpt>
      <trkpt lat="52.2789516672492" lon="5.837808391079307">
        <ele>69.06</ele>
      </trkpt>
      <trkpt lat="52.278934651985765" lon="5.8379527274519205">
        <ele>69.15</ele>
      </trkpt>
      <trkpt lat="52.27890933863819" lon="5.838167807087302">
        <ele>69.37</ele>
      </trkpt>
      <trkpt lat="52.27889232337475" lon="5.838312143459916">
        <ele>69.58</ele>
      </trkpt>
      <trkpt lat="52.27887547574937" lon="5.838455054908991">
        <ele>69.85</ele>
      </trkpt>
      <trkpt lat="52.278858460485935" lon="5.838599391281605">
        <ele>70.18</ele>
      </trkpt>
      <trkpt lat="52.27884161286056" lon="5.8387423027306795">
        <ele>70.38</ele>
      </trkpt>
      <trkpt lat="52.27881613187492" lon="5.8389588072896">
        <ele>70.65</ele>
      </trkpt>
      <trkpt lat="52.27879911661148" lon="5.839103143662214">
        <ele>70.86</ele>
      </trkpt>
      <trkpt lat="52.27878210134804" lon="5.839247480034828">
        <ele>71.13</ele>
      </trkpt>
      <trkpt lat="52.27874823845923" lon="5.839534727856517">
        <ele>71.81</ele>
      </trkpt>
      <trkpt lat="52.27873960509896" lon="5.839608320966363">
        <ele>71.95</ele>
      </trkpt>
      <trkpt lat="52.27873113937676" lon="5.83968048915267">
        <ele>72.05</ele>
      </trkpt>
      <trkpt lat="52.278722589835525" lon="5.839752657338977">
        <ele>72.1</ele>
      </trkpt>
      <trkpt lat="52.27871412411332" lon="5.839824825525284">
        <ele>72.11</ele>
      </trkpt>
      <trkpt lat="52.278709933161736" lon="5.839859945699573">
        <ele>72.09</ele>
      </trkpt>
      <trkpt lat="52.27870632894337" lon="5.839897245168686">
        <ele>72.08</ele>
      </trkpt>
      <trkpt lat="52.278699204325676" lon="5.83996974863112">
        <ele>72.02</ele>
      </trkpt>
      <trkpt lat="52.278670789673924" lon="5.840258589014411">
        <ele>71.72</ele>
      </trkpt>
      <trkpt lat="52.27865654043853" lon="5.84040367975831">
        <ele>71.64</ele>
      </trkpt>
      <trkpt lat="52.2786495834589" lon="5.840474842116237">
        <ele>71.62</ele>
      </trkpt>
      <trkpt lat="52.27862804196775" lon="5.840693945065141">
        <ele>71.65</ele>
      </trkpt>
      <trkpt lat="52.27860666811466" lon="5.840911706909537">
        <ele>71.82</ele>
      </trkpt>
      <trkpt lat="52.27859241887927" lon="5.841056797653437">
        <ele>71.99</ele>
      </trkpt>
      <trkpt lat="52.27855671197176" lon="5.841419650241733">
        <ele>72.47</ele>
      </trkpt>
      <trkpt lat="52.27852108888328" lon="5.8417825028300285">
        <ele>72.87</ele>
      </trkpt>
      <trkpt lat="52.27849275805056" lon="5.842071259394288">
        <ele>73.25</ele>
      </trkpt>
      <trkpt lat="52.27847130037844" lon="5.842288937419653">
        <ele>73.57</ele>
      </trkpt>
      <trkpt lat="52.27843567728996" lon="5.842651790007949">
        <ele>74.15</ele>
      </trkpt>
      <trkpt lat="52.278400054201484" lon="5.843014642596245">
        <ele>74.61</ele>
      </trkpt>
      <trkpt lat="52.27838580496609" lon="5.843159733340144">
        <ele>74.85</ele>
      </trkpt>
      <trkpt lat="52.278364431113005" lon="5.843377495184541">
        <ele>75.26</ele>
      </trkpt>
      <trkpt lat="52.278350265696645" lon="5.843521161004901">
        <ele>75.5</ele>
      </trkpt>
      <trkpt lat="52.27833601646125" lon="5.8436662517488">
        <ele>75.69</ele>
      </trkpt>
      <trkpt lat="52.27832176722586" lon="5.843811426311731">
        <ele>75.85</ele>
      </trkpt>
      <trkpt lat="52.278319923207164" lon="5.84382995031774">
        <ele>75.86</ele>
      </trkpt>
      <trkpt lat="52.27830206975341" lon="5.843954756855965">
        <ele>75.95</ele>
      </trkpt>
      <trkpt lat="52.27828153409064" lon="5.8440979197621346">
        <ele>76.02</ele>
      </trkpt>
      <trkpt lat="52.278250772506" lon="5.844312580302358">
        <ele>76.09</ele>
      </trkpt>
      <trkpt lat="52.27823032066226" lon="5.844455659389496">
        <ele>76.08</ele>
      </trkpt>
      <trkpt lat="52.27819955907762" lon="5.844670319929719">
        <ele>76.03</ele>
      </trkpt>
      <trkpt lat="52.278097216039896" lon="5.845384541898966">
        <ele>75.96</ele>
      </trkpt>
      <trkpt lat="52.278076680377126" lon="5.845527620986104">
        <ele>75.96</ele>
      </trkpt>
      <trkpt lat="52.278045918792486" lon="5.845742281526327">
        <ele>76.03</ele>
      </trkpt>
      <trkpt lat="52.27801515720785" lon="5.84595694206655">
        <ele>76.19</ele>
      </trkpt>
      <trkpt lat="52.277994621545076" lon="5.84610010497272">
        <ele>76.34</ele>
      </trkpt>
      <trkpt lat="52.27796385996044" lon="5.846314765512943">
        <ele>76.67</ele>
      </trkpt>
      <trkpt lat="52.27795363403857" lon="5.846386346966028">
        <ele>76.81</ele>
      </trkpt>
      <trkpt lat="52.2779330983758" lon="5.846529426053166">
        <ele>77.12</ele>
      </trkpt>
      <trkpt lat="52.27789227850735" lon="5.846814243122935">
        <ele>77.87</ele>
      </trkpt>
      <trkpt lat="52.27787182666361" lon="5.8469573222100735">
        <ele>78.21</ele>
      </trkpt>
      <trkpt lat="52.27785992436111" lon="5.847039967775345">
        <ele>78.33</ele>
      </trkpt>
      <trkpt lat="52.27785254828632" lon="5.847100904211402">
        <ele>78.4</ele>
      </trkpt>
      <trkpt lat="52.27784383110702" lon="5.847172988578677">
        <ele>78.41</ele>
      </trkpt>
      <trkpt lat="52.27783511392772" lon="5.847245072945952">
        <ele>78.34</ele>
      </trkpt>
      <trkpt lat="52.27782631292939" lon="5.847317157313228">
        <ele>78.22</ele>
      </trkpt>
      <trkpt lat="52.27781759575009" lon="5.847389325499535">
        <ele>78.06</ele>
      </trkpt>
      <trkpt lat="52.27779136039317" lon="5.84760557860136">
        <ele>77.52</ele>
      </trkpt>
      <trkpt lat="52.27777392603457" lon="5.847749747335911">
        <ele>77.19</ele>
      </trkpt>
      <trkpt lat="52.27775640785694" lon="5.847893916070461">
        <ele>76.89</ele>
      </trkpt>
      <trkpt lat="52.277730256319046" lon="5.848110252991319">
        <ele>76.5</ele>
      </trkpt>
      <trkpt lat="52.27771290577948" lon="5.84825299680233">
        <ele>76.27</ele>
      </trkpt>
      <trkpt lat="52.277695471420884" lon="5.8483971655368805">
        <ele>76.08</ele>
      </trkpt>
      <trkpt lat="52.27766923606396" lon="5.848613418638706">
        <ele>75.86</ele>
      </trkpt>
      <trkpt lat="52.27765171788633" lon="5.848757587373257">
        <ele>75.76</ele>
      </trkpt>
      <trkpt lat="52.27763428352773" lon="5.848901756107807">
        <ele>75.69</ele>
      </trkpt>
      <trkpt lat="52.2776167653501" lon="5.849046008661389">
        <ele>75.67</ele>
      </trkpt>
      <trkpt lat="52.277608048170805" lon="5.849118093028665">
        <ele>75.68</ele>
      </trkpt>
      <trkpt lat="52.27758181281388" lon="5.84933434613049">
        <ele>75.79</ele>
      </trkpt>
      <trkpt lat="52.27753998711705" lon="5.849679931998253">
        <ele>76.06</ele>
      </trkpt>
      <trkpt lat="52.277538646012545" lon="5.84969493560493">
        <ele>76.08</ele>
      </trkpt>
      <trkpt lat="52.277526408433914" lon="5.84983910433948">
        <ele>76.14</ele>
      </trkpt>
      <trkpt lat="52.27751400321722" lon="5.84998469799757">
        <ele>76.17</ele>
      </trkpt>
      <trkpt lat="52.27749992161989" lon="5.850149989128113">
        <ele>75.76</ele>
      </trkpt>
      <trkpt lat="52.27747988887131" lon="5.850344868376851">
        <ele>75.28</ele>
      </trkpt>
      <trkpt lat="52.27745767682791" lon="5.850560870021582">
        <ele>74.84</ele>
      </trkpt>
      <trkpt lat="52.277442840859294" lon="5.850704368203878">
        <ele>74.62</ele>
      </trkpt>
      <trkpt lat="52.27742808870971" lon="5.850847866386175">
        <ele>74.43</ele>
      </trkpt>
      <trkpt lat="52.27741333656013" lon="5.850991364568472">
        <ele>74.27</ele>
      </trkpt>
      <trkpt lat="52.277398416772485" lon="5.851136287674308">
        <ele>74.17</ele>
      </trkpt>
      <trkpt lat="52.27738358080387" lon="5.851279785856605">
        <ele>74.11</ele>
      </trkpt>
      <trkpt lat="52.277353908866644" lon="5.851568207144737">
        <ele>74.02</ele>
      </trkpt>
      <trkpt lat="52.27732448838651" lon="5.851853778585792">
        <ele>74.0</ele>
      </trkpt>
      <trkpt lat="52.277265060693026" lon="5.852430621162057">
        <ele>74.03</ele>
      </trkpt>
      <trkpt lat="52.27725014090538" lon="5.8525756280869246">
        <ele>74.07</ele>
      </trkpt>
      <trkpt lat="52.277220552787185" lon="5.852862624451518">
        <ele>74.19</ele>
      </trkpt>
      <trkpt lat="52.2772058006376" lon="5.853006122633815">
        <ele>74.2</ele>
      </trkpt>
      <trkpt lat="52.27718995884061" lon="5.853159930557013">
        <ele>74.15</ele>
      </trkpt>
      <trkpt lat="52.2771714348346" lon="5.853367717936635">
        <ele>74.09</ele>
      </trkpt>
      <trkpt lat="52.27710077539086" lon="5.854161903262138">
        <ele>73.9</ele>
      </trkpt>
      <trkpt lat="52.277055848389864" lon="5.8546666614711285">
        <ele>73.82</ele>
      </trkpt>
      <trkpt lat="52.27704931050539" lon="5.854739332571626">
        <ele>73.78</ele>
      </trkpt>
      <trkpt lat="52.27703648619354" lon="5.854883333668113">
        <ele>73.65</ele>
      </trkpt>
      <trkpt lat="52.27700438350439" lon="5.855244090780616">
        <ele>73.22</ele>
      </trkpt>
      <trkpt lat="52.27697219699621" lon="5.855606272816658">
        <ele>72.83</ele>
      </trkpt>
      <trkpt lat="52.27692718617618" lon="5.856110947206616">
        <ele>72.18</ele>
      </trkpt>
      <trkpt lat="52.276907907798886" lon="5.856327703222632">
        <ele>71.97</ele>
      </trkpt>
      <trkpt lat="52.276895083487034" lon="5.8564717043191195">
        <ele>71.88</ele>
      </trkpt>
      <trkpt lat="52.276856526732445" lon="5.85690513253212">
        <ele>71.66</ele>
      </trkpt>
      <trkpt lat="52.27684370242059" lon="5.857049133628607">
        <ele>71.57</ele>
      </trkpt>
      <trkpt lat="52.27679860778153" lon="5.857555316761136">
        <ele>71.14</ele>
      </trkpt>
      <trkpt lat="52.27676650509238" lon="5.857916073873639">
        <ele>70.9</ele>
      </trkpt>
      <trkpt lat="52.27672149427235" lon="5.858422257006168">
        <ele>70.65</ele>
      </trkpt>
      <trkpt lat="52.276683021336794" lon="5.8588542602956295">
        <ele>70.39</ele>
      </trkpt>
      <trkpt lat="52.27666365914047" lon="5.859070932492614">
        <ele>70.32</ele>
      </trkpt>
      <trkpt lat="52.27664438076317" lon="5.85928768850863">
        <ele>70.3</ele>
      </trkpt>
      <trkpt lat="52.27662996388972" lon="5.859449962154031">
        <ele>70.15</ele>
      </trkpt>
      <trkpt lat="52.276604399085045" lon="5.859719272702932">
        <ele>69.91</ele>
      </trkpt>
      <trkpt lat="52.276583863422275" lon="5.8599356934428215">
        <ele>69.73</ele>
      </trkpt>
      <trkpt lat="52.276460733264685" lon="5.861232792958617">
        <ele>68.86</ele>
      </trkpt>
      <trkpt lat="52.27644044905901" lon="5.861446280032396">
        <ele>68.7</ele>
      </trkpt>
      <trkpt lat="52.27642670273781" lon="5.861591538414359">
        <ele>68.56</ele>
      </trkpt>
      <trkpt lat="52.27638563141227" lon="5.862024379894137">
        <ele>68.08</ele>
      </trkpt>
      <trkpt lat="52.2763650957495" lon="5.8622408006340265">
        <ele>67.87</ele>
      </trkpt>
      <trkpt lat="52.27632427588105" lon="5.862670708447695">
        <ele>67.34</ele>
      </trkpt>
      <trkpt lat="52.276283372193575" lon="5.863102041184902">
        <ele>66.94</ele>
      </trkpt>
      <trkpt lat="52.27622888982296" lon="5.863675782456994">
        <ele>66.47</ele>
      </trkpt>
      <trkpt lat="52.27620156481862" lon="5.86396336555481">
        <ele>66.26</ele>
      </trkpt>
      <trkpt lat="52.276167534291744" lon="5.8643221110105515">
        <ele>66.04</ele>
      </trkpt>
      <trkpt lat="52.276146998628974" lon="5.864538531750441">
        <ele>65.84</ele>
      </trkpt>
      <trkpt lat="52.276133336126804" lon="5.864682365208864">
        <ele>65.66</ele>
      </trkpt>
      <trkpt lat="52.2761198412627" lon="5.864824689924717">
        <ele>65.45</ele>
      </trkpt>
      <trkpt lat="52.27607893757522" lon="5.865256022661924">
        <ele>64.68</ele>
      </trkpt>
      <trkpt lat="52.27604482322931" lon="5.865614851936698">
        <ele>64.09</ele>
      </trkpt>
      <trkpt lat="52.27603116072714" lon="5.86575860157609">
        <ele>63.9</ele>
      </trkpt>
      <trkpt lat="52.276017582044005" lon="5.8659024350345135">
        <ele>63.77</ele>
      </trkpt>
      <trkpt lat="52.27601062506437" lon="5.865975022315979">
        <ele>63.73</ele>
      </trkpt>
      <trkpt lat="52.27599713020027" lon="5.866117347031832">
        <ele>63.7</ele>
      </trkpt>
      <trkpt lat="52.2759834676981" lon="5.866261180490255">
        <ele>63.74</ele>
      </trkpt>
      <trkpt lat="52.27596988901496" lon="5.866404930129647">
        <ele>63.82</ele>
      </trkpt>
      <trkpt lat="52.27596293203533" lon="5.8664776012301445">
        <ele>63.88</ele>
      </trkpt>
      <trkpt lat="52.27594935335219" lon="5.866621350869536">
        <ele>64.05</ele>
      </trkpt>
      <trkpt lat="52.27593996562064" lon="5.866719922050834">
        <ele>64.19</ele>
      </trkpt>
      <trkpt lat="52.27593468502164" lon="5.86698311381042">
        <ele>64.56</ele>
      </trkpt>
      <trkpt lat="52.2759332600981" lon="5.867055114358664">
        <ele>64.64</ele>
      </trkpt>
      <trkpt lat="52.27593175135553" lon="5.867128539830446">
        <ele>64.69</ele>
      </trkpt>
      <trkpt lat="52.27593032643199" lon="5.86720054037869">
        <ele>64.7</ele>
      </trkpt>
      <trkpt lat="52.27592999115586" lon="5.867219986394048">
        <ele>64.69</ele>
      </trkpt>
      <trkpt lat="52.27593376301229" lon="5.867273630574346">
        <ele>64.67</ele>
      </trkpt>
      <trkpt lat="52.275938875973225" lon="5.867345128208399">
        <ele>64.62</ele>
      </trkpt>
      <trkpt lat="52.27595957927406" lon="5.867634220048785">
        <ele>64.33</ele>
      </trkpt>
      <trkpt lat="52.275979947298765" lon="5.867919959127903">
        <ele>64.13</ele>
      </trkpt>
      <trkpt lat="52.275992603972554" lon="5.867992462590337">
        <ele>64.09</ele>
      </trkpt>
      <trkpt lat="52.275997465476394" lon="5.868020709604025">
        <ele>64.11</ele>
      </trkpt>
      <trkpt lat="52.27601992897689" lon="5.86814995855093">
        <ele>63.75</ele>
      </trkpt>
      <trkpt lat="52.27602663449943" lon="5.86814752779901">
        <ele>63.75</ele>
      </trkpt>
      <trkpt lat="52.276114309206605" lon="5.868115006014705">
        <ele>63.33</ele>
      </trkpt>
      <trkpt lat="52.276289742439985" lon="5.868050046265125">
        <ele>62.37</ele>
      </trkpt>
      <trkpt lat="52.276508174836636" lon="5.86796916089952">
        <ele>61.11</ele>
      </trkpt>
      <trkpt lat="52.27659584954381" lon="5.867936639115214">
        <ele>60.64</ele>
      </trkpt>
      <trkpt lat="52.2767274454236" lon="5.867887940257788">
        <ele>59.99</ele>
      </trkpt>
      <trkpt lat="52.276858957484365" lon="5.867839241400361">
        <ele>59.39</ele>
      </trkpt>
      <trkpt lat="52.27694671601057" lon="5.8678067196160555">
        <ele>59.05</ele>
      </trkpt>
      <trkpt lat="52.277077389881015" lon="5.867758356034756">
        <ele>58.63</ele>
      </trkpt>
      <trkpt lat="52.277208901941776" lon="5.867709573358297">
        <ele>58.33</ele>
      </trkpt>
      <trkpt lat="52.27729666046798" lon="5.8676771353930235">
        <ele>58.18</ele>
      </trkpt>
      <trkpt lat="52.2773699183017" lon="5.867649978026748">
        <ele>58.11</ele>
      </trkpt>
      <trkpt lat="52.27738416753709" lon="5.867643440142274">
        <ele>58.1</ele>
      </trkpt>
      <trkpt lat="52.27742741815746" lon="5.867623575031757">
        <ele>58.09</ele>
      </trkpt>
      <trkpt lat="52.2775131650269" lon="5.867584180086851">
        <ele>58.14</ele>
      </trkpt>
      <trkpt lat="52.27760058827698" lon="5.867543946951628">
        <ele>58.24</ele>
      </trkpt>
      <trkpt lat="52.27777292020619" lon="5.867464821785688">
        <ele>58.54</ele>
      </trkpt>
      <trkpt lat="52.278119176626205" lon="5.867305733263493">
        <ele>59.27</ele>
      </trkpt>
      <trkpt lat="52.27833475917578" lon="5.867206659168005">
        <ele>59.89</ele>
      </trkpt>
      <trkpt lat="52.27842134423554" lon="5.86716684512794">
        <ele>60.1</ele>
      </trkpt>
      <trkpt lat="52.27847993373871" lon="5.8671399392187595">
        <ele>60.19</ele>
      </trkpt>
      <trkpt lat="52.27855277247727" lon="5.867118565365672">
        <ele>60.31</ele>
      </trkpt>
      <trkpt lat="52.27864991873503" lon="5.867089983075857">
        <ele>60.38</ele>
      </trkpt>
      <trkpt lat="52.27881998755038" lon="5.8670790027827024">
        <ele>60.48</ele>
      </trkpt>
      <trkpt lat="52.27890984155238" lon="5.867073219269514">
        <ele>60.5</ele>
      </trkpt>
      <trkpt lat="52.27895996533334" lon="5.867069950327277">
        <ele>60.49</ele>
      </trkpt>
      <trkpt lat="52.278999695554376" lon="5.867073722183704">
        <ele>60.49</ele>
      </trkpt>
      <trkpt lat="52.27917923592031" lon="5.8670904859900475">
        <ele>60.39</ele>
      </trkpt>
      <trkpt lat="52.27927998639643" lon="5.867099957540631">
        <ele>60.23</ele>
      </trkpt>
      <trkpt lat="52.279358776286244" lon="5.867090318351984">
        <ele>60.11</ele>
      </trkpt>
      <trkpt lat="52.27962783537805" lon="5.86705737747252">
        <ele>59.77</ele>
      </trkpt>
      <trkpt lat="52.27976999245584" lon="5.867039943113923">
        <ele>59.56</ele>
      </trkpt>
      <trkpt lat="52.27989555336535" lon="5.867062406614423">
        <ele>59.39</ele>
      </trkpt>
      <trkpt lat="52.28032998740673" lon="5.8671399392187595">
        <ele>58.82</ele>
      </trkpt>
      <trkpt lat="52.28034172207117" lon="5.867139017209411">
        <ele>58.81</ele>
      </trkpt>
      <trkpt lat="52.28047558106482" lon="5.867128372192383">
        <ele>58.67</ele>
      </trkpt>
      <trkpt lat="52.280655205249786" lon="5.867114122956991">
        <ele>58.59</ele>
      </trkpt>
      <trkpt lat="52.280833991244435" lon="5.867099957540631">
        <ele>58.56</ele>
      </trkpt>
      <trkpt lat="52.2809599712491" lon="5.867089983075857">
        <ele>58.57</ele>
      </trkpt>
      <trkpt lat="52.281400775536895" lon="5.866884542629123">
        <ele>58.65</ele>
      </trkpt>
      <trkpt lat="52.281487276777625" lon="5.866844225674868">
        <ele>58.63</ele>
      </trkpt>
      <trkpt lat="52.281573778018355" lon="5.866803992539644">
        <ele>58.58</ele>
      </trkpt>
      <trkpt lat="52.281660279259086" lon="5.866763675585389">
        <ele>58.45</ele>
      </trkpt>
      <trkpt lat="52.28174585849047" lon="5.866723777726293">
        <ele>58.24</ele>
      </trkpt>
      <trkpt lat="52.28183998726308" lon="5.8666799403727055">
        <ele>57.65</ele>
      </trkpt>
      <trkpt lat="52.28191902860999" lon="5.86669092066586">
        <ele>57.18</ele>
      </trkpt>
      <trkpt lat="52.282052552327514" lon="5.866709360852838">
        <ele>56.49</ele>
      </trkpt>
      <trkpt lat="52.28231783956289" lon="5.866746157407761">
        <ele>55.29</ele>
      </trkpt>
      <trkpt lat="52.28262696415186" lon="5.8667889051139355">
        <ele>53.85</ele>
      </trkpt>
      <trkpt lat="52.283202297985554" lon="5.866868617013097">
        <ele>51.05</ele>
      </trkpt>
      <trkpt lat="52.28333489969373" lon="5.8668869733810425">
        <ele>50.44</ele>
      </trkpt>
      <trkpt lat="52.2834675014019" lon="5.866905329748988">
        <ele>49.87</ele>
      </trkpt>
      <trkpt lat="52.28360194712877" lon="5.866923937574029">
        <ele>49.34</ele>
      </trkpt>
      <trkpt lat="52.28382599540055" lon="5.866954950615764">
        <ele>48.32</ele>
      </trkpt>
      <trkpt lat="52.284005200490355" lon="5.866979761049151">
        <ele>47.58</ele>
      </trkpt>
      <trkpt lat="52.28409480303526" lon="5.866992166265845">
        <ele>47.26</ele>
      </trkpt>
      <trkpt lat="52.28422924876213" lon="5.867010774090886">
        <ele>46.86</ele>
      </trkpt>
      <trkpt lat="52.284318851307034" lon="5.86702317930758">
        <ele>46.67</ele>
      </trkpt>
      <trkpt lat="52.28449805639684" lon="5.867047989740968">
        <ele>46.36</ele>
      </trkpt>
      <trkpt lat="52.28454281575978" lon="5.867054192349315">
        <ele>46.26</ele>
      </trkpt>
      <trkpt lat="52.284587658941746" lon="5.867060394957662">
        <ele>46.12</ele>
      </trkpt>
      <trkpt lat="52.28463250212371" lon="5.867066597566009">
        <ele>45.93</ele>
      </trkpt>
      <trkpt lat="52.28467726148665" lon="5.8670728001743555">
        <ele>45.71</ele>
      </trkpt>
      <trkpt lat="52.28472210466862" lon="5.8670790027827024">
        <ele>45.46</ele>
      </trkpt>
      <trkpt lat="52.28485562838614" lon="5.8670975267887115">
        <ele>44.65</ele>
      </trkpt>
      <trkpt lat="52.284900387749076" lon="5.8671037293970585">
        <ele>44.41</ele>
      </trkpt>
      <trkpt lat="52.284945230931044" lon="5.867109932005405">
        <ele>44.21</ele>
      </trkpt>
      <trkpt lat="52.28498999029398" lon="5.867116134613752">
        <ele>44.05</ele>
      </trkpt>
      <trkpt lat="52.28503483347595" lon="5.867122337222099">
        <ele>43.95</ele>
      </trkpt>
      <trkpt lat="52.28507959283888" lon="5.867128539830446">
        <ele>43.91</ele>
      </trkpt>
      <trkpt lat="52.28512443602085" lon="5.867134742438793">
        <ele>43.92</ele>
      </trkpt>
      <trkpt lat="52.28516919538379" lon="5.86714094504714">
        <ele>44.0</ele>
      </trkpt>
      <trkpt lat="52.285214038565755" lon="5.867147147655487">
        <ele>44.13</ele>
      </trkpt>
      <trkpt lat="52.28525888174772" lon="5.867153350263834">
        <ele>44.31</ele>
      </trkpt>
      <trkpt lat="52.285348484292626" lon="5.867165755480528">
        <ele>44.77</ele>
      </trkpt>
      <trkpt lat="52.285527689382434" lon="5.867190565913916">
        <ele>45.83</ele>
      </trkpt>
      <trkpt lat="52.28557244874537" lon="5.867196768522263">
        <ele>46.08</ele>
      </trkpt>
      <trkpt lat="52.28561729192734" lon="5.8672029711306095">
        <ele>46.3</ele>
      </trkpt>
      <trkpt lat="52.285662135109305" lon="5.8672091737389565">
        <ele>46.49</ele>
      </trkpt>
      <trkpt lat="52.28575173765421" lon="5.86722157895565">
        <ele>46.81</ele>
      </trkpt>
      <trkpt lat="52.28602054528892" lon="5.867258794605732">
        <ele>47.59</ele>
      </trkpt>
      <trkpt lat="52.286110147833824" lon="5.867271199822426">
        <ele>47.93</ele>
      </trkpt>
      <trkpt lat="52.28615499101579" lon="5.867277402430773">
        <ele>48.13</ele>
      </trkpt>
      <trkpt lat="52.28624367155135" lon="5.867289723828435">
        <ele>48.57</ele>
      </trkpt>
      <trkpt lat="52.28633327409625" lon="5.867302129045129">
        <ele>49.08</ele>
      </trkpt>
      <trkpt lat="52.28651247918606" lon="5.867326939478517">
        <ele>50.24</ele>
      </trkpt>
      <trkpt lat="52.286557322368026" lon="5.8673331420868635">
        <ele>50.49</ele>
      </trkpt>
      <trkpt lat="52.28660208173096" lon="5.8673393446952105">
        <ele>50.65</ele>
      </trkpt>
      <trkpt lat="52.28664692491293" lon="5.867345547303557">
        <ele>50.7</ele>
      </trkpt>
      <trkpt lat="52.2866917680949" lon="5.867351749911904">
        <ele>50.63</ele>
      </trkpt>
      <trkpt lat="52.28673652745783" lon="5.867357952520251">
        <ele>50.44</ele>
      </trkpt>
      <trkpt lat="52.2867813706398" lon="5.867364155128598">
        <ele>50.19</ele>
      </trkpt>
      <trkpt lat="52.286870973184705" lon="5.867376560345292">
        <ele>49.63</ele>
      </trkpt>
      <trkpt lat="52.28691573254764" lon="5.867382762953639">
        <ele>49.39</ele>
      </trkpt>
      <trkpt lat="52.28696057572961" lon="5.867388965561986">
        <ele>49.2</ele>
      </trkpt>
      <trkpt lat="52.287005335092545" lon="5.867395168170333">
        <ele>49.06</ele>
      </trkpt>
      <trkpt lat="52.28705017827451" lon="5.86740137077868">
        <ele>48.97</ele>
      </trkpt>
      <trkpt lat="52.28709502145648" lon="5.867407573387027">
        <ele>48.93</ele>
      </trkpt>
      <trkpt lat="52.287139780819416" lon="5.867413775995374">
        <ele>48.92</ele>
      </trkpt>
      <trkpt lat="52.287184624001384" lon="5.867419978603721">
        <ele>48.94</ele>
      </trkpt>
      <trkpt lat="52.287318985909224" lon="5.8674385864287615">
        <ele>49.11</ele>
      </trkpt>
      <trkpt lat="52.28736382909119" lon="5.867444789037108">
        <ele>49.13</ele>
      </trkpt>
      <trkpt lat="52.28740858845413" lon="5.867450991645455">
        <ele>49.09</ele>
      </trkpt>
      <trkpt lat="52.287453431636095" lon="5.867457194253802">
        <ele>48.97</ele>
      </trkpt>
      <trkpt lat="52.28749827481806" lon="5.867463396862149">
        <ele>48.76</ele>
      </trkpt>
      <trkpt lat="52.287543034181" lon="5.867469599470496">
        <ele>48.48</ele>
      </trkpt>
      <trkpt lat="52.2876326367259" lon="5.86748200468719">
        <ele>47.81</ele>
      </trkpt>
      <trkpt lat="52.28767655789852" lon="5.867488123476505">
        <ele>47.5</ele>
      </trkpt>
      <trkpt lat="52.28772047907114" lon="5.867494158446789">
        <ele>47.26</ele>
      </trkpt>
      <trkpt lat="52.287765238434076" lon="5.867500361055136">
        <ele>47.09</ele>
      </trkpt>
      <trkpt lat="52.287810081616044" lon="5.867506563663483">
        <ele>47.01</ele>
      </trkpt>
      <trkpt lat="52.28785492479801" lon="5.86751276627183">
        <ele>47.01</ele>
      </trkpt>
      <trkpt lat="52.28789968416095" lon="5.8675189688801765">
        <ele>47.09</ele>
      </trkpt>
      <trkpt lat="52.28794536553323" lon="5.867525339126587">
        <ele>47.23</ele>
      </trkpt>
      <trkpt lat="52.2879902087152" lon="5.867531541734934">
        <ele>47.42</ele>
      </trkpt>
      <trkpt lat="52.288078889250755" lon="5.867543779313564">
        <ele>47.86</ele>
      </trkpt>
      <trkpt lat="52.28812373243272" lon="5.867549981921911">
        <ele>48.06</ele>
      </trkpt>
      <trkpt lat="52.28816849179566" lon="5.867556184530258">
        <ele>48.21</ele>
      </trkpt>
      <trkpt lat="52.28821333497763" lon="5.867562387138605">
        <ele>48.31</ele>
      </trkpt>
      <trkpt lat="52.288258178159595" lon="5.867568589746952">
        <ele>48.35</ele>
      </trkpt>
      <trkpt lat="52.28830293752253" lon="5.867574792355299">
        <ele>48.32</ele>
      </trkpt>
      <trkpt lat="52.28833998553455" lon="5.867579989135265">
        <ele>48.23</ele>
      </trkpt>
      <trkpt lat="52.2883477807045" lon="5.867581078782678">
        <ele>48.23</ele>
      </trkpt>
      <trkpt lat="52.288392540067434" lon="5.867587700486183">
        <ele>48.08</ele>
      </trkpt>
      <trkpt lat="52.28843729943037" lon="5.867594322189689">
        <ele>47.89</ele>
      </trkpt>
      <trkpt lat="52.28857258334756" lon="5.867614271119237">
        <ele>47.23</ele>
      </trkpt>
      <trkpt lat="52.288617342710495" lon="5.8676208928227425">
        <ele>47.03</ele>
      </trkpt>
      <trkpt lat="52.28866210207343" lon="5.867627430707216">
        <ele>46.85</ele>
      </trkpt>
      <trkpt lat="52.288751704618335" lon="5.867640674114227">
        <ele>46.57</ele>
      </trkpt>
      <trkpt lat="52.28884130716324" lon="5.867653833702207">
        <ele>46.39</ele>
      </trkpt>
      <trkpt lat="52.28893082588911" lon="5.867667077109218">
        <ele>46.29</ele>
      </trkpt>
      <trkpt lat="52.289020428434014" lon="5.867680236697197">
        <ele>46.28</ele>
      </trkpt>
      <trkpt lat="52.289109947159886" lon="5.867693480104208">
        <ele>46.36</ele>
      </trkpt>
      <trkpt lat="52.28919862769544" lon="5.867706555873156">
        <ele>46.5</ele>
      </trkpt>
      <trkpt lat="52.289288230240345" lon="5.867719715461135">
        <ele>46.7</ele>
      </trkpt>
      <trkpt lat="52.289422592148185" lon="5.8677395805716515">
        <ele>47.08</ele>
      </trkpt>
      <trkpt lat="52.28946735151112" lon="5.867746202275157">
        <ele>47.18</ele>
      </trkpt>
      <trkpt lat="52.28951211087406" lon="5.867752740159631">
        <ele>47.24</ele>
      </trkpt>
      <trkpt lat="52.289556954056025" lon="5.867759361863136">
        <ele>47.27</ele>
      </trkpt>
      <trkpt lat="52.289691315963864" lon="5.867779143154621">
        <ele>47.25</ele>
      </trkpt>
      <trkpt lat="52.2897360753268" lon="5.867785764858127">
        <ele>47.27</ele>
      </trkpt>
      <trkpt lat="52.289780834689736" lon="5.867792386561632">
        <ele>47.3</ele>
      </trkpt>
      <trkpt lat="52.28987043723464" lon="5.8678055461496115">
        <ele>47.44</ele>
      </trkpt>
      <trkpt lat="52.28995995596051" lon="5.8678187895566225">
        <ele>47.64</ele>
      </trkpt>
      <trkpt lat="52.290049558505416" lon="5.8678320329636335">
        <ele>47.89</ele>
      </trkpt>
      <trkpt lat="52.29049740359187" lon="5.8678979985415936">
        <ele>49.25</ele>
      </trkpt>
      <trkpt lat="52.290586084127426" lon="5.867911074310541">
        <ele>49.47</ele>
      </trkpt>
      <trkpt lat="52.2907652053982" lon="5.8679374773055315">
        <ele>49.86</ele>
      </trkpt>
      <trkpt lat="52.290854807943106" lon="5.8679507207125425">
        <ele>50.03</ele>
      </trkpt>
      <trkpt lat="52.29112344793975" lon="5.867990283295512">
        <ele>50.48</ele>
      </trkpt>
      <trkpt lat="52.29143785312772" lon="5.868036635220051">
        <ele>50.95</ele>
      </trkpt>
      <trkpt lat="52.29152653366327" lon="5.868049710988998">
        <ele>51.1</ele>
      </trkpt>
      <trkpt lat="52.29161613620818" lon="5.8680629543960094">
        <ele>51.28</ele>
      </trkpt>
      <trkpt lat="52.29170565493405" lon="5.868076113983989">
        <ele>51.49</ele>
      </trkpt>
      <trkpt lat="52.29179525747895" lon="5.868089357391">
        <ele>51.74</ele>
      </trkpt>
      <trkpt lat="52.291884860023856" lon="5.868102516978979">
        <ele>52.03</ele>
      </trkpt>
      <trkpt lat="52.29237478226423" lon="5.868174768984318">
        <ele>53.75</ele>
      </trkpt>
      <trkpt lat="52.29241954162717" lon="5.868181390687823">
        <ele>53.89</ele>
      </trkpt>
      <trkpt lat="52.29250914417207" lon="5.868194634094834">
        <ele>54.1</ele>
      </trkpt>
      <trkpt lat="52.29259782470763" lon="5.86820762604475">
        <ele>54.25</ele>
      </trkpt>
      <trkpt lat="52.292732102796435" lon="5.868227491155267">
        <ele>54.44</ele>
      </trkpt>
      <trkpt lat="52.292910385876894" lon="5.868253726512194">
        <ele>54.76</ele>
      </trkpt>
      <trkpt lat="52.2929999884218" lon="5.868266969919205">
        <ele>54.9</ele>
      </trkpt>
      <trkpt lat="52.29308950714767" lon="5.868280129507184">
        <ele>55.0</ele>
      </trkpt>
      <trkpt lat="52.293178187683225" lon="5.868293205276132">
        <ele>55.06</ele>
      </trkpt>
      <trkpt lat="52.29326779022813" lon="5.868306448683143">
        <ele>55.15</ele>
      </trkpt>
      <trkpt lat="52.29340123012662" lon="5.868326146155596">
        <ele>55.32</ele>
      </trkpt>
      <trkpt lat="52.29366903193295" lon="5.868365624919534">
        <ele>55.6</ele>
      </trkpt>
      <trkpt lat="52.29380339384079" lon="5.868385406211019">
        <ele>55.78</ele>
      </trkpt>
      <trkpt lat="52.29393683373928" lon="5.868405103683472">
        <ele>56.0</ele>
      </trkpt>
      <trkpt lat="52.29396994225681" lon="5.868409965187311">
        <ele>56.07</ele>
      </trkpt>
      <trkpt lat="52.29407161474228" lon="5.868413569405675">
        <ele>56.29</ele>
      </trkpt>
      <trkpt lat="52.29420555755496" lon="5.868418347090483">
        <ele>56.62</ele>
      </trkpt>
      <trkpt lat="52.29424998164177" lon="5.868419939652085">
        <ele>56.74</ele>
      </trkpt>
      <trkpt lat="52.294294657185674" lon="5.868406193330884">
        <ele>56.87</ele>
      </trkpt>
      <trkpt lat="52.29437998495996" lon="5.868379957973957">
        <ele>57.14</ele>
      </trkpt>
      <trkpt lat="52.294493727386" lon="5.868257414549589">
        <ele>57.57</ele>
      </trkpt>
      <trkpt lat="52.29450998827815" lon="5.868239980190992">
        <ele>57.62</ele>
      </trkpt>
      <trkpt lat="52.29454603046179" lon="5.868140822276473">
        <ele>57.83</ele>
      </trkpt>
      <trkpt lat="52.29461492970586" lon="5.867951223626733">
        <ele>58.13</ele>
      </trkpt>
      <trkpt lat="52.294629933312535" lon="5.867909984663129">
        <ele>58.18</ele>
      </trkpt>
      <trkpt lat="52.29470394551754" lon="5.867614187300205">
        <ele>58.55</ele>
      </trkpt>
      <trkpt lat="52.29470998048782" lon="5.8675899636000395">
        <ele>58.58</ele>
      </trkpt>
      <trkpt lat="52.294740406796336" lon="5.8674035500735044">
        <ele>58.87</ele>
      </trkpt>
      <trkpt lat="52.294798074290156" lon="5.867049749940634">
        <ele>59.43</ele>
      </trkpt>
      <trkpt lat="52.29487895965576" lon="5.8665538765490055">
        <ele>60.27</ele>
      </trkpt>
      <trkpt lat="52.294936710968614" lon="5.866200076416135">
        <ele>60.95</ele>
      </trkpt>
      <trkpt lat="52.29493997991085" lon="5.866179959848523">
        <ele>60.97</ele>
      </trkpt>
      <trkpt lat="52.29500728659332" lon="5.865929843857884">
        <ele>61.35</ele>
      </trkpt>
      <trkpt lat="52.29504316113889" lon="5.865796655416489">
        <ele>61.58</ele>
      </trkpt>
      <trkpt lat="52.295115664601326" lon="5.8655275125056505">
        <ele>62.14</ele>
      </trkpt>
      <trkpt lat="52.2952239587903" lon="5.865125097334385">
        <ele>63.11</ele>
      </trkpt>
      <trkpt lat="52.29525983333588" lon="5.864991825073957">
        <ele>63.41</ele>
      </trkpt>
      <trkpt lat="52.29528992436826" lon="5.864879926666617">
        <ele>63.62</ele>
      </trkpt>
      <trkpt lat="52.29536913335323" lon="5.864673228934407">
        <ele>64.05</ele>
      </trkpt>
      <trkpt lat="52.29546460323036" lon="5.864423951134086">
        <ele>64.62</ele>
      </trkpt>
      <trkpt lat="52.29546996764839" lon="5.864409953355789">
        <ele>64.64</ele>
      </trkpt>
      <trkpt lat="52.29552688077092" lon="5.864320518448949">
        <ele>64.87</ele>
      </trkpt>
      <trkpt lat="52.29560994543135" lon="5.864189928397536">
        <ele>65.13</ele>
      </trkpt>
      <trkpt lat="52.29562587104738" lon="5.8641710691154">
        <ele>65.18</ele>
      </trkpt>
      <trkpt lat="52.29577062651515" lon="5.863999156281352">
        <ele>65.63</ele>
      </trkpt>
      <trkpt lat="52.295842710882425" lon="5.863913577049971">
        <ele>65.81</ele>
      </trkpt>
      <trkpt lat="52.29598822072148" lon="5.8637407422065735">
        <ele>66.1</ele>
      </trkpt>
      <trkpt lat="52.296089977025986" lon="5.863619958981872">
        <ele>66.27</ele>
      </trkpt>
      <trkpt lat="52.296097772195935" lon="5.863612163811922">
        <ele>66.29</ele>
      </trkpt>
      <trkpt lat="52.29625049047172" lon="5.863459445536137">
        <ele>66.44</ele>
      </trkpt>
      <trkpt lat="52.29632995091379" lon="5.86337998509407">
        <ele>66.43</ele>
      </trkpt>
      <trkpt lat="52.296433970332146" lon="5.8633016142994165">
        <ele>66.43</ele>
      </trkpt>
      <trkpt lat="52.296663550660014" lon="5.863128863275051">
        <ele>66.32</ele>
      </trkpt>
      <trkpt lat="52.296785255894065" lon="5.8630371652543545">
        <ele>66.09</ele>
      </trkpt>
      <trkpt lat="52.296906961128116" lon="5.8629455510526896">
        <ele>65.92</ele>
      </trkpt>
      <trkpt lat="52.297111228108406" lon="5.8627918269485235">
        <ele>65.72</ele>
      </trkpt>
      <trkpt lat="52.29719211347401" lon="5.862730974331498">
        <ele>65.58</ele>
      </trkpt>
      <trkpt lat="52.29721994139254" lon="5.862709935754538">
        <ele>65.51</ele>
      </trkpt>
      <trkpt lat="52.29741205461323" lon="5.8626925852149725">
        <ele>65.08</ele>
      </trkpt>
      <trkpt lat="52.29759159497917" lon="5.862676408141851">
        <ele>64.74</ele>
      </trkpt>
      <trkpt lat="52.29768052697182" lon="5.862668361514807">
        <ele>64.54</ele>
      </trkpt>
      <trkpt lat="52.297815224155784" lon="5.862656207755208">
        <ele>64.2</ele>
      </trkpt>
      <trkpt lat="52.29812862351537" lon="5.862627876922488">
        <ele>63.32</ele>
      </trkpt>
      <trkpt lat="52.298218393698335" lon="5.862619746476412">
        <ele>63.11</ele>
      </trkpt>
      <trkpt lat="52.2983081638813" lon="5.862611616030335">
        <ele>62.97</ele>
      </trkpt>
      <trkpt lat="52.29835216887295" lon="5.862607676535845">
        <ele>62.93</ele>
      </trkpt>
      <trkpt lat="52.29839709587395" lon="5.8626036532223225">
        <ele>62.91</ele>
      </trkpt>
      <trkpt lat="52.29848686605692" lon="5.862595522776246">
        <ele>62.92</ele>
      </trkpt>
      <trkpt lat="52.298665568232536" lon="5.862579345703125">
        <ele>63.03</ele>
      </trkpt>
      <trkpt lat="52.29888911359012" lon="5.862559145316482">
        <ele>63.22</ele>
      </trkpt>
      <trkpt lat="52.29897896759212" lon="5.862551098689437">
        <ele>63.26</ele>
      </trkpt>
      <trkpt lat="52.29951591230929" lon="5.862502567470074">
        <ele>63.22</ele>
      </trkpt>
      <trkpt lat="52.29964884929359" lon="5.862490581348538">
        <ele>63.17</ele>
      </trkpt>
      <trkpt lat="52.29973861947656" lon="5.862482450902462">
        <ele>63.1</ele>
      </trkpt>
      <trkpt lat="52.29987331666052" lon="5.862470297142863">
        <ele>62.96</ele>
      </trkpt>
      <trkpt lat="52.30005285702646" lon="5.8624540362507105">
        <ele>62.71</ele>
      </trkpt>
      <trkpt lat="52.30018671602011" lon="5.8624419663101435">
        <ele>62.46</ele>
      </trkpt>
      <trkpt lat="52.300276486203074" lon="5.862433835864067">
        <ele>62.24</ele>
      </trkpt>
      <trkpt lat="52.300365418195724" lon="5.862425789237022">
        <ele>62.0</ele>
      </trkpt>
      <trkpt lat="52.30045518837869" lon="5.862417658790946">
        <ele>61.8</ele>
      </trkpt>
      <trkpt lat="52.30054495856166" lon="5.862409612163901">
        <ele>61.66</ele>
      </trkpt>
      <trkpt lat="52.30063389055431" lon="5.862401565536857">
        <ele>61.59</ele>
      </trkpt>
      <trkpt lat="52.300723660737276" lon="5.86239343509078">
        <ele>61.59</ele>
      </trkpt>
      <trkpt lat="52.300768587738276" lon="5.862389411777258">
        <ele>61.62</ele>
      </trkpt>
      <trkpt lat="52.30081343092024" lon="5.862385304644704">
        <ele>61.67</ele>
      </trkpt>
      <trkpt lat="52.300901440903544" lon="5.862377425655723">
        <ele>61.83</ele>
      </trkpt>
      <trkpt lat="52.30103613808751" lon="5.862365188077092">
        <ele>62.22</ele>
      </trkpt>
      <trkpt lat="52.30125976726413" lon="5.862344987690449">
        <ele>62.95</ele>
      </trkpt>
      <trkpt lat="52.301349537447095" lon="5.862336941063404">
        <ele>63.22</ele>
      </trkpt>
      <trkpt lat="52.30143930763006" lon="5.862328810617328">
        <ele>63.46</ele>
      </trkpt>
      <trkpt lat="52.30157316662371" lon="5.862316740676761">
        <ele>63.7</ele>
      </trkpt>
      <trkpt lat="52.30166293680668" lon="5.862308610230684">
        <ele>63.81</ele>
      </trkpt>
      <trkpt lat="52.301752706989646" lon="5.862300479784608">
        <ele>63.88</ele>
      </trkpt>
      <trkpt lat="52.301886482164264" lon="5.862288409844041">
        <ele>63.92</ele>
      </trkpt>
      <trkpt lat="52.301979940384626" lon="5.862279944121838">
        <ele>63.9</ele>
      </trkpt>
      <trkpt lat="52.30223961174488" lon="5.8623438980430365">
        <ele>63.88</ele>
      </trkpt>
      <trkpt lat="52.30232854373753" lon="5.862365858629346">
        <ele>63.94</ele>
      </trkpt>
      <trkpt lat="52.30246189981699" lon="5.862398715689778">
        <ele>64.06</ele>
      </trkpt>
      <trkpt lat="52.30254990980029" lon="5.862420424818993">
        <ele>64.07</ele>
      </trkpt>
      <trkpt lat="52.302815867587924" lon="5.862485887482762">
        <ele>63.95</ele>
      </trkpt>
      <trkpt lat="52.302992809563875" lon="5.862529473379254">
        <ele>63.78</ele>
      </trkpt>
      <trkpt lat="52.303080819547176" lon="5.862551182508469">
        <ele>63.73</ele>
      </trkpt>
      <trkpt lat="52.30352279730141" lon="5.862660063430667">
        <ele>63.65</ele>
      </trkpt>
      <trkpt lat="52.303655315190554" lon="5.862692752853036">
        <ele>63.67</ele>
      </trkpt>
      <trkpt lat="52.303876765072346" lon="5.862747319042683">
        <ele>63.8</ele>
      </trkpt>
      <trkpt lat="52.30409821495414" lon="5.862801801413298">
        <ele>63.98</ele>
      </trkpt>
      <trkpt lat="52.30436316691339" lon="5.862867096439004">
        <ele>64.12</ele>
      </trkpt>
      <trkpt lat="52.30454019270837" lon="5.862910766154528">
        <ele>64.19</ele>
      </trkpt>
      <trkpt lat="52.304628202691674" lon="5.86293239146471">
        <ele>64.25</ele>
      </trkpt>
      <trkpt lat="52.304849652573466" lon="5.862986957654357">
        <ele>64.47</ele>
      </trkpt>
      <trkpt lat="52.304894076660275" lon="5.862997937947512">
        <ele>64.5</ele>
      </trkpt>
      <trkpt lat="52.30498217046261" lon="5.863019647076726">
        <ele>64.52</ele>
      </trkpt>
      <trkpt lat="52.30515911243856" lon="5.863063232973218">
        <ele>64.52</ele>
      </trkpt>
      <trkpt lat="52.30524804443121" lon="5.863085109740496">
        <ele>64.56</ele>
      </trkpt>
      <trkpt lat="52.30533605441451" lon="5.86310681886971">
        <ele>64.65</ele>
      </trkpt>
      <trkpt lat="52.305513080209494" lon="5.863150404766202">
        <ele>64.9</ele>
      </trkpt>
      <trkpt lat="52.305734446272254" lon="5.863204970955849">
        <ele>65.13</ele>
      </trkpt>
      <trkpt lat="52.30591055005789" lon="5.863248389214277">
        <ele>65.34</ele>
      </trkpt>
      <trkpt lat="52.30611992999911" lon="5.863299937918782">
        <ele>65.48</ele>
      </trkpt>
      <trkpt lat="52.30613141320646" lon="5.863306811079383">
        <ele>65.49</ele>
      </trkpt>
      <trkpt lat="52.30621992610395" lon="5.8633599523454905">
        <ele>65.6</ele>
      </trkpt>
      <trkpt lat="52.306373063474894" lon="5.863615181297064">
        <ele>65.88</ele>
      </trkpt>
      <trkpt lat="52.30642997659743" lon="5.863709980621934">
        <ele>65.98</ele>
      </trkpt>
      <trkpt lat="52.30643827468157" lon="5.863714087754488">
        <ele>65.98</ele>
      </trkpt>
      <trkpt lat="52.306522596627474" lon="5.863756248727441">
        <ele>66.04</ele>
      </trkpt>
      <trkpt lat="52.30660993605852" lon="5.8637999184429646">
        <ele>65.78</ele>
      </trkpt>
      <trkpt lat="52.306560315191746" lon="5.863572182133794">
        <ele>65.36</ele>
      </trkpt>
      <trkpt lat="52.30654522776604" lon="5.863502947613597">
        <ele>65.21</ele>
      </trkpt>
      <trkpt lat="52.30651496909559" lon="5.863364394754171">
        <ele>64.87</ele>
      </trkpt>
      <trkpt lat="52.30648479424417" lon="5.863225841894746">
        <ele>64.47</ele>
      </trkpt>
      <trkpt lat="52.306409273296595" lon="5.862879501655698">
        <ele>63.41</ele>
      </trkpt>
      <trkpt lat="52.30637934990227" lon="5.862742373719811">
        <ele>63.02</ele>
      </trkpt>
      <trkpt lat="52.30633375234902" lon="5.86253316141665">
        <ele>62.49</ele>
      </trkpt>
      <trkpt lat="52.306319922208786" lon="5.862469961866736">
        <ele>62.35</ele>
      </trkpt>
      <trkpt lat="52.306293016299605" lon="5.862403241917491">
        <ele>62.19</ele>
      </trkpt>
      <trkpt lat="52.306218668818474" lon="5.862219175323844">
        <ele>61.81</ele>
      </trkpt>
      <trkpt lat="52.3060947842896" lon="5.861912313848734">
        <ele>61.3</ele>
      </trkpt>
      <trkpt lat="52.30589998885989" lon="5.861429935321212">
        <ele>60.56</ele>
      </trkpt>
      <trkpt lat="52.30589739046991" lon="5.861420631408691">
        <ele>60.56</ele>
      </trkpt>
      <trkpt lat="52.30586025863886" lon="5.86128668859601">
        <ele>60.39</ele>
      </trkpt>
      <trkpt lat="52.30582304298878" lon="5.861152745783329">
        <ele>60.26</ele>
      </trkpt>
      <trkpt lat="52.30576738715172" lon="5.860951831564307">
        <ele>60.14</ele>
      </trkpt>
      <trkpt lat="52.30567451566458" lon="5.8606168907135725">
        <ele>60.03</ele>
      </trkpt>
      <trkpt lat="52.305600168183446" lon="5.86034900508821">
        <ele>59.92</ele>
      </trkpt>
      <trkpt lat="52.30556999333203" lon="5.860239956527948">
        <ele>59.85</ele>
      </trkpt>
      <trkpt lat="52.305424148216844" lon="5.859515508636832">
        <ele>59.46</ele>
      </trkpt>
      <trkpt lat="52.30539606884122" lon="5.859375782310963">
        <ele>59.41</ele>
      </trkpt>
      <trkpt lat="52.30528358370066" lon="5.858816960826516">
        <ele>59.26</ele>
      </trkpt>
      <trkpt lat="52.305239997804165" lon="5.858599953353405">
        <ele>59.28</ele>
      </trkpt>
      <trkpt lat="52.30519632808864" lon="5.858480343595147">
        <ele>59.3</ele>
      </trkpt>
      <trkpt lat="52.30512726120651" lon="5.858290828764439">
        <ele>59.28</ele>
      </trkpt>
      <trkpt lat="52.30494311079383" lon="5.8577854838222265">
        <ele>59.07</ele>
      </trkpt>
      <trkpt lat="52.30484998784959" lon="5.857529919594526">
        <ele>59.0</ele>
      </trkpt>
      <trkpt lat="52.304764576256275" lon="5.8573634549975395">
        <ele>58.96</ele>
      </trkpt>
      <trkpt lat="52.30470674112439" lon="5.857250802218914">
        <ele>58.95</ele>
      </trkpt>
      <trkpt lat="52.30464999563992" lon="5.857139993458986">
        <ele>58.95</ele>
      </trkpt>
      <trkpt lat="52.304557878524065" lon="5.856975456699729">
        <ele>58.97</ele>
      </trkpt>
      <trkpt lat="52.30446676723659" lon="5.856812680140138">
        <ele>58.95</ele>
      </trkpt>
      <trkpt lat="52.304163090884686" lon="5.856270287185907">
        <ele>58.72</ele>
      </trkpt>
      <trkpt lat="52.304102405905724" lon="5.856161825358868">
        <ele>58.65</ele>
      </trkpt>
      <trkpt lat="52.30395060963929" lon="5.855890586972237">
        <ele>58.43</ele>
      </trkpt>
      <trkpt lat="52.30388984084129" lon="5.855782125145197">
        <ele>58.38</ele>
      </trkpt>
      <trkpt lat="52.30367794632912" lon="5.8554035145789385">
        <ele>58.34</ele>
      </trkpt>
      <trkpt lat="52.30361994355917" lon="5.85529999807477">
        <ele>58.2</ele>
      </trkpt>
      <trkpt lat="52.30357887223363" lon="5.855163289234042">
        <ele>58.06</ele>
      </trkpt>
      <trkpt lat="52.30351936072111" lon="5.854965392500162">
        <ele>57.9</ele>
      </trkpt>
      <trkpt lat="52.30347963050008" lon="5.85483337752521">
        <ele>57.84</ele>
      </trkpt>
      <trkpt lat="52.303380807861686" lon="5.854504806920886">
        <ele>57.81</ele>
      </trkpt>
      <trkpt lat="52.30334107764065" lon="5.854372791945934">
        <ele>57.73</ele>
      </trkpt>
      <trkpt lat="52.303281566128135" lon="5.8541748113930225">
        <ele>57.56</ele>
      </trkpt>
      <trkpt lat="52.30324225500226" lon="5.85404422134161">
        <ele>57.47</ele>
      </trkpt>
      <trkpt lat="52.30320260860026" lon="5.853912206366658">
        <ele>57.4</ele>
      </trkpt>
      <trkpt lat="52.30314301326871" lon="5.853714309632778">
        <ele>57.36</ele>
      </trkpt>
      <trkpt lat="52.30306405574083" lon="5.853451620787382">
        <ele>57.35</ele>
      </trkpt>
      <trkpt lat="52.30288543738425" lon="5.852857762947679">
        <ele>57.44</ele>
      </trkpt>
      <trkpt lat="52.30276674963534" lon="5.852463226765394">
        <ele>57.43</ele>
      </trkpt>
      <trkpt lat="52.30270723812282" lon="5.8522652462124825">
        <ele>57.46</ele>
      </trkpt>
      <trkpt lat="52.30264806188643" lon="5.852068606764078">
        <ele>57.52</ele>
      </trkpt>
      <trkpt lat="52.30258855037391" lon="5.851870626211166">
        <ele>57.62</ele>
      </trkpt>
      <trkpt lat="52.302449997514486" lon="5.851409956812859">
        <ele>57.93</ele>
      </trkpt>
      <trkpt lat="52.3023733869195" lon="5.851145591586828">
        <ele>58.14</ele>
      </trkpt>
      <trkpt lat="52.30233483016491" lon="5.851012654602528">
        <ele>58.22</ele>
      </trkpt>
      <trkpt lat="52.30223894119263" lon="5.850681737065315">
        <ele>58.31</ele>
      </trkpt>
      <trkpt lat="52.302143052220345" lon="5.850350819528103">
        <ele>58.5</ele>
      </trkpt>
      <trkpt lat="52.30210457928479" lon="5.850217882543802">
        <ele>58.53</ele>
      </trkpt>
      <trkpt lat="52.3020279686898" lon="5.84995343349874">
        <ele>58.53</ele>
      </trkpt>
      <trkpt lat="52.301970552653074" lon="5.849755369126797">
        <ele>58.57</ele>
      </trkpt>
      <trkpt lat="52.30193207971752" lon="5.849622515961528">
        <ele>58.62</ele>
      </trkpt>
      <trkpt lat="52.30187466368079" lon="5.849424451589584">
        <ele>58.74</ele>
      </trkpt>
      <trkpt lat="52.301836190745234" lon="5.8492915984243155">
        <ele>58.8</ele>
      </trkpt>
      <trkpt lat="52.30170216411352" lon="5.84882908500731">
        <ele>58.88</ele>
      </trkpt>
      <trkpt lat="52.301452634856105" lon="5.847967844456434">
        <ele>59.18</ele>
      </trkpt>
      <trkpt lat="52.30139530263841" lon="5.8477698639035225">
        <ele>59.28</ele>
      </trkpt>
      <trkpt lat="52.301280135288835" lon="5.84737247787416">
        <ele>59.58</ele>
      </trkpt>
      <trkpt lat="52.301241997629404" lon="5.847240881994367">
        <ele>59.64</ele>
      </trkpt>
      <trkpt lat="52.30118424631655" lon="5.847041476517916">
        <ele>59.64</ele>
      </trkpt>
      <trkpt lat="52.30105021968484" lon="5.84657896310091">
        <ele>59.48</ele>
      </trkpt>
      <trkpt lat="52.301009986549616" lon="5.846439991146326">
        <ele>59.36</ele>
      </trkpt>
      <trkpt lat="52.300974698737264" lon="5.846320213750005">
        <ele>59.28</ele>
      </trkpt>
      <trkpt lat="52.30082214809954" lon="5.845802128314972">
        <ele>59.14</ele>
      </trkpt>
      <trkpt lat="52.30076523497701" lon="5.845608673989773">
        <ele>59.13</ele>
      </trkpt>
      <trkpt lat="52.300727013498545" lon="5.845478754490614">
        <ele>59.16</ele>
      </trkpt>
      <trkpt lat="52.30068912729621" lon="5.845350259914994">
        <ele>59.22</ele>
      </trkpt>
      <trkpt lat="52.300631795078516" lon="5.845155464485288">
        <ele>59.35</ele>
      </trkpt>
      <trkpt lat="52.30057488195598" lon="5.8449620101600885">
        <ele>59.57</ele>
      </trkpt>
      <trkpt lat="52.30042233131826" lon="5.844443924725056">
        <ele>60.28</ele>
      </trkpt>
      <trkpt lat="52.30036533437669" lon="5.844250470399857">
        <ele>60.58</ele>
      </trkpt>
      <trkpt lat="52.30030842125416" lon="5.844057016074657">
        <ele>60.91</ele>
      </trkpt>
      <trkpt lat="52.3002112749964" lon="5.843727020546794">
        <ele>61.44</ele>
      </trkpt>
      <trkpt lat="52.30011412873864" lon="5.843397108837962">
        <ele>62.01</ele>
      </trkpt>
      <trkpt lat="52.30007548816502" lon="5.843265932053328">
        <ele>62.21</ele>
      </trkpt>
      <trkpt lat="52.30003651231527" lon="5.8431334141641855">
        <ele>62.39</ele>
      </trkpt>
      <trkpt lat="52.299939366057515" lon="5.842803502455354">
        <ele>62.8</ele>
      </trkpt>
      <trkpt lat="52.29986174963415" lon="5.842539807781577">
        <ele>63.1</ele>
      </trkpt>
      <trkpt lat="52.29979997500777" lon="5.842329924926162">
        <ele>63.27</ele>
      </trkpt>
      <trkpt lat="52.29978731833398" lon="5.842273849993944">
        <ele>63.32</ele>
      </trkpt>
      <trkpt lat="52.299740966409445" lon="5.842068241909146">
        <ele>63.44</ele>
      </trkpt>
      <trkpt lat="52.29964792728424" lon="5.841655684635043">
        <ele>63.56</ele>
      </trkpt>
      <trkpt lat="52.2995859850198" lon="5.841381177306175">
        <ele>63.67</ele>
      </trkpt>
      <trkpt lat="52.299569975584745" lon="5.841309931129217">
        <ele>63.68</ele>
      </trkpt>
      <trkpt lat="52.29955597780645" lon="5.841168528422713">
        <ele>63.7</ele>
      </trkpt>
      <trkpt lat="52.299513230100274" lon="5.84073593840003">
        <ele>63.5</ele>
      </trkpt>
      <trkpt lat="52.299499064683914" lon="5.840592188760638">
        <ele>63.46</ele>
      </trkpt>
      <trkpt lat="52.29948992840946" lon="5.840499987825751">
        <ele>63.46</ele>
      </trkpt>
      <trkpt lat="52.29945254512131" lon="5.839793058112264">
        <ele>63.47</ele>
      </trkpt>
      <trkpt lat="52.29944474995136" lon="5.839646542444825">
        <ele>63.49</ele>
      </trkpt>
      <trkpt lat="52.299437038600445" lon="5.8395015355199575">
        <ele>63.53</ele>
      </trkpt>
      <trkpt lat="52.29941784404218" lon="5.839138180017471">
        <ele>63.71</ele>
      </trkpt>
      <trkpt lat="52.2994099650532" lon="5.8389899879693985">
        <ele>63.77</ele>
      </trkpt>
      <trkpt lat="52.29944718070328" lon="5.838633589446545">
        <ele>63.92</ele>
      </trkpt>
      <trkpt lat="52.299469728022814" lon="5.838417587801814">
        <ele>63.96</ele>
      </trkpt>
      <trkpt lat="52.29947995394468" lon="5.838319938629866">
        <ele>63.96</ele>
      </trkpt>
      <trkpt lat="52.299478612840176" lon="5.838199909776449">
        <ele>63.96</ele>
      </trkpt>
      <trkpt lat="52.29947626590729" lon="5.837980806827545">
        <ele>63.93</ele>
      </trkpt>
      <trkpt lat="52.29947383515537" lon="5.837761787697673">
        <ele>63.86</ele>
      </trkpt>
      <trkpt lat="52.29946997947991" lon="5.837409999221563">
        <ele>63.7</ele>
      </trkpt>
      <trkpt lat="52.29947785846889" lon="5.83725200034678">
        <ele>63.64</ele>
      </trkpt>
      <trkpt lat="52.29949244298041" lon="5.836960393935442">
        <ele>63.48</ele>
      </trkpt>
      <trkpt lat="52.29951063171029" lon="5.836596870794892">
        <ele>63.2</ele>
      </trkpt>
      <trkpt lat="52.29951784014702" lon="5.836451780050993">
        <ele>63.15</ele>
      </trkpt>
      <trkpt lat="52.299539716914296" lon="5.836014999076724">
        <ele>63.08</ele>
      </trkpt>
      <trkpt lat="52.299546925351024" lon="5.835869908332825">
        <ele>63.09</ele>
      </trkpt>
      <trkpt lat="52.299565114080906" lon="5.835506385192275">
        <ele>63.18</ele>
      </trkpt>
      <trkpt lat="52.299586990848184" lon="5.835069604218006">
        <ele>63.13</ele>
      </trkpt>
      <trkpt lat="52.299589924514294" lon="5.835009925067425">
        <ele>63.12</ele>
      </trkpt>
      <trkpt lat="52.29959939606488" lon="5.834558308124542">
        <ele>63.12</ele>
      </trkpt>
      <trkpt lat="52.2995999827981" lon="5.834529977291822">
        <ele>63.12</ele>
      </trkpt>
      <trkpt lat="52.299613477662206" lon="5.8344148099422455">
        <ele>63.16</ele>
      </trkpt>
      <trkpt lat="52.29961993172765" lon="5.834359992295504">
        <ele>63.19</ele>
      </trkpt>
      <trkpt lat="52.29962387122214" lon="5.834343479946256">
        <ele>63.21</ele>
      </trkpt>
      <trkpt lat="52.29965605773032" lon="5.8342077769339085">
        <ele>63.34</ele>
      </trkpt>
      <trkpt lat="52.299688244238496" lon="5.834072073921561">
        <ele>63.54</ele>
      </trkpt>
      <trkpt lat="52.29975303635001" lon="5.833799242973328">
        <ele>64.03</ele>
      </trkpt>
      <trkpt lat="52.299759993329644" lon="5.833769990131259">
        <ele>64.07</ele>
      </trkpt>
      <trkpt lat="52.29976996779442" lon="5.8336699940264225">
        <ele>64.23</ele>
      </trkpt>
      <trkpt lat="52.29976158589125" lon="5.833586091175675">
        <ele>64.36</ele>
      </trkpt>
      <trkpt lat="52.29974716901779" lon="5.833442425355315">
        <ele>64.44</ele>
      </trkpt>
      <trkpt lat="52.299732668325305" lon="5.833297334611416">
        <ele>64.47</ele>
      </trkpt>
      <trkpt lat="52.299719927832484" lon="5.8331699296832085">
        <ele>64.43</ele>
      </trkpt>
      <trkpt lat="52.299719424918294" lon="5.8331534173339605">
        <ele>64.43</ele>
      </trkpt>
      <trkpt lat="52.29971280321479" lon="5.8329331409186125">
        <ele>64.28</ele>
      </trkpt>
      <trkpt lat="52.29970618151128" lon="5.832714289426804">
        <ele>64.07</ele>
      </trkpt>
      <trkpt lat="52.29969738051295" lon="5.83242192864418">
        <ele>63.73</ele>
      </trkpt>
      <trkpt lat="52.29968857951462" lon="5.832129651680589">
        <ele>63.44</ele>
      </trkpt>
      <trkpt lat="52.29967315681279" lon="5.831618523225188">
        <ele>62.89</ele>
      </trkpt>
      <trkpt lat="52.299649938941" lon="5.83084998652339">
        <ele>61.98</ele>
      </trkpt>
      <trkpt lat="52.29964340105653" lon="5.830743536353111">
        <ele>61.86</ele>
      </trkpt>
      <trkpt lat="52.2996121365577" lon="5.83023433573544">
        <ele>61.19</ele>
      </trkpt>
      <trkpt lat="52.299603167921305" lon="5.830087987706065">
        <ele>60.97</ele>
      </trkpt>
      <trkpt lat="52.299571903422475" lon="5.829578787088394">
        <ele>59.96</ele>
      </trkpt>
      <trkpt lat="52.299545081332326" lon="5.829142760485411">
        <ele>59.26</ele>
      </trkpt>
      <trkpt lat="52.29952722787857" lon="5.828851573169231">
        <ele>58.89</ele>
      </trkpt>
      <trkpt lat="52.29950032196939" lon="5.828414037823677">
        <ele>58.41</ele>
      </trkpt>
      <trkpt lat="52.29946461506188" lon="5.8278316631913185">
        <ele>57.89</ele>
      </trkpt>
      <trkpt lat="52.299455646425486" lon="5.827686823904514">
        <ele>57.73</ele>
      </trkpt>
      <trkpt lat="52.299446761608124" lon="5.827541900798678">
        <ele>57.52</ele>
      </trkpt>
      <trkpt lat="52.299419939517975" lon="5.827104449272156">
        <ele>56.77</ele>
      </trkpt>
      <trkpt lat="52.29938414879143" lon="5.826522074639797">
        <ele>55.84</ele>
      </trkpt>
      <trkpt lat="52.29937073774636" lon="5.8263040613383055">
        <ele>55.56</ele>
      </trkpt>
      <trkpt lat="52.29934844188392" lon="5.825941124930978">
        <ele>55.19</ele>
      </trkpt>
      <trkpt lat="52.29932991787791" lon="5.825639963150024">
        <ele>54.75</ele>
      </trkpt>
      <trkpt lat="52.29935422539711" lon="5.8255088701844215">
        <ele>54.55</ele>
      </trkpt>
      <trkpt lat="52.29937224648893" lon="5.825411723926663">
        <ele>54.5</ele>
      </trkpt>
      <trkpt lat="52.29937995783985" lon="5.825369982048869">
        <ele>54.41</ele>
      </trkpt>
      <trkpt lat="52.299439972266555" lon="5.825359923765063">
        <ele>54.23</ele>
      </trkpt>
      <trkpt lat="52.29944894090295" lon="5.825064377859235">
        <ele>53.69</ele>
      </trkpt>
      <trkpt lat="52.29945547878742" lon="5.824846951290965">
        <ele>53.38</ele>
      </trkpt>
      <trkpt lat="52.29946427978575" lon="5.824556183069944">
        <ele>53.04</ele>
      </trkpt>
      <trkpt lat="52.29946997947991" lon="5.824369937181473">
        <ele>52.85</ele>
      </trkpt>
      <trkpt lat="52.2994599211961" lon="5.823909938335419">
        <ele>52.38</ele>
      </trkpt>
      <trkpt lat="52.29944894090295" lon="5.823756214231253">
        <ele>52.23</ele>
      </trkpt>
      <trkpt lat="52.29940753430128" lon="5.823176354169846">
        <ele>51.52</ele>
      </trkpt>
      <trkpt lat="52.299392111599445" lon="5.822960184887052">
        <ele>51.3</ele>
      </trkpt>
      <trkpt lat="52.29937995783985" lon="5.822789948433638">
        <ele>51.15</ele>
      </trkpt>
      <trkpt lat="52.29936746880412" lon="5.822525331750512">
        <ele>50.94</ele>
      </trkpt>
      <trkpt lat="52.29933997616172" lon="5.82194329239428">
        <ele>50.38</ele>
      </trkpt>
      <trkpt lat="52.29931994341314" lon="5.821519922465086">
        <ele>50.03</ele>
      </trkpt>
      <trkpt lat="52.299308963119984" lon="5.821436103433371">
        <ele>49.96</ele>
      </trkpt>
      <trkpt lat="52.29929027147591" lon="5.821293778717518">
        <ele>49.8</ele>
      </trkpt>
      <trkpt lat="52.29923998005688" lon="5.820909971371293">
        <ele>49.32</ele>
      </trkpt>
      <trkpt lat="52.29921919293702" lon="5.820650300011039">
        <ele>49.01</ele>
      </trkpt>
      <trkpt lat="52.29920754209161" lon="5.820504454895854">
        <ele>48.88</ele>
      </trkpt>
      <trkpt lat="52.299190275371075" lon="5.820288704708219">
        <ele>48.72</ele>
      </trkpt>
      <trkpt lat="52.299179965630174" lon="5.820159958675504">
        <ele>48.59</ele>
      </trkpt>
      <trkpt lat="52.29917921125889" lon="5.820144200697541">
        <ele>48.58</ele>
      </trkpt>
      <trkpt lat="52.29915959760547" lon="5.819708677008748">
        <ele>48.05</ele>
      </trkpt>
      <trkpt lat="52.29915305972099" lon="5.819561993703246">
        <ele>47.89</ele>
      </trkpt>
      <trkpt lat="52.29912992566824" lon="5.819049943238497">
        <ele>47.43</ele>
      </trkpt>
      <trkpt lat="52.29905993677676" lon="5.818479973822832">
        <ele>46.92</ele>
      </trkpt>
      <trkpt lat="52.29905113577843" lon="5.8184130024164915">
        <ele>46.86</ele>
      </trkpt>
      <trkpt lat="52.29901358485222" lon="5.818126928061247">
        <ele>46.65</ele>
      </trkpt>
      <trkpt lat="52.29895742610097" lon="5.817699953913689">
        <ele>46.39</ele>
      </trkpt>
      <trkpt lat="52.29892926290631" lon="5.817485712468624">
        <ele>46.24</ele>
      </trkpt>
      <trkpt lat="52.298835553228855" lon="5.8167725801467896">
        <ele>45.63</ele>
      </trkpt>
      <trkpt lat="52.29882993735373" lon="5.816729916259646">
        <ele>45.6</ele>
      </trkpt>
      <trkpt lat="52.29874603450298" lon="5.816207388415933">
        <ele>45.31</ele>
      </trkpt>
      <trkpt lat="52.29866657406092" lon="5.815712437033653">
        <ele>45.0</ele>
      </trkpt>
      <trkpt lat="52.298632794991136" lon="5.815501967445016">
        <ele>44.9</ele>
      </trkpt>
      <trkpt lat="52.29856473393738" lon="5.815078094601631">
        <ele>44.75</ele>
      </trkpt>
      <trkpt lat="52.29854218661785" lon="5.814937278628349">
        <ele>44.71</ele>
      </trkpt>
      <trkpt lat="52.29849675670266" lon="5.814654221758246">
        <ele>44.66</ele>
      </trkpt>
      <trkpt lat="52.29841746389866" lon="5.8141606114804745">
        <ele>44.47</ele>
      </trkpt>
      <trkpt lat="52.29839491657913" lon="5.814019795507193">
        <ele>44.45</ele>
      </trkpt>
      <trkpt lat="52.298372285440564" lon="5.813878979533911">
        <ele>44.48</ele>
      </trkpt>
      <trkpt lat="52.29834998957813" lon="5.813739923760295">
        <ele>44.45</ele>
      </trkpt>
      <trkpt lat="52.298265751451254" lon="5.813354607671499">
        <ele>44.37</ele>
      </trkpt>
      <trkpt lat="52.298175897449255" lon="5.8129433915019035">
        <ele>44.24</ele>
      </trkpt>
      <trkpt lat="52.29810079559684" lon="5.812599901109934">
        <ele>44.17</ele>
      </trkpt>
      <trkpt lat="52.298019994050264" lon="5.812229923903942">
        <ele>43.99</ele>
      </trkpt>
      <trkpt lat="52.29800985194743" lon="5.81218927167356">
        <ele>43.98</ele>
      </trkpt>
      <trkpt lat="52.29792611673474" lon="5.811851313337684">
        <ele>43.84</ele>
      </trkpt>
      <trkpt lat="52.29774992913008" lon="5.811139941215515">
        <ele>43.65</ele>
      </trkpt>
      <trkpt lat="52.29773039929569" lon="5.811038855463266">
        <ele>43.63</ele>
      </trkpt>
      <trkpt lat="52.2976899985224" lon="5.810829978436232">
        <ele>43.55</ele>
      </trkpt>
      <trkpt lat="52.2976762522012" lon="5.810686144977808">
        <ele>43.5</ele>
      </trkpt>
      <trkpt lat="52.29765580035746" lon="5.810471065342426">
        <ele>43.4</ele>
      </trkpt>
      <trkpt lat="52.29762839153409" lon="5.810183398425579">
        <ele>43.13</ele>
      </trkpt>
      <trkpt lat="52.29759402573109" lon="5.809822976589203">
        <ele>42.85</ele>
      </trkpt>
      <trkpt lat="52.297569969668984" lon="5.809569926932454">
        <ele>42.69</ele>
      </trkpt>
      <trkpt lat="52.29753149673343" lon="5.809325175359845">
        <ele>42.54</ele>
      </trkpt>
      <trkpt lat="52.297509368509054" lon="5.8091841917485">
        <ele>42.42</ele>
      </trkpt>
      <trkpt lat="52.29746477678418" lon="5.80890079960227">
        <ele>42.13</ele>
      </trkpt>
      <trkpt lat="52.297459999099374" lon="5.808869954198599">
        <ele>42.11</ele>
      </trkpt>
      <trkpt lat="52.297432171180844" lon="5.808616066351533">
        <ele>41.95</ele>
      </trkpt>
      <trkpt lat="52.29741649702191" lon="5.808472819626331">
        <ele>41.89</ele>
      </trkpt>
      <trkpt lat="52.29738992638886" lon="5.808229995891452">
        <ele>41.84</ele>
      </trkpt>
      <trkpt lat="52.2973860707134" lon="5.80811214633286">
        <ele>41.83</ele>
      </trkpt>
      <trkpt lat="52.2973741684109" lon="5.8077494613826275">
        <ele>41.74</ele>
      </trkpt>
      <trkpt lat="52.29736997745931" lon="5.807619960978627">
        <ele>41.68</ele>
      </trkpt>
      <trkpt lat="52.29736997745931" lon="5.807604035362601">
        <ele>41.68</ele>
      </trkpt>
      <trkpt lat="52.29736997745931" lon="5.807312848046422">
        <ele>41.52</ele>
      </trkpt>
      <trkpt lat="52.29736997745931" lon="5.806876150891185">
        <ele>41.32</ele>
      </trkpt>
      <trkpt lat="52.29736997745931" lon="5.806730557233095">
        <ele>41.27</ele>
      </trkpt>
      <trkpt lat="52.29736997745931" lon="5.80651287920773">
        <ele>41.25</ele>
      </trkpt>
      <trkpt lat="52.29736997745931" lon="5.806293776258826">
        <ele>41.27</ele>
      </trkpt>
      <trkpt lat="52.29736997745931" lon="5.806148182600737">
        <ele>41.26</ele>
      </trkpt>
      <trkpt lat="52.29736997745931" lon="5.806002588942647">
        <ele>41.21</ele>
      </trkpt>
      <trkpt lat="52.29736997745931" lon="5.805639401078224">
        <ele>41.02</ele>
      </trkpt>
      <trkpt lat="52.29736997745931" lon="5.805348213762045">
        <ele>40.9</ele>
      </trkpt>
      <trkpt lat="52.29736997745931" lon="5.805299933999777">
        <ele>40.89</ele>
      </trkpt>
      <trkpt lat="52.29734432883561" lon="5.804767515510321">
        <ele>40.82</ele>
      </trkpt>
      <trkpt lat="52.297333935275674" lon="5.804550591856241">
        <ele>40.81</ele>
      </trkpt>
      <trkpt lat="52.297316417098045" lon="5.80418698489666">
        <ele>40.51</ele>
      </trkpt>
      <trkpt lat="52.29730937629938" lon="5.80404038541019">
        <ele>40.43</ele>
      </trkpt>
      <trkpt lat="52.29728842154145" lon="5.803603520616889">
        <ele>40.25</ele>
      </trkpt>
      <trkpt lat="52.29728146456182" lon="5.803459854796529">
        <ele>40.22</ele>
      </trkpt>
      <trkpt lat="52.297269981354475" lon="5.803219964727759">
        <ele>40.2</ele>
      </trkpt>
      <trkpt lat="52.29731482453644" lon="5.802808329463005">
        <ele>40.18</ele>
      </trkpt>
      <trkpt lat="52.29732999578118" lon="5.802669944241643">
        <ele>40.13</ele>
      </trkpt>
      <trkpt lat="52.29738439433277" lon="5.802464252337813">
        <ele>40.06</ele>
      </trkpt>
      <trkpt lat="52.297419933602214" lon="5.802329974249005">
        <ele>39.95</ele>
      </trkpt>
      <trkpt lat="52.297440553084016" lon="5.802267109975219">
        <ele>39.9</ele>
      </trkpt>
      <trkpt lat="52.297503501176834" lon="5.802075332030654">
        <ele>39.78</ele>
      </trkpt>
      <trkpt lat="52.29755789972842" lon="5.801909454166889">
        <ele>39.14</ele>
      </trkpt>
      <trkpt lat="52.29761238209903" lon="5.801743660122156">
        <ele>38.53</ele>
      </trkpt>
      <trkpt lat="52.29762998409569" lon="5.801689932122827">
        <ele>38.56</ele>
      </trkpt>
      <trkpt lat="52.29766996577382" lon="5.801649950444698">
        <ele>38.6</ele>
      </trkpt>
      <trkpt lat="52.29774045757949" lon="5.80165246501565">
        <ele>38.66</ele>
      </trkpt>
      <trkpt lat="52.29785646311939" lon="5.801656655967236">
        <ele>38.81</ele>
      </trkpt>
      <trkpt lat="52.29794992133975" lon="5.8016599249094725">
        <ele>38.84</ele>
      </trkpt>
      <trkpt lat="52.29812426492572" lon="5.801628241315484">
        <ele>38.94</ele>
      </trkpt>
      <trkpt lat="52.298169946298" lon="5.801619943231344">
        <ele>38.95</ele>
      </trkpt>
      <trkpt lat="52.29834554716945" lon="5.801564119756222">
        <ele>39.01</ele>
      </trkpt>
      <trkpt lat="52.29852207005024" lon="5.801507877185941">
        <ele>39.1</ele>
      </trkpt>
      <trkpt lat="52.29860999621451" lon="5.8014799654483795">
        <ele>39.02</ele>
      </trkpt>
      <trkpt lat="52.29874326847494" lon="5.801451718434691">
        <ele>38.9</ele>
      </trkpt>
      <trkpt lat="52.2989662270993" lon="5.801404612138867">
        <ele>38.59</ele>
      </trkpt>
      <trkpt lat="52.299055410549045" lon="5.801385752856731">
        <ele>38.49</ele>
      </trkpt>
      <trkpt lat="52.29912992566824" lon="5.801369994878769">
        <ele>38.43</ele>
      </trkpt>
      <trkpt lat="52.299321200698614" lon="5.801311070099473">
        <ele>38.3</ele>
      </trkpt>
      <trkpt lat="52.29938993230462" lon="5.801289947703481">
        <ele>38.19</ele>
      </trkpt>
      <trkpt lat="52.29954080656171" lon="5.801232615485787">
        <ele>37.95</ele>
      </trkpt>
      <trkpt lat="52.29962848126888" lon="5.801199339330196">
        <ele>37.86</ele>
      </trkpt>
      <trkpt lat="52.299889996647835" lon="5.801099929958582">
        <ele>37.74</ele>
      </trkpt>
      <trkpt lat="52.29998999275267" lon="5.8010299410671">
        <ele>37.69</ele>
      </trkpt>
      <trkpt lat="52.30001136660576" lon="5.801004292443395">
        <ele>37.68</ele>
      </trkpt>
      <trkpt lat="52.300039948895574" lon="5.800969926640391">
        <ele>37.67</ele>
      </trkpt>
      <trkpt lat="52.30011999607086" lon="5.8008199743926525">
        <ele>37.67</ele>
      </trkpt>
      <trkpt lat="52.30016525834799" lon="5.800651330500841">
        <ele>37.67</ele>
      </trkpt>
      <trkpt lat="52.3003098461777" lon="5.80011279322207">
        <ele>37.57</ele>
      </trkpt>
      <trkpt lat="52.300409926101565" lon="5.799739966169">
        <ele>37.44</ele>
      </trkpt>
      <trkpt lat="52.30044764466584" lon="5.799571238458157">
        <ele>37.39</ele>
      </trkpt>
      <trkpt lat="52.300571193918586" lon="5.79901878722012">
        <ele>37.07</ele>
      </trkpt>
      <trkpt lat="52.300599943846464" lon="5.798889957368374">
        <ele>37.05</ele>
      </trkpt>
      <trkpt lat="52.3006188031286" lon="5.798821980133653">
        <ele>37.05</ele>
      </trkpt>
      <trkpt lat="52.300672782585025" lon="5.7986278552562">
        <ele>36.99</ele>
      </trkpt>
      <trkpt lat="52.300780238583684" lon="5.79824086278677">
        <ele>36.84</ele>
      </trkpt>
      <trkpt lat="52.30084997601807" lon="5.797989992424846">
        <ele>36.71</ele>
      </trkpt>
      <trkpt lat="52.30088115669787" lon="5.797849511727691">
        <ele>36.65</ele>
      </trkpt>
      <trkpt lat="52.30094041675329" lon="5.797582799568772">
        <ele>36.55</ele>
      </trkpt>
      <trkpt lat="52.300969921052456" lon="5.797449946403503">
        <ele>36.49</ele>
      </trkpt>
      <trkpt lat="52.30103571899235" lon="5.796776209026575">
        <ele>36.22</ele>
      </trkpt>
      <trkpt lat="52.301049968227744" lon="5.796629944816232">
        <ele>36.14</ele>
      </trkpt>
      <trkpt lat="52.30106589384377" lon="5.7961950078606606">
        <ele>35.91</ele>
      </trkpt>
      <trkpt lat="52.301084753125906" lon="5.795682622119784">
        <ele>35.71</ele>
      </trkpt>
      <trkpt lat="52.30108994990587" lon="5.795539962127805">
        <ele>35.58</ele>
      </trkpt>
      <trkpt lat="52.301099337637424" lon="5.795394033193588">
        <ele>35.45</ele>
      </trkpt>
      <trkpt lat="52.30112733319402" lon="5.794961107894778">
        <ele>35.11</ele>
      </trkpt>
      <trkpt lat="52.301129931584" lon="5.794919952750206">
        <ele>35.08</ele>
      </trkpt>
      <trkpt lat="52.301106210798025" lon="5.794824818149209">
        <ele>35.01</ele>
      </trkpt>
      <trkpt lat="52.301072515547276" lon="5.794690037146211">
        <ele>34.94</ele>
      </trkpt>
      <trkpt lat="52.30103915557265" lon="5.7945566810667515">
        <ele>34.92</ele>
      </trkpt>
      <trkpt lat="52.301029935479164" lon="5.79451996833086">
        <ele>34.92</ele>
      </trkpt>
      <trkpt lat="52.3009901214391" lon="5.79443640075624">
        <ele>34.94</ele>
      </trkpt>
      <trkpt lat="52.30092993937433" lon="5.794309917837381">
        <ele>35.01</ele>
      </trkpt>
      <trkpt lat="52.300839917734265" lon="5.7941799983382225">
        <ele>35.14</ele>
      </trkpt>
      <trkpt lat="52.30079708620906" lon="5.79414420761168">
        <ele>35.19</ele>
      </trkpt>
      <trkpt lat="52.30071997269988" lon="5.794079918414354">
        <ele>35.13</ele>
      </trkpt>
      <trkpt lat="52.30071997269988" lon="5.7939758989959955">
        <ele>35.1</ele>
      </trkpt>
      <trkpt lat="52.30071997269988" lon="5.793839944526553">
        <ele>34.9</ele>
      </trkpt>
      <trkpt lat="52.30068912729621" lon="5.793477930128574">
        <ele>34.38</ele>
      </trkpt>
      <trkpt lat="52.30067999102175" lon="5.793369971215725">
        <ele>34.23</ele>
      </trkpt>
      <trkpt lat="52.30067999102175" lon="5.7932641915977">
        <ele>34.1</ele>
      </trkpt>
      <trkpt lat="52.30067999102175" lon="5.7929053623229265">
        <ele>33.72</ele>
      </trkpt>
      <trkpt lat="52.30067999102175" lon="5.792889939621091">
        <ele>33.7</ele>
      </trkpt>
      <trkpt lat="52.30065995827317" lon="5.792404962703586">
        <ele>33.25</ele>
      </trkpt>
      <trkpt lat="52.30065409094095" lon="5.792262637987733">
        <ele>33.16</ele>
      </trkpt>
      <trkpt lat="52.30064822360873" lon="5.792118888348341">
        <ele>33.1</ele>
      </trkpt>
      <trkpt lat="52.30063053779304" lon="5.791690405458212">
        <ele>33.01</ele>
      </trkpt>
      <trkpt lat="52.30062467046082" lon="5.79154665581882">
        <ele>33.01</ele>
      </trkpt>
      <trkpt lat="52.30061578564346" lon="5.7913324143737555">
        <ele>33.07</ele>
      </trkpt>
      <trkpt lat="52.30060991831124" lon="5.791189922019839">
        <ele>33.0</ele>
      </trkpt>
      <trkpt lat="52.3005099222064" lon="5.791209954768419">
        <ele>32.93</ele>
      </trkpt>
      <trkpt lat="52.30041998438537" lon="5.791199980303645">
        <ele>32.86</ele>
      </trkpt>
      <trkpt lat="52.30039014481008" lon="5.791180869564414">
        <ele>32.84</ele>
      </trkpt>
      <trkpt lat="52.30026617646217" lon="5.7911014929413795">
        <ele>32.79</ele>
      </trkpt>
      <trkpt lat="52.3001422919333" lon="5.791022116318345">
        <ele>32.77</ele>
      </trkpt>
      <trkpt lat="52.29981154203415" lon="5.7908103056252">
        <ele>32.77</ele>
      </trkpt>
      <trkpt lat="52.299604676663876" lon="5.790677787736058">
        <ele>32.87</ele>
      </trkpt>
      <trkpt lat="52.29952999390662" lon="5.790629927068949">
        <ele>32.89</ele>
      </trkpt>
      <trkpt lat="52.29952245019376" lon="5.7906261552125216">
        <ele>32.89</ele>
      </trkpt>
      <trkpt lat="52.29943729005754" lon="5.79058357514441">
        <ele>32.88</ele>
      </trkpt>
      <trkpt lat="52.299309968948364" lon="5.790519956499338">
        <ele>32.83</ele>
      </trkpt>
      <trkpt lat="52.29926638305187" lon="5.790509814396501">
        <ele>32.82</ele>
      </trkpt>
      <trkpt lat="52.29904644191265" lon="5.790458433330059">
        <ele>32.79</ele>
      </trkpt>
      <trkpt lat="52.29895834811032" lon="5.790437813848257">
        <ele>32.8</ele>
      </trkpt>
      <trkpt lat="52.298694821074605" lon="5.790376290678978">
        <ele>32.87</ele>
      </trkpt>
      <trkpt lat="52.298344038426876" lon="5.79029431566596">
        <ele>32.86</ele>
      </trkpt>
      <trkpt lat="52.298255022615194" lon="5.790273528546095">
        <ele>32.9</ele>
      </trkpt>
      <trkpt lat="52.29812325909734" lon="5.790242766961455">
        <ele>33.04</ele>
      </trkpt>
      <trkpt lat="52.29799149557948" lon="5.790212005376816">
        <ele>33.24</ele>
      </trkpt>
      <trkpt lat="52.297939946874976" lon="5.790199935436249">
        <ele>33.33</ele>
      </trkpt>
      <trkpt lat="52.29781807400286" lon="5.7901534996926785">
        <ele>33.58</ele>
      </trkpt>
      <trkpt lat="52.29772998020053" lon="5.790119972079992">
        <ele>33.63</ele>
      </trkpt>
      <trkpt lat="52.297753281891346" lon="5.78991562128067">
        <ele>33.71</ele>
      </trkpt>
      <trkpt lat="52.29776996187866" lon="5.789769943803549">
        <ele>33.54</ele>
      </trkpt>
      <trkpt lat="52.29768798686564" lon="5.789741026237607">
        <ele>33.4</ele>
      </trkpt>
      <trkpt lat="52.29755965992808" lon="5.789695680141449">
        <ele>33.27</ele>
      </trkpt>
      <trkpt lat="52.297388250008225" lon="5.789635078981519">
        <ele>33.22</ele>
      </trkpt>
      <trkpt lat="52.29730208404362" lon="5.789604652673006">
        <ele>33.22</ele>
      </trkpt>
      <trkpt lat="52.29721684008837" lon="5.78957456164062">
        <ele>33.25</ele>
      </trkpt>
      <trkpt lat="52.29704543016851" lon="5.78951396048069">
        <ele>33.38</ele>
      </trkpt>
      <trkpt lat="52.296745693311095" lon="5.789408013224602">
        <ele>33.65</ele>
      </trkpt>
      <trkpt lat="52.29666036553681" lon="5.789377922192216">
        <ele>33.75</ele>
      </trkpt>
      <trkpt lat="52.29657428339124" lon="5.789347495883703">
        <ele>33.9</ele>
      </trkpt>
      <trkpt lat="52.29648895561695" lon="5.789317321032286">
        <ele>34.1</ele>
      </trkpt>
      <trkpt lat="52.296360628679395" lon="5.789271974936128">
        <ele>34.51</ele>
      </trkpt>
      <trkpt lat="52.29626993648708" lon="5.789239956066012">
        <ele>34.38</ele>
      </trkpt>
      <trkpt lat="52.29630991816521" lon="5.789123447611928">
        <ele>34.27</ele>
      </trkpt>
      <trkpt lat="52.296389965340495" lon="5.788889927789569">
        <ele>34.1</ele>
      </trkpt>
      <trkpt lat="52.29639356955886" lon="5.788871822878718">
        <ele>34.09</ele>
      </trkpt>
      <trkpt lat="52.29642994701862" lon="5.788689935579896">
        <ele>34.0</ele>
      </trkpt>
      <trkpt lat="52.29643757455051" lon="5.788453733548522">
        <ele>33.89</ele>
      </trkpt>
      <trkpt lat="52.2964399214834" lon="5.7883799728006124">
        <ele>33.85</ele>
      </trkpt>
      <trkpt lat="52.29641997255385" lon="5.788239995017648">
        <ele>33.77</ele>
      </trkpt>
      <trkpt lat="52.29634998366237" lon="5.787989962846041">
        <ele>33.63</ele>
      </trkpt>
      <trkpt lat="52.29614697396755" lon="5.787513284012675">
        <ele>33.34</ele>
      </trkpt>
      <trkpt lat="52.29611998423934" lon="5.7874499168246984">
        <ele>33.3</ele>
      </trkpt>
      <trkpt lat="52.29608930647373" lon="5.787321925163269">
        <ele>33.24</ele>
      </trkpt>
      <trkpt lat="52.29604186490178" lon="5.787123357877135">
        <ele>33.18</ele>
      </trkpt>
      <trkpt lat="52.2960099298507" lon="5.786989917978644">
        <ele>32.97</ele>
      </trkpt>
      <trkpt lat="52.29599358513951" lon="5.786931663751602">
        <ele>32.89</ele>
      </trkpt>
      <trkpt lat="52.29595829732716" lon="5.786806019023061">
        <ele>32.72</ele>
      </trkpt>
      <trkpt lat="52.29588780552149" lon="5.78655481338501">
        <ele>32.5</ele>
      </trkpt>
      <trkpt lat="52.29584991931915" lon="5.78641994856298">
        <ele>32.41</ele>
      </trkpt>
      <trkpt lat="52.295860731974244" lon="5.786399999633431">
        <ele>32.4</ele>
      </trkpt>
      <trkpt lat="52.29591999202967" lon="5.786289945244789">
        <ele>32.29</ele>
      </trkpt>
      <trkpt lat="52.2959647513926" lon="5.786170503124595">
        <ele>32.2</ele>
      </trkpt>
      <trkpt lat="52.29597992263734" lon="5.786129934713244">
        <ele>32.17</ele>
      </trkpt>
      <trkpt lat="52.296035746112466" lon="5.785908820107579">
        <ele>32.06</ele>
      </trkpt>
      <trkpt lat="52.296186704188585" lon="5.785310687497258">
        <ele>31.95</ele>
      </trkpt>
      <trkpt lat="52.296237079426646" lon="5.785110862925649">
        <ele>31.97</ele>
      </trkpt>
      <trkpt lat="52.29624998755753" lon="5.7850599847733974">
        <ele>31.95</ele>
      </trkpt>
      <trkpt lat="52.29631997644901" lon="5.784929981455207">
        <ele>31.88</ele>
      </trkpt>
      <trkpt lat="52.29633112438023" lon="5.7849212642759085">
        <ele>31.88</ele>
      </trkpt>
      <trkpt lat="52.296409998089075" lon="5.7848599925637245">
        <ele>31.78</ele>
      </trkpt>
      <trkpt lat="52.29633992537856" lon="5.784649942070246">
        <ele>31.63</ele>
      </trkpt>
      <trkpt lat="52.29633992537856" lon="5.784595124423504">
        <ele>31.6</ele>
      </trkpt>
      <trkpt lat="52.29633992537856" lon="5.784499989822507">
        <ele>31.55</ele>
      </trkpt>
      <trkpt lat="52.296421732753515" lon="5.783881489187479">
        <ele>31.25</ele>
      </trkpt>
      <trkpt lat="52.296499935910106" lon="5.7832899782806635">
        <ele>31.04</ele>
      </trkpt>
      <trkpt lat="52.29648199863732" lon="5.783096021041274">
        <ele>30.98</ele>
      </trkpt>
      <trkpt lat="52.2964499797672" lon="5.782749932259321">
        <ele>30.91</ele>
      </trkpt>
      <trkpt lat="52.29647420346737" lon="5.782596208155155">
        <ele>30.89</ele>
      </trkpt>
      <trkpt lat="52.29647998698056" lon="5.782559998333454">
        <ele>30.87</ele>
      </trkpt>
      <trkpt lat="52.29650563560426" lon="5.78245866112411">
        <ele>30.84</ele>
      </trkpt>
      <trkpt lat="52.2965881973505" lon="5.782132605090737">
        <ele>30.52</ele>
      </trkpt>
      <trkpt lat="52.296669920906425" lon="5.781809985637665">
        <ele>30.28</ele>
      </trkpt>
      <trkpt lat="52.296681739389896" lon="5.781738236546516">
        <ele>30.23</ele>
      </trkpt>
      <trkpt lat="52.29671526700258" lon="5.781533718109131">
        <ele>30.15</ele>
      </trkpt>
      <trkpt lat="52.29674879461527" lon="5.781329199671745">
        <ele>30.12</ele>
      </trkpt>
      <trkpt lat="52.29676991701126" lon="5.78119995072484">
        <ele>30.03</ele>
      </trkpt>
      <trkpt lat="52.29685524478555" lon="5.7807029876858">
        <ele>29.7</ele>
      </trkpt>
      <trkpt lat="52.29689120315015" lon="5.780493440106511">
        <ele>29.6</ele>
      </trkpt>
      <trkpt lat="52.296961192041636" lon="5.780085660517216">
        <ele>29.46</ele>
      </trkpt>
      <trkpt lat="52.29700930416584" lon="5.779805285856128">
        <ele>29.22</ele>
      </trkpt>
      <trkpt lat="52.297057416290045" lon="5.7795249950140715">
        <ele>29.03</ele>
      </trkpt>
      <trkpt lat="52.29720225557685" lon="5.778681188821793">
        <ele>28.61</ele>
      </trkpt>
      <trkpt lat="52.297286577522755" lon="5.778189841657877">
        <ele>28.42</ele>
      </trkpt>
      <trkpt lat="52.29738305322826" lon="5.7776277512311935">
        <ele>28.32</ele>
      </trkpt>
      <trkpt lat="52.29741926304996" lon="5.777416778728366">
        <ele>28.3</ele>
      </trkpt>
      <trkpt lat="52.29751992970705" lon="5.776829961687326">
        <ele>28.36</ele>
      </trkpt>
      <trkpt lat="52.29753887280822" lon="5.7766391057521105">
        <ele>28.39</ele>
      </trkpt>
      <trkpt lat="52.29758874513209" lon="5.776135353371501">
        <ele>28.48</ele>
      </trkpt>
      <trkpt lat="52.29761707596481" lon="5.775849362835288">
        <ele>28.46</ele>
      </trkpt>
      <trkpt lat="52.297666780650616" lon="5.775347119197249">
        <ele>28.33</ele>
      </trkpt>
      <trkpt lat="52.297702403739095" lon="5.774987116456032">
        <ele>28.21</ele>
      </trkpt>
      <trkpt lat="52.29771648533642" lon="5.774844875559211">
        <ele>28.22</ele>
      </trkpt>
      <trkpt lat="52.297744983807206" lon="5.774557460099459">
        <ele>28.3</ele>
      </trkpt>
      <trkpt lat="52.297766357660294" lon="5.774341123178601">
        <ele>28.3</ele>
      </trkpt>
      <trkpt lat="52.29781991802156" lon="5.773799987509847">
        <ele>28.14</ele>
      </trkpt>
      <trkpt lat="52.297826539725065" lon="5.773549871519208">
        <ele>28.08</ele>
      </trkpt>
      <trkpt lat="52.297829976305366" lon="5.773419952020049">
        <ele>28.13</ele>
      </trkpt>
      <trkpt lat="52.297921841964126" lon="5.773433111608028">
        <ele>28.19</ele>
      </trkpt>
      <trkpt lat="52.29796995408833" lon="5.773439984768629">
        <ele>28.23</ele>
      </trkpt>
      <trkpt lat="52.29800624772906" lon="5.773452641442418">
        <ele>28.27</ele>
      </trkpt>
      <trkpt lat="52.298090653494" lon="5.773482229560614">
        <ele>28.38</ele>
      </trkpt>
      <trkpt lat="52.298216465860605" lon="5.773526234552264">
        <ele>28.58</ele>
      </trkpt>
      <trkpt lat="52.298559453338385" lon="5.773646263405681">
        <ele>28.56</ele>
      </trkpt>
      <trkpt lat="52.29868870228529" lon="5.773691525682807">
        <ele>28.57</ele>
      </trkpt>
      <trkpt lat="52.29876992292702" lon="5.7737199403345585">
        <ele>28.53</ele>
      </trkpt>
      <trkpt lat="52.29877226985991" lon="5.773719688877463">
        <ele>28.53</ele>
      </trkpt>
      <trkpt lat="52.29884997010231" lon="5.773709965869784">
        <ele>28.51</ele>
      </trkpt>
      <trkpt lat="52.29889674112201" lon="5.773686580359936">
        <ele>28.5</ele>
      </trkpt>
      <trkpt lat="52.29896999895573" lon="5.773649951443076">
        <ele>28.42</ele>
      </trkpt>
      <trkpt lat="52.298998245969415" lon="5.773568227887154">
        <ele>28.36</ele>
      </trkpt>
      <trkpt lat="52.29910796508193" lon="5.773250805214047">
        <ele>28.03</ele>
      </trkpt>
      <trkpt lat="52.299152221530676" lon="5.773122729733586">
        <ele>27.92</ele>
      </trkpt>
      <trkpt lat="52.299218187108636" lon="5.772932041436434">
        <ele>27.81</ele>
      </trkpt>
      <trkpt lat="52.29933997616172" lon="5.772579917684197">
        <ele>27.71</ele>
      </trkpt>
      <trkpt lat="52.29938993230462" lon="5.772339943796396">
        <ele>27.66</ele>
      </trkpt>
      <trkpt lat="52.299410719424486" lon="5.772275486961007">
        <ele>27.66</ele>
      </trkpt>
      <trkpt lat="52.29945229366422" lon="5.772146740928292">
        <ele>27.69</ele>
      </trkpt>
      <trkpt lat="52.299514738842845" lon="5.771952867507935">
        <ele>27.81</ele>
      </trkpt>
      <trkpt lat="52.299615824595094" lon="5.771639384329319">
        <ele>27.7</ele>
      </trkpt>
      <trkpt lat="52.299858313053846" lon="5.7708874437958">
        <ele>27.55</ele>
      </trkpt>
      <trkpt lat="52.29993919841945" lon="5.770636405795813">
        <ele>27.52</ele>
      </trkpt>
      <trkpt lat="52.3000402841717" lon="5.770322922617197">
        <ele>27.51</ele>
      </trkpt>
      <trkpt lat="52.3000799305737" lon="5.7701999600976706">
        <ele>27.47</ele>
      </trkpt>
      <trkpt lat="52.30009937658906" lon="5.770131144672632">
        <ele>27.46</ele>
      </trkpt>
      <trkpt lat="52.30017280206084" lon="5.769870802760124">
        <ele>27.33</ele>
      </trkpt>
      <trkpt lat="52.3002096824348" lon="5.769739877432585">
        <ele>27.31</ele>
      </trkpt>
      <trkpt lat="52.300246646627784" lon="5.769609035924077">
        <ele>27.32</ele>
      </trkpt>
      <trkpt lat="52.30030163191259" lon="5.769414072856307">
        <ele>27.37</ele>
      </trkpt>
      <trkpt lat="52.30037547647953" lon="5.76915230602026">
        <ele>27.48</ele>
      </trkpt>
      <trkpt lat="52.300409926101565" lon="5.769029930233955">
        <ele>27.5</ele>
      </trkpt>
      <trkpt lat="52.300490979105234" lon="5.768681662157178">
        <ele>27.57</ele>
      </trkpt>
      <trkpt lat="52.3005099222064" lon="5.768599938601255">
        <ele>27.56</ele>
      </trkpt>
      <trkpt lat="52.300546718761325" lon="5.768330795690417">
        <ele>27.56</ele>
      </trkpt>
      <trkpt lat="52.30061452835798" lon="5.767834167927504">
        <ele>27.44</ele>
      </trkpt>
      <trkpt lat="52.300691893324256" lon="5.767267215996981">
        <ele>27.33</ele>
      </trkpt>
      <trkpt lat="52.300740256905556" lon="5.7669126614928246">
        <ele>27.17</ele>
      </trkpt>
      <trkpt lat="52.30076883919537" lon="5.766703113913536">
        <ele>27.12</ele>
      </trkpt>
      <trkpt lat="52.300807228311896" lon="5.7664217334240675">
        <ele>27.08</ele>
      </trkpt>
      <trkpt lat="52.30087445117533" lon="5.765929464250803">
        <ele>27.09</ele>
      </trkpt>
      <trkpt lat="52.300912672653794" lon="5.765649592503905">
        <ele>27.07</ele>
      </trkpt>
      <trkpt lat="52.30096145533025" lon="5.765292188152671">
        <ele>26.96</ele>
      </trkpt>
      <trkpt lat="52.30101023800671" lon="5.764934783801436">
        <ele>26.91</ele>
      </trkpt>
      <trkpt lat="52.30105902068317" lon="5.764577379450202">
        <ele>26.8</ele>
      </trkpt>
      <trkpt lat="52.301088189706206" lon="5.764363473281264">
        <ele>26.77</ele>
      </trkpt>
      <trkpt lat="52.301107216626406" lon="5.764224249869585">
        <ele>26.62</ele>
      </trkpt>
      <trkpt lat="52.30113579891622" lon="5.7640147022902966">
        <ele>26.45</ele>
      </trkpt>
      <trkpt lat="52.30119304731488" lon="5.76359560713172">
        <ele>26.24</ele>
      </trkpt>
      <trkpt lat="52.30129807256162" lon="5.762826232239604">
        <ele>25.79</ele>
      </trkpt>
      <trkpt lat="52.30131701566279" lon="5.762687008827925">
        <ele>25.74</ele>
      </trkpt>
      <trkpt lat="52.301374431699514" lon="5.762266488745809">
        <ele>25.67</ele>
      </trkpt>
      <trkpt lat="52.301393458619714" lon="5.762127265334129">
        <ele>25.66</ele>
      </trkpt>
      <trkpt lat="52.30144106782973" lon="5.761778494343162">
        <ele>25.71</ele>
      </trkpt>
      <trkpt lat="52.301459927111864" lon="5.761639941483736">
        <ele>25.54</ele>
      </trkpt>
      <trkpt lat="52.301375940442085" lon="5.761585459113121">
        <ele>25.37</ele>
      </trkpt>
      <trkpt lat="52.30125306174159" lon="5.761505663394928">
        <ele>25.15</ele>
      </trkpt>
      <trkpt lat="52.301171170547605" lon="5.761452438309789">
        <ele>25.03</ele>
      </trkpt>
      <trkpt lat="52.3010884411633" lon="5.761398710310459">
        <ele>24.95</ele>
      </trkpt>
      <trkpt lat="52.301006549969316" lon="5.761345569044352">
        <ele>24.89</ele>
      </trkpt>
      <trkpt lat="52.300800858065486" lon="5.761212045326829">
        <ele>24.79</ele>
      </trkpt>
      <trkpt lat="52.30047320947051" lon="5.760999312624335">
        <ele>24.68</ele>
      </trkpt>
      <trkpt lat="52.30014304630458" lon="5.760784987360239">
        <ele>24.5</ele>
      </trkpt>
      <trkpt lat="52.30011999607086" lon="5.760769983753562">
        <ele>24.5</ele>
      </trkpt>
      <trkpt lat="52.299979850649834" lon="5.760672418400645">
        <ele>24.5</ele>
      </trkpt>
      <trkpt lat="52.29973576962948" lon="5.760502433404326">
        <ele>24.57</ele>
      </trkpt>
      <trkpt lat="52.29932991787791" lon="5.760219963267446">
        <ele>24.81</ele>
      </trkpt>
      <trkpt lat="52.29928633198142" lon="5.760204875841737">
        <ele>24.84</ele>
      </trkpt>
      <trkpt lat="52.29906999506056" lon="5.760129941627383">
        <ele>24.56</ele>
      </trkpt>
      <trkpt lat="52.29902842082083" lon="5.760101526975632">
        <ele>24.51</ele>
      </trkpt>
      <trkpt lat="52.29890562593937" lon="5.760017540305853">
        <ele>24.41</ele>
      </trkpt>
      <trkpt lat="52.29882348328829" lon="5.759961297735572">
        <ele>24.36</ele>
      </trkpt>
      <trkpt lat="52.298689959570765" lon="5.759869934991002">
        <ele>24.35</ele>
      </trkpt>
      <trkpt lat="52.298493487760425" lon="5.7597508281469345">
        <ele>24.35</ele>
      </trkpt>
      <trkpt lat="52.29824303649366" lon="5.759598948061466">
        <ele>24.27</ele>
      </trkpt>
      <trkpt lat="52.298118229955435" lon="5.759523259475827">
        <ele>24.25</ele>
      </trkpt>
      <trkpt lat="52.29799342341721" lon="5.759447570890188">
        <ele>24.26</ele>
      </trkpt>
      <trkpt lat="52.29774992913008" lon="5.759299965575337">
        <ele>24.34</ele>
      </trkpt>
      <trkpt lat="52.297575837001204" lon="5.759199718013406">
        <ele>24.4</ele>
      </trkpt>
      <trkpt lat="52.297324715182185" lon="5.7590552140027285">
        <ele>24.52</ele>
      </trkpt>
      <trkpt lat="52.2970736771822" lon="5.758910709992051">
        <ele>24.56</ele>
      </trkpt>
      <trkpt lat="52.29698969051242" lon="5.758862346410751">
        <ele>24.6</ele>
      </trkpt>
      <trkpt lat="52.29690570384264" lon="5.758814066648483">
        <ele>24.68</ele>
      </trkpt>
      <trkpt lat="52.29682255536318" lon="5.758766205981374">
        <ele>24.81</ele>
      </trkpt>
      <trkpt lat="52.2967385686934" lon="5.758717842400074">
        <ele>25.0</ele>
      </trkpt>
      <trkpt lat="52.29657143354416" lon="5.7586217019706964">
        <ele>25.41</ele>
      </trkpt>
      <trkpt lat="52.29644587263465" lon="5.758549449965358">
        <ele>25.75</ele>
      </trkpt>
      <trkpt lat="52.29635995812714" lon="5.758499996736646">
        <ele>25.61</ele>
      </trkpt>
      <trkpt lat="52.29637471027672" lon="5.7584388088434935">
        <ele>25.56</ele>
      </trkpt>
      <trkpt lat="52.296407064422965" lon="5.758304698392749">
        <ele>25.47</ele>
      </trkpt>
      <trkpt lat="52.296439334750175" lon="5.758170671761036">
        <ele>25.41</ele>
      </trkpt>
      <trkpt lat="52.29647168889642" lon="5.758036561310291">
        <ele>25.38</ele>
      </trkpt>
      <trkpt lat="52.296633291989565" lon="5.757366260513663">
        <ele>25.49</ele>
      </trkpt>
      <trkpt lat="52.29674644768238" lon="5.7568970415741205">
        <ele>25.58</ele>
      </trkpt>
      <trkpt lat="52.296811155974865" lon="5.756628904491663">
        <ele>25.65</ele>
      </trkpt>
      <trkpt lat="52.29689195752144" lon="5.756293712183833">
        <ele>25.69</ele>
      </trkpt>
      <trkpt lat="52.2969404887408" lon="5.756092630326748">
        <ele>25.78</ele>
      </trkpt>
      <trkpt lat="52.297004107385874" lon="5.755828600376844">
        <ele>25.75</ele>
      </trkpt>
      <trkpt lat="52.29711592197418" lon="5.755364829674363">
        <ele>25.75</ele>
      </trkpt>
      <trkpt lat="52.29716411791742" lon="5.755165088921785">
        <ele>25.68</ele>
      </trkpt>
      <trkpt lat="52.29724391363561" lon="5.754834087565541">
        <ele>25.47</ele>
      </trkpt>
      <trkpt lat="52.29729177430272" lon="5.754635687917471">
        <ele>25.41</ele>
      </trkpt>
      <trkpt lat="52.297323793172836" lon="5.7545030023902655">
        <ele>25.43</ele>
      </trkpt>
      <trkpt lat="52.29737190529704" lon="5.754303261637688">
        <ele>25.52</ele>
      </trkpt>
      <trkpt lat="52.29743728414178" lon="5.7540323585271835">
        <ele>25.6</ele>
      </trkpt>
      <trkpt lat="52.29753518477082" lon="5.753626087680459">
        <ele>25.84</ele>
      </trkpt>
      <trkpt lat="52.2977314889431" lon="5.752812121063471">
        <ele>26.41</ele>
      </trkpt>
      <trkpt lat="52.297813296318054" lon="5.752472821623087">
        <ele>26.63</ele>
      </trkpt>
      <trkpt lat="52.29784598574042" lon="5.752337370067835">
        <ele>26.74</ele>
      </trkpt>
      <trkpt lat="52.29789510369301" lon="5.752133522182703">
        <ele>26.99</ele>
      </trkpt>
      <trkpt lat="52.29796006344259" lon="5.751864043995738">
        <ele>27.02</ele>
      </trkpt>
      <trkpt lat="52.29812242090702" lon="5.751190977171063">
        <ele>27.02</ele>
      </trkpt>
      <trkpt lat="52.29822007007897" lon="5.750786047428846">
        <ele>26.98</ele>
      </trkpt>
      <trkpt lat="52.29828502982855" lon="5.750516569241881">
        <ele>26.92</ele>
      </trkpt>
      <trkpt lat="52.2983826790005" lon="5.750111639499664">
        <ele>26.91</ele>
      </trkpt>
      <trkpt lat="52.29839994572103" lon="5.750039974227548">
        <ele>26.87</ele>
      </trkpt>
      <trkpt lat="52.298407992348075" lon="5.74997266754508">
        <ele>26.85</ele>
      </trkpt>
      <trkpt lat="52.298449985682964" lon="5.749619957059622">
        <ele>26.55</ele>
      </trkpt>
      <trkpt lat="52.298449985682964" lon="5.749616017565131">
        <ele>26.55</ele>
      </trkpt>
      <trkpt lat="52.29845945723355" lon="5.748817725107074">
        <ele>25.97</ele>
      </trkpt>
      <trkpt lat="52.29846624657512" lon="5.748236943036318">
        <ele>25.53</ele>
      </trkpt>
      <trkpt lat="52.2984722815454" lon="5.747728161513805">
        <ele>25.09</ele>
      </trkpt>
      <trkpt lat="52.29847655631602" lon="5.747365057468414">
        <ele>24.81</ele>
      </trkpt>
      <trkpt lat="52.298479154706" lon="5.747147463262081">
        <ele>24.59</ele>
      </trkpt>
      <trkpt lat="52.29847923852503" lon="5.747138578444719">
        <ele>24.56</ele>
      </trkpt>
      <trkpt lat="52.29848250746727" lon="5.746862227097154">
        <ele>24.36</ele>
      </trkpt>
      <trkpt lat="52.29848820716143" lon="5.746378507465124">
        <ele>23.94</ele>
      </trkpt>
      <trkpt lat="52.29848996736109" lon="5.7462299801409245">
        <ele>23.82</ele>
      </trkpt>
      <trkpt lat="52.29848996736109" lon="5.745721198618412">
        <ele>23.45</ele>
      </trkpt>
      <trkpt lat="52.29848996736109" lon="5.745502011850476">
        <ele>23.31</ele>
      </trkpt>
      <trkpt lat="52.29848996736109" lon="5.745137315243483">
        <ele>23.11</ele>
      </trkpt>
      <trkpt lat="52.29848996736109" lon="5.744990296661854">
        <ele>23.06</ele>
      </trkpt>
      <trkpt lat="52.29848996736109" lon="5.744844703003764">
        <ele>23.04</ele>
      </trkpt>
      <trkpt lat="52.29848996736109" lon="5.744259394705296">
        <ele>23.06</ele>
      </trkpt>
      <trkpt lat="52.29848996736109" lon="5.744187394157052">
        <ele>23.04</ele>
      </trkpt>
      <trkpt lat="52.29848996736109" lon="5.744109945371747">
        <ele>23.04</ele>
      </trkpt>
      <trkpt lat="52.29847806505859" lon="5.743971057236195">
        <ele>23.05</ele>
      </trkpt>
      <trkpt lat="52.29845970869064" lon="5.743755558505654">
        <ele>23.01</ele>
      </trkpt>
      <trkpt lat="52.298410423099995" lon="5.743178799748421">
        <ele>22.7</ele>
      </trkpt>
      <trkpt lat="52.29839198291302" lon="5.742963217198849">
        <ele>22.63</ele>
      </trkpt>
      <trkpt lat="52.29836734011769" lon="5.742674879729748">
        <ele>22.56</ele>
      </trkpt>
      <trkpt lat="52.29833657853305" lon="5.742315128445625">
        <ele>22.4</ele>
      </trkpt>
      <trkpt lat="52.29832425713539" lon="5.742170959711075">
        <ele>22.36</ele>
      </trkpt>
      <trkpt lat="52.29825032874942" lon="5.74130586348474">
        <ele>22.26</ele>
      </trkpt>
      <trkpt lat="52.29823188856244" lon="5.741090280935168">
        <ele>22.27</ele>
      </trkpt>
      <trkpt lat="52.298194924369454" lon="5.740657774731517">
        <ele>22.35</ele>
      </trkpt>
      <trkpt lat="52.29817656800151" lon="5.740442192181945">
        <ele>22.35</ele>
      </trkpt>
      <trkpt lat="52.298151925206184" lon="5.740153854712844">
        <ele>22.31</ele>
      </trkpt>
      <trkpt lat="52.29810867458582" lon="5.7396484259516">
        <ele>22.18</ele>
      </trkpt>
      <trkpt lat="52.29809652082622" lon="5.7395057659596205">
        <ele>22.16</ele>
      </trkpt>
      <trkpt lat="52.29808419942856" lon="5.739361513406038">
        <ele>22.17</ele>
      </trkpt>
      <trkpt lat="52.298071878030896" lon="5.739217344671488">
        <ele>22.23</ele>
      </trkpt>
      <trkpt lat="52.29802234098315" lon="5.738637736067176">
        <ele>22.04</ele>
      </trkpt>
      <trkpt lat="52.29798512533307" lon="5.738202212378383">
        <ele>21.95</ele>
      </trkpt>
      <trkpt lat="52.29797280393541" lon="5.738058043643832">
        <ele>21.9</ele>
      </trkpt>
      <trkpt lat="52.29793558828533" lon="5.737622603774071">
        <ele>21.67</ele>
      </trkpt>
      <trkpt lat="52.29788605123758" lon="5.737042995169759">
        <ele>21.5</ele>
      </trkpt>
      <trkpt lat="52.29783643037081" lon="5.736461877822876">
        <ele>21.41</ele>
      </trkpt>
      <trkpt lat="52.29780541732907" lon="5.7360991928726435">
        <ele>21.31</ele>
      </trkpt>
      <trkpt lat="52.297768369317055" lon="5.735665177926421">
        <ele>21.26</ele>
      </trkpt>
      <trkpt lat="52.29773115366697" lon="5.73522973805666">
        <ele>21.15</ele>
      </trkpt>
      <trkpt lat="52.29771254584193" lon="5.7350127305835485">
        <ele>21.15</ele>
      </trkpt>
      <trkpt lat="52.29770014062524" lon="5.734867053106427">
        <ele>21.2</ele>
      </trkpt>
      <trkpt lat="52.29769393801689" lon="5.734794298186898">
        <ele>21.24</ele>
      </trkpt>
      <trkpt lat="52.29768161661923" lon="5.734650129452348">
        <ele>21.36</ele>
      </trkpt>
      <trkpt lat="52.29766292497516" lon="5.734431613236666">
        <ele>21.58</ele>
      </trkpt>
      <trkpt lat="52.29764993302524" lon="5.734279984608293">
        <ele>21.44</ele>
      </trkpt>
      <trkpt lat="52.29739193804562" lon="5.734349973499775">
        <ele>21.05</ele>
      </trkpt>
      <trkpt lat="52.29726059362292" lon="5.734385596588254">
        <ele>20.93</ele>
      </trkpt>
      <trkpt lat="52.29717191308737" lon="5.734409652650356">
        <ele>20.92</ele>
      </trkpt>
      <trkpt lat="52.29686404578388" lon="5.734493136405945">
        <ele>20.97</ele>
      </trkpt>
      <trkpt lat="52.296644020825624" lon="5.734552899375558">
        <ele>20.93</ele>
      </trkpt>
      <trkpt lat="52.29642483405769" lon="5.734612327069044">
        <ele>20.93</ele>
      </trkpt>
      <trkpt lat="52.296204809099436" lon="5.7346720062196255">
        <ele>20.96</ele>
      </trkpt>
      <trkpt lat="52.29598570615053" lon="5.734731433913112">
        <ele>21.07</ele>
      </trkpt>
      <trkpt lat="52.29585352353752" lon="5.734767308458686">
        <ele>21.11</ele>
      </trkpt>
      <trkpt lat="52.29501868598163" lon="5.734993787482381">
        <ele>21.16</ele>
      </trkpt>
      <trkpt lat="52.29471165686846" lon="5.735077103599906">
        <ele>21.23</ele>
      </trkpt>
      <trkpt lat="52.2944799810648" lon="5.7351399678736925">
        <ele>21.3</ele>
      </trkpt>
      <trkpt lat="52.29431988671422" lon="5.735212890431285">
        <ele>21.35</ele>
      </trkpt>
      <trkpt lat="52.29419080540538" lon="5.735271731391549">
        <ele>21.43</ele>
      </trkpt>
      <trkpt lat="52.29393348097801" lon="5.735388994216919">
        <ele>21.68</ele>
      </trkpt>
      <trkpt lat="52.2936337441206" lon="5.735525535419583">
        <ele>21.9</ele>
      </trkpt>
      <trkpt lat="52.29337650351226" lon="5.735642798244953">
        <ele>22.11</ele>
      </trkpt>
      <trkpt lat="52.29299093596637" lon="5.735818482935429">
        <ele>22.24</ele>
      </trkpt>
      <trkpt lat="52.29289999231696" lon="5.735859973356128">
        <ele>22.18</ele>
      </trkpt>
      <trkpt lat="52.2928652074188" lon="5.735874893143773">
        <ele>22.16</ele>
      </trkpt>
      <trkpt lat="52.29278080165386" lon="5.735911019146442">
        <ele>22.14</ele>
      </trkpt>
      <trkpt lat="52.29236061684787" lon="5.736091062426567">
        <ele>22.28</ele>
      </trkpt>
      <trkpt lat="52.292150147259235" lon="5.736181335523725">
        <ele>22.41</ele>
      </trkpt>
      <trkpt lat="52.29177170433104" lon="5.736343525350094">
        <ele>22.78</ele>
      </trkpt>
      <trkpt lat="52.29151161387563" lon="5.736455004662275">
        <ele>22.86</ele>
      </trkpt>
      <trkpt lat="52.29142460972071" lon="5.736492220312357">
        <ele>22.87</ele>
      </trkpt>
      <trkpt lat="52.291164519265294" lon="5.736603699624538">
        <ele>22.78</ele>
      </trkpt>
      <trkpt lat="52.29086084291339" lon="5.736733870580792">
        <ele>22.78</ele>
      </trkpt>
      <trkpt lat="52.2907739225775" lon="5.736771170049906">
        <ele>22.74</ele>
      </trkpt>
      <trkpt lat="52.29064425453544" lon="5.736826658248901">
        <ele>22.65</ele>
      </trkpt>
      <trkpt lat="52.290557250380516" lon="5.736863957718015">
        <ele>22.63</ele>
      </trkpt>
      <trkpt lat="52.2905199509114" lon="5.736879967153072">
        <ele>22.64</ele>
      </trkpt>
      <trkpt lat="52.29025457985699" lon="5.736999828368425">
        <ele>22.73</ele>
      </trkpt>
      <trkpt lat="52.28986540809274" lon="5.737175764515996">
        <ele>22.71</ele>
      </trkpt>
      <trkpt lat="52.28964957408607" lon="5.737273246049881">
        <ele>22.76</ele>
      </trkpt>
      <trkpt lat="52.28917373344302" lon="5.737488325685263">
        <ele>22.98</ele>
      </trkpt>
      <trkpt lat="52.288741981610656" lon="5.737683372572064">
        <ele>23.08</ele>
      </trkpt>
      <trkpt lat="52.288439478725195" lon="5.737820081412792">
        <ele>23.1</ele>
      </trkpt>
      <trkpt lat="52.2883528098464" lon="5.737859224900603">
        <ele>23.14</ele>
      </trkpt>
      <trkpt lat="52.28822364471853" lon="5.737917646765709">
        <ele>23.24</ele>
      </trkpt>
      <trkpt lat="52.28812993504107" lon="5.737959975376725">
        <ele>23.0</ele>
      </trkpt>
      <trkpt lat="52.28809867054224" lon="5.737774400040507">
        <ele>22.73</ele>
      </trkpt>
      <trkpt lat="52.288087187334895" lon="5.737706422805786">
        <ele>22.64</ele>
      </trkpt>
      <trkpt lat="52.2880644723773" lon="5.7375717256218195">
        <ele>22.53</ele>
      </trkpt>
      <trkpt lat="52.28804158978164" lon="5.737435687333345">
        <ele>22.47</ele>
      </trkpt>
      <trkpt lat="52.287891721352935" lon="5.736546954140067">
        <ele>22.26</ele>
      </trkpt>
      <trkpt lat="52.287839921191335" lon="5.736239925026894">
        <ele>22.26</ele>
      </trkpt>
      <trkpt lat="52.28783614933491" lon="5.736194243654609">
        <ele>22.26</ele>
      </trkpt>
      <trkpt lat="52.28782416321337" lon="5.7360499911010265">
        <ele>22.24</ele>
      </trkpt>
      <trkpt lat="52.28780999779701" lon="5.735879922285676">
        <ele>22.19</ele>
      </trkpt>
      <trkpt lat="52.28782994672656" lon="5.735769951716065">
        <ele>22.16</ele>
      </trkpt>
      <trkpt lat="52.28793991729617" lon="5.735409948974848">
        <ele>22.05</ele>
      </trkpt>
      <trkpt lat="52.2880092356354" lon="5.735260667279363">
        <ele>22.0</ele>
      </trkpt>
      <trkpt lat="52.28806254453957" lon="5.735145919024944">
        <ele>21.99</ele>
      </trkpt>
      <trkpt lat="52.28806992061436" lon="5.735129993408918">
        <ele>21.98</ele>
      </trkpt>
      <trkpt lat="52.28821509517729" lon="5.734882056713104">
        <ele>21.91</ele>
      </trkpt>
      <trkpt lat="52.28836798109114" lon="5.734620708972216">
        <ele>22.01</ele>
      </trkpt>
      <trkpt lat="52.28842958807945" lon="5.734515516087413">
        <ele>21.99</ele>
      </trkpt>
      <trkpt lat="52.28864399716258" lon="5.734148975461721">
        <ele>21.82</ele>
      </trkpt>
      <trkpt lat="52.28879696689546" lon="5.7338877115398645">
        <ele>21.76</ele>
      </trkpt>
      <trkpt lat="52.288950523361564" lon="5.733625274151564">
        <ele>21.64</ele>
      </trkpt>
      <trkpt lat="52.28901145979762" lon="5.733521170914173">
        <ele>21.61</ele>
      </trkpt>
      <trkpt lat="52.2890729829669" lon="5.73341597802937">
        <ele>21.63</ele>
      </trkpt>
      <trkpt lat="52.28909997269511" lon="5.733369961380959">
        <ele>21.65</ele>
      </trkpt>
      <trkpt lat="52.28919846005738" lon="5.733119258657098">
        <ele>21.8</ele>
      </trkpt>
      <trkpt lat="52.28920994326472" lon="5.733089921995997">
        <ele>21.8</ele>
      </trkpt>
      <trkpt lat="52.289248164743185" lon="5.732918176800013">
        <ele>21.82</ele>
      </trkpt>
      <trkpt lat="52.28932368569076" lon="5.732578206807375">
        <ele>21.8</ele>
      </trkpt>
      <trkpt lat="52.28934992104769" lon="5.7324599381536245">
        <ele>21.82</ele>
      </trkpt>
      <trkpt lat="52.28935142979026" lon="5.732440324500203">
        <ele>21.83</ele>
      </trkpt>
      <trkpt lat="52.28937800042331" lon="5.732081327587366">
        <ele>21.95</ele>
      </trkpt>
      <trkpt lat="52.28938998654485" lon="5.731919975951314">
        <ele>21.87</ele>
      </trkpt>
      <trkpt lat="52.289391830563545" lon="5.731736999005079">
        <ele>21.79</ele>
      </trkpt>
      <trkpt lat="52.28939317166805" lon="5.731598781421781">
        <ele>21.75</ele>
      </trkpt>
      <trkpt lat="52.289395267143846" lon="5.731393005698919">
        <ele>21.78</ele>
      </trkpt>
      <trkpt lat="52.28939945809543" lon="5.730979945510626">
        <ele>21.93</ele>
      </trkpt>
      <trkpt lat="52.28939996100962" lon="5.7309299893677235">
        <ele>21.93</ele>
      </trkpt>
      <trkpt lat="52.28939149528742" lon="5.73088338598609">
        <ele>21.93</ele>
      </trkpt>
      <trkpt lat="52.28937992826104" lon="5.730819934979081">
        <ele>21.92</ele>
      </trkpt>
      <trkpt lat="52.28929812088609" lon="5.730635533109307">
        <ele>21.89</ele>
      </trkpt>
      <trkpt lat="52.28903451003134" lon="5.7300417590886354">
        <ele>21.74</ele>
      </trkpt>
      <trkpt lat="52.28882378898561" lon="5.7295670080929995">
        <ele>21.71</ele>
      </trkpt>
      <trkpt lat="52.28877148590982" lon="5.729449158534408">
        <ele>21.74</ele>
      </trkpt>
      <trkpt lat="52.28869227692485" lon="5.7292707078158855">
        <ele>21.83</ele>
      </trkpt>
      <trkpt lat="52.28861357085407" lon="5.7290934305638075">
        <ele>21.96</ele>
      </trkpt>
      <trkpt lat="52.28852958418429" lon="5.728904167190194">
        <ele>20.78</ele>
      </trkpt>
      <trkpt lat="52.28846998885274" lon="5.728769972920418">
        <ele>20.8</ele>
      </trkpt>
      <trkpt lat="52.28797939606011" lon="5.729225110262632">
        <ele>20.92</ele>
      </trkpt>
      <trkpt lat="52.287747133523226" lon="5.729440692812204">
        <ele>20.93</ele>
      </trkpt>
      <trkpt lat="52.287477320060134" lon="5.729691060259938">
        <ele>21.0</ele>
      </trkpt>
      <trkpt lat="52.28732091374695" lon="5.729836234822869">
        <ele>21.0</ele>
      </trkpt>
      <trkpt lat="52.28712536394596" lon="5.730017619207501">
        <ele>21.09</ele>
      </trkpt>
      <trkpt lat="52.28692981414497" lon="5.730199087411165">
        <ele>21.1</ele>
      </trkpt>
      <trkpt lat="52.28685161098838" lon="5.730271674692631">
        <ele>21.08</ele>
      </trkpt>
      <trkpt lat="52.28677340783179" lon="5.730344178155065">
        <ele>21.02</ele>
      </trkpt>
      <trkpt lat="52.286577858030796" lon="5.730525646358728">
        <ele>20.78</ele>
      </trkpt>
      <trkpt lat="52.286460595205426" lon="5.730634527280927">
        <ele>20.66</ele>
      </trkpt>
      <trkpt lat="52.28606949560344" lon="5.730997379869223">
        <ele>20.4</ele>
      </trkpt>
      <trkpt lat="52.28595298714936" lon="5.7311055064201355">
        <ele>20.37</ele>
      </trkpt>
      <trkpt lat="52.28536566719413" lon="5.731650581583381">
        <ele>20.48</ele>
      </trkpt>
      <trkpt lat="52.28513994254172" lon="5.731859961524606">
        <ele>20.47</ele>
      </trkpt>
      <trkpt lat="52.28513089008629" lon="5.731867924332619">
        <ele>20.47</ele>
      </trkpt>
      <trkpt lat="52.28501203469932" lon="5.731972279027104">
        <ele>20.52</ele>
      </trkpt>
      <trkpt lat="52.28493282571435" lon="5.73204193264246">
        <ele>20.59</ele>
      </trkpt>
      <trkpt lat="52.28481397032738" lon="5.7321462873369455">
        <ele>20.76</ele>
      </trkpt>
      <trkpt lat="52.28453753516078" lon="5.732389111071825">
        <ele>21.34</ele>
      </trkpt>
      <trkpt lat="52.28448917157948" lon="5.732431607320905">
        <ele>21.38</ele>
      </trkpt>
      <trkpt lat="52.284399988129735" lon="5.732509978115559">
        <ele>21.39</ele>
      </trkpt>
      <trkpt lat="52.28442873805761" lon="5.732671329751611">
        <ele>21.41</ele>
      </trkpt>
      <trkpt lat="52.28446293622255" lon="5.732863359153271">
        <ele>21.49</ele>
      </trkpt>
      <trkpt lat="52.28454641997814" lon="5.73333190754056">
        <ele>21.54</ele>
      </trkpt>
      <trkpt lat="52.28460626676679" lon="5.733667854219675">
        <ele>21.7</ele>
      </trkpt>
      <trkpt lat="52.284654043614864" lon="5.733935991302133">
        <ele>21.8</ele>
      </trkpt>
      <trkpt lat="52.28476225398481" lon="5.734542924910784">
        <ele>21.86</ele>
      </trkpt>
      <trkpt lat="52.284920420497656" lon="5.735430736094713">
        <ele>21.86</ele>
      </trkpt>
      <trkpt lat="52.285005412995815" lon="5.735907834023237">
        <ele>21.82</ele>
      </trkpt>
      <trkpt lat="52.28504187427461" lon="5.7361124362796545">
        <ele>21.75</ele>
      </trkpt>
      <trkpt lat="52.285069953650236" lon="5.736269932240248">
        <ele>22.25</ele>
      </trkpt>
      <trkpt lat="52.28505411185324" lon="5.736320139840245">
        <ele>22.43</ele>
      </trkpt>
      <trkpt lat="52.28500993922353" lon="5.7364599499851465">
        <ele>22.34</ele>
      </trkpt>
      <trkpt lat="52.284954534843564" lon="5.736525245010853">
        <ele>22.29</ele>
      </trkpt>
      <trkpt lat="52.28483995422721" lon="5.7366599421948195">
        <ele>22.21</ele>
      </trkpt>
      <trkpt lat="52.28475999087095" lon="5.7367099821567535">
        <ele>22.16</ele>
      </trkpt>
      <trkpt lat="52.28469553403556" lon="5.736690619960427">
        <ele>22.13</ele>
      </trkpt>
      <trkpt lat="52.28455999866128" lon="5.736649967730045">
        <ele>22.1</ele>
      </trkpt>
      <trkpt lat="52.28453225456178" lon="5.736638652160764">
        <ele>22.1</ele>
      </trkpt>
      <trkpt lat="52.28434290736914" lon="5.736561371013522">
        <ele>22.13</ele>
      </trkpt>
      <trkpt lat="52.28417015634477" lon="5.7364908792078495">
        <ele>22.2</ele>
      </trkpt>
      <trkpt lat="52.28406999260187" lon="5.736449975520372">
        <ele>22.26</ele>
      </trkpt>
      <trkpt lat="52.28396639227867" lon="5.736452741548419">
        <ele>22.33</ele>
      </trkpt>
      <trkpt lat="52.28380009531975" lon="5.736457267776132">
        <ele>22.39</ele>
      </trkpt>
      <trkpt lat="52.28369993157685" lon="5.7364599499851465">
        <ele>22.45</ele>
      </trkpt>
      <trkpt lat="52.283446211367846" lon="5.736435391008854">
        <ele>22.62</ele>
      </trkpt>
      <trkpt lat="52.283389968797565" lon="5.736429942771792">
        <ele>22.64</ele>
      </trkpt>
      <trkpt lat="52.28322509676218" lon="5.7364346366375685">
        <ele>22.71</ele>
      </trkpt>
      <trkpt lat="52.2829148825258" lon="5.736443437635899">
        <ele>22.73</ele>
      </trkpt>
      <trkpt lat="52.28260466828942" lon="5.736452238634229">
        <ele>22.66</ele>
      </trkpt>
      <trkpt lat="52.28251565247774" lon="5.736454837024212">
        <ele>22.68</ele>
      </trkpt>
      <trkpt lat="52.28224944323301" lon="5.736462380737066">
        <ele>22.8</ele>
      </trkpt>
      <trkpt lat="52.282072333619" lon="5.736467409878969">
        <ele>22.84</ele>
      </trkpt>
      <trkpt lat="52.28189514018595" lon="5.736472439020872">
        <ele>22.95</ele>
      </trkpt>
      <trkpt lat="52.28167310357094" lon="5.736478725448251">
        <ele>23.17</ele>
      </trkpt>
      <trkpt lat="52.281629936769605" lon="5.7364799827337265">
        <ele>23.2</ele>
      </trkpt>
      <trkpt lat="52.281585009768605" lon="5.73648358695209">
        <ele>23.24</ele>
      </trkpt>
      <trkpt lat="52.281496077775955" lon="5.7364908792078495">
        <ele>23.27</ele>
      </trkpt>
      <trkpt lat="52.281319135800004" lon="5.7365052960813046">
        <ele>23.29</ele>
      </trkpt>
      <trkpt lat="52.2811399307102" lon="5.736519964411855">
        <ele>23.26</ele>
      </trkpt>
      <trkpt lat="52.28092476725578" lon="5.736613171175122">
        <ele>23.23</ele>
      </trkpt>
      <trkpt lat="52.28053995408118" lon="5.736779971048236">
        <ele>23.37</ele>
      </trkpt>
      <trkpt lat="52.28049259632826" lon="5.736804865300655">
        <ele>23.39</ele>
      </trkpt>
      <trkpt lat="52.280279444530606" lon="5.736917098984122">
        <ele>23.42</ele>
      </trkpt>
      <trkpt lat="52.28019470348954" lon="5.736961690708995">
        <ele>23.41</ele>
      </trkpt>
      <trkpt lat="52.27998155169189" lon="5.73707384057343">
        <ele>23.33</ele>
      </trkpt>
      <trkpt lat="52.279779966920614" lon="5.737179955467582">
        <ele>23.28</ele>
      </trkpt>
      <trkpt lat="52.279650466516614" lon="5.737290512770414">
        <ele>23.25</ele>
      </trkpt>
      <trkpt lat="52.27957075461745" lon="5.737358573824167">
        <ele>23.25</ele>
      </trkpt>
      <trkpt lat="52.27945189923048" lon="5.737459994852543">
        <ele>23.3</ele>
      </trkpt>
      <trkpt lat="52.27936992421746" lon="5.737529983744025">
        <ele>23.37</ele>
      </trkpt>
      <trkpt lat="52.279258696362376" lon="5.7376444805413485">
        <ele>23.47</ele>
      </trkpt>
      <trkpt lat="52.2791073191911" lon="5.737800300121307">
        <ele>23.57</ele>
      </trkpt>
      <trkpt lat="52.279029954224825" lon="5.737879928201437">
        <ele>23.58</ele>
      </trkpt>
      <trkpt lat="52.27864991873503" lon="5.738189974799752">
        <ele>23.67</ele>
      </trkpt>
      <trkpt lat="52.2785322368145" lon="5.738354260101914">
        <ele>23.7</ele>
      </trkpt>
      <trkpt lat="52.278259405866265" lon="5.738735133782029">
        <ele>23.79</ele>
      </trkpt>
      <trkpt lat="52.278169970959425" lon="5.738859940320253">
        <ele>23.84</ele>
      </trkpt>
      <trkpt lat="52.277979953214526" lon="5.739009976387024">
        <ele>23.93</ele>
      </trkpt>
      <trkpt lat="52.27795070037246" lon="5.739013245329261">
        <ele>23.95</ele>
      </trkpt>
      <trkpt lat="52.27786185219884" lon="5.7390230521559715">
        <ele>23.97</ele>
      </trkpt>
      <trkpt lat="52.27779999375343" lon="5.739029925316572">
        <ele>23.96</ele>
      </trkpt>
      <trkpt lat="52.277462454512715" lon="5.738952057436109">
        <ele>23.92</ele>
      </trkpt>
      <trkpt lat="52.27740998379886" lon="5.738939987495542">
        <ele>23.89</ele>
      </trkpt>
      <trkpt lat="52.27729992941022" lon="5.73895993642509">
        <ele>23.83</ele>
      </trkpt>
      <trkpt lat="52.27719993330538" lon="5.739019950851798">
        <ele>23.78</ele>
      </trkpt>
      <trkpt lat="52.27712793275714" lon="5.739101590588689">
        <ele>23.75</ele>
      </trkpt>
      <trkpt lat="52.277049981057644" lon="5.739189935848117">
        <ele>23.76</ele>
      </trkpt>
      <trkpt lat="52.27702097967267" lon="5.7392351143062115">
        <ele>23.77</ele>
      </trkpt>
      <trkpt lat="52.27686993777752" lon="5.739469975233078">
        <ele>23.86</ele>
      </trkpt>
      <trkpt lat="52.27686163969338" lon="5.739489588886499">
        <ele>23.87</ele>
      </trkpt>
      <trkpt lat="52.276784777641296" lon="5.739670721814036">
        <ele>23.87</ele>
      </trkpt>
      <trkpt lat="52.276729959994555" lon="5.7397999707609415">
        <ele>23.82</ele>
      </trkpt>
      <trkpt lat="52.27670489810407" lon="5.739846155047417">
        <ele>23.81</ele>
      </trkpt>
      <trkpt lat="52.27647992782295" lon="5.740259969606996">
        <ele>23.52</ele>
      </trkpt>
      <trkpt lat="52.27647062391043" lon="5.740284025669098">
        <ele>23.51</ele>
      </trkpt>
      <trkpt lat="52.276409938931465" lon="5.7404399290680885">
        <ele>23.45</ele>
      </trkpt>
      <trkpt lat="52.27640172466636" lon="5.740471528843045">
        <ele>23.44</ele>
      </trkpt>
      <trkpt lat="52.276366436854005" lon="5.740606728941202">
        <ele>23.42</ele>
      </trkpt>
      <trkpt lat="52.27634992450476" lon="5.740669928491116">
        <ele>23.42</ele>
      </trkpt>
      <trkpt lat="52.27635780349374" lon="5.740891881287098">
        <ele>23.46</ele>
      </trkpt>
      <trkpt lat="52.27636291645467" lon="5.741037139669061">
        <ele>23.45</ele>
      </trkpt>
      <trkpt lat="52.27637993171811" lon="5.741519937291741">
        <ele>23.22</ele>
      </trkpt>
      <trkpt lat="52.2764599788934" lon="5.741699980571866">
        <ele>23.12</ele>
      </trkpt>
      <trkpt lat="52.27647062391043" lon="5.741717079654336">
        <ele>23.11</ele>
      </trkpt>
      <trkpt lat="52.27653415873647" lon="5.741819003596902">
        <ele>23.08</ele>
      </trkpt>
      <trkpt lat="52.276629796251655" lon="5.741972392424941">
        <ele>23.06</ele>
      </trkpt>
      <trkpt lat="52.276693331077695" lon="5.742074400186539">
        <ele>23.08</ele>
      </trkpt>
      <trkpt lat="52.27675745263696" lon="5.742177329957485">
        <ele>23.15</ele>
      </trkpt>
      <trkpt lat="52.276820987463" lon="5.742279253900051">
        <ele>23.27</ele>
      </trkpt>
      <trkpt lat="52.27686080150306" lon="5.742343124002218">
        <ele>23.29</ele>
      </trkpt>
      <trkpt lat="52.2768899705261" lon="5.742389978840947">
        <ele>23.31</ele>
      </trkpt>
      <trkpt lat="52.27694235742092" lon="5.742501290515065">
        <ele>23.37</ele>
      </trkpt>
      <trkpt lat="52.276993906125426" lon="5.7426107581704855">
        <ele>23.45</ele>
      </trkpt>
      <trkpt lat="52.277049981057644" lon="5.742729948833585">
        <ele>23.56</ele>
      </trkpt>
      <trkpt lat="52.27723999880254" lon="5.743049969896674">
        <ele>23.92</ele>
      </trkpt>
      <trkpt lat="52.27733035571873" lon="5.743120294064283">
        <ele>24.05</ele>
      </trkpt>
      <trkpt lat="52.277419958263636" lon="5.743189947679639">
        <ele>24.16</ele>
      </trkpt>
      <trkpt lat="52.277445271611214" lon="5.743219871073961">
        <ele>24.2</ele>
      </trkpt>
      <trkpt lat="52.277529928833246" lon="5.743319950997829">
        <ele>24.15</ele>
      </trkpt>
      <trkpt lat="52.27754233404994" lon="5.743357082828879">
        <ele>24.15</ele>
      </trkpt>
      <trkpt lat="52.27757996879518" lon="5.7434699870646">
        <ele>24.13</ele>
      </trkpt>
      <trkpt lat="52.27764199487865" lon="5.743966111913323">
        <ele>24.07</ele>
      </trkpt>
      <trkpt lat="52.27764995768666" lon="5.7440299820154905">
        <ele>24.07</ele>
      </trkpt>
      <trkpt lat="52.27764995768666" lon="5.744105922058225">
        <ele>24.07</ele>
      </trkpt>
      <trkpt lat="52.27764995768666" lon="5.744248498231173">
        <ele>24.1</ele>
      </trkpt>
      <trkpt lat="52.27764995768666" lon="5.74432997033">
        <ele>24.13</ele>
      </trkpt>
      <trkpt lat="52.27764543145895" lon="5.744389146566391">
        <ele>24.16</ele>
      </trkpt>
      <trkpt lat="52.27763461880386" lon="5.744529124349356">
        <ele>24.27</ele>
      </trkpt>
      <trkpt lat="52.2776238899678" lon="5.744669185951352">
        <ele>24.43</ele>
      </trkpt>
      <trkpt lat="52.27760234847665" lon="5.7449491415172815">
        <ele>24.85</ele>
      </trkpt>
      <trkpt lat="52.277589943259954" lon="5.745109990239143">
        <ele>24.83</ele>
      </trkpt>
      <trkpt lat="52.27749388664961" lon="5.745044443756342">
        <ele>24.82</ele>
      </trkpt>
      <trkpt lat="52.2773699183017" lon="5.744959954172373">
        <ele>24.75</ele>
      </trkpt>
      <trkpt lat="52.277301186695695" lon="5.744951404631138">
        <ele>24.72</ele>
      </trkpt>
      <trkpt lat="52.27720999158919" lon="5.744939921423793">
        <ele>24.64</ele>
      </trkpt>
      <trkpt lat="52.277079904451966" lon="5.744959367439151">
        <ele>24.61</ele>
      </trkpt>
      <trkpt lat="52.27690254338086" lon="5.744985854253173">
        <ele>24.7</ele>
      </trkpt>
      <trkpt lat="52.27681478485465" lon="5.7449989300221205">
        <ele>24.72</ele>
      </trkpt>
      <trkpt lat="52.27672518230975" lon="5.745012341067195">
        <ele>24.73</ele>
      </trkpt>
      <trkpt lat="52.27654698304832" lon="5.745038911700249">
        <ele>24.7</ele>
      </trkpt>
      <trkpt lat="52.276415303349495" lon="5.74505852535367">
        <ele>24.73</ele>
      </trkpt>
      <trkpt lat="52.27601498365402" lon="5.745118288323283">
        <ele>24.77</ele>
      </trkpt>
      <trkpt lat="52.27592630311847" lon="5.745131531730294">
        <ele>24.82</ele>
      </trkpt>
      <trkpt lat="52.27566126734018" lon="5.745171094313264">
        <ele>25.09</ele>
      </trkpt>
      <trkpt lat="52.275482984259725" lon="5.745197748765349">
        <ele>25.2</ele>
      </trkpt>
      <trkpt lat="52.27526094764471" lon="5.745230857282877">
        <ele>25.39</ele>
      </trkpt>
      <trkpt lat="52.27519992738962" lon="5.745239993557334">
        <ele>25.41</ele>
      </trkpt>
      <trkpt lat="52.27512910030782" lon="5.745259523391724">
        <ele>25.45</ele>
      </trkpt>
      <trkpt lat="52.27490999735892" lon="5.74531995691359">
        <ele>25.49</ele>
      </trkpt>
      <trkpt lat="52.27486716583371" lon="5.745342252776027">
        <ele>25.5</ele>
      </trkpt>
      <trkpt lat="52.27473867125809" lon="5.745409308001399">
        <ele>25.47</ele>
      </trkpt>
      <trkpt lat="52.2745690215379" lon="5.7454978208988905">
        <ele>25.31</ele>
      </trkpt>
      <trkpt lat="52.27440029382706" lon="5.745585914701223">
        <ele>25.24</ele>
      </trkpt>
      <trkpt lat="52.27421999908984" lon="5.745679959654808">
        <ele>25.09</ele>
      </trkpt>
      <trkpt lat="52.27418730966747" lon="5.745693873614073">
        <ele>25.07</ele>
      </trkpt>
      <trkpt lat="52.27410030551255" lon="5.745731089264154">
        <ele>25.02</ele>
      </trkpt>
      <trkpt lat="52.273799227550626" lon="5.745859751477838">
        <ele>24.88</ele>
      </trkpt>
      <trkpt lat="52.27304996922612" lon="5.74617994017899">
        <ele>24.8</ele>
      </trkpt>
      <trkpt lat="52.27288828231394" lon="5.746219251304865">
        <ele>24.79</ele>
      </trkpt>
      <trkpt lat="52.27267999202013" lon="5.746269961819053">
        <ele>24.9</ele>
      </trkpt>
      <trkpt lat="52.272633388638496" lon="5.746274320408702">
        <ele>24.93</ele>
      </trkpt>
      <trkpt lat="52.27246189489961" lon="5.746290413662791">
        <ele>24.99</ele>
      </trkpt>
      <trkpt lat="52.27235997095704" lon="5.746299969032407">
        <ele>25.04</ele>
      </trkpt>
      <trkpt lat="52.2723344899714" lon="5.746303992345929">
        <ele>25.06</ele>
      </trkpt>
      <trkpt lat="52.27216266095638" lon="5.746331484988332">
        <ele>25.22</ele>
      </trkpt>
      <trkpt lat="52.27195143699646" lon="5.746365347877145">
        <ele>25.38</ele>
      </trkpt>
      <trkpt lat="52.27185999043286" lon="5.746379932388663">
        <ele>25.45</ele>
      </trkpt>
      <trkpt lat="52.27184993214905" lon="5.746389990672469">
        <ele>25.46</ele>
      </trkpt>
      <trkpt lat="52.27173778228462" lon="5.746389990672469">
        <ele>25.56</ele>
      </trkpt>
      <trkpt lat="52.271639965474606" lon="5.746389990672469">
        <ele>25.27</ele>
      </trkpt>
      <trkpt lat="52.271616496145725" lon="5.746264513581991">
        <ele>25.05</ele>
      </trkpt>
      <trkpt lat="52.27160358801484" lon="5.746195698156953">
        <ele>24.94</ele>
      </trkpt>
      <trkpt lat="52.27157752029598" lon="5.746056558564305">
        <ele>24.76</ele>
      </trkpt>
      <trkpt lat="52.27152572013438" lon="5.745779620483518">
        <ele>24.51</ele>
      </trkpt>
      <trkpt lat="52.2714607603848" lon="5.745432525873184">
        <ele>24.27</ele>
      </trkpt>
      <trkpt lat="52.27142186835408" lon="5.745224487036467">
        <ele>24.19</ele>
      </trkpt>
      <trkpt lat="52.271369732916355" lon="5.744946291670203">
        <ele>24.17</ele>
      </trkpt>
      <trkpt lat="52.27133084088564" lon="5.744738252833486">
        <ele>24.2</ele>
      </trkpt>
      <trkpt lat="52.27128993719816" lon="5.744519988074899">
        <ele>24.29</ele>
      </trkpt>
      <trkpt lat="52.27127501741052" lon="5.744388978928328">
        <ele>24.35</ele>
      </trkpt>
      <trkpt lat="52.271261271089315" lon="5.744269033893943">
        <ele>24.31</ele>
      </trkpt>
      <trkpt lat="52.271228581666946" lon="5.74398304335773">
        <ele>24.29</ele>
      </trkpt>
      <trkpt lat="52.271209973841906" lon="5.743819931522012">
        <ele>24.29</ele>
      </trkpt>
      <trkpt lat="52.27116999216378" lon="5.743669979274273">
        <ele>24.3</ele>
      </trkpt>
      <trkpt lat="52.27112280204892" lon="5.743595799431205">
        <ele>24.31</ele>
      </trkpt>
      <trkpt lat="52.27109991945326" lon="5.743559924885631">
        <ele>24.31</ele>
      </trkpt>
      <trkpt lat="52.27100411430001" lon="5.7435013353824615">
        <ele>24.34</ele>
      </trkpt>
      <trkpt lat="52.27087939158082" lon="5.743425143882632">
        <ele>24.41</ele>
      </trkpt>
      <trkpt lat="52.27050371468067" lon="5.743195563554764">
        <ele>24.72</ele>
      </trkpt>
      <trkpt lat="52.270420314744115" lon="5.743144601583481">
        <ele>24.75</ele>
      </trkpt>
      <trkpt lat="52.27025443688035" lon="5.743043264374137">
        <ele>24.76</ele>
      </trkpt>
      <trkpt lat="52.2699789237231" lon="5.742874871939421">
        <ele>24.93</ele>
      </trkpt>
      <trkpt lat="52.26953417994082" lon="5.742603130638599">
        <ele>25.28</ele>
      </trkpt>
      <trkpt lat="52.26936570368707" lon="5.742500117048621">
        <ele>25.43</ele>
      </trkpt>
      <trkpt lat="52.26929998956621" lon="5.7424599677324295">
        <ele>25.5</ele>
      </trkpt>
      <trkpt lat="52.26925170980394" lon="5.742391822859645">
        <ele>25.58</ele>
      </trkpt>
      <trkpt lat="52.269129920750856" lon="5.742219993844628">
        <ele>25.78</ele>
      </trkpt>
      <trkpt lat="52.269099997356534" lon="5.742099964991212">
        <ele>25.88</ele>
      </trkpt>
      <trkpt lat="52.26909354329109" lon="5.742052774876356">
        <ele>25.92</ele>
      </trkpt>
      <trkpt lat="52.26906999014318" lon="5.741879940032959">
        <ele>26.02</ele>
      </trkpt>
      <trkpt lat="52.269059931859374" lon="5.741439973935485">
        <ele>26.28</ele>
      </trkpt>
      <trkpt lat="52.26904953829944" lon="5.7413252256810665">
        <ele>26.35</ele>
      </trkpt>
      <trkpt lat="52.26902992464602" lon="5.741109978407621">
        <ele>26.45</ele>
      </trkpt>
      <trkpt lat="52.269029170274734" lon="5.74110746383667">
        <ele>26.45</ele>
      </trkpt>
      <trkpt lat="52.26893998682499" lon="5.740819964557886">
        <ele>26.56</ele>
      </trkpt>
      <trkpt lat="52.26888709701598" lon="5.74074100703001">
        <ele>26.6</ele>
      </trkpt>
      <trkpt lat="52.26850530132651" lon="5.740171121433377">
        <ele>26.97</ele>
      </trkpt>
      <trkpt lat="52.26825627498329" lon="5.739799467846751">
        <ele>27.23</ele>
      </trkpt>
      <trkpt lat="52.26815669797361" lon="5.739650772884488">
        <ele>27.19</ele>
      </trkpt>
      <trkpt lat="52.268024515360594" lon="5.739453546702862">
        <ele>27.1</ele>
      </trkpt>
      <trkpt lat="52.267924938350916" lon="5.739304851740599">
        <ele>27.06</ele>
      </trkpt>
      <trkpt lat="52.267579939216375" lon="5.738789951428771">
        <ele>27.02</ele>
      </trkpt>
      <trkpt lat="52.26755328476429" lon="5.738733625039458">
        <ele>27.02</ele>
      </trkpt>
      <trkpt lat="52.26748991757631" lon="5.738599933683872">
        <ele>27.01</ele>
      </trkpt>
      <trkpt lat="52.26738908328116" lon="5.738248815760016">
        <ele>27.0</ele>
      </trkpt>
      <trkpt lat="52.26723996922374" lon="5.737729975953698">
        <ele>26.83</ele>
      </trkpt>
      <trkpt lat="52.26720627397299" lon="5.737581197172403">
        <ele>26.79</ele>
      </trkpt>
      <trkpt lat="52.26717500947416" lon="5.737443398684263">
        <ele>26.76</ele>
      </trkpt>
      <trkpt lat="52.26714374497533" lon="5.737305600196123">
        <ele>26.76</ele>
      </trkpt>
      <trkpt lat="52.267112815752625" lon="5.7371691428124905">
        <ele>26.79</ele>
      </trkpt>
      <trkpt lat="52.26706998422742" lon="5.736979963257909">
        <ele>26.87</ele>
      </trkpt>
      <trkpt lat="52.26704810746014" lon="5.73681827634573">
        <ele>26.95</ele>
      </trkpt>
      <trkpt lat="52.26702891290188" lon="5.736676203086972">
        <ele>27.04</ele>
      </trkpt>
      <trkpt lat="52.267019944265485" lon="5.736609986051917">
        <ele>27.1</ele>
      </trkpt>
      <trkpt lat="52.267021955922246" lon="5.7365309447050095">
        <ele>27.18</ele>
      </trkpt>
      <trkpt lat="52.267023883759975" lon="5.736457519233227">
        <ele>27.28</ele>
      </trkpt>
      <trkpt lat="52.2670294996351" lon="5.73623875156045">
        <ele>27.65</ele>
      </trkpt>
      <trkpt lat="52.26702991873026" lon="5.736219976097345">
        <ele>27.65</ele>
      </trkpt>
      <trkpt lat="52.26700996980071" lon="5.736079998314381">
        <ele>27.67</ele>
      </trkpt>
      <trkpt lat="52.26703402586281" lon="5.736055858433247">
        <ele>27.68</ele>
      </trkpt>
      <trkpt lat="52.26709236390889" lon="5.735997604206204">
        <ele>27.93</ele>
      </trkpt>
      <trkpt lat="52.26711994037032" lon="5.735969943925738">
        <ele>27.91</ele>
      </trkpt>
      <trkpt lat="52.26704911328852" lon="5.735792834311724">
        <ele>27.87</ele>
      </trkpt>
      <trkpt lat="52.267039977014065" lon="5.735769951716065">
        <ele>27.84</ele>
      </trkpt>
      <trkpt lat="52.26703302003443" lon="5.73543450795114">
        <ele>27.48</ele>
      </trkpt>
      <trkpt lat="52.26702698506415" lon="5.73514373973012">
        <ele>27.14</ele>
      </trkpt>
      <trkpt lat="52.26702547632158" lon="5.735070314258337">
        <ele>27.08</ele>
      </trkpt>
      <trkpt lat="52.267022458836436" lon="5.734924888238311">
        <ele>27.01</ele>
      </trkpt>
      <trkpt lat="52.267002845183015" lon="5.733979074284434">
        <ele>26.74</ele>
      </trkpt>
      <trkpt lat="52.26699982769787" lon="5.733833648264408">
        <ele>26.73</ele>
      </trkpt>
      <trkpt lat="52.26698633283377" lon="5.733178602531552">
        <ele>26.75</ele>
      </trkpt>
      <trkpt lat="52.26698029786348" lon="5.732887834310532">
        <ele>26.84</ele>
      </trkpt>
      <trkpt lat="52.26697275415063" lon="5.732525065541267">
        <ele>26.92</ele>
      </trkpt>
      <trkpt lat="52.266965210437775" lon="5.732160871848464">
        <ele>27.06</ele>
      </trkpt>
      <trkpt lat="52.26695766672492" lon="5.731796594336629">
        <ele>27.25</ele>
      </trkpt>
      <trkpt lat="52.26694559678435" lon="5.731214974075556">
        <ele>27.4</ele>
      </trkpt>
      <trkpt lat="52.26694257929921" lon="5.731069631874561">
        <ele>27.47</ele>
      </trkpt>
      <trkpt lat="52.26693813689053" lon="5.730852289125323">
        <ele>27.6</ele>
      </trkpt>
      <trkpt lat="52.266929084435105" lon="5.7304145861417055">
        <ele>27.76</ele>
      </trkpt>
      <trkpt lat="52.266926066949964" lon="5.730269160121679">
        <ele>27.83</ele>
      </trkpt>
      <trkpt lat="52.26692003197968" lon="5.729978391900659">
        <ele>28.03</ele>
      </trkpt>
      <trkpt lat="52.26691550575197" lon="5.729761049151421">
        <ele>28.23</ele>
      </trkpt>
      <trkpt lat="52.266910979524255" lon="5.729542197659612">
        <ele>28.49</ele>
      </trkpt>
      <trkpt lat="52.2669034358114" lon="5.7291794288903475">
        <ele>28.95</ele>
      </trkpt>
      <trkpt lat="52.2668999992311" lon="5.729009946808219">
        <ele>29.06</ele>
      </trkpt>
      <trkpt lat="52.26689212024212" lon="5.728666875511408">
        <ele>29.29</ele>
      </trkpt>
      <trkpt lat="52.26688717491925" lon="5.72844659909606">
        <ele>29.46</ele>
      </trkpt>
      <trkpt lat="52.266878793016076" lon="5.728079471737146">
        <ele>29.84</ele>
      </trkpt>
      <trkpt lat="52.26686546579003" lon="5.727492067962885">
        <ele>30.39</ele>
      </trkpt>
      <trkpt lat="52.26686043664813" lon="5.727271791547537">
        <ele>30.57</ele>
      </trkpt>
      <trkpt lat="52.26685540750623" lon="5.72705302387476">
        <ele>30.69</ele>
      </trkpt>
      <trkpt lat="52.26684710942209" lon="5.726685896515846">
        <ele>30.74</ele>
      </trkpt>
      <trkpt lat="52.26684375666082" lon="5.726539045572281">
        <ele>30.72</ele>
      </trkpt>
      <trkpt lat="52.26684040389955" lon="5.7263921946287155">
        <ele>30.67</ele>
      </trkpt>
      <trkpt lat="52.26683537475765" lon="5.7261719182133675">
        <ele>30.52</ele>
      </trkpt>
      <trkpt lat="52.266818694770336" lon="5.725437663495541">
        <ele>29.78</ele>
      </trkpt>
      <trkpt lat="52.266810396686196" lon="5.725072044879198">
        <ele>29.38</ele>
      </trkpt>
      <trkpt lat="52.266798662021756" lon="5.724558066576719">
        <ele>28.89</ele>
      </trkpt>
      <trkpt lat="52.26679530926049" lon="5.724411215633154">
        <ele>28.8</ele>
      </trkpt>
      <trkpt lat="52.26678868755698" lon="5.724117513746023">
        <ele>28.66</ele>
      </trkpt>
      <trkpt lat="52.26678365841508" lon="5.723897237330675">
        <ele>28.57</ele>
      </trkpt>
      <trkpt lat="52.266778629273176" lon="5.723678385838866">
        <ele>28.51</ele>
      </trkpt>
      <trkpt lat="52.266773683950305" lon="5.723459618166089">
        <ele>28.37</ele>
      </trkpt>
      <trkpt lat="52.266770331189036" lon="5.723312767222524">
        <ele>28.3</ele>
      </trkpt>
      <trkpt lat="52.26674711331725" lon="5.722290677949786">
        <ele>27.89</ele>
      </trkpt>
      <trkpt lat="52.26673546247184" lon="5.721778124570847">
        <ele>27.79</ele>
      </trkpt>
      <trkpt lat="52.26672548800707" lon="5.721340589225292">
        <ele>27.66</ele>
      </trkpt>
      <trkpt lat="52.2667221352458" lon="5.721195163205266">
        <ele>27.68</ele>
      </trkpt>
      <trkpt lat="52.266715513542295" lon="5.720901461318135">
        <ele>27.77</ele>
      </trkpt>
      <trkpt lat="52.266703862696886" lon="5.7203904166817665">
        <ele>27.88</ele>
      </trkpt>
      <trkpt lat="52.266695564612746" lon="5.720024798065424">
        <ele>28.01</ele>
      </trkpt>
      <trkpt lat="52.26669388823211" lon="5.719951372593641">
        <ele>28.02</ele>
      </trkpt>
      <trkpt lat="52.266687182709575" lon="5.71965909563005">
        <ele>28.0</ele>
      </trkpt>
      <trkpt lat="52.26668391376734" lon="5.719513753429055">
        <ele>28.01</ele>
      </trkpt>
      <trkpt lat="52.26667997427285" lon="5.719339996576309">
        <ele>27.89</ele>
      </trkpt>
      <trkpt lat="52.26666639558971" lon="5.718857534229755">
        <ele>27.59</ele>
      </trkpt>
      <trkpt lat="52.266662288457155" lon="5.718712192028761">
        <ele>27.55</ele>
      </trkpt>
      <trkpt lat="52.26666019298136" lon="5.718638766556978">
        <ele>27.55</ele>
      </trkpt>
      <trkpt lat="52.26665608584881" lon="5.718493424355984">
        <ele>27.6</ele>
      </trkpt>
      <trkpt lat="52.26664996705949" lon="5.718274740502238">
        <ele>27.76</ele>
      </trkpt>
      <trkpt lat="52.26664577610791" lon="5.718127889558673">
        <ele>27.92</ele>
      </trkpt>
      <trkpt lat="52.26663999259472" lon="5.717919934540987">
        <ele>28.17</ele>
      </trkpt>
      <trkpt lat="52.266616858541965" lon="5.7176947966217995">
        <ele>28.45</ele>
      </trkpt>
      <trkpt lat="52.26659992709756" lon="5.717529924586415">
        <ele>28.26</ele>
      </trkpt>
      <trkpt lat="52.2667134180665" lon="5.717588011175394">
        <ele>28.05</ele>
      </trkpt>
      <trkpt lat="52.26684048771858" lon="5.7176529709249735">
        <ele>27.85</ele>
      </trkpt>
      <trkpt lat="52.26705246604979" lon="5.717761432752013">
        <ele>27.61</ele>
      </trkpt>
      <trkpt lat="52.26717945188284" lon="5.717826392501593">
        <ele>27.5</ele>
      </trkpt>
      <trkpt lat="52.26730652153492" lon="5.717891352251172">
        <ele>27.47</ele>
      </trkpt>
      <trkpt lat="52.26760349236429" lon="5.71804323233664">
        <ele>27.49</ele>
      </trkpt>
      <trkpt lat="52.26802661083639" lon="5.7182596530765295">
        <ele>27.49</ele>
      </trkpt>
      <trkpt lat="52.268111519515514" lon="5.71830315515399">
        <ele>27.52</ele>
      </trkpt>
      <trkpt lat="52.268238589167595" lon="5.718368114903569">
        <ele>27.62</ele>
      </trkpt>
      <trkpt lat="52.26833992637694" lon="5.718419998884201">
        <ele>27.56</ele>
      </trkpt>
      <trkpt lat="52.26854176260531" lon="5.718468697741628">
        <ele>27.46</ele>
      </trkpt>
      <trkpt lat="52.268673442304134" lon="5.718500465154648">
        <ele>27.43</ele>
      </trkpt>
      <trkpt lat="52.26876153610647" lon="5.7185217551887035">
        <ele>27.44</ele>
      </trkpt>
      <trkpt lat="52.26884870789945" lon="5.718542793765664">
        <ele>27.48</ele>
      </trkpt>
      <trkpt lat="52.26891995407641" lon="5.718559976667166">
        <ele>27.53</ele>
      </trkpt>
      <trkpt lat="52.26911298930645" lon="5.718594593927264">
        <ele>27.7</ele>
      </trkpt>
      <trkpt lat="52.26942228153348" lon="5.718649998307228">
        <ele>27.91</ele>
      </trkpt>
      <trkpt lat="52.26955463178456" lon="5.7186737190932035">
        <ele>27.98</ele>
      </trkpt>
      <trkpt lat="52.269686898216605" lon="5.718697439879179">
        <ele>27.99</ele>
      </trkpt>
      <trkpt lat="52.26986300200224" lon="5.718729039654136">
        <ele>27.91</ele>
      </trkpt>
      <trkpt lat="52.26999535225332" lon="5.7187526766210794">
        <ele>27.79</ele>
      </trkpt>
      <trkpt lat="52.27008386515081" lon="5.718768602237105">
        <ele>27.67</ele>
      </trkpt>
      <trkpt lat="52.27030464448035" lon="5.718808164820075">
        <ele>27.29</ele>
      </trkpt>
      <trkpt lat="52.27039223536849" lon="5.718823838979006">
        <ele>27.16</ele>
      </trkpt>
      <trkpt lat="52.27052458561957" lon="5.718847559764981">
        <ele>27.04</ele>
      </trkpt>
      <trkpt lat="52.27083479985595" lon="5.71890321560204">
        <ele>26.61</ele>
      </trkpt>
      <trkpt lat="52.2710117418319" lon="5.718934899196029">
        <ele>26.41</ele>
      </trkpt>
      <trkpt lat="52.271145014092326" lon="5.718958787620068">
        <ele>26.29</ele>
      </trkpt>
      <trkpt lat="52.271322878077626" lon="5.7189906388521194">
        <ele>26.17</ele>
      </trkpt>
      <trkpt lat="52.27145514450967" lon="5.719014359638095">
        <ele>26.0</ele>
      </trkpt>
      <trkpt lat="52.27167684584856" lon="5.719054089859128">
        <ele>25.68</ele>
      </trkpt>
      <trkpt lat="52.27198798209429" lon="5.7191099133342505">
        <ele>25.39</ele>
      </trkpt>
      <trkpt lat="52.27203894406557" lon="5.719119049608707">
        <ele>25.37</ele>
      </trkpt>
      <trkpt lat="52.27209996432066" lon="5.71912994608283">
        <ele>25.32</ele>
      </trkpt>
      <trkpt lat="52.27217808365822" lon="5.719361202791333">
        <ele>25.2</ele>
      </trkpt>
      <trkpt lat="52.27235016413033" lon="5.719870822504163">
        <ele>25.09</ele>
      </trkpt>
      <trkpt lat="52.27252224460244" lon="5.720380358397961">
        <ele>25.07</ele>
      </trkpt>
      <trkpt lat="52.27262953296304" lon="5.720698200166225">
        <ele>25.13</ele>
      </trkpt>
      <trkpt lat="52.27267253212631" lon="5.720825605094433">
        <ele>25.14</ele>
      </trkpt>
      <trkpt lat="52.27280161343515" lon="5.721207736060023">
        <ele>25.05</ele>
      </trkpt>
      <trkpt lat="52.27297369390726" lon="5.721717271953821">
        <ele>25.02</ele>
      </trkpt>
      <trkpt lat="52.2730596922338" lon="5.721972081810236">
        <ele>25.04</ele>
      </trkpt>
      <trkpt lat="52.27316748350859" lon="5.7222911808639765">
        <ele>25.11</ele>
      </trkpt>
      <trkpt lat="52.27325356565416" lon="5.722545990720391">
        <ele>25.18</ele>
      </trkpt>
      <trkpt lat="52.27333914488554" lon="5.722799459472299">
        <ele>25.29</ele>
      </trkpt>
      <trkpt lat="52.27338993921876" lon="5.7229499984532595">
        <ele>24.96</ele>
      </trkpt>
      <trkpt lat="52.27344073355198" lon="5.722774565219879">
        <ele>24.59</ele>
      </trkpt>
      <trkpt lat="52.273479206487536" lon="5.72264171205461">
        <ele>24.36</ele>
      </trkpt>
      <trkpt lat="52.273517679423094" lon="5.722508858889341">
        <ele>24.2</ele>
      </trkpt>
      <trkpt lat="52.273575430735946" lon="5.722309537231922">
        <ele>24.06</ele>
      </trkpt>
      <trkpt lat="52.273633098229766" lon="5.722110299393535">
        <ele>23.96</ele>
      </trkpt>
      <trkpt lat="52.273767376318574" lon="5.721646612510085">
        <ele>23.82</ele>
      </trkpt>
      <trkpt lat="52.27386351674795" lon="5.721314521506429">
        <ele>23.69</ele>
      </trkpt>
      <trkpt lat="52.27415168657899" lon="5.720319505780935">
        <ele>23.46</ele>
      </trkpt>
      <trkpt lat="52.27430557832122" lon="5.71978809311986">
        <ele>23.26</ele>
      </trkpt>
      <trkpt lat="52.27436291053891" lon="5.719590112566948">
        <ele>23.22</ele>
      </trkpt>
      <trkpt lat="52.274593664333224" lon="5.7187929935753345">
        <ele>23.13</ele>
      </trkpt>
      <trkpt lat="52.27463213726878" lon="5.718660140410066">
        <ele>23.13</ele>
      </trkpt>
      <trkpt lat="52.27467027492821" lon="5.718528628349304">
        <ele>23.15</ele>
      </trkpt>
      <trkpt lat="52.27470874786377" lon="5.718395775184035">
        <ele>23.21</ele>
      </trkpt>
      <trkpt lat="52.27474722079933" lon="5.718262922018766">
        <ele>23.33</ele>
      </trkpt>
      <trkpt lat="52.274785693734884" lon="5.7181300688534975">
        <ele>23.52</ele>
      </trkpt>
      <trkpt lat="52.274843361228704" lon="5.71793083101511">
        <ele>23.88</ele>
      </trkpt>
      <trkpt lat="52.27488996461034" lon="5.717769982293248">
        <ele>23.5</ele>
      </trkpt>
      <trkpt lat="52.27494955994189" lon="5.7178243808448315">
        <ele>23.27</ele>
      </trkpt>
      <trkpt lat="52.27502726018429" lon="5.717895459383726">
        <ele>23.01</ele>
      </trkpt>
      <trkpt lat="52.27506648749113" lon="5.7179313339293">
        <ele>22.91</ele>
      </trkpt>
      <trkpt lat="52.27514418773353" lon="5.718002328649163">
        <ele>22.75</ele>
      </trkpt>
      <trkpt lat="52.27522188797593" lon="5.718073407188058">
        <ele>22.64</ele>
      </trkpt>
      <trkpt lat="52.27533806115389" lon="5.71817952208221">
        <ele>22.51</ele>
      </trkpt>
      <trkpt lat="52.27541576139629" lon="5.718250600621104">
        <ele>22.45</ele>
      </trkpt>
      <trkpt lat="52.27564886212349" lon="5.718463668599725">
        <ele>22.42</ele>
      </trkpt>
      <trkpt lat="52.27572656236589" lon="5.718534663319588">
        <ele>22.43</ele>
      </trkpt>
      <trkpt lat="52.27580426260829" lon="5.718605741858482">
        <ele>22.47</ele>
      </trkpt>
      <trkpt lat="52.27584273554385" lon="5.718640862032771">
        <ele>22.52</ele>
      </trkpt>
      <trkpt lat="52.27592043578625" lon="5.718711940571666">
        <ele>22.67</ele>
      </trkpt>
      <trkpt lat="52.27607583627105" lon="5.718853930011392">
        <ele>23.08</ele>
      </trkpt>
      <trkpt lat="52.276169965043664" lon="5.718939928337932">
        <ele>22.89</ele>
      </trkpt>
      <trkpt lat="52.27619796060026" lon="5.7188330590724945">
        <ele>22.78</ele>
      </trkpt>
      <trkpt lat="52.27623341605067" lon="5.718697942793369">
        <ele>22.67</ele>
      </trkpt>
      <trkpt lat="52.27626887150109" lon="5.718562826514244">
        <ele>22.61</ele>
      </trkpt>
      <trkpt lat="52.27632159367204" lon="5.718361577019095">
        <ele>22.59</ele>
      </trkpt>
      <trkpt lat="52.27635704912245" lon="5.71822646073997">
        <ele>22.6</ele>
      </trkpt>
      <trkpt lat="52.27639250457287" lon="5.718091344460845">
        <ele>22.65</ele>
      </trkpt>
      <trkpt lat="52.27651605382562" lon="5.717619862407446">
        <ele>22.87</ele>
      </trkpt>
      <trkpt lat="52.27667514234781" lon="5.71701318025589">
        <ele>23.1</ele>
      </trkpt>
      <trkpt lat="52.27677999995649" lon="5.716613279655576">
        <ele>23.02</ele>
      </trkpt>
      <trkpt lat="52.276849737390876" lon="5.716347154229879">
        <ele>22.99</ele>
      </trkpt>
      <trkpt lat="52.27693724445999" lon="5.71601347066462">
        <ele>22.99</ele>
      </trkpt>
      <trkpt lat="52.277029948309064" lon="5.715659921988845">
        <ele>22.92</ele>
      </trkpt>
      <trkpt lat="52.277045706287026" lon="5.715614827349782">
        <ele>22.92</ele>
      </trkpt>
      <trkpt lat="52.27755071595311" lon="5.7141633331775665">
        <ele>22.92</ele>
      </trkpt>
      <trkpt lat="52.2777481097728" lon="5.713596045970917">
        <ele>22.85</ele>
      </trkpt>
      <trkpt lat="52.27779211476445" lon="5.713469563052058">
        <ele>22.86</ele>
      </trkpt>
      <trkpt lat="52.27794592268765" lon="5.7130274176597595">
        <ele>22.99</ele>
      </trkpt>
      <trkpt lat="52.2779899276793" lon="5.712900934740901">
        <ele>23.06</ele>
      </trkpt>
      <trkpt lat="52.278011720627546" lon="5.71283832192421">
        <ele>23.12</ele>
      </trkpt>
      <trkpt lat="52.27803351357579" lon="5.712775709107518">
        <ele>23.2</ele>
      </trkpt>
      <trkpt lat="52.2780557256192" lon="5.712711839005351">
        <ele>23.31</ele>
      </trkpt>
      <trkpt lat="52.27812152355909" lon="5.712522743269801">
        <ele>23.68</ele>
      </trkpt>
      <trkpt lat="52.278165528550744" lon="5.712396260350943">
        <ele>23.9</ele>
      </trkpt>
      <trkpt lat="52.278185142204165" lon="5.712340017780662">
        <ele>23.91</ele>
      </trkpt>
      <trkpt lat="52.27821992710233" lon="5.712239937856793">
        <ele>23.86</ele>
      </trkpt>
      <trkpt lat="52.2781799454242" lon="5.712209930643439">
        <ele>23.83</ele>
      </trkpt>
      <trkpt lat="52.278188494965434" lon="5.712181180715561">
        <ele>23.82</ele>
      </trkpt>
      <trkpt lat="52.278266279026866" lon="5.711917821317911">
        <ele>23.73</ele>
      </trkpt>
      <trkpt lat="52.27830994874239" lon="5.711769964545965">
        <ele>23.71</ele>
      </trkpt>
      <trkpt lat="52.2783699631691" lon="5.711639961227775">
        <ele>23.69</ele>
      </trkpt>
      <trkpt lat="52.278426960110664" lon="5.7115796115249395">
        <ele>23.68</ele>
      </trkpt>
      <trkpt lat="52.278539445251226" lon="5.711460504680872">
        <ele>23.72</ele>
      </trkpt>
      <trkpt lat="52.278709933161736" lon="5.711279958486557">
        <ele>23.86</ele>
      </trkpt>
      <trkpt lat="52.278805654495955" lon="5.711191948503256">
        <ele>23.94</ele>
      </trkpt>
      <trkpt lat="52.27892316877842" lon="5.711083821952343">
        <ele>24.0</ele>
      </trkpt>
      <trkpt lat="52.27895996533334" lon="5.71104995906353">
        <ele>24.0</ele>
      </trkpt>
      <trkpt lat="52.278999695554376" lon="5.711009474471211">
        <ele>24.02</ele>
      </trkpt>
      <trkpt lat="52.279455503448844" lon="5.71054570376873">
        <ele>23.95</ele>
      </trkpt>
      <trkpt lat="52.27952993474901" lon="5.7104699313640594">
        <ele>23.9</ele>
      </trkpt>
      <trkpt lat="52.27961995638907" lon="5.710349986329675">
        <ele>23.84</ele>
      </trkpt>
      <trkpt lat="52.27965708822012" lon="5.710264490917325">
        <ele>23.81</ele>
      </trkpt>
      <trkpt lat="52.279719952493906" lon="5.710119986906648">
        <ele>23.78</ele>
      </trkpt>
      <trkpt lat="52.27972799912095" lon="5.710080424323678">
        <ele>23.78</ele>
      </trkpt>
      <trkpt lat="52.27982992306352" lon="5.709579940885305">
        <ele>23.9</ele>
      </trkpt>
      <trkpt lat="52.279869904741645" lon="5.709311133250594">
        <ele>23.94</ele>
      </trkpt>
      <trkpt lat="52.27989111095667" lon="5.709168305620551">
        <ele>23.94</ele>
      </trkpt>
      <trkpt lat="52.27993997745216" lon="5.708839986473322">
        <ele>23.9</ele>
      </trkpt>
      <trkpt lat="52.27996009401977" lon="5.708745354786515">
        <ele>23.89</ele>
      </trkpt>
      <trkpt lat="52.280004350468516" lon="5.708537148311734">
        <ele>23.89</ele>
      </trkpt>
      <trkpt lat="52.280039973556995" lon="5.708369929343462">
        <ele>23.92</ele>
      </trkpt>
      <trkpt lat="52.280079955235124" lon="5.708049992099404">
        <ele>23.97</ele>
      </trkpt>
      <trkpt lat="52.280077524483204" lon="5.707749500870705">
        <ele>24.03</ele>
      </trkpt>
      <trkpt lat="52.280075093731284" lon="5.707458481192589">
        <ele>24.1</ele>
      </trkpt>
      <trkpt lat="52.28007148951292" lon="5.707016084343195">
        <ele>24.3</ele>
      </trkpt>
      <trkpt lat="52.28006998077035" lon="5.706829922273755">
        <ele>24.45</ele>
      </trkpt>
      <trkpt lat="52.280039973556995" lon="5.7067199517041445">
        <ele>24.55</ele>
      </trkpt>
      <trkpt lat="52.27997995913029" lon="5.706639988347888">
        <ele>24.66</ele>
      </trkpt>
      <trkpt lat="52.279979791492224" lon="5.706639485433698">
        <ele>24.66</ele>
      </trkpt>
      <trkpt lat="52.27991768158972" lon="5.706445444375277">
        <ele>24.82</ele>
      </trkpt>
      <trkpt lat="52.27985515259206" lon="5.706250062212348">
        <ele>24.94</ele>
      </trkpt>
      <trkpt lat="52.27981994859874" lon="5.706139924004674">
        <ele>24.99</ele>
      </trkpt>
      <trkpt lat="52.279761862009764" lon="5.7060010358691216">
        <ele>25.06</ele>
      </trkpt>
      <trkpt lat="52.279711654409766" lon="5.705880923196673">
        <ele>25.15</ele>
      </trkpt>
      <trkpt lat="52.279589949175715" lon="5.705589987337589">
        <ele>25.39</ele>
      </trkpt>
      <trkpt lat="52.27956371381879" lon="5.705515891313553">
        <ele>25.46</ele>
      </trkpt>
      <trkpt lat="52.2794199641794" lon="5.705109955742955">
        <ele>25.85</ele>
      </trkpt>
      <trkpt lat="52.2794041223824" lon="5.705074332654476">
        <ele>25.89</ele>
      </trkpt>
      <trkpt lat="52.279179990291595" lon="5.704569993540645">
        <ele>26.27</ele>
      </trkpt>
      <trkpt lat="52.27914989925921" lon="5.704474775120616">
        <ele>26.34</ele>
      </trkpt>
      <trkpt lat="52.27911997586489" lon="5.704379975795746">
        <ele>26.37</ele>
      </trkpt>
      <trkpt lat="52.27907320484519" lon="5.704057523980737">
        <ele>26.49</ele>
      </trkpt>
      <trkpt lat="52.279052501544356" lon="5.70391452871263">
        <ele>26.56</ele>
      </trkpt>
      <trkpt lat="52.279031965881586" lon="5.703772874549031">
        <ele>26.69</ele>
      </trkpt>
      <trkpt lat="52.27901997976005" lon="5.703689977526665">
        <ele>26.79</ele>
      </trkpt>
      <trkpt lat="52.27898276410997" lon="5.7035707868635654">
        <ele>27.04</ele>
      </trkpt>
      <trkpt lat="52.27892174385488" lon="5.703375739976764">
        <ele>27.48</ele>
      </trkpt>
      <trkpt lat="52.27886994369328" lon="5.703209945932031">
        <ele>27.41</ele>
      </trkpt>
      <trkpt lat="52.27876131422818" lon="5.7031820341944695">
        <ele>27.36</ele>
      </trkpt>
      <trkpt lat="52.27867246605456" lon="5.703159151598811">
        <ele>27.36</ele>
      </trkpt>
      <trkpt lat="52.27862888015807" lon="5.703148003667593">
        <ele>27.39</ele>
      </trkpt>
      <trkpt lat="52.27854003198445" lon="5.703125121071935">
        <ele>27.5</ele>
      </trkpt>
      <trkpt lat="52.27851999923587" lon="5.703119924291968">
        <ele>27.53</ele>
      </trkpt>
      <trkpt lat="52.27836065925658" lon="5.703107686713338">
        <ele>27.83</ele>
      </trkpt>
      <trkpt lat="52.27827172726393" lon="5.703100897371769">
        <ele>27.94</ele>
      </trkpt>
      <trkpt lat="52.27825999259949" lon="5.70309997536242">
        <ele>27.94</ele>
      </trkpt>
      <trkpt lat="52.27791901677847" lon="5.70320650935173">
        <ele>28.16</ele>
      </trkpt>
      <trkpt lat="52.27777996100485" lon="5.703249927610159">
        <ele>28.22</ele>
      </trkpt>
      <trkpt lat="52.27774266153574" lon="5.703264093026519">
        <ele>28.24</ele>
      </trkpt>
      <trkpt lat="52.27748072706163" lon="5.703363418579102">
        <ele>28.28</ele>
      </trkpt>
      <trkpt lat="52.27719993330538" lon="5.703469952568412">
        <ele>28.17</ele>
      </trkpt>
      <trkpt lat="52.27717596106231" lon="5.70348453707993">
        <ele>28.17</ele>
      </trkpt>
      <trkpt lat="52.277049561962485" lon="5.703561482951045">
        <ele>28.14</ele>
      </trkpt>
      <trkpt lat="52.276969933882356" lon="5.7036099303513765">
        <ele>28.14</ele>
      </trkpt>
      <trkpt lat="52.27672107517719" lon="5.70379332639277">
        <ele>28.18</ele>
      </trkpt>
      <trkpt lat="52.276639100164175" lon="5.703853759914637">
        <ele>28.21</ele>
      </trkpt>
      <trkpt lat="52.27658998221159" lon="5.703889969736338">
        <ele>28.24</ele>
      </trkpt>
      <trkpt lat="52.276512114331126" lon="5.703926431015134">
        <ele>28.3</ele>
      </trkpt>
      <trkpt lat="52.2762699611485" lon="5.7040399219840765">
        <ele>28.51</ele>
      </trkpt>
      <trkpt lat="52.276253029704094" lon="5.704042688012123">
        <ele>28.53</ele>
      </trkpt>
      <trkpt lat="52.276030238717794" lon="5.704078646376729">
        <ele>28.78</ele>
      </trkpt>
      <trkpt lat="52.27595999836922" lon="5.704089961946011">
        <ele>28.88</ele>
      </trkpt>
      <trkpt lat="52.27580619044602" lon="5.704069342464209">
        <ele>29.12</ele>
      </trkpt>
      <trkpt lat="52.27576143108308" lon="5.704063307493925">
        <ele>29.17</ele>
      </trkpt>
      <trkpt lat="52.2756726667285" lon="5.7040514051914215">
        <ele>29.22</ele>
      </trkpt>
      <trkpt lat="52.275538221001625" lon="5.704033384099603">
        <ele>29.21</ele>
      </trkpt>
      <trkpt lat="52.27522540837526" lon="5.703991390764713">
        <ele>29.04</ele>
      </trkpt>
      <trkpt lat="52.275139996781945" lon="5.7039799913764">
        <ele>29.02</ele>
      </trkpt>
      <trkpt lat="52.274957774206996" lon="5.7039492297917604">
        <ele>28.99</ele>
      </trkpt>
      <trkpt lat="52.27460087276995" lon="5.7038891315460205">
        <ele>28.84</ele>
      </trkpt>
      <trkpt lat="52.274466678500175" lon="5.703866500407457">
        <ele>28.81</ele>
      </trkpt>
      <trkpt lat="52.274333322420716" lon="5.703844036906958">
        <ele>28.84</ele>
      </trkpt>
      <trkpt lat="52.27424992248416" lon="5.703829955309629">
        <ele>28.88</ele>
      </trkpt>
      <trkpt lat="52.2741995472461" lon="5.703817047178745">
        <ele>28.91</ele>
      </trkpt>
      <trkpt lat="52.27406711317599" lon="5.703783268108964">
        <ele>29.01</ele>
      </trkpt>
      <trkpt lat="52.27388941682875" lon="5.703737922012806">
        <ele>29.18</ele>
      </trkpt>
      <trkpt lat="52.27377994917333" lon="5.703709926456213">
        <ele>29.09</ele>
      </trkpt>
      <trkpt lat="52.273687748238444" lon="5.703677739948034">
        <ele>29.03</ele>
      </trkpt>
      <trkpt lat="52.27357995696366" lon="5.703639937564731">
        <ele>28.83</ele>
      </trkpt>
      <trkpt lat="52.27343142963946" lon="5.703540947288275">
        <ele>28.55</ele>
      </trkpt>
      <trkpt lat="52.273399997502565" lon="5.703519992530346">
        <ele>28.45</ele>
      </trkpt>
      <trkpt lat="52.273229928687215" lon="5.703469952568412">
        <ele>27.96</ele>
      </trkpt>
      <trkpt lat="52.273167818784714" lon="5.703472634777427">
        <ele>27.79</ele>
      </trkpt>
      <trkpt lat="52.27307788096368" lon="5.703476406633854">
        <ele>27.56</ele>
      </trkpt>
      <trkpt lat="52.27294301614165" lon="5.703482190147042">
        <ele>27.32</ele>
      </trkpt>
      <trkpt lat="52.272898089140654" lon="5.703484117984772">
        <ele>27.27</ele>
      </trkpt>
      <trkpt lat="52.27280815131962" lon="5.703487889841199">
        <ele>27.21</ele>
      </trkpt>
      <trkpt lat="52.27253934368491" lon="5.703499373048544">
        <ele>27.19</ele>
      </trkpt>
      <trkpt lat="52.27235955186188" lon="5.70350700058043">
        <ele>27.1</ele>
      </trkpt>
      <trkpt lat="52.2722705360502" lon="5.703510772436857">
        <ele>27.08</ele>
      </trkpt>
      <trkpt lat="52.27213483303785" lon="5.703516555950046">
        <ele>27.08</ele>
      </trkpt>
      <trkpt lat="52.27199996821582" lon="5.703522339463234">
        <ele>27.11</ele>
      </trkpt>
      <trkpt lat="52.27186602540314" lon="5.703528039157391">
        <ele>27.19</ele>
      </trkpt>
      <trkpt lat="52.27177608758211" lon="5.703531811013818">
        <ele>27.27</ele>
      </trkpt>
      <trkpt lat="52.27146143093705" lon="5.703545222058892">
        <ele>27.7</ele>
      </trkpt>
      <trkpt lat="52.27134995162487" lon="5.7035499997437">
        <ele>27.71</ele>
      </trkpt>
      <trkpt lat="52.27133201435208" lon="5.703551759943366">
        <ele>27.72</ele>
      </trkpt>
      <trkpt lat="52.27120008319616" lon="5.703565254807472">
        <ele>27.8</ele>
      </trkpt>
      <trkpt lat="52.27085994556546" lon="5.703599955886602">
        <ele>28.15</ele>
      </trkpt>
      <trkpt lat="52.2707664873451" lon="5.7036311365664005">
        <ele>28.26</ele>
      </trkpt>
      <trkpt lat="52.27059558033943" lon="5.703688133507967">
        <ele>28.48</ele>
      </trkpt>
      <trkpt lat="52.27055995725095" lon="5.703699951991439">
        <ele>28.51</ele>
      </trkpt>
      <trkpt lat="52.27051285095513" lon="5.703731384128332">
        <ele>28.57</ele>
      </trkpt>
      <trkpt lat="52.27039206773043" lon="5.703811850398779">
        <ele>28.64</ele>
      </trkpt>
      <trkpt lat="52.270349990576506" lon="5.703839929774404">
        <ele>28.65</ele>
      </trkpt>
      <trkpt lat="52.27012200281024" lon="5.704042185097933">
        <ele>28.76</ele>
      </trkpt>
      <trkpt lat="52.26998529396951" lon="5.704163471236825">
        <ele>28.74</ele>
      </trkpt>
      <trkpt lat="52.269829558208585" lon="5.704301605001092">
        <ele>28.38</ele>
      </trkpt>
      <trkpt lat="52.26972998119891" lon="5.70438995026052">
        <ele>28.28</ele>
      </trkpt>
      <trkpt lat="52.26966845802963" lon="5.704362289980054">
        <ele>28.23</ele>
      </trkpt>
      <trkpt lat="52.269529988989234" lon="5.704299928620458">
        <ele>28.06</ele>
      </trkpt>
      <trkpt lat="52.26945254020393" lon="5.704290876165032">
        <ele>27.98</ele>
      </trkpt>
      <trkpt lat="52.26931977085769" lon="5.704275369644165">
        <ele>27.91</ele>
      </trkpt>
      <trkpt lat="52.26923184469342" lon="5.704265059903264">
        <ele>27.91</ele>
      </trkpt>
      <trkpt lat="52.268589958548546" lon="5.704189958050847">
        <ele>28.05</ele>
      </trkpt>
      <trkpt lat="52.268569841980934" lon="5.704189455136657">
        <ele>28.06</ele>
      </trkpt>
      <trkpt lat="52.26843765936792" lon="5.70418618619442">
        <ele>28.12</ele>
      </trkpt>
      <trkpt lat="52.26826046593487" lon="5.704181743785739">
        <ele>28.26</ele>
      </trkpt>
      <trkpt lat="52.26817237213254" lon="5.704179480671883">
        <ele>28.36</ele>
      </trkpt>
      <trkpt lat="52.26808335632086" lon="5.704177301377058">
        <ele>28.49</ele>
      </trkpt>
      <trkpt lat="52.26790708489716" lon="5.704172858968377">
        <ele>28.83</ele>
      </trkpt>
      <trkpt lat="52.267789989709854" lon="5.704169925302267">
        <ele>28.89</ele>
      </trkpt>
      <trkpt lat="52.267618495970964" lon="5.704178977757692">
        <ele>29.0</ele>
      </trkpt>
      <trkpt lat="52.267599971964955" lon="5.704179983586073">
        <ele>28.99</ele>
      </trkpt>
      <trkpt lat="52.26756535470486" lon="5.704083004966378">
        <ele>28.98</ele>
      </trkpt>
      <trkpt lat="52.26754993200302" lon="5.7040399219840765">
        <ele>28.95</ele>
      </trkpt>
      <trkpt lat="52.26756208576262" lon="5.7040301989763975">
        <ele>28.95</ele>
      </trkpt>
      <trkpt lat="52.267599971964955" lon="5.703999940305948">
        <ele>28.9</ele>
      </trkpt>
      <trkpt lat="52.267597960308194" lon="5.703854262828827">
        <ele>28.82</ele>
      </trkpt>
      <trkpt lat="52.26759594865143" lon="5.703710345551372">
        <ele>28.77</ele>
      </trkpt>
      <trkpt lat="52.26759293116629" lon="5.703495852649212">
        <ele>28.78</ele>
      </trkpt>
      <trkpt lat="52.26758991368115" lon="5.703281359747052">
        <ele>28.86</ele>
      </trkpt>
      <trkpt lat="52.26758790202439" lon="5.703137358650565">
        <ele>28.95</ele>
      </trkpt>
      <trkpt lat="52.26758589036763" lon="5.702994866296649">
        <ele>29.06</ele>
      </trkpt>
      <trkpt lat="52.267579939216375" lon="5.702569987624884">
        <ele>29.42</ele>
      </trkpt>
      <trkpt lat="52.267555547878146" lon="5.7021356374025345">
        <ele>29.8</ele>
      </trkpt>
      <trkpt lat="52.26754758507013" lon="5.701993647962809">
        <ele>29.94</ele>
      </trkpt>
      <trkpt lat="52.2675355989486" lon="5.701779993250966">
        <ele>30.21</ele>
      </trkpt>
      <trkpt lat="52.26752998307347" lon="5.70167999714613">
        <ele>30.37</ele>
      </trkpt>
      <trkpt lat="52.26750525645912" lon="5.701567009091377">
        <ele>30.58</ele>
      </trkpt>
      <trkpt lat="52.26745999418199" lon="5.70135997608304">
        <ele>31.0</ele>
      </trkpt>
      <trkpt lat="52.26744339801371" lon="5.701142130419612">
        <ele>31.43</ele>
      </trkpt>
      <trkpt lat="52.267421185970306" lon="5.700850440189242">
        <ele>31.94</ele>
      </trkpt>
      <trkpt lat="52.26741003803909" lon="5.700704678893089">
        <ele>32.16</ele>
      </trkpt>
      <trkpt lat="52.26738237775862" lon="5.7003414910286665">
        <ele>32.62</ele>
      </trkpt>
      <trkpt lat="52.267371313646436" lon="5.700195729732513">
        <ele>32.82</ele>
      </trkpt>
      <trkpt lat="52.26736016571522" lon="5.700049884617329">
        <ele>33.07</ele>
      </trkpt>
      <trkpt lat="52.26735480129719" lon="5.699978386983275">
        <ele>33.22</ele>
      </trkpt>
      <trkpt lat="52.26734365336597" lon="5.699832541868091">
        <ele>33.57</ele>
      </trkpt>
      <trkpt lat="52.26733258925378" lon="5.699686780571938">
        <ele>33.96</ele>
      </trkpt>
      <trkpt lat="52.26730995811522" lon="5.699389977380633">
        <ele>34.84</ele>
      </trkpt>
      <trkpt lat="52.267299480736256" lon="5.698956046253443">
        <ele>36.12</ele>
      </trkpt>
      <trkpt lat="52.26729420013726" lon="5.698737278580666">
        <ele>36.72</ele>
      </trkpt>
      <trkpt lat="52.267290679737926" lon="5.6985904276371">
        <ele>37.09</ele>
      </trkpt>
      <trkpt lat="52.26728992536664" lon="5.698559917509556">
        <ele>37.15</ele>
      </trkpt>
      <trkpt lat="52.26728447712958" lon="5.698517924174666">
        <ele>37.25</ele>
      </trkpt>
      <trkpt lat="52.26727508939803" lon="5.698446091264486">
        <ele>37.39</ele>
      </trkpt>
      <trkpt lat="52.267256397753954" lon="5.698302341625094">
        <ele>37.57</ele>
      </trkpt>
      <trkpt lat="52.2672470100224" lon="5.698230508714914">
        <ele>37.6</ele>
      </trkpt>
      <trkpt lat="52.26723778992891" lon="5.698160100728273">
        <ele>37.59</ele>
      </trkpt>
      <trkpt lat="52.267229994758964" lon="5.698099918663502">
        <ele>37.54</ele>
      </trkpt>
      <trkpt lat="52.26724256761372" lon="5.6980169378221035">
        <ele>37.49</ele>
      </trkpt>
      <trkpt lat="52.26726410910487" lon="5.697874361649156">
        <ele>37.3</ele>
      </trkpt>
      <trkpt lat="52.267279950901866" lon="5.697769923135638">
        <ele>37.13</ele>
      </trkpt>
      <trkpt lat="52.267279950901866" lon="5.697585018351674">
        <ele>36.84</ele>
      </trkpt>
      <trkpt lat="52.267279950901866" lon="5.697438083589077">
        <ele>36.65</ele>
      </trkpt>
      <trkpt lat="52.267279950901866" lon="5.69729114882648">
        <ele>36.53</ele>
      </trkpt>
      <trkpt lat="52.267279950901866" lon="5.6972176395356655">
        <ele>36.5</ele>
      </trkpt>
      <trkpt lat="52.267279950901866" lon="5.697159972041845">
        <ele>36.5</ele>
      </trkpt>
      <trkpt lat="52.267278442159295" lon="5.697144381701946">
        <ele>36.5</ele>
      </trkpt>
      <trkpt lat="52.267264276742935" lon="5.697000715881586">
        <ele>36.53</ele>
      </trkpt>
      <trkpt lat="52.26724994368851" lon="5.696855625137687">
        <ele>36.59</ele>
      </trkpt>
      <trkpt lat="52.26723569445312" lon="5.696710618212819">
        <ele>36.68</ele>
      </trkpt>
      <trkpt lat="52.267214236781" lon="5.696492940187454">
        <ele>36.92</ele>
      </trkpt>
      <trkpt lat="52.267209962010384" lon="5.696449941024184">
        <ele>36.97</ele>
      </trkpt>
      <trkpt lat="52.267154389992356" lon="5.69606470875442">
        <ele>37.52</ele>
      </trkpt>
      <trkpt lat="52.26709295064211" lon="5.695638405159116">
        <ele>38.25</ele>
      </trkpt>
      <trkpt lat="52.26706218905747" lon="5.695425337180495">
        <ele>38.57</ele>
      </trkpt>
      <trkpt lat="52.26705992594361" lon="5.695409998297691">
        <ele>38.59</ele>
      </trkpt>
      <trkpt lat="52.26700996980071" lon="5.695209922268987">
        <ele>38.88</ele>
      </trkpt>
      <trkpt lat="52.26698792539537" lon="5.695163067430258">
        <ele>38.96</ele>
      </trkpt>
      <trkpt lat="52.26692992262542" lon="5.695039937272668">
        <ele>39.15</ele>
      </trkpt>
      <trkpt lat="52.26689890958369" lon="5.695001548156142">
        <ele>39.23</ele>
      </trkpt>
      <trkpt lat="52.26682783104479" lon="5.694913873448968">
        <ele>39.38</ele>
      </trkpt>
      <trkpt lat="52.266759937629104" lon="5.694829970598221">
        <ele>39.51</ele>
      </trkpt>
      <trkpt lat="52.26675742305815" lon="5.694823265075684">
        <ele>39.51</ele>
      </trkpt>
      <trkpt lat="52.26662993431091" lon="5.6944899167865515">
        <ele>39.8</ele>
      </trkpt>
      <trkpt lat="52.26659749634564" lon="5.694307191297412">
        <ele>39.95</ele>
      </trkpt>
      <trkpt lat="52.266572853550315" lon="5.6941688898950815">
        <ele>39.99</ele>
      </trkpt>
      <trkpt lat="52.26656036451459" lon="5.694098314270377">
        <ele>39.98</ele>
      </trkpt>
      <trkpt lat="52.26654997095466" lon="5.694039976224303">
        <ele>39.95</ele>
      </trkpt>
      <trkpt lat="52.266546534374356" lon="5.694026900455356">
        <ele>39.95</ele>
      </trkpt>
      <trkpt lat="52.26647621020675" lon="5.693759601563215">
        <ele>39.76</ele>
      </trkpt>
      <trkpt lat="52.26644997484982" lon="5.693659940734506">
        <ele>39.7</ele>
      </trkpt>
      <trkpt lat="52.26644720882177" lon="5.693621803075075">
        <ele>39.69</ele>
      </trkpt>
      <trkpt lat="52.266439916566014" lon="5.693519962951541">
        <ele>39.67</ele>
      </trkpt>
      <trkpt lat="52.26640404202044" lon="5.6934193801134825">
        <ele>39.65</ele>
      </trkpt>
      <trkpt lat="52.26638996042311" lon="5.693379985168576">
        <ele>39.65</ele>
      </trkpt>
      <trkpt lat="52.266316367313266" lon="5.693257274106145">
        <ele>39.65</ele>
      </trkpt>
      <trkpt lat="52.26623992435634" lon="5.693129952996969">
        <ele>39.46</ele>
      </trkpt>
      <trkpt lat="52.266199523583055" lon="5.6929543521255255">
        <ele>39.28</ele>
      </trkpt>
      <trkpt lat="52.26618401706219" lon="5.692886961624026">
        <ele>39.22</ele>
      </trkpt>
      <trkpt lat="52.26616817526519" lon="5.692818146198988">
        <ele>39.18</ele>
      </trkpt>
      <trkpt lat="52.266136491671205" lon="5.692680599167943">
        <ele>39.14</ele>
      </trkpt>
      <trkpt lat="52.26608930155635" lon="5.692475661635399">
        <ele>39.19</ele>
      </trkpt>
      <trkpt lat="52.26599466986954" lon="5.692064445465803">
        <ele>39.37</ele>
      </trkpt>
      <trkpt lat="52.26593163795769" lon="5.691790776327252">
        <ele>39.51</ele>
      </trkpt>
      <trkpt lat="52.265919987112284" lon="5.691739981994033">
        <ele>39.54</ele>
      </trkpt>
      <trkpt lat="52.2659017983824" lon="5.691577959805727">
        <ele>39.65</ele>
      </trkpt>
      <trkpt lat="52.26588562130928" lon="5.691433371976018">
        <ele>39.78</ele>
      </trkpt>
      <trkpt lat="52.26586961187422" lon="5.69129029288888">
        <ele>39.94</ele>
      </trkpt>
      <trkpt lat="52.265837425366044" lon="5.6910026259720325">
        <ele>40.31</ele>
      </trkpt>
      <trkpt lat="52.265805155038834" lon="5.690713534131646">
        <ele>40.64</ele>
      </trkpt>
      <trkpt lat="52.26574882864952" lon="5.690210536122322">
        <ele>41.32</ele>
      </trkpt>
      <trkpt lat="52.2657085955143" lon="5.6898505333811045">
        <ele>41.84</ele>
      </trkpt>
      <trkpt lat="52.26566827856004" lon="5.689490614458919">
        <ele>42.3</ele>
      </trkpt>
      <trkpt lat="52.26564422249794" lon="5.689275283366442">
        <ele>42.66</ele>
      </trkpt>
      <trkpt lat="52.265620082616806" lon="5.689059868454933">
        <ele>43.14</ele>
      </trkpt>
      <trkpt lat="52.265604408457875" lon="5.688919639214873">
        <ele>43.34</ele>
      </trkpt>
      <trkpt lat="52.265599966049194" lon="5.688879992812872">
        <ele>43.4</ele>
      </trkpt>
      <trkpt lat="52.2655790951103" lon="5.688710678368807">
        <ele>43.68</ele>
      </trkpt>
      <trkpt lat="52.26554456166923" lon="5.688431225717068">
        <ele>44.19</ele>
      </trkpt>
      <trkpt lat="52.26549996994436" lon="5.688069965690374">
        <ele>44.94</ele>
      </trkpt>
      <trkpt lat="52.265471555292606" lon="5.687728906050324">
        <ele>45.66</ele>
      </trkpt>
      <trkpt lat="52.265449929982424" lon="5.687469989061356">
        <ele>46.24</ele>
      </trkpt>
      <trkpt lat="52.26543609984219" lon="5.687378458678722">
        <ele>46.46</ele>
      </trkpt>
      <trkpt lat="52.26540374569595" lon="5.687165977433324">
        <ele>47.0</ele>
      </trkpt>
      <trkpt lat="52.26534959860146" lon="5.686809411272407">
        <ele>47.85</ele>
      </trkpt>
      <trkpt lat="52.26532998494804" lon="5.686679994687438">
        <ele>48.17</ele>
      </trkpt>
      <trkpt lat="52.265316657721996" lon="5.6863747257739305">
        <ele>48.91</ele>
      </trkpt>
      <trkpt lat="52.26530995219946" lon="5.686219995841384">
        <ele>49.25</ele>
      </trkpt>
      <trkpt lat="52.26530282758176" lon="5.686157299205661">
        <ele>49.39</ele>
      </trkpt>
      <trkpt lat="52.265270138159394" lon="5.685869716107845">
        <ele>49.97</ele>
      </trkpt>
      <trkpt lat="52.265224205330014" lon="5.685465205460787">
        <ele>50.69</ele>
      </trkpt>
      <trkpt lat="52.26515404880047" lon="5.6848482973873615">
        <ele>51.71</ele>
      </trkpt>
      <trkpt lat="52.26511373184621" lon="5.684492904692888">
        <ele>52.43</ele>
      </trkpt>
      <trkpt lat="52.26505690254271" lon="5.683993007987738">
        <ele>53.38</ele>
      </trkpt>
      <trkpt lat="52.264959923923016" lon="5.68313998170197">
        <ele>54.92</ele>
      </trkpt>
      <trkpt lat="52.26495623588562" lon="5.682992292568088">
        <ele>55.19</ele>
      </trkpt>
      <trkpt lat="52.26494994945824" lon="5.682739997282624">
        <ele>55.57</ele>
      </trkpt>
      <trkpt lat="52.26494743488729" lon="5.682703284546733">
        <ele>55.63</ele>
      </trkpt>
      <trkpt lat="52.264922205358744" lon="5.682342695072293">
        <ele>56.08</ele>
      </trkpt>
      <trkpt lat="52.26491214707494" lon="5.682198107242584">
        <ele>56.24</ele>
      </trkpt>
      <trkpt lat="52.26487702690065" lon="5.681694438681006">
        <ele>56.74</ele>
      </trkpt>
      <trkpt lat="52.26486193947494" lon="5.681478353217244">
        <ele>57.09</ele>
      </trkpt>
      <trkpt lat="52.26484190672636" lon="5.681190686300397">
        <ele>57.68</ele>
      </trkpt>
      <trkpt lat="52.264829920604825" lon="5.681019946932793">
        <ele>58.09</ele>
      </trkpt>
      <trkpt lat="52.26480293087661" lon="5.680841580033302">
        <ele>58.1</ele>
      </trkpt>
      <trkpt lat="52.26478390395641" lon="5.680716102942824">
        <ele>58.08</ele>
      </trkpt>
      <trkpt lat="52.26477996446192" lon="5.680689951404929">
        <ele>58.07</ele>
      </trkpt>
      <trkpt lat="52.2647899389267" lon="5.680649969726801">
        <ele>58.07</ele>
      </trkpt>
      <trkpt lat="52.264849953353405" lon="5.680619962513447">
        <ele>58.07</ele>
      </trkpt>
      <trkpt lat="52.26481642574072" lon="5.680303545668721">
        <ele>58.06</ele>
      </trkpt>
      <trkpt lat="52.264794297516346" lon="5.680095087736845">
        <ele>58.08</ele>
      </trkpt>
      <trkpt lat="52.26477996446192" lon="5.67995997145772">
        <ele>58.11</ele>
      </trkpt>
      <trkpt lat="52.26476529613137" lon="5.679745813831687">
        <ele>58.18</ele>
      </trkpt>
      <trkpt lat="52.264736546203494" lon="5.679325209930539">
        <ele>58.35</ele>
      </trkpt>
      <trkpt lat="52.264699917286634" lon="5.678789941594005">
        <ele>58.38</ele>
      </trkpt>
      <trkpt lat="52.264699917286634" lon="5.678609982132912">
        <ele>58.4</ele>
      </trkpt>
      <trkpt lat="52.264699917286634" lon="5.678467405959964">
        <ele>58.38</ele>
      </trkpt>
      <trkpt lat="52.264699917286634" lon="5.678108911961317">
        <ele>58.28</ele>
      </trkpt>
      <trkpt lat="52.264699917286634" lon="5.67778998054564">
        <ele>58.29</ele>
      </trkpt>
      <trkpt lat="52.264699917286634" lon="5.677609937265515">
        <ele>58.23</ele>
      </trkpt>
      <trkpt lat="52.264715591445565" lon="5.677300225943327">
        <ele>58.14</ele>
      </trkpt>
      <trkpt lat="52.26472606882453" lon="5.677090846002102">
        <ele>58.06</ele>
      </trkpt>
      <trkpt lat="52.26474367082119" lon="5.676742326468229">
        <ele>57.87</ele>
      </trkpt>
      <trkpt lat="52.26476998999715" lon="5.676219966262579">
        <ele>57.53</ele>
      </trkpt>
      <trkpt lat="52.26477384567261" lon="5.676174368709326">
        <ele>57.51</ele>
      </trkpt>
      <trkpt lat="52.26479832082987" lon="5.675884690135717">
        <ele>57.24</ele>
      </trkpt>
      <trkpt lat="52.26481047458947" lon="5.675740521401167">
        <ele>57.13</ele>
      </trkpt>
      <trkpt lat="52.26483494974673" lon="5.67545092664659">
        <ele>57.04</ele>
      </trkpt>
      <trkpt lat="52.26485942490399" lon="5.675161248072982">
        <ele>57.06</ele>
      </trkpt>
      <trkpt lat="52.26487174630165" lon="5.675015654414892">
        <ele>57.16</ele>
      </trkpt>
      <trkpt lat="52.264877865090966" lon="5.674942899495363">
        <ele>57.19</ele>
      </trkpt>
      <trkpt lat="52.26488993503153" lon="5.6747999880462885">
        <ele>57.22</ele>
      </trkpt>
      <trkpt lat="52.26489085704088" lon="5.674723796546459">
        <ele>57.24</ele>
      </trkpt>
      <trkpt lat="52.26489521563053" lon="5.674356501549482">
        <ele>57.27</ele>
      </trkpt>
      <trkpt lat="52.264897814020514" lon="5.6741376500576735">
        <ele>57.22</ele>
      </trkpt>
      <trkpt lat="52.26489999331534" lon="5.673959953710437">
        <ele>57.07</ele>
      </trkpt>
      <trkpt lat="52.26489312015474" lon="5.6738487258553505">
        <ele>56.98</ele>
      </trkpt>
      <trkpt lat="52.264848444610834" lon="5.673126541078091">
        <ele>56.25</ele>
      </trkpt>
      <trkpt lat="52.26483955979347" lon="5.672983210533857">
        <ele>56.07</ele>
      </trkpt>
      <trkpt lat="52.2648261487484" lon="5.672766873613">
        <ele>55.75</ele>
      </trkpt>
      <trkpt lat="52.26480611599982" lon="5.672442326322198">
        <ele>55.17</ele>
      </trkpt>
      <trkpt lat="52.26479404605925" lon="5.672247866168618">
        <ele>54.85</ele>
      </trkpt>
      <trkpt lat="52.26477233693004" lon="5.671896999701858">
        <ele>54.19</ele>
      </trkpt>
      <trkpt lat="52.26475934498012" lon="5.6716864462941885">
        <ele>53.85</ele>
      </trkpt>
      <trkpt lat="52.26474626921117" lon="5.671475892886519">
        <ele>53.61</ele>
      </trkpt>
      <trkpt lat="52.26472472772002" lon="5.67112653516233">
        <ele>53.33</ele>
      </trkpt>
      <trkpt lat="52.264719950035214" lon="5.671049924567342">
        <ele>53.25</ele>
      </trkpt>
      <trkpt lat="52.26473227143288" lon="5.670910868793726">
        <ele>53.13</ele>
      </trkpt>
      <trkpt lat="52.26474509574473" lon="5.670766867697239">
        <ele>53.06</ele>
      </trkpt>
      <trkpt lat="52.264829920604825" lon="5.669809989631176">
        <ele>52.94</ele>
      </trkpt>
      <trkpt lat="52.26483796723187" lon="5.669760284945369">
        <ele>52.94</ele>
      </trkpt>
      <trkpt lat="52.26491726003587" lon="5.669268602505326">
        <ele>52.96</ele>
      </trkpt>
      <trkpt lat="52.26492991670966" lon="5.669189980253577">
        <ele>52.97</ele>
      </trkpt>
      <trkpt lat="52.265038043260574" lon="5.668721599504352">
        <ele>53.04</ele>
      </trkpt>
      <trkpt lat="52.26513200439513" lon="5.668314574286342">
        <ele>53.13</ele>
      </trkpt>
      <trkpt lat="52.265169974416494" lon="5.668149953708053">
        <ele>53.13</ele>
      </trkpt>
      <trkpt lat="52.265181289985776" lon="5.66803646273911">
        <ele>53.14</ele>
      </trkpt>
      <trkpt lat="52.2651956230402" lon="5.6678928807377815">
        <ele>53.11</ele>
      </trkpt>
      <trkpt lat="52.26520995609462" lon="5.667749969288707">
        <ele>53.05</ele>
      </trkpt>
      <trkpt lat="52.26520995609462" lon="5.667749298736453">
        <ele>53.05</ele>
      </trkpt>
      <trkpt lat="52.26520995609462" lon="5.6675303634256124">
        <ele>52.91</ele>
      </trkpt>
      <trkpt lat="52.26520995609462" lon="5.667399941012263">
        <ele>52.79</ele>
      </trkpt>
      <trkpt lat="52.265151953324676" lon="5.667032478377223">
        <ele>52.47</ele>
      </trkpt>
      <trkpt lat="52.26511842571199" lon="5.666820500046015">
        <ele>52.32</ele>
      </trkpt>
      <trkpt lat="52.26505153812468" lon="5.666396459564567">
        <ele>52.07</ele>
      </trkpt>
      <trkpt lat="52.26502999663353" lon="5.666259918361902">
        <ele>52.01</ele>
      </trkpt>
      <trkpt lat="52.26496637798846" lon="5.665983399376273">
        <ele>51.91</ele>
      </trkpt>
      <trkpt lat="52.264888007193804" lon="5.66564217209816">
        <ele>51.73</ele>
      </trkpt>
      <trkpt lat="52.26485992781818" lon="5.665519963949919">
        <ele>51.64</ele>
      </trkpt>
      <trkpt lat="52.264851881191134" lon="5.66543254069984">
        <ele>51.58</ele>
      </trkpt>
      <trkpt lat="52.26483855396509" lon="5.665288707241416">
        <ele>51.42</ele>
      </trkpt>
      <trkpt lat="52.26482522673905" lon="5.665144873782992">
        <ele>51.19</ele>
      </trkpt>
      <trkpt lat="52.26481206715107" lon="5.665002465248108">
        <ele>50.91</ele>
      </trkpt>
      <trkpt lat="52.26476521231234" lon="5.664496868848801">
        <ele>49.86</ele>
      </trkpt>
      <trkpt lat="52.26474517956376" lon="5.66428036428988">
        <ele>49.3</ele>
      </trkpt>
      <trkpt lat="52.2647051140666" lon="5.66384743899107">
        <ele>48.05</ele>
      </trkpt>
      <trkpt lat="52.26468516513705" lon="5.663632359355688">
        <ele>47.45</ele>
      </trkpt>
      <trkpt lat="52.26467175409198" lon="5.663487100973725">
        <ele>47.08</ele>
      </trkpt>
      <trkpt lat="52.264659935608506" lon="5.663359947502613">
        <ele>46.8</ele>
      </trkpt>
      <trkpt lat="52.264657001942396" lon="5.663343770429492">
        <ele>46.77</ele>
      </trkpt>
      <trkpt lat="52.26461852900684" lon="5.66313405521214">
        <ele>46.37</ele>
      </trkpt>
      <trkpt lat="52.264592964202166" lon="5.662994747981429">
        <ele>46.15</ele>
      </trkpt>
      <trkpt lat="52.2645547427237" lon="5.662786373868585">
        <ele>45.86</ele>
      </trkpt>
      <trkpt lat="52.26449070498347" lon="5.662437351420522">
        <ele>45.42</ele>
      </trkpt>
      <trkpt lat="52.26445994339883" lon="5.662269964814186">
        <ele>45.24</ele>
      </trkpt>
      <trkpt lat="52.26430353708565" lon="5.661859419196844">
        <ele>44.76</ele>
      </trkpt>
      <trkpt lat="52.264139922335744" lon="5.661429930478334">
        <ele>44.38</ele>
      </trkpt>
      <trkpt lat="52.264113100245595" lon="5.661366060376167">
        <ele>44.33</ele>
      </trkpt>
      <trkpt lat="52.264062222093344" lon="5.6612449418753386">
        <ele>44.26</ele>
      </trkpt>
      <trkpt lat="52.26391050964594" lon="5.66088393330574">
        <ele>44.12</ele>
      </trkpt>
      <trkpt lat="52.26384999230504" lon="5.660739932209253">
        <ele>44.02</ele>
      </trkpt>
      <trkpt lat="52.26377438753843" lon="5.6605075020343065">
        <ele>43.88</ele>
      </trkpt>
      <trkpt lat="52.26373222656548" lon="5.660377750173211">
        <ele>43.83</ele>
      </trkpt>
      <trkpt lat="52.26371998898685" lon="5.6603399477899075">
        <ele>43.82</ele>
      </trkpt>
      <trkpt lat="52.26359996013343" lon="5.659879948943853">
        <ele>43.71</ele>
      </trkpt>
      <trkpt lat="52.26356274448335" lon="5.659705689176917">
        <ele>43.68</ele>
      </trkpt>
      <trkpt lat="52.26344581693411" lon="5.659157680347562">
        <ele>43.45</ele>
      </trkpt>
      <trkpt lat="52.263416815549135" lon="5.659021642059088">
        <ele>43.44</ele>
      </trkpt>
      <trkpt lat="52.26331430487335" lon="5.658541610464454">
        <ele>43.51</ele>
      </trkpt>
      <trkpt lat="52.263285303488374" lon="5.658405655995011">
        <ele>43.49</ele>
      </trkpt>
      <trkpt lat="52.26324993185699" lon="5.65823994576931">
        <ele>43.44</ele>
      </trkpt>
      <trkpt lat="52.26320693269372" lon="5.658066105097532">
        <ele>43.4</ele>
      </trkpt>
      <trkpt lat="52.2631735727191" lon="5.657931240275502">
        <ele>43.34</ele>
      </trkpt>
      <trkpt lat="52.26310727186501" lon="5.6576628517359495">
        <ele>43.14</ele>
      </trkpt>
      <trkpt lat="52.26305739954114" lon="5.657461266964674">
        <ele>42.94</ele>
      </trkpt>
      <trkpt lat="52.26302403956652" lon="5.657326402142644">
        <ele>42.83</ele>
      </trkpt>
      <trkpt lat="52.26301993243396" lon="5.657309973612428">
        <ele>42.82</ele>
      </trkpt>
      <trkpt lat="52.262953128665686" lon="5.657062707468867">
        <ele>42.69</ele>
      </trkpt>
      <trkpt lat="52.2629349399358" lon="5.656995484605432">
        <ele>42.64</ele>
      </trkpt>
      <trkpt lat="52.26291683502495" lon="5.656928261741996">
        <ele>42.58</ele>
      </trkpt>
      <trkpt lat="52.26286302320659" lon="5.656729359179735">
        <ele>42.35</ele>
      </trkpt>
      <trkpt lat="52.26282740011811" lon="5.656597595661879">
        <ele>42.23</ele>
      </trkpt>
      <trkpt lat="52.26279144175351" lon="5.656464574858546">
        <ele>42.19</ele>
      </trkpt>
      <trkpt lat="52.26277367211878" lon="5.656398693099618">
        <ele>42.19</ele>
      </trkpt>
      <trkpt lat="52.2627554833889" lon="5.656331470236182">
        <ele>42.21</ele>
      </trkpt>
      <trkpt lat="52.2627020906657" lon="5.656133908778429">
        <ele>42.32</ele>
      </trkpt>
      <trkpt lat="52.26266361773014" lon="5.655991416424513">
        <ele>42.26</ele>
      </trkpt>
      <trkpt lat="52.26261994801462" lon="5.655829980969429">
        <ele>41.88</ele>
      </trkpt>
      <trkpt lat="52.26261525414884" lon="5.655788155272603">
        <ele>41.79</ele>
      </trkpt>
      <trkpt lat="52.26259907707572" lon="5.655643651261926">
        <ele>41.54</ele>
      </trkpt>
      <trkpt lat="52.262558843940496" lon="5.65528373233974">
        <ele>41.01</ele>
      </trkpt>
      <trkpt lat="52.262534787878394" lon="5.655068401247263">
        <ele>40.75</ele>
      </trkpt>
      <trkpt lat="52.26251064799726" lon="5.654852986335754">
        <ele>40.54</ele>
      </trkpt>
      <trkpt lat="52.26245993748307" lon="5.654399944469333">
        <ele>40.21</ele>
      </trkpt>
      <trkpt lat="52.26246379315853" lon="5.654202299192548">
        <ele>40.08</ele>
      </trkpt>
      <trkpt lat="52.262469409033656" lon="5.653910106047988">
        <ele>39.93</ele>
      </trkpt>
      <trkpt lat="52.26246999576688" lon="5.65387993119657">
        <ele>39.9</ele>
      </trkpt>
      <trkpt lat="52.26251651532948" lon="5.6536289770156145">
        <ele>39.73</ele>
      </trkpt>
      <trkpt lat="52.26256839931011" lon="5.653349105268717">
        <ele>39.64</ele>
      </trkpt>
      <trkpt lat="52.26259421557188" lon="5.6532098818570375">
        <ele>39.4</ele>
      </trkpt>
      <trkpt lat="52.262620283290744" lon="5.653069317340851">
        <ele>39.24</ele>
      </trkpt>
      <trkpt lat="52.26265917532146" lon="5.652859769761562">
        <ele>39.09</ele>
      </trkpt>
      <trkpt lat="52.262699995189905" lon="5.652639996260405">
        <ele>38.96</ele>
      </trkpt>
      <trkpt lat="52.26271089166403" lon="5.652504963800311">
        <ele>38.89</ele>
      </trkpt>
      <trkpt lat="52.26272991858423" lon="5.652269935235381">
        <ele>38.8</ele>
      </trkpt>
      <trkpt lat="52.262727823108435" lon="5.652214698493481">
        <ele>38.79</ele>
      </trkpt>
      <trkpt lat="52.26271675899625" lon="5.651922840625048">
        <ele>38.73</ele>
      </trkpt>
      <trkpt lat="52.26270837709308" lon="5.651704324409366">
        <ele>38.73</ele>
      </trkpt>
      <trkpt lat="52.262691697105765" lon="5.651265867054462">
        <ele>38.79</ele>
      </trkpt>
      <trkpt lat="52.2626899369061" lon="5.651219934225082">
        <ele>38.78</ele>
      </trkpt>
      <trkpt lat="52.26265339180827" lon="5.65098088234663">
        <ele>38.77</ele>
      </trkpt>
      <trkpt lat="52.26263176649809" lon="5.650839731097221">
        <ele>38.73</ele>
      </trkpt>
      <trkpt lat="52.26257753558457" lon="5.650484757497907">
        <ele>38.58</ele>
      </trkpt>
      <trkpt lat="52.26255993358791" lon="5.650369925424457">
        <ele>38.51</ele>
      </trkpt>
      <trkpt lat="52.2625551559031" lon="5.6503440253436565">
        <ele>38.5</ele>
      </trkpt>
      <trkpt lat="52.26243889890611" lon="5.649713706225157">
        <ele>37.96</ele>
      </trkpt>
      <trkpt lat="52.26236999966204" lon="5.649339957162738">
        <ele>37.74</ele>
      </trkpt>
      <trkpt lat="52.2623307723552" lon="5.649156393483281">
        <ele>37.64</ele>
      </trkpt>
      <trkpt lat="52.2622718475759" lon="5.648880293592811">
        <ele>37.53</ele>
      </trkpt>
      <trkpt lat="52.26221610791981" lon="5.648619448766112">
        <ele>37.39</ele>
      </trkpt>
      <trkpt lat="52.26217998191714" lon="5.648449966683984">
        <ele>37.33</ele>
      </trkpt>
      <trkpt lat="52.262110663577914" lon="5.648156851530075">
        <ele>37.23</ele>
      </trkpt>
      <trkpt lat="52.26204997859895" lon="5.647899946197867">
        <ele>37.1</ele>
      </trkpt>
      <trkpt lat="52.26197998970747" lon="5.647469954565167">
        <ele>36.91</ele>
      </trkpt>
      <trkpt lat="52.2619768884033" lon="5.647414717823267">
        <ele>36.89</ele>
      </trkpt>
      <trkpt lat="52.2619612980634" lon="5.647133756428957">
        <ele>36.81</ele>
      </trkpt>
      <trkpt lat="52.26195995695889" lon="5.64710995182395">
        <ele>36.8</ele>
      </trkpt>
      <trkpt lat="52.26196666248143" lon="5.646922532469034">
        <ele>36.77</ele>
      </trkpt>
      <trkpt lat="52.26197370328009" lon="5.646725976839662">
        <ele>36.61</ele>
      </trkpt>
      <trkpt lat="52.261978816241026" lon="5.64658222720027">
        <ele>36.41</ele>
      </trkpt>
      <trkpt lat="52.26197998970747" lon="5.646549956873059">
        <ele>36.37</ele>
      </trkpt>
      <trkpt lat="52.26195752620697" lon="5.646442919969559">
        <ele>36.24</ele>
      </trkpt>
      <trkpt lat="52.2619145270437" lon="5.646237144246697">
        <ele>36.04</ele>
      </trkpt>
      <trkpt lat="52.26188996806741" lon="5.646119965240359">
        <ele>35.95</ele>
      </trkpt>
      <trkpt lat="52.26188435219228" lon="5.64610043540597">
        <ele>35.94</ele>
      </trkpt>
      <trkpt lat="52.261771615594625" lon="5.645707994699478">
        <ele>35.72</ele>
      </trkpt>
      <trkpt lat="52.261677235364914" lon="5.6453795079141855">
        <ele>35.46</ele>
      </trkpt>
      <trkpt lat="52.26163943298161" lon="5.645247744396329">
        <ele>35.38</ele>
      </trkpt>
      <trkpt lat="52.26158327423036" lon="5.645052278414369">
        <ele>35.29</ele>
      </trkpt>
      <trkpt lat="52.2613949328661" lon="5.644396478310227">
        <ele>35.09</ele>
      </trkpt>
      <trkpt lat="52.261349922046065" lon="5.644239988178015">
        <ele>35.03</ele>
      </trkpt>
      <trkpt lat="52.26128462702036" lon="5.6440365593880415">
        <ele>34.96</ele>
      </trkpt>
      <trkpt lat="52.26122410967946" lon="5.64384788274765">
        <ele>34.87</ele>
      </trkpt>
      <trkpt lat="52.26112302392721" lon="5.643532974645495">
        <ele>34.65</ele>
      </trkpt>
      <trkpt lat="52.26102235727012" lon="5.643219323828816">
        <ele>34.47</ele>
      </trkpt>
      <trkpt lat="52.26096175611019" lon="5.643030647188425">
        <ele>34.39</ele>
      </trkpt>
      <trkpt lat="52.26088120602071" lon="5.642779525369406">
        <ele>34.33</ele>
      </trkpt>
      <trkpt lat="52.260829992592335" lon="5.64261993393302">
        <ele>34.27</ele>
      </trkpt>
      <trkpt lat="52.26067928597331" lon="5.642069578170776">
        <ele>34.09</ele>
      </trkpt>
      <trkpt lat="52.26059999316931" lon="5.6417799834162">
        <ele>34.03</ele>
      </trkpt>
      <trkpt lat="52.260474264621735" lon="5.641284445300698">
        <ele>33.95</ele>
      </trkpt>
      <trkpt lat="52.26022540591657" lon="5.640303008258343">
        <ele>33.63</ele>
      </trkpt>
      <trkpt lat="52.260123901069164" lon="5.639902520924807">
        <ele>33.52</ele>
      </trkpt>
      <trkpt lat="52.25993564352393" lon="5.639160051941872">
        <ele>33.03</ele>
      </trkpt>
      <trkpt lat="52.25988996215165" lon="5.638979924842715">
        <ele>32.92</ele>
      </trkpt>
      <trkpt lat="52.25985928438604" lon="5.638898117467761">
        <ele>32.88</ele>
      </trkpt>
      <trkpt lat="52.259799940511584" lon="5.638739950954914">
        <ele>32.73</ele>
      </trkpt>
      <trkpt lat="52.259787702932954" lon="5.638716900721192">
        <ele>32.71</ele>
      </trkpt>
      <trkpt lat="52.25967161357403" lon="5.638498300686479">
        <ele>32.55</ele>
      </trkpt>
      <trkpt lat="52.25949710235" lon="5.638169897720218">
        <ele>32.4</ele>
      </trkpt>
      <trkpt lat="52.25945997051895" lon="5.638099992647767">
        <ele>32.37</ele>
      </trkpt>
      <trkpt lat="52.25933751091361" lon="5.637920368462801">
        <ele>32.3</ele>
      </trkpt>
      <trkpt lat="52.25923910737038" lon="5.637776032090187">
        <ele>32.21</ele>
      </trkpt>
      <trkpt lat="52.25915998220444" lon="5.637659942731261">
        <ele>31.94</ele>
      </trkpt>
      <trkpt lat="52.25911404937506" lon="5.63757193274796">
        <ele>31.77</ele>
      </trkpt>
      <trkpt lat="52.25903995335102" lon="5.637429943308234">
        <ele>31.71</ele>
      </trkpt>
      <trkpt lat="52.25902830250561" lon="5.637427596375346">
        <ele>31.71</ele>
      </trkpt>
      <trkpt lat="52.25898999720812" lon="5.63741996884346">
        <ele>31.67</ele>
      </trkpt>
      <trkpt lat="52.258914643898606" lon="5.637247804552317">
        <ele>31.57</ele>
      </trkpt>
      <trkpt lat="52.25884993560612" lon="5.637099947780371">
        <ele>31.5</ele>
      </trkpt>
      <trkpt lat="52.258816827088594" lon="5.637005232274532">
        <ele>31.47</ele>
      </trkpt>
      <trkpt lat="52.25877994671464" lon="5.636899955570698">
        <ele>31.43</ele>
      </trkpt>
      <trkpt lat="52.25859738886356" lon="5.636460492387414">
        <ele>31.3</ele>
      </trkpt>
      <trkpt lat="52.258522203192115" lon="5.636279359459877">
        <ele>31.28</ele>
      </trkpt>
      <trkpt lat="52.25839739665389" lon="5.635979035869241">
        <ele>31.3</ele>
      </trkpt>
      <trkpt lat="52.25823998451233" lon="5.635599922388792">
        <ele>31.25</ele>
      </trkpt>
      <trkpt lat="52.25819405168295" lon="5.635503446683288">
        <ele>31.24</ele>
      </trkpt>
      <trkpt lat="52.25789439864457" lon="5.634873546659946">
        <ele>31.07</ele>
      </trkpt>
      <trkpt lat="52.257758108899" lon="5.634587053209543">
        <ele>31.03</ele>
      </trkpt>
      <trkpt lat="52.25774997845292" lon="5.634569954127073">
        <ele>30.91</ele>
      </trkpt>
      <trkpt lat="52.25774788297713" lon="5.634552268311381">
        <ele>30.82</ele>
      </trkpt>
      <trkpt lat="52.25772022269666" lon="5.634314054623246">
        <ele>30.72</ele>
      </trkpt>
      <trkpt lat="52.25769993849099" lon="5.634139962494373">
        <ele>30.7</ele>
      </trkpt>
      <trkpt lat="52.25769457407296" lon="5.63382220454514">
        <ele>30.68</ele>
      </trkpt>
      <trkpt lat="52.25769096985459" lon="5.6336092203855515">
        <ele>30.7</ele>
      </trkpt>
      <trkpt lat="52.25768996402621" lon="5.633549960330129">
        <ele>30.71</ele>
      </trkpt>
      <trkpt lat="52.25770857185125" lon="5.633258186280727">
        <ele>30.78</ele>
      </trkpt>
      <trkpt lat="52.25771997123957" lon="5.6330799870193005">
        <ele>30.74</ele>
      </trkpt>
      <trkpt lat="52.25771997123957" lon="5.63290991820395">
        <ele>30.7</ele>
      </trkpt>
      <trkpt lat="52.257704213261604" lon="5.632831295952201">
        <ele>30.69</ele>
      </trkpt>
      <trkpt lat="52.25767998956144" lon="5.632709925994277">
        <ele>30.67</ele>
      </trkpt>
      <trkpt lat="52.257608408108354" lon="5.632600290700793">
        <ele>30.65</ele>
      </trkpt>
      <trkpt lat="52.25752995349467" lon="5.63247992657125">
        <ele>30.44</ele>
      </trkpt>
      <trkpt lat="52.257518135011196" lon="5.63245159573853">
        <ele>30.4</ele>
      </trkpt>
      <trkpt lat="52.257479997351766" lon="5.632359981536865">
        <ele>30.3</ele>
      </trkpt>
      <trkpt lat="52.25746247917414" lon="5.6321941036731005">
        <ele>30.15</ele>
      </trkpt>
      <trkpt lat="52.257459964603186" lon="5.632169963791966">
        <ele>30.13</ele>
      </trkpt>
      <trkpt lat="52.25743615999818" lon="5.631496226415038">
        <ele>29.77</ele>
      </trkpt>
      <trkpt lat="52.25742995738983" lon="5.631319954991341">
        <ele>29.72</ele>
      </trkpt>
      <trkpt lat="52.25739995017648" lon="5.630644708871841">
        <ele>29.55</ele>
      </trkpt>
      <trkpt lat="52.257384192198515" lon="5.630290070548654">
        <ele>29.38</ele>
      </trkpt>
      <trkpt lat="52.25736843422055" lon="5.6299355160444975">
        <ele>29.25</ele>
      </trkpt>
      <trkpt lat="52.25734010338783" lon="5.629298072308302">
        <ele>28.92</ele>
      </trkpt>
      <trkpt lat="52.257333816960454" lon="5.629157340154052">
        <ele>28.89</ele>
      </trkpt>
      <trkpt lat="52.2573212441057" lon="5.628874534741044">
        <ele>28.86</ele>
      </trkpt>
      <trkpt lat="52.25731160491705" lon="5.628657694905996">
        <ele>28.8</ele>
      </trkpt>
      <trkpt lat="52.25728268735111" lon="5.628005582839251">
        <ele>28.54</ele>
      </trkpt>
      <trkpt lat="52.25726994685829" lon="5.6277199275791645">
        <ele>28.48</ele>
      </trkpt>
      <trkpt lat="52.25729366764426" lon="5.627064295113087">
        <ele>28.37</ele>
      </trkpt>
      <trkpt lat="52.25729995407164" lon="5.626889951527119">
        <ele>28.32</ele>
      </trkpt>
      <trkpt lat="52.25723239593208" lon="5.626871846616268">
        <ele>28.29</ele>
      </trkpt>
      <trkpt lat="52.256886223331094" lon="5.626779310405254">
        <ele>28.26</ele>
      </trkpt>
      <trkpt lat="52.25680014118552" lon="5.626756260171533">
        <ele>28.29</ele>
      </trkpt>
      <trkpt lat="52.25671322084963" lon="5.6267330422997475">
        <ele>28.36</ele>
      </trkpt>
      <trkpt lat="52.25654105655849" lon="5.626687025651336">
        <ele>28.58</ele>
      </trkpt>
      <trkpt lat="52.25643997080624" lon="5.626659952104092">
        <ele>28.4</ele>
      </trkpt>
      <trkpt lat="52.256374172866344" lon="5.626629022881389">
        <ele>28.28</ele>
      </trkpt>
      <trkpt lat="52.25626998580992" lon="5.626579988747835">
        <ele>28.18</ele>
      </trkpt>
      <trkpt lat="52.25618348456919" lon="5.626282012090087">
        <ele>28.02</ele>
      </trkpt>
      <trkpt lat="52.2560690715909" lon="5.625887727364898">
        <ele>27.77</ele>
      </trkpt>
      <trkpt lat="52.25589799694717" lon="5.625298311933875">
        <ele>27.5</ele>
      </trkpt>
      <trkpt lat="52.25585985928774" lon="5.625166883692145">
        <ele>27.4</ele>
      </trkpt>
      <trkpt lat="52.25576472468674" lon="5.624838983640075">
        <ele>27.11</ele>
      </trkpt>
      <trkpt lat="52.25572700612247" lon="5.624708896502852">
        <ele>27.02</ele>
      </trkpt>
      <trkpt lat="52.25565073080361" lon="5.624446040019393">
        <ele>26.93</ele>
      </trkpt>
      <trkpt lat="52.25559373386204" lon="5.624249568209052">
        <ele>26.89</ele>
      </trkpt>
      <trkpt lat="52.255536653101444" lon="5.624053096398711">
        <ele>26.88</ele>
      </trkpt>
      <trkpt lat="52.25552994757891" lon="5.624029962345958">
        <ele>26.87</ele>
      </trkpt>
      <trkpt lat="52.25551997311413" lon="5.623879926279187">
        <ele>26.84</ele>
      </trkpt>
      <trkpt lat="52.25551594980061" lon="5.623874394223094">
        <ele>26.84</ele>
      </trkpt>
      <trkpt lat="52.2554699331522" lon="5.623809937387705">
        <ele>26.84</ele>
      </trkpt>
      <trkpt lat="52.2553750500083" lon="5.6236074306070805">
        <ele>26.84</ele>
      </trkpt>
      <trkpt lat="52.25531998090446" lon="5.6234899163246155">
        <ele>26.8</ele>
      </trkpt>
      <trkpt lat="52.255169693380594" lon="5.622909050434828">
        <ele>26.65</ele>
      </trkpt>
      <trkpt lat="52.254983112215996" lon="5.622187703847885">
        <ele>26.18</ele>
      </trkpt>
      <trkpt lat="52.254864759743214" lon="5.621730303391814">
        <ele>26.01</ele>
      </trkpt>
      <trkpt lat="52.254762165248394" lon="5.6213338393718">
        <ele>25.75</ele>
      </trkpt>
      <trkpt lat="52.25469393655658" lon="5.62106997705996">
        <ele>25.62</ele>
      </trkpt>
      <trkpt lat="52.25464993156493" lon="5.6208999920636415">
        <ele>25.51</ele>
      </trkpt>
      <trkpt lat="52.254616571590304" lon="5.620736377313733">
        <ele>25.41</ele>
      </trkpt>
      <trkpt lat="52.254533590748906" lon="5.620329352095723">
        <ele>25.24</ele>
      </trkpt>
      <trkpt lat="52.25446452386677" lon="5.619990639388561">
        <ele>25.02</ele>
      </trkpt>
      <trkpt lat="52.25443996489048" lon="5.619869939982891">
        <ele>24.96</ele>
      </trkpt>
      <trkpt lat="52.254421189427376" lon="5.619715126231313">
        <ele>24.89</ele>
      </trkpt>
      <trkpt lat="52.25439998321235" lon="5.619539944455028">
        <ele>24.96</ele>
      </trkpt>
      <trkpt lat="52.25435991771519" lon="5.619579926133156">
        <ele>25.0</ele>
      </trkpt>
      <trkpt lat="52.25434617139399" lon="5.619607586413622">
        <ele>25.02</ele>
      </trkpt>
      <trkpt lat="52.254319936037064" lon="5.619659973308444">
        <ele>25.03</ele>
      </trkpt>
      <trkpt lat="52.254267716780305" lon="5.619942611083388">
        <ele>25.1</ele>
      </trkpt>
      <trkpt lat="52.254149951040745" lon="5.620579971000552">
        <ele>25.39</ele>
      </trkpt>
      <trkpt lat="52.25412338040769" lon="5.620709219947457">
        <ele>25.45</ele>
      </trkpt>
      <trkpt lat="52.25399564020336" lon="5.621330318972468">
        <ele>25.63</ele>
      </trkpt>
      <trkpt lat="52.253882233053446" lon="5.621881764382124">
        <ele>25.88</ele>
      </trkpt>
      <trkpt lat="52.253698920831084" lon="5.622773012146354">
        <ele>26.11</ele>
      </trkpt>
      <trkpt lat="52.25360102020204" lon="5.623249271884561">
        <ele>26.1</ele>
      </trkpt>
      <trkpt lat="52.25348819978535" lon="5.6237979512661695">
        <ele>26.18</ele>
      </trkpt>
      <trkpt lat="52.253402872011065" lon="5.624213023111224">
        <ele>26.27</ele>
      </trkpt>
      <trkpt lat="52.25331746041775" lon="5.624628011137247">
        <ele>26.29</ele>
      </trkpt>
      <trkpt lat="52.253231881186366" lon="5.625044340267777">
        <ele>26.28</ele>
      </trkpt>
      <trkpt lat="52.25298763252795" lon="5.626232223585248">
        <ele>26.47</ele>
      </trkpt>
      <trkpt lat="52.25290171802044" lon="5.626650061458349">
        <ele>26.67</ele>
      </trkpt>
      <trkpt lat="52.25283005274832" lon="5.626998161897063">
        <ele>26.92</ele>
      </trkpt>
      <trkpt lat="52.25273014046252" lon="5.627484228461981">
        <ele>27.23</ele>
      </trkpt>
      <trkpt lat="52.25265394896269" lon="5.627854624763131">
        <ele>27.13</ele>
      </trkpt>
      <trkpt lat="52.25261991843581" lon="5.628019999712706">
        <ele>27.18</ele>
      </trkpt>
      <trkpt lat="52.25257842801511" lon="5.628251591697335">
        <ele>27.26</ele>
      </trkpt>
      <trkpt lat="52.25245940499008" lon="5.628915606066585">
        <ele>27.58</ele>
      </trkpt>
      <trkpt lat="52.252429984509945" lon="5.6290799751877785">
        <ele>27.63</ele>
      </trkpt>
      <trkpt lat="52.252404587343335" lon="5.629190616309643">
        <ele>27.68</ele>
      </trkpt>
      <trkpt lat="52.25224927067757" lon="5.629867371171713">
        <ele>28.02</ele>
      </trkpt>
      <trkpt lat="52.252187076956034" lon="5.630138358101249">
        <ele>28.12</ele>
      </trkpt>
      <trkpt lat="52.252155812457204" lon="5.6302744802087545">
        <ele>28.15</ele>
      </trkpt>
      <trkpt lat="52.252149945124984" lon="5.630299961194396">
        <ele>28.16</ele>
      </trkpt>
      <trkpt lat="52.25212689489126" lon="5.6304120272397995">
        <ele>28.21</ele>
      </trkpt>
      <trkpt lat="52.25198574364185" lon="5.631097080186009">
        <ele>28.75</ele>
      </trkpt>
      <trkpt lat="52.251900834962726" lon="5.631509134545922">
        <ele>29.0</ele>
      </trkpt>
      <trkpt lat="52.251773765310645" lon="5.632125958800316">
        <ele>29.2</ele>
      </trkpt>
      <trkpt lat="52.251689191907644" lon="5.632536672055721">
        <ele>29.28</ele>
      </trkpt>
      <trkpt lat="52.25164560601115" lon="5.632748315110803">
        <ele>29.19</ele>
      </trkpt>
      <trkpt lat="52.25160310976207" lon="5.632954342290759">
        <ele>29.15</ele>
      </trkpt>
      <trkpt lat="52.251532869413495" lon="5.633295485749841">
        <ele>29.15</ele>
      </trkpt>
      <trkpt lat="52.25146229378879" lon="5.63363797031343">
        <ele>29.11</ele>
      </trkpt>
      <trkpt lat="52.25141979753971" lon="5.633843997493386">
        <ele>29.12</ele>
      </trkpt>
      <trkpt lat="52.25122273899615" lon="5.634800540283322">
        <ele>29.28</ele>
      </trkpt>
      <trkpt lat="52.25111008621752" lon="5.63534771092236">
        <ele>29.42</ele>
      </trkpt>
      <trkpt lat="52.251025680452585" lon="5.635756999254227">
        <ele>29.13</ele>
      </trkpt>
      <trkpt lat="52.2509556915611" lon="5.636096717789769">
        <ele>28.97</ele>
      </trkpt>
      <trkpt lat="52.250899532809854" lon="5.6363696325570345">
        <ele>28.91</ele>
      </trkpt>
      <trkpt lat="52.25081546232104" lon="5.636777579784393">
        <ele>28.9</ele>
      </trkpt>
      <trkpt lat="52.250779923051596" lon="5.636949995532632">
        <ele>28.96</ele>
      </trkpt>
      <trkpt lat="52.250820407643914" lon="5.637034820392728">
        <ele>29.0</ele>
      </trkpt>
      <trkpt lat="52.25098326802254" lon="5.637376885861158">
        <ele>29.26</ele>
      </trkpt>
      <trkpt lat="52.251119054853916" lon="5.637662122026086">
        <ele>29.41</ele>
      </trkpt>
      <trkpt lat="52.25122785195708" lon="5.63789052888751">
        <ele>29.57</ele>
      </trkpt>
      <trkpt lat="52.25130898877978" lon="5.638061016798019">
        <ele>29.67</ele>
      </trkpt>
      <trkpt lat="52.251379983499646" lon="5.638209963217378">
        <ele>29.79</ele>
      </trkpt>
      <trkpt lat="52.25144821219146" lon="5.63834935426712">
        <ele>29.91</ele>
      </trkpt>
      <trkpt lat="52.25150437094271" lon="5.638464102521539">
        <ele>29.99</ele>
      </trkpt>
      <trkpt lat="52.25178533233702" lon="5.639037676155567">
        <ele>30.33</ele>
      </trkpt>
      <trkpt lat="52.25195380859077" lon="5.639381837099791">
        <ele>30.49</ele>
      </trkpt>
      <trkpt lat="52.2520937025547" lon="5.639667408540845">
        <ele>30.68</ele>
      </trkpt>
      <trkpt lat="52.25220551714301" lon="5.639895731583238">
        <ele>30.71</ele>
      </trkpt>
      <trkpt lat="52.25226108916104" lon="5.640009306371212">
        <ele>30.77</ele>
      </trkpt>
      <trkpt lat="52.2523167449981" lon="5.640122881159186">
        <ele>30.9</ele>
      </trkpt>
      <trkpt lat="52.252372317016125" lon="5.640236455947161">
        <ele>31.08</ele>
      </trkpt>
      <trkpt lat="52.25248354487121" lon="5.640463605523109">
        <ele>31.55</ele>
      </trkpt>
      <trkpt lat="52.252499889582396" lon="5.640496797859669">
        <ele>31.71</ele>
      </trkpt>
      <trkpt lat="52.25256996229291" lon="5.640639960765839">
        <ele>31.64</ele>
      </trkpt>
      <trkpt lat="52.252472480759025" lon="5.640722941607237">
        <ele>31.59</ele>
      </trkpt>
      <trkpt lat="52.25239352323115" lon="5.640790080651641">
        <ele>31.56</ele>
      </trkpt>
      <trkpt lat="52.25227542221546" lon="5.640890495851636">
        <ele>31.59</ele>
      </trkpt>
      <trkpt lat="52.25211750715971" lon="5.641024857759476">
        <ele>31.71</ele>
      </trkpt>
      <trkpt lat="52.252038549631834" lon="5.64109199680388">
        <ele>31.79</ele>
      </trkpt>
      <trkpt lat="52.25195959210396" lon="5.6411592196673155">
        <ele>31.9</ele>
      </trkpt>
      <trkpt lat="52.25184149108827" lon="5.6412596348673105">
        <ele>32.1</ele>
      </trkpt>
      <trkpt lat="52.25168357603252" lon="5.641393912956119">
        <ele>32.4</ele>
      </trkpt>
      <trkpt lat="52.25160461850464" lon="5.641461135819554">
        <ele>32.53</ele>
      </trkpt>
      <trkpt lat="52.25152566097677" lon="5.641528274863958">
        <ele>32.61</ele>
      </trkpt>
      <trkpt lat="52.251406805589795" lon="5.641629360616207">
        <ele>32.67</ele>
      </trkpt>
      <trkpt lat="52.25132784806192" lon="5.641696583479643">
        <ele>32.73</ele>
      </trkpt>
      <trkpt lat="52.25124889053404" lon="5.641763722524047">
        <ele>32.84</ele>
      </trkpt>
      <trkpt lat="52.251130789518356" lon="5.641864137724042">
        <ele>33.05</ele>
      </trkpt>
      <trkpt lat="52.2510299552232" lon="5.6419499684125185">
        <ele>33.03</ele>
      </trkpt>
      <trkpt lat="52.25080984644592" lon="5.6421260721981525">
        <ele>33.0</ele>
      </trkpt>
      <trkpt lat="52.250729044899344" lon="5.642190696671605">
        <ele>33.0</ele>
      </trkpt>
      <trkpt lat="52.2506086807698" lon="5.642286920920014">
        <ele>33.06</ele>
      </trkpt>
      <trkpt lat="52.250128984451294" lon="5.642670728266239">
        <ele>33.49</ele>
      </trkpt>
      <trkpt lat="52.25004902109504" lon="5.642734682187438">
        <ele>33.58</ele>
      </trkpt>
      <trkpt lat="52.2499698959291" lon="5.642798049375415">
        <ele>33.71</ele>
      </trkpt>
      <trkpt lat="52.24981072358787" lon="5.642925286665559">
        <ele>34.02</ele>
      </trkpt>
      <trkpt lat="52.24973159842193" lon="5.642988653853536">
        <ele>34.21</ele>
      </trkpt>
      <trkpt lat="52.24962992593646" lon="5.6430699583143">
        <ele>34.49</ele>
      </trkpt>
      <trkpt lat="52.249612072482705" lon="5.643080435693264">
        <ele>34.54</ele>
      </trkpt>
      <trkpt lat="52.249509980902076" lon="5.643139947205782">
        <ele>34.74</ele>
      </trkpt>
      <trkpt lat="52.24944141693413" lon="5.643446976318955">
        <ele>35.11</ele>
      </trkpt>
      <trkpt lat="52.24939581938088" lon="5.643651243299246">
        <ele>35.42</ele>
      </trkpt>
      <trkpt lat="52.24930529482663" lon="5.644056927412748">
        <ele>36.16</ele>
      </trkpt>
      <trkpt lat="52.24925994873047" lon="5.644259853288531">
        <ele>36.56</ele>
      </trkpt>
      <trkpt lat="52.24916908890009" lon="5.644666962325573">
        <ele>37.42</ele>
      </trkpt>
      <trkpt lat="52.24913891404867" lon="5.64480216242373">
        <ele>37.69</ele>
      </trkpt>
      <trkpt lat="52.24904838949442" lon="5.645207930356264">
        <ele>38.43</ele>
      </trkpt>
      <trkpt lat="52.24900991655886" lon="5.645379927009344">
        <ele>38.62</ele>
      </trkpt>
      <trkpt lat="52.24900069646537" lon="5.645412364974618">
        <ele>38.66</ele>
      </trkpt>
      <trkpt lat="52.24886876530945" lon="5.6458742916584015">
        <ele>39.29</ele>
      </trkpt>
      <trkpt lat="52.248849738389254" lon="5.6459408439695835">
        <ele>39.36</ele>
      </trkpt>
      <trkpt lat="52.248811684548855" lon="5.6460739485919476">
        <ele>39.43</ele>
      </trkpt>
      <trkpt lat="52.248774049803615" lon="5.646205712109804">
        <ele>39.44</ele>
      </trkpt>
      <trkpt lat="52.248735995963216" lon="5.646338816732168">
        <ele>39.42</ele>
      </trkpt>
      <trkpt lat="52.2485660109669" lon="5.646933848038316">
        <ele>39.22</ele>
      </trkpt>
      <trkpt lat="52.24845268763602" lon="5.647330479696393">
        <ele>39.02</ele>
      </trkpt>
      <trkpt lat="52.24830131046474" lon="5.647860299795866">
        <ele>38.81</ele>
      </trkpt>
      <trkpt lat="52.2482446487993" lon="5.648058615624905">
        <ele>38.68</ele>
      </trkpt>
      <trkpt lat="52.24813132546842" lon="5.648455247282982">
        <ele>38.32</ele>
      </trkpt>
      <trkpt lat="52.24805597215891" lon="5.648718858137727">
        <ele>38.14</ele>
      </trkpt>
      <trkpt lat="52.2480099555105" lon="5.648879958316684">
        <ele>37.94</ele>
      </trkpt>
      <trkpt lat="52.247971314936876" lon="5.648957239463925">
        <ele>37.83</ele>
      </trkpt>
      <trkpt lat="52.24789998494089" lon="5.649099983274937">
        <ele>37.88</ele>
      </trkpt>
      <trkpt lat="52.24795798771083" lon="5.649482868611813">
        <ele>37.99</ele>
      </trkpt>
      <trkpt lat="52.24799998104572" lon="5.649759974330664">
        <ele>38.04</ele>
      </trkpt>
      <trkpt lat="52.24801188334823" lon="5.649909507483244">
        <ele>38.07</ele>
      </trkpt>
      <trkpt lat="52.24801992997527" lon="5.650009922683239">
        <ele>38.11</ele>
      </trkpt>
      <trkpt lat="52.248019175603986" lon="5.650054095312953">
        <ele>38.13</ele>
      </trkpt>
      <trkpt lat="52.24801297299564" lon="5.6504167802631855">
        <ele>38.34</ele>
      </trkpt>
      <trkpt lat="52.24801045842469" lon="5.65056212246418">
        <ele>38.39</ele>
      </trkpt>
      <trkpt lat="52.248007943853736" lon="5.6507074646651745">
        <ele>38.41</ele>
      </trkpt>
      <trkpt lat="52.24800425581634" lon="5.650923298671842">
        <ele>38.39</ele>
      </trkpt>
      <trkpt lat="52.24799922667444" lon="5.6512154918164015">
        <ele>38.32</ele>
      </trkpt>
      <trkpt lat="52.24799679592252" lon="5.651360917836428">
        <ele>38.25</ele>
      </trkpt>
      <trkpt lat="52.24799302406609" lon="5.651578176766634">
        <ele>38.11</ele>
      </trkpt>
      <trkpt lat="52.247989336028695" lon="5.651795519515872">
        <ele>38.03</ele>
      </trkpt>
      <trkpt lat="52.24798556417227" lon="5.652014287188649">
        <ele>38.03</ele>
      </trkpt>
      <trkpt lat="52.24797994829714" lon="5.6523399241268635">
        <ele>38.07</ele>
      </trkpt>
      <trkpt lat="52.24798506125808" lon="5.652376050129533">
        <ele>38.08</ele>
      </trkpt>
      <trkpt lat="52.2480149846524" lon="5.652587860822678">
        <ele>38.15</ele>
      </trkpt>
      <trkpt lat="52.24803493358195" lon="5.652729598805308">
        <ele>38.22</ele>
      </trkpt>
      <trkpt lat="52.24805496633053" lon="5.652871252968907">
        <ele>38.34</ele>
      </trkpt>
      <trkpt lat="52.24809478037059" lon="5.653153220191598">
        <ele>38.67</ele>
      </trkpt>
      <trkpt lat="52.24809997715056" lon="5.653189932927489">
        <ele>38.7</ele>
      </trkpt>
      <trkpt lat="52.24809997715056" lon="5.653297724202275">
        <ele>38.81</ele>
      </trkpt>
      <trkpt lat="52.24809997715056" lon="5.6534431502223015">
        <ele>38.91</ele>
      </trkpt>
      <trkpt lat="52.24809997715056" lon="5.653588576242328">
        <ele>38.96</ele>
      </trkpt>
      <trkpt lat="52.24809997715056" lon="5.65376996062696">
        <ele>38.87</ele>
      </trkpt>
      <trkpt lat="52.24809603765607" lon="5.653806841000915">
        <ele>38.86</ele>
      </trkpt>
      <trkpt lat="52.24806544370949" lon="5.654093334451318">
        <ele>38.8</ele>
      </trkpt>
      <trkpt lat="52.248034765943885" lon="5.654381336644292">
        <ele>38.69</ele>
      </trkpt>
      <trkpt lat="52.24801992997527" lon="5.654519973322749">
        <ele>38.66</ele>
      </trkpt>
      <trkpt lat="52.24801942706108" lon="5.654526092112064">
        <ele>38.66</ele>
      </trkpt>
      <trkpt lat="52.24800769239664" lon="5.654670260846615">
        <ele>38.65</ele>
      </trkpt>
      <trkpt lat="52.24797827191651" lon="5.655031353235245">
        <ele>38.67</ele>
      </trkpt>
      <trkpt lat="52.24794281646609" lon="5.6554667092859745">
        <ele>38.63</ele>
      </trkpt>
      <trkpt lat="52.24790995940566" lon="5.655869962647557">
        <ele>38.68</ele>
      </trkpt>
      <trkpt lat="52.24792253226042" lon="5.655970796942711">
        <ele>38.7</ele>
      </trkpt>
      <trkpt lat="52.24794055335224" lon="5.656114714220166">
        <ele>38.67</ele>
      </trkpt>
      <trkpt lat="52.24795832298696" lon="5.656257206574082">
        <ele>38.61</ele>
      </trkpt>
      <trkpt lat="52.24797600880265" lon="5.656398190185428">
        <ele>38.72</ele>
      </trkpt>
      <trkpt lat="52.24797994829714" lon="5.656429957598448">
        <ele>38.73</ele>
      </trkpt>
      <trkpt lat="52.24799981340766" lon="5.656538251787424">
        <ele>38.79</ele>
      </trkpt>
      <trkpt lat="52.24805102683604" lon="5.656816782429814">
        <ele>38.88</ele>
      </trkpt>
      <trkpt lat="52.2480892483145" lon="5.657025072723627">
        <ele>38.92</ele>
      </trkpt>
      <trkpt lat="52.24816594272852" lon="5.657442910596728">
        <ele>38.9</ele>
      </trkpt>
      <trkpt lat="52.24826803430915" lon="5.657998630777001">
        <ele>38.94</ele>
      </trkpt>
      <trkpt lat="52.24848504178226" lon="5.65918056294322">
        <ele>38.82</ele>
      </trkpt>
      <trkpt lat="52.24851060658693" lon="5.659319786354899">
        <ele>38.82</ele>
      </trkpt>
      <trkpt lat="52.24853625521064" lon="5.65945909358561">
        <ele>38.85</ele>
      </trkpt>
      <trkpt lat="52.24862560629845" lon="5.659945914521813">
        <ele>39.06</ele>
      </trkpt>
      <trkpt lat="52.248689476400614" lon="5.660293428227305">
        <ele>39.19</ele>
      </trkpt>
      <trkpt lat="52.24877882748842" lon="5.660780249163508">
        <ele>39.47</ele>
      </trkpt>
      <trkpt lat="52.248893827199936" lon="5.661406377330422">
        <ele>40.02</ele>
      </trkpt>
      <trkpt lat="52.24895761348307" lon="5.661753891035914">
        <ele>40.36</ele>
      </trkpt>
      <trkpt lat="52.24898996762931" lon="5.6619299948215485">
        <ele>40.35</ele>
      </trkpt>
      <trkpt lat="52.249029194936156" lon="5.662177177146077">
        <ele>40.35</ele>
      </trkpt>
      <trkpt lat="52.24907420575619" lon="5.6624615751206875">
        <ele>40.37</ele>
      </trkpt>
      <trkpt lat="52.24909675307572" lon="5.6626038160175085">
        <ele>40.4</ele>
      </trkpt>
      <trkpt lat="52.249119970947504" lon="5.66274999640882">
        <ele>40.46</ele>
      </trkpt>
      <trkpt lat="52.24914385937154" lon="5.662887375801802">
        <ele>40.52</ele>
      </trkpt>
      <trkpt lat="52.24919297732413" lon="5.663169929757714">
        <ele>40.69</ele>
      </trkpt>
      <trkpt lat="52.24924209527671" lon="5.663452567532659">
        <ele>40.93</ele>
      </trkpt>
      <trkpt lat="52.249266151338816" lon="5.663591036573052">
        <ele>41.08</ele>
      </trkpt>
      <trkpt lat="52.24936463870108" lon="5.66415773704648">
        <ele>41.73</ele>
      </trkpt>
      <trkpt lat="52.24941375665367" lon="5.6644403748214245">
        <ele>42.08</ele>
      </trkpt>
      <trkpt lat="52.24945055320859" lon="5.664652353152633">
        <ele>42.42</ele>
      </trkpt>
      <trkpt lat="52.249499671161175" lon="5.664934907108545">
        <ele>42.91</ele>
      </trkpt>
      <trkpt lat="52.24957334809005" lon="5.665358863770962">
        <ele>43.77</ele>
      </trkpt>
      <trkpt lat="52.24959765560925" lon="5.665498757734895">
        <ele>44.03</ele>
      </trkpt>
      <trkpt lat="52.24962221458554" lon="5.665640076622367">
        <ele>44.25</ele>
      </trkpt>
      <trkpt lat="52.249646773561835" lon="5.665781395509839">
        <ele>44.41</ele>
      </trkpt>
      <trkpt lat="52.24967133253813" lon="5.665922714397311">
        <ele>44.51</ele>
      </trkpt>
      <trkpt lat="52.249745009467006" lon="5.666346587240696">
        <ele>44.76</ele>
      </trkpt>
      <trkpt lat="52.24976998753846" lon="5.666489917784929">
        <ele>44.87</ele>
      </trkpt>
      <trkpt lat="52.24986528977752" lon="5.666977744549513">
        <ele>45.25</ele>
      </trkpt>
      <trkpt lat="52.24997442215681" lon="5.667536063119769">
        <ele>45.62</ele>
      </trkpt>
      <trkpt lat="52.25004281848669" lon="5.667885923758149">
        <ele>45.8</ele>
      </trkpt>
      <trkpt lat="52.25015220232308" lon="5.6684456672519445">
        <ele>46.0</ele>
      </trkpt>
      <trkpt lat="52.25017961114645" lon="5.668585645034909">
        <ele>46.08</ele>
      </trkpt>
      <trkpt lat="52.25022059865296" lon="5.668795527890325">
        <ele>46.27</ele>
      </trkpt>
      <trkpt lat="52.250275081023574" lon="5.669073974713683">
        <ele>46.58</ele>
      </trkpt>
      <trkpt lat="52.25030240602791" lon="5.669213952496648">
        <ele>46.72</ele>
      </trkpt>
      <trkpt lat="52.25032973103225" lon="5.669353846460581">
        <ele>46.84</ele>
      </trkpt>
      <trkpt lat="52.25042545236647" lon="5.669843601062894">
        <ele>47.2</ele>
      </trkpt>
      <trkpt lat="52.25045227445662" lon="5.669980812817812">
        <ele>47.28</ele>
      </trkpt>
      <trkpt lat="52.25045998580754" lon="5.670019956305623">
        <ele>47.28</ele>
      </trkpt>
      <trkpt lat="52.2505293879658" lon="5.67039848305285">
        <ele>47.37</ele>
      </trkpt>
      <trkpt lat="52.25055495277047" lon="5.670537790283561">
        <ele>47.47</ele>
      </trkpt>
      <trkpt lat="52.25056760944426" lon="5.6706067733466625">
        <ele>47.54</ele>
      </trkpt>
      <trkpt lat="52.250580517575145" lon="5.670677097514272">
        <ele>47.64</ele>
      </trkpt>
      <trkpt lat="52.250605998560786" lon="5.670816404744983">
        <ele>47.9</ele>
      </trkpt>
      <trkpt lat="52.25064422003925" lon="5.6710246950387955">
        <ele>48.41</ele>
      </trkpt>
      <trkpt lat="52.250720830634236" lon="5.671442616730928">
        <ele>49.64</ele>
      </trkpt>
      <trkpt lat="52.25074639543891" lon="5.671581923961639">
        <ele>50.02</ele>
      </trkpt>
      <trkpt lat="52.2507590521127" lon="5.671650907024741">
        <ele>50.17</ele>
      </trkpt>
      <trkpt lat="52.25077196024358" lon="5.67172123119235">
        <ele>50.29</ele>
      </trkpt>
      <trkpt lat="52.250810181722045" lon="5.671929521486163">
        <ele>50.59</ele>
      </trkpt>
      <trkpt lat="52.25086122751236" lon="5.672208135947585">
        <ele>50.92</ele>
      </trkpt>
      <trkpt lat="52.25088679231703" lon="5.672347443178296">
        <ele>51.04</ele>
      </trkpt>
      <trkpt lat="52.25095057860017" lon="5.67269504070282">
        <ele>51.2</ele>
      </trkpt>
      <trkpt lat="52.250989973545074" lon="5.672909952700138">
        <ele>51.22</ele>
      </trkpt>
      <trkpt lat="52.251002211123705" lon="5.672973403707147">
        <ele>51.23</ele>
      </trkpt>
      <trkpt lat="52.251028614118695" lon="5.6731106992810965">
        <ele>51.28</ele>
      </trkpt>
      <trkpt lat="52.25106884725392" lon="5.6733194924890995">
        <ele>51.41</ele>
      </trkpt>
      <trkpt lat="52.25110882893205" lon="5.673526860773563">
        <ele>51.6</ele>
      </trkpt>
      <trkpt lat="52.251148810610175" lon="5.673734312877059">
        <ele>51.87</ele>
      </trkpt>
      <trkpt lat="52.251215698197484" lon="5.674081826582551">
        <ele>52.41</ele>
      </trkpt>
      <trkpt lat="52.25125567987561" lon="5.674289194867015">
        <ele>52.77</ele>
      </trkpt>
      <trkpt lat="52.251335894688964" lon="5.674705356359482">
        <ele>53.54</ele>
      </trkpt>
      <trkpt lat="52.25134905427694" lon="5.674774004146457">
        <ele>53.64</ele>
      </trkpt>
      <trkpt lat="52.25137579254806" lon="5.674912724643946">
        <ele>53.81</ele>
      </trkpt>
      <trkpt lat="52.25140253081918" lon="5.675051445141435">
        <ele>53.72</ele>
      </trkpt>
      <trkpt lat="52.251409990713" lon="5.675089918076992">
        <ele>53.68</ele>
      </trkpt>
      <trkpt lat="52.251398507505655" lon="5.6751153990626335">
        <ele>53.66</ele>
      </trkpt>
      <trkpt lat="52.25131996907294" lon="5.675289994105697">
        <ele>53.41</ele>
      </trkpt>
      <trkpt lat="52.25128627382219" lon="5.67534196190536">
        <ele>53.33</ele>
      </trkpt>
      <trkpt lat="52.251221649348736" lon="5.675441958010197">
        <ele>53.21</ele>
      </trkpt>
      <trkpt lat="52.25120999850333" lon="5.6754599791020155">
        <ele>53.19</ele>
      </trkpt>
      <trkpt lat="52.251186864450574" lon="5.675488477572799">
        <ele>53.17</ele>
      </trkpt>
      <trkpt lat="52.25108007900417" lon="5.675620744004846">
        <ele>53.12</ele>
      </trkpt>
      <trkpt lat="52.25099994800985" lon="5.675719985738397">
        <ele>53.11</ele>
      </trkpt>
      <trkpt lat="52.250972455367446" lon="5.6757483165711164">
        <ele>53.11</ele>
      </trkpt>
      <trkpt lat="52.25089634768665" lon="5.67582668736577">
        <ele>53.13</ele>
      </trkpt>
      <trkpt lat="52.25078302435577" lon="5.67594344727695">
        <ele>53.2</ele>
      </trkpt>
      <trkpt lat="52.25070775486529" lon="5.676021063700318">
        <ele>53.27</ele>
      </trkpt>
      <trkpt lat="52.250669952481985" lon="5.676059955731034">
        <ele>53.32</ele>
      </trkpt>
      <trkpt lat="52.250602478161454" lon="5.6761555932462215">
        <ele>53.46</ele>
      </trkpt>
      <trkpt lat="52.25046794861555" lon="5.676346113905311">
        <ele>53.83</ele>
      </trkpt>
      <trkpt lat="52.250332748517394" lon="5.67653764039278">
        <ele>54.28</ele>
      </trkpt>
      <trkpt lat="52.25030994974077" lon="5.6765699945390224">
        <ele>54.34</ele>
      </trkpt>
      <trkpt lat="52.25022219121456" lon="5.6766577530652285">
        <ele>54.58</ele>
      </trkpt>
      <trkpt lat="52.2501699719578" lon="5.676709972321987">
        <ele>54.69</ele>
      </trkpt>
      <trkpt lat="52.25010434165597" lon="5.676757665351033">
        <ele>54.82</ele>
      </trkpt>
      <trkpt lat="52.249981043860316" lon="5.676847351714969">
        <ele>55.02</ele>
      </trkpt>
      <trkpt lat="52.24985866807401" lon="5.67693636752665">
        <ele>55.17</ele>
      </trkpt>
      <trkpt lat="52.2497299220413" lon="5.6770299933850765">
        <ele>55.29</ele>
      </trkpt>
      <trkpt lat="52.24960687570274" lon="5.67708196118474">
        <ele>55.41</ele>
      </trkpt>
      <trkpt lat="52.24930479191244" lon="5.677209617570043">
        <ele>55.72</ele>
      </trkpt>
      <trkpt lat="52.2492185421288" lon="5.677245995029807">
        <ele>55.74</ele>
      </trkpt>
      <trkpt lat="52.24901997484267" lon="5.677329981699586">
        <ele>55.67</ele>
      </trkpt>
      <trkpt lat="52.248971527442336" lon="5.677345572039485">
        <ele>55.66</ele>
      </trkpt>
      <trkpt lat="52.248849822208285" lon="5.677384966984391">
        <ele>55.57</ele>
      </trkpt>
      <trkpt lat="52.24876860156655" lon="5.677411202341318">
        <ele>55.46</ele>
      </trkpt>
      <trkpt lat="52.2486468963325" lon="5.677450597286224">
        <ele>55.25</ele>
      </trkpt>
      <trkpt lat="52.24803107790649" lon="5.677649667486548">
        <ele>53.25</ele>
      </trkpt>
      <trkpt lat="52.24768993444741" lon="5.677759973332286">
        <ele>52.03</ele>
      </trkpt>
      <trkpt lat="52.247680043801665" lon="5.677767936140299">
        <ele>52.0</ele>
      </trkpt>
      <trkpt lat="52.24743780680001" lon="5.677962061017752">
        <ele>51.17</ele>
      </trkpt>
      <trkpt lat="52.247357089072466" lon="5.678026769310236">
        <ele>50.87</ele>
      </trkpt>
      <trkpt lat="52.247034972533584" lon="5.678284931927919">
        <ele>49.61</ele>
      </trkpt>
      <trkpt lat="52.24695425480604" lon="5.678349640220404">
        <ele>49.26</ele>
      </trkpt>
      <trkpt lat="52.24679357372224" lon="5.6784783862531185">
        <ele>48.49</ele>
      </trkpt>
      <trkpt lat="52.246672455221415" lon="5.678575448691845">
        <ele>48.01</ele>
      </trkpt>
      <trkpt lat="52.24659173749387" lon="5.678640156984329">
        <ele>47.74</ele>
      </trkpt>
      <trkpt lat="52.246470618993044" lon="5.678737219423056">
        <ele>47.42</ele>
      </trkpt>
      <trkpt lat="52.246329970657825" lon="5.678849956020713">
        <ele>47.12</ele>
      </trkpt>
      <trkpt lat="52.246176078915596" lon="5.678894380107522">
        <ele>46.83</ele>
      </trkpt>
      <trkpt lat="52.24599896930158" lon="5.6789455935359">
        <ele>46.46</ele>
      </trkpt>
      <trkpt lat="52.245879946276546" lon="5.678979959338903">
        <ele>46.26</ele>
      </trkpt>
      <trkpt lat="52.245867708697915" lon="5.678979959338903">
        <ele>46.25</ele>
      </trkpt>
      <trkpt lat="52.24583996459842" lon="5.678979959338903">
        <ele>46.19</ele>
      </trkpt>
      <trkpt lat="52.24563444033265" lon="5.679101999849081">
        <ele>45.79</ele>
      </trkpt>
      <trkpt lat="52.24551994353533" lon="5.679169977083802">
        <ele>45.35</ele>
      </trkpt>
      <trkpt lat="52.24539396353066" lon="5.679281959310174">
        <ele>44.84</ele>
      </trkpt>
      <trkpt lat="52.24524996243417" lon="5.679409950971603">
        <ele>44.33</ele>
      </trkpt>
      <trkpt lat="52.245191959664226" lon="5.679418249055743">
        <ele>44.16</ele>
      </trkpt>
      <trkpt lat="52.245039995759726" lon="5.6794399581849575">
        <ele>43.62</ele>
      </trkpt>
      <trkpt lat="52.24501811899245" lon="5.679458314552903">
        <ele>43.54</ele>
      </trkpt>
      <trkpt lat="52.24493891000748" lon="5.679524699226022">
        <ele>43.27</ele>
      </trkpt>
      <trkpt lat="52.24482131190598" lon="5.679623354226351">
        <ele>42.92</ele>
      </trkpt>
      <trkpt lat="52.24472994916141" lon="5.679699964821339">
        <ele>42.7</ele>
      </trkpt>
      <trkpt lat="52.24453683011234" lon="5.679824352264404">
        <ele>42.26</ele>
      </trkpt>
      <trkpt lat="52.24433021619916" lon="5.679957456886768">
        <ele>41.72</ele>
      </trkpt>
      <trkpt lat="52.244247402995825" lon="5.680010765790939">
        <ele>41.57</ele>
      </trkpt>
      <trkpt lat="52.244139946997166" lon="5.6800799164921045">
        <ele>41.4</ele>
      </trkpt>
      <trkpt lat="52.24388999864459" lon="5.680279992520809">
        <ele>41.0</ele>
      </trkpt>
      <trkpt lat="52.24388572387397" lon="5.680282926186919">
        <ele>41.0</ele>
      </trkpt>
      <trkpt lat="52.24348993040621" lon="5.680559948086739">
        <ele>40.47</ele>
      </trkpt>
      <trkpt lat="52.24347861483693" lon="5.680569335818291">
        <ele>40.46</ele>
      </trkpt>
      <trkpt lat="52.24328021518886" lon="5.680732531473041">
        <ele>40.26</ele>
      </trkpt>
      <trkpt lat="52.24304082803428" lon="5.68092942237854">
        <ele>39.88</ele>
      </trkpt>
      <trkpt lat="52.2428809851408" lon="5.68106085062027">
        <ele>39.7</ele>
      </trkpt>
      <trkpt lat="52.242869921028614" lon="5.681069986894727">
        <ele>39.69</ele>
      </trkpt>
      <trkpt lat="52.24279557354748" lon="5.681100245565176">
        <ele>39.63</ele>
      </trkpt>
      <trkpt lat="52.242664732038975" lon="5.681153554469347">
        <ele>39.59</ele>
      </trkpt>
      <trkpt lat="52.24259993992746" lon="5.681179957464337">
        <ele>39.58</ele>
      </trkpt>
      <trkpt lat="52.24222392775118" lon="5.681272074580193">
        <ele>39.56</ele>
      </trkpt>
      <trkpt lat="52.24210993386805" lon="5.681299986317754">
        <ele>39.52</ele>
      </trkpt>
      <trkpt lat="52.242011027410626" lon="5.681319767609239">
        <ele>39.49</ele>
      </trkpt>
      <trkpt lat="52.24175998941064" lon="5.681369975209236">
        <ele>39.38</ele>
      </trkpt>
      <trkpt lat="52.24175554700196" lon="5.681374417617917">
        <ele>39.38</ele>
      </trkpt>
      <trkpt lat="52.241689916700125" lon="5.6814399641007185">
        <ele>39.33</ele>
      </trkpt>
      <trkpt lat="52.241508616134524" lon="5.681761242449284">
        <ele>39.17</ele>
      </trkpt>
      <trkpt lat="52.24142144434154" lon="5.681915637105703">
        <ele>39.15</ele>
      </trkpt>
      <trkpt lat="52.24133997224271" lon="5.682059973478317">
        <ele>39.0</ele>
      </trkpt>
      <trkpt lat="52.24127694033086" lon="5.6821945030242205">
        <ele>38.88</ele>
      </trkpt>
      <trkpt lat="52.24119504913688" lon="5.682369517162442">
        <ele>38.75</ele>
      </trkpt>
      <trkpt lat="52.24111366085708" lon="5.682543441653252">
        <ele>38.65</ele>
      </trkpt>
      <trkpt lat="52.241031769663095" lon="5.682718455791473">
        <ele>38.6</ele>
      </trkpt>
      <trkpt lat="52.2409503813833" lon="5.682892296463251">
        <ele>38.61</ele>
      </trkpt>
      <trkpt lat="52.24089992232621" lon="5.682999920099974">
        <ele>38.67</ele>
      </trkpt>
      <trkpt lat="52.24089598283172" lon="5.683009224012494">
        <ele>38.67</ele>
      </trkpt>
      <trkpt lat="52.240844098851085" lon="5.6831292528659105">
        <ele>38.76</ele>
      </trkpt>
      <trkpt lat="52.240741001442075" lon="5.683368053287268">
        <ele>39.0</ele>
      </trkpt>
      <trkpt lat="52.24070998840034" lon="5.6834399700164795">
        <ele>39.05</ele>
      </trkpt>
      <trkpt lat="52.2406966611743" lon="5.68349470384419">
        <ele>39.07</ele>
      </trkpt>
      <trkpt lat="52.24066346883774" lon="5.683631245046854">
        <ele>39.06</ele>
      </trkpt>
      <trkpt lat="52.24061996676028" lon="5.683809947222471">
        <ele>38.95</ele>
      </trkpt>
      <trkpt lat="52.24061627872288" lon="5.6838372722268105">
        <ele>38.94</ele>
      </trkpt>
      <trkpt lat="52.24058493040502" lon="5.684072636067867">
        <ele>38.96</ele>
      </trkpt>
      <trkpt lat="52.24056598730385" lon="5.684214709326625">
        <ele>38.91</ele>
      </trkpt>
      <trkpt lat="52.24055995233357" lon="5.684259971603751">
        <ele>38.9</ele>
      </trkpt>
      <trkpt lat="52.240551486611366" lon="5.684359548613429">
        <ele>38.9</ele>
      </trkpt>
      <trkpt lat="52.24050999619067" lon="5.684849973767996">
        <ele>38.94</ele>
      </trkpt>
      <trkpt lat="52.24049172364175" lon="5.685156751424074">
        <ele>38.97</ele>
      </trkpt>
      <trkpt lat="52.240483006462455" lon="5.685302931815386">
        <ele>39.0</ele>
      </trkpt>
      <trkpt lat="52.240461464971304" lon="5.685666957870126">
        <ele>39.17</ele>
      </trkpt>
      <trkpt lat="52.24044998176396" lon="5.685859993100166">
        <ele>39.17</ele>
      </trkpt>
      <trkpt lat="52.24044998176396" lon="5.685881953686476">
        <ele>39.17</ele>
      </trkpt>
      <trkpt lat="52.24044998176396" lon="5.686171213164926">
        <ele>39.14</ele>
      </trkpt>
      <trkpt lat="52.24044998176396" lon="5.686388639733195">
        <ele>39.16</ele>
      </trkpt>
      <trkpt lat="52.24044998176396" lon="5.686429962515831">
        <ele>39.17</ele>
      </trkpt>
      <trkpt lat="52.24045895040035" lon="5.686750989407301">
        <ele>39.25</ele>
      </trkpt>
      <trkpt lat="52.24048133008182" lon="5.687546180561185">
        <ele>39.55</ele>
      </trkpt>
      <trkpt lat="52.24049993790686" lon="5.688209943473339">
        <ele>39.72</ele>
      </trkpt>
      <trkpt lat="52.24049113690853" lon="5.688412953168154">
        <ele>39.75</ele>
      </trkpt>
      <trkpt lat="52.24047998897731" lon="5.688669942319393">
        <ele>39.75</ele>
      </trkpt>
      <trkpt lat="52.240482000634074" lon="5.688773542642593">
        <ele>39.76</ele>
      </trkpt>
      <trkpt lat="52.24048996344209" lon="5.689179981127381">
        <ele>39.84</ele>
      </trkpt>
      <trkpt lat="52.24047998897731" lon="5.689769983291626">
        <ele>39.96</ele>
      </trkpt>
      <trkpt lat="52.24045492708683" lon="5.689988331869245">
        <ele>40.01</ele>
      </trkpt>
      <trkpt lat="52.24043875001371" lon="5.690129734575748">
        <ele>40.01</ele>
      </trkpt>
      <trkpt lat="52.240414610132575" lon="5.690340539440513">
        <ele>39.97</ele>
      </trkpt>
      <trkpt lat="52.2403821721673" lon="5.690623512491584">
        <ele>39.98</ele>
      </trkpt>
      <trkpt lat="52.24036993458867" lon="5.690729962661862">
        <ele>39.99</ele>
      </trkpt>
      <trkpt lat="52.24032257683575" lon="5.690970774739981">
        <ele>40.03</ele>
      </trkpt>
      <trkpt lat="52.24028209224343" lon="5.691176299005747">
        <ele>40.08</ele>
      </trkpt>
      <trkpt lat="52.24022786132991" lon="5.691451728343964">
        <ele>40.2</ele>
      </trkpt>
      <trkpt lat="52.24013322964311" lon="5.691932765766978">
        <ele>40.52</ele>
      </trkpt>
      <trkpt lat="52.24009282886982" lon="5.692138290032744">
        <ele>40.58</ele>
      </trkpt>
      <trkpt lat="52.2400523442775" lon="5.6923438142985106">
        <ele>40.53</ele>
      </trkpt>
      <trkpt lat="52.23999995738268" lon="5.692609939724207">
        <ele>40.36</ele>
      </trkpt>
      <trkpt lat="52.239997778087854" lon="5.692618992179632">
        <ele>40.36</ele>
      </trkpt>
      <trkpt lat="52.23989920690656" lon="5.693021323531866">
        <ele>40.06</ele>
      </trkpt>
      <trkpt lat="52.23987992852926" lon="5.693099945783615">
        <ele>39.98</ele>
      </trkpt>
      <trkpt lat="52.23984891548753" lon="5.693296669051051">
        <ele>39.79</ele>
      </trkpt>
      <trkpt lat="52.239819997921586" lon="5.693479981273413">
        <ele>39.76</ele>
      </trkpt>
      <trkpt lat="52.2397399507463" lon="5.693809976801276">
        <ele>39.71</ele>
      </trkpt>
      <trkpt lat="52.2397396992892" lon="5.693822298198938">
        <ele>39.71</ele>
      </trkpt>
      <trkpt lat="52.239734921604395" lon="5.694035114720464">
        <ele>39.72</ele>
      </trkpt>
      <trkpt lat="52.239719247445464" lon="5.694739613682032">
        <ele>39.87</ele>
      </trkpt>
      <trkpt lat="52.23970290273428" lon="5.69547051563859">
        <ele>39.94</ele>
      </trkpt>
      <trkpt lat="52.23969963379204" lon="5.6956172827631235">
        <ele>39.97</ele>
      </trkpt>
      <trkpt lat="52.23968982696533" lon="5.696056075394154">
        <ele>40.16</ele>
      </trkpt>
      <trkpt lat="52.23968496546149" lon="5.696274759247899">
        <ele>40.3</ele>
      </trkpt>
      <trkpt lat="52.23968010395765" lon="5.6964934431016445">
        <ele>40.49</ele>
      </trkpt>
      <trkpt lat="52.23966870456934" lon="5.697005661204457">
        <ele>41.01</ele>
      </trkpt>
      <trkpt lat="52.23965076729655" lon="5.6978099048137665">
        <ele>41.67</ele>
      </trkpt>
      <trkpt lat="52.239647498354316" lon="5.697955247014761">
        <ele>41.85</ele>
      </trkpt>
      <trkpt lat="52.239642553031445" lon="5.698175355792046">
        <ele>42.15</ele>
      </trkpt>
      <trkpt lat="52.239632830023766" lon="5.6986127234995365">
        <ele>42.82</ele>
      </trkpt>
      <trkpt lat="52.23962956108153" lon="5.69875949062407">
        <ele>43.0</ele>
      </trkpt>
      <trkpt lat="52.23962629213929" lon="5.698906257748604">
        <ele>43.11</ele>
      </trkpt>
      <trkpt lat="52.239623023197055" lon="5.699051516130567">
        <ele>43.15</ele>
      </trkpt>
      <trkpt lat="52.23961489275098" lon="5.699416967108846">
        <ele>43.06</ele>
      </trkpt>
      <trkpt lat="52.239608354866505" lon="5.699709076434374">
        <ele>43.01</ele>
      </trkpt>
      <trkpt lat="52.239603493362665" lon="5.6999291852116585">
        <ele>42.99</ele>
      </trkpt>
      <trkpt lat="52.239598631858826" lon="5.700147869065404">
        <ele>43.01</ele>
      </trkpt>
      <trkpt lat="52.23959527909756" lon="5.700294636189938">
        <ele>43.04</ele>
      </trkpt>
      <trkpt lat="52.239588825032115" lon="5.700586661696434">
        <ele>43.15</ele>
      </trkpt>
      <trkpt lat="52.23957574926317" lon="5.701170796528459">
        <ele>43.45</ele>
      </trkpt>
      <trkpt lat="52.23957088775933" lon="5.701389480382204">
        <ele>43.53</ele>
      </trkpt>
      <trkpt lat="52.23956426605582" lon="5.701685948297381">
        <ele>43.58</ele>
      </trkpt>
      <trkpt lat="52.23956108093262" lon="5.701831206679344">
        <ele>43.58</ele>
      </trkpt>
      <trkpt lat="52.239559991285205" lon="5.7018799893558025">
        <ele>43.59</ele>
      </trkpt>
      <trkpt lat="52.23955395631492" lon="5.7021218072623014">
        <ele>43.65</ele>
      </trkpt>
      <trkpt lat="52.23955035209656" lon="5.702268574386835">
        <ele>43.62</ele>
      </trkpt>
      <trkpt lat="52.23954129964113" lon="5.702632432803512">
        <ele>43.43</ele>
      </trkpt>
      <trkpt lat="52.23953233100474" lon="5.70299637503922">
        <ele>43.34</ele>
      </trkpt>
      <trkpt lat="52.239528726786375" lon="5.703141633421183">
        <ele>43.29</ele>
      </trkpt>
      <trkpt lat="52.23951246589422" lon="5.703797601163387">
        <ele>42.85</ele>
      </trkpt>
      <trkpt lat="52.23950886167586" lon="5.70394285954535">
        <ele>42.8</ele>
      </trkpt>
      <trkpt lat="52.23950534127653" lon="5.704088117927313">
        <ele>42.81</ele>
      </trkpt>
      <trkpt lat="52.239499893039465" lon="5.704306801781058">
        <ele>42.88</ele>
      </trkpt>
      <trkpt lat="52.2394962888211" lon="5.70445348508656">
        <ele>42.96</ele>
      </trkpt>
      <trkpt lat="52.239489080384374" lon="5.7047440856695175">
        <ele>43.16</ele>
      </trkpt>
      <trkpt lat="52.239476423710585" lon="5.705254711210728">
        <ele>43.36</ele>
      </trkpt>
      <trkpt lat="52.23946921527386" lon="5.705545311793685">
        <ele>43.52</ele>
      </trkpt>
      <trkpt lat="52.23946385085583" lon="5.705763911828399">
        <ele>43.71</ele>
      </trkpt>
      <trkpt lat="52.23945119418204" lon="5.70627311244607">
        <ele>44.27</ele>
      </trkpt>
      <trkpt lat="52.239447589963675" lon="5.706419879570603">
        <ele>44.4</ele>
      </trkpt>
      <trkpt lat="52.239442225545645" lon="5.706637054681778">
        <ele>44.55</ele>
      </trkpt>
      <trkpt lat="52.23943694494665" lon="5.7068483624607325">
        <ele>44.64</ele>
      </trkpt>
      <trkpt lat="52.23943174816668" lon="5.707061095163226">
        <ele>44.69</ele>
      </trkpt>
      <trkpt lat="52.23942646756768" lon="5.707272402942181">
        <ele>44.71</ele>
      </trkpt>
      <trkpt lat="52.23941599018872" lon="5.7076965272426605">
        <ele>44.72</ele>
      </trkpt>
      <trkpt lat="52.239414816722274" lon="5.707743465900421">
        <ele>44.64</ele>
      </trkpt>
      <trkpt lat="52.239409955218434" lon="5.707939937710762">
        <ele>44.38</ele>
      </trkpt>
      <trkpt lat="52.23940744064748" lon="5.7080193143337965">
        <ele>44.28</ele>
      </trkpt>
      <trkpt lat="52.23940291441977" lon="5.708157112821937">
        <ele>44.15</ele>
      </trkpt>
      <trkpt lat="52.23939847201109" lon="5.708294995129108">
        <ele>44.06</ele>
      </trkpt>
      <trkpt lat="52.23939402960241" lon="5.708434302359819">
        <ele>44.03</ele>
      </trkpt>
      <trkpt lat="52.23938958719373" lon="5.708572184666991">
        <ele>44.03</ele>
      </trkpt>
      <trkpt lat="52.23938288167119" lon="5.708778966218233">
        <ele>44.08</ele>
      </trkpt>
      <trkpt lat="52.23937374539673" lon="5.709063448011875">
        <ele>44.38</ele>
      </trkpt>
      <trkpt lat="52.2393599152565" lon="5.70949025452137">
        <ele>44.92</ele>
      </trkpt>
      <trkpt lat="52.23935656249523" lon="5.7095943577587605">
        <ele>44.99</ele>
      </trkpt>
      <trkpt lat="52.23935312591493" lon="5.709701478481293">
        <ele>45.04</ele>
      </trkpt>
      <trkpt lat="52.23935077898204" lon="5.709773311391473">
        <ele>45.04</ele>
      </trkpt>
      <trkpt lat="52.239349940791726" lon="5.709799965843558">
        <ele>45.02</ele>
      </trkpt>
      <trkpt lat="52.23935664631426" lon="5.709842378273606">
        <ele>45.01</ele>
      </trkpt>
      <trkpt lat="52.23937994800508" lon="5.709989983588457">
        <ele>44.91</ele>
      </trkpt>
      <trkpt lat="52.23942529410124" lon="5.710180504247546">
        <ele>44.79</ele>
      </trkpt>
      <trkpt lat="52.23948857747018" lon="5.710446042940021">
        <ele>44.71</ele>
      </trkpt>
      <trkpt lat="52.239536102861166" lon="5.710645951330662">
        <ele>44.69</ele>
      </trkpt>
      <trkpt lat="52.23958337679505" lon="5.710844350978732">
        <ele>44.74</ele>
      </trkpt>
      <trkpt lat="52.23962998017669" lon="5.711039984598756">
        <ele>44.63</ele>
      </trkpt>
      <trkpt lat="52.239630818367004" lon="5.711047360673547">
        <ele>44.63</ele>
      </trkpt>
      <trkpt lat="52.23965495824814" lon="5.711262607946992">
        <ele>44.47</ele>
      </trkpt>
      <trkpt lat="52.23967909812927" lon="5.711477855220437">
        <ele>44.23</ele>
      </trkpt>
      <trkpt lat="52.239719247445464" lon="5.711836097761989">
        <ele>43.78</ele>
      </trkpt>
      <trkpt lat="52.23973550833762" lon="5.711980517953634">
        <ele>43.65</ele>
      </trkpt>
      <trkpt lat="52.23975964821875" lon="5.712195765227079">
        <ele>43.49</ele>
      </trkpt>
      <trkpt lat="52.23977565765381" lon="5.712338844314218">
        <ele>43.42</ele>
      </trkpt>
      <trkpt lat="52.23982402123511" lon="5.712769255042076">
        <ele>43.26</ele>
      </trkpt>
      <trkpt lat="52.23984816111624" lon="5.712984502315521">
        <ele>43.23</ele>
      </trkpt>
      <trkpt lat="52.239872300997376" lon="5.713199749588966">
        <ele>43.23</ele>
      </trkpt>
      <trkpt lat="52.239945055916905" lon="5.713848425075412">
        <ele>42.8</ele>
      </trkpt>
      <trkpt lat="52.24000163376331" lon="5.714352512732148">
        <ele>42.49</ele>
      </trkpt>
      <trkpt lat="52.240033987909555" lon="5.714641436934471">
        <ele>42.35</ele>
      </trkpt>
      <trkpt lat="52.24007438868284" lon="5.715001188218594">
        <ele>42.13</ele>
      </trkpt>
      <trkpt lat="52.24008997902274" lon="5.715139992535114">
        <ele>42.07</ele>
      </trkpt>
      <trkpt lat="52.24010908976197" lon="5.715212747454643">
        <ele>42.04</ele>
      </trkpt>
      <trkpt lat="52.240139935165644" lon="5.715329926460981">
        <ele>42.01</ele>
      </trkpt>
      <trkpt lat="52.24022534675896" lon="5.71552287787199">
        <ele>41.96</ele>
      </trkpt>
      <trkpt lat="52.24035702645779" lon="5.71582043543458">
        <ele>41.77</ele>
      </trkpt>
      <trkpt lat="52.2404099162668" lon="5.715939961373806">
        <ele>41.71</ele>
      </trkpt>
      <trkpt lat="52.24045995622873" lon="5.716129979118705">
        <ele>41.63</ele>
      </trkpt>
      <trkpt lat="52.240464901551604" lon="5.716214468702674">
        <ele>41.6</ele>
      </trkpt>
      <trkpt lat="52.24046993069351" lon="5.716299964115024">
        <ele>41.55</ele>
      </trkpt>
      <trkpt lat="52.24044998176396" lon="5.716409934684634">
        <ele>41.49</ele>
      </trkpt>
      <trkpt lat="52.24051100201905" lon="5.716532142832875">
        <ele>41.41</ele>
      </trkpt>
      <trkpt lat="52.240549977868795" lon="5.716609926894307">
        <ele>41.38</ele>
      </trkpt>
      <trkpt lat="52.2406638879329" lon="5.7168840151280165">
        <ele>41.29</ele>
      </trkpt>
      <trkpt lat="52.240737648680806" lon="5.717061460018158">
        <ele>41.19</ele>
      </trkpt>
      <trkpt lat="52.24078718572855" lon="5.717180483043194">
        <ele>41.1</ele>
      </trkpt>
      <trkpt lat="52.24091995507479" lon="5.717499917373061">
        <ele>40.76</ele>
      </trkpt>
      <trkpt lat="52.24093705415726" lon="5.717536127194762">
        <ele>40.72</ele>
      </trkpt>
      <trkpt lat="52.241071332246065" lon="5.717819519340992">
        <ele>40.5</ele>
      </trkpt>
      <trkpt lat="52.24128590896726" lon="5.718272561207414">
        <ele>40.0</ele>
      </trkpt>
      <trkpt lat="52.24147416651249" lon="5.718669863417745">
        <ele>39.68</ele>
      </trkpt>
      <trkpt lat="52.24154993891716" lon="5.718829957768321">
        <ele>39.55</ele>
      </trkpt>
      <trkpt lat="52.241633674129844" lon="5.71894621476531">
        <ele>39.45</ele>
      </trkpt>
      <trkpt lat="52.24166862666607" lon="5.7189947459846735">
        <ele>39.42</ele>
      </trkpt>
      <trkpt lat="52.241729982197285" lon="5.719079989939928">
        <ele>39.49</ele>
      </trkpt>
      <trkpt lat="52.24173911847174" lon="5.719076804816723">
        <ele>39.5</ele>
      </trkpt>
      <trkpt lat="52.241989988833666" lon="5.718989968299866">
        <ele>39.78</ele>
      </trkpt>
      <trkpt lat="52.2420883923769" lon="5.718943448737264">
        <ele>39.9</ele>
      </trkpt>
      <trkpt lat="52.24226030521095" lon="5.7188622280955315">
        <ele>40.01</ele>
      </trkpt>
      <trkpt lat="52.24238896742463" lon="5.718801375478506">
        <ele>40.2</ele>
      </trkpt>
      <trkpt lat="52.243121545761824" lon="5.71845511905849">
        <ele>41.64</ele>
      </trkpt>
      <trkpt lat="52.243207124993205" lon="5.718414718285203">
        <ele>41.83</ele>
      </trkpt>
      <trkpt lat="52.243449948728085" lon="5.718299970030785">
        <ele>42.41</ele>
      </trkpt>
      <trkpt lat="52.24346520379186" lon="5.7182917557656765">
        <ele>42.45</ele>
      </trkpt>
      <trkpt lat="52.24367793649435" lon="5.71817759424448">
        <ele>42.91</ele>
      </trkpt>
      <trkpt lat="52.2437634319067" lon="5.718131745234132">
        <ele>43.12</ele>
      </trkpt>
      <trkpt lat="52.24393341690302" lon="5.7180405501276255">
        <ele>43.58</ele>
      </trkpt>
      <trkpt lat="52.24414614960551" lon="5.717926388606429">
        <ele>44.08</ele>
      </trkpt>
      <trkpt lat="52.244269950315356" lon="5.717859920114279">
        <ele>44.29</ele>
      </trkpt>
      <trkpt lat="52.24443624727428" lon="5.717755565419793">
        <ele>44.59</ele>
      </trkpt>
      <trkpt lat="52.244518557563424" lon="5.717703849077225">
        <ele>44.71</ele>
      </trkpt>
      <trkpt lat="52.24460078403354" lon="5.717652216553688">
        <ele>44.77</ele>
      </trkpt>
      <trkpt lat="52.244699941948056" lon="5.7175899390131235">
        <ele>44.81</ele>
      </trkpt>
      <trkpt lat="52.244767751544714" lon="5.717561524361372">
        <ele>44.85</ele>
      </trkpt>
      <trkpt lat="52.24498115479946" lon="5.7174720056355">
        <ele>44.91</ele>
      </trkpt>
      <trkpt lat="52.24506656639278" lon="5.7174362149089575">
        <ele>44.96</ele>
      </trkpt>
      <trkpt lat="52.24519464187324" lon="5.717382486909628">
        <ele>45.09</ele>
      </trkpt>
      <trkpt lat="52.245319951325655" lon="5.717329932376742">
        <ele>45.19</ele>
      </trkpt>
      <trkpt lat="52.245363872498274" lon="5.717303277924657">
        <ele>45.23</ele>
      </trkpt>
      <trkpt lat="52.24548775702715" lon="5.717227840796113">
        <ele>45.43</ele>
      </trkpt>
      <trkpt lat="52.24554995074868" lon="5.717189954593778">
        <ele>45.55</ele>
      </trkpt>
      <trkpt lat="52.24560543894768" lon="5.717132119461894">
        <ele>45.67</ele>
      </trkpt>
      <trkpt lat="52.24571683444083" lon="5.717015862464905">
        <ele>45.87</ele>
      </trkpt>
      <trkpt lat="52.24579109810293" lon="5.716938329860568">
        <ele>45.96</ele>
      </trkpt>
      <trkpt lat="52.24590249359608" lon="5.716822072863579">
        <ele>46.04</ele>
      </trkpt>
      <trkpt lat="52.246009949594736" lon="5.716709922999144">
        <ele>45.88</ele>
      </trkpt>
      <trkpt lat="52.246044566854835" lon="5.716667342931032">
        <ele>45.83</ele>
      </trkpt>
      <trkpt lat="52.2462154738605" lon="5.7164569571614265">
        <ele>45.61</ele>
      </trkpt>
      <trkpt lat="52.24628370255232" lon="5.716372970491648">
        <ele>45.54</ele>
      </trkpt>
      <trkpt lat="52.2463864646852" lon="5.716246571391821">
        <ele>45.47</ele>
      </trkpt>
      <trkpt lat="52.246556617319584" lon="5.716037107631564">
        <ele>45.43</ele>
      </trkpt>
      <trkpt lat="52.24662132561207" lon="5.715957563370466">
        <ele>45.55</ele>
      </trkpt>
      <trkpt lat="52.24665996618569" lon="5.715909954160452">
        <ele>45.43</ele>
      </trkpt>
      <trkpt lat="52.24669190123677" lon="5.715873911976814">
        <ele>45.35</ele>
      </trkpt>
      <trkpt lat="52.24683539941907" lon="5.715711889788508">
        <ele>44.89</ele>
      </trkpt>
      <trkpt lat="52.247230438515544" lon="5.715265888720751">
        <ele>43.74</ele>
      </trkpt>
      <trkpt lat="52.24727997556329" lon="5.715209981426597">
        <ele>43.62</ele>
      </trkpt>
      <trkpt lat="52.24738257005811" lon="5.715127838775516">
        <ele>43.4</ele>
      </trkpt>
      <trkpt lat="52.24761759862304" lon="5.714939832687378">
        <ele>42.99</ele>
      </trkpt>
      <trkpt lat="52.24772999994457" lon="5.714849978685379">
        <ele>42.85</ele>
      </trkpt>
      <trkpt lat="52.24785388447344" lon="5.71473372168839">
        <ele>42.69</ele>
      </trkpt>
      <trkpt lat="52.24820173345506" lon="5.714407414197922">
        <ele>42.41</ele>
      </trkpt>
      <trkpt lat="52.24827893078327" lon="5.71433499455452">
        <ele>42.37</ele>
      </trkpt>
      <trkpt lat="52.24839510396123" lon="5.71422602981329">
        <ele>42.34</ele>
      </trkpt>
      <trkpt lat="52.24862669594586" lon="5.714008770883083">
        <ele>42.35</ele>
      </trkpt>
      <trkpt lat="52.248704731464386" lon="5.713935596868396">
        <ele>42.29</ele>
      </trkpt>
      <trkpt lat="52.248781928792596" lon="5.713863177224994">
        <ele>42.17</ele>
      </trkpt>
      <trkpt lat="52.24885996431112" lon="5.7137899193912745">
        <ele>42.0</ele>
      </trkpt>
      <trkpt lat="52.24911913275719" lon="5.713691432029009">
        <ele>41.33</ele>
      </trkpt>
      <trkpt lat="52.249293476343155" lon="5.713625214993954">
        <ele>40.94</ele>
      </trkpt>
      <trkpt lat="52.249359944835305" lon="5.713599985465407">
        <ele>40.83</ele>
      </trkpt>
      <trkpt lat="52.24942373111844" lon="5.713580623269081">
        <ele>40.73</ele>
      </trkpt>
      <trkpt lat="52.2495554946363" lon="5.713540725409985">
        <ele>40.62</ele>
      </trkpt>
      <trkpt lat="52.24968994036317" lon="5.713499989360571">
        <ele>40.59</ele>
      </trkpt>
      <trkpt lat="52.249943409115076" lon="5.713377362117171">
        <ele>40.55</ele>
      </trkpt>
      <trkpt lat="52.249999986961484" lon="5.7133499532938">
        <ele>40.55</ele>
      </trkpt>
      <trkpt lat="52.25019318982959" lon="5.713219866156578">
        <ele>40.55</ele>
      </trkpt>
      <trkpt lat="52.25031707435846" lon="5.7131363824009895">
        <ele>40.59</ele>
      </trkpt>
      <trkpt lat="52.25039938464761" lon="5.713080978021026">
        <ele>40.64</ele>
      </trkpt>
      <trkpt lat="52.25048999302089" lon="5.713019957765937">
        <ele>40.72</ele>
      </trkpt>
      <trkpt lat="52.25064380094409" lon="5.7129052095115185">
        <ele>40.88</ele>
      </trkpt>
      <trkpt lat="52.25072477012873" lon="5.712844775989652">
        <ele>40.93</ele>
      </trkpt>
      <trkpt lat="52.25084664300084" lon="5.7127538323402405">
        <ele>40.94</ele>
      </trkpt>
      <trkpt lat="52.25092761218548" lon="5.712693398818374">
        <ele>40.91</ele>
      </trkpt>
      <trkpt lat="52.25105526857078" lon="5.712598264217377">
        <ele>40.8</ele>
      </trkpt>
      <trkpt lat="52.251119976863265" lon="5.712549984455109">
        <ele>40.64</ele>
      </trkpt>
      <trkpt lat="52.25112936459482" lon="5.712377401068807">
        <ele>40.42</ele>
      </trkpt>
      <trkpt lat="52.251138584688306" lon="5.712207667529583">
        <ele>39.89</ele>
      </trkpt>
      <trkpt lat="52.25114998407662" lon="5.711999963968992">
        <ele>39.71</ele>
      </trkpt>
      <trkpt lat="52.25120999850333" lon="5.712019996717572">
        <ele>39.63</ele>
      </trkpt>
      <trkpt lat="52.25133120082319" lon="5.712012117728591">
        <ele>39.47</ele>
      </trkpt>
      <trkpt lat="52.25141929462552" lon="5.712006418034434">
        <ele>39.37</ele>
      </trkpt>
      <trkpt lat="52.25151996128261" lon="5.711999963968992">
        <ele>39.28</ele>
      </trkpt>
      <trkpt lat="52.25168064236641" lon="5.7119356747716665">
        <ele>39.15</ele>
      </trkpt>
      <trkpt lat="52.251851884648204" lon="5.711867194622755">
        <ele>38.96</ele>
      </trkpt>
      <trkpt lat="52.25196998566389" lon="5.711819920688868">
        <ele>38.8</ele>
      </trkpt>
      <trkpt lat="52.25201457738876" lon="5.711789410561323">
        <ele>38.74</ele>
      </trkpt>
      <trkpt lat="52.25220954045653" lon="5.711656054481864">
        <ele>38.51</ele>
      </trkpt>
      <trkpt lat="52.252521431073546" lon="5.711442651227117">
        <ele>38.29</ele>
      </trkpt>
      <trkpt lat="52.252539955079556" lon="5.711429994553328">
        <ele>38.28</ele>
      </trkpt>
      <trkpt lat="52.25261991843581" lon="5.711319940164685">
        <ele>38.23</ele>
      </trkpt>
      <trkpt lat="52.25262670777738" lon="5.711314491927624">
        <ele>38.23</ele>
      </trkpt>
      <trkpt lat="52.2527448926121" lon="5.711217764765024">
        <ele>38.13</ele>
      </trkpt>
      <trkpt lat="52.25290331058204" lon="5.711088180541992">
        <ele>37.96</ele>
      </trkpt>
      <trkpt lat="52.25305996835232" lon="5.710959937423468">
        <ele>37.76</ele>
      </trkpt>
      <trkpt lat="52.25310145877302" lon="5.710931187495589">
        <ele>37.71</ele>
      </trkpt>
      <trkpt lat="52.253183433786035" lon="5.710874442011118">
        <ele>37.64</ele>
      </trkpt>
      <trkpt lat="52.253264570608735" lon="5.710818283259869">
        <ele>37.6</ele>
      </trkpt>
      <trkpt lat="52.2533199749887" lon="5.710779977962375">
        <ele>37.59</ele>
      </trkpt>
      <trkpt lat="52.253346713259816" lon="5.7107665669173">
        <ele>37.59</ele>
      </trkpt>
      <trkpt lat="52.25343103520572" lon="5.710724405944347">
        <ele>37.62</ele>
      </trkpt>
      <trkpt lat="52.253515273332596" lon="5.710682328790426">
        <ele>37.7</ele>
      </trkpt>
      <trkpt lat="52.25365994498134" lon="5.710609992966056">
        <ele>37.87</ele>
      </trkpt>
      <trkpt lat="52.25377251394093" lon="5.710580321028829">
        <ele>38.0</ele>
      </trkpt>
      <trkpt lat="52.25385951809585" lon="5.71055743843317">
        <ele>38.05</ele>
      </trkpt>
      <trkpt lat="52.25394652225077" lon="5.710534555837512">
        <ele>38.05</ele>
      </trkpt>
      <trkpt lat="52.254039980471134" lon="5.710509996861219">
        <ele>37.96</ele>
      </trkpt>
      <trkpt lat="52.254122123122215" lon="5.7104975916445255">
        <ele>37.8</ele>
      </trkpt>
      <trkpt lat="52.25423997268081" lon="5.710479989647865">
        <ele>37.51</ele>
      </trkpt>
      <trkpt lat="52.25425380282104" lon="5.710481833666563">
        <ele>37.48</ele>
      </trkpt>
      <trkpt lat="52.2543855663389" lon="5.710499854758382">
        <ele>37.08</ele>
      </trkpt>
      <trkpt lat="52.25445999763906" lon="5.710509996861219">
        <ele>36.8</ele>
      </trkpt>
      <trkpt lat="52.25450995378196" lon="5.710489964112639">
        <ele>36.58</ele>
      </trkpt>
      <trkpt lat="52.254518335685134" lon="5.710485856980085">
        <ele>36.58</ele>
      </trkpt>
      <trkpt lat="52.254905914887786" lon="5.710295587778091">
        <ele>35.0</ele>
      </trkpt>
      <trkpt lat="52.25499291904271" lon="5.710252840071917">
        <ele>34.7</ele>
      </trkpt>
      <trkpt lat="52.25503508001566" lon="5.710232136771083">
        <ele>34.58</ele>
      </trkpt>
      <trkpt lat="52.25505997426808" lon="5.710219983011484">
        <ele>34.52</ele>
      </trkpt>
      <trkpt lat="52.255166256800294" lon="5.7101811747998">
        <ele>34.31</ele>
      </trkpt>
      <trkpt lat="52.25525409914553" lon="5.710149072110653">
        <ele>34.2</ele>
      </trkpt>
      <trkpt lat="52.255385695025325" lon="5.71010104380548">
        <ele>34.08</ele>
      </trkpt>
      <trkpt lat="52.25556037388742" lon="5.710037257522345">
        <ele>34.0</ele>
      </trkpt>
      <trkpt lat="52.25568995811045" lon="5.709989983588457">
        <ele>33.83</ele>
      </trkpt>
      <trkpt lat="52.25569029338658" lon="5.709989815950394">
        <ele>33.83</ele>
      </trkpt>
      <trkpt lat="52.255775621160865" lon="5.709948241710663">
        <ele>33.76</ele>
      </trkpt>
      <trkpt lat="52.2558600269258" lon="5.709907086566091">
        <ele>33.72</ele>
      </trkpt>
      <trkpt lat="52.25594535470009" lon="5.70986551232636">
        <ele>33.71</ele>
      </trkpt>
      <trkpt lat="52.256030682474375" lon="5.709823938086629">
        <ele>33.74</ele>
      </trkpt>
      <trkpt lat="52.25607996806502" lon="5.709799965843558">
        <ele>33.76</ele>
      </trkpt>
      <trkpt lat="52.25640468299389" lon="5.709600141271949">
        <ele>33.96</ele>
      </trkpt>
      <trkpt lat="52.256599981337786" lon="5.709479944780469">
        <ele>34.03</ele>
      </trkpt>
      <trkpt lat="52.25665496662259" lon="5.709452452138066">
        <ele>34.06</ele>
      </trkpt>
      <trkpt lat="52.25686736404896" lon="5.709346253424883">
        <ele>34.19</ele>
      </trkpt>
      <trkpt lat="52.2569946013391" lon="5.709282634779811">
        <ele>34.2</ele>
      </trkpt>
      <trkpt lat="52.25712100043893" lon="5.7092194352298975">
        <ele>34.17</ele>
      </trkpt>
      <trkpt lat="52.257230216637254" lon="5.709164785221219">
        <ele>34.35</ele>
      </trkpt>
      <trkpt lat="52.25723993964493" lon="5.70915992371738">
        <ele>34.33</ele>
      </trkpt>
      <trkpt lat="52.25726726464927" lon="5.709323957562447">
        <ele>34.17</ele>
      </trkpt>
      <trkpt lat="52.25726994685829" lon="5.709339966997504">
        <ele>34.16</ele>
      </trkpt>
      <trkpt lat="52.25725821219385" lon="5.709269475191832">
        <ele>34.14</ele>
      </trkpt>
      <trkpt lat="52.25723993964493" lon="5.70915992371738">
        <ele>34.25</ele>
      </trkpt>
      <trkpt lat="52.25728997960687" lon="5.709119942039251">
        <ele>34.35</ele>
      </trkpt>
      <trkpt lat="52.25729257799685" lon="5.709138382226229">
        <ele>34.37</ele>
      </trkpt>
      <trkpt lat="52.257309928536415" lon="5.709259919822216">
        <ele>34.2</ele>
      </trkpt>
      <trkpt lat="52.25731789134443" lon="5.709275929257274">
        <ele>34.18</ele>
      </trkpt>
      <trkpt lat="52.25733993574977" lon="5.709319934248924">
        <ele>34.11</ele>
      </trkpt>
      <trkpt lat="52.2573556099087" lon="5.7094046752899885">
        <ele>34.02</ele>
      </trkpt>
      <trkpt lat="52.25738142617047" lon="5.7095439825206995">
        <ele>33.9</ele>
      </trkpt>
      <trkpt lat="52.257419899106026" lon="5.709752105176449">
        <ele>33.8</ele>
      </trkpt>
      <trkpt lat="52.25745870731771" lon="5.709961652755737">
        <ele>33.77</ele>
      </trkpt>
      <trkpt lat="52.25756180472672" lon="5.710518546402454">
        <ele>33.83</ele>
      </trkpt>
      <trkpt lat="52.257600612938404" lon="5.710728093981743">
        <ele>33.8</ele>
      </trkpt>
      <trkpt lat="52.25763933733106" lon="5.710937641561031">
        <ele>33.68</ele>
      </trkpt>
      <trkpt lat="52.25772944279015" lon="5.711424211040139">
        <ele>33.32</ele>
      </trkpt>
      <trkpt lat="52.25780697539449" lon="5.711843306198716">
        <ele>33.16</ele>
      </trkpt>
      <trkpt lat="52.25784553214908" lon="5.7120514288544655">
        <ele>33.14</ele>
      </trkpt>
      <trkpt lat="52.25797461345792" lon="5.712748970836401">
        <ele>33.23</ele>
      </trkpt>
      <trkpt lat="52.2580099850893" lon="5.71293999440968">
        <ele>33.0</ele>
      </trkpt>
      <trkpt lat="52.258020378649235" lon="5.712945442646742">
        <ele>32.99</ele>
      </trkpt>
      <trkpt lat="52.25814702920616" lon="5.7130124140530825">
        <ele>32.71</ele>
      </trkpt>
      <trkpt lat="52.25823084823787" lon="5.713056670501828">
        <ele>32.57</ele>
      </trkpt>
      <trkpt lat="52.258315589278936" lon="5.713101429864764">
        <ele>32.49</ele>
      </trkpt>
      <trkpt lat="52.25844223983586" lon="5.713168401271105">
        <ele>32.43</ele>
      </trkpt>
      <trkpt lat="52.25856889039278" lon="5.713235288858414">
        <ele>32.33</ele>
      </trkpt>
      <trkpt lat="52.258653631433845" lon="5.71328004822135">
        <ele>32.22</ele>
      </trkpt>
      <trkpt lat="52.25890684872866" lon="5.713413907214999">
        <ele>31.84</ele>
      </trkpt>
      <trkpt lat="52.259075408801436" lon="5.713503006845713">
        <ele>31.64</ele>
      </trkpt>
      <trkpt lat="52.25928680039942" lon="5.713614653795958">
        <ele>31.47</ele>
      </trkpt>
      <trkpt lat="52.259708661586046" lon="5.7138376124203205">
        <ele>31.23</ele>
      </trkpt>
      <trkpt lat="52.26004661992192" lon="5.714016146957874">
        <ele>31.2</ele>
      </trkpt>
      <trkpt lat="52.2602151799947" lon="5.714105246588588">
        <ele>31.22</ele>
      </trkpt>
      <trkpt lat="52.26029992103577" lon="5.714150005951524">
        <ele>31.2</ele>
      </trkpt>
      <trkpt lat="52.26038466207683" lon="5.71419476531446">
        <ele>31.11</ele>
      </trkpt>
      <trkpt lat="52.26063787937164" lon="5.714328624308109">
        <ele>30.76</ele>
      </trkpt>
      <trkpt lat="52.260764529928565" lon="5.714395511895418">
        <ele>30.65</ele>
      </trkpt>
      <trkpt lat="52.260975083336234" lon="5.7145067397505045">
        <ele>30.5</ele>
      </trkpt>
      <trkpt lat="52.261228300631046" lon="5.714640598744154">
        <ele>30.35</ele>
      </trkpt>
      <trkpt lat="52.26152351126075" lon="5.714796585962176">
        <ele>30.22</ele>
      </trkpt>
      <trkpt lat="52.26186071522534" lon="5.714974785223603">
        <ele>30.01</ele>
      </trkpt>
      <trkpt lat="52.262198673561215" lon="5.715153403580189">
        <ele>29.67</ele>
      </trkpt>
      <trkpt lat="52.26257862523198" lon="5.715354150161147">
        <ele>29.33</ele>
      </trkpt>
      <trkpt lat="52.26275992579758" lon="5.715449955314398">
        <ele>29.13</ele>
      </trkpt>
      <trkpt lat="52.26278901100159" lon="5.715465797111392">
        <ele>29.1</ele>
      </trkpt>
      <trkpt lat="52.26291532628238" lon="5.715534444898367">
        <ele>29.01</ele>
      </trkpt>
      <trkpt lat="52.26299981586635" lon="5.715580377727747">
        <ele>28.98</ele>
      </trkpt>
      <trkpt lat="52.26308338344097" lon="5.715625891461968">
        <ele>28.98</ele>
      </trkpt>
      <trkpt lat="52.263377755880356" lon="5.715785985812545">
        <ele>29.0</ele>
      </trkpt>
      <trkpt lat="52.263462245464325" lon="5.715831918641925">
        <ele>29.03</ele>
      </trkpt>
      <trkpt lat="52.263546735048294" lon="5.715877851471305">
        <ele>29.09</ele>
      </trkpt>
      <trkpt lat="52.26358856074512" lon="5.7159005664289">
        <ele>29.14</ele>
      </trkpt>
      <trkpt lat="52.26375661790371" lon="5.715992012992501">
        <ele>29.42</ele>
      </trkpt>
      <trkpt lat="52.26377966813743" lon="5.716004585847259">
        <ele>29.35</ele>
      </trkpt>
      <trkpt lat="52.26386331953108" lon="5.716050015762448">
        <ele>29.18</ele>
      </trkpt>
      <trkpt lat="52.26389994844794" lon="5.716069964691997">
        <ele>29.12</ele>
      </trkpt>
      <trkpt lat="52.26387404836714" lon="5.716140624135733">
        <ele>29.05</ele>
      </trkpt>
      <trkpt lat="52.26382836699486" lon="5.716265430673957">
        <ele>28.97</ele>
      </trkpt>
      <trkpt lat="52.26378310471773" lon="5.716389063745737">
        <ele>28.95</ele>
      </trkpt>
      <trkpt lat="52.26376005448401" lon="5.716452095657587">
        <ele>28.96</ele>
      </trkpt>
      <trkpt lat="52.263714373111725" lon="5.716576902195811">
        <ele>29.01</ele>
      </trkpt>
      <trkpt lat="52.263486720621586" lon="5.717198587954044">
        <ele>29.49</ele>
      </trkpt>
      <trkpt lat="52.26341840811074" lon="5.717385169118643">
        <ele>29.55</ele>
      </trkpt>
      <trkpt lat="52.263326961547136" lon="5.717634866014123">
        <ele>29.54</ele>
      </trkpt>
      <trkpt lat="52.26325864903629" lon="5.717821447178721">
        <ele>29.45</ele>
      </trkpt>
      <trkpt lat="52.26309888996184" lon="5.7182577252388">
        <ele>29.09</ele>
      </trkpt>
      <trkpt lat="52.26303057745099" lon="5.71844439022243">
        <ele>28.97</ele>
      </trkpt>
      <trkpt lat="52.26293963380158" lon="5.718692746013403">
        <ele>28.89</ele>
      </trkpt>
      <trkpt lat="52.26287132129073" lon="5.718879410997033">
        <ele>28.9</ele>
      </trkpt>
      <trkpt lat="52.26280250586569" lon="5.719067249447107">
        <ele>29.01</ele>
      </trkpt>
      <trkpt lat="52.262665880844" lon="5.719440495595336">
        <ele>29.39</ele>
      </trkpt>
      <trkpt lat="52.26262019947171" lon="5.719565385952592">
        <ele>29.5</ele>
      </trkpt>
      <trkpt lat="52.26236949674785" lon="5.720250019803643">
        <ele>29.96</ele>
      </trkpt>
      <trkpt lat="52.262324234470725" lon="5.720373652875423">
        <ele>30.07</ele>
      </trkpt>
      <trkpt lat="52.262164475396276" lon="5.720809930935502">
        <ele>30.53</ele>
      </trkpt>
      <trkpt lat="52.26202734746039" lon="5.721184434369206">
        <ele>31.05</ele>
      </trkpt>
      <trkpt lat="52.261981666088104" lon="5.721309240907431">
        <ele>31.14</ele>
      </trkpt>
      <trkpt lat="52.26193640381098" lon="5.721432790160179">
        <ele>31.19</ele>
      </trkpt>
      <trkpt lat="52.26186767220497" lon="5.721620712429285">
        <ele>31.19</ele>
      </trkpt>
      <trkpt lat="52.261479338631034" lon="5.7226811069995165">
        <ele>30.98</ele>
      </trkpt>
      <trkpt lat="52.26138839498162" lon="5.722929546609521">
        <ele>30.97</ele>
      </trkpt>
      <trkpt lat="52.261319663375616" lon="5.723117468878627">
        <ele>30.9</ele>
      </trkpt>
      <trkpt lat="52.261227713897824" lon="5.723368339240551">
        <ele>30.78</ele>
      </trkpt>
      <trkpt lat="52.26109016686678" lon="5.723744099959731">
        <ele>30.68</ele>
      </trkpt>
      <trkpt lat="52.26092906668782" lon="5.724184149876237">
        <ele>30.46</ele>
      </trkpt>
      <trkpt lat="52.26081406697631" lon="5.724498135969043">
        <ele>30.35</ele>
      </trkpt>
      <trkpt lat="52.2607453353703" lon="5.724686058238149">
        <ele>30.32</ele>
      </trkpt>
      <trkpt lat="52.26063033565879" lon="5.7250000443309546">
        <ele>30.29</ele>
      </trkpt>
      <trkpt lat="52.26035473868251" lon="5.7257528230547905">
        <ele>30.29</ele>
      </trkpt>
      <trkpt lat="52.260239738970995" lon="5.726066809147596">
        <ele>30.25</ele>
      </trkpt>
      <trkpt lat="52.26012482307851" lon="5.726380795240402">
        <ele>30.29</ele>
      </trkpt>
      <trkpt lat="52.26007863879204" lon="5.726506859064102">
        <ele>30.28</ele>
      </trkpt>
      <trkpt lat="52.25994109176099" lon="5.726882619783282">
        <ele>30.19</ele>
      </trkpt>
      <trkpt lat="52.259688042104244" lon="5.727573623880744">
        <ele>30.07</ele>
      </trkpt>
      <trkpt lat="52.2595504950732" lon="5.727949384599924">
        <ele>29.97</ele>
      </trkpt>
      <trkpt lat="52.25927439518273" lon="5.728703420609236">
        <ele>29.95</ele>
      </trkpt>
      <trkpt lat="52.259067529812455" lon="5.729268277063966">
        <ele>29.82</ele>
      </trkpt>
      <trkpt lat="52.25899879820645" lon="5.729456199333072">
        <ele>29.85</ele>
      </trkpt>
      <trkpt lat="52.25895353592932" lon="5.72957974858582">
        <ele>29.92</ele>
      </trkpt>
      <trkpt lat="52.25890735164285" lon="5.729705896228552">
        <ele>30.02</ele>
      </trkpt>
      <trkpt lat="52.25883996114135" lon="5.729889962822199">
        <ele>29.98</ele>
      </trkpt>
      <trkpt lat="52.258793441578746" lon="5.730015691369772">
        <ele>29.96</ele>
      </trkpt>
      <trkpt lat="52.25870124064386" lon="5.730264550074935">
        <ele>29.95</ele>
      </trkpt>
      <trkpt lat="52.25842572748661" lon="5.731008779257536">
        <ele>30.01</ele>
      </trkpt>
      <trkpt lat="52.25835682824254" lon="5.731194857507944">
        <ele>29.93</ele>
      </trkpt>
      <trkpt lat="52.258265130221844" lon="5.731442542746663">
        <ele>29.77</ele>
      </trkpt>
      <trkpt lat="52.25808123126626" lon="5.731939086690545">
        <ele>29.33</ele>
      </trkpt>
      <trkpt lat="52.25801283493638" lon="5.7321239076554775">
        <ele>29.21</ele>
      </trkpt>
      <trkpt lat="52.25796631537378" lon="5.732249636203051">
        <ele>29.17</ele>
      </trkpt>
      <trkpt lat="52.257851818576455" lon="5.732558844611049">
        <ele>29.14</ele>
      </trkpt>
      <trkpt lat="52.25780571810901" lon="5.732683315873146">
        <ele>29.18</ele>
      </trkpt>
      <trkpt lat="52.25773681886494" lon="5.732869394123554">
        <ele>29.31</ele>
      </trkpt>
      <trkpt lat="52.25766993127763" lon="5.733049940317869">
        <ele>29.34</ele>
      </trkpt>
      <trkpt lat="52.25766750052571" lon="5.733056729659438">
        <ele>29.34</ele>
      </trkpt>
      <trkpt lat="52.25744110532105" lon="5.733684534206986">
        <ele>29.59</ele>
      </trkpt>
      <trkpt lat="52.25732694379985" lon="5.734001034870744">
        <ele>29.66</ele>
      </trkpt>
      <trkpt lat="52.25728126242757" lon="5.734127601608634">
        <ele>29.71</ele>
      </trkpt>
      <trkpt lat="52.25716760382056" lon="5.734442761167884">
        <ele>29.86</ele>
      </trkpt>
      <trkpt lat="52.2569858841598" lon="5.734946513548493">
        <ele>30.24</ele>
      </trkpt>
      <trkpt lat="52.25682696327567" lon="5.7353870663791895">
        <ele>30.45</ele>
      </trkpt>
      <trkpt lat="52.25673618726432" lon="5.735638942569494">
        <ele>30.59</ele>
      </trkpt>
      <trkpt lat="52.25669050589204" lon="5.7357655093073845">
        <ele>30.63</ele>
      </trkpt>
      <trkpt lat="52.256554467603564" lon="5.736142694950104">
        <ele>30.69</ele>
      </trkpt>
      <trkpt lat="52.25634986534715" lon="5.73670981451869">
        <ele>30.7</ele>
      </trkpt>
      <trkpt lat="52.256191028282046" lon="5.7371502835303545">
        <ele>30.64</ele>
      </trkpt>
      <trkpt lat="52.25610016845167" lon="5.737402159720659">
        <ele>30.64</ele>
      </trkpt>
      <trkpt lat="52.25605448707938" lon="5.7375287264585495">
        <ele>30.62</ele>
      </trkpt>
      <trkpt lat="52.25596413016319" lon="5.7377793453633785">
        <ele>30.5</ele>
      </trkpt>
      <trkpt lat="52.25591844879091" lon="5.737905912101269">
        <ele>30.4</ele>
      </trkpt>
      <trkpt lat="52.2558047901839" lon="5.73822115547955">
        <ele>30.22</ele>
      </trkpt>
      <trkpt lat="52.255779979750514" lon="5.738289970904589">
        <ele>30.16</ele>
      </trkpt>
      <trkpt lat="52.255759947001934" lon="5.738409999758005">
        <ele>30.07</ele>
      </trkpt>
      <trkpt lat="52.25576665252447" lon="5.7384944055229425">
        <ele>30.02</ele>
      </trkpt>
      <trkpt lat="52.25578995421529" lon="5.738789951428771">
        <ele>29.75</ele>
      </trkpt>
      <trkpt lat="52.25598994642496" lon="5.739349946379662">
        <ele>29.16</ele>
      </trkpt>
      <trkpt lat="52.25603780709207" lon="5.739557398483157">
        <ele>28.97</ele>
      </trkpt>
      <trkpt lat="52.25604996085167" lon="5.739609953016043">
        <ele>28.92</ele>
      </trkpt>
      <trkpt lat="52.256081057712436" lon="5.739839030429721">
        <ele>28.73</ele>
      </trkpt>
      <trkpt lat="52.25614869967103" lon="5.740336747840047">
        <ele>28.4</ele>
      </trkpt>
      <trkpt lat="52.25615993142128" lon="5.74041998013854">
        <ele>28.35</ele>
      </trkpt>
      <trkpt lat="52.25632513873279" lon="5.7413160894066095">
        <ele>27.83</ele>
      </trkpt>
      <trkpt lat="52.25637626834214" lon="5.741593195125461">
        <ele>27.64</ele>
      </trkpt>
      <trkpt lat="52.25642815232277" lon="5.741874575614929">
        <ele>27.41</ele>
      </trkpt>
      <trkpt lat="52.25646679289639" lon="5.742084123194218">
        <ele>27.3</ele>
      </trkpt>
      <trkpt lat="52.25648992694914" lon="5.7422099355608225">
        <ele>27.29</ele>
      </trkpt>
      <trkpt lat="52.25652161054313" lon="5.74236080981791">
        <ele>27.28</ele>
      </trkpt>
      <trkpt lat="52.25659369491041" lon="5.7427041325718164">
        <ele>27.34</ele>
      </trkpt>
      <trkpt lat="52.25662252865732" lon="5.742841679602861">
        <ele>27.31</ele>
      </trkpt>
      <trkpt lat="52.256659995764494" lon="5.74301996268332">
        <ele>27.23</ele>
      </trkpt>
      <trkpt lat="52.2567202616483" lon="5.743167400360107">
        <ele>27.16</ele>
      </trkpt>
      <trkpt lat="52.256749933585525" lon="5.743239987641573">
        <ele>27.15</ele>
      </trkpt>
      <trkpt lat="52.25677616894245" lon="5.7432792987674475">
        <ele>27.15</ele>
      </trkpt>
      <trkpt lat="52.256789999082685" lon="5.7432999182492495">
        <ele>27.15</ele>
      </trkpt>
      <trkpt lat="52.25684925913811" lon="5.74336445890367">
        <ele>27.19</ele>
      </trkpt>
      <trkpt lat="52.25692268460989" lon="5.743444170802832">
        <ele>27.27</ele>
      </trkpt>
      <trkpt lat="52.25699753500521" lon="5.743525559082627">
        <ele>27.38</ele>
      </trkpt>
      <trkpt lat="52.25701999850571" lon="5.7435499504208565">
        <ele>27.42</ele>
      </trkpt>
      <trkpt lat="52.25706484168768" lon="5.743620106950402">
        <ele>27.53</ele>
      </trkpt>
      <trkpt lat="52.25712980143726" lon="5.74372161179781">
        <ele>27.73</ele>
      </trkpt>
      <trkpt lat="52.257179925218225" lon="5.7437999825924635">
        <ele>27.92</ele>
      </trkpt>
      <trkpt lat="52.257186798378825" lon="5.743830073624849">
        <ele>27.98</ele>
      </trkpt>
      <trkpt lat="52.25722996518016" lon="5.744019923731685">
        <ele>28.39</ele>
      </trkpt>
      <trkpt lat="52.25723063573241" lon="5.744036268442869">
        <ele>28.43</ele>
      </trkpt>
      <trkpt lat="52.25723432376981" lon="5.744119836017489">
        <ele>28.42</ele>
      </trkpt>
      <trkpt lat="52.25723993964493" lon="5.744249923154712">
        <ele>28.42</ele>
      </trkpt>
      <trkpt lat="52.25715276785195" lon="5.744317062199116">
        <ele>28.43</ele>
      </trkpt>
      <trkpt lat="52.25710993632674" lon="5.744349919259548">
        <ele>28.45</ele>
      </trkpt>
      <trkpt lat="52.257019160315394" lon="5.744503643363714">
        <ele>28.52</ele>
      </trkpt>
      <trkpt lat="52.25697993300855" lon="5.744569944217801">
        <ele>28.36</ele>
      </trkpt>
      <trkpt lat="52.25698144175112" lon="5.744586372748017">
        <ele>28.34</ele>
      </trkpt>
      <trkpt lat="52.25699208676815" lon="5.7447070721536875">
        <ele>27.91</ele>
      </trkpt>
      <trkpt lat="52.257009940221906" lon="5.74490999802947">
        <ele>27.76</ele>
      </trkpt>
      <trkpt lat="52.25707992911339" lon="5.744939921423793">
        <ele>27.68</ele>
      </trkpt>
      <trkpt lat="52.25715779699385" lon="5.745029775425792">
        <ele>27.57</ele>
      </trkpt>
      <trkpt lat="52.25720993243158" lon="5.745089957490563">
        <ele>27.64</ele>
      </trkpt>
      <trkpt lat="52.25726994685829" lon="5.745079983025789">
        <ele>27.72</ele>
      </trkpt>
      <trkpt lat="52.25729207508266" lon="5.745165143162012">
        <ele>27.79</ele>
      </trkpt>
      <trkpt lat="52.25733993574977" lon="5.7453499641269445">
        <ele>27.58</ele>
      </trkpt>
      <trkpt lat="52.257244884967804" lon="5.745391454547644">
        <ele>27.42</ele>
      </trkpt>
      <trkpt lat="52.25715972483158" lon="5.745428586378694">
        <ele>27.32</ele>
      </trkpt>
      <trkpt lat="52.25711630657315" lon="5.745447529479861">
        <ele>27.29</ele>
      </trkpt>
      <trkpt lat="52.25703114643693" lon="5.745484661310911">
        <ele>27.29</ele>
      </trkpt>
      <trkpt lat="52.25685998797417" lon="5.745559427887201">
        <ele>27.38</ele>
      </trkpt>
      <trkpt lat="52.256789999082685" lon="5.745589938014746">
        <ele>27.4</ele>
      </trkpt>
      <trkpt lat="52.25668757222593" lon="5.7456256449222565">
        <ele>27.43</ele>
      </trkpt>
      <trkpt lat="52.256557401269674" lon="5.7456709910184145">
        <ele>27.51</ele>
      </trkpt>
      <trkpt lat="52.25634106434882" lon="5.745746428146958">
        <ele>27.76</ele>
      </trkpt>
      <trkpt lat="52.25616781041026" lon="5.745806777849793">
        <ele>27.91</ele>
      </trkpt>
      <trkpt lat="52.256129924207926" lon="5.745819937437773">
        <ele>27.93</ele>
      </trkpt>
      <trkpt lat="52.256080470979214" lon="5.745835192501545">
        <ele>27.96</ele>
      </trkpt>
      <trkpt lat="52.255863044410944" lon="5.745902080088854">
        <ele>28.04</ele>
      </trkpt>
      <trkpt lat="52.25577553734183" lon="5.7459289859980345">
        <ele>28.1</ele>
      </trkpt>
      <trkpt lat="52.25560144521296" lon="5.745982546359301">
        <ele>28.27</ele>
      </trkpt>
      <trkpt lat="52.255340768024325" lon="5.746062761172652">
        <ele>28.48</ele>
      </trkpt>
      <trkpt lat="52.255165753886104" lon="5.746116656810045">
        <ele>28.67</ele>
      </trkpt>
      <trkpt lat="52.25507916882634" lon="5.746143311262131">
        <ele>28.78</ele>
      </trkpt>
      <trkpt lat="52.25499258376658" lon="5.746169965714216">
        <ele>28.75</ele>
      </trkpt>
      <trkpt lat="52.25495997816324" lon="5.74617994017899">
        <ele>28.72</ele>
      </trkpt>
      <trkpt lat="52.2548189945519" lon="5.746228136122227">
        <ele>28.62</ele>
      </trkpt>
      <trkpt lat="52.25473274476826" lon="5.7462576404213905">
        <ele>28.58</ele>
      </trkpt>
      <trkpt lat="52.25442906841636" lon="5.746361408382654">
        <ele>28.59</ele>
      </trkpt>
      <trkpt lat="52.254212480038404" lon="5.746435420587659">
        <ele>28.52</ele>
      </trkpt>
      <trkpt lat="52.2539088036865" lon="5.7465391885489225">
        <ele>28.5</ele>
      </trkpt>
      <trkpt lat="52.25369229912758" lon="5.746613200753927">
        <ele>28.43</ele>
      </trkpt>
      <trkpt lat="52.25356196053326" lon="5.746657708659768">
        <ele>28.42</ele>
      </trkpt>
      <trkpt lat="52.253431705757976" lon="5.746702300384641">
        <ele>28.46</ele>
      </trkpt>
      <trkpt lat="52.25337998941541" lon="5.746719986200333">
        <ele>28.48</ele>
      </trkpt>
      <trkpt lat="52.25303993560374" lon="5.746820652857423">
        <ele>28.67</ele>
      </trkpt>
      <trkpt lat="52.252952344715595" lon="5.746846636757255">
        <ele>28.74</ele>
      </trkpt>
      <trkpt lat="52.25269133225083" lon="5.746924001723528">
        <ele>29.02</ele>
      </trkpt>
      <trkpt lat="52.25256996229291" lon="5.746959960088134">
        <ele>28.98</ele>
      </trkpt>
      <trkpt lat="52.25247407332063" lon="5.7469921465963125">
        <ele>28.96</ele>
      </trkpt>
      <trkpt lat="52.25221331231296" lon="5.747079569846392">
        <ele>28.97</ele>
      </trkpt>
      <trkpt lat="52.251996640115976" lon="5.747152240946889">
        <ele>28.93</ele>
      </trkpt>
      <trkpt lat="52.25190938450396" lon="5.747181493788958">
        <ele>28.93</ele>
      </trkpt>
      <trkpt lat="52.251388784497976" lon="5.7473561726510525">
        <ele>29.09</ele>
      </trkpt>
      <trkpt lat="52.25117119029164" lon="5.747429095208645">
        <ele>29.21</ele>
      </trkpt>
      <trkpt lat="52.251084856688976" lon="5.747458096593618">
        <ele>29.21</ele>
      </trkpt>
      <trkpt lat="52.25095996633172" lon="5.747499922290444">
        <ele>29.18</ele>
      </trkpt>
      <trkpt lat="52.25073801353574" lon="5.747583406046033">
        <ele>29.15</ele>
      </trkpt>
      <trkpt lat="52.250608345493674" lon="5.747632188722491">
        <ele>29.16</ele>
      </trkpt>
      <trkpt lat="52.250522430986166" lon="5.747664542868733">
        <ele>29.19</ele>
      </trkpt>
      <trkpt lat="52.250305926427245" lon="5.747745931148529">
        <ele>29.42</ele>
      </trkpt>
      <trkpt lat="52.25022009573877" lon="5.747778285294771">
        <ele>29.47</ele>
      </trkpt>
      <trkpt lat="52.25013334304094" lon="5.7478108908981085">
        <ele>29.44</ele>
      </trkpt>
      <trkpt lat="52.25000359117985" lon="5.747859673574567">
        <ele>29.33</ele>
      </trkpt>
      <trkpt lat="52.24991767667234" lon="5.747892027720809">
        <ele>29.3</ele>
      </trkpt>
      <trkpt lat="52.24986998364329" lon="5.747909964993596">
        <ele>29.32</ele>
      </trkpt>
      <trkpt lat="52.249789936468005" lon="5.74791993945837">
        <ele>29.36</ele>
      </trkpt>
      <trkpt lat="52.24966999143362" lon="5.747859925031662">
        <ele>29.42</ele>
      </trkpt>
      <trkpt lat="52.249434208497405" lon="5.747816758230329">
        <ele>29.54</ele>
      </trkpt>
      <trkpt lat="52.24930110387504" lon="5.747792366892099">
        <ele>29.55</ele>
      </trkpt>
      <trkpt lat="52.24912231788039" lon="5.747759593650699">
        <ele>29.45</ele>
      </trkpt>
      <trkpt lat="52.24906993098557" lon="5.747749954462051">
        <ele>29.39</ele>
      </trkpt>
      <trkpt lat="52.2488577850163" lon="5.747817847877741">
        <ele>29.18</ele>
      </trkpt>
      <trkpt lat="52.248819982632995" lon="5.747829917818308">
        <ele>29.14</ele>
      </trkpt>
      <trkpt lat="52.248772624880075" lon="5.747858667746186">
        <ele>29.11</ele>
      </trkpt>
      <trkpt lat="52.24853994324803" lon="5.747999986633658">
        <ele>29.05</ele>
      </trkpt>
      <trkpt lat="52.24848009645939" lon="5.748043740168214">
        <ele>29.04</ele>
      </trkpt>
      <trkpt lat="52.24839795380831" lon="5.74810367077589">
        <ele>29.05</ele>
      </trkpt>
      <trkpt lat="52.24827993661165" lon="5.7481899205595255">
        <ele>29.1</ele>
      </trkpt>
      <trkpt lat="52.2482758294791" lon="5.748193608596921">
        <ele>29.1</ele>
      </trkpt>
      <trkpt lat="52.24807818420231" lon="5.7483654376119375">
        <ele>29.15</ele>
      </trkpt>
      <trkpt lat="52.24799872376025" lon="5.748434504494071">
        <ele>29.23</ele>
      </trkpt>
      <trkpt lat="52.247840808704495" lon="5.7485718838870525">
        <ele>29.45</ele>
      </trkpt>
      <trkpt lat="52.2478199377656" lon="5.748589988797903">
        <ele>29.47</ele>
      </trkpt>
      <trkpt lat="52.24776084534824" lon="5.748656457290053">
        <ele>29.55</ele>
      </trkpt>
      <trkpt lat="52.24773997440934" lon="5.748679926618934">
        <ele>29.56</ele>
      </trkpt>
      <trkpt lat="52.2477509547025" lon="5.748752262443304">
        <ele>29.59</ele>
      </trkpt>
      <trkpt lat="52.24783452227712" lon="5.749299600720406">
        <ele>29.36</ele>
      </trkpt>
      <trkpt lat="52.24787626415491" lon="5.749573269858956">
        <ele>29.3</ele>
      </trkpt>
      <trkpt lat="52.24790752865374" lon="5.749778542667627">
        <ele>29.3</ele>
      </trkpt>
      <trkpt lat="52.2479806188494" lon="5.750257400795817">
        <ele>29.4</ele>
      </trkpt>
      <trkpt lat="52.2480099555105" lon="5.750449933111668">
        <ele>29.29</ele>
      </trkpt>
      <trkpt lat="52.248013308271766" lon="5.75046812184155">
        <ele>29.28</ele>
      </trkpt>
      <trkpt lat="52.2480770945549" lon="5.750817144289613">
        <ele>29.13</ele>
      </trkpt>
      <trkpt lat="52.24811548367143" lon="5.751026859506965">
        <ele>29.0</ele>
      </trkpt>
      <trkpt lat="52.24815999157727" lon="5.751269934698939">
        <ele>28.79</ele>
      </trkpt>
      <trkpt lat="52.24826015532017" lon="5.7517157681286335">
        <ele>28.42</ele>
      </trkpt>
      <trkpt lat="52.24835227243602" lon="5.752125224098563">
        <ele>28.12</ele>
      </trkpt>
      <trkpt lat="52.24838328547776" lon="5.752263190224767">
        <ele>28.04</ele>
      </trkpt>
      <trkpt lat="52.24847531877458" lon="5.752672646194696">
        <ele>27.92</ele>
      </trkpt>
      <trkpt lat="52.24861362017691" lon="5.753287710249424">
        <ele>27.81</ele>
      </trkpt>
      <trkpt lat="52.24865980446339" lon="5.753493150696158">
        <ele>27.8</ele>
      </trkpt>
      <trkpt lat="52.24870598874986" lon="5.753698591142893">
        <ele>27.86</ele>
      </trkpt>
      <trkpt lat="52.248782850801945" lon="5.754040572792292">
        <ele>28.1</ele>
      </trkpt>
      <trkpt lat="52.24881352856755" lon="5.754177030175924">
        <ele>28.16</ele>
      </trkpt>
      <trkpt lat="52.24884420633316" lon="5.754313571378589">
        <ele>28.19</ele>
      </trkpt>
      <trkpt lat="52.24887488409877" lon="5.754450112581253">
        <ele>28.2</ele>
      </trkpt>
      <trkpt lat="52.24893657490611" lon="5.7547244522720575">
        <ele>28.17</ele>
      </trkpt>
      <trkpt lat="52.2490597050637" lon="5.755271874368191">
        <ele>28.22</ele>
      </trkpt>
      <trkpt lat="52.249136567115784" lon="5.75561385601759">
        <ele>28.21</ele>
      </trkpt>
      <trkpt lat="52.24916724488139" lon="5.755750397220254">
        <ele>28.23</ele>
      </trkpt>
      <trkpt lat="52.249197922647" lon="5.755886854603887">
        <ele>28.28</ele>
      </trkpt>
      <trkpt lat="52.24922860041261" lon="5.756023395806551">
        <ele>28.39</ele>
      </trkpt>
      <trkpt lat="52.249244106933475" lon="5.756092295050621">
        <ele>28.47</ele>
      </trkpt>
      <trkpt lat="52.249259278178215" lon="5.756159853190184">
        <ele>28.58</ele>
      </trkpt>
      <trkpt lat="52.249290039762855" lon="5.756296394392848">
        <ele>28.87</ele>
      </trkpt>
      <trkpt lat="52.24933622404933" lon="5.756501834839582">
        <ele>29.4</ele>
      </trkpt>
      <trkpt lat="52.24936690181494" lon="5.756638376042247">
        <ele>29.72</ele>
      </trkpt>
      <trkpt lat="52.24940998479724" lon="5.756829986348748">
        <ele>29.78</ele>
      </trkpt>
      <trkpt lat="52.24930546246469" lon="5.756893772631884">
        <ele>29.85</ele>
      </trkpt>
      <trkpt lat="52.24918166175485" lon="5.756969461217523">
        <ele>29.74</ele>
      </trkpt>
      <trkpt lat="52.249056939035654" lon="5.75704556889832">
        <ele>29.7</ele>
      </trkpt>
      <trkpt lat="52.248974461108446" lon="5.757096027955413">
        <ele>29.72</ele>
      </trkpt>
      <trkpt lat="52.24876801483333" lon="5.757222091779113">
        <ele>29.85</ele>
      </trkpt>
      <trkpt lat="52.248602136969566" lon="5.757323428988457">
        <ele>29.88</ele>
      </trkpt>
      <trkpt lat="52.248520413413644" lon="5.757373301312327">
        <ele>29.91</ele>
      </trkpt>
      <trkpt lat="52.24839569069445" lon="5.757449492812157">
        <ele>29.98</ele>
      </trkpt>
      <trkpt lat="52.24827105179429" lon="5.757525600492954">
        <ele>30.09</ele>
      </trkpt>
      <trkpt lat="52.24818849004805" lon="5.757576059550047">
        <ele>30.21</ele>
      </trkpt>
      <trkpt lat="52.2480234503746" lon="5.7576768938452005">
        <ele>30.49</ele>
      </trkpt>
      <trkpt lat="52.24787182174623" lon="5.757769513875246">
        <ele>30.32</ele>
      </trkpt>
      <trkpt lat="52.24779596552253" lon="5.757815865799785">
        <ele>30.28</ele>
      </trkpt>
      <trkpt lat="52.247644336894155" lon="5.75790848582983">
        <ele>30.24</ele>
      </trkpt>
      <trkpt lat="52.247558422386646" lon="5.757960956543684">
        <ele>30.09</ele>
      </trkpt>
      <trkpt lat="52.24749865941703" lon="5.757997501641512">
        <ele>29.87</ele>
      </trkpt>
      <trkpt lat="52.247379971668124" lon="5.758069921284914">
        <ele>29.73</ele>
      </trkpt>
      <trkpt lat="52.24741450510919" lon="5.7582152634859085">
        <ele>29.63</ele>
      </trkpt>
      <trkpt lat="52.24746328778565" lon="5.758420703932643">
        <ele>29.56</ele>
      </trkpt>
      <trkpt lat="52.24751207046211" lon="5.758626060560346">
        <ele>29.51</ele>
      </trkpt>
      <trkpt lat="52.24756060168147" lon="5.758830076083541">
        <ele>29.5</ele>
      </trkpt>
      <trkpt lat="52.2476090490818" lon="5.759034175425768">
        <ele>29.52</ele>
      </trkpt>
      <trkpt lat="52.247619945555925" lon="5.7590799406170845">
        <ele>29.53</ele>
      </trkpt>
      <trkpt lat="52.247637044638395" lon="5.759173650294542">
        <ele>29.56</ele>
      </trkpt>
      <trkpt lat="52.24767543375492" lon="5.759383365511894">
        <ele>29.65</ele>
      </trkpt>
      <trkpt lat="52.247789930552244" lon="5.7600099965929985">
        <ele>30.02</ele>
      </trkpt>
      <trkpt lat="52.247854974120855" lon="5.760286683216691">
        <ele>30.19</ele>
      </trkpt>
      <trkpt lat="52.24796695634723" lon="5.76076403260231">
        <ele>30.61</ele>
      </trkpt>
      <trkpt lat="52.2480149846524" lon="5.760968383401632">
        <ele>30.84</ele>
      </trkpt>
      <trkpt lat="52.24805999547243" lon="5.761159993708134">
        <ele>30.96</ele>
      </trkpt>
      <trkpt lat="52.248080698773265" lon="5.76123702339828">
        <ele>31.02</ele>
      </trkpt>
      <trkpt lat="52.24811657331884" lon="5.761370128020644">
        <ele>31.24</ele>
      </trkpt>
      <trkpt lat="52.24812998436391" lon="5.761419916525483">
        <ele>31.33</ele>
      </trkpt>
      <trkpt lat="52.248179940506816" lon="5.761499963700771">
        <ele>31.52</ele>
      </trkpt>
      <trkpt lat="52.2482496779412" lon="5.761551512405276">
        <ele>31.73</ele>
      </trkpt>
      <trkpt lat="52.24840993992984" lon="5.76166994869709">
        <ele>32.12</ele>
      </trkpt>
      <trkpt lat="52.248413041234016" lon="5.7616739720106125">
        <ele>32.12</ele>
      </trkpt>
      <trkpt lat="52.24850993603468" lon="5.761799952015281">
        <ele>32.93</ele>
      </trkpt>
      <trkpt lat="52.248489232733846" lon="5.761862229555845">
        <ele>33.22</ele>
      </trkpt>
      <trkpt lat="52.24842997267842" lon="5.762039925903082">
        <ele>33.42</ele>
      </trkpt>
      <trkpt lat="52.24842628464103" lon="5.762147381901741">
        <ele>33.53</ele>
      </trkpt>
      <trkpt lat="52.248416393995285" lon="5.762439239770174">
        <ele>33.63</ele>
      </trkpt>
      <trkpt lat="52.24840993992984" lon="5.7626299280673265">
        <ele>33.66</ele>
      </trkpt>
      <trkpt lat="52.248354870826006" lon="5.762858083471656">
        <ele>33.72</ele>
      </trkpt>
      <trkpt lat="52.24833995103836" lon="5.762919941917062">
        <ele>33.75</ele>
      </trkpt>
      <trkpt lat="52.24832000210881" lon="5.762991858646274">
        <ele>33.79</ele>
      </trkpt>
      <trkpt lat="52.248209193348885" lon="5.76339041814208">
        <ele>34.06</ele>
      </trkpt>
      <trkpt lat="52.24815387278795" lon="5.7635897397994995">
        <ele>34.13</ele>
      </trkpt>
      <trkpt lat="52.248098803684115" lon="5.763787720352411">
        <ele>34.12</ele>
      </trkpt>
      <trkpt lat="52.24796947091818" lon="5.764253167435527">
        <ele>33.97</ele>
      </trkpt>
      <trkpt lat="52.247822284698486" lon="5.764782819896936">
        <ele>33.72</ele>
      </trkpt>
      <trkpt lat="52.24773016758263" lon="5.765114575624466">
        <ele>33.48</ele>
      </trkpt>
      <trkpt lat="52.24769337102771" lon="5.765247009694576">
        <ele>33.4</ele>
      </trkpt>
      <trkpt lat="52.247656574472785" lon="5.765379443764687">
        <ele>33.36</ele>
      </trkpt>
      <trkpt lat="52.2475643735379" lon="5.765711115673184">
        <ele>33.3</ele>
      </trkpt>
      <trkpt lat="52.24752724170685" lon="5.765844890847802">
        <ele>33.3</ele>
      </trkpt>
      <trkpt lat="52.247490445151925" lon="5.7659773249179125">
        <ele>33.33</ele>
      </trkpt>
      <trkpt lat="52.24728785455227" lon="5.766706299036741">
        <ele>33.64</ele>
      </trkpt>
      <trkpt lat="52.24717712961137" lon="5.767104858532548">
        <ele>33.76</ele>
      </trkpt>
      <trkpt lat="52.24708526395261" lon="5.76743527315557">
        <ele>33.9</ele>
      </trkpt>
      <trkpt lat="52.24702323786914" lon="5.7676586508750916">
        <ele>33.85</ele>
      </trkpt>
      <trkpt lat="52.24689424037933" lon="5.7681227568537">
        <ele>33.7</ele>
      </trkpt>
      <trkpt lat="52.24678351543844" lon="5.768521316349506">
        <ele>33.54</ele>
      </trkpt>
      <trkpt lat="52.24667279049754" lon="5.768919959664345">
        <ele>33.46</ele>
      </trkpt>
      <trkpt lat="52.24661998450756" lon="5.769109977409244">
        <ele>33.5</ele>
      </trkpt>
      <trkpt lat="52.24661855958402" lon="5.769118359312415">
        <ele>33.5</ele>
      </trkpt>
      <trkpt lat="52.24655997008085" lon="5.7694698963314295">
        <ele>33.53</ele>
      </trkpt>
      <trkpt lat="52.2465299628675" lon="5.769649939611554">
        <ele>33.55</ele>
      </trkpt>
      <trkpt lat="52.246519988402724" lon="5.770249916240573">
        <ele>33.63</ele>
      </trkpt>
      <trkpt lat="52.24655636586249" lon="5.770399114117026">
        <ele>33.66</ele>
      </trkpt>
      <trkpt lat="52.24661998450756" lon="5.770659958943725">
        <ele>33.76</ele>
      </trkpt>
      <trkpt lat="52.24662191234529" lon="5.770666329190135">
        <ele>33.76</ele>
      </trkpt>
      <trkpt lat="52.24683657288551" lon="5.771377785131335">
        <ele>34.12</ele>
      </trkpt>
      <trkpt lat="52.24689541384578" lon="5.771572748199105">
        <ele>34.12</ele>
      </trkpt>
      <trkpt lat="52.24703178741038" lon="5.772024700418115">
        <ele>34.02</ele>
      </trkpt>
      <trkpt lat="52.247188026085496" lon="5.772542450577021">
        <ele>34.03</ele>
      </trkpt>
      <trkpt lat="52.2472274210304" lon="5.7726729568094015">
        <ele>34.05</ele>
      </trkpt>
      <trkpt lat="52.24728584289551" lon="5.772866578772664">
        <ele>34.15</ele>
      </trkpt>
      <trkpt lat="52.24736412987113" lon="5.773126166313887">
        <ele>34.35</ele>
      </trkpt>
      <trkpt lat="52.247422551736236" lon="5.773319872096181">
        <ele>34.47</ele>
      </trkpt>
      <trkpt lat="52.24747996777296" lon="5.773509973660111">
        <ele>34.55</ele>
      </trkpt>
      <trkpt lat="52.247534450143576" lon="5.773712648078799">
        <ele>34.65</ele>
      </trkpt>
      <trkpt lat="52.247641403228045" lon="5.774110788479447">
        <ele>34.79</ele>
      </trkpt>
      <trkpt lat="52.247659927234054" lon="5.774179939180613">
        <ele>34.82</ele>
      </trkpt>
      <trkpt lat="52.24770996719599" lon="5.774529799818993">
        <ele>34.98</ele>
      </trkpt>
      <trkpt lat="52.24773259833455" lon="5.774688636884093">
        <ele>35.07</ele>
      </trkpt>
      <trkpt lat="52.24773997440934" lon="5.774739934131503">
        <ele>35.03</ele>
      </trkpt>
      <trkpt lat="52.24770829081535" lon="5.7749768905341625">
        <ele>34.87</ele>
      </trkpt>
      <trkpt lat="52.247689263895154" lon="5.77511896379292">
        <ele>34.8</ele>
      </trkpt>
      <trkpt lat="52.247660513967276" lon="5.775334211066365">
        <ele>34.76</ele>
      </trkpt>
      <trkpt lat="52.24762229248881" lon="5.77561978250742">
        <ele>34.78</ele>
      </trkpt>
      <trkpt lat="52.247583735734224" lon="5.775908287614584">
        <ele>34.84</ele>
      </trkpt>
      <trkpt lat="52.24755515344441" lon="5.77612210996449">
        <ele>34.94</ele>
      </trkpt>
      <trkpt lat="52.24749765358865" lon="5.77655260451138">
        <ele>35.27</ele>
      </trkpt>
      <trkpt lat="52.247489942237735" lon="5.7766099367290735">
        <ele>35.31</ele>
      </trkpt>
      <trkpt lat="52.24742699414492" lon="5.776819735765457">
        <ele>35.47</ele>
      </trkpt>
      <trkpt lat="52.24736999720335" lon="5.777009921148419">
        <ele>35.53</ele>
      </trkpt>
      <trkpt lat="52.24734753370285" lon="5.777078317478299">
        <ele>35.56</ele>
      </trkpt>
      <trkpt lat="52.24726346321404" lon="5.777334636077285">
        <ele>35.69</ele>
      </trkpt>
      <trkpt lat="52.24701167084277" lon="5.7781025022268295">
        <ele>36.3</ele>
      </trkpt>
      <trkpt lat="52.246969593688846" lon="5.778230661526322">
        <ele>36.38</ele>
      </trkpt>
      <trkpt lat="52.24690681323409" lon="5.778422271832824">
        <ele>36.45</ele>
      </trkpt>
      <trkpt lat="52.24686473608017" lon="5.778550514951348">
        <ele>36.46</ele>
      </trkpt>
      <trkpt lat="52.24682307802141" lon="5.778677333146334">
        <ele>36.45</ele>
      </trkpt>
      <trkpt lat="52.246759962290525" lon="5.778869949281216">
        <ele>36.24</ele>
      </trkpt>
      <trkpt lat="52.246738001704216" lon="5.778932813555002">
        <ele>36.18</ele>
      </trkpt>
      <trkpt lat="52.24665024317801" lon="5.779184186831117">
        <ele>35.96</ele>
      </trkpt>
      <trkpt lat="52.24656240083277" lon="5.779435476288199">
        <ele>35.79</ele>
      </trkpt>
      <trkpt lat="52.24647422321141" lon="5.77968810684979">
        <ele>35.66</ele>
      </trkpt>
      <trkpt lat="52.24640825763345" lon="5.779876951128244">
        <ele>35.6</ele>
      </trkpt>
      <trkpt lat="52.24634229205549" lon="5.7800657115876675">
        <ele>35.57</ele>
      </trkpt>
      <trkpt lat="52.24614439532161" lon="5.780632244423032">
        <ele>35.55</ele>
      </trkpt>
      <trkpt lat="52.24607851356268" lon="5.780821004882455">
        <ele>35.56</ele>
      </trkpt>
      <trkpt lat="52.246029982343316" lon="5.780959976837039">
        <ele>35.59</ele>
      </trkpt>
      <trkpt lat="52.24592998623848" lon="5.7812675926834345">
        <ele>35.66</ele>
      </trkpt>
      <trkpt lat="52.245680540800095" lon="5.782035794109106">
        <ele>35.96</ele>
      </trkpt>
      <trkpt lat="52.245493372902274" lon="5.782611882314086">
        <ele>36.32</ele>
      </trkpt>
      <trkpt lat="52.245389269664884" lon="5.782932322472334">
        <ele>36.56</ele>
      </trkpt>
      <trkpt lat="52.24528516642749" lon="5.783252846449614">
        <ele>36.88</ele>
      </trkpt>
      <trkpt lat="52.245202185586095" lon="5.7835084944963455">
        <ele>37.19</ele>
      </trkpt>
      <trkpt lat="52.24513999186456" lon="5.7836999371647835">
        <ele>37.38</ele>
      </trkpt>
      <trkpt lat="52.24513940513134" lon="5.783701781183481">
        <ele>37.38</ele>
      </trkpt>
      <trkpt lat="52.24502013064921" lon="5.784093802794814">
        <ele>37.84</ele>
      </trkpt>
      <trkpt lat="52.244900772348046" lon="5.784485740587115">
        <ele>38.25</ele>
      </trkpt>
      <trkpt lat="52.24482114426792" lon="5.784747423604131">
        <ele>38.41</ele>
      </trkpt>
      <trkpt lat="52.24478996358812" lon="5.784849934279919">
        <ele>38.45</ele>
      </trkpt>
      <trkpt lat="52.244737492874265" lon="5.785005753859878">
        <ele>38.53</ele>
      </trkpt>
      <trkpt lat="52.244672952219844" lon="5.785197531804442">
        <ele>38.59</ele>
      </trkpt>
      <trkpt lat="52.24460841156542" lon="5.785389393568039">
        <ele>38.62</ele>
      </trkpt>
      <trkpt lat="52.24452224560082" lon="5.7856454607099295">
        <ele>38.63</ele>
      </trkpt>
      <trkpt lat="52.244393080472946" lon="5.786029100418091">
        <ele>38.59</ele>
      </trkpt>
      <trkpt lat="52.244263999164104" lon="5.7864126563072205">
        <ele>38.59</ele>
      </trkpt>
      <trkpt lat="52.24391916766763" lon="5.787437176331878">
        <ele>38.38</ele>
      </trkpt>
      <trkpt lat="52.243790086358786" lon="5.787820732221007">
        <ele>38.25</ele>
      </trkpt>
      <trkpt lat="52.243725545704365" lon="5.788012510165572">
        <ele>38.24</ele>
      </trkpt>
      <trkpt lat="52.24359646439552" lon="5.788396066054702">
        <ele>38.25</ele>
      </trkpt>
      <trkpt lat="52.2435319237411" lon="5.788587843999267">
        <ele>38.29</ele>
      </trkpt>
      <trkpt lat="52.24339999258518" lon="5.788979949429631">
        <ele>38.48</ele>
      </trkpt>
      <trkpt lat="52.24335799925029" lon="5.789098804816604">
        <ele>38.55</ele>
      </trkpt>
      <trkpt lat="52.243179716169834" lon="5.789603982120752">
        <ele>38.73</ele>
      </trkpt>
      <trkpt lat="52.243112828582525" lon="5.7897935807704926">
        <ele>38.75</ele>
      </trkpt>
      <trkpt lat="52.243045857176185" lon="5.789983179420233">
        <ele>38.7</ele>
      </trkpt>
      <trkpt lat="52.243001433089375" lon="5.790109159424901">
        <ele>38.64</ele>
      </trkpt>
      <trkpt lat="52.242979975417256" lon="5.790169928222895">
        <ele>38.63</ele>
      </trkpt>
      <trkpt lat="52.242935970425606" lon="5.790301691740751">
        <ele>38.63</ele>
      </trkpt>
      <trkpt lat="52.24267831072211" lon="5.7910726591944695">
        <ele>38.8</ele>
      </trkpt>
      <trkpt lat="52.242549480870366" lon="5.7914581429213285">
        <ele>38.92</ele>
      </trkpt>
      <trkpt lat="52.2423130273819" lon="5.792165910825133">
        <ele>39.24</ele>
      </trkpt>
      <trkpt lat="52.2422488220036" lon="5.792357940226793">
        <ele>39.36</ele>
      </trkpt>
      <trkpt lat="52.24196970462799" lon="5.793193364515901">
        <ele>40.01</ele>
      </trkpt>
      <trkpt lat="52.241862416267395" lon="5.793514391407371">
        <ele>40.22</ele>
      </trkpt>
      <trkpt lat="52.24169050343335" lon="5.794028704985976">
        <ele>40.5</ele>
      </trkpt>
      <trkpt lat="52.24154021590948" lon="5.7944786455482244">
        <ele>40.87</ele>
      </trkpt>
      <trkpt lat="52.24134676158428" lon="5.795057499781251">
        <ele>41.23</ele>
      </trkpt>
      <trkpt lat="52.24115381017327" lon="5.795635096728802">
        <ele>41.73</ele>
      </trkpt>
      <trkpt lat="52.24106806330383" lon="5.795891582965851">
        <ele>42.0</ele>
      </trkpt>
      <trkpt lat="52.24093881435692" lon="5.796278323978186">
        <ele>42.21</ele>
      </trkpt>
      <trkpt lat="52.24080998450518" lon="5.796663807705045">
        <ele>42.53</ele>
      </trkpt>
      <trkpt lat="52.24063815549016" lon="5.797178205102682">
        <ele>42.85</ele>
      </trkpt>
      <trkpt lat="52.24057353101671" lon="5.7973715756088495">
        <ele>42.99</ele>
      </trkpt>
      <trkpt lat="52.240315452218056" lon="5.798143800348043">
        <ele>43.65</ele>
      </trkpt>
      <trkpt lat="52.24018662236631" lon="5.7985292840749025">
        <ele>43.89</ele>
      </trkpt>
      <trkpt lat="52.240035915747285" lon="5.7989804819226265">
        <ele>44.26</ele>
      </trkpt>
      <trkpt lat="52.23997129127383" lon="5.799173852428794">
        <ele>44.45</ele>
      </trkpt>
      <trkpt lat="52.23990708589554" lon="5.799365965649486">
        <ele>44.68</ele>
      </trkpt>
      <trkpt lat="52.23977783694863" lon="5.79975270666182">
        <ele>45.18</ele>
      </trkpt>
      <trkpt lat="52.23971363157034" lon="5.799944819882512">
        <ele>45.4</ele>
      </trkpt>
      <trkpt lat="52.239627465605736" lon="5.800202647224069">
        <ele>45.76</ele>
      </trkpt>
      <trkpt lat="52.239584382623434" lon="5.800331560894847">
        <ele>45.92</ele>
      </trkpt>
      <trkpt lat="52.23947717808187" lon="5.800652587786317">
        <ele>46.26</ele>
      </trkpt>
      <trkpt lat="52.23941255360842" lon="5.800845958292484">
        <ele>46.43</ele>
      </trkpt>
      <trkpt lat="52.239369470626116" lon="5.800974871963263">
        <ele>46.48</ele>
      </trkpt>
      <trkpt lat="52.23930484615266" lon="5.80116824246943">
        <ele>46.51</ele>
      </trkpt>
      <trkpt lat="52.23926176317036" lon="5.801297156140208">
        <ele>46.5</ele>
      </trkpt>
      <trkpt lat="52.23919755779207" lon="5.8014892693609">
        <ele>46.44</ele>
      </trkpt>
      <trkpt lat="52.239154474809766" lon="5.801618183031678">
        <ele>46.37</ele>
      </trkpt>
      <trkpt lat="52.239111391827464" lon="5.8017470967024565">
        <ele>46.26</ele>
      </trkpt>
      <trkpt lat="52.23898264579475" lon="5.802132580429316">
        <ele>45.79</ele>
      </trkpt>
      <trkpt lat="52.238896479830146" lon="5.802390407770872">
        <ele>45.55</ele>
      </trkpt>
      <trkpt lat="52.23883185535669" lon="5.8025837782770395">
        <ele>45.49</ele>
      </trkpt>
      <trkpt lat="52.2387676499784" lon="5.8027758076786995">
        <ele>45.57</ele>
      </trkpt>
      <trkpt lat="52.2387245669961" lon="5.802904721349478">
        <ele>45.69</ele>
      </trkpt>
      <trkpt lat="52.238681484013796" lon="5.803033718839288">
        <ele>45.84</ele>
      </trkpt>
      <trkpt lat="52.23850965499878" lon="5.803548032417893">
        <ele>46.5</ele>
      </trkpt>
      <trkpt lat="52.238423489034176" lon="5.80380585975945">
        <ele>46.8</ele>
      </trkpt>
      <trkpt lat="52.23831578157842" lon="5.804128227755427">
        <ele>47.2</ele>
      </trkpt>
      <trkpt lat="52.238164991140366" lon="5.804579425603151">
        <ele>47.68</ele>
      </trkpt>
      <trkpt lat="52.23803658038378" lon="5.804963568225503">
        <ele>48.03</ele>
      </trkpt>
      <trkpt lat="52.23782166838646" lon="5.805606879293919">
        <ele>48.68</ele>
      </trkpt>
      <trkpt lat="52.237713960930705" lon="5.805929163470864">
        <ele>49.03</ele>
      </trkpt>
      <trkpt lat="52.23756358958781" lon="5.8063791040331125">
        <ele>49.58</ele>
      </trkpt>
      <trkpt lat="52.23754992708564" lon="5.806419923901558">
        <ele>49.63</ele>
      </trkpt>
      <trkpt lat="52.237460408359766" lon="5.806705327704549">
        <ele>50.01</ele>
      </trkpt>
      <trkpt lat="52.23739896900952" lon="5.806901380419731">
        <ele>50.24</ele>
      </trkpt>
      <trkpt lat="52.23725580610335" lon="5.807357523590326">
        <ele>50.67</ele>
      </trkpt>
      <trkpt lat="52.23722998984158" lon="5.8074399176985025">
        <ele>50.72</ele>
      </trkpt>
      <trkpt lat="52.23714583553374" lon="5.807677628472447">
        <ele>50.9</ele>
      </trkpt>
      <trkpt lat="52.237078780308366" lon="5.807867059484124">
        <ele>51.06</ele>
      </trkpt>
      <trkpt lat="52.237011305987835" lon="5.808057747781277">
        <ele>51.27</ele>
      </trkpt>
      <trkpt lat="52.23689923994243" lon="5.808374332264066">
        <ele>51.66</ele>
      </trkpt>
      <trkpt lat="52.2368299216032" lon="5.8085699658840895">
        <ele>51.75</ele>
      </trkpt>
      <trkpt lat="52.23682388663292" lon="5.808588154613972">
        <ele>51.76</ele>
      </trkpt>
      <trkpt lat="52.23675993271172" lon="5.8087799325585365">
        <ele>51.92</ele>
      </trkpt>
      <trkpt lat="52.236732775345445" lon="5.808840785175562">
        <ele>51.98</ele>
      </trkpt>
      <trkpt lat="52.236653650179505" lon="5.809017475694418">
        <ele>52.1</ele>
      </trkpt>
      <trkpt lat="52.2365899477154" lon="5.809159968048334">
        <ele>52.16</ele>
      </trkpt>
      <trkpt lat="52.23654015921056" lon="5.809242445975542">
        <ele>52.2</ele>
      </trkpt>
      <trkpt lat="52.23632046952844" lon="5.80960638821125">
        <ele>52.33</ele>
      </trkpt>
      <trkpt lat="52.236257353797555" lon="5.809710994362831">
        <ele>52.32</ele>
      </trkpt>
      <trkpt lat="52.236131709069014" lon="5.80991911701858">
        <ele>52.24</ele>
      </trkpt>
      <trkpt lat="52.23600606434047" lon="5.81012723967433">
        <ele>52.2</ele>
      </trkpt>
      <trkpt lat="52.23591201938689" lon="5.810283059254289">
        <ele>52.14</ele>
      </trkpt>
      <trkpt lat="52.235786374658346" lon="5.810491181910038">
        <ele>52.03</ele>
      </trkpt>
      <trkpt lat="52.23559761419892" lon="5.810803910717368">
        <ele>52.0</ele>
      </trkpt>
      <trkpt lat="52.23524993285537" lon="5.811379998922348">
        <ele>52.15</ele>
      </trkpt>
      <trkpt lat="52.23522311076522" lon="5.811433726921678">
        <ele>52.17</ele>
      </trkpt>
      <trkpt lat="52.23513996228576" lon="5.811599940061569">
        <ele>52.28</ele>
      </trkpt>
      <trkpt lat="52.23513895645738" lon="5.811603795737028">
        <ele>52.28</ele>
      </trkpt>
      <trkpt lat="52.2350478451699" lon="5.811937814578414">
        <ele>52.56</ele>
      </trkpt>
      <trkpt lat="52.234974671155214" lon="5.812206035479903">
        <ele>52.83</ele>
      </trkpt>
      <trkpt lat="52.23495991900563" lon="5.812259931117296">
        <ele>52.89</ele>
      </trkpt>
      <trkpt lat="52.234953213483095" lon="5.812345677986741">
        <ele>52.99</ele>
      </trkpt>
      <trkpt lat="52.23494751378894" lon="5.81241843290627">
        <ele>53.09</ele>
      </trkpt>
      <trkpt lat="52.234936114400625" lon="5.812564110383391">
        <ele>53.33</ele>
      </trkpt>
      <trkpt lat="52.23493041470647" lon="5.812636949121952">
        <ele>53.47</ele>
      </trkpt>
      <trkpt lat="52.234919937327504" lon="5.812769969925284">
        <ele>53.79</ele>
      </trkpt>
      <trkpt lat="52.23491775803268" lon="5.8129280526191">
        <ele>54.17</ele>
      </trkpt>
      <trkpt lat="52.23491373471916" lon="5.813220161944628">
        <ele>54.96</ele>
      </trkpt>
      <trkpt lat="52.234910633414984" lon="5.813440438359976">
        <ele>55.52</ele>
      </trkpt>
      <trkpt lat="52.23490996286273" lon="5.81348997540772">
        <ele>55.66</ele>
      </trkpt>
      <trkpt lat="52.23491298034787" lon="5.813585612922907">
        <ele>55.94</ele>
      </trkpt>
      <trkpt lat="52.23491532728076" lon="5.813658954575658">
        <ele>56.17</ele>
      </trkpt>
      <trkpt lat="52.23492463119328" lon="5.813950812444091">
        <ele>57.18</ele>
      </trkpt>
      <trkpt lat="52.23492697812617" lon="5.814024154096842">
        <ele>57.42</ele>
      </trkpt>
      <trkpt lat="52.234931671991944" lon="5.814170753583312">
        <ele>57.86</ele>
      </trkpt>
      <trkpt lat="52.23493636585772" lon="5.814317436888814">
        <ele>58.26</ele>
      </trkpt>
      <trkpt lat="52.23494566977024" lon="5.814609210938215">
        <ele>59.02</ele>
      </trkpt>
      <trkpt lat="52.23496427759528" lon="5.815192926675081">
        <ele>60.5</ele>
      </trkpt>
      <trkpt lat="52.23498766310513" lon="5.815924666821957">
        <ele>62.33</ele>
      </trkpt>
      <trkpt lat="52.23500861786306" lon="5.816583149135113">
        <ele>63.79</ele>
      </trkpt>
      <trkpt lat="52.23501800559461" lon="5.816876431927085">
        <ele>64.47</ele>
      </trkpt>
      <trkpt lat="52.23502269946039" lon="5.817023031413555">
        <ele>64.77</ele>
      </trkpt>
      <trkpt lat="52.235025046393275" lon="5.817096373066306">
        <ele>64.9</ele>
      </trkpt>
      <trkpt lat="52.23502965644002" lon="5.817241547629237">
        <ele>65.12</ele>
      </trkpt>
      <trkpt lat="52.23504130728543" lon="5.81760817207396">
        <ele>65.54</ele>
      </trkpt>
      <trkpt lat="52.23504834808409" lon="5.817826688289642">
        <ele>65.87</ele>
      </trkpt>
      <trkpt lat="52.23506469279528" lon="5.818339996039867">
        <ele>66.76</ele>
      </trkpt>
      <trkpt lat="52.23507869057357" lon="5.818778453394771">
        <ele>67.64</ele>
      </trkpt>
      <trkpt lat="52.23508338443935" lon="5.818925052881241">
        <ele>67.91</ele>
      </trkpt>
      <trkpt lat="52.23509268835187" lon="5.819218419492245">
        <ele>68.37</ele>
      </trkpt>
      <trkpt lat="52.235118336975574" lon="5.8200219925493">
        <ele>69.43</ele>
      </trkpt>
      <trkpt lat="52.23512537777424" lon="5.820242017507553">
        <ele>69.66</ele>
      </trkpt>
      <trkpt lat="52.235130071640015" lon="5.820388616994023">
        <ele>69.77</ele>
      </trkpt>
      <trkpt lat="52.23513468168676" lon="5.820535300299525">
        <ele>69.83</ele>
      </trkpt>
      <trkpt lat="52.235139375552535" lon="5.8206818997859955">
        <ele>69.83</ele>
      </trkpt>
      <trkpt lat="52.23514398559928" lon="5.8208270743489265">
        <ele>69.77</ele>
      </trkpt>
      <trkpt lat="52.23515572026372" lon="5.82119369879365">
        <ele>69.55</ele>
      </trkpt>
      <trkpt lat="52.23516267724335" lon="5.821412215009332">
        <ele>69.5</ele>
      </trkpt>
      <trkpt lat="52.235167287290096" lon="5.821557389572263">
        <ele>69.62</ele>
      </trkpt>
      <trkpt lat="52.23516996949911" lon="5.821639951318502">
        <ele>69.7</ele>
      </trkpt>
      <trkpt lat="52.23516837693751" lon="5.821774564683437">
        <ele>69.91</ele>
      </trkpt>
      <trkpt lat="52.235166700556874" lon="5.821918481960893">
        <ele>70.19</ele>
      </trkpt>
      <trkpt lat="52.23516242578626" lon="5.822281166911125">
        <ele>71.0</ele>
      </trkpt>
      <trkpt lat="52.23515999503434" lon="5.822489960119128">
        <ele>71.43</ele>
      </trkpt>
      <trkpt lat="52.23515907302499" lon="5.822496833279729">
        <ele>71.43</ele>
      </trkpt>
      <trkpt lat="52.23507994785905" lon="5.823129918426275">
        <ele>72.5</ele>
      </trkpt>
      <trkpt lat="52.23501205444336" lon="5.82355622202158">
        <ele>73.23</ele>
      </trkpt>
      <trkpt lat="52.23496746271849" lon="5.823836177587509">
        <ele>73.67</ele>
      </trkpt>
      <trkpt lat="52.234934186562896" lon="5.824045138433576">
        <ele>73.97</ele>
      </trkpt>
      <trkpt lat="52.234899988397956" lon="5.824259966611862">
        <ele>74.3</ele>
      </trkpt>
      <trkpt lat="52.23487911745906" lon="5.824393490329385">
        <ele>74.52</ele>
      </trkpt>
      <trkpt lat="52.23481373861432" lon="5.824813339859247">
        <ele>75.25</ele>
      </trkpt>
      <trkpt lat="52.23478088155389" lon="5.825023893266916">
        <ele>75.55</ele>
      </trkpt>
      <trkpt lat="52.23475942388177" lon="5.8251619432121515">
        <ele>75.71</ele>
      </trkpt>
      <trkpt lat="52.23473763093352" lon="5.825301418080926">
        <ele>75.84</ele>
      </trkpt>
      <trkpt lat="52.23468306474388" lon="5.825651530176401">
        <ele>76.12</ele>
      </trkpt>
      <trkpt lat="52.23463964648545" lon="5.82593047991395">
        <ele>76.39</ele>
      </trkpt>
      <trkpt lat="52.23461768589914" lon="5.826071295887232">
        <ele>76.57</ele>
      </trkpt>
      <trkpt lat="52.23453076556325" lon="5.8266291953623295">
        <ele>77.49</ele>
      </trkpt>
      <trkpt lat="52.23449815995991" lon="5.826838407665491">
        <ele>77.91</ele>
      </trkpt>
      <trkpt lat="52.23443269729614" lon="5.827258173376322">
        <ele>78.82</ele>
      </trkpt>
      <trkpt lat="52.23441995680332" lon="5.827339980751276">
        <ele>78.98</ele>
      </trkpt>
      <trkpt lat="52.23439212888479" lon="5.8275398053228855">
        <ele>79.38</ele>
      </trkpt>
      <trkpt lat="52.234362456947565" lon="5.827753124758601">
        <ele>79.84</ele>
      </trkpt>
      <trkpt lat="52.2343329526484" lon="5.827965019270778">
        <ele>80.35</ele>
      </trkpt>
      <trkpt lat="52.23429364152253" lon="5.828247154131532">
        <ele>81.08</ele>
      </trkpt>
      <trkpt lat="52.234273944050074" lon="5.8283888921141624">
        <ele>81.39</ele>
      </trkpt>
      <trkpt lat="52.23424435593188" lon="5.828600786626339">
        <ele>81.78</ele>
      </trkpt>
      <trkpt lat="52.234214851632714" lon="5.8288126811385155">
        <ele>82.08</ele>
      </trkpt>
      <trkpt lat="52.23419515416026" lon="5.828954502940178">
        <ele>82.22</ele>
      </trkpt>
      <trkpt lat="52.234175372868776" lon="5.829096240922809">
        <ele>82.3</ele>
      </trkpt>
      <trkpt lat="52.23408996127546" lon="5.829709963873029">
        <ele>82.5</ele>
      </trkpt>
      <trkpt lat="52.234075544402" lon="5.829801578074694">
        <ele>82.53</ele>
      </trkpt>
      <trkpt lat="52.23404218442738" lon="5.83001347258687">
        <ele>82.58</ele>
      </trkpt>
      <trkpt lat="52.23398711532354" lon="5.83036333322525">
        <ele>82.57</ele>
      </trkpt>
      <trkpt lat="52.233954006806016" lon="5.830573802813888">
        <ele>82.59</ele>
      </trkpt>
      <trkpt lat="52.23391997627914" lon="5.830789972096682">
        <ele>82.3</ele>
      </trkpt>
      <trkpt lat="52.23389474675059" lon="5.830924836918712">
        <ele>82.15</ele>
      </trkpt>
      <trkpt lat="52.233881670981646" lon="5.8309949934482574">
        <ele>82.1</ele>
      </trkpt>
      <trkpt lat="52.233855687081814" lon="5.831134049221873">
        <ele>82.04</ele>
      </trkpt>
      <trkpt lat="52.2337908949703" lon="5.831480976194143">
        <ele>82.0</ele>
      </trkpt>
      <trkpt lat="52.23375384695828" lon="5.831679040566087">
        <ele>81.91</ele>
      </trkpt>
      <trkpt lat="52.23374999128282" lon="5.831699995324016">
        <ele>81.9</ele>
      </trkpt>
      <trkpt lat="52.233629962429404" lon="5.8318499475717545">
        <ele>81.84</ele>
      </trkpt>
      <trkpt lat="52.23354916088283" lon="5.831907698884606">
        <ele>81.81</ele>
      </trkpt>
      <trkpt lat="52.233453607186675" lon="5.831975927576423">
        <ele>82.9</ele>
      </trkpt>
      <trkpt lat="52.23341999575496" lon="5.831999983638525">
        <ele>82.99</ele>
      </trkpt>
      <trkpt lat="52.23345536738634" lon="5.832141637802124">
        <ele>83.22</ele>
      </trkpt>
      <trkpt lat="52.233459977433085" lon="5.83215999417007">
        <ele>83.23</ele>
      </trkpt>
      <trkpt lat="52.23344991914928" lon="5.8323099464178085">
        <ele>83.37</ele>
      </trkpt>
      <trkpt lat="52.23340465687215" lon="5.832396866753697">
        <ele>83.48</ele>
      </trkpt>
      <trkpt lat="52.23334749229252" lon="5.832506418228149">
        <ele>83.64</ele>
      </trkpt>
      <trkpt lat="52.233329974114895" lon="5.832539945840836">
        <ele>83.71</ele>
      </trkpt>
      <trkpt lat="52.23330147564411" lon="5.832626614719629">
        <ele>83.88</ele>
      </trkpt>
      <trkpt lat="52.233157055452466" lon="5.833066664636135">
        <ele>84.85</ele>
      </trkpt>
      <trkpt lat="52.23310994915664" lon="5.833209995180368">
        <ele>85.11</ele>
      </trkpt>
      <trkpt lat="52.23309871740639" lon="5.833256766200066">
        <ele>85.2</ele>
      </trkpt>
      <trkpt lat="52.23306686617434" lon="5.833389451727271">
        <ele>85.39</ele>
      </trkpt>
      <trkpt lat="52.23301900550723" lon="5.833589024841785">
        <ele>85.61</ele>
      </trkpt>
      <trkpt lat="52.23298715427518" lon="5.833721626549959">
        <ele>85.7</ele>
      </trkpt>
      <trkpt lat="52.23295530304313" lon="5.833854228258133">
        <ele>85.73</ele>
      </trkpt>
      <trkpt lat="52.23292353563011" lon="5.833986829966307">
        <ele>85.72</ele>
      </trkpt>
      <trkpt lat="52.2328910138458" lon="5.834122197702527">
        <ele>85.25</ele>
      </trkpt>
      <trkpt lat="52.232874585315585" lon="5.834190594032407">
        <ele>85.04</ele>
      </trkpt>
      <trkpt lat="52.23286997526884" lon="5.834209956228733">
        <ele>84.98</ele>
      </trkpt>
      <trkpt lat="52.232838878408074" lon="5.834223870187998">
        <ele>84.85</ele>
      </trkpt>
      <trkpt lat="52.23279554396868" lon="5.834243232384324">
        <ele>84.69</ele>
      </trkpt>
      <trkpt lat="52.23270879127085" lon="5.834282040596008">
        <ele>84.47</ele>
      </trkpt>
      <trkpt lat="52.23253620788455" lon="5.834359237924218">
        <ele>84.11</ele>
      </trkpt>
      <trkpt lat="52.23248993977904" lon="5.834379941225052">
        <ele>83.97</ele>
      </trkpt>
      <trkpt lat="52.2323299292475" lon="5.834469962865114">
        <ele>83.5</ele>
      </trkpt>
      <trkpt lat="52.23232381045818" lon="5.83447465673089">
        <ele>83.5</ele>
      </trkpt>
      <trkpt lat="52.23228299058974" lon="5.8345055021345615">
        <ele>83.42</ele>
      </trkpt>
      <trkpt lat="52.232242254540324" lon="5.8345364313572645">
        <ele>83.38</ele>
      </trkpt>
      <trkpt lat="52.23220143467188" lon="5.8345673605799675">
        <ele>83.38</ele>
      </trkpt>
      <trkpt lat="52.232160698622465" lon="5.8345982898026705">
        <ele>83.44</ele>
      </trkpt>
      <trkpt lat="52.23211987875402" lon="5.8346292190253735">
        <ele>83.53</ele>
      </trkpt>
      <trkpt lat="52.232079142704606" lon="5.834660148248076">
        <ele>83.67</ele>
      </trkpt>
      <trkpt lat="52.23203916102648" lon="5.834690406918526">
        <ele>83.84</ele>
      </trkpt>
      <trkpt lat="52.23195760510862" lon="5.834752265363932">
        <ele>84.23</ele>
      </trkpt>
      <trkpt lat="52.231753673404455" lon="5.834906827658415">
        <ele>85.29</ele>
      </trkpt>
      <trkpt lat="52.2317099198699" lon="5.834939936175942">
        <ele>85.5</ele>
      </trkpt>
      <trkpt lat="52.23164998926222" lon="5.835039932280779">
        <ele>85.87</ele>
      </trkpt>
      <trkpt lat="52.231603218242526" lon="5.83516557700932">
        <ele>86.27</ele>
      </trkpt>
      <trkpt lat="52.231510262936354" lon="5.8354152739048">
        <ele>87.18</ele>
      </trkpt>
      <trkpt lat="52.23148997873068" lon="5.835469923913479">
        <ele>87.38</ele>
      </trkpt>
      <trkpt lat="52.23148603923619" lon="5.835476964712143">
        <ele>87.38</ele>
      </trkpt>
      <trkpt lat="52.231455612927675" lon="5.835531027987599">
        <ele>87.54</ele>
      </trkpt>
      <trkpt lat="52.23142518661916" lon="5.835585091263056">
        <ele>87.66</ele>
      </trkpt>
      <trkpt lat="52.231399957090616" lon="5.8356299344450235">
        <ele>87.73</ele>
      </trkpt>
      <trkpt lat="52.23139274865389" lon="5.835634293034673">
        <ele>87.73</ele>
      </trkpt>
      <trkpt lat="52.23134991712868" lon="5.835659941658378">
        <ele>87.76</ele>
      </trkpt>
      <trkpt lat="52.231305828318" lon="5.835665808990598">
        <ele>87.75</ele>
      </trkpt>
      <trkpt lat="52.23126190714538" lon="5.835671676322818">
        <ele>87.69</ele>
      </trkpt>
      <trkpt lat="52.23121706396341" lon="5.835677711293101">
        <ele>87.61</ele>
      </trkpt>
      <trkpt lat="52.23119996488094" lon="5.835679974406958">
        <ele>87.56</ele>
      </trkpt>
      <trkpt lat="52.231173226609826" lon="5.835692547261715">
        <ele>87.5</ele>
      </trkpt>
      <trkpt lat="52.231043642386794" lon="5.835753567516804">
        <ele>87.1</ele>
      </trkpt>
      <trkpt lat="52.231029979884624" lon="5.835759937763214">
        <ele>87.06</ele>
      </trkpt>
      <trkpt lat="52.230949932709336" lon="5.83576999604702">
        <ele>86.87</ele>
      </trkpt>
      <trkpt lat="52.23091246560216" lon="5.8357904478907585">
        <ele>86.78</ele>
      </trkpt>
      <trkpt lat="52.230839962139726" lon="5.8358299266546965">
        <ele>86.69</ele>
      </trkpt>
      <trkpt lat="52.23082998767495" lon="5.83584476262331">
        <ele>86.68</ele>
      </trkpt>
      <trkpt lat="52.23079662770033" lon="5.8358941320329905">
        <ele>86.67</ele>
      </trkpt>
      <trkpt lat="52.23073007538915" lon="5.835992870852351">
        <ele>86.7</ele>
      </trkpt>
      <trkpt lat="52.230564281344414" lon="5.836238628253341">
        <ele>86.92</ele>
      </trkpt>
      <trkpt lat="52.23054994828999" lon="5.836259918287396">
        <ele>86.93</ele>
      </trkpt>
      <trkpt lat="52.23036462441087" lon="5.836401153355837">
        <ele>87.1</ele>
      </trkpt>
      <trkpt lat="52.23033998161554" lon="5.836419928818941">
        <ele>87.13</ele>
      </trkpt>
      <trkpt lat="52.230297066271305" lon="5.836494695395231">
        <ele>87.21</ele>
      </trkpt>
      <trkpt lat="52.2302663885057" lon="5.836548255756497">
        <ele>87.29</ele>
      </trkpt>
      <trkpt lat="52.23020486533642" lon="5.836655460298061">
        <ele>87.51</ele>
      </trkpt>
      <trkpt lat="52.23017418757081" lon="5.8367090206593275">
        <ele>87.65</ele>
      </trkpt>
      <trkpt lat="52.230113334953785" lon="5.836815135553479">
        <ele>87.97</ele>
      </trkpt>
      <trkpt lat="52.230051811784506" lon="5.836922340095043">
        <ele>88.33</ele>
      </trkpt>
      <trkpt lat="52.22994997166097" lon="5.837099952623248">
        <ele>88.97</ele>
      </trkpt>
      <trkpt lat="52.229922814294696" lon="5.837123924866319">
        <ele>89.11</ele>
      </trkpt>
      <trkpt lat="52.22977998666465" lon="5.837249988690019">
        <ele>89.86</ele>
      </trkpt>
      <trkpt lat="52.22965970635414" lon="5.837400276213884">
        <ele>90.57</ele>
      </trkpt>
      <trkpt lat="52.229517633095384" lon="5.837577888742089">
        <ele>91.44</ele>
      </trkpt>
      <trkpt lat="52.22944621928036" lon="5.837667156010866">
        <ele>91.9</ele>
      </trkpt>
      <trkpt lat="52.229379918426275" lon="5.837749969214201">
        <ele>92.36</ele>
      </trkpt>
      <trkpt lat="52.22927330061793" lon="5.837899250909686">
        <ele>93.15</ele>
      </trkpt>
      <trkpt lat="52.229204988107085" lon="5.837994888424873">
        <ele>93.61</ele>
      </trkpt>
      <trkpt lat="52.2291799262166" lon="5.83802992478013">
        <ele>93.75</ele>
      </trkpt>
      <trkpt lat="52.2291299700737" lon="5.838179960846901">
        <ele>94.2</ele>
      </trkpt>
      <trkpt lat="52.22905998118222" lon="5.838269982486963">
        <ele>94.59</ele>
      </trkpt>
      <trkpt lat="52.22904690541327" lon="5.838335445150733">
        <ele>94.78</ele>
      </trkpt>
      <trkpt lat="52.22903994843364" lon="5.8383699785918">
        <ele>94.86</ele>
      </trkpt>
      <trkpt lat="52.228966522961855" lon="5.838509453460574">
        <ele>95.31</ele>
      </trkpt>
      <trkpt lat="52.2289399523288" lon="5.8385599963366985">
        <ele>95.44</ele>
      </trkpt>
      <trkpt lat="52.228912292048335" lon="5.838624453172088">
        <ele>95.61</ele>
      </trkpt>
      <trkpt lat="52.228809194639325" lon="5.838865097612143">
        <ele>96.17</ele>
      </trkpt>
      <trkpt lat="52.228699978441" lon="5.839119991287589">
        <ele>96.87</ele>
      </trkpt>
      <trkpt lat="52.22865907475352" lon="5.839229039847851">
        <ele>97.16</ele>
      </trkpt>
      <trkpt lat="52.22858858294785" lon="5.839416878297925">
        <ele>97.6</ele>
      </trkpt>
      <trkpt lat="52.228519935160875" lon="5.839599939063191">
        <ele>97.84</ele>
      </trkpt>
      <trkpt lat="52.228520438075066" lon="5.839603962376714">
        <ele>97.84</ele>
      </trkpt>
      <trkpt lat="52.22856997512281" lon="5.839989949017763">
        <ele>98.37</ele>
      </trkpt>
      <trkpt lat="52.22856058739126" lon="5.84003034979105">
        <ele>98.43</ele>
      </trkpt>
      <trkpt lat="52.22852907143533" lon="5.840166304260492">
        <ele>98.69</ele>
      </trkpt>
      <trkpt lat="52.22849722020328" lon="5.840303683653474">
        <ele>98.98</ele>
      </trkpt>
      <trkpt lat="52.228465704247355" lon="5.8404395543038845">
        <ele>99.3</ele>
      </trkpt>
      <trkpt lat="52.228433936834335" lon="5.840576933696866">
        <ele>99.65</ele>
      </trkpt>
      <trkpt lat="52.22841801121831" lon="5.840645581483841">
        <ele>99.86</ele>
      </trkpt>
      <trkpt lat="52.22840242087841" lon="5.840712888166308">
        <ele>100.09</ele>
      </trkpt>
      <trkpt lat="52.22835497930646" lon="5.840917490422726">
        <ele>100.85</ele>
      </trkpt>
      <trkpt lat="52.22832312807441" lon="5.8410547859966755">
        <ele>101.29</ele>
      </trkpt>
      <trkpt lat="52.22830720245838" lon="5.84112343378365">
        <ele>101.44</ele>
      </trkpt>
      <trkpt lat="52.22829161211848" lon="5.841190740466118">
        <ele>101.54</ele>
      </trkpt>
      <trkpt lat="52.22827568650246" lon="5.841259388253093">
        <ele>101.58</ele>
      </trkpt>
      <trkpt lat="52.22825976088643" lon="5.841328036040068">
        <ele>101.57</ele>
      </trkpt>
      <trkpt lat="52.22824417054653" lon="5.841395342722535">
        <ele>101.53</ele>
      </trkpt>
      <trkpt lat="52.228219946846366" lon="5.841499948874116">
        <ele>101.43</ele>
      </trkpt>
      <trkpt lat="52.22821097820997" lon="5.841607321053743">
        <ele>101.35</ele>
      </trkpt>
      <trkpt lat="52.22819999791682" lon="5.841739922761917">
        <ele>101.28</ele>
      </trkpt>
      <trkpt lat="52.2282010037452" lon="5.84175132215023">
        <ele>101.28</ele>
      </trkpt>
      <trkpt lat="52.22821466624737" lon="5.8418964967131615">
        <ele>101.32</ele>
      </trkpt>
      <trkpt lat="52.22822128795087" lon="5.841967575252056">
        <ele>101.38</ele>
      </trkpt>
      <trkpt lat="52.22822992131114" lon="5.8420599438250065">
        <ele>101.5</ele>
      </trkpt>
      <trkpt lat="52.228244841098785" lon="5.842107553035021">
        <ele>101.58</ele>
      </trkpt>
      <trkpt lat="52.228279961273074" lon="5.842219954356551">
        <ele>101.79</ele>
      </trkpt>
      <trkpt lat="52.228388004004955" lon="5.8424764405936">
        <ele>102.31</ele>
      </trkpt>
      <trkpt lat="52.228514989838004" lon="5.842777602374554">
        <ele>102.85</ele>
      </trkpt>
      <trkpt lat="52.2285654488951" lon="5.842897379770875">
        <ele>103.02</ele>
      </trkpt>
      <trkpt lat="52.22861641086638" lon="5.84301833063364">
        <ele>103.1</ele>
      </trkpt>
      <trkpt lat="52.22866686992347" lon="5.843138108029962">
        <ele>103.1</ele>
      </trkpt>
      <trkpt lat="52.228717328980565" lon="5.843257801607251">
        <ele>103.04</ele>
      </trkpt>
      <trkpt lat="52.22886996343732" lon="5.843619983643293">
        <ele>102.75</ele>
      </trkpt>
      <trkpt lat="52.22889242693782" lon="5.843682931736112">
        <ele>102.71</ele>
      </trkpt>
      <trkpt lat="52.22895981743932" lon="5.843872027471662">
        <ele>102.53</ele>
      </trkpt>
      <trkpt lat="52.22902720794082" lon="5.8440611232072115">
        <ele>102.3</ele>
      </trkpt>
      <trkpt lat="52.22920725122094" lon="5.844566132873297">
        <ele>101.64</ele>
      </trkpt>
      <trkpt lat="52.229229966178536" lon="5.844629919156432">
        <ele>101.57</ele>
      </trkpt>
      <trkpt lat="52.229267517104745" lon="5.844761347398162">
        <ele>101.44</ele>
      </trkpt>
      <trkpt lat="52.229324178770185" lon="5.844959579408169">
        <ele>101.29</ele>
      </trkpt>
      <trkpt lat="52.22934999503195" lon="5.845049936324358">
        <ele>101.2</ele>
      </trkpt>
      <trkpt lat="52.22935762256384" lon="5.845095366239548">
        <ele>101.16</ele>
      </trkpt>
      <trkpt lat="52.229381427168846" lon="5.845235511660576">
        <ele>100.99</ele>
      </trkpt>
      <trkpt lat="52.22942912019789" lon="5.845517059788108">
        <ele>100.6</ele>
      </trkpt>
      <trkpt lat="52.22947689704597" lon="5.845798691734672">
        <ele>100.15</ele>
      </trkpt>
      <trkpt lat="52.229500617831945" lon="5.845938753336668">
        <ele>99.96</ele>
      </trkpt>
      <trkpt lat="52.229549987241626" lon="5.846229940652847">
        <ele>99.66</ele>
      </trkpt>
      <trkpt lat="52.229606145992875" lon="5.846496904268861">
        <ele>99.41</ele>
      </trkpt>
      <trkpt lat="52.22963506355882" lon="5.846634367480874">
        <ele>99.32</ele>
      </trkpt>
      <trkpt lat="52.22964973188937" lon="5.846703769639134">
        <ele>99.3</ele>
      </trkpt>
      <trkpt lat="52.229678900912404" lon="5.846842657774687">
        <ele>99.3</ele>
      </trkpt>
      <trkpt lat="52.22969323396683" lon="5.846910635009408">
        <ele>99.32</ele>
      </trkpt>
      <trkpt lat="52.22970790229738" lon="5.8469801209867">
        <ele>99.37</ele>
      </trkpt>
      <trkpt lat="52.22973681986332" lon="5.847117584198713">
        <ele>99.51</ele>
      </trkpt>
      <trkpt lat="52.22978065721691" lon="5.847325874492526">
        <ele>99.81</ele>
      </trkpt>
      <trkpt lat="52.22978996112943" lon="5.847369963303208">
        <ele>99.76</ele>
      </trkpt>
      <trkpt lat="52.22985995002091" lon="5.847479933872819">
        <ele>99.63</ele>
      </trkpt>
      <trkpt lat="52.22981703467667" lon="5.847585378214717">
        <ele>99.52</ele>
      </trkpt>
      <trkpt lat="52.22976020537317" lon="5.847724685445428">
        <ele>99.44</ele>
      </trkpt>
      <trkpt lat="52.2297499794513" lon="5.847749998793006">
        <ele>99.44</ele>
      </trkpt>
      <trkpt lat="52.22973992116749" lon="5.84775997325778">
        <ele>99.44</ele>
      </trkpt>
      <trkpt lat="52.229696083813906" lon="5.847819233313203">
        <ele>99.45</ele>
      </trkpt>
      <trkpt lat="52.22962827421725" lon="5.847911098971963">
        <ele>99.51</ele>
      </trkpt>
      <trkpt lat="52.229569936171174" lon="5.847989972680807">
        <ele>99.59</ele>
      </trkpt>
      <trkpt lat="52.22944999113679" lon="5.848099943250418">
        <ele>99.74</ele>
      </trkpt>
      <trkpt lat="52.22930992953479" lon="5.848199939355254">
        <ele>99.91</ele>
      </trkpt>
      <trkpt lat="52.22928302362561" lon="5.848210668191314">
        <ele>99.95</ele>
      </trkpt>
      <trkpt lat="52.229070626199245" lon="5.848294822499156">
        <ele>100.26</ele>
      </trkpt>
      <trkpt lat="52.22898580133915" lon="5.848328350111842">
        <ele>100.36</ele>
      </trkpt>
      <trkpt lat="52.22889930009842" lon="5.848362632095814">
        <ele>100.86</ele>
      </trkpt>
      <trkpt lat="52.22881975583732" lon="5.848394148051739">
        <ele>100.5</ele>
      </trkpt>
      <trkpt lat="52.22877994179726" lon="5.848409989848733">
        <ele>100.86</ele>
      </trkpt>
      <trkpt lat="52.22870349884033" lon="5.848459107801318">
        <ele>101.6</ele>
      </trkpt>
      <trkpt lat="52.228687573224306" lon="5.8484693337231874">
        <ele>101.71</ele>
      </trkpt>
      <trkpt lat="52.22863996401429" lon="5.848499927669764">
        <ele>101.73</ele>
      </trkpt>
      <trkpt lat="52.228603418916464" lon="5.848508812487125">
        <ele>101.75</ele>
      </trkpt>
      <trkpt lat="52.22855974920094" lon="5.84851928986609">
        <ele>101.72</ele>
      </trkpt>
      <trkpt lat="52.22851616330445" lon="5.848529851064086">
        <ele>101.66</ele>
      </trkpt>
      <trkpt lat="52.22834995016456" lon="5.848569916561246">
        <ele>101.36</ele>
      </trkpt>
      <trkpt lat="52.22834089770913" lon="5.848571425303817">
        <ele>101.35</ele>
      </trkpt>
      <trkpt lat="52.228253139182925" lon="5.848585590720177">
        <ele>101.25</ele>
      </trkpt>
      <trkpt lat="52.22816546447575" lon="5.848599756136537">
        <ele>101.2</ele>
      </trkpt>
      <trkpt lat="52.22803998738527" lon="5.84861995652318">
        <ele>101.23</ele>
      </trkpt>
      <trkpt lat="52.22803294658661" lon="5.84861945360899">
        <ele>101.23</ele>
      </trkpt>
      <trkpt lat="52.22798894159496" lon="5.84861651994288">
        <ele>101.26</ele>
      </trkpt>
      <trkpt lat="52.22790093161166" lon="5.84861065261066">
        <ele>101.37</ele>
      </trkpt>
      <trkpt lat="52.2278899513185" lon="5.848609982058406">
        <ele>101.38</ele>
      </trkpt>
      <trkpt lat="52.22768316976726" lon="5.848547453060746">
        <ele>101.72</ele>
      </trkpt>
      <trkpt lat="52.2274599596858" lon="5.848479978740215">
        <ele>102.01</ele>
      </trkpt>
      <trkpt lat="52.2274221573025" lon="5.848470255732536">
        <ele>102.06</ele>
      </trkpt>
      <trkpt lat="52.22716089338064" lon="5.848403451964259">
        <ele>102.45</ele>
      </trkpt>
      <trkpt lat="52.22707296721637" lon="5.848380988463759">
        <ele>102.56</ele>
      </trkpt>
      <trkpt lat="52.2270299680531" lon="5.848369924351573">
        <ele>102.58</ele>
      </trkpt>
      <trkpt lat="52.22698587924242" lon="5.848346455022693">
        <ele>102.62</ele>
      </trkpt>
      <trkpt lat="52.226559994742274" lon="5.848119975998998">
        <ele>102.72</ele>
      </trkpt>
      <trkpt lat="52.226480366662145" lon="5.848058369010687">
        <ele>102.75</ele>
      </trkpt>
      <trkpt lat="52.226198399439454" lon="5.847840188071132">
        <ele>102.89</ele>
      </trkpt>
      <trkpt lat="52.22599606029689" lon="5.847683614119887">
        <ele>103.09</ele>
      </trkpt>
      <trkpt lat="52.225835127756" lon="5.847559059038758">
        <ele>103.22</ele>
      </trkpt>
      <trkpt lat="52.22567344084382" lon="5.847433917224407">
        <ele>103.39</ele>
      </trkpt>
      <trkpt lat="52.225592974573374" lon="5.847371639683843">
        <ele>103.44</ele>
      </trkpt>
      <trkpt lat="52.22551167011261" lon="5.847308775410056">
        <ele>103.45</ele>
      </trkpt>
      <trkpt lat="52.22543120384216" lon="5.847246581688523">
        <ele>103.38</ele>
      </trkpt>
      <trkpt lat="52.22510858438909" lon="5.846996884793043">
        <ele>102.94</ele>
      </trkpt>
      <trkpt lat="52.22498754970729" lon="5.846903175115585">
        <ele>102.73</ele>
      </trkpt>
      <trkpt lat="52.22490624524653" lon="5.846840310841799">
        <ele>102.55</ele>
      </trkpt>
      <trkpt lat="52.22487992607057" lon="5.846819942817092">
        <ele>102.48</ele>
      </trkpt>
      <trkpt lat="52.224667528644204" lon="5.846641575917602">
        <ele>101.93</ele>
      </trkpt>
      <trkpt lat="52.224509194493294" lon="5.846508638933301">
        <ele>101.5</ele>
      </trkpt>
      <trkpt lat="52.224350022152066" lon="5.846375031396747">
        <ele>101.1</ele>
      </trkpt>
      <trkpt lat="52.224270813167095" lon="5.846308562904596">
        <ele>100.88</ele>
      </trkpt>
      <trkpt lat="52.22419084981084" lon="5.846241423860192">
        <ele>100.62</ele>
      </trkpt>
      <trkpt lat="52.2239925339818" lon="5.846074875444174">
        <ele>99.86</ele>
      </trkpt>
      <trkpt lat="52.2238199505955" lon="5.845929952338338">
        <ele>99.25</ele>
      </trkpt>
      <trkpt lat="52.223791955038905" lon="5.845918133854866">
        <ele>99.16</ele>
      </trkpt>
      <trkpt lat="52.2236299328506" lon="5.845849988982081">
        <ele>98.54</ele>
      </trkpt>
      <trkpt lat="52.22353060729802" lon="5.845822412520647">
        <ele>98.18</ele>
      </trkpt>
      <trkpt lat="52.223449973389506" lon="5.845799949020147">
        <ele>97.91</ele>
      </trkpt>
      <trkpt lat="52.22339800558984" lon="5.845791902393103">
        <ele>97.74</ele>
      </trkpt>
      <trkpt lat="52.22330848686397" lon="5.84577807225287">
        <ele>97.47</ele>
      </trkpt>
      <trkpt lat="52.22317513078451" lon="5.845757368952036">
        <ele>97.11</ele>
      </trkpt>
      <trkpt lat="52.222739942371845" lon="5.845689978450537">
        <ele>96.06</ele>
      </trkpt>
      <trkpt lat="52.222603065893054" lon="5.845627784729004">
        <ele>95.73</ele>
      </trkpt>
      <trkpt lat="52.22251731902361" lon="5.8455887250602245">
        <ele>95.49</ele>
      </trkpt>
      <trkpt lat="52.222431572154164" lon="5.845549749210477">
        <ele>95.21</ele>
      </trkpt>
      <trkpt lat="52.22240994684398" lon="5.845539942383766">
        <ele>95.12</ele>
      </trkpt>
      <trkpt lat="52.22234766930342" lon="5.845501637086272">
        <ele>94.89</ele>
      </trkpt>
      <trkpt lat="52.222305592149496" lon="5.845475737005472">
        <ele>94.71</ele>
      </trkpt>
      <trkpt lat="52.22227994352579" lon="5.84545997902751">
        <ele>94.57</ele>
      </trkpt>
      <trkpt lat="52.22218648530543" lon="5.845376327633858">
        <ele>94.07</ele>
      </trkpt>
      <trkpt lat="52.22208992578089" lon="5.845289994031191">
        <ele>93.46</ele>
      </trkpt>
      <trkpt lat="52.22203913144767" lon="5.845216065645218">
        <ele>93.09</ele>
      </trkpt>
      <trkpt lat="52.22197266295552" lon="5.84511942230165">
        <ele>92.57</ele>
      </trkpt>
      <trkpt lat="52.22186998464167" lon="5.8449699729681015">
        <ele>91.68</ele>
      </trkpt>
      <trkpt lat="52.221823716536164" lon="5.844852710142732">
        <ele>91.14</ele>
      </trkpt>
      <trkpt lat="52.2217199485749" lon="5.844589937478304">
        <ele>89.98</ele>
      </trkpt>
      <trkpt lat="52.22170754335821" lon="5.844542663544416">
        <ele>89.8</ele>
      </trkpt>
      <trkpt lat="52.221559938043356" lon="5.843979986384511">
        <ele>87.42</ele>
      </trkpt>
      <trkpt lat="52.221497828140855" lon="5.843821736052632">
        <ele>86.7</ele>
      </trkpt>
      <trkpt lat="52.221425492316484" lon="5.843637585639954">
        <ele>85.89</ele>
      </trkpt>
      <trkpt lat="52.2212812397629" lon="5.843270542100072">
        <ele>84.47</ele>
      </trkpt>
      <trkpt lat="52.22122994251549" lon="5.843139952048659">
        <ele>83.98</ele>
      </trkpt>
      <trkpt lat="52.22101109102368" lon="5.842790761962533">
        <ele>82.43</ele>
      </trkpt>
      <trkpt lat="52.22094747237861" lon="5.842689173296094">
        <ele>82.0</ele>
      </trkpt>
      <trkpt lat="52.22088376991451" lon="5.842587584629655">
        <ele>81.63</ele>
      </trkpt>
      <trkpt lat="52.22085166722536" lon="5.842536287382245">
        <ele>81.47</ele>
      </trkpt>
      <trkpt lat="52.22078796476126" lon="5.842434614896774">
        <ele>81.21</ele>
      </trkpt>
      <trkpt lat="52.220759969204664" lon="5.84238993935287">
        <ele>81.12</ele>
      </trkpt>
      <trkpt lat="52.220629965886474" lon="5.842229928821325">
        <ele>80.77</ele>
      </trkpt>
      <trkpt lat="52.22061018459499" lon="5.842218110337853">
        <ele>80.73</ele>
      </trkpt>
      <trkpt lat="52.22052996978164" lon="5.842169998213649">
        <ele>80.52</ele>
      </trkpt>
      <trkpt lat="52.22039678134024" lon="5.842113588005304">
        <ele>80.2</ele>
      </trkpt>
      <trkpt lat="52.220269963145256" lon="5.8420599438250065">
        <ele>79.83</ele>
      </trkpt>
      <trkpt lat="52.220222940668464" lon="5.8420587703585625">
        <ele>79.71</ele>
      </trkpt>
      <trkpt lat="52.22013392485678" lon="5.842056423425674">
        <ele>79.41</ele>
      </trkpt>
      <trkpt lat="52.2199999820441" lon="5.842052986845374">
        <ele>78.93</ele>
      </trkpt>
      <trkpt lat="52.219597985967994" lon="5.84204250946641">
        <ele>77.35</ele>
      </trkpt>
      <trkpt lat="52.21941995434463" lon="5.842037899419665">
        <ele>76.6</ele>
      </trkpt>
      <trkpt lat="52.2193300165236" lon="5.842035552486777">
        <ele>76.25</ele>
      </trkpt>
      <trkpt lat="52.21883908845484" lon="5.842022811993957">
        <ele>74.43</ele>
      </trkpt>
      <trkpt lat="52.21875007264316" lon="5.8420205488801">
        <ele>74.13</ele>
      </trkpt>
      <trkpt lat="52.21866105683148" lon="5.842018201947212">
        <ele>73.86</ele>
      </trkpt>
      <trkpt lat="52.218438014388084" lon="5.842012418434024">
        <ele>73.22</ele>
      </trkpt>
      <trkpt lat="52.21825906075537" lon="5.8420078083872795">
        <ele>72.74</ele>
      </trkpt>
      <trkpt lat="52.21817004494369" lon="5.8420054614543915">
        <ele>72.54</ele>
      </trkpt>
      <trkpt lat="52.217902075499296" lon="5.841998504474759">
        <ele>71.98</ele>
      </trkpt>
      <trkpt lat="52.21772404387593" lon="5.841993894428015">
        <ele>71.73</ele>
      </trkpt>
      <trkpt lat="52.21759010106325" lon="5.841990457847714">
        <ele>71.57</ele>
      </trkpt>
      <trkpt lat="52.21732213161886" lon="5.841983500868082">
        <ele>71.32</ele>
      </trkpt>
      <trkpt lat="52.217233115807176" lon="5.841981153935194">
        <ele>71.26</ele>
      </trkpt>
      <trkpt lat="52.217188104987144" lon="5.841980064287782">
        <ele>71.25</ele>
      </trkpt>
      <trkpt lat="52.21709908917546" lon="5.841977717354894">
        <ele>71.27</ele>
      </trkpt>
      <trkpt lat="52.21701007336378" lon="5.841975370422006">
        <ele>71.32</ele>
      </trkpt>
      <trkpt lat="52.2169210575521" lon="5.841973107308149">
        <ele>71.4</ele>
      </trkpt>
      <trkpt lat="52.21679993905127" lon="5.841969922184944">
        <ele>71.24</ele>
      </trkpt>
      <trkpt lat="52.21679993905127" lon="5.841988027095795">
        <ele>71.23</ele>
      </trkpt>
      <trkpt lat="52.21679993905127" lon="5.84213194437325">
        <ele>71.15</ele>
      </trkpt>
      <trkpt lat="52.21679993905127" lon="5.842219954356551">
        <ele>71.12</ele>
      </trkpt>
      <trkpt lat="52.2167656570673" lon="5.8426315896213055">
        <ele>71.02</ele>
      </trkpt>
      <trkpt lat="52.21675995737314" lon="5.842699985951185">
        <ele>71.01</ele>
      </trkpt>
      <trkpt lat="52.216726932674646" lon="5.842751869931817">
        <ele>71.01</ele>
      </trkpt>
      <trkpt lat="52.21668996848166" lon="5.842809956520796">
        <ele>71.03</ele>
      </trkpt>
      <trkpt lat="52.21668259240687" lon="5.842868881300092">
        <ele>71.06</ele>
      </trkpt>
      <trkpt lat="52.216679994016886" lon="5.842889919877052">
        <ele>71.07</ele>
      </trkpt>
      <trkpt lat="52.2167001105845" lon="5.84322645328939">
        <ele>71.33</ele>
      </trkpt>
      <trkpt lat="52.21670991741121" lon="5.843389984220266">
        <ele>71.42</ele>
      </trkpt>
      <trkpt lat="52.21670497208834" lon="5.8435851149261">
        <ele>71.54</ele>
      </trkpt>
      <trkpt lat="52.216699942946434" lon="5.843779994174838">
        <ele>71.62</ele>
      </trkpt>
      <trkpt lat="52.2166845202446" lon="5.844166819006205">
        <ele>71.79</ele>
      </trkpt>
      <trkpt lat="52.21667571924627" lon="5.844386592507362">
        <ele>71.94</ele>
      </trkpt>
      <trkpt lat="52.21666113473475" lon="5.844749780371785">
        <ele>72.23</ele>
      </trkpt>
      <trkpt lat="52.21665526740253" lon="5.844896296039224">
        <ele>72.31</ele>
      </trkpt>
      <trkpt lat="52.216639928519726" lon="5.845279935747385">
        <ele>72.39</ele>
      </trkpt>
      <trkpt lat="52.216642359271646" lon="5.845478167757392">
        <ele>72.44</ele>
      </trkpt>
      <trkpt lat="52.216645795851946" lon="5.845770193263888">
        <ele>72.48</ele>
      </trkpt>
      <trkpt lat="52.21664755605161" lon="5.845916960388422">
        <ele>72.54</ele>
      </trkpt>
      <trkpt lat="52.216649232432246" lon="5.8460623025894165">
        <ele>72.64</ele>
      </trkpt>
      <trkpt lat="52.21664998680353" lon="5.846119970083237">
        <ele>72.69</ele>
      </trkpt>
      <trkpt lat="52.21663816832006" lon="5.846427166834474">
        <ele>72.97</ele>
      </trkpt>
      <trkpt lat="52.216632552444935" lon="5.846572173759341">
        <ele>73.08</ele>
      </trkpt>
      <trkpt lat="52.21662995405495" lon="5.846639983355999">
        <ele>73.11</ele>
      </trkpt>
      <trkpt lat="52.21660539507866" lon="5.846934858709574">
        <ele>73.28</ele>
      </trkpt>
      <trkpt lat="52.21655711531639" lon="5.8475137129426">
        <ele>73.54</ele>
      </trkpt>
      <trkpt lat="52.21655124798417" lon="5.847584959119558">
        <ele>73.56</ele>
      </trkpt>
      <trkpt lat="52.216545129194856" lon="5.847657714039087">
        <ele>73.56</ele>
      </trkpt>
      <trkpt lat="52.21653305925429" lon="5.8478031400591135">
        <ele>73.49</ele>
      </trkpt>
      <trkpt lat="52.2165029682219" lon="5.848163813352585">
        <ele>73.1</ele>
      </trkpt>
      <trkpt lat="52.216472793370485" lon="5.848525995388627">
        <ele>72.83</ele>
      </trkpt>
      <trkpt lat="52.21646080724895" lon="5.848669996485114">
        <ele>72.68</ele>
      </trkpt>
      <trkpt lat="52.21642451360822" lon="5.849104849621654">
        <ele>72.1</ele>
      </trkpt>
      <trkpt lat="52.21641252748668" lon="5.849248850718141">
        <ele>71.97</ele>
      </trkpt>
      <trkpt lat="52.2164099290967" lon="5.849279947578907">
        <ele>71.95</ele>
      </trkpt>
      <trkpt lat="52.21641101874411" lon="5.849321940913796">
        <ele>71.94</ele>
      </trkpt>
      <trkpt lat="52.216412695124745" lon="5.8493937738239765">
        <ele>71.94</ele>
      </trkpt>
      <trkpt lat="52.21641629934311" lon="5.8495404571294785">
        <ele>72.0</ele>
      </trkpt>
      <trkpt lat="52.21641981974244" lon="5.849685715511441">
        <ele>72.14</ele>
      </trkpt>
      <trkpt lat="52.21642166376114" lon="5.8497589733451605">
        <ele>72.24</ele>
      </trkpt>
      <trkpt lat="52.21642518416047" lon="5.849904231727123">
        <ele>72.48</ele>
      </trkpt>
      <trkpt lat="52.21642853692174" lon="5.850042114034295">
        <ele>72.63</ele>
      </trkpt>
      <trkpt lat="52.21642996184528" lon="5.850099949166179">
        <ele>72.71</ele>
      </trkpt>
      <trkpt lat="52.21642057411373" lon="5.850179996341467">
        <ele>72.84</ele>
      </trkpt>
      <trkpt lat="52.2164099290967" lon="5.8502699341624975">
        <ele>73.03</ele>
      </trkpt>
      <trkpt lat="52.216397104784846" lon="5.850313017144799">
        <ele>73.14</ele>
      </trkpt>
      <trkpt lat="52.21637866459787" lon="5.850375043228269">
        <ele>73.34</ele>
      </trkpt>
      <trkpt lat="52.2163597214967" lon="5.8504384104162455">
        <ele>73.55</ele>
      </trkpt>
      <trkpt lat="52.216322757303715" lon="5.850562462583184">
        <ele>74.06</ele>
      </trkpt>
      <trkpt lat="52.21630381420255" lon="5.850625745952129">
        <ele>74.36</ele>
      </trkpt>
      <trkpt lat="52.21628537401557" lon="5.850687772035599">
        <ele>74.68</ele>
      </trkpt>
      <trkpt lat="52.21624790690839" lon="5.850813165307045">
        <ele>75.41</ele>
      </trkpt>
      <trkpt lat="52.21623994410038" lon="5.850839987397194">
        <ele>75.57</ele>
      </trkpt>
      <trkpt lat="52.21619652584195" lon="5.851150033995509">
        <ele>77.3</ele>
      </trkpt>
      <trkpt lat="52.21617691218853" lon="5.851290347054601">
        <ele>78.11</ele>
      </trkpt>
      <trkpt lat="52.2161699552089" lon="5.851339967921376">
        <ele>78.4</ele>
      </trkpt>
      <trkpt lat="52.216166350990534" lon="5.8514326717704535">
        <ele>78.95</ele>
      </trkpt>
      <trkpt lat="52.216158136725426" lon="5.85164800286293">
        <ele>80.38</ele>
      </trkpt>
      <trkpt lat="52.21615537069738" lon="5.85171983577311">
        <ele>80.83</ele>
      </trkpt>
      <trkpt lat="52.21615260466933" lon="5.851791584864259">
        <ele>81.22</ele>
      </trkpt>
      <trkpt lat="52.216149838641286" lon="5.851863417774439">
        <ele>81.53</ele>
      </trkpt>
      <trkpt lat="52.21614707261324" lon="5.851935166865587">
        <ele>81.75</ele>
      </trkpt>
      <trkpt lat="52.21614430658519" lon="5.852006915956736">
        <ele>81.87</ele>
      </trkpt>
      <trkpt lat="52.216141540557146" lon="5.852078748866916">
        <ele>81.91</ele>
      </trkpt>
      <trkpt lat="52.21613994799554" lon="5.85211998783052">
        <ele>81.89</ele>
      </trkpt>
      <trkpt lat="52.21614128910005" lon="5.852150497958064">
        <ele>81.89</ele>
      </trkpt>
      <trkpt lat="52.216144474223256" lon="5.8522222470492125">
        <ele>81.84</ele>
      </trkpt>
      <trkpt lat="52.21615402959287" lon="5.852437410503626">
        <ele>81.64</ele>
      </trkpt>
      <trkpt lat="52.21615721471608" lon="5.852509159594774">
        <ele>81.6</ele>
      </trkpt>
      <trkpt lat="52.21617003902793" lon="5.852797580882907">
        <ele>81.53</ele>
      </trkpt>
      <trkpt lat="52.2161731403321" lon="5.852869329974055">
        <ele>81.49</ele>
      </trkpt>
      <trkpt lat="52.21618588082492" lon="5.853156242519617">
        <ele>81.24</ele>
      </trkpt>
      <trkpt lat="52.21618906594813" lon="5.8532279916107655">
        <ele>81.2</ele>
      </trkpt>
      <trkpt lat="52.21619543619454" lon="5.853371489793062">
        <ele>81.18</ele>
      </trkpt>
      <trkpt lat="52.21620180644095" lon="5.853514987975359">
        <ele>81.24</ele>
      </trkpt>
      <trkpt lat="52.21620809286833" lon="5.853656977415085">
        <ele>81.37</ele>
      </trkpt>
      <trkpt lat="52.21621454693377" lon="5.853801900520921">
        <ele>81.57</ele>
      </trkpt>
      <trkpt lat="52.21622091718018" lon="5.8539453987032175">
        <ele>81.86</ele>
      </trkpt>
      <trkpt lat="52.216229969635606" lon="5.854149917140603">
        <ele>82.35</ele>
      </trkpt>
      <trkpt lat="52.216250924393535" lon="5.854226779192686">
        <ele>82.56</ele>
      </trkpt>
      <trkpt lat="52.216289984062314" lon="5.854369942098856">
        <ele>82.88</ele>
      </trkpt>
      <trkpt lat="52.21631169319153" lon="5.854417132213712">
        <ele>83.02</ele>
      </trkpt>
      <trkpt lat="52.21633826382458" lon="5.854474548250437">
        <ele>83.13</ele>
      </trkpt>
      <trkpt lat="52.21634999848902" lon="5.8544999454170465">
        <ele>83.16</ele>
      </trkpt>
      <trkpt lat="52.2164064925164" lon="5.8545635640621185">
        <ele>83.31</ele>
      </trkpt>
      <trkpt lat="52.216509925201535" lon="5.854679988697171">
        <ele>83.28</ele>
      </trkpt>
      <trkpt lat="52.21651151776314" lon="5.854694740846753">
        <ele>83.28</ele>
      </trkpt>
      <trkpt lat="52.21652668900788" lon="5.854837987571955">
        <ele>83.19</ele>
      </trkpt>
      <trkpt lat="52.21654194407165" lon="5.8549826592206955">
        <ele>83.04</ele>
      </trkpt>
      <trkpt lat="52.21657237038016" lon="5.855270493775606">
        <ele>82.71</ele>
      </trkpt>
      <trkpt lat="52.216587625443935" lon="5.855415081605315">
        <ele>82.58</ele>
      </trkpt>
      <trkpt lat="52.21661042422056" lon="5.855630664154887">
        <ele>82.42</ele>
      </trkpt>
      <trkpt lat="52.216639928519726" lon="5.855909949168563">
        <ele>82.13</ele>
      </trkpt>
      <trkpt lat="52.21664051525295" lon="5.8559200912714005">
        <ele>82.13</ele>
      </trkpt>
      <trkpt lat="52.21666993573308" lon="5.856439936906099">
        <ele>81.84</ele>
      </trkpt>
      <trkpt lat="52.21668175421655" lon="5.856498945504427">
        <ele>81.81</ele>
      </trkpt>
      <trkpt lat="52.21670966595411" lon="5.856638504192233">
        <ele>81.77</ele>
      </trkpt>
      <trkpt lat="52.216737577691674" lon="5.856778062880039">
        <ele>81.79</ele>
      </trkpt>
      <trkpt lat="52.21675995737314" lon="5.856889961287379">
        <ele>81.84</ele>
      </trkpt>
      <trkpt lat="52.216764064505696" lon="5.856916783377528">
        <ele>81.86</ele>
      </trkpt>
      <trkpt lat="52.216807482764125" lon="5.857201600447297">
        <ele>82.09</ele>
      </trkpt>
      <trkpt lat="52.216829024255276" lon="5.857342667877674">
        <ele>82.24</ele>
      </trkpt>
      <trkpt lat="52.21686162985861" lon="5.857556322589517">
        <ele>82.54</ele>
      </trkpt>
      <trkpt lat="52.21692658960819" lon="5.8579822070896626">
        <ele>83.27</ele>
      </trkpt>
      <trkpt lat="52.216939916834235" lon="5.858069965615869">
        <ele>83.4</ele>
      </trkpt>
      <trkpt lat="52.216944275423884" lon="5.858124364167452">
        <ele>83.48</ele>
      </trkpt>
      <trkpt lat="52.21695575863123" lon="5.8582670241594315">
        <ele>83.12</ele>
      </trkpt>
      <trkpt lat="52.216959949582815" lon="5.858319997787476">
        <ele>82.95</ele>
      </trkpt>
      <trkpt lat="52.21695492044091" lon="5.8583365101367235">
        <ele>82.9</ele>
      </trkpt>
      <trkpt lat="52.2168761305511" lon="5.858595594763756">
        <ele>81.91</ele>
      </trkpt>
      <trkpt lat="52.21683698706329" lon="5.858724424615502">
        <ele>81.51</ele>
      </trkpt>
      <trkpt lat="52.21679784357548" lon="5.858853254467249">
        <ele>81.23</ele>
      </trkpt>
      <trkpt lat="52.216778229922056" lon="5.858917711302638">
        <ele>81.15</ele>
      </trkpt>
      <trkpt lat="52.21675828099251" lon="5.858983509242535">
        <ele>81.09</ele>
      </trkpt>
      <trkpt lat="52.21673866733909" lon="5.859047882258892">
        <ele>81.08</ele>
      </trkpt>
      <trkpt lat="52.216719053685665" lon="5.859112339094281">
        <ele>81.1</ele>
      </trkpt>
      <trkpt lat="52.216699523851275" lon="5.85917679592967">
        <ele>81.16</ele>
      </trkpt>
      <trkpt lat="52.21666029654443" lon="5.859305625781417">
        <ele>81.35</ele>
      </trkpt>
      <trkpt lat="52.21662073396146" lon="5.859435796737671">
        <ele>81.59</ele>
      </trkpt>
      <trkpt lat="52.21658159047365" lon="5.8595646265894175">
        <ele>81.87</ele>
      </trkpt>
      <trkpt lat="52.21654236316681" lon="5.859693540260196">
        <ele>82.21</ele>
      </trkpt>
      <trkpt lat="52.21644404344261" lon="5.860016997903585">
        <ele>83.24</ele>
      </trkpt>
      <trkpt lat="52.216384867206216" lon="5.860211541876197">
        <ele>83.8</ele>
      </trkpt>
      <trkpt lat="52.21632611006498" lon="5.860404828563333">
        <ele>84.29</ele>
      </trkpt>
      <trkpt lat="52.2162474039942" lon="5.860663913190365">
        <ele>84.85</ele>
      </trkpt>
      <trkpt lat="52.21620826050639" lon="5.860792743042111">
        <ele>85.09</ele>
      </trkpt>
      <trkpt lat="52.21619996242225" lon="5.860819984227419">
        <ele>85.11</ele>
      </trkpt>
      <trkpt lat="52.21617942675948" lon="5.8608445432037115">
        <ele>85.16</ele>
      </trkpt>
      <trkpt lat="52.216143971309066" lon="5.860887207090855">
        <ele>85.2</ele>
      </trkpt>
      <trkpt lat="52.216099966317415" lon="5.860939929261804">
        <ele>85.19</ele>
      </trkpt>
      <trkpt lat="52.21606895327568" lon="5.860964320600033">
        <ele>85.19</ele>
      </trkpt>
      <trkpt lat="52.21595998853445" lon="5.861049983650446">
        <ele>84.8</ele>
      </trkpt>
      <trkpt lat="52.21594724804163" lon="5.861054845154285">
        <ele>84.76</ele>
      </trkpt>
      <trkpt lat="52.21572848036885" lon="5.8611393347382545">
        <ele>83.98</ele>
      </trkpt>
      <trkpt lat="52.21551055088639" lon="5.861223489046097">
        <ele>83.25</ele>
      </trkpt>
      <trkpt lat="52.215291783213615" lon="5.861307978630066">
        <ele>82.47</ele>
      </trkpt>
      <trkpt lat="52.21485416404903" lon="5.861476873978972">
        <ele>81.09</ele>
      </trkpt>
      <trkpt lat="52.21463623456657" lon="5.861561028286815">
        <ele>80.32</ele>
      </trkpt>
      <trkpt lat="52.21441746689379" lon="5.861645517870784">
        <ele>79.61</ele>
      </trkpt>
      <trkpt lat="52.214379999786615" lon="5.861659934744239">
        <ele>79.46</ele>
      </trkpt>
      <trkpt lat="52.21433180384338" lon="5.8616891875863075">
        <ele>79.27</ele>
      </trkpt>
      <trkpt lat="52.214163998141885" lon="5.861790860071778">
        <ele>78.51</ele>
      </trkpt>
      <trkpt lat="52.21407967619598" lon="5.861841905862093">
        <ele>78.16</ele>
      </trkpt>
      <trkpt lat="52.21399535425007" lon="5.861893035471439">
        <ele>77.84</ele>
      </trkpt>
      <trkpt lat="52.21371992491186" lon="5.862059919163585">
        <ele>76.85</ele>
      </trkpt>
      <trkpt lat="52.21369955688715" lon="5.862067965790629">
        <ele>76.79</ele>
      </trkpt>
      <trkpt lat="52.213569302111864" lon="5.862119263038039">
        <ele>76.39</ele>
      </trkpt>
      <trkpt lat="52.2132633626461" lon="5.862239794805646">
        <ele>75.52</ele>
      </trkpt>
      <trkpt lat="52.213088516145945" lon="5.862308694049716">
        <ele>75.07</ele>
      </trkpt>
      <trkpt lat="52.21305993385613" lon="5.862319925799966">
        <ele>74.99</ele>
      </trkpt>
      <trkpt lat="52.21287779510021" lon="5.862431572750211">
        <ele>74.46</ele>
      </trkpt>
      <trkpt lat="52.212749971076846" lon="5.862509943544865">
        <ele>74.1</ele>
      </trkpt>
      <trkpt lat="52.212602868676186" lon="5.862674061208963">
        <ele>73.64</ele>
      </trkpt>
      <trkpt lat="52.212528605014086" lon="5.862756874412298">
        <ele>73.38</ele>
      </trkpt>
      <trkpt lat="52.212489964440465" lon="5.8627999573946">
        <ele>73.22</ele>
      </trkpt>
      <trkpt lat="52.21243682317436" lon="5.862914705649018">
        <ele>72.93</ele>
      </trkpt>
      <trkpt lat="52.21238317899406" lon="5.863030627369881">
        <ele>72.59</ele>
      </trkpt>
      <trkpt lat="52.212356105446815" lon="5.863089133054018">
        <ele>72.4</ele>
      </trkpt>
      <trkpt lat="52.212301874533296" lon="5.863206228241324">
        <ele>71.97</ele>
      </trkpt>
      <trkpt lat="52.212139181792736" lon="5.863557597622275">
        <ele>70.5</ele>
      </trkpt>
      <trkpt lat="52.212004233151674" lon="5.863849204033613">
        <ele>69.23</ele>
      </trkpt>
      <trkpt lat="52.21198998391628" lon="5.863879965618253">
        <ele>69.1</ele>
      </trkpt>
      <trkpt lat="52.211960228160024" lon="5.863975016400218">
        <ele>68.76</ele>
      </trkpt>
      <trkpt lat="52.211939776316285" lon="5.864040311425924">
        <ele>68.55</ele>
      </trkpt>
      <trkpt lat="52.21189836971462" lon="5.864172326400876">
        <ele>68.15</ele>
      </trkpt>
      <trkpt lat="52.2118370141834" lon="5.864368379116058">
        <ele>67.62</ele>
      </trkpt>
      <trkpt lat="52.211775658652186" lon="5.864564431831241">
        <ele>67.13</ele>
      </trkpt>
      <trkpt lat="52.211735090240836" lon="5.8646937645971775">
        <ele>66.86</ele>
      </trkpt>
      <trkpt lat="52.211695024743676" lon="5.864821840077639">
        <ele>66.67</ele>
      </trkpt>
      <trkpt lat="52.21167993731797" lon="5.864869952201843">
        <ele>66.6</ele>
      </trkpt>
      <trkpt lat="52.211646661162376" lon="5.864943293854594">
        <ele>66.5</ele>
      </trkpt>
      <trkpt lat="52.2115936037153" lon="5.865059969946742">
        <ele>66.37</ele>
      </trkpt>
      <trkpt lat="52.211513724178076" lon="5.865235570818186">
        <ele>66.21</ele>
      </trkpt>
      <trkpt lat="52.211479945108294" lon="5.865309918299317">
        <ele>66.1</ele>
      </trkpt>
      <trkpt lat="52.211470725014806" lon="5.8653605449944735">
        <ele>66.04</ele>
      </trkpt>
      <trkpt lat="52.211459996178746" lon="5.86541997268796">
        <ele>65.99</ele>
      </trkpt>
      <trkpt lat="52.2114709764719" lon="5.8655027858912945">
        <ele>65.93</ele>
      </trkpt>
      <trkpt lat="52.2114900033921" lon="5.8656462002545595">
        <ele>65.91</ele>
      </trkpt>
      <trkpt lat="52.211499474942684" lon="5.865717949345708">
        <ele>65.94</ele>
      </trkpt>
      <trkpt lat="52.2115090303123" lon="5.865789698436856">
        <ele>66.0</ele>
      </trkpt>
      <trkpt lat="52.211527889594436" lon="5.865931687876582">
        <ele>66.21</ele>
      </trkpt>
      <trkpt lat="52.211565943434834" lon="5.866218600422144">
        <ele>66.8</ele>
      </trkpt>
      <trkpt lat="52.21157549880445" lon="5.866290265694261">
        <ele>66.93</ele>
      </trkpt>
      <trkpt lat="52.211594358086586" lon="5.8664322551339865">
        <ele>67.15</ele>
      </trkpt>
      <trkpt lat="52.211609948426485" lon="5.866549937054515">
        <ele>67.27</ele>
      </trkpt>
      <trkpt lat="52.211563009768724" lon="5.8667052537202835">
        <ele>67.45</ele>
      </trkpt>
      <trkpt lat="52.21152319572866" lon="5.866836849600077">
        <ele>67.54</ele>
      </trkpt>
      <trkpt lat="52.21150333061814" lon="5.866902647539973">
        <ele>67.55</ele>
      </trkpt>
      <trkpt lat="52.211479945108294" lon="5.866979928687215">
        <ele>67.55</ele>
      </trkpt>
      <trkpt lat="52.21145815216005" lon="5.867107585072517">
        <ele>67.47</ele>
      </trkpt>
      <trkpt lat="52.211434012278914" lon="5.867248987779021">
        <ele>67.32</ele>
      </trkpt>
      <trkpt lat="52.21142194233835" lon="5.867319647222757">
        <ele>67.22</ele>
      </trkpt>
      <trkpt lat="52.21140987239778" lon="5.867390390485525">
        <ele>67.08</ele>
      </trkpt>
      <trkpt lat="52.21139780245721" lon="5.867461049929261">
        <ele>66.89</ele>
      </trkpt>
      <trkpt lat="52.211373914033175" lon="5.867601027712226">
        <ele>66.44</ele>
      </trkpt>
      <trkpt lat="52.21133996732533" lon="5.8677999302744865">
        <ele>65.36</ele>
      </trkpt>
      <trkpt lat="52.211335860192776" lon="5.867808312177658">
        <ele>65.36</ele>
      </trkpt>
      <trkpt lat="52.21127944998443" lon="5.867922641336918">
        <ele>64.68</ele>
      </trkpt>
      <trkpt lat="52.211251873523" lon="5.8679787162691355">
        <ele>64.37</ele>
      </trkpt>
      <trkpt lat="52.21119546331465" lon="5.868093045428395">
        <ele>63.81</ele>
      </trkpt>
      <trkpt lat="52.21116788685322" lon="5.868149036541581">
        <ele>63.56</ele>
      </trkpt>
      <trkpt lat="52.211111476644874" lon="5.868263449519873">
        <ele>63.1</ele>
      </trkpt>
      <trkpt lat="52.211027489975095" lon="5.86843385361135">
        <ele>62.47</ele>
      </trkpt>
      <trkpt lat="52.210989939048886" lon="5.868509961292148">
        <ele>62.22</ele>
      </trkpt>
      <trkpt lat="52.21096127294004" lon="5.868518762290478">
        <ele>62.11</ele>
      </trkpt>
      <trkpt lat="52.21087384968996" lon="5.868545668199658">
        <ele>61.82</ele>
      </trkpt>
      <trkpt lat="52.210859935730696" lon="5.868549942970276">
        <ele>61.78</ele>
      </trkpt>
      <trkpt lat="52.2107042837888" lon="5.868638455867767">
        <ele>61.35</ele>
      </trkpt>
      <trkpt lat="52.21062021329999" lon="5.868686232715845">
        <ele>61.19</ele>
      </trkpt>
      <trkpt lat="52.21053614281118" lon="5.868733925744891">
        <ele>61.06</ele>
      </trkpt>
      <trkpt lat="52.21041996963322" lon="5.868799975141883">
        <ele>60.97</ele>
      </trkpt>
      <trkpt lat="52.21041007898748" lon="5.868807937949896">
        <ele>60.97</ele>
      </trkpt>
      <trkpt lat="52.21032944507897" lon="5.868872981518507">
        <ele>60.99</ele>
      </trkpt>
      <trkpt lat="52.210249649360776" lon="5.868937354534864">
        <ele>61.06</ele>
      </trkpt>
      <trkpt lat="52.21020933240652" lon="5.868969792500138">
        <ele>61.12</ele>
      </trkpt>
      <trkpt lat="52.21012953668833" lon="5.869034165516496">
        <ele>61.3</ele>
      </trkpt>
      <trkpt lat="52.210109923034906" lon="5.869049923494458">
        <ele>61.35</ele>
      </trkpt>
      <trkpt lat="52.2100721206516" lon="5.869140699505806">
        <ele>61.52</ele>
      </trkpt>
      <trkpt lat="52.210059966892004" lon="5.869169952347875">
        <ele>61.47</ele>
      </trkpt>
      <trkpt lat="52.21003348007798" lon="5.869269361719489">
        <ele>61.34</ele>
      </trkpt>
      <trkpt lat="52.210019985213876" lon="5.869319988414645">
        <ele>61.26</ele>
      </trkpt>
      <trkpt lat="52.209946140646935" lon="5.869114296510816">
        <ele>60.93</ele>
      </trkpt>
      <trkpt lat="52.20990062691271" lon="5.868987645953894">
        <ele>60.76</ele>
      </trkpt>
      <trkpt lat="52.20987992361188" lon="5.8689299784600735">
        <ele>60.69</ele>
      </trkpt>
      <trkpt lat="52.20982569269836" lon="5.868808524683118">
        <ele>60.55</ele>
      </trkpt>
      <trkpt lat="52.20972016453743" lon="5.868572574108839">
        <ele>60.3</ele>
      </trkpt>
      <trkpt lat="52.209641207009554" lon="5.868395883589983">
        <ele>60.14</ele>
      </trkpt>
      <trkpt lat="52.20956174656749" lon="5.868218019604683">
        <ele>60.03</ele>
      </trkpt>
      <trkpt lat="52.20948278903961" lon="5.868041329085827">
        <ele>60.0</ele>
      </trkpt>
      <trkpt lat="52.20943031832576" lon="5.867923982441425">
        <ele>60.03</ele>
      </trkpt>
      <trkpt lat="52.209403831511736" lon="5.867864638566971">
        <ele>60.06</ele>
      </trkpt>
      <trkpt lat="52.209377344697714" lon="5.867805378511548">
        <ele>60.12</ele>
      </trkpt>
      <trkpt lat="52.20932428725064" lon="5.867686774581671">
        <ele>60.32</ele>
      </trkpt>
      <trkpt lat="52.209298303350806" lon="5.867628687992692">
        <ele>60.47</ele>
      </trkpt>
      <trkpt lat="52.209289921447635" lon="5.8676099963486195">
        <ele>60.53</ele>
      </trkpt>
      <trkpt lat="52.20926611684263" lon="5.8674942422658205">
        <ele>60.85</ele>
      </trkpt>
      <trkpt lat="52.20921993255615" lon="5.86726994253695">
        <ele>61.57</ele>
      </trkpt>
      <trkpt lat="52.20921037718654" lon="5.867143543437123">
        <ele>61.97</ele>
      </trkpt>
      <trkpt lat="52.209204928949475" lon="5.867070704698563">
        <ele>62.16</ele>
      </trkpt>
      <trkpt lat="52.20919939689338" lon="5.866997865960002">
        <ele>62.31</ele>
      </trkpt>
      <trkpt lat="52.209188332781196" lon="5.866852272301912">
        <ele>62.55</ele>
      </trkpt>
      <trkpt lat="52.209182884544134" lon="5.866779433563352">
        <ele>62.63</ele>
      </trkpt>
      <trkpt lat="52.20917198807001" lon="5.866635181009769">
        <ele>62.71</ele>
      </trkpt>
      <trkpt lat="52.209160923957825" lon="5.86648958735168">
        <ele>62.67</ele>
      </trkpt>
      <trkpt lat="52.2091500274837" lon="5.866345334798098">
        <ele>62.52</ele>
      </trkpt>
      <trkpt lat="52.20913904719055" lon="5.866199741140008">
        <ele>62.3</ele>
      </trkpt>
      <trkpt lat="52.20912999473512" lon="5.866079963743687">
        <ele>62.08</ele>
      </trkpt>
      <trkpt lat="52.209122367203236" lon="5.866058673709631">
        <ele>62.04</ele>
      </trkpt>
      <trkpt lat="52.20907995477319" lon="5.865939985960722">
        <ele>61.75</ele>
      </trkpt>
      <trkpt lat="52.20907618291676" lon="5.865932861343026">
        <ele>61.75</ele>
      </trkpt>
      <trkpt lat="52.20904734916985" lon="5.865878462791443">
        <ele>61.59</ele>
      </trkpt>
      <trkpt lat="52.208930840715766" lon="5.865658773109317">
        <ele>60.87</ele>
      </trkpt>
      <trkpt lat="52.2088719997555" lon="5.865547796711326">
        <ele>60.54</ele>
      </trkpt>
      <trkpt lat="52.20881315879524" lon="5.8654368203133345">
        <ele>60.27</ele>
      </trkpt>
      <trkpt lat="52.20875431783497" lon="5.865325843915343">
        <ele>60.09</ele>
      </trkpt>
      <trkpt lat="52.208729926496744" lon="5.865279994904995">
        <ele>60.04</ele>
      </trkpt>
      <trkpt lat="52.208709977567196" lon="5.865169940516353">
        <ele>59.95</ele>
      </trkpt>
      <trkpt lat="52.20871224068105" lon="5.864981431514025">
        <ele>59.8</ele>
      </trkpt>
      <trkpt lat="52.20871408469975" lon="5.864834748208523">
        <ele>59.73</ele>
      </trkpt>
      <trkpt lat="52.20871492289007" lon="5.864764340221882">
        <ele>59.73</ele>
      </trkpt>
      <trkpt lat="52.208715844899416" lon="5.864690914750099">
        <ele>59.77</ele>
      </trkpt>
      <trkpt lat="52.208716766908765" lon="5.864617573097348">
        <ele>59.84</ele>
      </trkpt>
      <trkpt lat="52.20871760509908" lon="5.864544231444597">
        <ele>59.96</ele>
      </trkpt>
      <trkpt lat="52.20871852710843" lon="5.864470805972815">
        <ele>60.11</ele>
      </trkpt>
      <trkpt lat="52.208721209317446" lon="5.864252205938101">
        <ele>60.62</ele>
      </trkpt>
      <trkpt lat="52.208722131326795" lon="5.86417886428535">
        <ele>60.75</ele>
      </trkpt>
      <trkpt lat="52.20872305333614" lon="5.864105522632599">
        <ele>60.84</ele>
      </trkpt>
      <trkpt lat="52.20872389152646" lon="5.864032097160816">
        <ele>60.87</ele>
      </trkpt>
      <trkpt lat="52.20872481353581" lon="5.863960264250636">
        <ele>60.86</ele>
      </trkpt>
      <trkpt lat="52.20872573554516" lon="5.863886838778853">
        <ele>60.82</ele>
      </trkpt>
      <trkpt lat="52.208727495744824" lon="5.863741580396891">
        <ele>60.66</ele>
      </trkpt>
      <trkpt lat="52.208729926496744" lon="5.863539995625615">
        <ele>60.26</ele>
      </trkpt>
      <trkpt lat="52.208692375570536" lon="5.863310918211937">
        <ele>59.81</ele>
      </trkpt>
      <trkpt lat="52.20868080854416" lon="5.863240007311106">
        <ele>59.68</ele>
      </trkpt>
      <trkpt lat="52.20865775831044" lon="5.8630996104329824">
        <ele>59.48</ele>
      </trkpt>
      <trkpt lat="52.20862993039191" lon="5.8629299607127905">
        <ele>59.28</ele>
      </trkpt>
      <trkpt lat="52.20861936919391" lon="5.862888973206282">
        <ele>59.23</ele>
      </trkpt>
      <trkpt lat="52.208550134673715" lon="5.86261966265738">
        <ele>58.97</ele>
      </trkpt>
      <trkpt lat="52.20853999257088" lon="5.862579932436347">
        <ele>58.93</ele>
      </trkpt>
      <trkpt lat="52.208471931517124" lon="5.862443894147873">
        <ele>58.8</ele>
      </trkpt>
      <trkpt lat="52.20840998925269" lon="5.862319925799966">
        <ele>58.73</ele>
      </trkpt>
      <trkpt lat="52.20835098065436" lon="5.862229401245713">
        <ele>58.69</ele>
      </trkpt>
      <trkpt lat="52.20825274474919" lon="5.862078610807657">
        <ele>58.67</ele>
      </trkpt>
      <trkpt lat="52.20818719826639" lon="5.8619781117886305">
        <ele>58.68</ele>
      </trkpt>
      <trkpt lat="52.20812232233584" lon="5.861878534778953">
        <ele>58.71</ele>
      </trkpt>
      <trkpt lat="52.20802408643067" lon="5.861727744340897">
        <ele>58.82</ele>
      </trkpt>
      <trkpt lat="52.20786097459495" lon="5.861477376893163">
        <ele>59.14</ele>
      </trkpt>
      <trkpt lat="52.207828871905804" lon="5.861428091302514">
        <ele>59.19</ele>
      </trkpt>
      <trkpt lat="52.2077960986644" lon="5.8613778837025166">
        <ele>59.21</ele>
      </trkpt>
      <trkpt lat="52.207763325423" lon="5.861327592283487">
        <ele>59.2</ele>
      </trkpt>
      <trkpt lat="52.207731222733855" lon="5.861278306692839">
        <ele>59.16</ele>
      </trkpt>
      <trkpt lat="52.20756744034588" lon="5.861026933416724">
        <ele>58.89</ele>
      </trkpt>
      <trkpt lat="52.207404328510165" lon="5.860776649788022">
        <ele>58.72</ele>
      </trkpt>
      <trkpt lat="52.207338865846395" lon="5.860676066949964">
        <ele>58.63</ele>
      </trkpt>
      <trkpt lat="52.207175670191646" lon="5.86042569950223">
        <ele>58.32</ele>
      </trkpt>
      <trkpt lat="52.20711087808013" lon="5.8603262063115835">
        <ele>58.23</ele>
      </trkpt>
      <trkpt lat="52.206969978287816" lon="5.860109953209758">
        <ele>58.13</ele>
      </trkpt>
      <trkpt lat="52.206908371299505" lon="5.8600387070328">
        <ele>58.1</ele>
      </trkpt>
      <trkpt lat="52.2067257296294" lon="5.859827231615782">
        <ele>57.96</ele>
      </trkpt>
      <trkpt lat="52.20658994279802" lon="5.859669987112284">
        <ele>57.93</ele>
      </trkpt>
      <trkpt lat="52.20653621479869" lon="5.85963704623282">
        <ele>57.92</ele>
      </trkpt>
      <trkpt lat="52.20645206049085" lon="5.859585413709283">
        <ele>57.86</ele>
      </trkpt>
      <trkpt lat="52.20636782236397" lon="5.859533781185746">
        <ele>57.73</ele>
      </trkpt>
      <trkpt lat="52.206279980018735" lon="5.859479969367385">
        <ele>57.55</ele>
      </trkpt>
      <trkpt lat="52.20611200667918" lon="5.859404867514968">
        <ele>57.24</ele>
      </trkpt>
      <trkpt lat="52.205981919541955" lon="5.859346613287926">
        <ele>57.02</ele>
      </trkpt>
      <trkpt lat="52.20585267059505" lon="5.859288778156042">
        <ele>56.84</ele>
      </trkpt>
      <trkpt lat="52.20572258345783" lon="5.859230607748032">
        <ele>56.71</ele>
      </trkpt>
      <trkpt lat="52.20563675276935" lon="5.859192218631506">
        <ele>56.68</ele>
      </trkpt>
      <trkpt lat="52.205550000071526" lon="5.859153410419822">
        <ele>56.68</ele>
      </trkpt>
      <trkpt lat="52.20551999285817" lon="5.859139999374747">
        <ele>56.69</ele>
      </trkpt>
      <trkpt lat="52.20531991682947" lon="5.858999937772751">
        <ele>56.81</ele>
      </trkpt>
      <trkpt lat="52.20530239865184" lon="5.8589838445186615">
        <ele>56.83</ele>
      </trkpt>
      <trkpt lat="52.20519997179508" lon="5.85888996720314">
        <ele>56.85</ele>
      </trkpt>
      <trkpt lat="52.20518656075001" lon="5.858874376863241">
        <ele>56.86</ele>
      </trkpt>
      <trkpt lat="52.205039793625474" lon="5.8587046433240175">
        <ele>56.85</ele>
      </trkpt>
      <trkpt lat="52.20482119359076" lon="5.8584516774863005">
        <ele>56.87</ele>
      </trkpt>
      <trkpt lat="52.20452849753201" lon="5.858112964779139">
        <ele>56.8</ele>
      </trkpt>
      <trkpt lat="52.20449999906123" lon="5.858079940080643">
        <ele>56.77</ele>
      </trkpt>
      <trkpt lat="52.20435993745923" lon="5.857999976724386">
        <ele>56.68</ele>
      </trkpt>
      <trkpt lat="52.20431987196207" lon="5.857989247888327">
        <ele>56.66</ele>
      </trkpt>
      <trkpt lat="52.20409892499447" lon="5.857929904013872">
        <ele>56.61</ele>
      </trkpt>
      <trkpt lat="52.20401016063988" lon="5.857906099408865">
        <ele>56.56</ele>
      </trkpt>
      <trkpt lat="52.20394997857511" lon="5.857889922335744">
        <ele>56.52</ele>
      </trkpt>
      <trkpt lat="52.20353993587196" lon="5.857709962874651">
        <ele>56.26</ele>
      </trkpt>
      <trkpt lat="52.20349324867129" lon="5.857675429433584">
        <ele>56.23</ele>
      </trkpt>
      <trkpt lat="52.20330993644893" lon="5.857539977878332">
        <ele>56.09</ele>
      </trkpt>
      <trkpt lat="52.20319996587932" lon="5.857419949024916">
        <ele>56.0</ele>
      </trkpt>
      <trkpt lat="52.20311991870403" lon="5.857289945706725">
        <ele>55.92</ele>
      </trkpt>
      <trkpt lat="52.203074153512716" lon="5.857160948216915">
        <ele>55.86</ele>
      </trkpt>
      <trkpt lat="52.20300994813442" lon="5.856979982927442">
        <ele>55.8</ele>
      </trkpt>
      <trkpt lat="52.20300701446831" lon="5.856970092281699">
        <ele>55.8</ele>
      </trkpt>
      <trkpt lat="52.20296845771372" lon="5.85683916695416">
        <ele>55.81</ele>
      </trkpt>
      <trkpt lat="52.202909952029586" lon="5.856640767306089">
        <ele>55.93</ele>
      </trkpt>
      <trkpt lat="52.202871395275" lon="5.85650984197855">
        <ele>56.08</ele>
      </trkpt>
      <trkpt lat="52.20281297340989" lon="5.856311526149511">
        <ele>56.38</ele>
      </trkpt>
      <trkpt lat="52.20275488682091" lon="5.8561144676059484">
        <ele>56.73</ele>
      </trkpt>
      <trkpt lat="52.20272999256849" lon="5.856029978021979">
        <ele>56.9</ele>
      </trkpt>
      <trkpt lat="52.20271750353277" lon="5.8559810277074575">
        <ele>57.0</ele>
      </trkpt>
      <trkpt lat="52.20268330536783" lon="5.855846917256713">
        <ele>57.35</ele>
      </trkpt>
      <trkpt lat="52.20261415466666" lon="5.855576014146209">
        <ele>58.15</ele>
      </trkpt>
      <trkpt lat="52.20257995650172" lon="5.855441819876432">
        <ele>58.48</ele>
      </trkpt>
      <trkpt lat="52.202545423060656" lon="5.85530636832118">
        <ele>58.7</ele>
      </trkpt>
      <trkpt lat="52.202511224895716" lon="5.855172257870436">
        <ele>58.84</ele>
      </trkpt>
      <trkpt lat="52.20247669145465" lon="5.855036806315184">
        <ele>58.57</ele>
      </trkpt>
      <trkpt lat="52.20244207419455" lon="5.8549012709409">
        <ele>58.23</ele>
      </trkpt>
      <trkpt lat="52.20240787602961" lon="5.854767160490155">
        <ele>57.8</ele>
      </trkpt>
      <trkpt lat="52.202349957078695" lon="5.854539927095175">
        <ele>57.02</ele>
      </trkpt>
      <trkpt lat="52.202334785833955" lon="5.854421742260456">
        <ele>56.65</ele>
      </trkpt>
      <trkpt lat="52.20231659710407" lon="5.854279585182667">
        <ele>56.24</ele>
      </trkpt>
      <trkpt lat="52.20229991711676" lon="5.854149917140603">
        <ele>55.9</ele>
      </trkpt>
      <trkpt lat="52.2022994980216" lon="5.8541356679052114">
        <ele>55.9</ele>
      </trkpt>
      <trkpt lat="52.20229505561292" lon="5.853989152237773">
        <ele>55.63</ele>
      </trkpt>
      <trkpt lat="52.202288433909416" lon="5.853770719841123">
        <ele>55.3</ele>
      </trkpt>
      <trkpt lat="52.202283991500735" lon="5.853624204173684">
        <ele>55.14</ele>
      </trkpt>
      <trkpt lat="52.20228181220591" lon="5.853550946339965">
        <ele>55.08</ele>
      </trkpt>
      <trkpt lat="52.20227736979723" lon="5.853404346853495">
        <ele>55.0</ele>
      </trkpt>
      <trkpt lat="52.20225750468671" lon="5.852747792378068">
        <ele>54.75</ele>
      </trkpt>
      <trkpt lat="52.20224996097386" lon="5.8524999395012856">
        <ele>54.72</ele>
      </trkpt>
      <trkpt lat="52.20223939977586" lon="5.852382509037852">
        <ele>54.72</ele>
      </trkpt>
      <trkpt lat="52.20220034010708" lon="5.851948410272598">
        <ele>54.61</ele>
      </trkpt>
      <trkpt lat="52.202180810272694" lon="5.851732073351741">
        <ele>54.58</ele>
      </trkpt>
      <trkpt lat="52.2021599393338" lon="5.851499978452921">
        <ele>54.59</ele>
      </trkpt>
      <trkpt lat="52.20215926878154" lon="5.851441053673625">
        <ele>54.6</ele>
      </trkpt>
      <trkpt lat="52.202152479439974" lon="5.850855745375156">
        <ele>54.73</ele>
      </trkpt>
      <trkpt lat="52.20213999040425" lon="5.849779928103089">
        <ele>54.7</ele>
      </trkpt>
      <trkpt lat="52.20213605090976" lon="5.849759224802256">
        <ele>54.7</ele>
      </trkpt>
      <trkpt lat="52.202109983190894" lon="5.849620420485735">
        <ele>54.72</ele>
      </trkpt>
      <trkpt lat="52.202083580195904" lon="5.849480107426643">
        <ele>54.78</ele>
      </trkpt>
      <trkpt lat="52.202070420607924" lon="5.849409950897098">
        <ele>54.83</ele>
      </trkpt>
      <trkpt lat="52.202044017612934" lon="5.849269637838006">
        <ele>54.97</ele>
      </trkpt>
      <trkpt lat="52.20201786607504" lon="5.849130833521485">
        <ele>55.21</ele>
      </trkpt>
      <trkpt lat="52.20200470648706" lon="5.8490606769919395">
        <ele>55.36</ele>
      </trkpt>
      <trkpt lat="52.20195198431611" lon="5.848780050873756">
        <ele>56.07</ele>
      </trkpt>
      <trkpt lat="52.201938992366195" lon="5.84871131926775">
        <ele>56.22</ele>
      </trkpt>
      <trkpt lat="52.201925832778215" lon="5.848641246557236">
        <ele>56.33</ele>
      </trkpt>
      <trkpt lat="52.201919965445995" lon="5.848609982058406">
        <ele>56.35</ele>
      </trkpt>
      <trkpt lat="52.20191711559892" lon="5.848569497466087">
        <ele>56.38</ele>
      </trkpt>
      <trkpt lat="52.201912086457014" lon="5.848496658727527">
        <ele>56.37</ele>
      </trkpt>
      <trkpt lat="52.20190697349608" lon="5.848423736169934">
        <ele>56.3</ele>
      </trkpt>
      <trkpt lat="52.201901860535145" lon="5.848350813612342">
        <ele>56.18</ele>
      </trkpt>
      <trkpt lat="52.2018816601485" lon="5.848060715943575">
        <ele>55.54</ele>
      </trkpt>
      <trkpt lat="52.20187143422663" lon="5.847914954647422">
        <ele>55.28</ele>
      </trkpt>
      <trkpt lat="52.201861292123795" lon="5.847769109532237">
        <ele>55.1</ele>
      </trkpt>
      <trkpt lat="52.20185995101929" lon="5.847749998793006">
        <ele>55.08</ele>
      </trkpt>
      <trkpt lat="52.20185953192413" lon="5.847697360441089">
        <ele>55.05</ele>
      </trkpt>
      <trkpt lat="52.20185894519091" lon="5.847624018788338">
        <ele>55.03</ele>
      </trkpt>
      <trkpt lat="52.20185777172446" lon="5.847477251663804">
        <ele>55.05</ele>
      </trkpt>
      <trkpt lat="52.20185659825802" lon="5.847330568358302">
        <ele>55.15</ele>
      </trkpt>
      <trkpt lat="52.201855424791574" lon="5.847185309976339">
        <ele>55.31</ele>
      </trkpt>
      <trkpt lat="52.201853077858686" lon="5.846891859546304">
        <ele>55.7</ele>
      </trkpt>
      <trkpt lat="52.20185182057321" lon="5.84674509242177">
        <ele>55.82</ele>
      </trkpt>
      <trkpt lat="52.20185123383999" lon="5.846673175692558">
        <ele>55.85</ele>
      </trkpt>
      <trkpt lat="52.201850060373545" lon="5.846526492387056">
        <ele>55.87</ele>
      </trkpt>
      <trkpt lat="52.20184997655451" lon="5.846509980037808">
        <ele>55.86</ele>
      </trkpt>
      <trkpt lat="52.201844193041325" lon="5.846453905105591">
        <ele>55.85</ele>
      </trkpt>
      <trkpt lat="52.20182198099792" lon="5.846236813813448">
        <ele>55.69</ele>
      </trkpt>
      <trkpt lat="52.201777724549174" lon="5.845804056152701">
        <ele>55.15</ele>
      </trkpt>
      <trkpt lat="52.201763140037656" lon="5.845660725608468">
        <ele>54.94</ele>
      </trkpt>
      <trkpt lat="52.20174092799425" lon="5.845443634316325">
        <ele>54.56</ele>
      </trkpt>
      <trkpt lat="52.20170421525836" lon="5.84508472122252">
        <ele>53.83</ele>
      </trkpt>
      <trkpt lat="52.20168921165168" lon="5.844938540831208">
        <ele>53.57</ele>
      </trkpt>
      <trkpt lat="52.20166993327439" lon="5.844749948009849">
        <ele>53.33</ele>
      </trkpt>
      <trkpt lat="52.20167278312147" lon="5.844721365720034">
        <ele>53.3</ele>
      </trkpt>
      <trkpt lat="52.20168711617589" lon="5.8445780351758">
        <ele>53.2</ele>
      </trkpt>
      <trkpt lat="52.20170161686838" lon="5.844433195888996">
        <ele>53.13</ele>
      </trkpt>
      <trkpt lat="52.20172332599759" lon="5.8442160207778215">
        <ele>53.06</ele>
      </trkpt>
      <trkpt lat="52.201737659052014" lon="5.8440726064145565">
        <ele>53.02</ele>
      </trkpt>
      <trkpt lat="52.20173992216587" lon="5.844049975275993">
        <ele>53.01</ele>
      </trkpt>
      <trkpt lat="52.20172776840627" lon="5.843927767127752">
        <ele>53.0</ele>
      </trkpt>
      <trkpt lat="52.20167722553015" lon="5.8434223383665085">
        <ele>53.1</ele>
      </trkpt>
      <trkpt lat="52.201659958809614" lon="5.84324992261827">
        <ele>53.15</ele>
      </trkpt>
      <trkpt lat="52.20162374898791" lon="5.843148585408926">
        <ele>53.2</ele>
      </trkpt>
      <trkpt lat="52.201579408720136" lon="5.843024365603924">
        <ele>53.19</ele>
      </trkpt>
      <trkpt lat="52.20155996270478" lon="5.8429699670523405">
        <ele>53.19</ele>
      </trkpt>
      <trkpt lat="52.20148251391947" lon="5.8427841402590275">
        <ele>53.22</ele>
      </trkpt>
      <trkpt lat="52.20143297687173" lon="5.842665284872055">
        <ele>53.2</ele>
      </trkpt>
      <trkpt lat="52.20140992663801" lon="5.842609964311123">
        <ele>53.17</ele>
      </trkpt>
      <trkpt lat="52.20136994495988" lon="5.842379964888096">
        <ele>53.09</ele>
      </trkpt>
      <trkpt lat="52.20136516727507" lon="5.842326991260052">
        <ele>53.08</ele>
      </trkpt>
      <trkpt lat="52.201319904997945" lon="5.841829106211662">
        <ele>52.79</ele>
      </trkpt>
      <trkpt lat="52.201294004917145" lon="5.84154462441802">
        <ele>52.67</ele>
      </trkpt>
      <trkpt lat="52.20127992331982" lon="5.841389978304505">
        <ele>52.64</ele>
      </trkpt>
      <trkpt lat="52.20127766020596" lon="5.841330718249083">
        <ele>52.63</ele>
      </trkpt>
      <trkpt lat="52.20126994885504" lon="5.841129971668124">
        <ele>52.62</ele>
      </trkpt>
      <trkpt lat="52.20128629356623" lon="5.840901313349605">
        <ele>52.62</ele>
      </trkpt>
      <trkpt lat="52.2012999560684" lon="5.840709954500198">
        <ele>52.59</ele>
      </trkpt>
      <trkpt lat="52.201297944411635" lon="5.840687155723572">
        <ele>52.59</ele>
      </trkpt>
      <trkpt lat="52.201278833672404" lon="5.840473668649793">
        <ele>52.47</ele>
      </trkpt>
      <trkpt lat="52.201253436505795" lon="5.840189103037119">
        <ele>52.18</ele>
      </trkpt>
      <trkpt lat="52.201227620244026" lon="5.839900095015764">
        <ele>51.61</ele>
      </trkpt>
      <trkpt lat="52.20120834186673" lon="5.839683758094907">
        <ele>51.22</ele>
      </trkpt>
      <trkpt lat="52.201195349916816" lon="5.839538583531976">
        <ele>51.02</ele>
      </trkpt>
      <trkpt lat="52.20117607153952" lon="5.839322246611118">
        <ele>50.77</ele>
      </trkpt>
      <trkpt lat="52.20116324722767" lon="5.839178496971726">
        <ele>50.65</ele>
      </trkpt>
      <trkpt lat="52.20114388503134" lon="5.838962160050869">
        <ele>50.51</ele>
      </trkpt>
      <trkpt lat="52.20108596608043" lon="5.838313065469265">
        <ele>50.25</ele>
      </trkpt>
      <trkpt lat="52.201073141768575" lon="5.838169315829873">
        <ele>50.22</ele>
      </trkpt>
      <trkpt lat="52.20105369575322" lon="5.8379515539854765">
        <ele>50.27</ele>
      </trkpt>
      <trkpt lat="52.20104992389679" lon="5.837909979745746">
        <ele>50.29</ele>
      </trkpt>
      <trkpt lat="52.20097633078694" lon="5.837533380836248">
        <ele>50.5</ele>
      </trkpt>
      <trkpt lat="52.20090860500932" lon="5.8371867053210735">
        <ele>50.74</ele>
      </trkpt>
      <trkpt lat="52.20082713291049" lon="5.836770124733448">
        <ele>50.95</ele>
      </trkpt>
      <trkpt lat="52.20080961473286" lon="5.836680606007576">
        <ele>50.92</ele>
      </trkpt>
      <trkpt lat="52.20078991726041" lon="5.836579939350486">
        <ele>51.05</ele>
      </trkpt>
      <trkpt lat="52.20083995722234" lon="5.8365599904209375">
        <ele>51.15</ele>
      </trkpt>
      <trkpt lat="52.20078648068011" lon="5.836005192250013">
        <ele>51.46</ele>
      </trkpt>
      <trkpt lat="52.20077835023403" lon="5.835921121761203">
        <ele>51.48</ele>
      </trkpt>
      <trkpt lat="52.200759993866086" lon="5.83572993054986">
        <ele>51.56</ele>
      </trkpt>
      <trkpt lat="52.20075337216258" lon="5.8356349635869265">
        <ele>51.6</ele>
      </trkpt>
      <trkpt lat="52.2007383685559" lon="5.835419213399291">
        <ele>51.73</ele>
      </trkpt>
      <trkpt lat="52.200723364949226" lon="5.835203463211656">
        <ele>51.9</ele>
      </trkpt>
      <trkpt lat="52.20070995390415" lon="5.835009925067425">
        <ele>52.08</ele>
      </trkpt>
      <trkpt lat="52.20070643350482" lon="5.834915796294808">
        <ele>52.17</ele>
      </trkpt>
      <trkpt lat="52.20070098526776" lon="5.834772298112512">
        <ele>52.32</ele>
      </trkpt>
      <trkpt lat="52.20068723894656" lon="5.834410535171628">
        <ele>52.8</ele>
      </trkpt>
      <trkpt lat="52.20067366026342" lon="5.834050280973315">
        <ele>53.21</ele>
      </trkpt>
      <trkpt lat="52.2006572317332" lon="5.833616768941283">
        <ele>53.64</ele>
      </trkpt>
      <trkpt lat="52.20062714070082" lon="5.8328230027109385">
        <ele>54.55</ele>
      </trkpt>
      <trkpt lat="52.20061079598963" lon="5.832389490678906">
        <ele>54.95</ele>
      </trkpt>
      <trkpt lat="52.20059704966843" lon="5.832027727738023">
        <ele>55.34</ele>
      </trkpt>
      <trkpt lat="52.200589925050735" lon="5.83183997310698">
        <ele>55.29</ele>
      </trkpt>
      <trkpt lat="52.200587410479784" lon="5.831815665587783">
        <ele>55.29</ele>
      </trkpt>
      <trkpt lat="52.20057215541601" lon="5.831672586500645">
        <ele>55.22</ele>
      </trkpt>
      <trkpt lat="52.20054960809648" lon="5.831461530178785">
        <ele>55.05</ele>
      </trkpt>
      <trkpt lat="52.20053435303271" lon="5.831318367272615">
        <ele>54.86</ele>
      </trkpt>
      <trkpt lat="52.200519265607" lon="5.831176713109016">
        <ele>54.62</ele>
      </trkpt>
      <trkpt lat="52.20047400332987" lon="5.830751666799188">
        <ele>53.69</ele>
      </trkpt>
      <trkpt lat="52.200459921732545" lon="5.830619987100363">
        <ele>53.42</ele>
      </trkpt>
      <trkpt lat="52.20044458284974" lon="5.830469615757465">
        <ele>53.12</ele>
      </trkpt>
      <trkpt lat="52.20040828920901" lon="5.830115061253309">
        <ele>52.49</ele>
      </trkpt>
      <trkpt lat="52.20038683153689" lon="5.829905178397894">
        <ele>52.19</ele>
      </trkpt>
      <trkpt lat="52.20037216320634" lon="5.829761847853661">
        <ele>52.04</ele>
      </trkpt>
      <trkpt lat="52.20035028643906" lon="5.829547690227628">
        <ele>51.9</ele>
      </trkpt>
      <trkpt lat="52.200299659743905" lon="5.829052738845348">
        <ele>51.76</ele>
      </trkpt>
      <trkpt lat="52.200284991413355" lon="5.828909408301115">
        <ele>51.89</ele>
      </trkpt>
      <trkpt lat="52.20027996227145" lon="5.828859955072403">
        <ele>51.91</ele>
      </trkpt>
      <trkpt lat="52.20027258619666" lon="5.828765574842691">
        <ele>51.97</ele>
      </trkpt>
      <trkpt lat="52.20026127062738" lon="5.828621489927173">
        <ele>52.02</ele>
      </trkpt>
      <trkpt lat="52.200249871239066" lon="5.828475980088115">
        <ele>52.04</ele>
      </trkpt>
      <trkpt lat="52.200238639488816" lon="5.828331895172596">
        <ele>52.02</ele>
      </trkpt>
      <trkpt lat="52.2002274915576" lon="5.828189235180616">
        <ele>51.97</ele>
      </trkpt>
      <trkpt lat="52.20020469278097" lon="5.827898131683469">
        <ele>51.79</ele>
      </trkpt>
      <trkpt lat="52.20019354484975" lon="5.827755471691489">
        <ele>51.85</ele>
      </trkpt>
      <trkpt lat="52.20018994063139" lon="5.827709957957268">
        <ele>51.85</ele>
      </trkpt>
      <trkpt lat="52.20018667168915" lon="5.827610716223717">
        <ele>51.88</ele>
      </trkpt>
      <trkpt lat="52.20016999170184" lon="5.827099923044443">
        <ele>51.91</ele>
      </trkpt>
      <trkpt lat="52.20017678104341" lon="5.826960448175669">
        <ele>51.91</ele>
      </trkpt>
      <trkpt lat="52.200198071077466" lon="5.826527522876859">
        <ele>51.85</ele>
      </trkpt>
      <trkpt lat="52.200199998915195" lon="5.82648997195065">
        <ele>51.85</ele>
      </trkpt>
      <trkpt lat="52.2002169303596" lon="5.826238598674536">
        <ele>51.87</ele>
      </trkpt>
      <trkpt lat="52.20026076771319" lon="5.825591096654534">
        <ele>52.03</ele>
      </trkpt>
      <trkpt lat="52.2002705745399" lon="5.825446676462889">
        <ele>52.1</ele>
      </trkpt>
      <trkpt lat="52.200294798240066" lon="5.825087931007147">
        <ele>52.31</ele>
      </trkpt>
      <trkpt lat="52.200319189578295" lon="5.824727676808834">
        <ele>52.46</ele>
      </trkpt>
      <trkpt lat="52.20034835860133" lon="5.824295924976468">
        <ele>52.55</ele>
      </trkpt>
      <trkpt lat="52.20036788843572" lon="5.824007168412209">
        <ele>52.59</ele>
      </trkpt>
      <trkpt lat="52.2003776114434" lon="5.823864256963134">
        <ele>52.59</ele>
      </trkpt>
      <trkpt lat="52.20038733445108" lon="5.823719836771488">
        <ele>52.54</ele>
      </trkpt>
      <trkpt lat="52.2004019189626" lon="5.823504002764821">
        <ele>52.41</ele>
      </trkpt>
      <trkpt lat="52.20041658729315" lon="5.823288168758154">
        <ele>52.23</ele>
      </trkpt>
      <trkpt lat="52.20042999833822" lon="5.823089936748147">
        <ele>52.2</ele>
      </trkpt>
      <trkpt lat="52.20042463392019" lon="5.822861110791564">
        <ele>52.18</ele>
      </trkpt>
      <trkpt lat="52.20041994005442" lon="5.822659945115447">
        <ele>51.94</ele>
      </trkpt>
      <trkpt lat="52.20041859894991" lon="5.822642762213945">
        <ele>51.93</ele>
      </trkpt>
      <trkpt lat="52.20037727616727" lon="5.822133645415306">
        <ele>51.51</ele>
      </trkpt>
      <trkpt lat="52.2003654576838" lon="5.821988135576248">
        <ele>51.35</ele>
      </trkpt>
      <trkpt lat="52.20034777186811" lon="5.821769954636693">
        <ele>51.07</ele>
      </trkpt>
      <trkpt lat="52.2003361210227" lon="5.821625953540206">
        <ele>50.94</ele>
      </trkpt>
      <trkpt lat="52.20031256787479" lon="5.821335017681122">
        <ele>50.74</ele>
      </trkpt>
      <trkpt lat="52.200288930907845" lon="5.821044081822038">
        <ele>50.63</ele>
      </trkpt>
      <trkpt lat="52.20027124509215" lon="5.8208259008824825">
        <ele>50.51</ele>
      </trkpt>
      <trkpt lat="52.20020653679967" lon="5.820027273148298">
        <ele>49.99</ele>
      </trkpt>
      <trkpt lat="52.200182899832726" lon="5.819736337289214">
        <ele>49.77</ele>
      </trkpt>
      <trkpt lat="52.20014995895326" lon="5.819329982623458">
        <ele>49.4</ele>
      </trkpt>
      <trkpt lat="52.200120789930224" lon="5.81886344589293">
        <ele>48.98</ele>
      </trkpt>
      <trkpt lat="52.2000979911536" lon="5.818498497828841">
        <ele>48.56</ele>
      </trkpt>
      <trkpt lat="52.200075276196" lon="5.8181349746882915">
        <ele>48.26</ele>
      </trkpt>
      <trkpt lat="52.20004334114492" lon="5.817624097689986">
        <ele>47.74</ele>
      </trkpt>
      <trkpt lat="52.20002967864275" lon="5.817405162379146">
        <ele>47.56</ele>
      </trkpt>
      <trkpt lat="52.20002054236829" lon="5.817259149625897">
        <ele>47.47</ele>
      </trkpt>
      <trkpt lat="52.1999978274107" lon="5.8168957103043795">
        <ele>47.3</ele>
      </trkpt>
      <trkpt lat="52.19997041858733" lon="5.8164577558636665">
        <ele>47.06</ele>
      </trkpt>
      <trkpt lat="52.19996128231287" lon="5.81631182692945">
        <ele>46.94</ele>
      </trkpt>
      <trkpt lat="52.19994309358299" lon="5.816019801422954">
        <ele>46.66</ele>
      </trkpt>
      <trkpt lat="52.19993404112756" lon="5.815875297412276">
        <ele>46.54</ele>
      </trkpt>
      <trkpt lat="52.199919959530234" lon="5.815649991855025">
        <ele>46.42</ele>
      </trkpt>
      <trkpt lat="52.19984259456396" lon="5.815392164513469">
        <ele>46.29</ele>
      </trkpt>
      <trkpt lat="52.19979993067682" lon="5.815249923616648">
        <ele>46.25</ele>
      </trkpt>
      <trkpt lat="52.19975718297064" lon="5.814828565344214">
        <ele>46.17</ele>
      </trkpt>
      <trkpt lat="52.199729941785336" lon="5.814559925347567">
        <ele>46.09</ele>
      </trkpt>
      <trkpt lat="52.19968082383275" lon="5.8144124038517475">
        <ele>46.05</ele>
      </trkpt>
      <trkpt lat="52.19963782466948" lon="5.814283574000001">
        <ele>46.08</ele>
      </trkpt>
      <trkpt lat="52.19960999675095" lon="5.814199922606349">
        <ele>46.12</ele>
      </trkpt>
      <trkpt lat="52.19959398731589" lon="5.814077714458108">
        <ele>46.19</ele>
      </trkpt>
      <trkpt lat="52.1995799895376" lon="5.813969923183322">
        <ele>46.11</ele>
      </trkpt>
      <trkpt lat="52.19964997842908" lon="5.813529957085848">
        <ele>45.81</ele>
      </trkpt>
      <trkpt lat="52.19964997842908" lon="5.813529789447784">
        <ele>45.81</ele>
      </trkpt>
      <trkpt lat="52.199642937630415" lon="5.813389476388693">
        <ele>45.86</ele>
      </trkpt>
      <trkpt lat="52.19963992014527" lon="5.813329964876175">
        <ele>45.89</ele>
      </trkpt>
      <trkpt lat="52.19959524460137" lon="5.813365587964654">
        <ele>45.94</ele>
      </trkpt>
      <trkpt lat="52.19928486272693" lon="5.813612686470151">
        <ele>46.34</ele>
      </trkpt>
      <trkpt lat="52.19926147721708" lon="5.8136313781142235">
        <ele>46.42</ele>
      </trkpt>
      <trkpt lat="52.19915393739939" lon="5.813716957345605">
        <ele>46.59</ele>
      </trkpt>
      <trkpt lat="52.19909995794296" lon="5.813759956508875">
        <ele>46.69</ele>
      </trkpt>
      <trkpt lat="52.1989597287029" lon="5.813788790255785">
        <ele>46.93</ele>
      </trkpt>
      <trkpt lat="52.198887476697564" lon="5.81380371004343">
        <ele>47.08</ele>
      </trkpt>
      <trkpt lat="52.198759987950325" lon="5.813829945400357">
        <ele>47.19</ele>
      </trkpt>
      <trkpt lat="52.19863761216402" lon="5.813837153837085">
        <ele>47.3</ele>
      </trkpt>
      <trkpt lat="52.198589919134974" lon="5.813839919865131">
        <ele>47.35</ele>
      </trkpt>
      <trkpt lat="52.198508279398084" lon="5.813799099996686">
        <ele>47.44</ele>
      </trkpt>
      <trkpt lat="52.19842999242246" lon="5.813759956508875">
        <ele>47.54</ele>
      </trkpt>
      <trkpt lat="52.198309963569045" lon="5.813659960404038">
        <ele>47.71</ele>
      </trkpt>
      <trkpt lat="52.19819286838174" lon="5.813539093360305">
        <ele>47.89</ele>
      </trkpt>
      <trkpt lat="52.19796714372933" lon="5.813306076452136">
        <ele>48.33</ele>
      </trkpt>
      <trkpt lat="52.197892712429166" lon="5.813229214400053">
        <ele>48.45</ele>
      </trkpt>
      <trkpt lat="52.19774225726724" lon="5.813073813915253">
        <ele>48.66</ele>
      </trkpt>
      <trkpt lat="52.197666987776756" lon="5.812996197491884">
        <ele>48.79</ele>
      </trkpt>
      <trkpt lat="52.1972915623337" lon="5.812608618289232">
        <ele>49.53</ele>
      </trkpt>
      <trkpt lat="52.19710389152169" lon="5.812414828687906">
        <ele>50.0</ele>
      </trkpt>
      <trkpt lat="52.197023341432214" lon="5.812331680208445">
        <ele>50.07</ele>
      </trkpt>
      <trkpt lat="52.196837179362774" lon="5.8121393993496895">
        <ele>50.29</ele>
      </trkpt>
      <trkpt lat="52.1967254485935" lon="5.812024148181081">
        <ele>50.47</ele>
      </trkpt>
      <trkpt lat="52.196539202705026" lon="5.811831867322326">
        <ele>50.87</ele>
      </trkpt>
      <trkpt lat="52.19646477140486" lon="5.811755005270243">
        <ele>51.05</ele>
      </trkpt>
      <trkpt lat="52.196353040635586" lon="5.811639670282602">
        <ele>51.36</ele>
      </trkpt>
      <trkpt lat="52.196315824985504" lon="5.811601197347045">
        <ele>51.45</ele>
      </trkpt>
      <trkpt lat="52.19627860933542" lon="5.811562808230519">
        <ele>51.51</ele>
      </trkpt>
      <trkpt lat="52.19620409421623" lon="5.811485862359405">
        <ele>51.56</ele>
      </trkpt>
      <trkpt lat="52.19590620137751" lon="5.811178330332041">
        <ele>51.6</ele>
      </trkpt>
      <trkpt lat="52.195839984342456" lon="5.811109934002161">
        <ele>51.65</ele>
      </trkpt>
      <trkpt lat="52.19583235681057" lon="5.811099959537387">
        <ele>51.66</ele>
      </trkpt>
      <trkpt lat="52.19567997381091" lon="5.810899967327714">
        <ele>51.83</ele>
      </trkpt>
      <trkpt lat="52.195655750110745" lon="5.810891920700669">
        <ele>51.86</ele>
      </trkpt>
      <trkpt lat="52.19552993774414" lon="5.81084992736578">
        <ele>51.76</ele>
      </trkpt>
      <trkpt lat="52.19552951864898" lon="5.810845233500004">
        <ele>51.76</ele>
      </trkpt>
      <trkpt lat="52.19550998881459" lon="5.810639960691333">
        <ele>51.55</ele>
      </trkpt>
      <trkpt lat="52.19546774402261" lon="5.8104180078953505">
        <ele>51.33</ele>
      </trkpt>
      <trkpt lat="52.195428097620606" lon="5.810209214687347">
        <ele>51.16</ele>
      </trkpt>
      <trkpt lat="52.19538819976151" lon="5.809998996555805">
        <ele>51.03</ele>
      </trkpt>
      <trkpt lat="52.19532189890742" lon="5.809650057926774">
        <ele>50.9</ele>
      </trkpt>
      <trkpt lat="52.19525534659624" lon="5.809299694374204">
        <ele>50.71</ele>
      </trkpt>
      <trkpt lat="52.19516239129007" lon="5.808810610324144">
        <ele>50.54</ele>
      </trkpt>
      <trkpt lat="52.19508276320994" lon="5.808391598984599">
        <ele>50.32</ele>
      </trkpt>
      <trkpt lat="52.19501621089876" lon="5.808041235432029">
        <ele>50.21</ele>
      </trkpt>
      <trkpt lat="52.19494991004467" lon="5.807692296802998">
        <ele>50.13</ele>
      </trkpt>
      <trkpt lat="52.194939935579896" lon="5.807639993727207">
        <ele>50.11</ele>
      </trkpt>
      <trkpt lat="52.19484572298825" lon="5.807370264083147">
        <ele>50.0</ele>
      </trkpt>
      <trkpt lat="52.1947343274951" lon="5.807051584124565">
        <ele>49.95</ele>
      </trkpt>
      <trkpt lat="52.1946011390537" lon="5.806670542806387">
        <ele>49.75</ele>
      </trkpt>
      <trkpt lat="52.19457993283868" lon="5.806609941646457">
        <ele>49.73</ele>
      </trkpt>
      <trkpt lat="52.194531820714474" lon="5.8064004778862">
        <ele>49.69</ele>
      </trkpt>
      <trkpt lat="52.19446904025972" lon="5.806127060204744">
        <ele>49.59</ele>
      </trkpt>
      <trkpt lat="52.194437524303794" lon="5.805989680811763">
        <ele>49.52</ele>
      </trkpt>
      <trkpt lat="52.194358902052045" lon="5.805647615343332">
        <ele>49.18</ele>
      </trkpt>
      <trkpt lat="52.19431162811816" lon="5.805441504344344">
        <ele>49.04</ele>
      </trkpt>
      <trkpt lat="52.19420148991048" lon="5.804962059482932">
        <ele>48.84</ele>
      </trkpt>
      <trkpt lat="52.194122951477766" lon="5.804619994014502">
        <ele>48.68</ele>
      </trkpt>
      <trkpt lat="52.19404407776892" lon="5.804276503622532">
        <ele>48.6</ele>
      </trkpt>
      <trkpt lat="52.194012477993965" lon="5.80413912422955">
        <ele>48.54</ele>
      </trkpt>
      <trkpt lat="52.193918181583285" lon="5.803728327155113">
        <ele>48.25</ele>
      </trkpt>
      <trkpt lat="52.193870823830366" lon="5.803522216156125">
        <ele>48.06</ele>
      </trkpt>
      <trkpt lat="52.193839559331536" lon="5.803386261686683">
        <ele>47.9</ele>
      </trkpt>
      <trkpt lat="52.19376068562269" lon="5.803042771294713">
        <ele>47.42</ele>
      </trkpt>
      <trkpt lat="52.19372916966677" lon="5.8029053919017315">
        <ele>47.25</ele>
      </trkpt>
      <trkpt lat="52.193682147189975" lon="5.8027007058262825">
        <ele>47.02</ele>
      </trkpt>
      <trkpt lat="52.193634789437056" lon="5.802494594827294">
        <ele>46.84</ele>
      </trkpt>
      <trkpt lat="52.19361995346844" lon="5.802429970353842">
        <ele>46.79</ele>
      </trkpt>
      <trkpt lat="52.193568823859096" lon="5.802305834367871">
        <ele>46.71</ele>
      </trkpt>
      <trkpt lat="52.19354996457696" lon="5.802259985357523">
        <ele>46.69</ele>
      </trkpt>
      <trkpt lat="52.19350319355726" lon="5.80220952630043">
        <ele>46.67</ele>
      </trkpt>
      <trkpt lat="52.19327889382839" lon="5.801967540755868">
        <ele>46.67</ele>
      </trkpt>
      <trkpt lat="52.19316992908716" lon="5.801849942654371">
        <ele>46.52</ele>
      </trkpt>
      <trkpt lat="52.19315609894693" lon="5.8018274791538715">
        <ele>46.38</ele>
      </trkpt>
      <trkpt lat="52.19313237816095" lon="5.801789341494441">
        <ele>46.28</ele>
      </trkpt>
      <trkpt lat="52.19303992576897" lon="5.801639975979924">
        <ele>46.08</ele>
      </trkpt>
      <trkpt lat="52.1930281072855" lon="5.80160653218627">
        <ele>46.05</ele>
      </trkpt>
      <trkpt lat="52.19289475120604" lon="5.801230687648058">
        <ele>45.36</ele>
      </trkpt>
      <trkpt lat="52.192827612161636" lon="5.801041508093476">
        <ele>45.05</ele>
      </trkpt>
      <trkpt lat="52.192783020436764" lon="5.800915863364935">
        <ele>44.89</ele>
      </trkpt>
      <trkpt lat="52.19260507263243" lon="5.80041429027915">
        <ele>44.33</ele>
      </trkpt>
      <trkpt lat="52.1925999596715" lon="5.800399957224727">
        <ele>44.31</ele>
      </trkpt>
      <trkpt lat="52.19250038266182" lon="5.800093011930585">
        <ele>44.0</ele>
      </trkpt>
      <trkpt lat="52.19247993081808" lon="5.800029980018735">
        <ele>43.95</ele>
      </trkpt>
      <trkpt lat="52.192447409033775" lon="5.799818839877844">
        <ele>43.8</ele>
      </trkpt>
      <trkpt lat="52.192403906956315" lon="5.79953720793128">
        <ele>43.64</ele>
      </trkpt>
      <trkpt lat="52.1923821978271" lon="5.799396308138967">
        <ele>43.58</ele>
      </trkpt>
      <trkpt lat="52.1923494245857" lon="5.799184329807758">
        <ele>43.52</ele>
      </trkpt>
      <trkpt lat="52.192262755706906" lon="5.798622407019138">
        <ele>43.46</ele>
      </trkpt>
      <trkpt lat="52.192229982465506" lon="5.79840992577374">
        <ele>43.11</ele>
      </trkpt>
      <trkpt lat="52.19214851036668" lon="5.798444878309965">
        <ele>42.9</ele>
      </trkpt>
      <trkpt lat="52.19206410460174" lon="5.7984810043126345">
        <ele>42.71</ele>
      </trkpt>
      <trkpt lat="52.191979782655835" lon="5.7985172141343355">
        <ele>42.59</ele>
      </trkpt>
      <trkpt lat="52.19193711876869" lon="5.7985354866832495">
        <ele>42.55</ele>
      </trkpt>
      <trkpt lat="52.191852796822786" lon="5.798571612685919">
        <ele>42.52</ele>
      </trkpt>
      <trkpt lat="52.1917399764061" lon="5.798619976267219">
        <ele>42.52</ele>
      </trkpt>
      <trkpt lat="52.19172631390393" lon="5.798616707324982">
        <ele>42.53</ele>
      </trkpt>
      <trkpt lat="52.19159639440477" lon="5.798585945740342">
        <ele>42.63</ele>
      </trkpt>
      <trkpt lat="52.191293807700276" lon="5.7985142804682255">
        <ele>42.93</ele>
      </trkpt>
      <trkpt lat="52.1909920591861" lon="5.798442866653204">
        <ele>43.29</ele>
      </trkpt>
      <trkpt lat="52.190979989245534" lon="5.798439932987094">
        <ele>43.27</ele>
      </trkpt>
      <trkpt lat="52.19091150909662" lon="5.798380086198449">
        <ele>43.19</ele>
      </trkpt>
      <trkpt lat="52.19087270088494" lon="5.798346055671573">
        <ele>43.16</ele>
      </trkpt>
      <trkpt lat="52.19081997871399" lon="5.798299955204129">
        <ele>43.13</ele>
      </trkpt>
      <trkpt lat="52.19065636396408" lon="5.797984879463911">
        <ele>43.03</ele>
      </trkpt>
      <trkpt lat="52.19059878028929" lon="5.797874070703983">
        <ele>42.97</ele>
      </trkpt>
      <trkpt lat="52.190549997612834" lon="5.797779941931367">
        <ele>42.88</ele>
      </trkpt>
      <trkpt lat="52.190541699528694" lon="5.797760747373104">
        <ele>42.87</ele>
      </trkpt>
      <trkpt lat="52.19041395932436" lon="5.797462603077292">
        <ele>42.56</ele>
      </trkpt>
      <trkpt lat="52.190362913534045" lon="5.797343580052257">
        <ele>42.46</ele>
      </trkpt>
      <trkpt lat="52.190309939906" lon="5.797219946980476">
        <ele>42.4</ele>
      </trkpt>
      <trkpt lat="52.19029317609966" lon="5.797157920897007">
        <ele>42.4</ele>
      </trkpt>
      <trkpt lat="52.190256882458925" lon="5.797023726627231">
        <ele>42.44</ele>
      </trkpt>
      <trkpt lat="52.190209943801165" lon="5.796849969774485">
        <ele>42.52</ele>
      </trkpt>
      <trkpt lat="52.190183624625206" lon="5.796681409701705">
        <ele>42.61</ele>
      </trkpt>
      <trkpt lat="52.19015998765826" lon="5.796529948711395">
        <ele>42.62</ele>
      </trkpt>
      <trkpt lat="52.190148839727044" lon="5.7963955868035555">
        <ele>42.64</ele>
      </trkpt>
      <trkpt lat="52.19013098627329" lon="5.796178914606571">
        <ele>42.7</ele>
      </trkpt>
      <trkpt lat="52.190101146698" lon="5.795818408951163">
        <ele>42.88</ele>
      </trkpt>
      <trkpt lat="52.19008916057646" lon="5.795672982931137">
        <ele>43.0</ele>
      </trkpt>
      <trkpt lat="52.19007725827396" lon="5.795529065653682">
        <ele>43.19</ele>
      </trkpt>
      <trkpt lat="52.19004741869867" lon="5.795168559998274">
        <ele>43.8</ele>
      </trkpt>
      <trkpt lat="52.19003543257713" lon="5.795023133978248">
        <ele>44.01</ele>
      </trkpt>
      <trkpt lat="52.19002353027463" lon="5.794879216700792">
        <ele>44.18</ele>
      </trkpt>
      <trkpt lat="52.190011627972126" lon="5.794735299423337">
        <ele>44.3</ele>
      </trkpt>
      <trkpt lat="52.19000559300184" lon="5.79466262832284">
        <ele>44.33</ele>
      </trkpt>
      <trkpt lat="52.18999964185059" lon="5.794589873403311">
        <ele>44.33</ele>
      </trkpt>
      <trkpt lat="52.18998773954809" lon="5.7944459561258554">
        <ele>44.25</ele>
      </trkpt>
      <trkpt lat="52.1899766754359" lon="5.794312264770269">
        <ele>44.1</ele>
      </trkpt>
      <trkpt lat="52.18995999544859" lon="5.794109925627708">
        <ele>44.1</ele>
      </trkpt>
    </trkseg>
  </trk>
</gpx>
