<?xml version="1.0" encoding="UTF-8"?>
<gpx creator="Garmin Connect" version="1.1"
  xsi:schemaLocation="http://www.topografix.com/GPX/1/1 http://www.topografix.com/GPX/11.xsd"
  xmlns:ns3="http://www.garmin.com/xmlschemas/TrackPointExtension/v1"
  xmlns="http://www.topografix.com/GPX/1/1"
  xmlns:xsi="http://www.w3.org/2001/XMLSchema-instance" xmlns:ns2="http://www.garmin.com/xmlschemas/GpxExtensions/v3">
  <metadata>
    <name>39 - Monts et Jardins 2018</name>
    <link href="connect.garmin.com">
      <text>Garmin Connect</text>
    </link>
    <time>2024-12-27T13:40:30.000Z</time>
  </metadata>
  <trk>
    <name>39 - Monts et Jardins 2018</name>
    <trkseg>
      <trkpt lat="48.687903955578804" lon="6.128713907673955">
        <ele>345.31</ele>
      </trkpt>
      <trkpt lat="48.687926921993494" lon="6.12870192155242">
        <ele>345.53</ele>
      </trkpt>
      <trkpt lat="48.68797696195543" lon="6.128617934882641">
        <ele>345.84</ele>
      </trkpt>
      <trkpt lat="48.68798794224858" lon="6.128513999283314">
        <ele>346.17</ele>
      </trkpt>
      <trkpt lat="48.68799892254174" lon="6.128402939066291">
        <ele>346.46</ele>
      </trkpt>
      <trkpt lat="48.687990959733725" lon="6.128209987655282">
        <ele>346.72</ele>
      </trkpt>
      <trkpt lat="48.68798794224858" lon="6.12814293242991">
        <ele>346.95</ele>
      </trkpt>
      <trkpt lat="48.68798593059182" lon="6.127942940220237">
        <ele>347.15</ele>
      </trkpt>
      <trkpt lat="48.687968999147415" lon="6.127694919705391">
        <ele>347.27</ele>
      </trkpt>
      <trkpt lat="48.687946954742074" lon="6.127355955541134">
        <ele>347.52</ele>
      </trkpt>
      <trkpt lat="48.687970926985145" lon="6.12721798941493">
        <ele>347.73</ele>
      </trkpt>
      <trkpt lat="48.687973944470286" lon="6.127201979979873">
        <ele>347.89</ele>
      </trkpt>
      <trkpt lat="48.68798199109733" lon="6.127209942787886">
        <ele>348.02</ele>
      </trkpt>
      <trkpt lat="48.687969921156764" lon="6.127256965264678">
        <ele>348.12</ele>
      </trkpt>
      <trkpt lat="48.687946954742074" lon="6.1272659339010715">
        <ele>348.2</ele>
      </trkpt>
      <trkpt lat="48.68791895918548" lon="6.1272909957915545">
        <ele>348.23</ele>
      </trkpt>
      <trkpt lat="48.68790294975042" lon="6.127289989963174">
        <ele>348.24</ele>
      </trkpt>
      <trkpt lat="48.68785492144525" lon="6.12713391892612">
        <ele>348.27</ele>
      </trkpt>
      <trkpt lat="48.68783296085894" lon="6.127006933093071">
        <ele>348.29</ele>
      </trkpt>
      <trkpt lat="48.68778392672539" lon="6.12695898860693">
        <ele>348.29</ele>
      </trkpt>
      <trkpt lat="48.68783396668732" lon="6.127066947519779">
        <ele>348.16</ele>
      </trkpt>
      <trkpt lat="48.68785592727363" lon="6.1271849647164345">
        <ele>348.0</ele>
      </trkpt>
      <trkpt lat="48.68786891922355" lon="6.127215977758169">
        <ele>347.81</ele>
      </trkpt>
      <trkpt lat="48.68779297918081" lon="6.127235926687717">
        <ele>347.59</ele>
      </trkpt>
      <trkpt lat="48.68758091703057" lon="6.127362996339798">
        <ele>347.37</ele>
      </trkpt>
      <trkpt lat="48.687536995857954" lon="6.127387974411249">
        <ele>347.1</ele>
      </trkpt>
      <trkpt lat="48.68733197450638" lon="6.127488976344466">
        <ele>346.9</ele>
      </trkpt>
      <trkpt lat="48.68710893206298" lon="6.127612944692373">
        <ele>346.58</ele>
      </trkpt>
      <trkpt lat="48.687049923464656" lon="6.127641946077347">
        <ele>346.22</ele>
      </trkpt>
      <trkpt lat="48.68675194680691" lon="6.127782929688692">
        <ele>345.68</ele>
      </trkpt>
      <trkpt lat="48.6866919323802" lon="6.127808997407556">
        <ele>345.16</ele>
      </trkpt>
      <trkpt lat="48.68651499040425" lon="6.127870939671993">
        <ele>344.55</ele>
      </trkpt>
      <trkpt lat="48.68645992130041" lon="6.127890972420573">
        <ele>343.95</ele>
      </trkpt>
      <trkpt lat="48.686230927705765" lon="6.127980994060636">
        <ele>343.27</ele>
      </trkpt>
      <trkpt lat="48.68610796518624" lon="6.128012929111719">
        <ele>342.63</ele>
      </trkpt>
      <trkpt lat="48.68585198186338" lon="6.1280749551951885">
        <ele>341.96</ele>
      </trkpt>
      <trkpt lat="48.6856559291482" lon="6.12814293242991">
        <ele>341.25</ele>
      </trkpt>
      <trkpt lat="48.68540992029011" lon="6.128301937133074">
        <ele>340.57</ele>
      </trkpt>
      <trkpt lat="48.68515997193754" lon="6.128468988463283">
        <ele>339.86</ele>
      </trkpt>
      <trkpt lat="48.68509794585407" lon="6.128509975969791">
        <ele>339.2</ele>
      </trkpt>
      <trkpt lat="48.68491538800299" lon="6.128638470545411">
        <ele>338.61</ele>
      </trkpt>
      <trkpt lat="48.68473299778998" lon="6.128766965121031">
        <ele>338.07</ele>
      </trkpt>
      <trkpt lat="48.684597965329885" lon="6.128921946510673">
        <ele>337.48</ele>
      </trkpt>
      <trkpt lat="48.68447198532522" lon="6.129116993397474">
        <ele>336.89</ele>
      </trkpt>
      <trkpt lat="48.68460894562304" lon="6.129385968670249">
        <ele>336.25</ele>
      </trkpt>
      <trkpt lat="48.68467097170651" lon="6.129545979201794">
        <ele>335.64</ele>
      </trkpt>
      <trkpt lat="48.68469192646444" lon="6.129627954214811">
        <ele>335.09</ele>
      </trkpt>
      <trkpt lat="48.68469494394958" lon="6.129760975018144">
        <ele>334.58</ele>
      </trkpt>
      <trkpt lat="48.684639958664775" lon="6.129915956407785">
        <ele>334.11</ele>
      </trkpt>
      <trkpt lat="48.684621937572956" lon="6.129985945299268">
        <ele>333.68</ele>
      </trkpt>
      <trkpt lat="48.68455798365176" lon="6.130277970805764">
        <ele>333.27</ele>
      </trkpt>
      <trkpt lat="48.68452596478164" lon="6.130429934710264">
        <ele>332.89</ele>
      </trkpt>
      <trkpt lat="48.684489922598004" lon="6.130580976605415">
        <ele>332.59</ele>
      </trkpt>
      <trkpt lat="48.684442983940244" lon="6.130735957995057">
        <ele>332.35</ele>
      </trkpt>
      <trkpt lat="48.68441993370652" lon="6.130809970200062">
        <ele>332.18</ele>
      </trkpt>
      <trkpt lat="48.684360925108194" lon="6.131004933267832">
        <ele>332.03</ele>
      </trkpt>
      <trkpt lat="48.68424592539668" lon="6.131358984857798">
        <ele>331.89</ele>
      </trkpt>
      <trkpt lat="48.68418197147548" lon="6.1315669398754835">
        <ele>331.8</ele>
      </trkpt>
      <trkpt lat="48.68405917659402" lon="6.131907161325216">
        <ele>331.75</ele>
      </trkpt>
      <trkpt lat="48.68393696844578" lon="6.13224595785141">
        <ele>331.88</ele>
      </trkpt>
      <trkpt lat="48.683697916567326" lon="6.132357940077782">
        <ele>332.23</ele>
      </trkpt>
      <trkpt lat="48.683654917404056" lon="6.132369926199317">
        <ele>332.48</ele>
      </trkpt>
      <trkpt lat="48.68351695127785" lon="6.132431952282786">
        <ele>332.87</ele>
      </trkpt>
      <trkpt lat="48.683329951018095" lon="6.132553992792964">
        <ele>333.32</ele>
      </trkpt>
      <trkpt lat="48.68316792882979" lon="6.132579976692796">
        <ele>333.75</ele>
      </trkpt>
      <trkpt lat="48.68303599767387" lon="6.132626999169588">
        <ele>334.17</ele>
      </trkpt>
      <trkpt lat="48.68273491971195" lon="6.132745938375592">
        <ele>334.54</ele>
      </trkpt>
      <trkpt lat="48.68258496746421" lon="6.132783992215991">
        <ele>334.92</ele>
      </trkpt>
      <trkpt lat="48.68231297470629" lon="6.132857417687774">
        <ele>335.24</ele>
      </trkpt>
      <trkpt lat="48.682040981948376" lon="6.132930926978588">
        <ele>335.58</ele>
      </trkpt>
      <trkpt lat="48.682000916451216" lon="6.132952971383929">
        <ele>335.91</ele>
      </trkpt>
      <trkpt lat="48.6817339528352" lon="6.133021954447031">
        <ele>336.22</ele>
      </trkpt>
      <trkpt lat="48.6815079767257" lon="6.133084986358881">
        <ele>336.43</ele>
      </trkpt>
      <trkpt lat="48.68131251074374" lon="6.133142989128828">
        <ele>336.65</ele>
      </trkpt>
      <trkpt lat="48.681116960942745" lon="6.133200991898775">
        <ele>336.9</ele>
      </trkpt>
      <trkpt lat="48.68106692098081" lon="6.133219934999943">
        <ele>337.17</ele>
      </trkpt>
      <trkpt lat="48.68102098815143" lon="6.13323493860662">
        <ele>337.45</ele>
      </trkpt>
      <trkpt lat="48.68080398067832" lon="6.1332859843969345">
        <ele>337.77</ele>
      </trkpt>
      <trkpt lat="48.68074094876647" lon="6.133287996053696">
        <ele>338.08</ele>
      </trkpt>
      <trkpt lat="48.68065495043993" lon="6.1330079566687346">
        <ele>338.45</ele>
      </trkpt>
      <trkpt lat="48.68054699152708" lon="6.132694976404309">
        <ele>338.82</ele>
      </trkpt>
      <trkpt lat="48.68051799014211" lon="6.132573941722512">
        <ele>339.13</ele>
      </trkpt>
      <trkpt lat="48.68049896322191" lon="6.132492972537875">
        <ele>339.43</ele>
      </trkpt>
      <trkpt lat="48.68048496544361" lon="6.132445950061083">
        <ele>339.71</ele>
      </trkpt>
      <trkpt lat="48.68046392686665" lon="6.132356934249401">
        <ele>339.98</ele>
      </trkpt>
      <trkpt lat="48.6804339196533" lon="6.132231960073113">
        <ele>340.23</ele>
      </trkpt>
      <trkpt lat="48.68040097877383" lon="6.131971953436732">
        <ele>340.5</ele>
      </trkpt>
      <trkpt lat="48.68035295046866" lon="6.131734997034073">
        <ele>340.76</ele>
      </trkpt>
      <trkpt lat="48.68029394187033" lon="6.131470967084169">
        <ele>341.04</ele>
      </trkpt>
      <trkpt lat="48.68026393465698" lon="6.131406929343939">
        <ele>341.27</ele>
      </trkpt>
      <trkpt lat="48.680191934108734" lon="6.1313719768077135">
        <ele>341.48</ele>
      </trkpt>
      <trkpt lat="48.68001641705632" lon="6.131292935460806">
        <ele>341.67</ele>
      </trkpt>
      <trkpt lat="48.67984098382294" lon="6.13121397793293">
        <ele>341.8</ele>
      </trkpt>
      <trkpt lat="48.67957544513047" lon="6.131071401759982">
        <ele>341.86</ele>
      </trkpt>
      <trkpt lat="48.679309990257025" lon="6.130928993225098">
        <ele>341.93</ele>
      </trkpt>
      <trkpt lat="48.67904545739293" lon="6.130838468670845">
        <ele>341.99</ele>
      </trkpt>
      <trkpt lat="48.67878092452884" lon="6.130747944116592">
        <ele>342.02</ele>
      </trkpt>
      <trkpt lat="48.67874194867909" lon="6.130717936903238">
        <ele>342.07</ele>
      </trkpt>
      <trkpt lat="48.678478421643376" lon="6.130547448992729">
        <ele>342.17</ele>
      </trkpt>
      <trkpt lat="48.678214978426695" lon="6.13037696108222">
        <ele>342.26</ele>
      </trkpt>
      <trkpt lat="48.6780159920454" lon="6.130405962467194">
        <ele>342.31</ele>
      </trkpt>
      <trkpt lat="48.677739975973964" lon="6.130545940250158">
        <ele>342.23</ele>
      </trkpt>
      <trkpt lat="48.67763193324208" lon="6.130623975768685">
        <ele>342.14</ele>
      </trkpt>
      <trkpt lat="48.67757996544242" lon="6.130603943020105">
        <ele>342.11</ele>
      </trkpt>
      <trkpt lat="48.67755792103708" lon="6.130583994090557">
        <ele>342.07</ele>
      </trkpt>
      <trkpt lat="48.67726296186447" lon="6.130459941923618">
        <ele>341.97</ele>
      </trkpt>
      <trkpt lat="48.67699599824846" lon="6.130262967199087">
        <ele>341.81</ele>
      </trkpt>
      <trkpt lat="48.67672794498503" lon="6.13011946901679">
        <ele>341.79</ele>
      </trkpt>
      <trkpt lat="48.67645997554064" lon="6.129975970834494">
        <ele>341.72</ele>
      </trkpt>
      <trkpt lat="48.67620097473264" lon="6.129857953637838">
        <ele>341.58</ele>
      </trkpt>
      <trkpt lat="48.675917917862535" lon="6.129670953378081">
        <ele>341.48</ele>
      </trkpt>
      <trkpt lat="48.6758559755981" lon="6.12962493672967">
        <ele>341.38</ele>
      </trkpt>
      <trkpt lat="48.67579294368625" lon="6.1295819375664">
        <ele>341.28</ele>
      </trkpt>
      <trkpt lat="48.67566394619644" lon="6.129490993916988">
        <ele>341.18</ele>
      </trkpt>
      <trkpt lat="48.67554391734302" lon="6.129389991983771">
        <ele>341.09</ele>
      </trkpt>
      <trkpt lat="48.67537192068994" lon="6.1292589828372">
        <ele>341.0</ele>
      </trkpt>
      <trkpt lat="48.67535096593201" lon="6.129244985058904">
        <ele>340.84</ele>
      </trkpt>
      <trkpt lat="48.67528692819178" lon="6.129377922043204">
        <ele>340.64</ele>
      </trkpt>
      <trkpt lat="48.67529799230397" lon="6.129775978624821">
        <ele>340.35</ele>
      </trkpt>
      <trkpt lat="48.6753049492836" lon="6.129924925044179">
        <ele>340.08</ele>
      </trkpt>
      <trkpt lat="48.675316935405135" lon="6.130178980529308">
        <ele>339.77</ele>
      </trkpt>
      <trkpt lat="48.67531995289028" lon="6.130490954965353">
        <ele>339.43</ele>
      </trkpt>
      <trkpt lat="48.67532297037542" lon="6.130706956610084">
        <ele>339.11</ele>
      </trkpt>
      <trkpt lat="48.67531391791999" lon="6.130923964083195">
        <ele>338.75</ele>
      </trkpt>
      <trkpt lat="48.675312995910645" lon="6.1311369482427835">
        <ele>338.36</ele>
      </trkpt>
      <trkpt lat="48.67532598786056" lon="6.131346998736262">
        <ele>337.94</ele>
      </trkpt>
      <trkpt lat="48.67533193901181" lon="6.131659979000688">
        <ele>337.46</ele>
      </trkpt>
      <trkpt lat="48.67532892152667" lon="6.131764920428395">
        <ele>337.05</ele>
      </trkpt>
      <trkpt lat="48.67532498203218" lon="6.13200799562037">
        <ele>336.66</ele>
      </trkpt>
      <trkpt lat="48.67530092597008" lon="6.132369926199317">
        <ele>336.28</ele>
      </trkpt>
      <trkpt lat="48.67527997121215" lon="6.13239792175591">
        <ele>335.82</ele>
      </trkpt>
      <trkpt lat="48.675057934597135" lon="6.1325314454734325">
        <ele>335.31</ele>
      </trkpt>
      <trkpt lat="48.67483598180115" lon="6.132664969190955">
        <ele>334.77</ele>
      </trkpt>
      <trkpt lat="48.67462341673672" lon="6.132794972509146">
        <ele>334.25</ele>
      </trkpt>
      <trkpt lat="48.67441093549132" lon="6.132924975827336">
        <ele>333.71</ele>
      </trkpt>
      <trkpt lat="48.67434396408498" lon="6.1329929530620575">
        <ele>333.15</ele>
      </trkpt>
      <trkpt lat="48.674216978251934" lon="6.13314894028008">
        <ele>332.58</ele>
      </trkpt>
      <trkpt lat="48.67412695661187" lon="6.133261928334832">
        <ele>332.02</ele>
      </trkpt>
      <trkpt lat="48.67406291887164" lon="6.133375922217965">
        <ele>331.45</ele>
      </trkpt>
      <trkpt lat="48.67399795912206" lon="6.133495951071382">
        <ele>330.9</ele>
      </trkpt>
      <trkpt lat="48.673940962180495" lon="6.1337109468877316">
        <ele>330.29</ele>
      </trkpt>
      <trkpt lat="48.6739269644022" lon="6.133788982406259">
        <ele>329.65</ele>
      </trkpt>
      <trkpt lat="48.67386594414711" lon="6.134213944897056">
        <ele>328.84</ele>
      </trkpt>
      <trkpt lat="48.673855969682336" lon="6.134302960708737">
        <ele>328.14</ele>
      </trkpt>
      <trkpt lat="48.6737509444356" lon="6.134687941521406">
        <ele>327.23</ele>
      </trkpt>
      <trkpt lat="48.6736869905144" lon="6.134795984253287">
        <ele>326.48</ele>
      </trkpt>
      <trkpt lat="48.67358699440956" lon="6.134859938174486">
        <ele>325.76</ele>
      </trkpt>
      <trkpt lat="48.67349596694112" lon="6.134869996458292">
        <ele>325.1</ele>
      </trkpt>
      <trkpt lat="48.673423966392875" lon="6.134844934567809">
        <ele>324.5</ele>
      </trkpt>
      <trkpt lat="48.67338792420924" lon="6.134832948446274">
        <ele>323.95</ele>
      </trkpt>
      <trkpt lat="48.67322498001158" lon="6.134799923747778">
        <ele>323.43</ele>
      </trkpt>
      <trkpt lat="48.673041919246316" lon="6.1347579304128885">
        <ele>322.95</ele>
      </trkpt>
      <trkpt lat="48.67289196699858" lon="6.134663969278336">
        <ele>322.6</ele>
      </trkpt>
      <trkpt lat="48.6727059725672" lon="6.134601943194866">
        <ele>322.23</ele>
      </trkpt>
      <trkpt lat="48.672670936211944" lon="6.134595992043614">
        <ele>321.92</ele>
      </trkpt>
      <trkpt lat="48.672561971470714" lon="6.134575959295034">
        <ele>321.64</ele>
      </trkpt>
      <trkpt lat="48.67244797758758" lon="6.134563973173499">
        <ele>321.46</ele>
      </trkpt>
      <trkpt lat="48.6722154635936" lon="6.134577970951796">
        <ele>321.33</ele>
      </trkpt>
      <trkpt lat="48.671982949599624" lon="6.134591968730092">
        <ele>321.36</ele>
      </trkpt>
      <trkpt lat="48.67186493240297" lon="6.134678972885013">
        <ele>321.29</ele>
      </trkpt>
      <trkpt lat="48.67173995822668" lon="6.134720966219902">
        <ele>321.33</ele>
      </trkpt>
      <trkpt lat="48.671556478366256" lon="6.134729431942105">
        <ele>321.49</ele>
      </trkpt>
      <trkpt lat="48.67137299850583" lon="6.13473798148334">
        <ele>321.74</ele>
      </trkpt>
      <trkpt lat="48.67115498520434" lon="6.134698921814561">
        <ele>322.25</ele>
      </trkpt>
      <trkpt lat="48.67098298855126" lon="6.134705962613225">
        <ele>322.71</ele>
      </trkpt>
      <trkpt lat="48.670804956927896" lon="6.1347199603915215">
        <ele>323.23</ele>
      </trkpt>
      <trkpt lat="48.67066497914493" lon="6.134727923199534">
        <ele>323.7</ele>
      </trkpt>
      <trkpt lat="48.67057395167649" lon="6.134721972048283">
        <ele>324.24</ele>
      </trkpt>
      <trkpt lat="48.67045199498534" lon="6.134710991755128">
        <ele>324.83</ele>
      </trkpt>
      <trkpt lat="48.67028787732124" lon="6.134574869647622">
        <ele>325.53</ele>
      </trkpt>
      <trkpt lat="48.67012392729521" lon="6.1344389989972115">
        <ele>326.33</ele>
      </trkpt>
      <trkpt lat="48.67008696310222" lon="6.134399939328432">
        <ele>327.09</ele>
      </trkpt>
      <trkpt lat="48.6700189858675" lon="6.134331962093711">
        <ele>327.9</ele>
      </trkpt>
      <trkpt lat="48.67000197060406" lon="6.134305978193879">
        <ele>328.71</ele>
      </trkpt>
      <trkpt lat="48.66984196007252" lon="6.134159965440631">
        <ele>329.56</ele>
      </trkpt>
      <trkpt lat="48.6696579772979" lon="6.1339889746159315">
        <ele>330.44</ele>
      </trkpt>
      <trkpt lat="48.669531997293234" lon="6.13387992605567">
        <ele>331.33</ele>
      </trkpt>
      <trkpt lat="48.66928992792964" lon="6.133606927469373">
        <ele>332.29</ele>
      </trkpt>
      <trkpt lat="48.66915891878307" lon="6.133476924151182">
        <ele>333.23</ele>
      </trkpt>
      <trkpt lat="48.66903595626354" lon="6.133368965238333">
        <ele>334.21</ele>
      </trkpt>
      <trkpt lat="48.668949957937" lon="6.133279949426651">
        <ele>335.19</ele>
      </trkpt>
      <trkpt lat="48.668829929083586" lon="6.133193951100111">
        <ele>336.16</ele>
      </trkpt>
      <trkpt lat="48.66870797239244" lon="6.133032934740186">
        <ele>337.16</ele>
      </trkpt>
      <trkpt lat="48.66866597905755" lon="6.132979961112142">
        <ele>338.12</ele>
      </trkpt>
      <trkpt lat="48.66853195242584" lon="6.132905948907137">
        <ele>339.06</ele>
      </trkpt>
      <trkpt lat="48.66842399351299" lon="6.132807964459062">
        <ele>340.02</ele>
      </trkpt>
      <trkpt lat="48.66831796243787" lon="6.132720960304141">
        <ele>340.96</ele>
      </trkpt>
      <trkpt lat="48.668202962726355" lon="6.132639991119504">
        <ele>341.9</ele>
      </trkpt>
      <trkpt lat="48.668096931651235" lon="6.132565978914499">
        <ele>342.81</ele>
      </trkpt>
      <trkpt lat="48.66795494221151" lon="6.132419966161251">
        <ele>343.8</ele>
      </trkpt>
      <trkpt lat="48.66793792694807" lon="6.132299937307835">
        <ele>344.7</ele>
      </trkpt>
      <trkpt lat="48.66794094443321" lon="6.132161971181631">
        <ele>345.56</ele>
      </trkpt>
      <trkpt lat="48.66798494942486" lon="6.131961978971958">
        <ele>346.4</ele>
      </trkpt>
      <trkpt lat="48.667989978566766" lon="6.131885955110192">
        <ele>347.19</ele>
      </trkpt>
      <trkpt lat="48.668009927496314" lon="6.131800962612033">
        <ele>347.95</ele>
      </trkpt>
      <trkpt lat="48.66804898716509" lon="6.131645981222391">
        <ele>348.72</ele>
      </trkpt>
      <trkpt lat="48.66805795580149" lon="6.131549924612045">
        <ele>349.44</ele>
      </trkpt>
      <trkpt lat="48.66802895441651" lon="6.131357979029417">
        <ele>350.19</ele>
      </trkpt>
      <trkpt lat="48.668013950809836" lon="6.131340963765979">
        <ele>350.82</ele>
      </trkpt>
      <trkpt lat="48.66796097718179" lon="6.131354961544275">
        <ele>351.41</ele>
      </trkpt>
      <trkpt lat="48.66793692111969" lon="6.131367953494191">
        <ele>351.97</ele>
      </trkpt>
      <trkpt lat="48.66769493557513" lon="6.131568951532245">
        <ele>352.51</ele>
      </trkpt>
      <trkpt lat="48.667669957503676" lon="6.131635922938585">
        <ele>353.01</ele>
      </trkpt>
      <trkpt lat="48.66759493947029" lon="6.131875980645418">
        <ele>353.44</ele>
      </trkpt>
      <trkpt lat="48.66751899942756" lon="6.131890984252095">
        <ele>353.94</ele>
      </trkpt>
      <trkpt lat="48.667496955022216" lon="6.131598958745599">
        <ele>354.5</ele>
      </trkpt>
      <trkpt lat="48.66750894114375" lon="6.131339957937598">
        <ele>355.0</ele>
      </trkpt>
      <trkpt lat="48.667494943365455" lon="6.131241973489523">
        <ele>355.46</ele>
      </trkpt>
      <trkpt lat="48.66748094558716" lon="6.131205931305885">
        <ele>355.89</ele>
      </trkpt>
      <trkpt lat="48.667409950867295" lon="6.131139965727925">
        <ele>356.34</ele>
      </trkpt>
      <trkpt lat="48.66727198474109" lon="6.131112975999713">
        <ele>356.79</ele>
      </trkpt>
      <trkpt lat="48.667238960042596" lon="6.131106941029429">
        <ele>357.21</ele>
      </trkpt>
      <trkpt lat="48.66696453653276" lon="6.131096463650465">
        <ele>357.62</ele>
      </trkpt>
      <trkpt lat="48.66668994538486" lon="6.131085986271501">
        <ele>358.09</ele>
      </trkpt>
      <trkpt lat="48.66649548523128" lon="6.131094451993704">
        <ele>358.57</ele>
      </trkpt>
      <trkpt lat="48.66630094125867" lon="6.131102917715907">
        <ele>359.05</ele>
      </trkpt>
      <trkpt lat="48.66608594544232" lon="6.1310939490795135">
        <ele>359.55</ele>
      </trkpt>
      <trkpt lat="48.66594999097288" lon="6.131087997928262">
        <ele>360.03</ele>
      </trkpt>
      <trkpt lat="48.66571596823633" lon="6.131082968786359">
        <ele>360.55</ele>
      </trkpt>
      <trkpt lat="48.66548194549978" lon="6.131077939644456">
        <ele>361.08</ele>
      </trkpt>
      <trkpt lat="48.66527399048209" lon="6.131066959351301">
        <ele>361.61</ele>
      </trkpt>
      <trkpt lat="48.665065951645374" lon="6.1310559790581465">
        <ele>362.18</ele>
      </trkpt>
      <trkpt lat="48.66492697969079" lon="6.131065953522921">
        <ele>362.77</ele>
      </trkpt>
      <trkpt lat="48.664618944749236" lon="6.131065953522921">
        <ele>363.37</ele>
      </trkpt>
      <trkpt lat="48.66442599333823" lon="6.131072491407394">
        <ele>363.92</ele>
      </trkpt>
      <trkpt lat="48.66423295810819" lon="6.1310789454728365">
        <ele>364.48</ele>
      </trkpt>
      <trkpt lat="48.6640059761703" lon="6.131056984886527">
        <ele>365.04</ele>
      </trkpt>
      <trkpt lat="48.663883935660124" lon="6.130880964919925">
        <ele>365.67</ele>
      </trkpt>
      <trkpt lat="48.66387194953859" lon="6.130586927756667">
        <ele>366.29</ele>
      </trkpt>
      <trkpt lat="48.663867926225066" lon="6.130199935287237">
        <ele>366.91</ele>
      </trkpt>
      <trkpt lat="48.663860969245434" lon="6.129902629181743">
        <ele>367.51</ele>
      </trkpt>
      <trkpt lat="48.66385392844677" lon="6.1296069994568825">
        <ele>368.12</ele>
      </trkpt>
      <trkpt lat="48.66385040804744" lon="6.1293593142181635">
        <ele>368.64</ele>
      </trkpt>
      <trkpt lat="48.66384697146714" lon="6.129112970083952">
        <ele>369.12</ele>
      </trkpt>
      <trkpt lat="48.6638489831239" lon="6.128930998966098">
        <ele>369.55</ele>
      </trkpt>
      <trkpt lat="48.66383942775428" lon="6.1285679787397385">
        <ele>369.97</ele>
      </trkpt>
      <trkpt lat="48.6638299562037" lon="6.12820697017014">
        <ele>370.44</ele>
      </trkpt>
      <trkpt lat="48.66381193511188" lon="6.128170927986503">
        <ele>370.8</ele>
      </trkpt>
      <trkpt lat="48.663538014516234" lon="6.1281379871070385">
        <ele>371.16</ele>
      </trkpt>
      <trkpt lat="48.663263926282525" lon="6.128104962408543">
        <ele>371.43</ele>
      </trkpt>
      <trkpt lat="48.66299101151526" lon="6.128079481422901">
        <ele>371.65</ele>
      </trkpt>
      <trkpt lat="48.66271792910993" lon="6.128053916618228">
        <ele>371.87</ele>
      </trkpt>
      <trkpt lat="48.66243353113532" lon="6.128050982952118">
        <ele>372.06</ele>
      </trkpt>
      <trkpt lat="48.66214896552265" lon="6.128047965466976">
        <ele>372.22</ele>
      </trkpt>
      <trkpt lat="48.66191251203418" lon="6.1280434392392635">
        <ele>372.3</ele>
      </trkpt>
      <trkpt lat="48.66167597472668" lon="6.128038996830583">
        <ele>372.31</ele>
      </trkpt>
      <trkpt lat="48.66140398196876" lon="6.128017455339432">
        <ele>372.29</ele>
      </trkpt>
      <trkpt lat="48.661131989210844" lon="6.127995997667313">
        <ele>372.22</ele>
      </trkpt>
      <trkpt lat="48.660959992557764" lon="6.12799197435379">
        <ele>372.16</ele>
      </trkpt>
      <trkpt lat="48.660833928734064" lon="6.127727944403887">
        <ele>372.06</ele>
      </trkpt>
      <trkpt lat="48.660774836316705" lon="6.127329468727112">
        <ele>371.93</ele>
      </trkpt>
      <trkpt lat="48.66071599535644" lon="6.126932920888066">
        <ele>371.81</ele>
      </trkpt>
      <trkpt lat="48.66067299619317" lon="6.126768970862031">
        <ele>371.62</ele>
      </trkpt>
      <trkpt lat="48.66065497510135" lon="6.126732928678393">
        <ele>371.38</ele>
      </trkpt>
      <trkpt lat="48.660515919327736" lon="6.126664951443672">
        <ele>371.06</ele>
      </trkpt>
      <trkpt lat="48.66044593043625" lon="6.126628993079066">
        <ele>370.73</ele>
      </trkpt>
      <trkpt lat="48.66036999039352" lon="6.12655196338892">
        <ele>370.36</ele>
      </trkpt>
      <trkpt lat="48.660342916846275" lon="6.126545928418636">
        <ele>369.98</ele>
      </trkpt>
      <trkpt lat="48.66018491797149" lon="6.1263249814510345">
        <ele>369.56</ele>
      </trkpt>
      <trkpt lat="48.660041922703385" lon="6.1260319501161575">
        <ele>369.13</ele>
      </trkpt>
      <trkpt lat="48.65993999876082" lon="6.1258249171078205">
        <ele>368.72</ele>
      </trkpt>
      <trkpt lat="48.65985793992877" lon="6.125643951818347">
        <ele>368.28</ele>
      </trkpt>
      <trkpt lat="48.65976992994547" lon="6.1254579573869705">
        <ele>367.79</ele>
      </trkpt>
      <trkpt lat="48.65973095409572" lon="6.125388974323869">
        <ele>367.27</ele>
      </trkpt>
      <trkpt lat="48.65954093635082" lon="6.125202979892492">
        <ele>366.66</ele>
      </trkpt>
      <trkpt lat="48.659310936927795" lon="6.125267939642072">
        <ele>366.09</ele>
      </trkpt>
      <trkpt lat="48.65908194333315" lon="6.125389980152249">
        <ele>365.47</ele>
      </trkpt>
      <trkpt lat="48.6588529497385" lon="6.125511936843395">
        <ele>364.86</ele>
      </trkpt>
      <trkpt lat="48.65879897028208" lon="6.125527946278453">
        <ele>364.23</ele>
      </trkpt>
      <trkpt lat="48.65863694809377" lon="6.125567927956581">
        <ele>363.55</ele>
      </trkpt>
      <trkpt lat="48.6584179289639" lon="6.125686950981617">
        <ele>362.84</ele>
      </trkpt>
      <trkpt lat="48.658127998933196" lon="6.125797424465418">
        <ele>362.18</ele>
      </trkpt>
      <trkpt lat="48.65783798508346" lon="6.1259079817682505">
        <ele>361.54</ele>
      </trkpt>
      <trkpt lat="48.65777294151485" lon="6.125933965668082">
        <ele>360.85</ele>
      </trkpt>
      <trkpt lat="48.65760647691786" lon="6.1260054633021355">
        <ele>360.15</ele>
      </trkpt>
      <trkpt lat="48.657439928501844" lon="6.126076960936189">
        <ele>359.43</ele>
      </trkpt>
      <trkpt lat="48.65723541006446" lon="6.126186512410641">
        <ele>358.68</ele>
      </trkpt>
      <trkpt lat="48.657030975446105" lon="6.126295980066061">
        <ele>357.93</ele>
      </trkpt>
      <trkpt lat="48.65696392022073" lon="6.126335961744189">
        <ele>357.2</ele>
      </trkpt>
      <trkpt lat="48.65676049143076" lon="6.126429000869393">
        <ele>356.49</ele>
      </trkpt>
      <trkpt lat="48.656556978821754" lon="6.126521956175566">
        <ele>355.73</ele>
      </trkpt>
      <trkpt lat="48.6563509516418" lon="6.12659596838057">
        <ele>354.93</ele>
      </trkpt>
      <trkpt lat="48.656278951093554" lon="6.126603931188583">
        <ele>354.21</ele>
      </trkpt>
      <trkpt lat="48.6560589261353" lon="6.126558920368552">
        <ele>353.41</ele>
      </trkpt>
      <trkpt lat="48.655890952795744" lon="6.126469988375902">
        <ele>352.65</ele>
      </trkpt>
      <trkpt lat="48.65579799748957" lon="6.12642296589911">
        <ele>351.98</ele>
      </trkpt>
      <trkpt lat="48.65559993311763" lon="6.12633696757257">
        <ele>351.3</ele>
      </trkpt>
      <trkpt lat="48.6554959975183" lon="6.126295980066061">
        <ele>350.74</ele>
      </trkpt>
      <trkpt lat="48.65539591759443" lon="6.126252980902791">
        <ele>350.21</ele>
      </trkpt>
      <trkpt lat="48.65530698560178" lon="6.126212999224663">
        <ele>349.73</ele>
      </trkpt>
      <trkpt lat="48.65524093620479" lon="6.126179974526167">
        <ele>349.3</ele>
      </trkpt>
      <trkpt lat="48.655182933434844" lon="6.1261609476059675">
        <ele>348.91</ele>
      </trkpt>
      <trkpt lat="48.65512895397842" lon="6.126149967312813">
        <ele>348.56</ele>
      </trkpt>
      <trkpt lat="48.655036920681596" lon="6.126206964254379">
        <ele>348.25</ele>
      </trkpt>
      <trkpt lat="48.654989982023835" lon="6.126239988952875">
        <ele>348.0</ele>
      </trkpt>
      <trkpt lat="48.654944971203804" lon="6.126267984509468">
        <ele>347.8</ele>
      </trkpt>
      <trkpt lat="48.654858972877264" lon="6.126312995329499">
        <ele>347.66</ele>
      </trkpt>
      <trkpt lat="48.65476995706558" lon="6.12635993398726">
        <ele>347.55</ele>
      </trkpt>
      <trkpt lat="48.65467398427427" lon="6.126388935372233">
        <ele>347.47</ele>
      </trkpt>
      <trkpt lat="48.654582956805825" lon="6.126397987827659">
        <ele>347.43</ele>
      </trkpt>
      <trkpt lat="48.65453392267227" lon="6.126396981999278">
        <ele>347.42</ele>
      </trkpt>
      <trkpt lat="48.65442093461752" lon="6.126391952857375">
        <ele>347.43</ele>
      </trkpt>
      <trkpt lat="48.65435899235308" lon="6.126388935372233">
        <ele>347.46</ele>
      </trkpt>
      <trkpt lat="48.65416897460818" lon="6.1263644602149725">
        <ele>347.52</ele>
      </trkpt>
      <trkpt lat="48.653978956863284" lon="6.126339985057712">
        <ele>347.6</ele>
      </trkpt>
      <trkpt lat="48.65385993383825" lon="6.126334955915809">
        <ele>347.75</ele>
      </trkpt>
      <trkpt lat="48.65379799157381" lon="6.1263179406523705">
        <ele>347.93</ele>
      </trkpt>
      <trkpt lat="48.65350194275379" lon="6.126234959810972">
        <ele>348.14</ele>
      </trkpt>
      <trkpt lat="48.653442934155464" lon="6.126239988952875">
        <ele>348.42</ele>
      </trkpt>
      <trkpt lat="48.65339197218418" lon="6.126241916790605">
        <ele>348.73</ele>
      </trkpt>
      <trkpt lat="48.653228525072336" lon="6.126223476603627">
        <ele>349.11</ele>
      </trkpt>
      <trkpt lat="48.65306499414146" lon="6.126204952597618">
        <ele>349.53</ele>
      </trkpt>
      <trkpt lat="48.65280993282795" lon="6.126065980643034">
        <ele>349.93</ele>
      </trkpt>
      <trkpt lat="48.65272494032979" lon="6.125980988144875">
        <ele>350.37</ele>
      </trkpt>
      <trkpt lat="48.65255336277187" lon="6.12580630928278">
        <ele>350.82</ele>
      </trkpt>
      <trkpt lat="48.65238195285201" lon="6.125631965696812">
        <ele>351.36</ele>
      </trkpt>
      <trkpt lat="48.652225797995925" lon="6.125461813062429">
        <ele>351.97</ele>
      </trkpt>
      <trkpt lat="48.652069978415966" lon="6.125291995704174">
        <ele>352.57</ele>
      </trkpt>
      <trkpt lat="48.65182497538626" lon="6.125017991289496">
        <ele>353.2</ele>
      </trkpt>
      <trkpt lat="48.651679968461394" lon="6.12485496327281">
        <ele>353.83</ele>
      </trkpt>
      <trkpt lat="48.65148492157459" lon="6.124643990769982">
        <ele>354.5</ele>
      </trkpt>
      <trkpt lat="48.651402946561575" lon="6.12455396912992">
        <ele>355.23</ele>
      </trkpt>
      <trkpt lat="48.65128895267844" lon="6.124434946104884">
        <ele>355.98</ele>
      </trkpt>
      <trkpt lat="48.65102592855692" lon="6.124192960560322">
        <ele>356.81</ele>
      </trkpt>
      <trkpt lat="48.65079131908715" lon="6.123957261443138">
        <ele>357.68</ele>
      </trkpt>
      <trkpt lat="48.65055696107447" lon="6.123721981421113">
        <ele>358.56</ele>
      </trkpt>
      <trkpt lat="48.650422263890505" lon="6.123459544032812">
        <ele>359.39</ele>
      </trkpt>
      <trkpt lat="48.6502879858017" lon="6.123197944834828">
        <ele>360.27</ele>
      </trkpt>
      <trkpt lat="48.65018698386848" lon="6.1228839587420225">
        <ele>361.16</ele>
      </trkpt>
      <trkpt lat="48.65011892281473" lon="6.122727971524">
        <ele>362.04</ele>
      </trkpt>
      <trkpt lat="48.64983796142042" lon="6.122566955164075">
        <ele>363.02</ele>
      </trkpt>
      <trkpt lat="48.64980694837868" lon="6.122551951557398">
        <ele>363.86</ele>
      </trkpt>
      <trkpt lat="48.64965096116066" lon="6.122470982372761">
        <ele>364.7</ele>
      </trkpt>
      <trkpt lat="48.649555994197726" lon="6.122417924925685">
        <ele>365.51</ele>
      </trkpt>
      <trkpt lat="48.649470917880535" lon="6.1223959643393755">
        <ele>366.32</ele>
      </trkpt>
      <trkpt lat="48.649425990879536" lon="6.122380960732698">
        <ele>367.11</ele>
      </trkpt>
      <trkpt lat="48.64937796257436" lon="6.122357994318008">
        <ele>367.88</ele>
      </trkpt>
      <trkpt lat="48.649319959804416" lon="6.1223529651761055">
        <ele>368.65</ele>
      </trkpt>
      <trkpt lat="48.64922993816435" lon="6.1223609279841185">
        <ele>369.41</ele>
      </trkpt>
      <trkpt lat="48.64909096620977" lon="6.122368974611163">
        <ele>370.14</ele>
      </trkpt>
      <trkpt lat="48.64893598482013" lon="6.122380960732698">
        <ele>370.85</ele>
      </trkpt>
      <trkpt lat="48.64881696179509" lon="6.122377943247557">
        <ele>371.56</ele>
      </trkpt>
      <trkpt lat="48.64871394820511" lon="6.122378949075937">
        <ele>372.23</ele>
      </trkpt>
      <trkpt lat="48.64863993600011" lon="6.12240694463253">
        <ele>372.86</ele>
      </trkpt>
      <trkpt lat="48.64861898124218" lon="6.122421948239207">
        <ele>373.41</ele>
      </trkpt>
      <trkpt lat="48.64850699901581" lon="6.122464947402477">
        <ele>373.96</ele>
      </trkpt>
      <trkpt lat="48.648477997630835" lon="6.122480956837535">
        <ele>374.44</ele>
      </trkpt>
      <trkpt lat="48.648288985714316" lon="6.122624957934022">
        <ele>374.89</ele>
      </trkpt>
      <trkpt lat="48.64810592494905" lon="6.12276996485889">
        <ele>375.29</ele>
      </trkpt>
      <trkpt lat="48.64793694578111" lon="6.122884294018149">
        <ele>375.68</ele>
      </trkpt>
      <trkpt lat="48.64793694578111" lon="6.122884377837181">
        <ele>375.98</ele>
      </trkpt>
      <trkpt lat="48.64793694578111" lon="6.122884461656213">
        <ele>376.24</ele>
      </trkpt>
      <trkpt lat="48.64776796661317" lon="6.122998958453536">
        <ele>376.53</ele>
      </trkpt>
      <trkpt lat="48.64747694693506" lon="6.123109934851527">
        <ele>376.76</ele>
      </trkpt>
      <trkpt lat="48.64726496860385" lon="6.1231189873069525">
        <ele>376.9</ele>
      </trkpt>
      <trkpt lat="48.647168995812535" lon="6.123016979545355">
        <ele>376.99</ele>
      </trkpt>
      <trkpt lat="48.64707394503057" lon="6.122932992875576">
        <ele>377.04</ele>
      </trkpt>
      <trkpt lat="48.646957939490676" lon="6.122831990942359">
        <ele>377.03</ele>
      </trkpt>
      <trkpt lat="48.64679893478751" lon="6.122647924348712">
        <ele>376.96</ele>
      </trkpt>
      <trkpt lat="48.64662492647767" lon="6.122474921867251">
        <ele>376.88</ele>
      </trkpt>
      <trkpt lat="48.646421916782856" lon="6.122259926050901">
        <ele>376.81</ele>
      </trkpt>
      <trkpt lat="48.64628185518086" lon="6.122094299644232">
        <ele>376.72</ele>
      </trkpt>
      <trkpt lat="48.64614196121693" lon="6.121928924694657">
        <ele>376.63</ele>
      </trkpt>
      <trkpt lat="48.646115977317095" lon="6.121893972158432">
        <ele>376.5</ele>
      </trkpt>
      <trkpt lat="48.646076917648315" lon="6.1218219716101885">
        <ele>376.37</ele>
      </trkpt>
      <trkpt lat="48.64601296372712" lon="6.121739996597171">
        <ele>376.21</ele>
      </trkpt>
      <trkpt lat="48.64588991738856" lon="6.121676964685321">
        <ele>376.06</ele>
      </trkpt>
      <trkpt lat="48.6456582415849" lon="6.121431794017553">
        <ele>375.88</ele>
      </trkpt>
      <trkpt lat="48.645426984876394" lon="6.121186958625913">
        <ele>375.7</ele>
      </trkpt>
      <trkpt lat="48.64535397849977" lon="6.121104983612895">
        <ele>375.52</ele>
      </trkpt>
      <trkpt lat="48.64520729519427" lon="6.1209303047508">
        <ele>375.35</ele>
      </trkpt>
      <trkpt lat="48.64506094716489" lon="6.120755961164832">
        <ele>375.18</ele>
      </trkpt>
      <trkpt lat="48.64502398297191" lon="6.120698964223266">
        <ele>375.01</ele>
      </trkpt>
      <trkpt lat="48.64498391747475" lon="6.120646996423602">
        <ele>374.86</ele>
      </trkpt>
      <trkpt lat="48.64481996744871" lon="6.120472988113761">
        <ele>374.68</ele>
      </trkpt>
      <trkpt lat="48.644740926101804" lon="6.120366957038641">
        <ele>374.58</ele>
      </trkpt>
      <trkpt lat="48.64466096274555" lon="6.120277941226959">
        <ele>374.51</ele>
      </trkpt>
      <trkpt lat="48.64462098106742" lon="6.120225973427296">
        <ele>374.48</ele>
      </trkpt>
      <trkpt lat="48.64453598856926" lon="6.120118936523795">
        <ele>374.49</ele>
      </trkpt>
      <trkpt lat="48.64439492113888" lon="6.119946939870715">
        <ele>374.53</ele>
      </trkpt>
      <trkpt lat="48.64424295723438" lon="6.119770919904113">
        <ele>374.61</ele>
      </trkpt>
      <trkpt lat="48.644138937816024" lon="6.119650974869728">
        <ele>374.75</ele>
      </trkpt>
      <trkpt lat="48.644052939489484" lon="6.119533963501453">
        <ele>374.94</ele>
      </trkpt>
      <trkpt lat="48.64398093894124" lon="6.119433967396617">
        <ele>375.18</ele>
      </trkpt>
      <trkpt lat="48.643949925899506" lon="6.119388956576586">
        <ele>375.48</ele>
      </trkpt>
      <trkpt lat="48.64380299113691" lon="6.119174966588616">
        <ele>375.89</ele>
      </trkpt>
      <trkpt lat="48.64371799863875" lon="6.119079999625683">
        <ele>376.32</ele>
      </trkpt>
      <trkpt lat="48.64366292953491" lon="6.119023924693465">
        <ele>376.79</ele>
      </trkpt>
      <trkpt lat="48.64361498504877" lon="6.118972962722182">
        <ele>377.31</ele>
      </trkpt>
      <trkpt lat="48.643563939258456" lon="6.118910936638713">
        <ele>377.87</ele>
      </trkpt>
      <trkpt lat="48.64349998533726" lon="6.118821920827031">
        <ele>378.48</ele>
      </trkpt>
      <trkpt lat="48.64343795925379" lon="6.118727959692478">
        <ele>379.13</ele>
      </trkpt>
      <trkpt lat="48.64340292289853" lon="6.118683954700828">
        <ele>379.78</ele>
      </trkpt>
      <trkpt lat="48.64337299950421" lon="6.118640955537558">
        <ele>380.46</ele>
      </trkpt>
      <trkpt lat="48.6433129850775" lon="6.118568954989314">
        <ele>381.17</ele>
      </trkpt>
      <trkpt lat="48.643215922638774" lon="6.118451943621039">
        <ele>381.93</ele>
      </trkpt>
      <trkpt lat="48.64311399869621" lon="6.118328981101513">
        <ele>382.69</ele>
      </trkpt>
      <trkpt lat="48.64295935258269" lon="6.118153799325228">
        <ele>383.41</ele>
      </trkpt>
      <trkpt lat="48.64280495792627" lon="6.117978952825069">
        <ele>384.08</ele>
      </trkpt>
      <trkpt lat="48.64267730154097" lon="6.117806285619736">
        <ele>384.73</ele>
      </trkpt>
      <trkpt lat="48.642549980431795" lon="6.117633953690529">
        <ele>385.37</ele>
      </trkpt>
      <trkpt lat="48.64231998100877" lon="6.117374952882528">
        <ele>386.04</ele>
      </trkpt>
      <trkpt lat="48.64219995215535" lon="6.117210919037461">
        <ele>386.67</ele>
      </trkpt>
      <trkpt lat="48.64209098741412" lon="6.117074964568019">
        <ele>387.27</ele>
      </trkpt>
      <trkpt lat="48.64197598770261" lon="6.116908919066191">
        <ele>387.84</ele>
      </trkpt>
      <trkpt lat="48.64187699742615" lon="6.116763995960355">
        <ele>388.33</ele>
      </trkpt>
      <trkpt lat="48.641821928322315" lon="6.116663999855518">
        <ele>388.76</ele>
      </trkpt>
      <trkpt lat="48.64187699742615" lon="6.116457972675562">
        <ele>389.21</ele>
      </trkpt>
      <trkpt lat="48.64191194996238" lon="6.116365939378738">
        <ele>389.5</ele>
      </trkpt>
      <trkpt lat="48.64204396493733" lon="6.116031920537353">
        <ele>389.74</ele>
      </trkpt>
      <trkpt lat="48.642138596624136" lon="6.115815080702305">
        <ele>389.92</ele>
      </trkpt>
      <trkpt lat="48.64223297685385" lon="6.115598995238543">
        <ele>390.04</ele>
      </trkpt>
      <trkpt lat="48.64232199266553" lon="6.11542196944356">
        <ele>390.06</ele>
      </trkpt>
      <trkpt lat="48.642554925754666" lon="6.115145953372121">
        <ele>389.97</ele>
      </trkpt>
      <trkpt lat="48.64279791712761" lon="6.1149549297988415">
        <ele>389.76</ele>
      </trkpt>
      <trkpt lat="48.6429485399276" lon="6.114827357232571">
        <ele>389.53</ele>
      </trkpt>
      <trkpt lat="48.64309899508953" lon="6.114699952304363">
        <ele>389.22</ele>
      </trkpt>
      <trkpt lat="48.643218940123916" lon="6.1145599745213985">
        <ele>388.93</ele>
      </trkpt>
      <trkpt lat="48.64335799589753" lon="6.114424942061305">
        <ele>388.58</ele>
      </trkpt>
      <trkpt lat="48.64342697896063" lon="6.114371968433261">
        <ele>388.22</ele>
      </trkpt>
      <trkpt lat="48.64350593648851" lon="6.114334920421243">
        <ele>387.85</ele>
      </trkpt>
      <trkpt lat="48.64367198199034" lon="6.114302985370159">
        <ele>387.45</ele>
      </trkpt>
      <trkpt lat="48.64382897503674" lon="6.114312959834933">
        <ele>387.04</ele>
      </trkpt>
      <trkpt lat="48.643904998898506" lon="6.114324945956469">
        <ele>386.65</ele>
      </trkpt>
      <trkpt lat="48.64397498778999" lon="6.114331986755133">
        <ele>386.26</ele>
      </trkpt>
      <trkpt lat="48.64415545016527" lon="6.114355456084013">
        <ele>385.86</ele>
      </trkpt>
      <trkpt lat="48.64433599635959" lon="6.114378925412893">
        <ele>385.47</ele>
      </trkpt>
      <trkpt lat="48.64452492445707" lon="6.114338943734765">
        <ele>385.11</ele>
      </trkpt>
      <trkpt lat="48.64464897662401" lon="6.114171976223588">
        <ele>384.74</ele>
      </trkpt>
      <trkpt lat="48.64457999356091" lon="6.113969972357154">
        <ele>384.49</ele>
      </trkpt>
      <trkpt lat="48.64455593749881" lon="6.113925967365503">
        <ele>384.26</ele>
      </trkpt>
      <trkpt lat="48.64446792751551" lon="6.113781966269016">
        <ele>384.09</ele>
      </trkpt>
      <trkpt lat="48.644416965544224" lon="6.113676941022277">
        <ele>383.91</ele>
      </trkpt>
      <trkpt lat="48.64430992864072" lon="6.113474937155843">
        <ele>383.77</ele>
      </trkpt>
      <trkpt lat="48.64427899941802" lon="6.113426992669702">
        <ele>383.7</ele>
      </trkpt>
      <trkpt lat="48.64415092393756" lon="6.113150976598263">
        <ele>383.65</ele>
      </trkpt>
      <trkpt lat="48.64401698112488" lon="6.112915948033333">
        <ele>383.69</ele>
      </trkpt>
      <trkpt lat="48.643966941162944" lon="6.112813940271735">
        <ele>383.78</ele>
      </trkpt>
      <trkpt lat="48.64389795809984" lon="6.112651918083429">
        <ele>383.91</ele>
      </trkpt>
      <trkpt lat="48.64376292563975" lon="6.112366933375597">
        <ele>384.15</ele>
      </trkpt>
      <trkpt lat="48.643733924254775" lon="6.112317983061075">
        <ele>384.35</ele>
      </trkpt>
      <trkpt lat="48.64365899004042" lon="6.112148920074105">
        <ele>384.61</ele>
      </trkpt>
      <trkpt lat="48.643517922610044" lon="6.111852955073118">
        <ele>384.85</ele>
      </trkpt>
      <trkpt lat="48.643410969525576" lon="6.111624967306852">
        <ele>385.11</ele>
      </trkpt>
      <trkpt lat="48.643343998119235" lon="6.111464956775308">
        <ele>385.38</ele>
      </trkpt>
      <trkpt lat="48.64324794150889" lon="6.111261947080493">
        <ele>385.7</ele>
      </trkpt>
      <trkpt lat="48.64309991709888" lon="6.110960952937603">
        <ele>386.05</ele>
      </trkpt>
      <trkpt lat="48.64297091960907" lon="6.1106939893215895">
        <ele>386.42</ele>
      </trkpt>
      <trkpt lat="48.64281392656267" lon="6.110365921631455">
        <ele>386.76</ele>
      </trkpt>
      <trkpt lat="48.64270898513496" lon="6.110140951350331">
        <ele>387.06</ele>
      </trkpt>
      <trkpt lat="48.642635978758335" lon="6.1099789291620255">
        <ele>387.34</ele>
      </trkpt>
      <trkpt lat="48.64252491854131" lon="6.109762927517295">
        <ele>387.61</ele>
      </trkpt>
      <trkpt lat="48.64239575341344" lon="6.109493030235171">
        <ele>387.8</ele>
      </trkpt>
      <trkpt lat="48.64226692356169" lon="6.109223971143365">
        <ele>387.94</ele>
      </trkpt>
      <trkpt lat="48.64221998490393" lon="6.109091956168413">
        <ele>388.1</ele>
      </trkpt>
      <trkpt lat="48.64232894964516" lon="6.108796996995807">
        <ele>388.29</ele>
      </trkpt>
      <trkpt lat="48.64239793270826" lon="6.108678979799151">
        <ele>388.42</ele>
      </trkpt>
      <trkpt lat="48.64247697405517" lon="6.108537996187806">
        <ele>388.48</ele>
      </trkpt>
      <trkpt lat="48.642615946009755" lon="6.108344960957766">
        <ele>388.53</ele>
      </trkpt>
      <trkpt lat="48.6426689196378" lon="6.108285952359438">
        <ele>388.57</ele>
      </trkpt>
      <trkpt lat="48.642726922407746" lon="6.108224932104349">
        <ele>388.59</ele>
      </trkpt>
      <trkpt lat="48.64277696236968" lon="6.10816097818315">
        <ele>388.6</ele>
      </trkpt>
      <trkpt lat="48.64287092350423" lon="6.108024939894676">
        <ele>388.62</ele>
      </trkpt>
      <trkpt lat="48.64299598149955" lon="6.107871970161796">
        <ele>388.64</ele>
      </trkpt>
      <trkpt lat="48.643172923475504" lon="6.1076679546386">
        <ele>388.69</ele>
      </trkpt>
      <trkpt lat="48.64328398369253" lon="6.107574999332428">
        <ele>388.71</ele>
      </trkpt>
      <trkpt lat="48.64348414354026" lon="6.1073292419314384">
        <ele>388.7</ele>
      </trkpt>
      <trkpt lat="48.64368396811187" lon="6.107083987444639">
        <ele>388.74</ele>
      </trkpt>
      <trkpt lat="48.64391698502004" lon="6.106812916696072">
        <ele>388.71</ele>
      </trkpt>
      <trkpt lat="48.64396492950618" lon="6.106755919754505">
        <ele>388.76</ele>
      </trkpt>
      <trkpt lat="48.64415192976594" lon="6.106537990272045">
        <ele>388.8</ele>
      </trkpt>
      <trkpt lat="48.644183948636055" lon="6.10648593865335">
        <ele>388.93</ele>
      </trkpt>
      <trkpt lat="48.64437094889581" lon="6.106256945058703">
        <ele>389.01</ele>
      </trkpt>
      <trkpt lat="48.644462982192636" lon="6.10616197809577">
        <ele>389.22</ele>
      </trkpt>
      <trkpt lat="48.644658951088786" lon="6.1059479881078005">
        <ele>389.46</ele>
      </trkpt>
      <trkpt lat="48.64473195746541" lon="6.105848997831345">
        <ele>389.77</ele>
      </trkpt>
      <trkpt lat="48.64485198631883" lon="6.1057179886847734">
        <ele>390.15</ele>
      </trkpt>
      <trkpt lat="48.6450379807502" lon="6.105512967333198">
        <ele>390.59</ele>
      </trkpt>
      <trkpt lat="48.64524794742465" lon="6.105280956253409">
        <ele>391.15</ele>
      </trkpt>
      <trkpt lat="48.645302932709455" lon="6.105024972930551">
        <ele>391.79</ele>
      </trkpt>
      <trkpt lat="48.645257921889424" lon="6.104835961014032">
        <ele>392.43</ele>
      </trkpt>
      <trkpt lat="48.64518499933183" lon="6.104627922177315">
        <ele>393.1</ele>
      </trkpt>
      <trkpt lat="48.645131941884756" lon="6.104440921917558">
        <ele>393.82</ele>
      </trkpt>
      <trkpt lat="48.645010152831674" lon="6.104055605828762">
        <ele>394.61</ele>
      </trkpt>
      <trkpt lat="48.64488895051181" lon="6.103671966120601">
        <ele>395.44</ele>
      </trkpt>
      <trkpt lat="48.64480194635689" lon="6.103421933948994">
        <ele>396.29</ele>
      </trkpt>
      <trkpt lat="48.64473296329379" lon="6.103200986981392">
        <ele>397.14</ele>
      </trkpt>
      <trkpt lat="48.64460698328912" lon="6.102848947048187">
        <ele>397.93</ele>
      </trkpt>
      <trkpt lat="48.64457999356091" lon="6.102769989520311">
        <ele>398.69</ele>
      </trkpt>
      <trkpt lat="48.64456297829747" lon="6.102742999792099">
        <ele>399.44</ele>
      </trkpt>
      <trkpt lat="48.64443096332252" lon="6.102448962628841">
        <ele>400.19</ele>
      </trkpt>
      <trkpt lat="48.64429668523371" lon="6.102117793634534">
        <ele>400.94</ele>
      </trkpt>
      <trkpt lat="48.644162993878126" lon="6.101787965744734">
        <ele>401.68</ele>
      </trkpt>
      <trkpt lat="48.64404992200434" lon="6.10147993080318">
        <ele>402.37</ele>
      </trkpt>
      <trkpt lat="48.64391991868615" lon="6.101128980517387">
        <ele>403.02</ele>
      </trkpt>
      <trkpt lat="48.64379125647247" lon="6.100856484845281">
        <ele>403.56</ele>
      </trkpt>
      <trkpt lat="48.64366292953491" lon="6.1005849950015545">
        <ele>404.01</ele>
      </trkpt>
      <trkpt lat="48.64358330145478" lon="6.100299842655659">
        <ele>404.36</ele>
      </trkpt>
      <trkpt lat="48.64350392483175" lon="6.100015947595239">
        <ele>404.61</ele>
      </trkpt>
      <trkpt lat="48.643432930111885" lon="6.099856942892075">
        <ele>404.79</ele>
      </trkpt>
      <trkpt lat="48.643410969525576" lon="6.099805980920792">
        <ele>404.89</ele>
      </trkpt>
      <trkpt lat="48.643391942605376" lon="6.099639935418963">
        <ele>404.9</ele>
      </trkpt>
      <trkpt lat="48.64337492734194" lon="6.099581932649016">
        <ele>404.82</ele>
      </trkpt>
      <trkpt lat="48.64329194650054" lon="6.099136937409639">
        <ele>404.57</ele>
      </trkpt>
      <trkpt lat="48.64326084963977" lon="6.098855724558234">
        <ele>404.3</ele>
      </trkpt>
      <trkpt lat="48.64322992041707" lon="6.098575936630368">
        <ele>403.9</ele>
      </trkpt>
      <trkpt lat="48.64323394373059" lon="6.098473928868771">
        <ele>403.45</ele>
      </trkpt>
      <trkpt lat="48.643262945115566" lon="6.09827795997262">
        <ele>402.89</ele>
      </trkpt>
      <trkpt lat="48.64333796314895" lon="6.0979129280894995">
        <ele>402.19</ele>
      </trkpt>
      <trkpt lat="48.643390936776996" lon="6.097762975841761">
        <ele>401.49</ele>
      </trkpt>
      <trkpt lat="48.64341893233359" lon="6.09761293977499">
        <ele>400.67</ele>
      </trkpt>
      <trkpt lat="48.64342295564711" lon="6.097572958096862">
        <ele>399.81</ele>
      </trkpt>
      <trkpt lat="48.643430918455124" lon="6.097305994480848">
        <ele>398.83</ele>
      </trkpt>
      <trkpt lat="48.6434149928391" lon="6.097172973677516">
        <ele>397.83</ele>
      </trkpt>
      <trkpt lat="48.64329596981406" lon="6.096962923184037">
        <ele>396.69</ele>
      </trkpt>
      <trkpt lat="48.64319798536599" lon="6.09679494984448">
        <ele>395.49</ele>
      </trkpt>
      <trkpt lat="48.64314098842442" lon="6.096712974831462">
        <ele>394.31</ele>
      </trkpt>
      <trkpt lat="48.643024982884526" lon="6.0965649504214525">
        <ele>393.03</ele>
      </trkpt>
      <trkpt lat="48.64290998317301" lon="6.096457997336984">
        <ele>391.67</ele>
      </trkpt>
      <trkpt lat="48.64277293905616" lon="6.096368981525302">
        <ele>390.26</ele>
      </trkpt>
      <trkpt lat="48.642633967101574" lon="6.09627895988524">
        <ele>388.83</ele>
      </trkpt>
      <trkpt lat="48.64250999875367" lon="6.096179969608784">
        <ele>387.38</ele>
      </trkpt>
      <trkpt lat="48.64238996990025" lon="6.096094977110624">
        <ele>385.99</ele>
      </trkpt>
      <trkpt lat="48.6422579549253" lon="6.095985928550363">
        <ele>384.58</ele>
      </trkpt>
      <trkpt lat="48.64202493801713" lon="6.095761964097619">
        <ele>383.16</ele>
      </trkpt>
      <trkpt lat="48.64196391776204" lon="6.095705972984433">
        <ele>381.77</ele>
      </trkpt>
      <trkpt lat="48.64178697578609" lon="6.0955609660595655">
        <ele>380.36</ele>
      </trkpt>
      <trkpt lat="48.64154892973602" lon="6.095309928059578">
        <ele>378.88</ele>
      </trkpt>
      <trkpt lat="48.64149495027959" lon="6.095236921682954">
        <ele>377.46</ele>
      </trkpt>
      <trkpt lat="48.64131599664688" lon="6.095045981928706">
        <ele>376.01</ele>
      </trkpt>
      <trkpt lat="48.641128996387124" lon="6.094901980832219">
        <ele>374.58</ele>
      </trkpt>
      <trkpt lat="48.64102195948362" lon="6.094772983342409">
        <ele>373.15</ele>
      </trkpt>
      <trkpt lat="48.640917940065265" lon="6.094639962539077">
        <ele>371.74</ele>
      </trkpt>
      <trkpt lat="48.64082297310233" lon="6.094492943957448">
        <ele>370.35</ele>
      </trkpt>
      <trkpt lat="48.64065499976277" lon="6.0942919459193945">
        <ele>368.96</ele>
      </trkpt>
      <trkpt lat="48.64058895036578" lon="6.094232937321067">
        <ele>367.62</ele>
      </trkpt>
      <trkpt lat="48.64032592624426" lon="6.094038980081677">
        <ele>366.23</ele>
      </trkpt>
      <trkpt lat="48.64026398397982" lon="6.094007967039943">
        <ele>364.91</ele>
      </trkpt>
      <trkpt lat="48.64019894041121" lon="6.093985922634602">
        <ele>363.61</ele>
      </trkpt>
      <trkpt lat="48.64006692543626" lon="6.093938983976841">
        <ele>362.31</ele>
      </trkpt>
      <trkpt lat="48.63994195125997" lon="6.093907970935106">
        <ele>361.01</ele>
      </trkpt>
      <trkpt lat="48.639756962656975" lon="6.093837982043624">
        <ele>359.69</ele>
      </trkpt>
      <trkpt lat="48.639694936573505" lon="6.0938269179314375">
        <ele>358.44</ele>
      </trkpt>
      <trkpt lat="48.63962293602526" lon="6.093824990093708">
        <ele>357.21</ele>
      </trkpt>
      <trkpt lat="48.63949393853545" lon="6.093805963173509">
        <ele>355.97</ele>
      </trkpt>
      <trkpt lat="48.63935898989439" lon="6.093779979273677">
        <ele>354.76</ele>
      </trkpt>
      <trkpt lat="48.639288917183876" lon="6.09376598149538">
        <ele>353.58</ele>
      </trkpt>
      <trkpt lat="48.639154974371195" lon="6.093724993988872">
        <ele>352.4</ele>
      </trkpt>
      <trkpt lat="48.63898892886937" lon="6.093681994825602">
        <ele>351.22</ele>
      </trkpt>
      <trkpt lat="48.63881894387305" lon="6.09363698400557">
        <ele>350.04</ele>
      </trkpt>
      <trkpt lat="48.63862599246204" lon="6.0935609601438046">
        <ele>348.91</ele>
      </trkpt>
      <trkpt lat="48.638468999415636" lon="6.09346498735249">
        <ele>347.77</ele>
      </trkpt>
      <trkpt lat="48.63838995806873" lon="6.093423999845982">
        <ele>346.75</ele>
      </trkpt>
      <trkpt lat="48.63830798305571" lon="6.093390975147486">
        <ele>345.76</ele>
      </trkpt>
      <trkpt lat="48.63813799805939" lon="6.093329954892397">
        <ele>344.78</ele>
      </trkpt>
      <trkpt lat="48.637949991971254" lon="6.093258960172534">
        <ele>343.89</ele>
      </trkpt>
      <trkpt lat="48.63775393925607" lon="6.093226941302419">
        <ele>343.09</ele>
      </trkpt>
      <trkpt lat="48.6375729739666" lon="6.093200957402587">
        <ele>342.37</ele>
      </trkpt>
      <trkpt lat="48.637475995346904" lon="6.093180924654007">
        <ele>341.71</ele>
      </trkpt>
      <trkpt lat="48.6372949462384" lon="6.093147983774543">
        <ele>341.11</ele>
      </trkpt>
      <trkpt lat="48.63721598871052" lon="6.093136919662356">
        <ele>340.58</ele>
      </trkpt>
      <trkpt lat="48.637136947363615" lon="6.0931159649044275">
        <ele>340.1</ele>
      </trkpt>
      <trkpt lat="48.63706192933023" lon="6.093081934377551">
        <ele>339.7</ele>
      </trkpt>
      <trkpt lat="48.63688792102039" lon="6.0929799266159534">
        <ele>339.31</ele>
      </trkpt>
      <trkpt lat="48.63662799820304" lon="6.092835925519466">
        <ele>339.04</ele>
      </trkpt>
      <trkpt lat="48.63646094687283" lon="6.092731989920139">
        <ele>338.85</ele>
      </trkpt>
      <trkpt lat="48.636384923011065" lon="6.092672981321812">
        <ele>338.8</ele>
      </trkpt>
      <trkpt lat="48.63629096187651" lon="6.092542978003621">
        <ele>338.88</ele>
      </trkpt>
      <trkpt lat="48.63624796271324" lon="6.092346925288439">
        <ele>339.09</ele>
      </trkpt>
      <trkpt lat="48.63624796271324" lon="6.0922919400036335">
        <ele>339.38</ele>
      </trkpt>
      <trkpt lat="48.63625098019838" lon="6.0922059416770935">
        <ele>339.77</ele>
      </trkpt>
      <trkpt lat="48.6362449452281" lon="6.092137964442372">
        <ele>340.23</ele>
      </trkpt>
      <trkpt lat="48.63624695688486" lon="6.092031933367252">
        <ele>340.8</ele>
      </trkpt>
      <trkpt lat="48.63624796271324" lon="6.091965967789292">
        <ele>341.4</ele>
      </trkpt>
      <trkpt lat="48.63625098019838" lon="6.091935960575938">
        <ele>342.0</ele>
      </trkpt>
      <trkpt lat="48.636256931349635" lon="6.091908970847726">
        <ele>342.64</ele>
      </trkpt>
      <trkpt lat="48.63626992329955" lon="6.091822972521186">
        <ele>343.37</ele>
      </trkpt>
      <trkpt lat="48.63626698963344" lon="6.091794976964593">
        <ele>344.08</ele>
      </trkpt>
      <trkpt lat="48.63627092912793" lon="6.091722976416349">
        <ele>344.86</ele>
      </trkpt>
      <trkpt lat="48.636276964098215" lon="6.091700932011008">
        <ele>345.58</ele>
      </trkpt>
      <trkpt lat="48.63629096187651" lon="6.091656927019358">
        <ele>346.32</ele>
      </trkpt>
      <trkpt lat="48.63630797713995" lon="6.0916239861398935">
        <ele>347.04</ele>
      </trkpt>
      <trkpt lat="48.63633496686816" lon="6.091567995026708">
        <ele>347.76</ele>
      </trkpt>
      <trkpt lat="48.63637092523277" lon="6.091521978378296">
        <ele>348.47</ele>
      </trkpt>
      <trkpt lat="48.6364019382745" lon="6.0914519894868135">
        <ele>349.16</ele>
      </trkpt>
      <trkpt lat="48.63645197823644" lon="6.091372948139906">
        <ele>349.84</ele>
      </trkpt>
      <trkpt lat="48.63647896796465" lon="6.091313939541578">
        <ele>350.47</ele>
      </trkpt>
      <trkpt lat="48.63650193437934" lon="6.091283932328224">
        <ele>351.02</ele>
      </trkpt>
      <trkpt lat="48.63649698905647" lon="6.091279992833734">
        <ele>351.51</ele>
      </trkpt>
      <trkpt lat="48.636344941332936" lon="6.09133992344141">
        <ele>351.91</ele>
      </trkpt>
      <trkpt lat="48.63626891747117" lon="6.091376971453428">
        <ele>352.31</ele>
      </trkpt>
      <trkpt lat="48.63611997105181" lon="6.091417958959937">
        <ele>352.65</ele>
      </trkpt>
      <trkpt lat="48.63602198660374" lon="6.091458946466446">
        <ele>352.94</ele>
      </trkpt>
      <trkpt lat="48.63591997884214" lon="6.091490965336561">
        <ele>353.19</ele>
      </trkpt>
      <trkpt lat="48.635848984122276" lon="6.091513931751251">
        <ele>353.44</ele>
      </trkpt>
      <trkpt lat="48.6358339805156" lon="6.09150898642838">
        <ele>353.73</ele>
      </trkpt>
      <trkpt lat="48.635765919461846" lon="6.091483924537897">
        <ele>354.03</ele>
      </trkpt>
      <trkpt lat="48.6356629896909" lon="6.091442937031388">
        <ele>354.35</ele>
      </trkpt>
      <trkpt lat="48.6354074254632" lon="6.0912879556417465">
        <ele>354.74</ele>
      </trkpt>
      <trkpt lat="48.63515194505453" lon="6.091132974252105">
        <ele>354.92</ele>
      </trkpt>
      <trkpt lat="48.63491783849895" lon="6.090933820232749">
        <ele>355.15</ele>
      </trkpt>
      <trkpt lat="48.634683983400464" lon="6.090734917670488">
        <ele>355.41</ele>
      </trkpt>
      <trkpt lat="48.63463696092367" lon="6.090684961527586">
        <ele>355.65</ele>
      </trkpt>
      <trkpt lat="48.63459697924554" lon="6.090658977627754">
        <ele>355.88</ele>
      </trkpt>
      <trkpt lat="48.634492959827185" lon="6.090578930452466">
        <ele>356.12</ele>
      </trkpt>
      <trkpt lat="48.63433697260916" lon="6.090441970154643">
        <ele>356.34</ele>
      </trkpt>
      <trkpt lat="48.63428693264723" lon="6.090405927971005">
        <ele>356.6</ele>
      </trkpt>
      <trkpt lat="48.63427293486893" lon="6.090388996526599">
        <ele>356.91</ele>
      </trkpt>
      <trkpt lat="48.63426296040416" lon="6.090379944071174">
        <ele>357.24</ele>
      </trkpt>
      <trkpt lat="48.6342279240489" lon="6.090348931029439">
        <ele>357.59</ele>
      </trkpt>
      <trkpt lat="48.634170927107334" lon="6.090297969058156">
        <ele>357.97</ele>
      </trkpt>
      <trkpt lat="48.63414695486426" lon="6.09026393853128">
        <ele>358.41</ele>
      </trkpt>
      <trkpt lat="48.634128933772445" lon="6.090243989601731">
        <ele>358.86</ele>
      </trkpt>
      <trkpt lat="48.63408895209432" lon="6.0901989787817">
        <ele>359.35</ele>
      </trkpt>
      <trkpt lat="48.63405399955809" lon="6.090137958526611">
        <ele>359.89</ele>
      </trkpt>
      <trkpt lat="48.63400999456644" lon="6.090058917179704">
        <ele>360.49</ele>
      </trkpt>
      <trkpt lat="48.63396397791803" lon="6.090004937723279">
        <ele>361.07</ele>
      </trkpt>
      <trkpt lat="48.633914943784475" lon="6.089908964931965">
        <ele>361.72</ele>
      </trkpt>
      <trkpt lat="48.633852917701006" lon="6.089786924421787">
        <ele>362.39</ele>
      </trkpt>
      <trkpt lat="48.63384294323623" lon="6.089739985764027">
        <ele>363.02</ele>
      </trkpt>
      <trkpt lat="48.633759962394834" lon="6.089577963575721">
        <ele>363.72</ele>
      </trkpt>
      <trkpt lat="48.6337099224329" lon="6.089514931663871">
        <ele>364.3</ele>
      </trkpt>
      <trkpt lat="48.633676981553435" lon="6.0894519835710526">
        <ele>364.89</ele>
      </trkpt>
      <trkpt lat="48.63365896046162" lon="6.08938098885119">
        <ele>365.48</ele>
      </trkpt>
      <trkpt lat="48.63365191966295" lon="6.08929893001914">
        <ele>366.07</ele>
      </trkpt>
      <trkpt lat="48.63364898599684" lon="6.0892219841480255">
        <ele>366.61</ele>
      </trkpt>
      <trkpt lat="48.63366398960352" lon="6.089062979444861">
        <ele>367.2</ele>
      </trkpt>
      <trkpt lat="48.63365191966295" lon="6.08897496946156">
        <ele>367.67</ele>
      </trkpt>
      <trkpt lat="48.6336269415915" lon="6.0889489855617285">
        <ele>368.04</ele>
      </trkpt>
      <trkpt lat="48.63360992632806" lon="6.0889519192278385">
        <ele>368.36</ele>
      </trkpt>
      <trkpt lat="48.63350993022323" lon="6.08890799805522">
        <ele>368.55</ele>
      </trkpt>
      <trkpt lat="48.633395936340094" lon="6.088684955611825">
        <ele>368.79</ele>
      </trkpt>
      <trkpt lat="48.633378921076655" lon="6.088668946176767">
        <ele>369.0</ele>
      </trkpt>
      <trkpt lat="48.63330096937716" lon="6.088620917871594">
        <ele>369.17</ele>
      </trkpt>
      <trkpt lat="48.63315495662391" lon="6.088494937866926">
        <ele>369.31</ele>
      </trkpt>
      <trkpt lat="48.63299494609237" lon="6.088318917900324">
        <ele>369.48</ele>
      </trkpt>
      <trkpt lat="48.632860919460654" lon="6.0882029961794615">
        <ele>369.59</ele>
      </trkpt>
      <trkpt lat="48.63280895166099" lon="6.088169971480966">
        <ele>369.64</ele>
      </trkpt>
      <trkpt lat="48.63273996859789" lon="6.088101994246244">
        <ele>369.67</ele>
      </trkpt>
      <trkpt lat="48.63261993974447" lon="6.08798892237246">
        <ele>369.69</ele>
      </trkpt>
      <trkpt lat="48.63251097500324" lon="6.0878869984298944">
        <ele>369.63</ele>
      </trkpt>
      <trkpt lat="48.632438974455" lon="6.087810974568129">
        <ele>369.51</ele>
      </trkpt>
      <trkpt lat="48.632383989170194" lon="6.087771998718381">
        <ele>369.36</ele>
      </trkpt>
      <trkpt lat="48.63228298723698" lon="6.087679965421557">
        <ele>369.17</ele>
      </trkpt>
      <trkpt lat="48.632131945341825" lon="6.087590949609876">
        <ele>368.95</ele>
      </trkpt>
      <trkpt lat="48.6320589389652" lon="6.0875309351831675">
        <ele>368.76</ele>
      </trkpt>
      <trkpt lat="48.63193094730377" lon="6.087306970730424">
        <ele>368.62</ele>
      </trkpt>
      <trkpt lat="48.63194192759693" lon="6.087172944098711">
        <ele>368.47</ele>
      </trkpt>
      <trkpt lat="48.63207092508674" lon="6.087005976587534">
        <ele>368.37</ele>
      </trkpt>
      <trkpt lat="48.63209095783532" lon="6.086916960775852">
        <ele>368.19</ele>
      </trkpt>
      <trkpt lat="48.632065979763865" lon="6.086852923035622">
        <ele>367.98</ele>
      </trkpt>
      <trkpt lat="48.632021974772215" lon="6.0867999494075775">
        <ele>367.76</ele>
      </trkpt>
      <trkpt lat="48.63194896839559" lon="6.086641950532794">
        <ele>367.57</ele>
      </trkpt>
      <trkpt lat="48.631786946207285" lon="6.0865269508212805">
        <ele>367.35</ele>
      </trkpt>
      <trkpt lat="48.63162492401898" lon="6.086411951109767">
        <ele>367.09</ele>
      </trkpt>
      <trkpt lat="48.63142593763769" lon="6.086284965276718">
        <ele>366.79</ele>
      </trkpt>
      <trkpt lat="48.631375981494784" lon="6.086254958063364">
        <ele>366.57</ele>
      </trkpt>
      <trkpt lat="48.63127397373319" lon="6.0861909203231335">
        <ele>366.34</ele>
      </trkpt>
      <trkpt lat="48.63110792823136" lon="6.086066951975226">
        <ele>366.12</ele>
      </trkpt>
      <trkpt lat="48.63091497682035" lon="6.085850950330496">
        <ele>365.97</ele>
      </trkpt>
      <trkpt lat="48.63095655106008" lon="6.0854363813996315">
        <ele>365.9</ele>
      </trkpt>
      <trkpt lat="48.63099795766175" lon="6.085023991763592">
        <ele>365.85</ele>
      </trkpt>
      <trkpt lat="48.63100298680365" lon="6.0849639773368835">
        <ele>365.83</ele>
      </trkpt>
      <trkpt lat="48.63107666373253" lon="6.08470338396728">
        <ele>365.86</ele>
      </trkpt>
      <trkpt lat="48.63114992156625" lon="6.084443964064121">
        <ele>365.97</ele>
      </trkpt>
      <trkpt lat="48.63131697289646" lon="6.084251934662461">
        <ele>366.09</ele>
      </trkpt>
      <trkpt lat="48.63137195818126" lon="6.0842109471559525">
        <ele>366.28</ele>
      </trkpt>
      <trkpt lat="48.631549989804626" lon="6.084298957139254">
        <ele>366.56</ele>
      </trkpt>
      <trkpt lat="48.631589971482754" lon="6.0843319818377495">
        <ele>366.86</ele>
      </trkpt>
      <trkpt lat="48.6316979303956" lon="6.084442958235741">
        <ele>367.23</ele>
      </trkpt>
      <trkpt lat="48.631890546530485" lon="6.084624091163278">
        <ele>367.57</ele>
      </trkpt>
      <trkpt lat="48.632082995027304" lon="6.0848049726337194">
        <ele>368.05</ele>
      </trkpt>
      <trkpt lat="48.632214926183224" lon="6.084960959851742">
        <ele>368.62</ele>
      </trkpt>
      <trkpt lat="48.632300924509764" lon="6.0850499756634235">
        <ele>369.23</ele>
      </trkpt>
      <trkpt lat="48.632470490410924" lon="6.085177464410663">
        <ele>369.9</ele>
      </trkpt>
      <trkpt lat="48.63263997249305" lon="6.085304953157902">
        <ele>370.58</ele>
      </trkpt>
      <trkpt lat="48.63291640765965" lon="6.085398914292455">
        <ele>371.29</ele>
      </trkpt>
      <trkpt lat="48.63319292664528" lon="6.085492959246039">
        <ele>372.1</ele>
      </trkpt>
      <trkpt lat="48.633336927741766" lon="6.085510980337858">
        <ele>372.89</ele>
      </trkpt>
      <trkpt lat="48.63355494104326" lon="6.085551967844367">
        <ele>373.76</ele>
      </trkpt>
      <trkpt lat="48.63373339176178" lon="6.085572419688106">
        <ele>374.57</ele>
      </trkpt>
      <trkpt lat="48.633911926299334" lon="6.085592955350876">
        <ele>375.33</ele>
      </trkpt>
      <trkpt lat="48.63409389741719" lon="6.0856004152446985">
        <ele>376.12</ele>
      </trkpt>
      <trkpt lat="48.63427595235407" lon="6.085607958957553">
        <ele>376.93</ele>
      </trkpt>
      <trkpt lat="48.634511986747384" lon="6.085584992542863">
        <ele>377.74</ele>
      </trkpt>
      <trkpt lat="48.63472597673535" lon="6.085672918707132">
        <ele>378.6</ele>
      </trkpt>
      <trkpt lat="48.63492697477341" lon="6.085869977250695">
        <ele>379.42</ele>
      </trkpt>
      <trkpt lat="48.63505898974836" lon="6.086001992225647">
        <ele>380.2</ele>
      </trkpt>
      <trkpt lat="48.63506494089961" lon="6.086079943925142">
        <ele>380.96</ele>
      </trkpt>
      <trkpt lat="48.63504691980779" lon="6.086207935586572">
        <ele>381.73</ele>
      </trkpt>
      <trkpt lat="48.634993359446526" lon="6.0864565428346395">
        <ele>382.52</ele>
      </trkpt>
      <trkpt lat="48.63493996672332" lon="6.086703976616263">
        <ele>383.23</ele>
      </trkpt>
      <trkpt lat="48.63485975190997" lon="6.087045790627599">
        <ele>383.88</ele>
      </trkpt>
      <trkpt lat="48.63477995619178" lon="6.0873859282583">
        <ele>384.42</ele>
      </trkpt>
      <trkpt lat="48.6347113084048" lon="6.087671667337418">
        <ele>384.96</ele>
      </trkpt>
      <trkpt lat="48.634642995893955" lon="6.087955981492996">
        <ele>385.49</ele>
      </trkpt>
      <trkpt lat="48.63463595509529" lon="6.088001998141408">
        <ele>385.96</ele>
      </trkpt>
      <trkpt lat="48.63479194231331" lon="6.088122949004173">
        <ele>386.38</ele>
      </trkpt>
      <trkpt lat="48.63495144993067" lon="6.088215485215187">
        <ele>386.8</ele>
      </trkpt>
      <trkpt lat="48.63511095754802" lon="6.088307937607169">
        <ele>387.16</ele>
      </trkpt>
      <trkpt lat="48.635343639180064" lon="6.0885281302034855">
        <ele>387.52</ele>
      </trkpt>
      <trkpt lat="48.63557598553598" lon="6.088747987523675">
        <ele>387.79</ele>
      </trkpt>
      <trkpt lat="48.63577991724014" lon="6.08886499889195">
        <ele>387.98</ele>
      </trkpt>
      <trkpt lat="48.6360514909029" lon="6.089008497074246">
        <ele>388.05</ele>
      </trkpt>
      <trkpt lat="48.63632298074663" lon="6.089151995256543">
        <ele>388.08</ele>
      </trkpt>
      <trkpt lat="48.63652649335563" lon="6.089250482618809">
        <ele>388.11</ele>
      </trkpt>
      <trkpt lat="48.636729922145605" lon="6.089348969981074">
        <ele>388.11</ele>
      </trkpt>
      <trkpt lat="48.637005938217044" lon="6.0894089844077826">
        <ele>387.99</ele>
      </trkpt>
      <trkpt lat="48.63723593764007" lon="6.089398926123977">
        <ele>387.86</ele>
      </trkpt>
      <trkpt lat="48.637283965945244" lon="6.089394986629486">
        <ele>387.76</ele>
      </trkpt>
      <trkpt lat="48.637419920414686" lon="6.089378977194428">
        <ele>387.67</ele>
      </trkpt>
      <trkpt lat="48.63750994205475" lon="6.0893589444458485">
        <ele>387.54</ele>
      </trkpt>
      <trkpt lat="48.637611949816346" lon="6.089348969981074">
        <ele>387.39</ele>
      </trkpt>
      <trkpt lat="48.63766995258629" lon="6.089353999122977">
        <ele>387.19</ele>
      </trkpt>
      <trkpt lat="48.63793599419296" lon="6.089387945830822">
        <ele>386.98</ele>
      </trkpt>
      <trkpt lat="48.63809340633452" lon="6.089435471221805">
        <ele>386.75</ele>
      </trkpt>
      <trkpt lat="48.638250986114144" lon="6.089482996612787">
        <ele>386.51</ele>
      </trkpt>
      <trkpt lat="48.638402028009295" lon="6.089581483975053">
        <ele>386.27</ele>
      </trkpt>
      <trkpt lat="48.638552986085415" lon="6.089679971337318">
        <ele>386.0</ele>
      </trkpt>
      <trkpt lat="48.63853798247874" lon="6.089708972722292">
        <ele>385.64</ele>
      </trkpt>
      <trkpt lat="48.638550974428654" lon="6.089895972982049">
        <ele>385.28</ele>
      </trkpt>
      <trkpt lat="48.638577964156866" lon="6.090003931894898">
        <ele>384.88</ele>
      </trkpt>
      <trkpt lat="48.6385849211365" lon="6.090047936886549">
        <ele>384.44</ele>
      </trkpt>
      <trkpt lat="48.63855893723667" lon="6.0900819674134254">
        <ele>383.97</ele>
      </trkpt>
      <trkpt lat="48.63839599303901" lon="6.090130917727947">
        <ele>383.45</ele>
      </trkpt>
      <trkpt lat="48.638296918943524" lon="6.090426966547966">
        <ele>382.88</ele>
      </trkpt>
      <trkpt lat="48.638255847617984" lon="6.090660570189357">
        <ele>382.27</ele>
      </trkpt>
      <trkpt lat="48.63821494393051" lon="6.090892916545272">
        <ele>381.69</ele>
      </trkpt>
      <trkpt lat="48.63819591701031" lon="6.0910779889672995">
        <ele>381.1</ele>
      </trkpt>
      <trkpt lat="48.63809793256223" lon="6.091290973126888">
        <ele>380.55</ele>
      </trkpt>
      <trkpt lat="48.638101955875754" lon="6.091323997825384">
        <ele>379.97</ele>
      </trkpt>
      <trkpt lat="48.6382376588881" lon="6.091555170714855">
        <ele>379.33</ele>
      </trkpt>
      <trkpt lat="48.63823757506907" lon="6.0915550868958235">
        <ele>378.77</ele>
      </trkpt>
      <trkpt lat="48.6382376588881" lon="6.091555254533887">
        <ele>378.23</ele>
      </trkpt>
      <trkpt lat="48.63837294280529" lon="6.091785924509168">
        <ele>377.62</ele>
      </trkpt>
      <trkpt lat="48.63840697333217" lon="6.091882986947894">
        <ele>377.04</ele>
      </trkpt>
      <trkpt lat="48.63842097111046" lon="6.091896984726191">
        <ele>376.54</ele>
      </trkpt>
      <trkpt lat="48.638556925579906" lon="6.092028999701142">
        <ele>375.97</ele>
      </trkpt>
      <trkpt lat="48.638786002993584" lon="6.09217400662601">
        <ele>375.45</ele>
      </trkpt>
      <trkpt lat="48.63901499658823" lon="6.092318929731846">
        <ele>375.07</ele>
      </trkpt>
      <trkpt lat="48.63912295550108" lon="6.092432923614979">
        <ele>374.76</ele>
      </trkpt>
      <trkpt lat="48.63913192413747" lon="6.092458991333842">
        <ele>374.45</ele>
      </trkpt>
      <trkpt lat="48.63926997408271" lon="6.092312978580594">
        <ele>374.41</ele>
      </trkpt>
      <trkpt lat="48.639282966032624" lon="6.0921119805425406">
        <ele>374.25</ele>
      </trkpt>
      <trkpt lat="48.63925094716251" lon="6.092055989429355">
        <ele>374.07</ele>
      </trkpt>
      <trkpt lat="48.639113986864686" lon="6.092155985534191">
        <ele>373.82</ele>
      </trkpt>
      <trkpt lat="48.6390199419111" lon="6.092172916978598">
        <ele>373.66</ele>
      </trkpt>
      <trkpt lat="48.638940984383225" lon="6.092094965279102">
        <ele>373.6</ele>
      </trkpt>
      <trkpt lat="48.63893595524132" lon="6.0920769441872835">
        <ele>373.61</ele>
      </trkpt>
      <trkpt lat="48.638940984383225" lon="6.092034950852394">
        <ele>373.69</ele>
      </trkpt>
      <trkpt lat="48.638944923877716" lon="6.091919951140881">
        <ele>373.85</ele>
      </trkpt>
      <trkpt lat="48.638790948316455" lon="6.091798916459084">
        <ele>374.04</ele>
      </trkpt>
      <trkpt lat="48.63862993195653" lon="6.091730939224362">
        <ele>374.24</ele>
      </trkpt>
      <trkpt lat="48.63854996860027" lon="6.091578975319862">
        <ele>374.54</ele>
      </trkpt>
      <trkpt lat="48.638573940843344" lon="6.091360962018371">
        <ele>374.83</ele>
      </trkpt>
      <trkpt lat="48.638573940843344" lon="6.091355932876468">
        <ele>375.11</ele>
      </trkpt>
      <trkpt lat="48.63864996470511" lon="6.0913819167762995">
        <ele>375.4</ele>
      </trkpt>
      <trkpt lat="48.63866496831179" lon="6.091397926211357">
        <ele>375.74</ele>
      </trkpt>
      <trkpt lat="48.6386779602617" lon="6.091403961181641">
        <ele>376.12</ele>
      </trkpt>
      <trkpt lat="48.63873193971813" lon="6.091441931203008">
        <ele>376.51</ele>
      </trkpt>
      <trkpt lat="48.63887996412814" lon="6.091532958671451">
        <ele>376.9</ele>
      </trkpt>
      <trkpt lat="48.638940984383225" lon="6.091685928404331">
        <ele>377.34</ele>
      </trkpt>
      <trkpt lat="48.63896797411144" lon="6.091788941994309">
        <ele>377.82</ele>
      </trkpt>
      <trkpt lat="48.638986917212605" lon="6.091835964471102">
        <ele>378.34</ele>
      </trkpt>
      <trkpt lat="48.63911792635918" lon="6.091821966692805">
        <ele>378.93</ele>
      </trkpt>
      <trkpt lat="48.63920199684799" lon="6.091847950592637">
        <ele>379.52</ele>
      </trkpt>
      <trkpt lat="48.63935295492411" lon="6.091824984177947">
        <ele>380.18</ele>
      </trkpt>
      <trkpt lat="48.63933795131743" lon="6.091790953651071">
        <ele>380.77</ele>
      </trkpt>
      <trkpt lat="48.63938497379422" lon="6.091761952266097">
        <ele>381.4</ele>
      </trkpt>
      <trkpt lat="48.63957297988236" lon="6.092015923932195">
        <ele>382.13</ele>
      </trkpt>
      <trkpt lat="48.63963793963194" lon="6.092009972780943">
        <ele>382.79</ele>
      </trkpt>
      <trkpt lat="48.63978864625096" lon="6.092243744060397">
        <ele>383.47</ele>
      </trkpt>
      <trkpt lat="48.63993893377483" lon="6.092476928606629">
        <ele>384.07</ele>
      </trkpt>
      <trkpt lat="48.640015963464975" lon="6.0926509369164705">
        <ele>384.63</ele>
      </trkpt>
      <trkpt lat="48.64013599231839" lon="6.09264699742198">
        <ele>385.24</ele>
      </trkpt>
      <trkpt lat="48.640403961762786" lon="6.092432923614979">
        <ele>385.89</ele>
      </trkpt>
      <trkpt lat="48.640400944277644" lon="6.092373998835683">
        <ele>386.43</ele>
      </trkpt>
      <trkpt lat="48.64036599174142" lon="6.092091947793961">
        <ele>386.94</ele>
      </trkpt>
      <trkpt lat="48.64049297757447" lon="6.0917959827929735">
        <ele>387.45</ele>
      </trkpt>
      <trkpt lat="48.640573946759105" lon="6.091921962797642">
        <ele>387.92</ele>
      </trkpt>
      <trkpt lat="48.640593979507685" lon="6.09196194447577">
        <ele>388.34</ele>
      </trkpt>
      <trkpt lat="48.640851974487305" lon="6.092007961124182">
        <ele>388.87</ele>
      </trkpt>
      <trkpt lat="48.64082096144557" lon="6.091963956132531">
        <ele>389.2</ele>
      </trkpt>
      <trkpt lat="48.64078232087195" lon="6.0916681587696075">
        <ele>389.5</ele>
      </trkpt>
      <trkpt lat="48.64074393175542" lon="6.0913739539682865">
        <ele>389.8</ele>
      </trkpt>
      <trkpt lat="48.640807969495654" lon="6.091196928173304">
        <ele>390.08</ele>
      </trkpt>
      <trkpt lat="48.64085792563856" lon="6.091147977858782">
        <ele>390.28</ele>
      </trkpt>
      <trkpt lat="48.64089296199381" lon="6.091106990352273">
        <ele>390.43</ele>
      </trkpt>
      <trkpt lat="48.64090595394373" lon="6.091003976762295">
        <ele>390.53</ele>
      </trkpt>
      <trkpt lat="48.64081492647529" lon="6.090838937088847">
        <ele>390.48</ele>
      </trkpt>
      <trkpt lat="48.640787936747074" lon="6.090778922662139">
        <ele>390.47</ele>
      </trkpt>
      <trkpt lat="48.640764970332384" lon="6.09073793515563">
        <ele>390.43</ele>
      </trkpt>
      <trkpt lat="48.64076195284724" lon="6.090760985389352">
        <ele>390.37</ele>
      </trkpt>
      <trkpt lat="48.64073697477579" lon="6.090856958180666">
        <ele>390.28</ele>
      </trkpt>
      <trkpt lat="48.640721971169114" lon="6.090891994535923">
        <ele>390.15</ele>
      </trkpt>
      <trkpt lat="48.64059096202254" lon="6.091048987582326">
        <ele>389.95</ele>
      </trkpt>
      <trkpt lat="48.64049297757447" lon="6.091197934001684">
        <ele>389.76</ele>
      </trkpt>
      <trkpt lat="48.640444949269295" lon="6.0914879478514194">
        <ele>389.53</ele>
      </trkpt>
      <trkpt lat="48.64038493484259" lon="6.091662961989641">
        <ele>389.31</ele>
      </trkpt>
      <trkpt lat="48.6403669975698" lon="6.091688945889473">
        <ele>389.07</ele>
      </trkpt>
      <trkpt lat="48.64031896926463" lon="6.091740997508168">
        <ele>388.81</ele>
      </trkpt>
      <trkpt lat="48.64030195400119" lon="6.091783996671438">
        <ele>388.55</ele>
      </trkpt>
      <trkpt lat="48.64011394791305" lon="6.091776955872774">
        <ele>388.29</ele>
      </trkpt>
      <trkpt lat="48.6400199867785" lon="6.091731945052743">
        <ele>388.02</ele>
      </trkpt>
      <trkpt lat="48.63998796790838" lon="6.091690957546234">
        <ele>387.74</ele>
      </trkpt>
      <trkpt lat="48.639930970966816" lon="6.091532958671451">
        <ele>387.46</ele>
      </trkpt>
      <trkpt lat="48.63988193683326" lon="6.091496916487813">
        <ele>387.17</ele>
      </trkpt>
      <trkpt lat="48.63982594572008" lon="6.091376971453428">
        <ele>386.88</ele>
      </trkpt>
      <trkpt lat="48.639824939891696" lon="6.091348975896835">
        <ele>386.6</ele>
      </trkpt>
      <trkpt lat="48.63984799012542" lon="6.091254930943251">
        <ele>386.32</ele>
      </trkpt>
      <trkpt lat="48.63991194404662" lon="6.0910349898040295">
        <ele>386.04</ele>
      </trkpt>
      <trkpt lat="48.63994094543159" lon="6.090961983427405">
        <ele>385.77</ele>
      </trkpt>
      <trkpt lat="48.6400839406997" lon="6.09095293097198">
        <ele>385.49</ele>
      </trkpt>
      <trkpt lat="48.640145966783166" lon="6.09097296372056">
        <ele>385.22</ele>
      </trkpt>
      <trkpt lat="48.64014797843993" lon="6.0909639950841665">
        <ele>384.94</ele>
      </trkpt>
      <trkpt lat="48.64026297815144" lon="6.0908939223736525">
        <ele>384.66</ele>
      </trkpt>
      <trkpt lat="48.64032793790102" lon="6.090907920151949">
        <ele>384.4</ele>
      </trkpt>
      <trkpt lat="48.640512926504016" lon="6.090770959854126">
        <ele>384.16</ele>
      </trkpt>
      <trkpt lat="48.64053991623223" lon="6.090540960431099">
        <ele>383.85</ele>
      </trkpt>
      <trkpt lat="48.64043983630836" lon="6.090355636551976">
        <ele>383.55</ele>
      </trkpt>
      <trkpt lat="48.640339924022555" lon="6.090170983225107">
        <ele>383.29</ele>
      </trkpt>
      <trkpt lat="48.640171950683" lon="6.090187998488545">
        <ele>383.12</ele>
      </trkpt>
      <trkpt lat="48.6400199867785" lon="6.090208953246474">
        <ele>382.99</ele>
      </trkpt>
      <trkpt lat="48.639972964301705" lon="6.090253964066505">
        <ele>382.88</ele>
      </trkpt>
      <trkpt lat="48.639991991221905" lon="6.090297969058156">
        <ele>382.75</ele>
      </trkpt>
      <trkpt lat="48.63998293876648" lon="6.090336944907904">
        <ele>382.66</ele>
      </trkpt>
      <trkpt lat="48.63987095654011" lon="6.090457979589701">
        <ele>382.63</ele>
      </trkpt>
      <trkpt lat="48.63987095654011" lon="6.090723937377334">
        <ele>382.6</ele>
      </trkpt>
      <trkpt lat="48.63983097486198" lon="6.090781940147281">
        <ele>382.6</ele>
      </trkpt>
      <trkpt lat="48.63961882889271" lon="6.090989056974649">
        <ele>382.55</ele>
      </trkpt>
      <trkpt lat="48.63940693438053" lon="6.091195922344923">
        <ele>382.48</ele>
      </trkpt>
      <trkpt lat="48.639222951605916" lon="6.090941950678825">
        <ele>382.59</ele>
      </trkpt>
      <trkpt lat="48.639156986027956" lon="6.090831980109215">
        <ele>382.75</ele>
      </trkpt>
      <trkpt lat="48.63906294107437" lon="6.090702982619405">
        <ele>382.96</ele>
      </trkpt>
      <trkpt lat="48.638950958848" lon="6.0905219335108995">
        <ele>383.23</ele>
      </trkpt>
      <trkpt lat="48.638863787055016" lon="6.090314565226436">
        <ele>383.56</ele>
      </trkpt>
      <trkpt lat="48.63877695053816" lon="6.090107951313257">
        <ele>383.91</ele>
      </trkpt>
      <trkpt lat="48.63874493166804" lon="6.089954981580377">
        <ele>384.28</ele>
      </trkpt>
      <trkpt lat="48.63884199410677" lon="6.090021952986717">
        <ele>384.72</ele>
      </trkpt>
      <trkpt lat="48.638984989374876" lon="6.09013494104147">
        <ele>385.2</ele>
      </trkpt>
      <trkpt lat="48.63903796300292" lon="6.090175928547978">
        <ele>385.72</ele>
      </trkpt>
      <trkpt lat="48.63905992358923" lon="6.090223956853151">
        <ele>386.28</ele>
      </trkpt>
      <trkpt lat="48.639178946614265" lon="6.090314984321594">
        <ele>386.89</ele>
      </trkpt>
      <trkpt lat="48.639308949932456" lon="6.090446999296546">
        <ele>387.56</ele>
      </trkpt>
      <trkpt lat="48.63937994465232" lon="6.090482957661152">
        <ele>388.31</ele>
      </trkpt>
      <trkpt lat="48.63940098322928" lon="6.090237284079194">
        <ele>389.17</ele>
      </trkpt>
      <trkpt lat="48.63942193798721" lon="6.089992951601744">
        <ele>390.05</ele>
      </trkpt>
      <trkpt lat="48.63945999182761" lon="6.089936960488558">
        <ele>390.96</ele>
      </trkpt>
      <trkpt lat="48.639477929100394" lon="6.089901924133301">
        <ele>391.91</ele>
      </trkpt>
      <trkpt lat="48.639566944912076" lon="6.089550973847508">
        <ele>392.89</ele>
      </trkpt>
      <trkpt lat="48.63971899263561" lon="6.089141936972737">
        <ele>393.96</ele>
      </trkpt>
      <trkpt lat="48.63993801176548" lon="6.0889949183911085">
        <ele>395.03</ele>
      </trkpt>
      <trkpt lat="48.64015694707632" lon="6.088847983628511">
        <ele>396.14</ele>
      </trkpt>
      <trkpt lat="48.6404119245708" lon="6.08871697448194">
        <ele>397.33</ele>
      </trkpt>
      <trkpt lat="48.64051996730268" lon="6.088681938126683">
        <ele>398.52</ele>
      </trkpt>
      <trkpt lat="48.64075792953372" lon="6.088639944791794">
        <ele>399.86</ele>
      </trkpt>
      <trkpt lat="48.64105498418212" lon="6.088565932586789">
        <ele>401.3</ele>
      </trkpt>
      <trkpt lat="48.64122396335006" lon="6.088487980887294">
        <ele>402.6</ele>
      </trkpt>
      <trkpt lat="48.641436947509646" lon="6.088407933712006">
        <ele>403.88</ele>
      </trkpt>
      <trkpt lat="48.64157591946423" lon="6.0883549600839615">
        <ele>405.06</ele>
      </trkpt>
      <trkpt lat="48.641730984672904" lon="6.088293939828873">
        <ele>406.22</ele>
      </trkpt>
      <trkpt lat="48.64177096635103" lon="6.0882839653640985">
        <ele>407.32</ele>
      </trkpt>
      <trkpt lat="48.64197892136872" lon="6.0882339254021645">
        <ele>408.35</ele>
      </trkpt>
      <trkpt lat="48.642123928293586" lon="6.088174916803837">
        <ele>409.44</ele>
      </trkpt>
      <trkpt lat="48.64222099073231" lon="6.088143987581134">
        <ele>410.45</ele>
      </trkpt>
      <trkpt lat="48.642357951030135" lon="6.088100988417864">
        <ele>411.38</ele>
      </trkpt>
      <trkpt lat="48.642505975440145" lon="6.0880619287490845">
        <ele>412.28</ele>
      </trkpt>
      <trkpt lat="48.64278492517769" lon="6.087973918765783">
        <ele>413.15</ele>
      </trkpt>
      <trkpt lat="48.64303093403578" lon="6.0878869984298944">
        <ele>413.85</ele>
      </trkpt>
      <trkpt lat="48.64329295232892" lon="6.087791947647929">
        <ele>414.51</ele>
      </trkpt>
      <trkpt lat="48.643497973680496" lon="6.087714917957783">
        <ele>415.07</ele>
      </trkpt>
      <trkpt lat="48.64363493397832" lon="6.0876669734716415">
        <ele>415.49</ele>
      </trkpt>
      <trkpt lat="48.643774995580316" lon="6.087612994015217">
        <ele>415.81</ele>
      </trkpt>
      <trkpt lat="48.64398093894124" lon="6.0875624511390924">
        <ele>416.03</ele>
      </trkpt>
      <trkpt lat="48.6441869661212" lon="6.087511992082">
        <ele>416.22</ele>
      </trkpt>
      <trkpt lat="48.644379917532206" lon="6.087438985705376">
        <ele>416.28</ele>
      </trkpt>
      <trkpt lat="48.64467294886708" lon="6.0873509757220745">
        <ele>416.18</ele>
      </trkpt>
      <trkpt lat="48.644829941913486" lon="6.087279981002212">
        <ele>416.01</ele>
      </trkpt>
      <trkpt lat="48.64485592581332" lon="6.087269922718406">
        <ele>415.79</ele>
      </trkpt>
      <trkpt lat="48.64488794468343" lon="6.08725693076849">
        <ele>415.49</ele>
      </trkpt>
      <trkpt lat="48.64494091831148" lon="6.087297918274999">
        <ele>415.09</ele>
      </trkpt>
      <trkpt lat="48.6449639685452" lon="6.087333960458636">
        <ele>414.64</ele>
      </trkpt>
      <trkpt lat="48.64503194577992" lon="6.08746999874711">
        <ele>414.09</ele>
      </trkpt>
      <trkpt lat="48.6451399885118" lon="6.087734950706363">
        <ele>413.48</ele>
      </trkpt>
      <trkpt lat="48.645237972959876" lon="6.08802798204124">
        <ele>412.78</ele>
      </trkpt>
      <trkpt lat="48.64526798017323" lon="6.088101994246244">
        <ele>412.05</ele>
      </trkpt>
      <trkpt lat="48.645301926881075" lon="6.08817994594574">
        <ele>411.25</ele>
      </trkpt>
      <trkpt lat="48.645382979884744" lon="6.088350936770439">
        <ele>410.41</ele>
      </trkpt>
      <trkpt lat="48.645462943241" lon="6.088511953130364">
        <ele>409.52</ele>
      </trkpt>
      <trkpt lat="48.64550292491913" lon="6.0885899886488914">
        <ele>408.59</ele>
      </trkpt>
      <trkpt lat="48.645604932680726" lon="6.088815964758396">
        <ele>407.59</ele>
      </trkpt>
      <trkpt lat="48.64574398845434" lon="6.089184936136007">
        <ele>406.58</ele>
      </trkpt>
      <trkpt lat="48.645813977345824" lon="6.089339917525649">
        <ele>405.56</ele>
      </trkpt>
      <trkpt lat="48.64590995013714" lon="6.089602941647172">
        <ele>404.53</ele>
      </trkpt>
      <trkpt lat="48.64600399509072" lon="6.08983495272696">
        <ele>403.49</ele>
      </trkpt>
      <trkpt lat="48.646113965660334" lon="6.090089930221438">
        <ele>402.41</ele>
      </trkpt>
      <trkpt lat="48.646265929564834" lon="6.090446999296546">
        <ele>401.32</ele>
      </trkpt>
      <trkpt lat="48.646330973133445" lon="6.090610949322581">
        <ele>400.29</ele>
      </trkpt>
      <trkpt lat="48.646394927054644" lon="6.0907799284905195">
        <ele>399.26</ele>
      </trkpt>
      <trkpt lat="48.646482937037945" lon="6.091044964268804">
        <ele>398.16</ele>
      </trkpt>
      <trkpt lat="48.64654093980789" lon="6.091228947043419">
        <ele>397.17</ele>
      </trkpt>
      <trkpt lat="48.64668091759086" lon="6.091559948399663">
        <ele>396.2</ele>
      </trkpt>
      <trkpt lat="48.64680899307132" lon="6.091925986111164">
        <ele>395.38</ele>
      </trkpt>
      <trkpt lat="48.646913934499025" lon="6.0922059416770935">
        <ele>394.63</ele>
      </trkpt>
      <trkpt lat="48.64701099693775" lon="6.092464942485094">
        <ele>393.94</ele>
      </trkpt>
      <trkpt lat="48.647106969729066" lon="6.092793932184577">
        <ele>393.26</ele>
      </trkpt>
      <trkpt lat="48.64716195501387" lon="6.0929489973932505">
        <ele>392.65</ele>
      </trkpt>
      <trkpt lat="48.64731391891837" lon="6.093348981812596">
        <ele>392.01</ele>
      </trkpt>
      <trkpt lat="48.64736999385059" lon="6.093500945717096">
        <ele>391.51</ele>
      </trkpt>
      <trkpt lat="48.64745297469199" lon="6.093730945140123">
        <ele>391.06</ele>
      </trkpt>
      <trkpt lat="48.64752799272537" lon="6.093913922086358">
        <ele>390.74</ele>
      </trkpt>
      <trkpt lat="48.647596975788474" lon="6.094087930396199">
        <ele>390.5</ele>
      </trkpt>
      <trkpt lat="48.647641986608505" lon="6.094224974513054">
        <ele>390.31</ele>
      </trkpt>
      <trkpt lat="48.647725973278284" lon="6.094417925924063">
        <ele>390.19</ele>
      </trkpt>
      <trkpt lat="48.64782362245023" lon="6.09466846100986">
        <ele>390.15</ele>
      </trkpt>
      <trkpt lat="48.647920936346054" lon="6.094917990267277">
        <ele>390.25</ele>
      </trkpt>
      <trkpt lat="48.64796192385256" lon="6.095016980543733">
        <ele>390.4</ele>
      </trkpt>
      <trkpt lat="48.64797793328762" lon="6.095039946958423">
        <ele>390.6</ele>
      </trkpt>
      <trkpt lat="48.64807893522084" lon="6.094962917268276">
        <ele>390.85</ele>
      </trkpt>
      <trkpt lat="48.648221930488944" lon="6.094791926443577">
        <ele>391.2</ele>
      </trkpt>
      <trkpt lat="48.64838898181915" lon="6.0946249589324">
        <ele>391.62</ele>
      </trkpt>
      <trkpt lat="48.648493587970734" lon="6.09444466419518">
        <ele>392.11</ele>
      </trkpt>
      <trkpt lat="48.64859794266522" lon="6.094264956191182">
        <ele>392.6</ele>
      </trkpt>
      <trkpt lat="48.6486679315567" lon="6.094135958701372">
        <ele>393.14</ele>
      </trkpt>
      <trkpt lat="48.64881193265319" lon="6.093914927914739">
        <ele>393.77</ele>
      </trkpt>
      <trkpt lat="48.64885895512998" lon="6.093843933194876">
        <ele>394.37</ele>
      </trkpt>
      <trkpt lat="48.64898191764951" lon="6.093598930165172">
        <ele>395.03</ele>
      </trkpt>
      <trkpt lat="48.64908996038139" lon="6.09318595379591">
        <ele>395.75</ele>
      </trkpt>
      <trkpt lat="48.64918367005885" lon="6.0928441397845745">
        <ele>396.43</ele>
      </trkpt>
      <trkpt lat="48.649276960641146" lon="6.092503918334842">
        <ele>397.12</ele>
      </trkpt>
      <trkpt lat="48.649356085807085" lon="6.092275008559227">
        <ele>397.82</ele>
      </trkpt>
      <trkpt lat="48.64943495951593" lon="6.092046936973929">
        <ele>398.52</ele>
      </trkpt>
      <trkpt lat="48.6495849955827" lon="6.091779973357916">
        <ele>399.24</ele>
      </trkpt>
      <trkpt lat="48.649723967537284" lon="6.0915379878133535">
        <ele>399.89</ele>
      </trkpt>
      <trkpt lat="48.64980359561741" lon="6.091291895136237">
        <ele>400.44</ele>
      </trkpt>
      <trkpt lat="48.64988297224045" lon="6.091046975925565">
        <ele>401.01</ele>
      </trkpt>
      <trkpt lat="48.64998095668852" lon="6.090617990121245">
        <ele>401.55</ele>
      </trkpt>
      <trkpt lat="48.65004197694361" lon="6.090223956853151">
        <ele>402.04</ele>
      </trkpt>
      <trkpt lat="48.65009562112391" lon="6.08985498547554">
        <ele>402.46</ele>
      </trkpt>
      <trkpt lat="48.65014893002808" lon="6.0894879419356585">
        <ele>402.85</ele>
      </trkpt>
      <trkpt lat="48.65016795694828" lon="6.089139925315976">
        <ele>403.16</ele>
      </trkpt>
      <trkpt lat="48.65018698386848" lon="6.088811941444874">
        <ele>403.43</ele>
      </trkpt>
      <trkpt lat="48.65020148456097" lon="6.08851614408195">
        <ele>403.69</ele>
      </trkpt>
      <trkpt lat="48.65021598525345" lon="6.088221939280629">
        <ele>403.86</ele>
      </trkpt>
      <trkpt lat="48.650223948061466" lon="6.087961765006185">
        <ele>404.05</ele>
      </trkpt>
      <trkpt lat="48.65023199468851" lon="6.0877029318362474">
        <ele>404.2</ele>
      </trkpt>
      <trkpt lat="48.65015530027449" lon="6.087445355951786">
        <ele>404.3</ele>
      </trkpt>
      <trkpt lat="48.6500789411366" lon="6.087188953533769">
        <ele>404.39</ele>
      </trkpt>
      <trkpt lat="48.650047928094864" lon="6.086943950504065">
        <ele>404.45</ele>
      </trkpt>
      <trkpt lat="48.649984980002046" lon="6.086688973009586">
        <ele>404.45</ele>
      </trkpt>
      <trkpt lat="48.64995497278869" lon="6.086570955812931">
        <ele>404.44</ele>
      </trkpt>
      <trkpt lat="48.64986880682409" lon="6.086302399635315">
        <ele>404.37</ele>
      </trkpt>
      <trkpt lat="48.64978297613561" lon="6.086034933105111">
        <ele>404.32</ele>
      </trkpt>
      <trkpt lat="48.64970192313194" lon="6.085910964757204">
        <ele>404.29</ele>
      </trkpt>
      <trkpt lat="48.649511989206076" lon="6.085849944502115">
        <ele>404.25</ele>
      </trkpt>
      <trkpt lat="48.64946295507252" lon="6.085848938673735">
        <ele>404.16</ele>
      </trkpt>
      <trkpt lat="48.649277966469526" lon="6.085879951715469">
        <ele>404.09</ele>
      </trkpt>
      <trkpt lat="48.64920697174966" lon="6.08568599447608">
        <ele>404.0</ele>
      </trkpt>
      <trkpt lat="48.64916581660509" lon="6.085343593731523">
        <ele>403.85</ele>
      </trkpt>
      <trkpt lat="48.649124996736646" lon="6.085002953186631">
        <ele>403.66</ele>
      </trkpt>
      <trkpt lat="48.64908694289625" lon="6.08469994738698">
        <ele>403.42</ele>
      </trkpt>
      <trkpt lat="48.649037992581725" lon="6.084327958524227">
        <ele>403.11</ele>
      </trkpt>
      <trkpt lat="48.6489789839834" lon="6.083918921649456">
        <ele>402.81</ele>
      </trkpt>
      <trkpt lat="48.64894495345652" lon="6.083599990233779">
        <ele>402.54</ele>
      </trkpt>
      <trkpt lat="48.64902198314667" lon="6.083295978605747">
        <ele>402.27</ele>
      </trkpt>
      <trkpt lat="48.64904595538974" lon="6.083219954743981">
        <ele>401.99</ele>
      </trkpt>
      <trkpt lat="48.6490669939667" lon="6.083139991387725">
        <ele>401.7</ele>
      </trkpt>
      <trkpt lat="48.649083925411105" lon="6.082983920350671">
        <ele>401.4</ele>
      </trkpt>
      <trkpt lat="48.64906992763281" lon="6.08284997753799">
        <ele>401.07</ele>
      </trkpt>
      <trkpt lat="48.64899197593331" lon="6.082651996985078">
        <ele>400.71</ele>
      </trkpt>
      <trkpt lat="48.64892198704183" lon="6.082540936768055">
        <ele>400.38</ele>
      </trkpt>
      <trkpt lat="48.648788798600435" lon="6.082348739728332">
        <ele>400.03</ele>
      </trkpt>
      <trkpt lat="48.648655945435166" lon="6.082156961783767">
        <ele>399.68</ele>
      </trkpt>
      <trkpt lat="48.648546980693936" lon="6.08199393376708">
        <ele>399.29</ele>
      </trkpt>
      <trkpt lat="48.648481937125325" lon="6.081902990117669">
        <ele>398.9</ele>
      </trkpt>
      <trkpt lat="48.64834992215037" lon="6.081728981807828">
        <ele>398.5</ele>
      </trkpt>
      <trkpt lat="48.64825394935906" lon="6.08151993714273">
        <ele>398.08</ele>
      </trkpt>
      <trkpt lat="48.6481549590826" lon="6.081344923004508">
        <ele>397.66</ele>
      </trkpt>
      <trkpt lat="48.64812092855573" lon="6.081278957426548">
        <ele>397.24</ele>
      </trkpt>
      <trkpt lat="48.64804691635072" lon="6.081151971593499">
        <ele>396.77</ele>
      </trkpt>
      <trkpt lat="48.647897969931364" lon="6.080945944413543">
        <ele>396.25</ele>
      </trkpt>
      <trkpt lat="48.6477339360863" lon="6.080736983567476">
        <ele>395.74</ele>
      </trkpt>
      <trkpt lat="48.647623965516686" lon="6.080582924187183">
        <ele>395.29</ele>
      </trkpt>
      <trkpt lat="48.647536961361766" lon="6.080485945567489">
        <ele>394.84</ele>
      </trkpt>
      <trkpt lat="48.64735499024391" lon="6.080309925600886">
        <ele>394.35</ele>
      </trkpt>
      <trkpt lat="48.647257927805185" lon="6.080218981951475">
        <ele>393.86</ele>
      </trkpt>
      <trkpt lat="48.64709196612239" lon="6.080050924792886">
        <ele>393.38</ele>
      </trkpt>
      <trkpt lat="48.64704695530236" lon="6.080016978085041">
        <ele>392.9</ele>
      </trkpt>
      <trkpt lat="48.64685794338584" lon="6.079790918156505">
        <ele>392.38</ele>
      </trkpt>
      <trkpt lat="48.64675492979586" lon="6.079599978402257">
        <ele>391.85</ele>
      </trkpt>
      <trkpt lat="48.6467079911381" lon="6.079534934833646">
        <ele>391.32</ele>
      </trkpt>
      <trkpt lat="48.64657899364829" lon="6.0793739184737206">
        <ele>390.79</ele>
      </trkpt>
      <trkpt lat="48.64651696756482" lon="6.079298984259367">
        <ele>390.24</ele>
      </trkpt>
      <trkpt lat="48.646378917619586" lon="6.079073930159211">
        <ele>389.69</ele>
      </trkpt>
      <trkpt lat="48.646226953715086" lon="6.078861951828003">
        <ele>389.13</ele>
      </trkpt>
      <trkpt lat="48.64604397676885" lon="6.078582918271422">
        <ele>388.55</ele>
      </trkpt>
      <trkpt lat="48.646011957898736" lon="6.078527932986617">
        <ele>387.94</ele>
      </trkpt>
      <trkpt lat="48.645887821912766" lon="6.078340262174606">
        <ele>387.32</ele>
      </trkpt>
      <trkpt lat="48.64576393738389" lon="6.078152926638722">
        <ele>386.69</ele>
      </trkpt>
      <trkpt lat="48.645598981529474" lon="6.077882945537567">
        <ele>386.01</ele>
      </trkpt>
      <trkpt lat="48.64555296488106" lon="6.0778089333325624">
        <ele>385.32</ele>
      </trkpt>
      <trkpt lat="48.64546394906938" lon="6.077657975256443">
        <ele>384.59</ele>
      </trkpt>
      <trkpt lat="48.64542396739125" lon="6.077598966658115">
        <ele>383.91</ele>
      </trkpt>
      <trkpt lat="48.64537593908608" lon="6.077509950846434">
        <ele>383.23</ele>
      </trkpt>
      <trkpt lat="48.64522498100996" lon="6.077261930331588">
        <ele>382.54</ele>
      </trkpt>
      <trkpt lat="48.64509824663401" lon="6.077059172093868">
        <ele>381.88</ele>
      </trkpt>
      <trkpt lat="48.64497193135321" lon="6.076856916770339">
        <ele>381.17</ele>
      </trkpt>
      <trkpt lat="48.64480772987008" lon="6.076607136055827">
        <ele>380.5</ele>
      </trkpt>
      <trkpt lat="48.64464394748211" lon="6.076357942074537">
        <ele>379.93</ele>
      </trkpt>
      <trkpt lat="48.64455199800432" lon="6.076201954856515">
        <ele>379.43</ele>
      </trkpt>
      <trkpt lat="48.64440992474556" lon="6.076069939881563">
        <ele>378.99</ele>
      </trkpt>
      <trkpt lat="48.644311940297484" lon="6.076003974303603">
        <ele>378.64</ele>
      </trkpt>
      <trkpt lat="48.644205993041396" lon="6.075938930734992">
        <ele>378.37</ele>
      </trkpt>
      <trkpt lat="48.64395696669817" lon="6.0757299698889256">
        <ele>378.12</ele>
      </trkpt>
      <trkpt lat="48.64379393868148" lon="6.075528971850872">
        <ele>377.94</ele>
      </trkpt>
      <trkpt lat="48.64363585598767" lon="6.075365357100964">
        <ele>377.83</ele>
      </trkpt>
      <trkpt lat="48.643477940931916" lon="6.07520199380815">
        <ele>377.82</ele>
      </trkpt>
      <trkpt lat="48.64336193539202" lon="6.07511498965323">
        <ele>377.94</ele>
      </trkpt>
      <trkpt lat="48.64320192486048" lon="6.075043994933367">
        <ele>378.19</ele>
      </trkpt>
      <trkpt lat="48.64303395152092" lon="6.07500895857811">
        <ele>378.54</ele>
      </trkpt>
      <trkpt lat="48.64277293905616" lon="6.074984986335039">
        <ele>379.0</ele>
      </trkpt>
      <trkpt lat="48.64267495460808" lon="6.074969982728362">
        <ele>379.54</ele>
      </trkpt>
      <trkpt lat="48.642547968775034" lon="6.074937963858247">
        <ele>380.18</ele>
      </trkpt>
      <trkpt lat="48.642400950193405" lon="6.074892953038216">
        <ele>380.94</ele>
      </trkpt>
      <trkpt lat="48.64230397157371" lon="6.074861939996481">
        <ele>381.77</ele>
      </trkpt>
      <trkpt lat="48.64226692356169" lon="6.074845930561423">
        <ele>382.65</ele>
      </trkpt>
      <trkpt lat="48.642164999619126" lon="6.07481399551034">
        <ele>383.67</ele>
      </trkpt>
      <trkpt lat="48.64210498519242" lon="6.074798991903663">
        <ele>384.72</ele>
      </trkpt>
      <trkpt lat="48.642015969380736" lon="6.074765967205167">
        <ele>385.84</ele>
      </trkpt>
      <trkpt lat="48.641906920820475" lon="6.074735959991813">
        <ele>387.05</ele>
      </trkpt>
      <trkpt lat="48.641816982999444" lon="6.074698995798826">
        <ele>388.28</ele>
      </trkpt>
      <trkpt lat="48.64165596663952" lon="6.0746329464018345">
        <ele>389.58</ele>
      </trkpt>
      <trkpt lat="48.64148195832968" lon="6.074544936418533">
        <ele>390.84</ele>
      </trkpt>
      <trkpt lat="48.641305938363075" lon="6.074502943083644">
        <ele>392.03</ele>
      </trkpt>
      <trkpt lat="48.64118792116642" lon="6.074470924213529">
        <ele>393.15</ele>
      </trkpt>
      <trkpt lat="48.64106194116175" lon="6.074461955577135">
        <ele>394.25</ele>
      </trkpt>
      <trkpt lat="48.64092598669231" lon="6.074446951970458">
        <ele>395.33</ele>
      </trkpt>
      <trkpt lat="48.64080696366727" lon="6.07442993670702">
        <ele>396.38</ele>
      </trkpt>
      <trkpt lat="48.64075399003923" lon="6.074428930878639">
        <ele>397.37</ele>
      </trkpt>
      <trkpt lat="48.640681989490986" lon="6.074420968070626">
        <ele>398.3</ele>
      </trkpt>
      <trkpt lat="48.6405689176172" lon="6.0743979178369045">
        <ele>399.2</ele>
      </trkpt>
      <trkpt lat="48.64044092595577" lon="6.074405964463949">
        <ele>400.05</ele>
      </trkpt>
      <trkpt lat="48.64022492431104" lon="6.074436977505684">
        <ele>400.86</ele>
      </trkpt>
      <trkpt lat="48.64000448025763" lon="6.074470421299338">
        <ele>401.47</ele>
      </trkpt>
      <trkpt lat="48.63978395238519" lon="6.0745039489120245">
        <ele>402.0</ele>
      </trkpt>
      <trkpt lat="48.63957197405398" lon="6.074508978053927">
        <ele>402.39</ele>
      </trkpt>
      <trkpt lat="48.63935647532344" lon="6.074479473754764">
        <ele>402.66</ele>
      </trkpt>
      <trkpt lat="48.6391409765929" lon="6.0744499694556">
        <ele>402.8</ele>
      </trkpt>
      <trkpt lat="48.63887191750109" lon="6.07438794337213">
        <ele>402.86</ele>
      </trkpt>
      <trkpt lat="48.6388299241662" lon="6.074376963078976">
        <ele>402.92</ele>
      </trkpt>
      <trkpt lat="48.63869396969676" lon="6.0743519850075245">
        <ele>402.86</ele>
      </trkpt>
      <trkpt lat="48.63867594860494" lon="6.074251988902688">
        <ele>402.77</ele>
      </trkpt>
      <trkpt lat="48.638661950826645" lon="6.0739299561828375">
        <ele>402.65</ele>
      </trkpt>
      <trkpt lat="48.63860998302698" lon="6.073646983131766">
        <ele>402.42</ele>
      </trkpt>
      <trkpt lat="48.63845692947507" lon="6.0735859628766775">
        <ele>402.07</ele>
      </trkpt>
      <trkpt lat="48.638426922261715" lon="6.073576994240284">
        <ele>401.68</ele>
      </trkpt>
      <trkpt lat="48.6381549295038" lon="6.073521925136447">
        <ele>401.18</ele>
      </trkpt>
      <trkpt lat="48.63791596144438" lon="6.073449505493045">
        <ele>400.65</ele>
      </trkpt>
      <trkpt lat="48.63767699338496" lon="6.073376918211579">
        <ele>400.04</ele>
      </trkpt>
      <trkpt lat="48.637484880164266" lon="6.073231408372521">
        <ele>399.41</ele>
      </trkpt>
      <trkpt lat="48.63729293458164" lon="6.073085982352495">
        <ele>398.72</ele>
      </trkpt>
      <trkpt lat="48.637008955702186" lon="6.072893952950835">
        <ele>397.95</ele>
      </trkpt>
      <trkpt lat="48.63699194043875" lon="6.072748946025968">
        <ele>397.21</ele>
      </trkpt>
      <trkpt lat="48.636986995115876" lon="6.072475947439671">
        <ele>396.41</ele>
      </trkpt>
      <trkpt lat="48.63700199872255" lon="6.0720969177782536">
        <ele>395.51</ele>
      </trkpt>
      <trkpt lat="48.63701398484409" lon="6.07180992141366">
        <ele>394.65</ele>
      </trkpt>
      <trkpt lat="48.63701197318733" lon="6.071495935320854">
        <ele>393.77</ele>
      </trkpt>
      <trkpt lat="48.63701096735895" lon="6.071153953671455">
        <ele>392.87</ele>
      </trkpt>
      <trkpt lat="48.63686394877732" lon="6.0711179953068495">
        <ele>392.02</ele>
      </trkpt>
      <trkpt lat="48.63656898960471" lon="6.071114977821708">
        <ele>391.19</ele>
      </trkpt>
      <trkpt lat="48.636384001001716" lon="6.071153450757265">
        <ele>390.36</ele>
      </trkpt>
      <trkpt lat="48.63619892857969" lon="6.0711919236928225">
        <ele>389.52</ele>
      </trkpt>
      <trkpt lat="48.63611192442477" lon="6.0712189972400665">
        <ele>388.66</ele>
      </trkpt>
      <trkpt lat="48.63591796718538" lon="6.0712699592113495">
        <ele>387.77</ele>
      </trkpt>
      <trkpt lat="48.635871950536966" lon="6.071275994181633">
        <ele>386.9</ele>
      </trkpt>
      <trkpt lat="48.63572895526886" lon="6.071306923404336">
        <ele>385.99</ele>
      </trkpt>
      <trkpt lat="48.63562694750726" lon="6.071338942274451">
        <ele>385.1</ele>
      </trkpt>
      <trkpt lat="48.63553097471595" lon="6.071377918124199">
        <ele>384.22</ele>
      </trkpt>
      <trkpt lat="48.635439947247505" lon="6.071414966136217">
        <ele>383.34</ele>
      </trkpt>
      <trkpt lat="48.63538697361946" lon="6.071427958086133">
        <ele>382.49</ele>
      </trkpt>
      <trkpt lat="48.63525395281613" lon="6.071439944207668">
        <ele>381.62</ele>
      </trkpt>
      <trkpt lat="48.63518899306655" lon="6.071439944207668">
        <ele>380.8</ele>
      </trkpt>
      <trkpt lat="48.63496393896639" lon="6.07146299444139">
        <ele>379.95</ele>
      </trkpt>
      <trkpt lat="48.63471197895706" lon="6.071524936705828">
        <ele>379.08</ele>
      </trkpt>
      <trkpt lat="48.63456797786057" lon="6.071572965011001">
        <ele>378.24</ele>
      </trkpt>
      <trkpt lat="48.63449698314071" lon="6.07161495834589">
        <ele>377.47</ele>
      </trkpt>
      <trkpt lat="48.63444392569363" lon="6.071652928367257">
        <ele>376.71</ele>
      </trkpt>
      <trkpt lat="48.63440092653036" lon="6.071685953065753">
        <ele>375.99</ele>
      </trkpt>
      <trkpt lat="48.634363962337375" lon="6.071705985814333">
        <ele>375.32</ele>
      </trkpt>
      <trkpt lat="48.63432792015374" lon="6.071704979985952">
        <ele>374.67</ele>
      </trkpt>
      <trkpt lat="48.63429497927427" lon="6.07167799025774">
        <ele>374.08</ele>
      </trkpt>
      <trkpt lat="48.634235970675945" lon="6.0716089233756065">
        <ele>373.49</ele>
      </trkpt>
      <trkpt lat="48.634172938764095" lon="6.071511944755912">
        <ele>372.95</ele>
      </trkpt>
      <trkpt lat="48.63409096375108" lon="6.07142292894423">
        <ele>372.41</ele>
      </trkpt>
      <trkpt lat="48.63401091657579" lon="6.071362998336554">
        <ele>371.91</ele>
      </trkpt>
      <trkpt lat="48.63396096043289" lon="6.071271970868111">
        <ele>371.49</ele>
      </trkpt>
      <trkpt lat="48.63391796126962" lon="6.071114977821708">
        <ele>371.17</ele>
      </trkpt>
      <trkpt lat="48.633912932127714" lon="6.071081953123212">
        <ele>370.86</ele>
      </trkpt>
      <trkpt lat="48.633895916864276" lon="6.071025962010026">
        <ele>370.59</ele>
      </trkpt>
      <trkpt lat="48.63383992575109" lon="6.070919930934906">
        <ele>370.31</ele>
      </trkpt>
      <trkpt lat="48.633786952123046" lon="6.070842985063791">
        <ele>370.05</ele>
      </trkpt>
      <trkpt lat="48.633672539144754" lon="6.070465799421072">
        <ele>369.85</ele>
      </trkpt>
      <trkpt lat="48.63367270678282" lon="6.070466218516231">
        <ele>369.65</ele>
      </trkpt>
      <trkpt lat="48.63367270678282" lon="6.070466134697199">
        <ele>369.47</ele>
      </trkpt>
      <trkpt lat="48.63355896435678" lon="6.070090960711241">
        <ele>369.27</ele>
      </trkpt>
      <trkpt lat="48.63344421610236" lon="6.069703632965684">
        <ele>369.17</ele>
      </trkpt>
      <trkpt lat="48.633329970762134" lon="6.069317981600761">
        <ele>368.99</ele>
      </trkpt>
      <trkpt lat="48.63324296660721" lon="6.068889917805791">
        <ele>368.91</ele>
      </trkpt>
      <trkpt lat="48.63310491666198" lon="6.068490939214826">
        <ele>368.76</ele>
      </trkpt>
      <trkpt lat="48.632989916950464" lon="6.0683169309049845">
        <ele>368.43</ele>
      </trkpt>
      <trkpt lat="48.63291699439287" lon="6.068037981167436">
        <ele>368.19</ele>
      </trkpt>
      <trkpt lat="48.632785649970174" lon="6.06765216216445">
        <ele>367.84</ele>
      </trkpt>
      <trkpt lat="48.63265497609973" lon="6.067267935723066">
        <ele>367.47</ele>
      </trkpt>
      <trkpt lat="48.63249094225466" lon="6.066863927990198">
        <ele>367.07</ele>
      </trkpt>
      <trkpt lat="48.63246194086969" lon="6.066803997382522">
        <ele>366.73</ele>
      </trkpt>
      <trkpt lat="48.632341995835304" lon="6.0664659552276134">
        <ele>366.37</ele>
      </trkpt>
      <trkpt lat="48.63225096836686" lon="6.066169990226626">
        <ele>365.97</ele>
      </trkpt>
      <trkpt lat="48.63217896781862" lon="6.0659149289131165">
        <ele>365.56</ele>
      </trkpt>
      <trkpt lat="48.63207126036286" lon="6.065574204549193">
        <ele>365.12</ele>
      </trkpt>
      <trkpt lat="48.63196397200227" lon="6.065234988927841">
        <ele>364.62</ele>
      </trkpt>
      <trkpt lat="48.63189180381596" lon="6.065001972019672">
        <ele>364.09</ele>
      </trkpt>
      <trkpt lat="48.63181997090578" lon="6.064769960939884">
        <ele>363.53</ele>
      </trkpt>
      <trkpt lat="48.6317499820143" lon="6.064548930153251">
        <ele>362.93</ele>
      </trkpt>
      <trkpt lat="48.63171092234552" lon="6.064436947926879">
        <ele>362.3</ele>
      </trkpt>
      <trkpt lat="48.63167094066739" lon="6.064323959872127">
        <ele>361.62</ele>
      </trkpt>
      <trkpt lat="48.63165199756622" lon="6.064267968758941">
        <ele>360.89</ele>
      </trkpt>
      <trkpt lat="48.631569938734174" lon="6.0639579221606255">
        <ele>360.05</ele>
      </trkpt>
      <trkpt lat="48.63153297454119" lon="6.063834959641099">
        <ele>359.21</ele>
      </trkpt>
      <trkpt lat="48.63148192875087" lon="6.063756924122572">
        <ele>358.3</ele>
      </trkpt>
      <trkpt lat="48.63145099952817" lon="6.063761953264475">
        <ele>357.39</ele>
      </trkpt>
      <trkpt lat="48.63141294568777" lon="6.06381693854928">
        <ele>356.42</ele>
      </trkpt>
      <trkpt lat="48.63139492459595" lon="6.063874941319227">
        <ele>355.42</ele>
      </trkpt>
      <trkpt lat="48.631374975666404" lon="6.063954988494515">
        <ele>354.37</ele>
      </trkpt>
      <trkpt lat="48.63127891905606" lon="6.064124973490834">
        <ele>353.19</ele>
      </trkpt>
      <trkpt lat="48.63125796429813" lon="6.064163949340582">
        <ele>352.04</ele>
      </trkpt>
      <trkpt lat="48.63124094903469" lon="6.064237961545587">
        <ele>350.85</ele>
      </trkpt>
      <trkpt lat="48.63124296069145" lon="6.0642709862440825">
        <ele>349.64</ele>
      </trkpt>
      <trkpt lat="48.631248995661736" lon="6.0643089562654495">
        <ele>348.4</ele>
      </trkpt>
      <trkpt lat="48.631252935156226" lon="6.064325971528888">
        <ele>347.12</ele>
      </trkpt>
      <trkpt lat="48.63122292794287" lon="6.064411969855428">
        <ele>345.75</ele>
      </trkpt>
      <trkpt lat="48.631096947938204" lon="6.06448195874691">
        <ele>344.23</ele>
      </trkpt>
      <trkpt lat="48.6310419626534" lon="6.064518922939897">
        <ele>342.78</ele>
      </trkpt>
      <trkpt lat="48.630992928519845" lon="6.064572986215353">
        <ele>341.29</ele>
      </trkpt>
      <trkpt lat="48.6309399548918" lon="6.064593940973282">
        <ele>339.8</ele>
      </trkpt>
      <trkpt lat="48.630884969606996" lon="6.064568962901831">
        <ele>338.32</ele>
      </trkpt>
      <trkpt lat="48.63080693408847" lon="6.0645949468016624">
        <ele>336.78</ele>
      </trkpt>
      <trkpt lat="48.630779944360256" lon="6.06461095623672">
        <ele>335.32</ele>
      </trkpt>
      <trkpt lat="48.63076192326844" lon="6.064620930701494">
        <ele>333.88</ele>
      </trkpt>
      <trkpt lat="48.63066595047712" lon="6.064638951793313">
        <ele>332.36</ele>
      </trkpt>
      <trkpt lat="48.63044793717563" lon="6.064668959006667">
        <ele>330.72</ele>
      </trkpt>
      <trkpt lat="48.63040594384074" lon="6.06467398814857">
        <ele>329.33</ele>
      </trkpt>
      <trkpt lat="48.630325980484486" lon="6.064631994813681">
        <ele>327.95</ele>
      </trkpt>
      <trkpt lat="48.63029194995761" lon="6.064588995650411">
        <ele>326.68</ele>
      </trkpt>
      <trkpt lat="48.63025397993624" lon="6.064536944031715">
        <ele>325.46</ele>
      </trkpt>
      <trkpt lat="48.63022397272289" lon="6.064485982060432">
        <ele>324.3</ele>
      </trkpt>
      <trkpt lat="48.630199916660786" lon="6.064433930441737">
        <ele>323.2</ele>
      </trkpt>
      <trkpt lat="48.63018399104476" lon="6.064390931278467">
        <ele>322.15</ele>
      </trkpt>
      <trkpt lat="48.63013797439635" lon="6.064327983185649">
        <ele>321.14</ele>
      </trkpt>
      <trkpt lat="48.6301129963249" lon="6.06430996209383">
        <ele>320.18</ele>
      </trkpt>
      <trkpt lat="48.630089946091175" lon="6.064282972365618">
        <ele>319.28</ele>
      </trkpt>
      <trkpt lat="48.63002096302807" lon="6.064238967373967">
        <ele>318.38</ele>
      </trkpt>
      <trkpt lat="48.62997595220804" lon="6.064226981252432">
        <ele>317.55</ele>
      </trkpt>
      <trkpt lat="48.629856929183006" lon="6.064135953783989">
        <ele>316.7</ele>
      </trkpt>
      <trkpt lat="48.62984796054661" lon="6.064063953235745">
        <ele>316.03</ele>
      </trkpt>
      <trkpt lat="48.6298399977386" lon="6.063961945474148">
        <ele>315.42</ele>
      </trkpt>
      <trkpt lat="48.629832956939936" lon="6.0638489574193954">
        <ele>314.86</ele>
      </trkpt>
      <trkpt lat="48.629829939454794" lon="6.063538994640112">
        <ele>314.32</ele>
      </trkpt>
      <trkpt lat="48.62981694750488" lon="6.06334394775331">
        <ele>313.81</ele>
      </trkpt>
      <trkpt lat="48.629811918362975" lon="6.0632469691336155">
        <ele>313.35</ele>
      </trkpt>
      <trkpt lat="48.629810996353626" lon="6.0631179716438055">
        <ele>312.94</ele>
      </trkpt>
      <trkpt lat="48.629810996353626" lon="6.063064998015761">
        <ele>312.57</ele>
      </trkpt>
      <trkpt lat="48.629722986370325" lon="6.062805997207761">
        <ele>312.15</ele>
      </trkpt>
      <trkpt lat="48.62971493974328" lon="6.062772972509265">
        <ele>311.81</ele>
      </trkpt>
      <trkpt lat="48.62971192225814" lon="6.06263492256403">
        <ele>311.52</ele>
      </trkpt>
      <trkpt lat="48.62971594557166" lon="6.062537943944335">
        <ele>311.24</ele>
      </trkpt>
      <trkpt lat="48.62972893752158" lon="6.062433924525976">
        <ele>310.99</ele>
      </trkpt>
      <trkpt lat="48.629727931693196" lon="6.062404923141003">
        <ele>310.73</ele>
      </trkpt>
      <trkpt lat="48.62973195500672" lon="6.062346920371056">
        <ele>310.48</ele>
      </trkpt>
      <trkpt lat="48.6297329608351" lon="6.062318924814463">
        <ele>310.25</ele>
      </trkpt>
      <trkpt lat="48.62972994334996" lon="6.062284978106618">
        <ele>310.01</ele>
      </trkpt>
      <trkpt lat="48.629724998027086" lon="6.062180958688259">
        <ele>309.75</ele>
      </trkpt>
      <trkpt lat="48.629747964441776" lon="6.062064953148365">
        <ele>309.53</ele>
      </trkpt>
      <trkpt lat="48.62976296804845" lon="6.0619849897921085">
        <ele>309.32</ele>
      </trkpt>
      <trkpt lat="48.62975894473493" lon="6.061919946223497">
        <ele>309.11</ele>
      </trkpt>
      <trkpt lat="48.629746958613396" lon="6.061889939010143">
        <ele>308.9</ele>
      </trkpt>
      <trkpt lat="48.629737989977" lon="6.061822967603803">
        <ele>308.7</ele>
      </trkpt>
      <trkpt lat="48.62972994334996" lon="6.061578970402479">
        <ele>308.46</ele>
      </trkpt>
      <trkpt lat="48.62974293529987" lon="6.061485931277275">
        <ele>308.32</ele>
      </trkpt>
      <trkpt lat="48.62975098192692" lon="6.061389958485961">
        <ele>308.2</ele>
      </trkpt>
      <trkpt lat="48.62973497249186" lon="6.061116959899664">
        <ele>308.06</ele>
      </trkpt>
      <trkpt lat="48.62974997609854" lon="6.060754945501685">
        <ele>307.98</ele>
      </trkpt>
      <trkpt lat="48.629745952785015" lon="6.060671964660287">
        <ele>307.92</ele>
      </trkpt>
      <trkpt lat="48.62972994334996" lon="6.060522934421897">
        <ele>307.85</ele>
      </trkpt>
      <trkpt lat="48.62971091642976" lon="6.060450933873653">
        <ele>307.82</ele>
      </trkpt>
      <trkpt lat="48.62969792447984" lon="6.060248930007219">
        <ele>307.8</ele>
      </trkpt>
      <trkpt lat="48.62970898859203" lon="6.060109958052635">
        <ele>307.83</ele>
      </trkpt>
      <trkpt lat="48.62974092364311" lon="6.059904936701059">
        <ele>307.93</ele>
      </trkpt>
      <trkpt lat="48.62974897027016" lon="6.059842994436622">
        <ele>308.05</ele>
      </trkpt>
      <trkpt lat="48.62977696582675" lon="6.059652976691723">
        <ele>308.15</ele>
      </trkpt>
      <trkpt lat="48.62979892641306" lon="6.059554992243648">
        <ele>308.33</ele>
      </trkpt>
      <trkpt lat="48.62986296415329" lon="6.059348965063691">
        <ele>308.58</ele>
      </trkpt>
      <trkpt lat="48.62990495748818" lon="6.059242933988571">
        <ele>308.82</ele>
      </trkpt>
      <trkpt lat="48.62999497912824" lon="6.058989968150854">
        <ele>309.19</ele>
      </trkpt>
      <trkpt lat="48.630028925836086" lon="6.058908998966217">
        <ele>309.47</ele>
      </trkpt>
      <trkpt lat="48.63008198328316" lon="6.058792993426323">
        <ele>309.75</ele>
      </trkpt>
      <trkpt lat="48.63012297078967" lon="6.0586379282176495">
        <ele>309.96</ele>
      </trkpt>
      <trkpt lat="48.630157923325896" lon="6.058522928506136">
        <ele>310.15</ele>
      </trkpt>
      <trkpt lat="48.630217937752604" lon="6.058341963216662">
        <ele>310.33</ele>
      </trkpt>
      <trkpt lat="48.63028893247247" lon="6.058093942701817">
        <ele>310.45</ele>
      </trkpt>
      <trkpt lat="48.63030795939267" lon="6.058007944375277">
        <ele>310.51</ele>
      </trkpt>
      <trkpt lat="48.630346935242414" lon="6.057809963822365">
        <ele>310.55</ele>
      </trkpt>
      <trkpt lat="48.63039697520435" lon="6.057600919157267">
        <ele>310.55</ele>
      </trkpt>
      <trkpt lat="48.63038691692054" lon="6.057487931102514">
        <ele>310.44</ele>
      </trkpt>
      <trkpt lat="48.630385994911194" lon="6.057416936382651">
        <ele>310.31</ele>
      </trkpt>
      <trkpt lat="48.63039999268949" lon="6.057220967486501">
        <ele>310.1</ele>
      </trkpt>
      <trkpt lat="48.63044793717563" lon="6.057007983326912">
        <ele>309.85</ele>
      </trkpt>
      <trkpt lat="48.630455983802676" lon="6.056967917829752">
        <ele>309.6</ele>
      </trkpt>
      <trkpt lat="48.6304909363389" lon="6.056828945875168">
        <ele>309.33</ele>
      </trkpt>
      <trkpt lat="48.630563942715526" lon="6.056651920080185">
        <ele>309.0</ele>
      </trkpt>
      <trkpt lat="48.63059193827212" lon="6.05659794062376">
        <ele>308.64</ele>
      </trkpt>
      <trkpt lat="48.63063594326377" lon="6.056503979489207">
        <ele>308.25</ele>
      </trkpt>
      <trkpt lat="48.63065698184073" lon="6.056456957012415">
        <ele>307.86</ele>
      </trkpt>
      <trkpt lat="48.63082998432219" lon="6.056128973141313">
        <ele>307.42</ele>
      </trkpt>
      <trkpt lat="48.63089293241501" lon="6.055936943739653">
        <ele>306.91</ele>
      </trkpt>
      <trkpt lat="48.631034921854734" lon="6.055614994838834">
        <ele>306.37</ele>
      </trkpt>
      <trkpt lat="48.63110993988812" lon="6.055339984595776">
        <ele>305.79</ele>
      </trkpt>
      <trkpt lat="48.63117892295122" lon="6.055161952972412">
        <ele>305.24</ele>
      </trkpt>
      <trkpt lat="48.631251929327846" lon="6.055027926340699">
        <ele>304.72</ele>
      </trkpt>
      <trkpt lat="48.63132895901799" lon="6.054875962436199">
        <ele>304.19</ele>
      </trkpt>
      <trkpt lat="48.631378998979926" lon="6.054763980209827">
        <ele>303.64</ele>
      </trkpt>
      <trkpt lat="48.6315549351275" lon="6.054494921118021">
        <ele>303.13</ele>
      </trkpt>
      <trkpt lat="48.63161997869611" lon="6.054362989962101">
        <ele>302.53</ele>
      </trkpt>
      <trkpt lat="48.63164495676756" lon="6.0543139558285475">
        <ele>301.99</ele>
      </trkpt>
      <trkpt lat="48.63168594427407" lon="6.05423198081553">
        <ele>301.45</ele>
      </trkpt>
      <trkpt lat="48.63170798867941" lon="6.0542079247534275">
        <ele>300.96</ele>
      </trkpt>
      <trkpt lat="48.63175199367106" lon="6.054151933640242">
        <ele>300.48</ele>
      </trkpt>
      <trkpt lat="48.631828939542174" lon="6.053993934765458">
        <ele>299.99</ele>
      </trkpt>
      <trkpt lat="48.631936982274055" lon="6.053843982517719">
        <ele>299.54</ele>
      </trkpt>
      <trkpt lat="48.631983920931816" lon="6.053731916472316">
        <ele>299.07</ele>
      </trkpt>
      <trkpt lat="48.63203094340861" lon="6.053660921752453">
        <ele>298.66</ele>
      </trkpt>
      <trkpt lat="48.63210394978523" lon="6.053591938689351">
        <ele>298.29</ele>
      </trkpt>
      <trkpt lat="48.63218693062663" lon="6.0534619353711605">
        <ele>297.92</ele>
      </trkpt>
      <trkpt lat="48.632211992517114" lon="6.053430922329426">
        <ele>297.56</ele>
      </trkpt>
      <trkpt lat="48.63229698501527" lon="6.053322963416576">
        <ele>297.22</ele>
      </trkpt>
      <trkpt lat="48.6323509644717" lon="6.0532519686967134">
        <ele>296.88</ele>
      </trkpt>
      <trkpt lat="48.63245992921293" lon="6.053124982863665">
        <ele>296.59</ele>
      </trkpt>
      <trkpt lat="48.63256897777319" lon="6.05298793874681">
        <ele>296.31</ele>
      </trkpt>
      <trkpt lat="48.63275798968971" lon="6.052722986787558">
        <ele>296.01</ele>
      </trkpt>
      <trkpt lat="48.632839964702725" lon="6.052617961540818">
        <ele>295.71</ele>
      </trkpt>
      <trkpt lat="48.632880952209234" lon="6.052545960992575">
        <ele>295.4</ele>
      </trkpt>
      <trkpt lat="48.6329519469291" lon="6.052494999021292">
        <ele>295.16</ele>
      </trkpt>
      <trkpt lat="48.63302495330572" lon="6.052467925474048">
        <ele>295.01</ele>
      </trkpt>
      <trkpt lat="48.63304096274078" lon="6.052445964887738">
        <ele>294.85</ele>
      </trkpt>
      <trkpt lat="48.633055966347456" lon="6.052407994866371">
        <ele>294.72</ele>
      </trkpt>
      <trkpt lat="48.63309997133911" lon="6.052339933812618">
        <ele>294.62</ele>
      </trkpt>
      <trkpt lat="48.633140958845615" lon="6.052298946306109">
        <ele>294.57</ele>
      </trkpt>
      <trkpt lat="48.633204996585846" lon="6.05223692022264">
        <ele>294.56</ele>
      </trkpt>
      <trkpt lat="48.63326299935579" lon="6.052163997665048">
        <ele>294.61</ele>
      </trkpt>
      <trkpt lat="48.63332292996347" lon="6.052109934389591">
        <ele>294.75</ele>
      </trkpt>
      <trkpt lat="48.63342493772507" lon="6.051981942728162">
        <ele>294.91</ele>
      </trkpt>
      <trkpt lat="48.633571956306696" lon="6.052005998790264">
        <ele>295.27</ele>
      </trkpt>
      <trkpt lat="48.63357799127698" lon="6.052036928012967">
        <ele>295.69</ele>
      </trkpt>
      <trkpt lat="48.633587965741754" lon="6.0520989540964365">
        <ele>296.21</ele>
      </trkpt>
      <trkpt lat="48.63359592854977" lon="6.052124937996268">
        <ele>296.78</ele>
      </trkpt>
      <trkpt lat="48.63360992632806" lon="6.052145976573229">
        <ele>297.41</ele>
      </trkpt>
      <trkpt lat="48.6336269415915" lon="6.0521999560296535">
        <ele>298.15</ele>
      </trkpt>
      <trkpt lat="48.633637921884656" lon="6.052248990163207">
        <ele>298.94</ele>
      </trkpt>
      <trkpt lat="48.6336459685117" lon="6.0522859543561935">
        <ele>299.78</ele>
      </trkpt>
      <trkpt lat="48.63364697434008" lon="6.052308920770884">
        <ele>300.66</ele>
      </trkpt>
      <trkpt lat="48.63365191966295" lon="6.052352925762534">
        <ele>301.61</ele>
      </trkpt>
      <trkpt lat="48.633656948804855" lon="6.052412940189242">
        <ele>302.62</ele>
      </trkpt>
      <trkpt lat="48.63366097211838" lon="6.052444959059358">
        <ele>303.64</ele>
      </trkpt>
      <trkpt lat="48.63365996629" lon="6.052504973486066">
        <ele>304.73</ele>
      </trkpt>
      <trkpt lat="48.63364697434008" lon="6.052613938227296">
        <ele>305.89</ele>
      </trkpt>
      <trkpt lat="48.63362392410636" lon="6.052714940160513">
        <ele>307.03</ele>
      </trkpt>
      <trkpt lat="48.63360992632806" lon="6.052777972072363">
        <ele>308.14</ele>
      </trkpt>
      <trkpt lat="48.633594922721386" lon="6.052817953750491">
        <ele>309.23</ele>
      </trkpt>
      <trkpt lat="48.633587965741754" lon="6.052872939035296">
        <ele>310.32</ele>
      </trkpt>
      <trkpt lat="48.63358293659985" lon="6.052927924320102">
        <ele>311.41</ele>
      </trkpt>
      <trkpt lat="48.63358494825661" lon="6.052962960675359">
        <ele>312.44</ele>
      </trkpt>
      <trkpt lat="48.633594922721386" lon="6.053035967051983">
        <ele>313.46</ele>
      </trkpt>
      <trkpt lat="48.633610932156444" lon="6.0531459376215935">
        <ele>314.45</ele>
      </trkpt>
      <trkpt lat="48.63361797295511" lon="6.053209975361824">
        <ele>315.38</ele>
      </trkpt>
      <trkpt lat="48.63362099044025" lon="6.053290944546461">
        <ele>316.27</ele>
      </trkpt>
      <trkpt lat="48.63362593576312" lon="6.053339978680015">
        <ele>317.09</ele>
      </trkpt>
      <trkpt lat="48.63361998461187" lon="6.053404938429594">
        <ele>317.85</ele>
      </trkpt>
      <trkpt lat="48.63359995186329" lon="6.053458917886019">
        <ele>318.53</ele>
      </trkpt>
      <trkpt lat="48.633564999327064" lon="6.053494960069656">
        <ele>319.13</ele>
      </trkpt>
      <trkpt lat="48.633544966578484" lon="6.053540976718068">
        <ele>319.65</ele>
      </trkpt>
      <trkpt lat="48.633526945486665" lon="6.053618928417563">
        <ele>320.1</ele>
      </trkpt>
      <trkpt lat="48.633502973243594" lon="6.053707944229245">
        <ele>320.5</ele>
      </trkpt>
      <trkpt lat="48.633612943813205" lon="6.053984966129065">
        <ele>320.88</ele>
      </trkpt>
      <trkpt lat="48.633777648210526" lon="6.054199207574129">
        <ele>321.06</ele>
      </trkpt>
      <trkpt lat="48.63394193351269" lon="6.054412946105003">
        <ele>321.12</ele>
      </trkpt>
      <trkpt lat="48.63412516191602" lon="6.054630624130368">
        <ele>320.99</ele>
      </trkpt>
      <trkpt lat="48.63430797122419" lon="6.054847966879606">
        <ele>320.67</ele>
      </trkpt>
      <trkpt lat="48.63441299647093" lon="6.054964978247881">
        <ele>320.35</ele>
      </trkpt>
      <trkpt lat="48.63454492762685" lon="6.055081989616156">
        <ele>319.95</ele>
      </trkpt>
      <trkpt lat="48.63460997119546" lon="6.055138986557722">
        <ele>319.56</ele>
      </trkpt>
      <trkpt lat="48.6347839795053" lon="6.055328920483589">
        <ele>319.09</ele>
      </trkpt>
      <trkpt lat="48.634880958124995" lon="6.0554389748722315">
        <ele>318.64</ele>
      </trkpt>
      <trkpt lat="48.6350310780108" lon="6.055589597672224">
        <ele>318.16</ele>
      </trkpt>
      <trkpt lat="48.635180946439505" lon="6.0557399690151215">
        <ele>317.67</ele>
      </trkpt>
      <trkpt lat="48.6353899911046" lon="6.055924957618117">
        <ele>317.13</ele>
      </trkpt>
      <trkpt lat="48.635566933080554" lon="6.056105922907591">
        <ele>316.54</ele>
      </trkpt>
      <trkpt lat="48.63577991724014" lon="6.056397948414087">
        <ele>315.9</ele>
      </trkpt>
      <trkpt lat="48.63587999716401" lon="6.056518983095884">
        <ele>315.19</ele>
      </trkpt>
      <trkpt lat="48.63599298521876" lon="6.056622918695211">
        <ele>314.44</ele>
      </trkpt>
      <trkpt lat="48.6361809913069" lon="6.056777983903885">
        <ele>313.64</ele>
      </trkpt>
      <trkpt lat="48.636422054842114" lon="6.056966073811054">
        <ele>312.78</ele>
      </trkpt>
      <trkpt lat="48.636662950739264" lon="6.05715399608016">
        <ele>311.99</ele>
      </trkpt>
      <trkpt lat="48.63680091686547" lon="6.057240916416049">
        <ele>311.25</ele>
      </trkpt>
      <trkpt lat="48.636923963204026" lon="6.0573129169642925">
        <ele>310.53</ele>
      </trkpt>
      <trkpt lat="48.637082464993" lon="6.057413499802351">
        <ele>309.82</ele>
      </trkpt>
      <trkpt lat="48.637240966781974" lon="6.057513998821378">
        <ele>309.11</ele>
      </trkpt>
      <trkpt lat="48.637437941506505" lon="6.0575829818844795">
        <ele>308.45</ele>
      </trkpt>
      <trkpt lat="48.637634916231036" lon="6.057651964947581">
        <ele>307.78</ele>
      </trkpt>
      <trkpt lat="48.637906992807984" lon="6.0577549785375595">
        <ele>307.09</ele>
      </trkpt>
      <trkpt lat="48.6380529217422" lon="6.05780191719532">
        <ele>306.47</ele>
      </trkpt>
      <trkpt lat="48.638186948373914" lon="6.057854974642396">
        <ele>305.92</ele>
      </trkpt>
      <trkpt lat="48.638247968629" lon="6.057896967977285">
        <ele>305.43</ele>
      </trkpt>
      <trkpt lat="48.63830496557057" lon="6.057944996282458">
        <ele>304.99</ele>
      </trkpt>
      <trkpt lat="48.63844293169677" lon="6.058073993772268">
        <ele>304.64</ele>
      </trkpt>
      <trkpt lat="48.6385899502784" lon="6.058174995705485">
        <ele>304.29</ele>
      </trkpt>
      <trkpt lat="48.63872607238591" lon="6.0582980420440435">
        <ele>303.97</ele>
      </trkpt>
      <trkpt lat="48.63886194303632" lon="6.058420920744538">
        <ele>303.64</ele>
      </trkpt>
      <trkpt lat="48.63901399075985" lon="6.058583948761225">
        <ele>303.33</ele>
      </trkpt>
      <trkpt lat="48.6392149887979" lon="6.058825934305787">
        <ele>303.0</ele>
      </trkpt>
      <trkpt lat="48.63930995576084" lon="6.058934982866049">
        <ele>302.77</ele>
      </trkpt>
      <trkpt lat="48.63935396075249" lon="6.059000948444009">
        <ele>302.59</ele>
      </trkpt>
      <trkpt lat="48.6394776776433" lon="6.0592228174209595">
        <ele>302.44</ele>
      </trkpt>
      <trkpt lat="48.63960097543895" lon="6.059443932026625">
        <ele>302.33</ele>
      </trkpt>
      <trkpt lat="48.63970499485731" lon="6.059632943943143">
        <ele>302.24</ele>
      </trkpt>
      <trkpt lat="48.63975293934345" lon="6.059704944491386">
        <ele>302.18</ele>
      </trkpt>
      <trkpt lat="48.63979392684996" lon="6.0597629472613335">
        <ele>302.17</ele>
      </trkpt>
      <trkpt lat="48.6398299690336" lon="6.059783985838294">
        <ele>302.2</ele>
      </trkpt>
      <trkpt lat="48.63988093100488" lon="6.059809969738126">
        <ele>302.25</ele>
      </trkpt>
      <trkpt lat="48.63997799344361" lon="6.0598129872232676">
        <ele>302.32</ele>
      </trkpt>
      <trkpt lat="48.64002199843526" lon="6.059814998880029">
        <ele>302.42</ele>
      </trkpt>
      <trkpt lat="48.640161976218224" lon="6.059634955599904">
        <ele>302.57</ele>
      </trkpt>
      <trkpt lat="48.64019491709769" lon="6.059601930901408">
        <ele>302.74</ele>
      </trkpt>
      <trkpt lat="48.640248980373144" lon="6.059587933123112">
        <ele>302.93</ele>
      </trkpt>
      <trkpt lat="48.64030798897147" lon="6.059526996687055">
        <ele>303.13</ele>
      </trkpt>
      <trkpt lat="48.6403979267925" lon="6.059290962293744">
        <ele>303.39</ele>
      </trkpt>
      <trkpt lat="48.6404499784112" lon="6.058895923197269">
        <ele>303.61</ele>
      </trkpt>
      <trkpt lat="48.64044796675444" lon="6.058847978711128">
        <ele>303.79</ele>
      </trkpt>
      <trkpt lat="48.640443943440914" lon="6.0586379282176495">
        <ele>303.92</ele>
      </trkpt>
      <trkpt lat="48.640400944277644" lon="6.058416981250048">
        <ele>304.03</ele>
      </trkpt>
      <trkpt lat="48.64035098813474" lon="6.058150939643383">
        <ele>304.23</ele>
      </trkpt>
      <trkpt lat="48.64029994234443" lon="6.057939967140555">
        <ele>304.4</ele>
      </trkpt>
      <trkpt lat="48.64025694318116" lon="6.057804934680462">
        <ele>304.49</ele>
      </trkpt>
      <trkpt lat="48.640185948461294" lon="6.057644924148917">
        <ele>304.5</ele>
      </trkpt>
      <trkpt lat="48.64009693264961" lon="6.057494971901178">
        <ele>304.42</ele>
      </trkpt>
      <trkpt lat="48.64002895541489" lon="6.057331943884492">
        <ele>304.44</ele>
      </trkpt>
      <trkpt lat="48.63997698761523" lon="6.057162964716554">
        <ele>304.61</ele>
      </trkpt>
      <trkpt lat="48.639928959310055" lon="6.056997925043106">
        <ele>304.76</ele>
      </trkpt>
      <trkpt lat="48.639860982075334" lon="6.0568449553102255">
        <ele>304.76</ele>
      </trkpt>
      <trkpt lat="48.63979099318385" lon="6.0567029658705">
        <ele>304.61</ele>
      </trkpt>
      <trkpt lat="48.63969795405865" lon="6.056533986702561">
        <ele>304.39</ele>
      </trkpt>
      <trkpt lat="48.63963693380356" lon="6.056420998647809">
        <ele>304.13</ele>
      </trkpt>
      <trkpt lat="48.639541966840625" lon="6.0562709625810385">
        <ele>303.81</ele>
      </trkpt>
      <trkpt lat="48.63944792188704" lon="6.056086979806423">
        <ele>303.53</ele>
      </trkpt>
      <trkpt lat="48.639338286593556" lon="6.055894196033478">
        <ele>303.27</ele>
      </trkpt>
      <trkpt lat="48.6392289865762" lon="6.055701998993754">
        <ele>303.0</ele>
      </trkpt>
      <trkpt lat="48.639048943296075" lon="6.055337972939014">
        <ele>302.68</ele>
      </trkpt>
      <trkpt lat="48.63890293054283" lon="6.055066986009479">
        <ele>302.31</ele>
      </trkpt>
      <trkpt lat="48.638799330219626" lon="6.05486816726625">
        <ele>301.94</ele>
      </trkpt>
      <trkpt lat="48.63869598135352" lon="6.054669935256243">
        <ele>301.55</ele>
      </trkpt>
      <trkpt lat="48.6385849211365" lon="6.054421998560429">
        <ele>301.28</ele>
      </trkpt>
      <trkpt lat="48.638550974428654" lon="6.054353937506676">
        <ele>301.03</ele>
      </trkpt>
      <trkpt lat="48.638467993587255" lon="6.054229969158769">
        <ele>300.78</ele>
      </trkpt>
      <trkpt lat="48.638402950018644" lon="6.054101977497339">
        <ele>300.6</ele>
      </trkpt>
      <trkpt lat="48.63835198804736" lon="6.053955964744091">
        <ele>300.52</ele>
      </trkpt>
      <trkpt lat="48.63830597139895" lon="6.05380299501121">
        <ele>300.51</ele>
      </trkpt>
      <trkpt lat="48.6381929833442" lon="6.053541982546449">
        <ele>300.55</ele>
      </trkpt>
      <trkpt lat="48.63807681016624" lon="6.053318101912737">
        <ele>300.56</ele>
      </trkpt>
      <trkpt lat="48.63796097226441" lon="6.0530949756503105">
        <ele>300.58</ele>
      </trkpt>
      <trkpt lat="48.637868938967586" lon="6.0528799798339605">
        <ele>300.74</ele>
      </trkpt>
      <trkpt lat="48.63775192759931" lon="6.052581919357181">
        <ele>300.98</ele>
      </trkpt>
      <trkpt lat="48.637736923992634" lon="6.052507990971208">
        <ele>301.36</ele>
      </trkpt>
      <trkpt lat="48.637679843232036" lon="6.052276901900768">
        <ele>301.86</ele>
      </trkpt>
      <trkpt lat="48.6376229301095" lon="6.052046986296773">
        <ele>302.43</ele>
      </trkpt>
      <trkpt lat="48.637605998665094" lon="6.051862919703126">
        <ele>303.12</ele>
      </trkpt>
      <trkpt lat="48.63758395425975" lon="6.051660999655724">
        <ele>303.83</ele>
      </trkpt>
      <trkpt lat="48.63754799589515" lon="6.051281969994307">
        <ele>304.72</ele>
      </trkpt>
      <trkpt lat="48.637562999501824" lon="6.051019951701164">
        <ele>305.71</ele>
      </trkpt>
      <trkpt lat="48.63759300671518" lon="6.05072365142405">
        <ele>306.79</ele>
      </trkpt>
      <trkpt lat="48.6376229301095" lon="6.050428943708539">
        <ele>307.83</ele>
      </trkpt>
      <trkpt lat="48.63764396868646" lon="6.050342945381999">
        <ele>308.99</ele>
      </trkpt>
      <trkpt lat="48.637690991163254" lon="6.050211936235428">
        <ele>310.22</ele>
      </trkpt>
      <trkpt lat="48.63776793703437" lon="6.050064917653799">
        <ele>311.55</ele>
      </trkpt>
      <trkpt lat="48.63788394257426" lon="6.049929969012737">
        <ele>312.98</ele>
      </trkpt>
      <trkpt lat="48.637993996962905" lon="6.049812957644463">
        <ele>314.44</ele>
      </trkpt>
      <trkpt lat="48.63808695226908" lon="6.04971899650991">
        <ele>315.87</ele>
      </trkpt>
      <trkpt lat="48.63836497999728" lon="6.049555968493223">
        <ele>317.55</ele>
      </trkpt>
      <trkpt lat="48.638637978583574" lon="6.0494354367256165">
        <ele>319.03</ele>
      </trkpt>
      <trkpt lat="48.63891097716987" lon="6.049314988777041">
        <ele>320.43</ele>
      </trkpt>
      <trkpt lat="48.63903192803264" lon="6.049325969070196">
        <ele>321.85</ele>
      </trkpt>
      <trkpt lat="48.63906193524599" lon="6.049327980726957">
        <ele>323.23</ele>
      </trkpt>
      <trkpt lat="48.63917492330074" lon="6.049340972676873">
        <ele>324.62</ele>
      </trkpt>
      <trkpt lat="48.63924994133413" lon="6.049346923828125">
        <ele>325.97</ele>
      </trkpt>
      <trkpt lat="48.639283971861005" lon="6.049331920221448">
        <ele>327.28</ele>
      </trkpt>
      <trkpt lat="48.6392979696393" lon="6.049327980726957">
        <ele>328.54</ele>
      </trkpt>
      <trkpt lat="48.63935597240925" lon="6.049314988777041">
        <ele>329.8</ele>
      </trkpt>
      <trkpt lat="48.63946996629238" lon="6.049285987392068">
        <ele>331.03</ele>
      </trkpt>
      <trkpt lat="48.63953392021358" lon="6.049297973513603">
        <ele>332.22</ele>
      </trkpt>
      <trkpt lat="48.6395899951458" lon="6.0493179224431515">
        <ele>333.36</ele>
      </trkpt>
      <trkpt lat="48.639650931581855" lon="6.049361927434802">
        <ele>334.49</ele>
      </trkpt>
      <trkpt lat="48.63975293934345" lon="6.049413979053497">
        <ele>335.58</ele>
      </trkpt>
      <trkpt lat="48.639819994568825" lon="6.049437951296568">
        <ele>336.56</ele>
      </trkpt>
      <trkpt lat="48.639906998723745" lon="6.0494739934802055">
        <ele>337.5</ele>
      </trkpt>
      <trkpt lat="48.63995695486665" lon="6.04950693435967">
        <ele>338.38</ele>
      </trkpt>
      <trkpt lat="48.640032978728414" lon="6.0495479218661785">
        <ele>339.22</ele>
      </trkpt>
      <trkpt lat="48.64009198732674" lon="6.049572983756661">
        <ele>339.97</ele>
      </trkpt>
      <trkpt lat="48.64013699814677" lon="6.049605924636126">
        <ele>340.68</ele>
      </trkpt>
      <trkpt lat="48.64018393680453" lon="6.049641966819763">
        <ele>341.32</ele>
      </trkpt>
      <trkpt lat="48.64023791626096" lon="6.04967993684113">
        <ele>341.91</ele>
      </trkpt>
      <trkpt lat="48.640293991193175" lon="6.04969996958971">
        <ele>342.44</ele>
      </trkpt>
      <trkpt lat="48.640337996184826" lon="6.049728970974684">
        <ele>342.92</ele>
      </trkpt>
      <trkpt lat="48.640377977862954" lon="6.049736933782697">
        <ele>343.34</ele>
      </trkpt>
      <trkpt lat="48.64045199006796" lon="6.04976492933929">
        <ele>343.74</ele>
      </trkpt>
      <trkpt lat="48.64050094038248" lon="6.049787979573011">
        <ele>344.08</ele>
      </trkpt>
      <trkpt lat="48.64051996730268" lon="6.049792924895883">
        <ele>344.35</ele>
      </trkpt>
      <trkpt lat="48.640551986172795" lon="6.0497979540377855">
        <ele>344.6</ele>
      </trkpt>
      <trkpt lat="48.64058895036578" lon="6.04980893433094">
        <ele>344.81</ele>
      </trkpt>
      <trkpt lat="48.6406399961561" lon="6.049826955422759">
        <ele>344.98</ele>
      </trkpt>
      <trkpt lat="48.6407089792192" lon="6.04987196624279">
        <ele>345.14</ele>
      </trkpt>
      <trkpt lat="48.640979966148734" lon="6.050031976774335">
        <ele>345.25</ele>
      </trkpt>
      <trkpt lat="48.64107795059681" lon="6.050061983987689">
        <ele>345.32</ele>
      </trkpt>
      <trkpt lat="48.64132094196975" lon="6.050101462751627">
        <ele>345.33</ele>
      </trkpt>
      <trkpt lat="48.641563933342695" lon="6.050140941515565">
        <ele>345.33</ele>
      </trkpt>
      <trkpt lat="48.64171757362783" lon="6.050325594842434">
        <ele>345.42</ele>
      </trkpt>
      <trkpt lat="48.64187096245587" lon="6.050509996712208">
        <ele>345.49</ele>
      </trkpt>
      <trkpt lat="48.64204698242247" lon="6.050818953663111">
        <ele>345.62</ele>
      </trkpt>
      <trkpt lat="48.642166927456856" lon="6.05098994448781">
        <ele>345.72</ele>
      </trkpt>
      <trkpt lat="48.6423409357667" lon="6.051170993596315">
        <ele>345.77</ele>
      </trkpt>
      <trkpt lat="48.642418971285224" lon="6.051232935860753">
        <ele>345.85</ele>
      </trkpt>
      <trkpt lat="48.64260697737336" lon="6.051388923078775">
        <ele>345.95</ele>
      </trkpt>
      <trkpt lat="48.64271594211459" lon="6.051554968580604">
        <ele>346.14</ele>
      </trkpt>
      <trkpt lat="48.64281493239105" lon="6.051968950778246">
        <ele>346.43</ele>
      </trkpt>
      <trkpt lat="48.642911994829774" lon="6.051970962435007">
        <ele>346.61</ele>
      </trkpt>
      <trkpt lat="48.64299992099404" lon="6.0519119538366795">
        <ele>346.82</ele>
      </trkpt>
      <trkpt lat="48.643066976219416" lon="6.051836935803294">
        <ele>347.07</ele>
      </trkpt>
      <trkpt lat="48.64315892569721" lon="6.051753954961896">
        <ele>347.35</ele>
      </trkpt>
      <trkpt lat="48.643255988135934" lon="6.051644990220666">
        <ele>347.67</ele>
      </trkpt>
      <trkpt lat="48.64348758012056" lon="6.0514183435589075">
        <ele>348.06</ele>
      </trkpt>
      <trkpt lat="48.6437189206481" lon="6.051191948354244">
        <ele>348.55</ele>
      </trkpt>
      <trkpt lat="48.64388412795961" lon="6.051006289198995">
        <ele>349.02</ele>
      </trkpt>
      <trkpt lat="48.64404899999499" lon="6.050820965319872">
        <ele>349.55</ele>
      </trkpt>
      <trkpt lat="48.644118988886476" lon="6.050742929801345">
        <ele>350.12</ele>
      </trkpt>
      <trkpt lat="48.6443336494267" lon="6.050486695021391">
        <ele>350.72</ele>
      </trkpt>
      <trkpt lat="48.644547974690795" lon="6.050230963155627">
        <ele>351.36</ele>
      </trkpt>
      <trkpt lat="48.644761964678764" lon="6.050025941804051">
        <ele>352.03</ele>
      </trkpt>
      <trkpt lat="48.644872941076756" lon="6.050155945122242">
        <ele>352.79</ele>
      </trkpt>
      <trkpt lat="48.64496095106006" lon="6.0502709448337555">
        <ele>353.57</ele>
      </trkpt>
      <trkpt lat="48.64502892829478" lon="6.050352919846773">
        <ele>354.36</ele>
      </trkpt>
      <trkpt lat="48.645081985741854" lon="6.0504499822855">
        <ele>355.16</ele>
      </trkpt>
      <trkpt lat="48.64514292217791" lon="6.0505869425833225">
        <ele>355.97</ele>
      </trkpt>
      <trkpt lat="48.645253982394934" lon="6.050777966156602">
        <ele>356.81</ele>
      </trkpt>
      <trkpt lat="48.64531592465937" lon="6.050917943939567">
        <ele>357.63</ele>
      </trkpt>
      <trkpt lat="48.64544299431145" lon="6.051143920049071">
        <ele>358.43</ele>
      </trkpt>
      <trkpt lat="48.64550191909075" lon="6.051256991922855">
        <ele>359.17</ele>
      </trkpt>
      <trkpt lat="48.64557693712413" lon="6.051398981362581">
        <ele>359.91</ele>
      </trkpt>
      <trkpt lat="48.64569696597755" lon="6.051632920280099">
        <ele>360.66</ele>
      </trkpt>
      <trkpt lat="48.645817916840315" lon="6.051808940246701">
        <ele>361.33</ele>
      </trkpt>
      <trkpt lat="48.64595496095717" lon="6.052124937996268">
        <ele>361.97</ele>
      </trkpt>
      <trkpt lat="48.64608496427536" lon="6.052417969331145">
        <ele>362.46</ele>
      </trkpt>
      <trkpt lat="48.64619409665465" lon="6.052617793902755">
        <ele>362.86</ele>
      </trkpt>
      <trkpt lat="48.64630297757685" lon="6.052816947922111">
        <ele>363.18</ele>
      </trkpt>
      <trkpt lat="48.646461982280016" lon="6.053100926801562">
        <ele>363.44</ele>
      </trkpt>
      <trkpt lat="48.64668091759086" lon="6.053224978968501">
        <ele>363.56</ele>
      </trkpt>
      <trkpt lat="48.646867917850614" lon="6.053311983123422">
        <ele>363.57</ele>
      </trkpt>
      <trkpt lat="48.6470483802259" lon="6.053325980901718">
        <ele>363.47</ele>
      </trkpt>
      <trkpt lat="48.64722892642021" lon="6.053339978680015">
        <ele>363.27</ele>
      </trkpt>
      <trkpt lat="48.64729296416044" lon="6.053341990336776">
        <ele>362.98</ele>
      </trkpt>
      <trkpt lat="48.64740293473005" lon="6.053347941488028">
        <ele>362.6</ele>
      </trkpt>
      <trkpt lat="48.647602926939726" lon="6.05337199755013">
        <ele>362.06</ele>
      </trkpt>
      <trkpt lat="48.64779696799815" lon="6.053376942873001">
        <ele>361.43</ele>
      </trkpt>
      <trkpt lat="48.6479149851948" lon="6.0534109733998775">
        <ele>360.75</ele>
      </trkpt>
      <trkpt lat="48.64797692745924" lon="6.053421953693032">
        <ele>360.01</ele>
      </trkpt>
      <trkpt lat="48.64803895354271" lon="6.053434945642948">
        <ele>359.19</ele>
      </trkpt>
      <trkpt lat="48.64817197434604" lon="6.053465958684683">
        <ele>358.27</ele>
      </trkpt>
      <trkpt lat="48.6483449768275" lon="6.053509963676333">
        <ele>357.26</ele>
      </trkpt>
      <trkpt lat="48.6484329868108" lon="6.053525973111391">
        <ele>356.25</ele>
      </trkpt>
      <trkpt lat="48.64851496182382" lon="6.053531924262643">
        <ele>355.18</ele>
      </trkpt>
      <trkpt lat="48.648628955706954" lon="6.053512981161475">
        <ele>354.05</ele>
      </trkpt>
      <trkpt lat="48.64889591932297" lon="6.053431928157806">
        <ele>352.86</ele>
      </trkpt>
      <trkpt lat="48.64915198646486" lon="6.053382977843285">
        <ele>351.61</ele>
      </trkpt>
      <trkpt lat="48.64929095841944" lon="6.053357999771833">
        <ele>350.37</ele>
      </trkpt>
      <trkpt lat="48.64945792593062" lon="6.053343918174505">
        <ele>349.13</ele>
      </trkpt>
      <trkpt lat="48.64961198531091" lon="6.053330926224589">
        <ele>347.91</ele>
      </trkpt>
      <trkpt lat="48.649770990014076" lon="6.053322963416576">
        <ele>346.69</ele>
      </trkpt>
      <trkpt lat="48.64984097890556" lon="6.053310977295041">
        <ele>345.52</ele>
      </trkpt>
      <trkpt lat="48.64991197362542" lon="6.053291950374842">
        <ele>344.38</ele>
      </trkpt>
      <trkpt lat="48.650026973336935" lon="6.053253980353475">
        <ele>343.26</ele>
      </trkpt>
      <trkpt lat="48.650173991918564" lon="6.053211987018585">
        <ele>342.18</ele>
      </trkpt>
      <trkpt lat="48.65023895166814" lon="6.0532039403915405">
        <ele>341.15</ele>
      </trkpt>
      <trkpt lat="48.65051195025444" lon="6.053148955106735">
        <ele>340.12</ele>
      </trkpt>
      <trkpt lat="48.650696938857436" lon="6.0531029384583235">
        <ele>339.15</ele>
      </trkpt>
      <trkpt lat="48.650863990187645" lon="6.053042924031615">
        <ele>338.2</ele>
      </trkpt>
      <trkpt lat="48.65105199627578" lon="6.052939994260669">
        <ele>337.31</ele>
      </trkpt>
      <trkpt lat="48.65126799792051" lon="6.052869921550155">
        <ele>336.5</ele>
      </trkpt>
      <trkpt lat="48.65133195184171" lon="6.052856929600239">
        <ele>335.8</ele>
      </trkpt>
      <trkpt lat="48.6513929720968" lon="6.052838992327452">
        <ele>335.17</ele>
      </trkpt>
      <trkpt lat="48.65145399235189" lon="6.05281594209373">
        <ele>334.62</ele>
      </trkpt>
      <trkpt lat="48.651513922959566" lon="6.052794987335801">
        <ele>334.14</ele>
      </trkpt>
      <trkpt lat="48.651619954034686" lon="6.052765985950828">
        <ele>333.72</ele>
      </trkpt>
      <trkpt lat="48.651746939867735" lon="6.052726926282048">
        <ele>333.37</ele>
      </trkpt>
      <trkpt lat="48.65183897316456" lon="6.052679987624288">
        <ele>333.13</ele>
      </trkpt>
      <trkpt lat="48.65186696872115" lon="6.052696919068694">
        <ele>332.99</ele>
      </trkpt>
      <trkpt lat="48.65186998620629" lon="6.052719969302416">
        <ele>332.94</ele>
      </trkpt>
      <trkpt lat="48.65186395123601" lon="6.052765985950828">
        <ele>332.97</ele>
      </trkpt>
      <trkpt lat="48.65186193957925" lon="6.0527939815074205">
        <ele>333.07</ele>
      </trkpt>
      <trkpt lat="48.65184492431581" lon="6.0528599470853806">
        <ele>333.27</ele>
      </trkpt>
      <trkpt lat="48.651833944022655" lon="6.052898922935128">
        <ele>333.52</ele>
      </trkpt>
      <trkpt lat="48.6518229637295" lon="6.052976958453655">
        <ele>333.86</ele>
      </trkpt>
      <trkpt lat="48.65181894041598" lon="6.053042924031615">
        <ele>334.26</ele>
      </trkpt>
      <trkpt lat="48.65179798565805" lon="6.053109979256988">
        <ele>334.74</ele>
      </trkpt>
      <trkpt lat="48.65178692154586" lon="6.053175944834948">
        <ele>335.26</ele>
      </trkpt>
      <trkpt lat="48.65178097039461" lon="6.053248951211572">
        <ele>335.84</ele>
      </trkpt>
      <trkpt lat="48.65178692154586" lon="6.053301924839616">
        <ele>336.45</ele>
      </trkpt>
      <trkpt lat="48.651807960122824" lon="6.053431928157806">
        <ele>337.12</ele>
      </trkpt>
      <trkpt lat="48.65181994624436" lon="6.053541982546449">
        <ele>337.82</ele>
      </trkpt>
      <trkpt lat="48.65182396955788" lon="6.053584981709719">
        <ele>338.53</ele>
      </trkpt>
      <trkpt lat="48.651855988428" lon="6.053709955886006">
        <ele>339.28</ele>
      </trkpt>
      <trkpt lat="48.651897981762886" lon="6.0538449883461">
        <ele>340.07</ele>
      </trkpt>
      <trkpt lat="48.6519109737128" lon="6.054021930322051">
        <ele>340.89</ele>
      </trkpt>
      <trkpt lat="48.65194198675454" lon="6.054144976660609">
        <ele>341.7</ele>
      </trkpt>
      <trkpt lat="48.65199294872582" lon="6.054240949451923">
        <ele>342.52</ele>
      </trkpt>
      <trkpt lat="48.65210694260895" lon="6.0543999541550875">
        <ele>343.35</ele>
      </trkpt>
      <trkpt lat="48.65226594731212" lon="6.054693991318345">
        <ele>344.21</ele>
      </trkpt>
      <trkpt lat="48.65237298421562" lon="6.054976964369416">
        <ele>345.1</ele>
      </trkpt>
      <trkpt lat="48.65251497365534" lon="6.055333949625492">
        <ele>346.01</ele>
      </trkpt>
      <trkpt lat="48.652521930634975" lon="6.055357921868563">
        <ele>346.8</ele>
      </trkpt>
      <trkpt lat="48.652564929798245" lon="6.055509969592094">
        <ele>347.61</ele>
      </trkpt>
      <trkpt lat="48.652624944224954" lon="6.0556689742952585">
        <ele>348.42</ele>
      </trkpt>
      <trkpt lat="48.65264296531677" lon="6.05575698427856">
        <ele>349.15</ele>
      </trkpt>
      <trkpt lat="48.652670960873365" lon="6.0558839701116085">
        <ele>349.87</ele>
      </trkpt>
      <trkpt lat="48.652691999450326" lon="6.056107934564352">
        <ele>350.58</ele>
      </trkpt>
      <trkpt lat="48.65273893810809" lon="6.056372970342636">
        <ele>351.26</ele>
      </trkpt>
      <trkpt lat="48.6527709569782" lon="6.056481935083866">
        <ele>351.93</ele>
      </trkpt>
      <trkpt lat="48.652778919786215" lon="6.0565319750458">
        <ele>352.55</ele>
      </trkpt>
      <trkpt lat="48.6527849547565" lon="6.0565639939159155">
        <ele>353.16</ele>
      </trkpt>
      <trkpt lat="48.65278797224164" lon="6.0566929914057255">
        <ele>353.74</ele>
      </trkpt>
      <trkpt lat="48.652798952534795" lon="6.056720986962318">
        <ele>354.3</ele>
      </trkpt>
      <trkpt lat="48.65281295031309" lon="6.056772954761982">
        <ele>354.84</ele>
      </trkpt>
      <trkpt lat="48.652861984446645" lon="6.0570949874818325">
        <ele>355.43</ele>
      </trkpt>
      <trkpt lat="48.65296499803662" lon="6.057353988289833">
        <ele>356.02</ele>
      </trkpt>
      <trkpt lat="48.65299995057285" lon="6.057528918609023">
        <ele>356.54</ele>
      </trkpt>
      <trkpt lat="48.653058959171176" lon="6.057811975479126">
        <ele>357.04</ele>
      </trkpt>
      <trkpt lat="48.653118973597884" lon="6.05799394659698">
        <ele>357.51</ele>
      </trkpt>
      <trkpt lat="48.65317094139755" lon="6.058291923254728">
        <ele>357.97</ele>
      </trkpt>
      <trkpt lat="48.653244115412235" lon="6.058623343706131">
        <ele>358.42</ele>
      </trkpt>
      <trkpt lat="48.6532440315932" lon="6.058622924610972">
        <ele>358.85</ele>
      </trkpt>
      <trkpt lat="48.653244115412235" lon="6.058623259887099">
        <ele>359.26</ele>
      </trkpt>
      <trkpt lat="48.653316954150796" lon="6.058952920138836">
        <ele>359.7</ele>
      </trkpt>
      <trkpt lat="48.65334394387901" lon="6.059018969535828">
        <ele>360.11</ele>
      </trkpt>
      <trkpt lat="48.6534599494189" lon="6.059270929545164">
        <ele>360.61</ele>
      </trkpt>
      <trkpt lat="48.653487944975495" lon="6.059351982548833">
        <ele>361.03</ele>
      </trkpt>
      <trkpt lat="48.65352298133075" lon="6.05936698615551">
        <ele>361.44</ele>
      </trkpt>
      <trkpt lat="48.65358894690871" lon="6.059364974498749">
        <ele>361.84</ele>
      </trkpt>
      <trkpt lat="48.65365399047732" lon="6.059351982548833">
        <ele>362.24</ele>
      </trkpt>
      <trkpt lat="48.653700929135084" lon="6.059331949800253">
        <ele>362.64</ele>
      </trkpt>
      <trkpt lat="48.653722973540425" lon="6.059320969507098">
        <ele>363.03</ele>
      </trkpt>
      <trkpt lat="48.653745939955115" lon="6.059310995042324">
        <ele>363.43</ele>
      </trkpt>
      <trkpt lat="48.65384199656546" lon="6.05928098782897">
        <ele>363.84</ele>
      </trkpt>
      <trkpt lat="48.65403695963323" lon="6.059232959523797">
        <ele>364.3</ele>
      </trkpt>
      <trkpt lat="48.65419898182154" lon="6.059184931218624">
        <ele>364.74</ele>
      </trkpt>
      <trkpt lat="48.654472986236215" lon="6.059105973690748">
        <ele>365.21</ele>
      </trkpt>
      <trkpt lat="48.65476794540882" lon="6.059041433036327">
        <ele>365.65</ele>
      </trkpt>
      <trkpt lat="48.65506298840046" lon="6.058976976200938">
        <ele>365.99</ele>
      </trkpt>
      <trkpt lat="48.655119985342026" lon="6.058978987857699">
        <ele>366.36</ele>
      </trkpt>
      <trkpt lat="48.65528292953968" lon="6.059113936498761">
        <ele>366.72</ele>
      </trkpt>
      <trkpt lat="48.65536197088659" lon="6.0592699237167835">
        <ele>367.09</ele>
      </trkpt>
      <trkpt lat="48.65542399697006" lon="6.0594849195331335">
        <ele>367.48</ele>
      </trkpt>
      <trkpt lat="48.65550664253533" lon="6.059911055490375">
        <ele>367.92</ele>
      </trkpt>
      <trkpt lat="48.65558895282447" lon="6.060334928333759">
        <ele>368.3</ele>
      </trkpt>
      <trkpt lat="48.65559892728925" lon="6.0604809410870075">
        <ele>368.64</ele>
      </trkpt>
      <trkpt lat="48.655612505972385" lon="6.060736170038581">
        <ele>368.97</ele>
      </trkpt>
      <trkpt lat="48.65562591701746" lon="6.060989974066615">
        <ele>369.34</ele>
      </trkpt>
      <trkpt lat="48.655652990564704" lon="6.061249142512679">
        <ele>369.71</ele>
      </trkpt>
      <trkpt lat="48.655679980292916" lon="6.061506969854236">
        <ele>370.11</ele>
      </trkpt>
      <trkpt lat="48.65569498389959" lon="6.061641918495297">
        <ele>370.5</ele>
      </trkpt>
      <trkpt lat="48.65571292117238" lon="6.062081968411803">
        <ele>370.96</ele>
      </trkpt>
      <trkpt lat="48.655720967799425" lon="6.062307944521308">
        <ele>371.37</ele>
      </trkpt>
      <trkpt lat="48.655722979456186" lon="6.062479941174388">
        <ele>371.77</ele>
      </trkpt>
      <trkpt lat="48.65571040660143" lon="6.06292518787086">
        <ele>372.18</ele>
      </trkpt>
      <trkpt lat="48.6556979175657" lon="6.063367919996381">
        <ele>372.57</ele>
      </trkpt>
      <trkpt lat="48.655696995556355" lon="6.063809981569648">
        <ele>373.0</ele>
      </trkpt>
      <trkpt lat="48.65571501664817" lon="6.064048111438751">
        <ele>373.46</ele>
      </trkpt>
      <trkpt lat="48.65573295392096" lon="6.064284984022379">
        <ele>373.92</ele>
      </trkpt>
      <trkpt lat="48.65573798306286" lon="6.064553959295154">
        <ele>374.37</ele>
      </trkpt>
      <trkpt lat="48.655743934214115" lon="6.064704917371273">
        <ele>374.77</ele>
      </trkpt>
      <trkpt lat="48.65583496168256" lon="6.064991997554898">
        <ele>375.17</ele>
      </trkpt>
      <trkpt lat="48.65585591644049" lon="6.065062992274761">
        <ele>375.53</ele>
      </trkpt>
      <trkpt lat="48.65592397749424" lon="6.065382929518819">
        <ele>375.83</ele>
      </trkpt>
      <trkpt lat="48.65596597082913" lon="6.0656289383769035">
        <ele>376.16</ele>
      </trkpt>
      <trkpt lat="48.65603394806385" lon="6.0658839996904135">
        <ele>376.47</ele>
      </trkpt>
      <trkpt lat="48.65607996471226" lon="6.066243918612599">
        <ele>376.76</ele>
      </trkpt>
      <trkpt lat="48.65607745014131" lon="6.066500153392553">
        <ele>377.08</ele>
      </trkpt>
      <trkpt lat="48.65607493557036" lon="6.066754963248968">
        <ele>377.42</ele>
      </trkpt>
      <trkpt lat="48.65607845596969" lon="6.067033242434263">
        <ele>377.74</ele>
      </trkpt>
      <trkpt lat="48.65608197636902" lon="6.067309929057956">
        <ele>377.98</ele>
      </trkpt>
      <trkpt lat="48.656110977754" lon="6.0677479673177">
        <ele>378.15</ele>
      </trkpt>
      <trkpt lat="48.65620594471693" lon="6.068138983100653">
        <ele>378.27</ele>
      </trkpt>
      <trkpt lat="48.656275095418096" lon="6.068394044414163">
        <ele>378.36</ele>
      </trkpt>
      <trkpt lat="48.656343994662166" lon="6.068647932261229">
        <ele>378.37</ele>
      </trkpt>
      <trkpt lat="48.65636092610657" lon="6.068699983879924">
        <ele>378.34</ele>
      </trkpt>
      <trkpt lat="48.656464694067836" lon="6.069073313847184">
        <ele>378.24</ele>
      </trkpt>
      <trkpt lat="48.65656795911491" lon="6.06944496743381">
        <ele>378.08</ele>
      </trkpt>
      <trkpt lat="48.656555972993374" lon="6.069563990458846">
        <ele>377.9</ele>
      </trkpt>
      <trkpt lat="48.65648698993027" lon="6.069920975714922">
        <ele>377.69</ele>
      </trkpt>
      <trkpt lat="48.656496964395046" lon="6.070247953757644">
        <ele>377.39</ele>
      </trkpt>
      <trkpt lat="48.65661296993494" lon="6.0706099681556225">
        <ele>376.98</ele>
      </trkpt>
      <trkpt lat="48.65670399740338" lon="6.070616925135255">
        <ele>376.58</ele>
      </trkpt>
      <trkpt lat="48.65689191967249" lon="6.070541990920901">
        <ele>376.11</ele>
      </trkpt>
      <trkpt lat="48.65704698488116" lon="6.0704764444381">
        <ele>375.65</ele>
      </trkpt>
      <trkpt lat="48.657201966270804" lon="6.07041098177433">
        <ele>375.14</ele>
      </trkpt>
      <trkpt lat="48.6573039740324" lon="6.070479964837432">
        <ele>374.59</ele>
      </trkpt>
      <trkpt lat="48.657331969588995" lon="6.070505948737264">
        <ele>374.03</ele>
      </trkpt>
      <trkpt lat="48.65736591629684" lon="6.070511983707547">
        <ele>373.44</ele>
      </trkpt>
      <trkpt lat="48.657435989007354" lon="6.070514917373657">
        <ele>372.82</ele>
      </trkpt>
      <trkpt lat="48.65764394402504" lon="6.070447945967317">
        <ele>372.14</ele>
      </trkpt>
      <trkpt lat="48.65770697593689" lon="6.070385919883847">
        <ele>371.52</ele>
      </trkpt>
      <trkpt lat="48.6577479634434" lon="6.070369994267821">
        <ele>370.9</ele>
      </trkpt>
      <trkpt lat="48.657827926799655" lon="6.0703469440341">
        <ele>370.23</ele>
      </trkpt>
      <trkpt lat="48.657958935946226" lon="6.070302939042449">
        <ele>369.57</ele>
      </trkpt>
      <trkpt lat="48.65813294425607" lon="6.0701649729162455">
        <ele>368.89</ele>
      </trkpt>
      <trkpt lat="48.65828993730247" lon="6.070146951824427">
        <ele>368.25</ele>
      </trkpt>
      <trkpt lat="48.65844693034887" lon="6.070128930732608">
        <ele>367.62</ele>
      </trkpt>
      <trkpt lat="48.65861892700195" lon="6.070100935176015">
        <ele>367.0</ele>
      </trkpt>
      <trkpt lat="48.65867994725704" lon="6.070084925740957">
        <ele>366.42</ele>
      </trkpt>
      <trkpt lat="48.65884096361697" lon="6.070064976811409">
        <ele>365.84</ele>
      </trkpt>
      <trkpt lat="48.65889494307339" lon="6.070061959326267">
        <ele>365.31</ele>
      </trkpt>
      <trkpt lat="48.65895395167172" lon="6.0700509790331125">
        <ele>364.81</ele>
      </trkpt>
      <trkpt lat="48.659071968868375" lon="6.0700359754264355">
        <ele>364.36</ele>
      </trkpt>
      <trkpt lat="48.659372963011265" lon="6.06998291797936">
        <ele>363.94</ele>
      </trkpt>
      <trkpt lat="48.65947195328772" lon="6.069967998191714">
        <ele>363.55</ele>
      </trkpt>
      <trkpt lat="48.659605979919434" lon="6.069978978484869">
        <ele>363.19</ele>
      </trkpt>
      <trkpt lat="48.65968896076083" lon="6.0699499770998955">
        <ele>362.84</ele>
      </trkpt>
      <trkpt lat="48.65988241508603" lon="6.06993799097836">
        <ele>362.51</ele>
      </trkpt>
      <trkpt lat="48.66007595323026" lon="6.069925921037793">
        <ele>362.21</ele>
      </trkpt>
      <trkpt lat="48.66036596708" lon="6.06991795822978">
        <ele>361.9</ele>
      </trkpt>
      <trkpt lat="48.66042195819318" lon="6.06991795822978">
        <ele>361.66</ele>
      </trkpt>
      <trkpt lat="48.66048297844827" lon="6.069911923259497">
        <ele>361.46</ele>
      </trkpt>
      <trkpt lat="48.6606749240309" lon="6.069888956844807">
        <ele>361.24</ele>
      </trkpt>
      <trkpt lat="48.66097591817379" lon="6.06987395323813">
        <ele>361.07</ele>
      </trkpt>
      <trkpt lat="48.66109795868397" lon="6.06985492631793">
        <ele>361.0</ele>
      </trkpt>
      <trkpt lat="48.6612069234252" lon="6.069845957681537">
        <ele>360.99</ele>
      </trkpt>
      <trkpt lat="48.66137699224055" lon="6.069838916882873">
        <ele>361.03</ele>
      </trkpt>
      <trkpt lat="48.661432983353734" lon="6.069826930761337">
        <ele>361.12</ele>
      </trkpt>
      <trkpt lat="48.661604980006814" lon="6.069815950468183">
        <ele>361.29</ele>
      </trkpt>
      <trkpt lat="48.66168393753469" lon="6.069814944639802">
        <ele>361.48</ele>
      </trkpt>
      <trkpt lat="48.66178695112467" lon="6.069815950468183">
        <ele>361.74</ele>
      </trkpt>
      <trkpt lat="48.66183992475271" lon="6.06981192715466">
        <ele>362.01</ele>
      </trkpt>
      <trkpt lat="48.661932963877916" lon="6.069805976003408">
        <ele>362.33</ele>
      </trkpt>
      <trkpt lat="48.66205399855971" lon="6.069780997931957">
        <ele>362.68</ele>
      </trkpt>
      <trkpt lat="48.662213925272226" lon="6.069774962961674">
        <ele>363.08</ele>
      </trkpt>
      <trkpt lat="48.662317944690585" lon="6.0697779804468155">
        <ele>363.44</ele>
      </trkpt>
      <trkpt lat="48.66251793690026" lon="6.069739926606417">
        <ele>363.82</ele>
      </trkpt>
      <trkpt lat="48.66260997019708" lon="6.069739926606417">
        <ele>364.17</ele>
      </trkpt>
      <trkpt lat="48.66288389079273" lon="6.069713942706585">
        <ele>364.54</ele>
      </trkpt>
      <trkpt lat="48.66315797902644" lon="6.069687958806753">
        <ele>364.83</ele>
      </trkpt>
      <trkpt lat="48.663328969851136" lon="6.069657951593399">
        <ele>365.15</ele>
      </trkpt>
      <trkpt lat="48.663474982604384" lon="6.069660969078541">
        <ele>365.47</ele>
      </trkpt>
      <trkpt lat="48.663675896823406" lon="6.0696489829570055">
        <ele>365.77</ele>
      </trkpt>
      <trkpt lat="48.66387697868049" lon="6.06963699683547">
        <ele>366.05</ele>
      </trkpt>
      <trkpt lat="48.66409289650619" lon="6.069619478657842">
        <ele>366.32</ele>
      </trkpt>
      <trkpt lat="48.66430898196995" lon="6.069601960480213">
        <ele>366.56</ele>
      </trkpt>
      <trkpt lat="48.664507968351245" lon="6.069602966308594">
        <ele>366.76</ele>
      </trkpt>
      <trkpt lat="48.66472992114723" lon="6.069575976580381">
        <ele>366.99</ele>
      </trkpt>
      <trkpt lat="48.664832934737206" lon="6.069559967145324">
        <ele>367.19</ele>
      </trkpt>
      <trkpt lat="48.665001997724175" lon="6.069541946053505">
        <ele>367.37</ele>
      </trkpt>
      <trkpt lat="48.66519997827709" lon="6.069520991295576">
        <ele>367.58</ele>
      </trkpt>
      <trkpt lat="48.66537398658693" lon="6.069494923576713">
        <ele>367.77</ele>
      </trkpt>
      <trkpt lat="48.66561396047473" lon="6.069477992132306">
        <ele>367.97</ele>
      </trkpt>
      <trkpt lat="48.66567498072982" lon="6.069489978253841">
        <ele>368.11</ele>
      </trkpt>
      <trkpt lat="48.66585091687739" lon="6.06950799934566">
        <ele>368.24</ele>
      </trkpt>
      <trkpt lat="48.666011933237314" lon="6.069504478946328">
        <ele>368.41</ele>
      </trkpt>
      <trkpt lat="48.66617294959724" lon="6.069500958546996">
        <ele>368.56</ele>
      </trkpt>
      <trkpt lat="48.66607094183564" lon="6.069496935233474">
        <ele>368.61</ele>
      </trkpt>
      <trkpt lat="48.665878996253014" lon="6.06950699351728">
        <ele>368.62</ele>
      </trkpt>
      <trkpt lat="48.66578696295619" lon="6.069515962153673">
        <ele>368.68</ele>
      </trkpt>
      <trkpt lat="48.665692918002605" lon="6.069514956325293">
        <ele>368.75</ele>
      </trkpt>
      <trkpt lat="48.66559199988842" lon="6.069520991295576">
        <ele>368.82</ele>
      </trkpt>
      <trkpt lat="48.66544397547841" lon="6.069526942446828">
        <ele>368.86</ele>
      </trkpt>
      <trkpt lat="48.665368957445025" lon="6.069538928568363">
        <ele>368.93</ele>
      </trkpt>
      <trkpt lat="48.66519897244871" lon="6.06954999268055">
        <ele>368.99</ele>
      </trkpt>
      <trkpt lat="48.66502898745239" lon="6.069560972973704">
        <ele>369.07</ele>
      </trkpt>
      <trkpt lat="48.66490292362869" lon="6.069604977965355">
        <ele>369.19</ele>
      </trkpt>
      <trkpt lat="48.66493091918528" lon="6.069795917719603">
        <ele>369.33</ele>
      </trkpt>
      <trkpt lat="48.66499495692551" lon="6.069953916594386">
        <ele>369.46</ele>
      </trkpt>
      <trkpt lat="48.66501892916858" lon="6.070087943226099">
        <ele>369.6</ele>
      </trkpt>
      <trkpt lat="48.66507693193853" lon="6.070320960134268">
        <ele>369.77</ele>
      </trkpt>
      <trkpt lat="48.665069472044706" lon="6.0706037655472755">
        <ele>370.01</ele>
      </trkpt>
      <trkpt lat="48.66506192833185" lon="6.070884978398681">
        <ele>370.27</ele>
      </trkpt>
      <trkpt lat="48.665088918060064" lon="6.071343971416354">
        <ele>370.59</ele>
      </trkpt>
      <trkpt lat="48.665089923888445" lon="6.071726940572262">
        <ele>370.93</ele>
      </trkpt>
      <trkpt lat="48.665109956637025" lon="6.072194986045361">
        <ele>371.23</ele>
      </trkpt>
      <trkpt lat="48.66511699743569" lon="6.072451137006283">
        <ele>371.49</ele>
      </trkpt>
      <trkpt lat="48.66512395441532" lon="6.072705946862698">
        <ele>371.75</ele>
      </trkpt>
      <trkpt lat="48.66513996385038" lon="6.073105009272695">
        <ele>372.01</ele>
      </trkpt>
      <trkpt lat="48.66515597328544" lon="6.073501976206899">
        <ele>372.28</ele>
      </trkpt>
      <trkpt lat="48.665190590545535" lon="6.073930626735091">
        <ele>372.51</ele>
      </trkpt>
      <trkpt lat="48.66522495634854" lon="6.074356930330396">
        <ele>372.75</ele>
      </trkpt>
      <trkpt lat="48.66525152698159" lon="6.074778623878956">
        <ele>373.03</ele>
      </trkpt>
      <trkpt lat="48.66527792997658" lon="6.075197970494628">
        <ele>373.23</ele>
      </trkpt>
      <trkpt lat="48.66529293358326" lon="6.075666937977076">
        <ele>373.46</ele>
      </trkpt>
      <trkpt lat="48.665303494781256" lon="6.075927196070552">
        <ele>373.72</ele>
      </trkpt>
      <trkpt lat="48.66531397216022" lon="6.076185945421457">
        <ele>373.99</ele>
      </trkpt>
      <trkpt lat="48.66529896855354" lon="6.076358947902918">
        <ele>374.21</ele>
      </trkpt>
      <trkpt lat="48.66531749255955" lon="6.0767189506441355">
        <ele>374.4</ele>
      </trkpt>
      <trkpt lat="48.66533593274653" lon="6.077076941728592">
        <ele>374.49</ele>
      </trkpt>
      <trkpt lat="48.66540499962866" lon="6.077468963339925">
        <ele>374.58</ele>
      </trkpt>
      <trkpt lat="48.66539393551648" lon="6.0778910759836435">
        <ele>374.66</ele>
      </trkpt>
      <trkpt lat="48.66538295522332" lon="6.078310925513506">
        <ele>374.72</ele>
      </trkpt>
      <trkpt lat="48.665385972708464" lon="6.078364988788962">
        <ele>374.75</ele>
      </trkpt>
      <trkpt lat="48.66549761965871" lon="6.078549223020673">
        <ele>374.74</ele>
      </trkpt>
      <trkpt lat="48.66560893133283" lon="6.078732954338193">
        <ele>374.7</ele>
      </trkpt>
      <trkpt lat="48.66581562906504" lon="6.078932611271739">
        <ele>374.61</ele>
      </trkpt>
      <trkpt lat="48.66602199152112" lon="6.079131932929158">
        <ele>374.49</ele>
      </trkpt>
      <trkpt lat="48.66625391878188" lon="6.079365955665708">
        <ele>374.38</ele>
      </trkpt>
      <trkpt lat="48.666375959292054" lon="6.0794799495488405">
        <ele>374.26</ele>
      </trkpt>
      <trkpt lat="48.666567988693714" lon="6.0796439833939075">
        <ele>374.14</ele>
      </trkpt>
      <trkpt lat="48.666780553758144" lon="6.079839030280709">
        <ele>373.98</ele>
      </trkpt>
      <trkpt lat="48.66699295118451" lon="6.080033993348479">
        <ele>373.8</ele>
      </trkpt>
      <trkpt lat="48.66716796532273" lon="6.0801829397678375">
        <ele>373.63</ele>
      </trkpt>
      <trkpt lat="48.667279947549105" lon="6.08029399998486">
        <ele>373.42</ele>
      </trkpt>
      <trkpt lat="48.66733392700553" lon="6.0803319700062275">
        <ele>373.2</ele>
      </trkpt>
      <trkpt lat="48.66735999472439" lon="6.080325935035944">
        <ele>372.94</ele>
      </trkpt>
      <trkpt lat="48.66735395975411" lon="6.080598933622241">
        <ele>372.55</ele>
      </trkpt>
      <trkpt lat="48.66735094226897" lon="6.0806529968976974">
        <ele>372.21</ele>
      </trkpt>
      <trkpt lat="48.66735999472439" lon="6.080903951078653">
        <ele>371.8</ele>
      </trkpt>
      <trkpt lat="48.66737097501755" lon="6.081094974651933">
        <ele>371.4</ele>
      </trkpt>
      <trkpt lat="48.66737893782556" lon="6.081146942451596">
        <ele>371.03</ele>
      </trkpt>
      <trkpt lat="48.66739494726062" lon="6.081248950213194">
        <ele>370.62</ele>
      </trkpt>
      <trkpt lat="48.667427971959114" lon="6.081558996811509">
        <ele>370.17</ele>
      </trkpt>
      <trkpt lat="48.667427971959114" lon="6.081716995686293">
        <ele>369.76</ele>
      </trkpt>
      <trkpt lat="48.66742696613073" lon="6.081743985414505">
        <ele>369.36</ele>
      </trkpt>
      <trkpt lat="48.667514976114035" lon="6.081868959590793">
        <ele>368.95</ele>
      </trkpt>
      <trkpt lat="48.66753492504358" lon="6.081889998167753">
        <ele>368.55</ele>
      </trkpt>
      <trkpt lat="48.667558981105685" lon="6.081921933218837">
        <ele>368.16</ele>
      </trkpt>
      <trkpt lat="48.667602986097336" lon="6.081997957080603">
        <ele>367.76</ele>
      </trkpt>
      <trkpt lat="48.667648918926716" lon="6.082071969285607">
        <ele>367.35</ele>
      </trkpt>
      <trkpt lat="48.66771697998047" lon="6.082168947905302">
        <ele>366.94</ele>
      </trkpt>
      <trkpt lat="48.66774698719382" lon="6.082219993695617">
        <ele>366.52</ele>
      </trkpt>
      <trkpt lat="48.667818987742066" lon="6.082335999235511">
        <ele>366.08</ele>
      </trkpt>
      <trkpt lat="48.6678999569267" lon="6.082469942048192">
        <ele>365.64</ele>
      </trkpt>
      <trkpt lat="48.66797598078847" lon="6.082580918446183">
        <ele>365.21</ele>
      </trkpt>
      <trkpt lat="48.668055944144726" lon="6.082702958956361">
        <ele>364.77</ele>
      </trkpt>
      <trkpt lat="48.6681919824332" lon="6.082884930074215">
        <ele>364.31</ele>
      </trkpt>
      <trkpt lat="48.66832399740815" lon="6.083067990839481">
        <ele>363.83</ele>
      </trkpt>
      <trkpt lat="48.66845492273569" lon="6.08325993642211">
        <ele>363.32</ele>
      </trkpt>
      <trkpt lat="48.66853496991098" lon="6.083390945568681">
        <ele>362.81</ele>
      </trkpt>
      <trkpt lat="48.668653070926666" lon="6.0835756827145815">
        <ele>362.27</ele>
      </trkpt>
      <trkpt lat="48.66877092048526" lon="6.083759916946292">
        <ele>361.71</ele>
      </trkpt>
      <trkpt lat="48.66890092380345" lon="6.083946917206049">
        <ele>361.15</ele>
      </trkpt>
      <trkpt lat="48.66898197680712" lon="6.0840619169175625">
        <ele>360.6</ele>
      </trkpt>
      <trkpt lat="48.66906093433499" lon="6.084192926064134">
        <ele>360.05</ele>
      </trkpt>
      <trkpt lat="48.6691399756819" lon="6.084328964352608">
        <ele>359.49</ele>
      </trkpt>
      <trkpt lat="48.669256987050176" lon="6.084542954340577">
        <ele>358.88</ele>
      </trkpt>
      <trkpt lat="48.66929294541478" lon="6.084617972373962">
        <ele>358.29</ele>
      </trkpt>
      <trkpt lat="48.66941565647721" lon="6.084849312901497">
        <ele>357.62</ele>
      </trkpt>
      <trkpt lat="48.669537948444486" lon="6.085079982876778">
        <ele>356.98</ele>
      </trkpt>
      <trkpt lat="48.66956292651594" lon="6.0852019395679235">
        <ele>356.42</ele>
      </trkpt>
      <trkpt lat="48.66959092207253" lon="6.085390951484442">
        <ele>355.9</ele>
      </trkpt>
      <trkpt lat="48.6696130502969" lon="6.085739890113473">
        <ele>355.39</ele>
      </trkpt>
      <trkpt lat="48.66963492706418" lon="6.086086984723806">
        <ele>354.91</ele>
      </trkpt>
      <trkpt lat="48.66963794454932" lon="6.0861749947071075">
        <ele>354.43</ele>
      </trkpt>
      <trkpt lat="48.669667951762676" lon="6.086495937779546">
        <ele>353.89</ele>
      </trkpt>
      <trkpt lat="48.66966996341944" lon="6.086587971076369">
        <ele>353.43</ele>
      </trkpt>
      <trkpt lat="48.669667951762676" lon="6.086730966344476">
        <ele>352.97</ele>
      </trkpt>
      <trkpt lat="48.66967893205583" lon="6.086785951629281">
        <ele>352.54</ele>
      </trkpt>
      <trkpt lat="48.6697219312191" lon="6.086906986311078">
        <ele>352.12</ele>
      </trkpt>
      <trkpt lat="48.66974196396768" lon="6.086936993524432">
        <ele>351.75</ele>
      </trkpt>
      <trkpt lat="48.66978395730257" lon="6.087020980194211">
        <ele>351.38</ele>
      </trkpt>
      <trkpt lat="48.669839948415756" lon="6.087130950763822">
        <ele>351.03</ele>
      </trkpt>
      <trkpt lat="48.669880935922265" lon="6.087183924391866">
        <ele>350.74</ele>
      </trkpt>
      <trkpt lat="48.670029547065496" lon="6.087314514443278">
        <ele>350.48</ele>
      </trkpt>
      <trkpt lat="48.670177990570664" lon="6.0874449368566275">
        <ele>350.25</ele>
      </trkpt>
      <trkpt lat="48.670245967805386" lon="6.087510986253619">
        <ele>350.07</ele>
      </trkpt>
      <trkpt lat="48.670288966968656" lon="6.087547950446606">
        <ele>349.91</ele>
      </trkpt>
      <trkpt lat="48.670502956956625" lon="6.08768792822957">
        <ele>349.79</ele>
      </trkpt>
      <trkpt lat="48.670693980529904" lon="6.087699998170137">
        <ele>349.68</ele>
      </trkpt>
      <trkpt lat="48.67086295969784" lon="6.087710978463292">
        <ele>349.6</ele>
      </trkpt>
      <trkpt lat="48.67103193886578" lon="6.087440997362137">
        <ele>349.62</ele>
      </trkpt>
      <trkpt lat="48.67105197161436" lon="6.087325997650623">
        <ele>349.61</ele>
      </trkpt>
      <trkpt lat="48.67113495245576" lon="6.086918972432613">
        <ele>349.61</ele>
      </trkpt>
      <trkpt lat="48.671223213896155" lon="6.086514461785555">
        <ele>349.63</ele>
      </trkpt>
      <trkpt lat="48.67131097242236" lon="6.086111962795258">
        <ele>349.72</ele>
      </trkpt>
      <trkpt lat="48.671360928565264" lon="6.085853967815638">
        <ele>349.81</ele>
      </trkpt>
      <trkpt lat="48.67137199267745" lon="6.085779955610633">
        <ele>349.9</ele>
      </trkpt>
      <trkpt lat="48.67139797657728" lon="6.085627991706133">
        <ele>349.99</ele>
      </trkpt>
      <trkpt lat="48.67146394215524" lon="6.085432944819331">
        <ele>350.09</ele>
      </trkpt>
      <trkpt lat="48.67155094631016" lon="6.08517293818295">
        <ele>350.15</ele>
      </trkpt>
      <trkpt lat="48.6715629324317" lon="6.085116947069764">
        <ele>350.25</ele>
      </trkpt>
      <trkpt lat="48.67159495130181" lon="6.084899939596653">
        <ele>350.31</ele>
      </trkpt>
      <trkpt lat="48.67160391993821" lon="6.084821987897158">
        <ele>350.44</ele>
      </trkpt>
      <trkpt lat="48.67162697017193" lon="6.084691984578967">
        <ele>350.57</ele>
      </trkpt>
      <trkpt lat="48.67163099348545" lon="6.084626941010356">
        <ele>350.71</ele>
      </trkpt>
      <trkpt lat="48.671638956293464" lon="6.084429966285825">
        <ele>350.88</ele>
      </trkpt>
      <trkpt lat="48.6716559715569" lon="6.08437892049551">
        <ele>351.04</ele>
      </trkpt>
      <trkpt lat="48.67167893797159" lon="6.0843469854444265">
        <ele>351.19</ele>
      </trkpt>
      <trkpt lat="48.671745993196964" lon="6.08428998850286">
        <ele>351.35</ele>
      </trkpt>
      <trkpt lat="48.671831991523504" lon="6.084227962419391">
        <ele>351.51</ele>
      </trkpt>
      <trkpt lat="48.67192796431482" lon="6.084180939942598">
        <ele>351.65</ele>
      </trkpt>
      <trkpt lat="48.672029972076416" lon="6.084144981577992">
        <ele>351.78</ele>
      </trkpt>
      <trkpt lat="48.67212493903935" lon="6.084134923294187">
        <ele>351.91</ele>
      </trkpt>
      <trkpt lat="48.67223097011447" lon="6.084144981577992">
        <ele>352.03</ele>
      </trkpt>
      <trkpt lat="48.67244395427406" lon="6.084143975749612">
        <ele>352.18</ele>
      </trkpt>
      <trkpt lat="48.67268099449575" lon="6.084150932729244">
        <ele>352.35</ele>
      </trkpt>
      <trkpt lat="48.67288098670542" lon="6.084231985732913">
        <ele>352.48</ele>
      </trkpt>
      <trkpt lat="48.673080978915095" lon="6.08431295491755">
        <ele>352.62</ele>
      </trkpt>
      <trkpt lat="48.67329656146467" lon="6.084493584930897">
        <ele>352.79</ele>
      </trkpt>
      <trkpt lat="48.673511976376176" lon="6.084673963487148">
        <ele>352.9</ele>
      </trkpt>
      <trkpt lat="48.6737509444356" lon="6.084721991792321">
        <ele>352.95</ele>
      </trkpt>
      <trkpt lat="48.67380299605429" lon="6.084717968478799">
        <ele>353.05</ele>
      </trkpt>
      <trkpt lat="48.67403299547732" lon="6.084530968219042">
        <ele>353.14</ele>
      </trkpt>
      <trkpt lat="48.674241956323385" lon="6.084481934085488">
        <ele>353.23</ele>
      </trkpt>
      <trkpt lat="48.67440992966294" lon="6.084437929093838">
        <ele>353.3</ele>
      </trkpt>
      <trkpt lat="48.674437925219536" lon="6.084273979067802">
        <ele>353.38</ele>
      </trkpt>
      <trkpt lat="48.674433985725045" lon="6.084037944674492">
        <ele>353.44</ele>
      </trkpt>
      <trkpt lat="48.674376318231225" lon="6.083678528666496">
        <ele>353.48</ele>
      </trkpt>
      <trkpt lat="48.67431898601353" lon="6.083320956677198">
        <ele>353.54</ele>
      </trkpt>
      <trkpt lat="48.67427280172706" lon="6.082910913974047">
        <ele>353.62</ele>
      </trkpt>
      <trkpt lat="48.67422695271671" lon="6.082502966746688">
        <ele>353.75</ele>
      </trkpt>
      <trkpt lat="48.6741859652102" lon="6.082148998975754">
        <ele>353.79</ele>
      </trkpt>
      <trkpt lat="48.67418697103858" lon="6.08205595985055">
        <ele>353.74</ele>
      </trkpt>
      <trkpt lat="48.6742049921304" lon="6.082020923495293">
        <ele>353.64</ele>
      </trkpt>
      <trkpt lat="48.67440397851169" lon="6.081872982904315">
        <ele>353.48</ele>
      </trkpt>
      <trkpt lat="48.67445091716945" lon="6.081845993176103">
        <ele>353.3</ele>
      </trkpt>
      <trkpt lat="48.67465199902654" lon="6.081723952665925">
        <ele>353.05</ele>
      </trkpt>
      <trkpt lat="48.67484997957945" lon="6.0816289857029915">
        <ele>352.72</ele>
      </trkpt>
      <trkpt lat="48.67509791627526" lon="6.081533934921026">
        <ele>352.36</ele>
      </trkpt>
      <trkpt lat="48.67534099146724" lon="6.0814569890499115">
        <ele>352.03</ele>
      </trkpt>
      <trkpt lat="48.67545397952199" lon="6.081429999321699">
        <ele>351.76</ele>
      </trkpt>
      <trkpt lat="48.675662940368056" lon="6.081365961581469">
        <ele>351.45</ele>
      </trkpt>
      <trkpt lat="48.67571691982448" lon="6.081341989338398">
        <ele>351.19</ele>
      </trkpt>
      <trkpt lat="48.675832925364375" lon="6.0813079588115215">
        <ele>350.93</ele>
      </trkpt>
      <trkpt lat="48.67599042132497" lon="6.081274934113026">
        <ele>350.65</ele>
      </trkpt>
      <trkpt lat="48.67614791728556" lon="6.0812419932335615">
        <ele>350.37</ele>
      </trkpt>
      <trkpt lat="48.67619996890426" lon="6.08121894299984">
        <ele>350.11</ele>
      </trkpt>
      <trkpt lat="48.67631496861577" lon="6.08117694966495">
        <ele>349.83</ele>
      </trkpt>
      <trkpt lat="48.6764289624989" lon="6.081149959936738">
        <ele>349.54</ele>
      </trkpt>
      <trkpt lat="48.676583943888545" lon="6.081105954945087">
        <ele>349.24</ele>
      </trkpt>
      <trkpt lat="48.676648987457156" lon="6.081055998802185">
        <ele>349.0</ele>
      </trkpt>
      <trkpt lat="48.67670891806483" lon="6.080704964697361">
        <ele>348.76</ele>
      </trkpt>
      <trkpt lat="48.676713947206736" lon="6.080319983884692">
        <ele>348.54</ele>
      </trkpt>
      <trkpt lat="48.67672794498503" lon="6.079847998917103">
        <ele>348.23</ele>
      </trkpt>
      <trkpt lat="48.67676398716867" lon="6.079588998109102">
        <ele>347.95</ele>
      </trkpt>
      <trkpt lat="48.67679298855364" lon="6.079588998109102">
        <ele>347.65</ele>
      </trkpt>
      <trkpt lat="48.676884938031435" lon="6.0796289797872305">
        <ele>347.34</ele>
      </trkpt>
      <trkpt lat="48.67715994827449" lon="6.079742973670363">
        <ele>346.97</ele>
      </trkpt>
      <trkpt lat="48.67720898240805" lon="6.079767951741815">
        <ele>346.58</ele>
      </trkpt>
      <trkpt lat="48.677311995998025" lon="6.0798389464616776">
        <ele>346.15</ele>
      </trkpt>
      <trkpt lat="48.67741299793124" lon="6.079916981980205">
        <ele>345.7</ele>
      </trkpt>
      <trkpt lat="48.67746898904443" lon="6.079946989193559">
        <ele>345.19</ele>
      </trkpt>
      <trkpt lat="48.67758298292756" lon="6.080002980306745">
        <ele>344.64</ele>
      </trkpt>
      <trkpt lat="48.67764391936362" lon="6.080032987520099">
        <ele>344.01</ele>
      </trkpt>
      <trkpt lat="48.677832931280136" lon="6.080129966139793">
        <ele>343.32</ele>
      </trkpt>
      <trkpt lat="48.67789696902037" lon="6.080152932554483">
        <ele>342.55</ele>
      </trkpt>
      <trkpt lat="48.67802797816694" lon="6.080199955031276">
        <ele>341.7</ele>
      </trkpt>
      <trkpt lat="48.67815496399999" lon="6.080237925052643">
        <ele>340.77</ele>
      </trkpt>
      <trkpt lat="48.678279938176274" lon="6.080297939479351">
        <ele>339.76</ele>
      </trkpt>
      <trkpt lat="48.67848797701299" lon="6.080455938354135">
        <ele>338.64</ele>
      </trkpt>
      <trkpt lat="48.678622925654054" lon="6.080560963600874">
        <ele>337.5</ele>
      </trkpt>
      <trkpt lat="48.678771955892444" lon="6.08064092695713">
        <ele>336.3</ele>
      </trkpt>
      <trkpt lat="48.67892995476723" lon="6.080730948597193">
        <ele>335.04</ele>
      </trkpt>
      <trkpt lat="48.67908694781363" lon="6.080863969400525">
        <ele>333.8</ele>
      </trkpt>
      <trkpt lat="48.67923991754651" lon="6.08100394718349">
        <ele>332.51</ele>
      </trkpt>
      <trkpt lat="48.67938492447138" lon="6.0811359621584415">
        <ele>331.13</ele>
      </trkpt>
      <trkpt lat="48.67951895110309" lon="6.081252973526716">
        <ele>329.71</ele>
      </trkpt>
      <trkpt lat="48.679635962471366" lon="6.081359926611185">
        <ele>328.24</ele>
      </trkpt>
      <trkpt lat="48.67976596578956" lon="6.081482972949743">
        <ele>326.72</ele>
      </trkpt>
      <trkpt lat="48.67983595468104" lon="6.0815509501844645">
        <ele>325.21</ele>
      </trkpt>
      <trkpt lat="48.67997098714113" lon="6.081690927967429">
        <ele>323.64</ele>
      </trkpt>
      <trkpt lat="48.68017399683595" lon="6.081912964582443">
        <ele>321.97</ele>
      </trkpt>
      <trkpt lat="48.68031397461891" lon="6.08209895901382">
        <ele>320.36</ele>
      </trkpt>
      <trkpt lat="48.68035999126732" lon="6.08216593042016">
        <ele>318.88</ele>
      </trkpt>
      <trkpt lat="48.680374994874" lon="6.082195937633514">
        <ele>317.44</ele>
      </trkpt>
      <trkpt lat="48.68039293214679" lon="6.082272967323661">
        <ele>316.04</ele>
      </trkpt>
      <trkpt lat="48.68041195906699" lon="6.082363994792104">
        <ele>314.67</ele>
      </trkpt>
      <trkpt lat="48.68043593131006" lon="6.082464996725321">
        <ele>313.3</ele>
      </trkpt>
      <trkpt lat="48.68044892325997" lon="6.082512941211462">
        <ele>311.98</ele>
      </trkpt>
      <trkpt lat="48.68045998737216" lon="6.082619978114963">
        <ele>310.74</ele>
      </trkpt>
      <trkpt lat="48.68047499097884" lon="6.082777976989746">
        <ele>309.5</ele>
      </trkpt>
      <trkpt lat="48.68050198070705" lon="6.083162957802415">
        <ele>308.22</ele>
      </trkpt>
      <trkpt lat="48.680516984313726" lon="6.0832449328154325">
        <ele>307.1</ele>
      </trkpt>
      <trkpt lat="48.68056308478117" lon="6.083505107089877">
        <ele>305.91</ele>
      </trkpt>
      <trkpt lat="48.68060893379152" lon="6.083763940259814">
        <ele>304.8</ele>
      </trkpt>
      <trkpt lat="48.68065595626831" lon="6.083986982703209">
        <ele>303.89</ele>
      </trkpt>
      <trkpt lat="48.680684957653284" lon="6.084141964092851">
        <ele>303.09</ele>
      </trkpt>
      <trkpt lat="48.68072292767465" lon="6.084286971017718">
        <ele>302.35</ele>
      </trkpt>
      <trkpt lat="48.68073399178684" lon="6.084363916888833">
        <ele>301.76</ele>
      </trkpt>
      <trkpt lat="48.68074597790837" lon="6.084434995427728">
        <ele>301.29</ele>
      </trkpt>
      <trkpt lat="48.680752012878656" lon="6.084501799196005">
        <ele>300.93</ele>
      </trkpt>
      <trkpt lat="48.68075209669769" lon="6.0845022182911634">
        <ele>300.66</ele>
      </trkpt>
      <trkpt lat="48.680752934888005" lon="6.084510935470462">
        <ele>300.51</ele>
      </trkpt>
      <trkpt lat="48.68075997568667" lon="6.08459098264575">
        <ele>300.47</ele>
      </trkpt>
      <trkpt lat="48.68076592683792" lon="6.084768930450082">
        <ele>300.56</ele>
      </trkpt>
      <trkpt lat="48.68076399900019" lon="6.084959954023361">
        <ele>300.8</ele>
      </trkpt>
      <trkpt lat="48.6807669326663" lon="6.085218954831362">
        <ele>301.2</ele>
      </trkpt>
      <trkpt lat="48.68075796402991" lon="6.085302941501141">
        <ele>301.66</ele>
      </trkpt>
      <trkpt lat="48.68073893710971" lon="6.08543093316257">
        <ele>302.2</ele>
      </trkpt>
      <trkpt lat="48.6806979496032" lon="6.085504945367575">
        <ele>302.88</ele>
      </trkpt>
      <trkpt lat="48.68062796071172" lon="6.085586920380592">
        <ele>303.65</ele>
      </trkpt>
      <trkpt lat="48.68055394850671" lon="6.085649952292442">
        <ele>304.54</ele>
      </trkpt>
      <trkpt lat="48.68046895600855" lon="6.085693957284093">
        <ele>305.52</ele>
      </trkpt>
      <trkpt lat="48.68030995130539" lon="6.085768975317478">
        <ele>306.63</ele>
      </trkpt>
      <trkpt lat="48.680151952430606" lon="6.08585799112916">
        <ele>307.78</ele>
      </trkpt>
      <trkpt lat="48.67996294051409" lon="6.085956981405616">
        <ele>308.99</ele>
      </trkpt>
      <trkpt lat="48.67977099493146" lon="6.086132917553186">
        <ele>310.31</ele>
      </trkpt>
      <trkpt lat="48.679694971069694" lon="6.086203996092081">
        <ele>311.78</ele>
      </trkpt>
      <trkpt lat="48.67965993471444" lon="6.086284965276718">
        <ele>313.34</ele>
      </trkpt>
      <trkpt lat="48.67963998578489" lon="6.0863739810884">
        <ele>315.0</ele>
      </trkpt>
      <trkpt lat="48.67963403463364" lon="6.086399042978883">
        <ele>316.73</ele>
      </trkpt>
      <trkpt lat="48.679633950814605" lon="6.086399629712105">
        <ele>318.51</ele>
      </trkpt>
      <trkpt lat="48.679561614990234" lon="6.086660139262676">
        <ele>320.44</ele>
      </trkpt>
      <trkpt lat="48.679561614990234" lon="6.08691930770874">
        <ele>322.45</ele>
      </trkpt>
      <trkpt lat="48.67950780317187" lon="6.087231198325753">
        <ele>324.55</ele>
      </trkpt>
      <trkpt lat="48.67945432662964" lon="6.087541580200195">
        <ele>326.75</ele>
      </trkpt>
      <trkpt lat="48.67932532913983" lon="6.087799491360784">
        <ele>328.94</ele>
      </trkpt>
      <trkpt lat="48.67919683456421" lon="6.088056564331055">
        <ele>331.1</ele>
      </trkpt>
      <trkpt lat="48.678992819041014" lon="6.088239038363099">
        <ele>333.23</ele>
      </trkpt>
      <trkpt lat="48.678789138793945" lon="6.08842134475708">
        <ele>335.3</ele>
      </trkpt>
      <trkpt lat="48.6785030644387" lon="6.08847850933671">
        <ele>337.25</ele>
      </trkpt>
      <trkpt lat="48.678216990083456" lon="6.088535757735372">
        <ele>339.06</ele>
      </trkpt>
      <trkpt lat="48.67793083190918" lon="6.088593006134033">
        <ele>340.74</ele>
      </trkpt>
      <trkpt lat="48.6778019182384" lon="6.0887540224939585">
        <ele>342.38</ele>
      </trkpt>
      <trkpt lat="48.67767342366278" lon="6.08891487121582">
        <ele>343.87</ele>
      </trkpt>
      <trkpt lat="48.67764106951654" lon="6.089355926960707">
        <ele>345.31</ele>
      </trkpt>
      <trkpt lat="48.67760896682739" lon="6.089794635772705">
        <ele>346.64</ele>
      </trkpt>
      <trkpt lat="48.67760896682739" lon="6.089944839477539">
        <ele>347.8</ele>
      </trkpt>
      <trkpt lat="48.677609050646424" lon="6.089944839477539">
        <ele>348.85</ele>
      </trkpt>
      <trkpt lat="48.67757518775761" lon="6.090372065082192">
        <ele>349.71</ele>
      </trkpt>
      <trkpt lat="48.67754140868783" lon="6.090799290686846">
        <ele>350.5</ele>
      </trkpt>
      <trkpt lat="48.67750754579902" lon="6.091226516291499">
        <ele>351.27</ele>
      </trkpt>
      <trkpt lat="48.677473766729236" lon="6.0916537418961525">
        <ele>351.92</ele>
      </trkpt>
      <trkpt lat="48.67743990384042" lon="6.092080967500806">
        <ele>352.38</ele>
      </trkpt>
      <trkpt lat="48.67740612477064" lon="6.092508193105459">
        <ele>352.7</ele>
      </trkpt>
      <trkpt lat="48.67737293243408" lon="6.0929274559021">
        <ele>352.95</ele>
      </trkpt>
      <trkpt lat="48.677327167242765" lon="6.093373876065016">
        <ele>353.06</ele>
      </trkpt>
      <trkpt lat="48.67728148587048" lon="6.093820296227932">
        <ele>353.0</ele>
      </trkpt>
      <trkpt lat="48.677235804498196" lon="6.094266716390848">
        <ele>352.78</ele>
      </trkpt>
      <trkpt lat="48.67719003930688" lon="6.094713136553764">
        <ele>352.48</ele>
      </trkpt>
      <trkpt lat="48.677144357934594" lon="6.0951595567166805">
        <ele>352.12</ele>
      </trkpt>
      <trkpt lat="48.67709867656231" lon="6.095606060698628">
        <ele>351.64</ele>
      </trkpt>
      <trkpt lat="48.677052995190024" lon="6.096052480861545">
        <ele>351.13</ele>
      </trkpt>
      <trkpt lat="48.67700823582709" lon="6.096489429473877">
        <ele>350.53</ele>
      </trkpt>
      <trkpt lat="48.67700815200806" lon="6.096618175506592">
        <ele>349.87</ele>
      </trkpt>
      <trkpt lat="48.67695073597133" lon="6.097084293141961">
        <ele>349.17</ele>
      </trkpt>
      <trkpt lat="48.67689340375364" lon="6.09755041077733">
        <ele>348.33</ele>
      </trkpt>
      <trkpt lat="48.6768364906311" lon="6.098012924194336">
        <ele>347.42</ele>
      </trkpt>
      <trkpt lat="48.676901031285524" lon="6.09846462495625">
        <ele>346.44</ele>
      </trkpt>
      <trkpt lat="48.676965571939945" lon="6.098916409537196">
        <ele>345.35</ele>
      </trkpt>
      <trkpt lat="48.677030112594366" lon="6.099368194118142">
        <ele>344.27</ele>
      </trkpt>
      <trkpt lat="48.67709465324879" lon="6.099819978699088">
        <ele>343.17</ele>
      </trkpt>
      <trkpt lat="48.67715835571289" lon="6.100265979766846">
        <ele>342.07</ele>
      </trkpt>
      <trkpt lat="48.67715843953192" lon="6.100265979766846">
        <ele>341.02</ele>
      </trkpt>
      <trkpt lat="48.677216777577996" lon="6.100680800154805">
        <ele>339.98</ele>
      </trkpt>
      <trkpt lat="48.6772751994431" lon="6.101095704361796">
        <ele>338.94</ele>
      </trkpt>
      <trkpt lat="48.677333537489176" lon="6.101510608568788">
        <ele>337.87</ele>
      </trkpt>
      <trkpt lat="48.67739195935428" lon="6.101925512775779">
        <ele>336.65</ele>
      </trkpt>
      <trkpt lat="48.677450297400355" lon="6.10234041698277">
        <ele>335.48</ele>
      </trkpt>
      <trkpt lat="48.67750871926546" lon="6.102755321189761">
        <ele>334.3</ele>
      </trkpt>
      <trkpt lat="48.677566051483154" lon="6.10316276550293">
        <ele>333.23</ele>
      </trkpt>
      <trkpt lat="48.677807534113526" lon="6.103323698043823">
        <ele>332.26</ele>
      </trkpt>
      <trkpt lat="48.6780490167439" lon="6.103484630584717">
        <ele>331.29</ele>
      </trkpt>
      <trkpt lat="48.67829049937427" lon="6.103645646944642">
        <ele>330.4</ele>
      </trkpt>
      <trkpt lat="48.67853173054755" lon="6.103806495666504">
        <ele>329.6</ele>
      </trkpt>
      <trkpt lat="48.67880833335221" lon="6.103987712413073">
        <ele>328.79</ele>
      </trkpt>
      <trkpt lat="48.67908493615687" lon="6.104168929159641">
        <ele>327.95</ele>
      </trkpt>
      <trkpt lat="48.67936153896153" lon="6.10435014590621">
        <ele>327.13</ele>
      </trkpt>
      <trkpt lat="48.67963822558522" lon="6.10453144647181">
        <ele>326.32</ele>
      </trkpt>
      <trkpt lat="48.67991482838988" lon="6.104712663218379">
        <ele>325.54</ele>
      </trkpt>
      <trkpt lat="48.680191431194544" lon="6.104893879964948">
        <ele>324.81</ele>
      </trkpt>
      <trkpt lat="48.680468117818236" lon="6.105075096711516">
        <ele>324.09</ele>
      </trkpt>
      <trkpt lat="48.6807447206229" lon="6.105256397277117">
        <ele>323.33</ele>
      </trkpt>
      <trkpt lat="48.681020736694336" lon="6.105437278747559">
        <ele>322.56</ele>
      </trkpt>
      <trkpt lat="48.681262135505676" lon="6.105608940124512">
        <ele>321.86</ele>
      </trkpt>
      <trkpt lat="48.68150361813605" lon="6.105780685320497">
        <ele>321.19</ele>
      </trkpt>
      <trkpt lat="48.68174510076642" lon="6.10595234669745">
        <ele>320.51</ele>
      </trkpt>
      <trkpt lat="48.6819863319397" lon="6.106123924255371">
        <ele>319.87</ele>
      </trkpt>
      <trkpt lat="48.682172326371074" lon="6.106295669451356">
        <ele>319.25</ele>
      </trkpt>
      <trkpt lat="48.68235840462148" lon="6.106467414647341">
        <ele>318.62</ele>
      </trkpt>
      <trkpt lat="48.682544231414795" lon="6.1066389083862305">
        <ele>317.99</ele>
      </trkpt>
      <trkpt lat="48.68275361135602" lon="6.106869745999575">
        <ele>317.32</ele>
      </trkpt>
      <trkpt lat="48.682962991297245" lon="6.107100583612919">
        <ele>316.68</ele>
      </trkpt>
      <trkpt lat="48.68317237123847" lon="6.107331421226263">
        <ele>316.05</ele>
      </trkpt>
      <trkpt lat="48.68338108062744" lon="6.1075615882873535">
        <ele>315.45</ele>
      </trkpt>
      <trkpt lat="48.68366003036499" lon="6.10764741897583">
        <ele>314.86</ele>
      </trkpt>
      <trkpt lat="48.68387460708618" lon="6.10790491104126">
        <ele>314.21</ele>
      </trkpt>
      <trkpt lat="48.683996396139264" lon="6.108205821365118">
        <ele>313.6</ele>
      </trkpt>
      <trkpt lat="48.68411818519235" lon="6.108506815508008">
        <ele>312.89</ele>
      </trkpt>
      <trkpt lat="48.68423938751221" lon="6.108806133270264">
        <ele>312.18</ele>
      </trkpt>
      <trkpt lat="48.684260845184326" lon="6.108999252319336">
        <ele>311.45</ele>
      </trkpt>
      <trkpt lat="48.68417501449585" lon="6.109170913696289">
        <ele>310.76</ele>
      </trkpt>
      <trkpt lat="48.684046268463135" lon="6.109170913696289">
        <ele>310.24</ele>
      </trkpt>
      <trkpt lat="48.6840033531189" lon="6.1092352867126465">
        <ele>309.58</ele>
      </trkpt>
      <trkpt lat="48.684067726135254" lon="6.109278202056885">
        <ele>308.91</ele>
      </trkpt>
      <trkpt lat="48.684260761365294" lon="6.109299575909972">
        <ele>308.21</ele>
      </trkpt>
      <trkpt lat="48.6844539642334" lon="6.109321117401123">
        <ele>307.58</ele>
      </trkpt>
      <trkpt lat="48.68447542190552" lon="6.1094069480896">
        <ele>306.94</ele>
      </trkpt>
      <trkpt lat="48.68443250656128" lon="6.109471321105957">
        <ele>306.34</ele>
      </trkpt>
      <trkpt lat="48.68421792984009" lon="6.109492778778076">
        <ele>305.78</ele>
      </trkpt>
      <trkpt lat="48.68417501449585" lon="6.1095356941223145">
        <ele>305.22</ele>
      </trkpt>
      <trkpt lat="48.68421792984009" lon="6.109578609466553">
        <ele>304.64</ele>
      </trkpt>
      <trkpt lat="48.68449687957764" lon="6.10964298248291">
        <ele>304.08</ele>
      </trkpt>
      <trkpt lat="48.684539794921875" lon="6.109685897827148">
        <ele>303.55</ele>
      </trkpt>
      <trkpt lat="48.68447542190552" lon="6.109750270843506">
        <ele>303.03</ele>
      </trkpt>
      <trkpt lat="48.68423938751221" lon="6.109771728515625">
        <ele>302.54</ele>
      </trkpt>
      <trkpt lat="48.684046268463135" lon="6.10990047454834">
        <ele>302.06</ele>
      </trkpt>
      <trkpt lat="48.68400343693793" lon="6.110200881958008">
        <ele>301.65</ele>
      </trkpt>
      <trkpt lat="48.684225054457784" lon="6.110222255811095">
        <ele>301.07</ele>
      </trkpt>
      <trkpt lat="48.68444667197764" lon="6.110243713483214">
        <ele>300.53</ele>
      </trkpt>
      <trkpt lat="48.68466854095459" lon="6.110265254974365">
        <ele>300.06</ele>
      </trkpt>
      <trkpt lat="48.68485084734857" lon="6.110318815335631">
        <ele>299.61</ele>
      </trkpt>
      <trkpt lat="48.685033321380615" lon="6.110372543334961">
        <ele>299.15</ele>
      </trkpt>
      <trkpt lat="48.685269355773926" lon="6.110436916351318">
        <ele>298.66</ele>
      </trkpt>
      <trkpt lat="48.685483848676085" lon="6.110522663220763">
        <ele>298.18</ele>
      </trkpt>
      <trkpt lat="48.68569842539728" lon="6.11060849390924">
        <ele>297.66</ele>
      </trkpt>
      <trkpt lat="48.6859130859375" lon="6.110694408416748">
        <ele>297.12</ele>
      </trkpt>
      <trkpt lat="48.6861599329859" lon="6.110876798629761">
        <ele>296.62</ele>
      </trkpt>
      <trkpt lat="48.68640661239624" lon="6.111059188842773">
        <ele>295.99</ele>
      </trkpt>
      <trkpt lat="48.68668556213379" lon="6.111187934875488">
        <ele>295.23</ele>
      </trkpt>
      <trkpt lat="48.68696459569037" lon="6.111187934875488">
        <ele>294.37</ele>
      </trkpt>
      <trkpt lat="48.68713625706732" lon="6.111037731170654">
        <ele>293.4</ele>
      </trkpt>
      <trkpt lat="48.687297105789185" lon="6.1109410878270864">
        <ele>292.55</ele>
      </trkpt>
      <trkpt lat="48.68745803833008" lon="6.110844612121582">
        <ele>291.72</ele>
      </trkpt>
      <trkpt lat="48.68771553039551" lon="6.1109089851379395">
        <ele>291.11</ele>
      </trkpt>
      <trkpt lat="48.687801361083984" lon="6.110951900482178">
        <ele>290.44</ele>
      </trkpt>
      <trkpt lat="48.688015937805176" lon="6.1107587814331055">
        <ele>289.7</ele>
      </trkpt>
      <trkpt lat="48.68816614151001" lon="6.110415458679199">
        <ele>288.83</ele>
      </trkpt>
      <trkpt lat="48.68816614151001" lon="6.110072135925293">
        <ele>287.95</ele>
      </trkpt>
      <trkpt lat="48.68810160085559" lon="6.10963468439877">
        <ele>287.1</ele>
      </trkpt>
      <trkpt lat="48.68803706020117" lon="6.109197232872248">
        <ele>286.33</ele>
      </trkpt>
      <trkpt lat="48.68797302246094" lon="6.108763217926025">
        <ele>285.57</ele>
      </trkpt>
      <trkpt lat="48.688037395477295" lon="6.108462810516357">
        <ele>284.91</ele>
      </trkpt>
      <trkpt lat="48.6881233099848" lon="6.108419895172119">
        <ele>284.3</ele>
      </trkpt>
      <trkpt lat="48.68820905685425" lon="6.108376979827881">
        <ele>283.76</ele>
      </trkpt>
      <trkpt lat="48.68845573626459" lon="6.108409082517028">
        <ele>283.33</ele>
      </trkpt>
      <trkpt lat="48.68870258331299" lon="6.108441352844238">
        <ele>282.93</ele>
      </trkpt>
      <trkpt lat="48.68901212699711" lon="6.108496505767107">
        <ele>282.47</ele>
      </trkpt>
      <trkpt lat="48.68932167068124" lon="6.108551658689976">
        <ele>281.93</ele>
      </trkpt>
      <trkpt lat="48.68963121436536" lon="6.1086068116128445">
        <ele>281.49</ele>
      </trkpt>
      <trkpt lat="48.68994075804949" lon="6.108661964535713">
        <ele>281.15</ele>
      </trkpt>
      <trkpt lat="48.69025030173361" lon="6.108717117458582">
        <ele>280.93</ele>
      </trkpt>
      <trkpt lat="48.69055984541774" lon="6.108772270381451">
        <ele>280.8</ele>
      </trkpt>
      <trkpt lat="48.69086980819702" lon="6.108827590942383">
        <ele>280.59</ele>
      </trkpt>
      <trkpt lat="48.69108430109918" lon="6.108881151303649">
        <ele>280.36</ele>
      </trkpt>
      <trkpt lat="48.691298961639404" lon="6.1089348793029785">
        <ele>280.17</ele>
      </trkpt>
      <trkpt lat="48.691556453704834" lon="6.109063625335693">
        <ele>280.17</ele>
      </trkpt>
      <trkpt lat="48.69172811508179" lon="6.109063625335693">
        <ele>280.22</ele>
      </trkpt>
      <trkpt lat="48.69169584475458" lon="6.108794650062919">
        <ele>280.27</ele>
      </trkpt>
      <trkpt lat="48.69166382588446" lon="6.108527183532715">
        <ele>280.46</ele>
      </trkpt>
      <trkpt lat="48.69189977645874" lon="6.108505725860596">
        <ele>280.91</ele>
      </trkpt>
      <trkpt lat="48.6919641494751" lon="6.108269691467285">
        <ele>281.25</ele>
      </trkpt>
      <trkpt lat="48.69199641980231" lon="6.107989987358451">
        <ele>281.57</ele>
      </trkpt>
      <trkpt lat="48.692028522491455" lon="6.1077117919921875">
        <ele>282.01</ele>
      </trkpt>
      <trkpt lat="48.692049980163574" lon="6.107282638549805">
        <ele>282.55</ele>
      </trkpt>
      <trkpt lat="48.692146707326174" lon="6.107003102079034">
        <ele>283.17</ele>
      </trkpt>
      <trkpt lat="48.69224309921265" lon="6.106724739074707">
        <ele>283.79</ele>
      </trkpt>
      <trkpt lat="48.69250067509711" lon="6.106531620025635">
        <ele>284.56</ele>
      </trkpt>
      <trkpt lat="48.69250067509711" lon="6.106467247009277">
        <ele>285.39</ele>
      </trkpt>
      <trkpt lat="48.69245767593384" lon="6.106059551239014">
        <ele>286.41</ele>
      </trkpt>
      <trkpt lat="48.69239330291748" lon="6.105802059173584">
        <ele>287.57</ele>
      </trkpt>
      <trkpt lat="48.69224309921265" lon="6.105437278747559">
        <ele>288.85</ele>
      </trkpt>
      <trkpt lat="48.69241484440863" lon="6.1052547208964825">
        <ele>289.8</ele>
      </trkpt>
      <trkpt lat="48.69258642196655" lon="6.105072498321533">
        <ele>290.82</ele>
      </trkpt>
      <trkpt lat="48.69282245635986" lon="6.104900753125548">
        <ele>291.89</ele>
      </trkpt>
      <trkpt lat="48.693058574572206" lon="6.1047290079295635">
        <ele>292.79</ele>
      </trkpt>
      <trkpt lat="48.69329469278455" lon="6.104557262733579">
        <ele>293.53</ele>
      </trkpt>
      <trkpt lat="48.693530559539795" lon="6.104385852813721">
        <ele>294.09</ele>
      </trkpt>
      <trkpt lat="48.69374522008002" lon="6.104385852813721">
        <ele>294.51</ele>
      </trkpt>
      <trkpt lat="48.694002544507384" lon="6.104375123977661">
        <ele>294.84</ele>
      </trkpt>
      <trkpt lat="48.694260120391846" lon="6.104364395141602">
        <ele>295.09</ele>
      </trkpt>
      <trkpt lat="48.694539070129395" lon="6.104342937469482">
        <ele>295.26</ele>
      </trkpt>
      <trkpt lat="48.694796562194824" lon="6.10440731048584">
        <ele>295.34</ele>
      </trkpt>
      <trkpt lat="48.69492530822754" lon="6.104235649108887">
        <ele>295.44</ele>
      </trkpt>
      <trkpt lat="48.69509696960449" lon="6.104106903076172">
        <ele>295.47</ele>
      </trkpt>
      <trkpt lat="48.69520425796509" lon="6.1040425300598145">
        <ele>295.37</ele>
      </trkpt>
      <trkpt lat="48.69537591934204" lon="6.104085445404053">
        <ele>295.16</ele>
      </trkpt>
      <trkpt lat="48.69548329152167" lon="6.104085445404053">
        <ele>294.88</ele>
      </trkpt>
      <trkpt lat="48.69561195373535" lon="6.1040425300598145">
        <ele>294.56</ele>
      </trkpt>
      <trkpt lat="48.69576224125922" lon="6.103902971372008">
        <ele>294.14</ele>
      </trkpt>
      <trkpt lat="48.69591244496405" lon="6.103763580322266">
        <ele>293.73</ele>
      </trkpt>
      <trkpt lat="48.695998191833496" lon="6.10365629196167">
        <ele>293.41</ele>
      </trkpt>
      <trkpt lat="48.69608586654067" lon="6.103761652484536">
        <ele>293.07</ele>
      </trkpt>
      <trkpt lat="48.69632005691528" lon="6.1040425300598145">
        <ele>292.81</ele>
      </trkpt>
      <trkpt lat="48.69638451375067" lon="6.104268338531256">
        <ele>292.57</ele>
      </trkpt>
      <trkpt lat="48.696448802948" lon="6.104493141174316">
        <ele>292.37</ele>
      </trkpt>
      <trkpt lat="48.69640588760376" lon="6.104772090911865">
        <ele>292.24</ele>
      </trkpt>
      <trkpt lat="48.69632005691528" lon="6.104943752288818">
        <ele>292.23</ele>
      </trkpt>
      <trkpt lat="48.696448802948" lon="6.105329990386963">
        <ele>292.15</ele>
      </trkpt>
      <trkpt lat="48.69672783650458" lon="6.105533838272095">
        <ele>292.21</ele>
      </trkpt>
      <trkpt lat="48.697006702423096" lon="6.105737686157227">
        <ele>292.47</ele>
      </trkpt>
      <trkpt lat="48.697285652160645" lon="6.105930805206299">
        <ele>292.94</ele>
      </trkpt>
      <trkpt lat="48.69740383699536" lon="6.106145633384585">
        <ele>293.64</ele>
      </trkpt>
      <trkpt lat="48.697521686553955" lon="6.106359958648682">
        <ele>294.57</ele>
      </trkpt>
      <trkpt lat="48.69756460189819" lon="6.10666036605835">
        <ele>295.79</ele>
      </trkpt>
      <trkpt lat="48.697629142552614" lon="6.107071749866009">
        <ele>297.3</ele>
      </trkpt>
      <trkpt lat="48.697693683207035" lon="6.1074832174927">
        <ele>299.18</ele>
      </trkpt>
      <trkpt lat="48.697758223861456" lon="6.107894601300359">
        <ele>301.3</ele>
      </trkpt>
      <trkpt lat="48.69782276451588" lon="6.10830606892705">
        <ele>303.43</ele>
      </trkpt>
      <trkpt lat="48.6978873051703" lon="6.108717452734709">
        <ele>305.53</ele>
      </trkpt>
      <trkpt lat="48.69795184582472" lon="6.1091289203614">
        <ele>307.59</ele>
      </trkpt>
      <trkpt lat="48.69801647029817" lon="6.109540304169059">
        <ele>309.66</ele>
      </trkpt>
      <trkpt lat="48.698079669848084" lon="6.109943389892578">
        <ele>311.78</ele>
      </trkpt>
      <trkpt lat="48.6981513351202" lon="6.110387966036797">
        <ele>313.93</ele>
      </trkpt>
      <trkpt lat="48.69822308421135" lon="6.110832542181015">
        <ele>316.06</ele>
      </trkpt>
      <trkpt lat="48.698294246569276" lon="6.111273765563965">
        <ele>318.18</ele>
      </trkpt>
      <trkpt lat="48.698358703404665" lon="6.111675258725882">
        <ele>320.31</ele>
      </trkpt>
      <trkpt lat="48.698423244059086" lon="6.11207683570683">
        <ele>322.4</ele>
      </trkpt>
      <trkpt lat="48.69848736561835" lon="6.112475395202637">
        <ele>324.39</ele>
      </trkpt>
      <trkpt lat="48.69855433702469" lon="6.112879402935505">
        <ele>326.3</ele>
      </trkpt>
      <trkpt lat="48.69862130843103" lon="6.113283494487405">
        <ele>328.09</ele>
      </trkpt>
      <trkpt lat="48.69868777692318" lon="6.113684484735131">
        <ele>329.76</ele>
      </trkpt>
      <trkpt lat="48.69876354932785" lon="6.11414129845798">
        <ele>331.42</ele>
      </trkpt>
      <trkpt lat="48.69883932173252" lon="6.114598112180829">
        <ele>333.0</ele>
      </trkpt>
      <trkpt lat="48.69891509413719" lon="6.115054925903678">
        <ele>334.54</ele>
      </trkpt>
      <trkpt lat="48.69899086654186" lon="6.1155118234455585">
        <ele>335.93</ele>
      </trkpt>
      <trkpt lat="48.699066722765565" lon="6.115968637168407">
        <ele>337.27</ele>
      </trkpt>
      <trkpt lat="48.699142495170236" lon="6.116425450891256">
        <ele>338.47</ele>
      </trkpt>
      <trkpt lat="48.6992169264704" lon="6.1168742179870605">
        <ele>339.61</ele>
      </trkpt>
      <trkpt lat="48.69928683154285" lon="6.117296330630779">
        <ele>340.61</ele>
      </trkpt>
      <trkpt lat="48.6993567366153" lon="6.11771852709353">
        <ele>341.51</ele>
      </trkpt>
      <trkpt lat="48.69942664168775" lon="6.11814072355628">
        <ele>342.4</ele>
      </trkpt>
      <trkpt lat="48.6994965467602" lon="6.118562920019031">
        <ele>343.24</ele>
      </trkpt>
      <trkpt lat="48.69956645183265" lon="6.118985116481781">
        <ele>343.92</ele>
      </trkpt>
      <trkpt lat="48.6996363569051" lon="6.1194072291255">
        <ele>344.44</ele>
      </trkpt>
      <trkpt lat="48.69970626197755" lon="6.11982942558825">
        <ele>344.87</ele>
      </trkpt>
      <trkpt lat="48.699774742126465" lon="6.120243072509766">
        <ele>345.17</ele>
      </trkpt>
      <trkpt lat="48.70003835298121" lon="6.120138801634312">
        <ele>345.32</ele>
      </trkpt>
      <trkpt lat="48.700301963835955" lon="6.120034614577889">
        <ele>345.51</ele>
      </trkpt>
      <trkpt lat="48.7005655746907" lon="6.1199303437024355">
        <ele>345.58</ele>
      </trkpt>
      <trkpt lat="48.700829185545444" lon="6.119826156646013">
        <ele>345.64</ele>
      </trkpt>
      <trkpt lat="48.70109288021922" lon="6.119721969589591">
        <ele>345.72</ele>
      </trkpt>
      <trkpt lat="48.701356491073966" lon="6.119617698714137">
        <ele>345.76</ele>
      </trkpt>
      <trkpt lat="48.70162018574774" lon="6.119513511657715">
        <ele>345.78</ele>
      </trkpt>
      <trkpt lat="48.7016845587641" lon="6.119706630706787">
        <ele>345.8</ele>
      </trkpt>
      <trkpt lat="48.70184574276209" lon="6.120018186047673">
        <ele>345.87</ele>
      </trkpt>
      <trkpt lat="48.70200642384589" lon="6.120328903198242">
        <ele>345.96</ele>
      </trkpt>
      <trkpt lat="48.702006340026855" lon="6.120328903198242">
        <ele>346.02</ele>
      </trkpt>
      <trkpt lat="48.70209946297109" lon="6.120622772723436">
        <ele>346.08</ele>
      </trkpt>
      <trkpt lat="48.70219266973436" lon="6.1209166422486305">
        <ele>346.2</ele>
      </trkpt>
      <trkpt lat="48.702285289764404" lon="6.121208667755127">
        <ele>346.34</ele>
      </trkpt>
      <trkpt lat="48.70217800140381" lon="6.1212944984436035">
        <ele>346.47</ele>
      </trkpt>
      <trkpt lat="48.701925706118345" lon="6.121514523401856">
        <ele>346.64</ele>
      </trkpt>
      <trkpt lat="48.70167341083288" lon="6.121734548360109">
        <ele>346.85</ele>
      </trkpt>
      <trkpt lat="48.70142119936645" lon="6.121954657137394">
        <ele>347.16</ele>
      </trkpt>
      <trkpt lat="48.70116949081421" lon="6.122174263000488">
        <ele>347.6</ele>
      </trkpt>
      <trkpt lat="48.70131458155811" lon="6.122539713978767">
        <ele>348.0</ele>
      </trkpt>
      <trkpt lat="48.70145975612104" lon="6.1229051649570465">
        <ele>348.43</ele>
      </trkpt>
      <trkpt lat="48.70160484686494" lon="6.123270699754357">
        <ele>348.9</ele>
      </trkpt>
      <trkpt lat="48.70174893178046" lon="6.12363338470459">
        <ele>349.46</ele>
      </trkpt>
      <trkpt lat="48.701834762468934" lon="6.1238908767700195">
        <ele>350.01</ele>
      </trkpt>
      <trkpt lat="48.70195294730365" lon="6.124181058257818">
        <ele>350.59</ele>
      </trkpt>
      <trkpt lat="48.70207071304321" lon="6.124470233917236">
        <ele>351.13</ele>
      </trkpt>
      <trkpt lat="48.70217800140381" lon="6.124727725982666">
        <ele>351.64</ele>
      </trkpt>
      <trkpt lat="48.702285289764404" lon="6.125049591064453">
        <ele>352.17</ele>
      </trkpt>
      <trkpt lat="48.70241420343518" lon="6.125275148078799">
        <ele>352.73</ele>
      </trkpt>
      <trkpt lat="48.702542781829834" lon="6.125500202178955">
        <ele>353.29</ele>
      </trkpt>
      <trkpt lat="48.70260715484619" lon="6.12562894821167">
        <ele>353.83</ele>
      </trkpt>
      <trkpt lat="48.70275752618909" lon="6.125872442498803">
        <ele>354.38</ele>
      </trkpt>
      <trkpt lat="48.702907897531986" lon="6.126115936785936">
        <ele>354.87</ele>
      </trkpt>
      <trkpt lat="48.70305776596069" lon="6.126358509063721">
        <ele>355.31</ele>
      </trkpt>
      <trkpt lat="48.70295056141913" lon="6.126508712768555">
        <ele>355.77</ele>
      </trkpt>
      <trkpt lat="48.702800357714295" lon="6.126701831817627">
        <ele>356.22</ele>
      </trkpt>
      <trkpt lat="48.702682089060545" lon="6.1268736608326435">
        <ele>356.64</ele>
      </trkpt>
      <trkpt lat="48.70256423950195" lon="6.127045154571533">
        <ele>357.07</ele>
      </trkpt>
      <trkpt lat="48.702403139322996" lon="6.127184629440308">
        <ele>357.42</ele>
      </trkpt>
      <trkpt lat="48.702242374420166" lon="6.127324104309082">
        <ele>357.75</ele>
      </trkpt>
      <trkpt lat="48.70217800140381" lon="6.12736701965332">
        <ele>358.02</ele>
      </trkpt>
      <trkpt lat="48.7023391854018" lon="6.127753928303719">
        <ele>358.39</ele>
      </trkpt>
      <trkpt lat="48.70250045321882" lon="6.1281409207731485">
        <ele>358.65</ele>
      </trkpt>
      <trkpt lat="48.702661637216806" lon="6.1285279132425785">
        <ele>358.9</ele>
      </trkpt>
      <trkpt lat="48.70282173156738" lon="6.128911972045898">
        <ele>359.02</ele>
      </trkpt>
      <trkpt lat="48.702800273895264" lon="6.128997802734375">
        <ele>359.18</ele>
      </trkpt>
      <trkpt lat="48.702886272221804" lon="6.129255797713995">
        <ele>359.3</ele>
      </trkpt>
      <trkpt lat="48.70297193527222" lon="6.129512786865234">
        <ele>359.41</ele>
      </trkpt>
      <trkpt lat="48.70299347676337" lon="6.129641532897949">
        <ele>359.47</ele>
      </trkpt>
      <trkpt lat="48.702993392944336" lon="6.129727363586426">
        <ele>359.52</ele>
      </trkpt>
      <trkpt lat="48.70312213897705" lon="6.13011360168457">
        <ele>359.53</ele>
      </trkpt>
      <trkpt lat="48.70307922363281" lon="6.130220890045166">
        <ele>359.5</ele>
      </trkpt>
      <trkpt lat="48.70299029164016" lon="6.130290040746331">
        <ele>359.45</ele>
      </trkpt>
      <trkpt lat="48.70284151285887" lon="6.1304057110100985">
        <ele>359.4</ele>
      </trkpt>
      <trkpt lat="48.70269298553467" lon="6.130521297454834">
        <ele>359.33</ele>
      </trkpt>
      <trkpt lat="48.70267152786255" lon="6.130521297454834">
        <ele>359.24</ele>
      </trkpt>
      <trkpt lat="48.702542865648866" lon="6.13011360168457">
        <ele>359.14</ele>
      </trkpt>
      <trkpt lat="48.702403055503964" lon="6.129715796560049">
        <ele>359.09</ele>
      </trkpt>
      <trkpt lat="48.70226391591132" lon="6.129319667816162">
        <ele>358.96</ele>
      </trkpt>
      <trkpt lat="48.70214564725757" lon="6.12897559069097">
        <ele>358.76</ele>
      </trkpt>
      <trkpt lat="48.702027881518006" lon="6.12863302230835">
        <ele>358.46</ele>
      </trkpt>
      <trkpt lat="48.7019419670105" lon="6.128396987915039">
        <ele>358.15</ele>
      </trkpt>
      <trkpt lat="48.70174893178046" lon="6.12811803817749">
        <ele>357.86</ele>
      </trkpt>
      <trkpt lat="48.70172747410834" lon="6.128032207489014">
        <ele>357.55</ele>
      </trkpt>
      <trkpt lat="48.70164164341986" lon="6.127774715423584">
        <ele>357.2</ele>
      </trkpt>
      <trkpt lat="48.70157701894641" lon="6.127527365460992">
        <ele>356.86</ele>
      </trkpt>
      <trkpt lat="48.701512813568115" lon="6.127281188964844">
        <ele>356.49</ele>
      </trkpt>
      <trkpt lat="48.701426815241575" lon="6.127066193148494">
        <ele>356.13</ele>
      </trkpt>
      <trkpt lat="48.70134115219116" lon="6.126852035522461">
        <ele>355.71</ele>
      </trkpt>
      <trkpt lat="48.701203521341085" lon="6.126525225117803">
        <ele>355.24</ele>
      </trkpt>
      <trkpt lat="48.70106597431004" lon="6.126198414713144">
        <ele>354.69</ele>
      </trkpt>
      <trkpt lat="48.700928427278996" lon="6.125871688127518">
        <ele>354.1</ele>
      </trkpt>
      <trkpt lat="48.70079079642892" lon="6.125544877722859">
        <ele>353.61</ele>
      </trkpt>
      <trkpt lat="48.70065459050238" lon="6.125221252441406">
        <ele>353.1</ele>
      </trkpt>
      <trkpt lat="48.700568759813905" lon="6.125071048736572">
        <ele>352.6</ele>
      </trkpt>
      <trkpt lat="48.70048292912543" lon="6.1248779296875">
        <ele>352.07</ele>
      </trkpt>
      <trkpt lat="48.700332725420594" lon="6.1246418952941895">
        <ele>351.54</ele>
      </trkpt>
      <trkpt lat="48.700289810076356" lon="6.124556064605713">
        <ele>351.02</ele>
      </trkpt>
      <trkpt lat="48.70020397938788" lon="6.1243414878845215">
        <ele>350.5</ele>
      </trkpt>
      <trkpt lat="48.7000319827348" lon="6.124008307233453">
        <ele>349.97</ele>
      </trkpt>
      <trkpt lat="48.69986057281494" lon="6.123676300048828">
        <ele>349.43</ele>
      </trkpt>
      <trkpt lat="48.69986065663397" lon="6.123676300048828">
        <ele>348.96</ele>
      </trkpt>
      <trkpt lat="48.69969938881695" lon="6.123353848233819">
        <ele>348.46</ele>
      </trkpt>
      <trkpt lat="48.699538791552186" lon="6.123032569885254">
        <ele>348.02</ele>
      </trkpt>
      <trkpt lat="48.69935606606305" lon="6.122699389234185">
        <ele>347.61</ele>
      </trkpt>
      <trkpt lat="48.69917401112616" lon="6.1223673820495605">
        <ele>347.23</ele>
      </trkpt>
      <trkpt lat="48.69903780519962" lon="6.122123803943396">
        <ele>346.91</ele>
      </trkpt>
      <trkpt lat="48.69890168309212" lon="6.121880225837231">
        <ele>346.61</ele>
      </trkpt>
      <trkpt lat="48.698766231536865" lon="6.12163782119751">
        <ele>346.36</ele>
      </trkpt>
      <trkpt lat="48.6987663153559" lon="6.12163782119751">
        <ele>346.13</ele>
      </trkpt>
      <trkpt lat="48.69860504753888" lon="6.121358452364802">
        <ele>345.92</ele>
      </trkpt>
      <trkpt lat="48.69844436645508" lon="6.121079921722412">
        <ele>345.76</ele>
      </trkpt>
      <trkpt lat="48.69840145111084" lon="6.1211442947387695">
        <ele>345.68</ele>
      </trkpt>
      <trkpt lat="48.698294246569276" lon="6.12112283706665">
        <ele>345.63</ele>
      </trkpt>
      <trkpt lat="48.69831562042236" lon="6.121058464050293">
        <ele>345.59</ele>
      </trkpt>
      <trkpt lat="48.698251247406006" lon="6.120929718017578">
        <ele>345.59</ele>
      </trkpt>
      <trkpt lat="48.69806868955493" lon="6.120714889839292">
        <ele>345.64</ele>
      </trkpt>
      <trkpt lat="48.69788655079901" lon="6.120500564575195">
        <ele>345.71</ele>
      </trkpt>
      <trkpt lat="48.697757637128234" lon="6.120350193232298">
        <ele>345.82</ele>
      </trkpt>
      <trkpt lat="48.69762905873358" lon="6.120200157165527">
        <ele>345.98</ele>
      </trkpt>
      <trkpt lat="48.69741439819336" lon="6.120028495788574">
        <ele>346.25</ele>
      </trkpt>
      <trkpt lat="48.69715690612793" lon="6.1199212074279785">
        <ele>346.62</ele>
      </trkpt>
      <trkpt lat="48.69696378707886" lon="6.1199212074279785">
        <ele>347.03</ele>
      </trkpt>
      <trkpt lat="48.696749210357666" lon="6.119985580444336">
        <ele>347.42</ele>
      </trkpt>
      <trkpt lat="48.696534633636475" lon="6.120200157165527">
        <ele>347.86</ele>
      </trkpt>
      <trkpt lat="48.69638442993164" lon="6.120436191558838">
        <ele>348.32</ele>
      </trkpt>
      <trkpt lat="48.696277141571045" lon="6.120715141296387">
        <ele>348.8</ele>
      </trkpt>
      <trkpt lat="48.69623431004584" lon="6.121058464050293">
        <ele>349.31</ele>
      </trkpt>
      <trkpt lat="48.69621276855469" lon="6.121348896995187">
        <ele>349.78</ele>
      </trkpt>
      <trkpt lat="48.6961913947016" lon="6.12163782119751">
        <ele>350.22</ele>
      </trkpt>
      <trkpt lat="48.69616993702948" lon="6.12187385559082">
        <ele>350.64</ele>
      </trkpt>
      <trkpt lat="48.69615912437439" lon="6.122185830026865">
        <ele>351.06</ele>
      </trkpt>
      <trkpt lat="48.69614847935736" lon="6.122496128082275">
        <ele>351.48</ele>
      </trkpt>
      <trkpt lat="48.69612685404718" lon="6.122797289863229">
        <ele>351.91</ele>
      </trkpt>
      <trkpt lat="48.69610548019409" lon="6.123096942901611">
        <ele>352.3</ele>
      </trkpt>
      <trkpt lat="48.696062648668885" lon="6.123526096343994">
        <ele>352.65</ele>
      </trkpt>
      <trkpt lat="48.69604328647256" lon="6.123782750219107">
        <ele>352.9</ele>
      </trkpt>
      <trkpt lat="48.69602417573333" lon="6.124038062989712">
        <ele>353.13</ele>
      </trkpt>
      <trkpt lat="48.695998191833496" lon="6.12438440322876">
        <ele>353.26</ele>
      </trkpt>
      <trkpt lat="48.69571211747825" lon="6.124370070174336">
        <ele>353.35</ele>
      </trkpt>
      <trkpt lat="48.69542612694204" lon="6.124355737119913">
        <ele>353.3</ele>
      </trkpt>
      <trkpt lat="48.69513996876776" lon="6.1243414878845215">
        <ele>353.15</ele>
      </trkpt>
      <trkpt lat="48.695054054260254" lon="6.124362945556641">
        <ele>353.08</ele>
      </trkpt>
      <trkpt lat="48.69490393437445" lon="6.124534606933594">
        <ele>352.96</ele>
      </trkpt>
      <trkpt lat="48.69489312171936" lon="6.124878851696849">
        <ele>352.96</ele>
      </trkpt>
      <trkpt lat="48.69488247670233" lon="6.125221252441406">
        <ele>352.84</ele>
      </trkpt>
      <trkpt lat="48.69486101903021" lon="6.125307083129883">
        <ele>352.69</ele>
      </trkpt>
      <trkpt lat="48.69486101903021" lon="6.1254143714904785">
        <ele>352.52</ele>
      </trkpt>
      <trkpt lat="48.69482514448464" lon="6.125737074762583">
        <ele>352.3</ele>
      </trkpt>
      <trkpt lat="48.694789269939065" lon="6.126059778034687">
        <ele>352.12</ele>
      </trkpt>
      <trkpt lat="48.69475373066962" lon="6.12637996673584">
        <ele>351.9</ele>
      </trkpt>
      <trkpt lat="48.6947322729975" lon="6.126573085784912">
        <ele>351.61</ele>
      </trkpt>
      <trkpt lat="48.6946891900152" lon="6.1268742475658655">
        <ele>351.28</ele>
      </trkpt>
      <trkpt lat="48.69464644230902" lon="6.127173900604248">
        <ele>350.91</ele>
      </trkpt>
      <trkpt lat="48.69464644230902" lon="6.1272382736206055">
        <ele>350.61</ele>
      </trkpt>
      <trkpt lat="48.69462490081787" lon="6.127474308013916">
        <ele>350.3</ele>
      </trkpt>
      <trkpt lat="48.69447469711304" lon="6.127731800079346">
        <ele>349.97</ele>
      </trkpt>
      <trkpt lat="48.69423874653876" lon="6.128032207489014">
        <ele>349.75</ele>
      </trkpt>
      <trkpt lat="48.69413145817816" lon="6.128032207489014">
        <ele>349.65</ele>
      </trkpt>
      <trkpt lat="48.69408845901489" lon="6.128032207489014">
        <ele>349.57</ele>
      </trkpt>
      <trkpt lat="48.694045543670654" lon="6.127967834472656">
        <ele>349.54</ele>
      </trkpt>
      <trkpt lat="48.69393833912909" lon="6.127989292144775">
        <ele>349.53</ele>
      </trkpt>
      <trkpt lat="48.69387396611273" lon="6.127989292144775">
        <ele>349.57</ele>
      </trkpt>
      <trkpt lat="48.6937237624079" lon="6.1280107498168945">
        <ele>349.65</ele>
      </trkpt>
      <trkpt lat="48.69365930557251" lon="6.1280107498168945">
        <ele>349.76</ele>
      </trkpt>
      <trkpt lat="48.69359493255615" lon="6.128096580505371">
        <ele>349.88</ele>
      </trkpt>
      <trkpt lat="48.69338043965399" lon="6.128096580505371">
        <ele>350.07</ele>
      </trkpt>
      <trkpt lat="48.693294608965516" lon="6.128096580505371">
        <ele>350.27</ele>
      </trkpt>
      <trkpt lat="48.69320877827704" lon="6.12811803817749">
        <ele>350.49</ele>
      </trkpt>
      <trkpt lat="48.69320869445801" lon="6.12811803817749">
        <ele>350.7</ele>
      </trkpt>
      <trkpt lat="48.69290837086737" lon="6.128139495849609">
        <ele>351.0</ele>
      </trkpt>
      <trkpt lat="48.69275816716254" lon="6.1281609535217285">
        <ele>351.22</ele>
      </trkpt>
      <trkpt lat="48.692758083343506" lon="6.1281609535217285">
        <ele>351.42</ele>
      </trkpt>
      <trkpt lat="48.692543590441346" lon="6.128182411193848">
        <ele>351.62</ele>
      </trkpt>
      <trkpt lat="48.69232188910246" lon="6.128210993483663">
        <ele>351.82</ele>
      </trkpt>
      <trkpt lat="48.69210018776357" lon="6.1282395757734776">
        <ele>352.03</ele>
      </trkpt>
      <trkpt lat="48.69187840260565" lon="6.128268241882324">
        <ele>352.21</ele>
      </trkpt>
      <trkpt lat="48.69170665740967" lon="6.128289699554443">
        <ele>352.32</ele>
      </trkpt>
      <trkpt lat="48.69162082672119" lon="6.128268241882324">
        <ele>352.36</ele>
      </trkpt>
      <trkpt lat="48.69136341847479" lon="6.128300344571471">
        <ele>352.37</ele>
      </trkpt>
      <trkpt lat="48.691105926409364" lon="6.128332614898682">
        <ele>352.32</ele>
      </trkpt>
      <trkpt lat="48.69089134968817" lon="6.128354072570801">
        <ele>352.19</ele>
      </trkpt>
      <trkpt lat="48.69065531529486" lon="6.128396987915039">
        <ele>351.99</ele>
      </trkpt>
      <trkpt lat="48.690547943115234" lon="6.128396987915039">
        <ele>351.83</ele>
      </trkpt>
      <trkpt lat="48.6903977394104" lon="6.128289699554443">
        <ele>351.63</ele>
      </trkpt>
      <trkpt lat="48.690311992540956" lon="6.128268241882324">
        <ele>351.46</ele>
      </trkpt>
      <trkpt lat="48.690140331164" lon="6.128354072570801">
        <ele>351.31</ele>
      </trkpt>
      <trkpt lat="48.690032958984375" lon="6.128590106964111">
        <ele>351.05</ele>
      </trkpt>
      <trkpt lat="48.68994721211493" lon="6.128654479980469">
        <ele>350.77</ele>
      </trkpt>
      <trkpt lat="48.6898398399353" lon="6.1287617683410645">
        <ele>350.43</ele>
      </trkpt>
      <trkpt lat="48.68964672088623" lon="6.1287938710302114">
        <ele>349.94</ele>
      </trkpt>
      <trkpt lat="48.68945368565619" lon="6.128826141357422">
        <ele>349.43</ele>
      </trkpt>
      <trkpt lat="48.68945360183716" lon="6.128826141357422">
        <ele>348.99</ele>
      </trkpt>
      <trkpt lat="48.689203318208456" lon="6.128876181319356">
        <ele>348.46</ele>
      </trkpt>
      <trkpt lat="48.688953034579754" lon="6.12892622128129">
        <ele>348.02</ele>
      </trkpt>
      <trkpt lat="48.68870266713202" lon="6.128976345062256">
        <ele>347.58</ele>
      </trkpt>
      <trkpt lat="48.68848809041083" lon="6.129019176587462">
        <ele>347.09</ele>
      </trkpt>
      <trkpt lat="48.68827351368964" lon="6.129062091931701">
        <ele>346.68</ele>
      </trkpt>
      <trkpt lat="48.688058936968446" lon="6.129105091094971">
        <ele>346.45</ele>
      </trkpt>
      <trkpt lat="48.68803194724023" lon="6.128690857440233">
        <ele>346.6</ele>
      </trkpt>
      <trkpt lat="48.68800504133105" lon="6.1282767076045275">
        <ele>346.52</ele>
      </trkpt>
      <trkpt lat="48.68797813542187" lon="6.12786247394979">
        <ele>346.4</ele>
      </trkpt>
      <trkpt lat="48.68795156478882" lon="6.127452850341797">
        <ele>346.32</ele>
      </trkpt>
      <trkpt lat="48.68786573410034" lon="6.127281188964844">
        <ele>346.25</ele>
      </trkpt>
    </trkseg>
  </trk>
</gpx>
