<?xml version="1.0" encoding="UTF-8"?>
<gpx creator="Garmin Connect" version="1.1"
  xsi:schemaLocation="http://www.topografix.com/GPX/1/1 http://www.topografix.com/GPX/11.xsd"
  xmlns:ns3="http://www.garmin.com/xmlschemas/TrackPointExtension/v1"
  xmlns="http://www.topografix.com/GPX/1/1"
  xmlns:xsi="http://www.w3.org/2001/XMLSchema-instance" xmlns:ns2="http://www.garmin.com/xmlschemas/GpxExtensions/v3">
  <metadata>
    <name>26 - Laxou</name>
    <link href="connect.garmin.com">
      <text>Garmin Connect</text>
    </link>
    <time>2024-12-25T14:17:31.000Z</time>
  </metadata>
  <trk>
    <name>26 - Laxou</name>
    <trkseg>
      <trkpt lat="48.68896996602416" lon="6.12982040271163">
        <ele>346.34</ele>
      </trkpt>
      <trkpt lat="48.68922242894769" lon="6.129752425476909">
        <ele>346.79</ele>
      </trkpt>
      <trkpt lat="48.68947505950928" lon="6.1296844482421875">
        <ele>347.43</ele>
      </trkpt>
      <trkpt lat="48.689517974853516" lon="6.129577159881592">
        <ele>348.11</ele>
      </trkpt>
      <trkpt lat="48.689485704526305" lon="6.1292005609720945">
        <ele>348.97</ele>
      </trkpt>
      <trkpt lat="48.68945368565619" lon="6.128826141357422">
        <ele>349.67</ele>
      </trkpt>
      <trkpt lat="48.68964672088623" lon="6.128793954849243">
        <ele>350.41</ele>
      </trkpt>
      <trkpt lat="48.6898398399353" lon="6.1287617683410645">
        <ele>351.06</ele>
      </trkpt>
      <trkpt lat="48.68994721211493" lon="6.1287617683410645">
        <ele>351.54</ele>
      </trkpt>
      <trkpt lat="48.69003304280341" lon="6.128783226013184">
        <ele>351.91</ele>
      </trkpt>
      <trkpt lat="48.690097415819764" lon="6.129062175750732">
        <ele>352.28</ele>
      </trkpt>
      <trkpt lat="48.69026907719672" lon="6.129190921783447">
        <ele>352.38</ele>
      </trkpt>
      <trkpt lat="48.69044073857367" lon="6.129169464111328">
        <ele>352.51</ele>
      </trkpt>
      <trkpt lat="48.690590942278504" lon="6.128997802734375">
        <ele>352.56</ele>
      </trkpt>
      <trkpt lat="48.69063377380371" lon="6.128697395324707">
        <ele>352.63</ele>
      </trkpt>
      <trkpt lat="48.69071968831122" lon="6.128568649291992">
        <ele>352.71</ele>
      </trkpt>
      <trkpt lat="48.69082689285278" lon="6.1284613609313965">
        <ele>352.74</ele>
      </trkpt>
      <trkpt lat="48.691041553393006" lon="6.128418445587158">
        <ele>352.82</ele>
      </trkpt>
      <trkpt lat="48.6911488417536" lon="6.128418445587158">
        <ele>352.79</ele>
      </trkpt>
      <trkpt lat="48.69138479232788" lon="6.12837553024292">
        <ele>352.7</ele>
      </trkpt>
      <trkpt lat="48.69162082672119" lon="6.128332614898682">
        <ele>352.54</ele>
      </trkpt>
      <trkpt lat="48.69170665740967" lon="6.128289699554443">
        <ele>352.37</ele>
      </trkpt>
      <trkpt lat="48.69187840260565" lon="6.128268241882324">
        <ele>352.12</ele>
      </trkpt>
      <trkpt lat="48.69210002012551" lon="6.1282395757734776">
        <ele>351.79</ele>
      </trkpt>
      <trkpt lat="48.692321721464396" lon="6.128210993483663">
        <ele>351.45</ele>
      </trkpt>
      <trkpt lat="48.692543590441346" lon="6.128182411193848">
        <ele>351.13</ele>
      </trkpt>
      <trkpt lat="48.692758083343506" lon="6.1281609535217285">
        <ele>350.82</ele>
      </trkpt>
      <trkpt lat="48.69275816716254" lon="6.1281609535217285">
        <ele>350.52</ele>
      </trkpt>
      <trkpt lat="48.69290837086737" lon="6.128139495849609">
        <ele>350.21</ele>
      </trkpt>
      <trkpt lat="48.69320869445801" lon="6.12811803817749">
        <ele>349.82</ele>
      </trkpt>
      <trkpt lat="48.69320877827704" lon="6.12811803817749">
        <ele>349.55</ele>
      </trkpt>
      <trkpt lat="48.693294608965516" lon="6.128096580505371">
        <ele>349.28</ele>
      </trkpt>
      <trkpt lat="48.69338043965399" lon="6.128096580505371">
        <ele>349.06</ele>
      </trkpt>
      <trkpt lat="48.69359493255615" lon="6.128096580505371">
        <ele>348.85</ele>
      </trkpt>
      <trkpt lat="48.69376667775214" lon="6.12811803817749">
        <ele>348.65</ele>
      </trkpt>
      <trkpt lat="48.69400271214545" lon="6.128096580505371">
        <ele>348.53</ele>
      </trkpt>
      <trkpt lat="48.69408845901489" lon="6.128032207489014">
        <ele>348.53</ele>
      </trkpt>
      <trkpt lat="48.69413145817816" lon="6.128032207489014">
        <ele>348.58</ele>
      </trkpt>
      <trkpt lat="48.69423874653876" lon="6.128032207489014">
        <ele>348.67</ele>
      </trkpt>
      <trkpt lat="48.69442105293274" lon="6.128021478652954">
        <ele>348.85</ele>
      </trkpt>
      <trkpt lat="48.69460344314575" lon="6.1280107498168945">
        <ele>349.13</ele>
      </trkpt>
      <trkpt lat="48.69466789998114" lon="6.127774715423584">
        <ele>349.5</ele>
      </trkpt>
      <trkpt lat="48.69468927383423" lon="6.127667427062988">
        <ele>349.88</ele>
      </trkpt>
      <trkpt lat="48.694796646013856" lon="6.127345561981201">
        <ele>350.4</ele>
      </trkpt>
      <trkpt lat="48.69490385055542" lon="6.1272382736206055">
        <ele>350.92</ele>
      </trkpt>
      <trkpt lat="48.695198809728026" lon="6.127179265022278">
        <ele>351.39</ele>
      </trkpt>
      <trkpt lat="48.69549376890063" lon="6.12712025642395">
        <ele>351.86</ele>
      </trkpt>
      <trkpt lat="48.69578881189227" lon="6.127061247825623">
        <ele>352.2</ele>
      </trkpt>
      <trkpt lat="48.69608402252197" lon="6.127002239227295">
        <ele>352.56</ele>
      </trkpt>
      <trkpt lat="48.69606968946755" lon="6.126672243699431">
        <ele>352.98</ele>
      </trkpt>
      <trkpt lat="48.696055356413126" lon="6.1263423319906">
        <ele>353.44</ele>
      </trkpt>
      <trkpt lat="48.696041190996766" lon="6.1260151863098145">
        <ele>353.96</ele>
      </trkpt>
      <trkpt lat="48.696041190996766" lon="6.1257353983819485">
        <ele>354.41</ele>
      </trkpt>
      <trkpt lat="48.696041190996766" lon="6.125457286834717">
        <ele>354.68</ele>
      </trkpt>
      <trkpt lat="48.69601973332465" lon="6.1252641677856445">
        <ele>354.89</ele>
      </trkpt>
      <trkpt lat="48.696008920669556" lon="6.124823028221726">
        <ele>354.97</ele>
      </trkpt>
      <trkpt lat="48.695998191833496" lon="6.12438440322876">
        <ele>355.0</ele>
      </trkpt>
      <trkpt lat="48.69603046216071" lon="6.123954076319933">
        <ele>354.93</ele>
      </trkpt>
      <trkpt lat="48.696062648668885" lon="6.123526096343994">
        <ele>354.75</ele>
      </trkpt>
      <trkpt lat="48.69610548019409" lon="6.123096942901611">
        <ele>354.48</ele>
      </trkpt>
      <trkpt lat="48.69637361727655" lon="6.123080849647522">
        <ele>354.21</ele>
      </trkpt>
      <trkpt lat="48.69664183817804" lon="6.123064756393433">
        <ele>353.93</ele>
      </trkpt>
      <trkpt lat="48.696909975260496" lon="6.123048663139343">
        <ele>353.6</ele>
      </trkpt>
      <trkpt lat="48.69717844761908" lon="6.123032569885254">
        <ele>353.18</ele>
      </trkpt>
      <trkpt lat="48.6971999052912" lon="6.123032569885254">
        <ele>352.77</ele>
      </trkpt>
      <trkpt lat="48.69741439819336" lon="6.123011112213135">
        <ele>352.31</ele>
      </trkpt>
      <trkpt lat="48.69762905873358" lon="6.122989654541016">
        <ele>351.84</ele>
      </trkpt>
      <trkpt lat="48.69788638316095" lon="6.1229681968688965">
        <ele>351.31</ele>
      </trkpt>
      <trkpt lat="48.69814395904541" lon="6.122946739196777">
        <ele>350.73</ele>
      </trkpt>
      <trkpt lat="48.69813675060868" lon="6.1225594114512205">
        <ele>350.29</ele>
      </trkpt>
      <trkpt lat="48.698129542171955" lon="6.122172083705664">
        <ele>349.89</ele>
      </trkpt>
      <trkpt lat="48.69812250137329" lon="6.121788024902344">
        <ele>349.47</ele>
      </trkpt>
      <trkpt lat="48.69820833206177" lon="6.12138032913208">
        <ele>348.97</ele>
      </trkpt>
      <trkpt lat="48.698294162750244" lon="6.12112283706665">
        <ele>348.53</ele>
      </trkpt>
      <trkpt lat="48.69840145111084" lon="6.1211442947387695">
        <ele>348.2</ele>
      </trkpt>
      <trkpt lat="48.69844436645508" lon="6.121079921722412">
        <ele>347.9</ele>
      </trkpt>
      <trkpt lat="48.69860555045307" lon="6.121359206736088">
        <ele>347.7</ele>
      </trkpt>
      <trkpt lat="48.6987663153559" lon="6.12163782119751">
        <ele>347.58</ele>
      </trkpt>
      <trkpt lat="48.698766231536865" lon="6.12163782119751">
        <ele>347.5</ele>
      </trkpt>
      <trkpt lat="48.69890235364437" lon="6.121881315484643">
        <ele>347.46</ele>
      </trkpt>
      <trkpt lat="48.69903847575188" lon="6.122124893590808">
        <ele>347.51</ele>
      </trkpt>
      <trkpt lat="48.69917401112616" lon="6.1223673820495605">
        <ele>347.59</ele>
      </trkpt>
      <trkpt lat="48.69935665279627" lon="6.1227004788815975">
        <ele>347.78</ele>
      </trkpt>
      <trkpt lat="48.699538791552186" lon="6.123032569885254">
        <ele>348.02</ele>
      </trkpt>
      <trkpt lat="48.699699975550175" lon="6.123354937881231">
        <ele>348.32</ele>
      </trkpt>
      <trkpt lat="48.69986065663397" lon="6.123676300048828">
        <ele>348.71</ele>
      </trkpt>
      <trkpt lat="48.69986057281494" lon="6.123676300048828">
        <ele>349.07</ele>
      </trkpt>
      <trkpt lat="48.70003248564899" lon="6.124009396880865">
        <ele>349.54</ele>
      </trkpt>
      <trkpt lat="48.70020397938788" lon="6.1243414878845215">
        <ele>350.01</ele>
      </trkpt>
      <trkpt lat="48.700289810076356" lon="6.124556064605713">
        <ele>350.5</ele>
      </trkpt>
      <trkpt lat="48.700332725420594" lon="6.1246418952941895">
        <ele>350.99</ele>
      </trkpt>
      <trkpt lat="48.70048292912543" lon="6.1248779296875">
        <ele>351.49</ele>
      </trkpt>
      <trkpt lat="48.700568759813905" lon="6.125071048736572">
        <ele>352.01</ele>
      </trkpt>
      <trkpt lat="48.70065459050238" lon="6.125221252441406">
        <ele>352.52</ele>
      </trkpt>
      <trkpt lat="48.700792137533426" lon="6.125547979027033">
        <ele>353.02</ele>
      </trkpt>
      <trkpt lat="48.70092968456447" lon="6.1258747056126595">
        <ele>353.52</ele>
      </trkpt>
      <trkpt lat="48.701067231595516" lon="6.126201516017318">
        <ele>354.13</ele>
      </trkpt>
      <trkpt lat="48.70120486244559" lon="6.126528242602944">
        <ele>354.7</ele>
      </trkpt>
      <trkpt lat="48.70134115219116" lon="6.126852035522461">
        <ele>355.18</ele>
      </trkpt>
      <trkpt lat="48.70142706669867" lon="6.127066947519779">
        <ele>355.59</ele>
      </trkpt>
      <trkpt lat="48.701512813568115" lon="6.127281188964844">
        <ele>355.95</ele>
      </trkpt>
      <trkpt lat="48.701577354222536" lon="6.127528455108404">
        <ele>356.31</ele>
      </trkpt>
      <trkpt lat="48.70164164341986" lon="6.127774715423584">
        <ele>356.65</ele>
      </trkpt>
      <trkpt lat="48.70172747410834" lon="6.128032207489014">
        <ele>356.99</ele>
      </trkpt>
      <trkpt lat="48.70174893178046" lon="6.12811803817749">
        <ele>357.3</ele>
      </trkpt>
      <trkpt lat="48.7019419670105" lon="6.128396987915039">
        <ele>357.58</ele>
      </trkpt>
      <trkpt lat="48.702027881518006" lon="6.12863302230835">
        <ele>357.9</ele>
      </trkpt>
      <trkpt lat="48.702146066352725" lon="6.12897701561451">
        <ele>358.21</ele>
      </trkpt>
      <trkpt lat="48.70226391591132" lon="6.129319667816162">
        <ele>358.41</ele>
      </trkpt>
      <trkpt lat="48.702403642237186" lon="6.129717389121652">
        <ele>358.53</ele>
      </trkpt>
      <trkpt lat="48.702542865648866" lon="6.13011360168457">
        <ele>358.57</ele>
      </trkpt>
      <trkpt lat="48.70267161168158" lon="6.130521297454834">
        <ele>358.69</ele>
      </trkpt>
      <trkpt lat="48.70269298553467" lon="6.130521297454834">
        <ele>358.8</ele>
      </trkpt>
      <trkpt lat="48.70288610458374" lon="6.130371009930968">
        <ele>358.9</ele>
      </trkpt>
      <trkpt lat="48.70307922363281" lon="6.130220890045166">
        <ele>359.03</ele>
      </trkpt>
      <trkpt lat="48.70312213897705" lon="6.13011360168457">
        <ele>359.14</ele>
      </trkpt>
      <trkpt lat="48.702993392944336" lon="6.129727363586426">
        <ele>359.21</ele>
      </trkpt>
      <trkpt lat="48.70299347676337" lon="6.129641532897949">
        <ele>359.25</ele>
      </trkpt>
      <trkpt lat="48.70305776596069" lon="6.129577159881592">
        <ele>359.3</ele>
      </trkpt>
      <trkpt lat="48.70307922363281" lon="6.129555702209473">
        <ele>359.3</ele>
      </trkpt>
      <trkpt lat="48.702993392944336" lon="6.129298210144043">
        <ele>359.26</ele>
      </trkpt>
      <trkpt lat="48.70286464691162" lon="6.128933429718018">
        <ele>359.25</ele>
      </trkpt>
      <trkpt lat="48.70282173156738" lon="6.128911972045898">
        <ele>359.2</ele>
      </trkpt>
      <trkpt lat="48.702800273895264" lon="6.128847599029541">
        <ele>359.11</ele>
      </trkpt>
      <trkpt lat="48.70266046375036" lon="6.128465887159109">
        <ele>359.08</ele>
      </trkpt>
      <trkpt lat="48.70252073742449" lon="6.128084259107709">
        <ele>358.93</ele>
      </trkpt>
      <trkpt lat="48.70238092727959" lon="6.127702631056309">
        <ele>358.74</ele>
      </trkpt>
      <trkpt lat="48.702242374420166" lon="6.127324104309082">
        <ele>358.45</ele>
      </trkpt>
      <trkpt lat="48.70240339078009" lon="6.127184545621276">
        <ele>358.23</ele>
      </trkpt>
      <trkpt lat="48.70256423950195" lon="6.127045154571533">
        <ele>357.97</ele>
      </trkpt>
      <trkpt lat="48.70268242433667" lon="6.126873241737485">
        <ele>357.63</ele>
      </trkpt>
      <trkpt lat="48.702800357714295" lon="6.126701831817627">
        <ele>357.29</ele>
      </trkpt>
      <trkpt lat="48.70295056141913" lon="6.126508712768555">
        <ele>356.92</ele>
      </trkpt>
      <trkpt lat="48.70305776596069" lon="6.126358509063721">
        <ele>356.54</ele>
      </trkpt>
      <trkpt lat="48.702907310798764" lon="6.126114930957556">
        <ele>356.17</ele>
      </trkpt>
      <trkpt lat="48.70275693945587" lon="6.1258714366704226">
        <ele>355.73</ele>
      </trkpt>
      <trkpt lat="48.70260715484619" lon="6.12562894821167">
        <ele>355.21</ele>
      </trkpt>
      <trkpt lat="48.702542781829834" lon="6.125500202178955">
        <ele>354.7</ele>
      </trkpt>
      <trkpt lat="48.702413784340024" lon="6.125274561345577">
        <ele>354.15</ele>
      </trkpt>
      <trkpt lat="48.702285289764404" lon="6.125049591064453">
        <ele>353.57</ele>
      </trkpt>
      <trkpt lat="48.70217800140381" lon="6.124727725982666">
        <ele>353.04</ele>
      </trkpt>
      <trkpt lat="48.70207071304321" lon="6.124470233917236">
        <ele>352.49</ele>
      </trkpt>
      <trkpt lat="48.70195244438946" lon="6.124179968610406">
        <ele>351.89</ele>
      </trkpt>
      <trkpt lat="48.701834762468934" lon="6.1238908767700195">
        <ele>351.23</ele>
      </trkpt>
      <trkpt lat="48.70174893178046" lon="6.12363338470459">
        <ele>350.58</ele>
      </trkpt>
      <trkpt lat="48.701603757217526" lon="6.123267849907279">
        <ele>349.9</ele>
      </trkpt>
      <trkpt lat="48.701458582654595" lon="6.122902315109968">
        <ele>349.3</ele>
      </trkpt>
      <trkpt lat="48.701313491910696" lon="6.122536864131689">
        <ele>348.71</ele>
      </trkpt>
      <trkpt lat="48.70116949081421" lon="6.122174263000488">
        <ele>348.14</ele>
      </trkpt>
      <trkpt lat="48.70142170228064" lon="6.121954154223204">
        <ele>347.48</ele>
      </trkpt>
      <trkpt lat="48.701673997566104" lon="6.121734129264951">
        <ele>346.95</ele>
      </trkpt>
      <trkpt lat="48.701926209032536" lon="6.121514020487666">
        <ele>346.49</ele>
      </trkpt>
      <trkpt lat="48.70217800140381" lon="6.1212944984436035">
        <ele>346.04</ele>
      </trkpt>
      <trkpt lat="48.702285373583436" lon="6.121208667755127">
        <ele>345.59</ele>
      </trkpt>
      <trkpt lat="48.70219208300114" lon="6.120914714410901">
        <ele>345.07</ele>
      </trkpt>
      <trkpt lat="48.70209887623787" lon="6.120620844885707">
        <ele>344.53</ele>
      </trkpt>
      <trkpt lat="48.702006340026855" lon="6.120328903198242">
        <ele>343.99</ele>
      </trkpt>
      <trkpt lat="48.70200642384589" lon="6.120328903198242">
        <ele>343.41</ele>
      </trkpt>
      <trkpt lat="48.70184515602887" lon="6.120017180219293">
        <ele>342.72</ele>
      </trkpt>
      <trkpt lat="48.7016845587641" lon="6.119706630706787">
        <ele>342.01</ele>
      </trkpt>
      <trkpt lat="48.70162018574774" lon="6.119513511657715">
        <ele>341.29</ele>
      </trkpt>
      <trkpt lat="48.70151256211102" lon="6.119190892204642">
        <ele>340.49</ele>
      </trkpt>
      <trkpt lat="48.70140552520752" lon="6.118869781494141">
        <ele>339.57</ele>
      </trkpt>
      <trkpt lat="48.70133377611637" lon="6.118547078222036">
        <ele>338.56</ele>
      </trkpt>
      <trkpt lat="48.701262110844254" lon="6.118224458768964">
        <ele>337.53</ele>
      </trkpt>
      <trkpt lat="48.70119094848633" lon="6.117904186248779">
        <ele>336.34</ele>
      </trkpt>
      <trkpt lat="48.70108340866864" lon="6.1176246497780085">
        <ele>335.04</ele>
      </trkpt>
      <trkpt lat="48.70097637176514" lon="6.117346286773682">
        <ele>333.64</ele>
      </trkpt>
      <trkpt lat="48.70097645558417" lon="6.117346286773682">
        <ele>332.28</ele>
      </trkpt>
      <trkpt lat="48.70095491409302" lon="6.116980500519276">
        <ele>330.59</ele>
      </trkpt>
      <trkpt lat="48.70093354023993" lon="6.116616725921631">
        <ele>328.88</ele>
      </trkpt>
      <trkpt lat="48.700909903272986" lon="6.116160582751036">
        <ele>327.14</ele>
      </trkpt>
      <trkpt lat="48.700886433944106" lon="6.115707037970424">
        <ele>325.36</ele>
      </trkpt>
      <trkpt lat="48.70086908340454" lon="6.115372180938721">
        <ele>323.65</ele>
      </trkpt>
      <trkpt lat="48.70082063600421" lon="6.115006394684315">
        <ele>321.81</ele>
      </trkpt>
      <trkpt lat="48.70077227242291" lon="6.1146406922489405">
        <ele>319.94</ele>
      </trkpt>
      <trkpt lat="48.70072382502258" lon="6.1142749059945345">
        <ele>318.01</ele>
      </trkpt>
      <trkpt lat="48.70067596435547" lon="6.113913059234619">
        <ele>316.04</ele>
      </trkpt>
      <trkpt lat="48.7006760481745" lon="6.1136555671691895">
        <ele>314.07</ele>
      </trkpt>
      <trkpt lat="48.7006760481745" lon="6.113239573314786">
        <ele>312.06</ele>
      </trkpt>
      <trkpt lat="48.7006760481745" lon="6.1128235794603825">
        <ele>310.0</ele>
      </trkpt>
      <trkpt lat="48.7006760481745" lon="6.112411022186279">
        <ele>307.89</ele>
      </trkpt>
      <trkpt lat="48.70066523551941" lon="6.112002152949572">
        <ele>305.76</ele>
      </trkpt>
      <trkpt lat="48.70065459050238" lon="6.111595630645752">
        <ele>303.66</ele>
      </trkpt>
      <trkpt lat="48.70055777952075" lon="6.111229928210378">
        <ele>301.5</ele>
      </trkpt>
      <trkpt lat="48.70046147145331" lon="6.110866069793701">
        <ele>299.38</ele>
      </trkpt>
      <trkpt lat="48.70025200769305" lon="6.1105867847800255">
        <ele>297.16</ele>
      </trkpt>
      <trkpt lat="48.700042543932796" lon="6.11030749976635">
        <ele>294.91</ele>
      </trkpt>
      <trkpt lat="48.69983308017254" lon="6.110028298571706">
        <ele>292.63</ele>
      </trkpt>
      <trkpt lat="48.69962462224066" lon="6.109750270843506">
        <ele>290.3</ele>
      </trkpt>
      <trkpt lat="48.6994740832597" lon="6.109438547864556">
        <ele>287.96</ele>
      </trkpt>
      <trkpt lat="48.699324214830995" lon="6.109127998352051">
        <ele>285.69</ele>
      </trkpt>
      <trkpt lat="48.69923100806773" lon="6.108744358643889">
        <ele>283.31</ele>
      </trkpt>
      <trkpt lat="48.69913780130446" lon="6.10836080275476">
        <ele>281.02</ele>
      </trkpt>
      <trkpt lat="48.69904459454119" lon="6.10797724686563">
        <ele>278.78</ele>
      </trkpt>
      <trkpt lat="48.698951387777925" lon="6.107593607157469">
        <ele>276.49</ele>
      </trkpt>
      <trkpt lat="48.69885818101466" lon="6.107210051268339">
        <ele>274.15</ele>
      </trkpt>
      <trkpt lat="48.6987663153559" lon="6.106832027435303">
        <ele>271.85</ele>
      </trkpt>
      <trkpt lat="48.698766231536865" lon="6.10666036605835">
        <ele>269.85</ele>
      </trkpt>
      <trkpt lat="48.698744773864746" lon="6.106553077697754">
        <ele>268.04</ele>
      </trkpt>
      <trkpt lat="48.69860856793821" lon="6.106201875954866">
        <ele>266.19</ele>
      </trkpt>
      <trkpt lat="48.6984724458307" lon="6.105850674211979">
        <ele>264.64</ele>
      </trkpt>
      <trkpt lat="48.698337161913514" lon="6.105501651763916">
        <ele>263.44</ele>
      </trkpt>
      <trkpt lat="48.69831562042236" lon="6.105351448059082">
        <ele>262.39</ele>
      </trkpt>
      <trkpt lat="48.69835861958563" lon="6.104986667633057">
        <ele>261.4</ele>
      </trkpt>
      <trkpt lat="48.69832626543939" lon="6.104696150869131">
        <ele>260.64</ele>
      </trkpt>
      <trkpt lat="48.698294162750244" lon="6.10440731048584">
        <ele>260.1</ele>
      </trkpt>
      <trkpt lat="48.698294246569276" lon="6.104342937469482">
        <ele>259.85</ele>
      </trkpt>
      <trkpt lat="48.69818687438965" lon="6.103978157043457">
        <ele>259.87</ele>
      </trkpt>
      <trkpt lat="48.69814395904541" lon="6.103763580322266">
        <ele>260.13</ele>
      </trkpt>
      <trkpt lat="48.697993755340576" lon="6.103570461273193">
        <ele>260.64</ele>
      </trkpt>
      <trkpt lat="48.69784866459668" lon="6.103274915367365">
        <ele>261.29</ele>
      </trkpt>
      <trkpt lat="48.69770357385278" lon="6.102979369461536">
        <ele>262.11</ele>
      </trkpt>
      <trkpt lat="48.69755848310888" lon="6.102683823555708">
        <ele>263.04</ele>
      </trkpt>
      <trkpt lat="48.69741439819336" lon="6.102390289306641">
        <ele>264.13</ele>
      </trkpt>
      <trkpt lat="48.69728540070355" lon="6.102089295163751">
        <ele>265.29</ele>
      </trkpt>
      <trkpt lat="48.69715640321374" lon="6.101788301020861">
        <ele>266.8</ele>
      </trkpt>
      <trkpt lat="48.697028160095215" lon="6.101489067077637">
        <ele>268.41</ele>
      </trkpt>
      <trkpt lat="48.697001254186034" lon="6.101080197840929">
        <ele>269.9</ele>
      </trkpt>
      <trkpt lat="48.696974348276854" lon="6.100671412423253">
        <ele>271.5</ele>
      </trkpt>
      <trkpt lat="48.69694744236767" lon="6.100262627005577">
        <ele>273.01</ele>
      </trkpt>
      <trkpt lat="48.69692087173462" lon="6.099858283996582">
        <ele>274.65</ele>
      </trkpt>
      <trkpt lat="48.69687611237168" lon="6.09960749745369">
        <ele>276.3</ele>
      </trkpt>
      <trkpt lat="48.69681358337402" lon="6.099257469177246">
        <ele>277.95</ele>
      </trkpt>
      <trkpt lat="48.69672750122845" lon="6.098891766741872">
        <ele>279.62</ele>
      </trkpt>
      <trkpt lat="48.69664192199707" lon="6.098527908325195">
        <ele>281.21</ele>
      </trkpt>
      <trkpt lat="48.69649180211127" lon="6.098356246948242">
        <ele>282.85</ele>
      </trkpt>
      <trkpt lat="48.6963415145874" lon="6.0983991622924805">
        <ele>284.49</ele>
      </trkpt>
      <trkpt lat="48.69632005691528" lon="6.098527908325195">
        <ele>286.05</ele>
      </trkpt>
      <trkpt lat="48.6963415145874" lon="6.098818341270089">
        <ele>287.58</ele>
      </trkpt>
      <trkpt lat="48.69636297225952" lon="6.099107265472412">
        <ele>289.01</ele>
      </trkpt>
      <trkpt lat="48.69634143076837" lon="6.099528959020972">
        <ele>290.35</ele>
      </trkpt>
      <trkpt lat="48.69631988927722" lon="6.099950652569532">
        <ele>291.65</ele>
      </trkpt>
      <trkpt lat="48.6962984316051" lon="6.1003723461180925">
        <ele>292.95</ele>
      </trkpt>
      <trkpt lat="48.69627689011395" lon="6.100794039666653">
        <ele>294.19</ele>
      </trkpt>
      <trkpt lat="48.696255683898926" lon="6.101210117340088">
        <ele>295.36</ele>
      </trkpt>
      <trkpt lat="48.69626180268824" lon="6.1014870554208755">
        <ele>296.37</ele>
      </trkpt>
      <trkpt lat="48.69626943022013" lon="6.101832306012511">
        <ele>297.33</ele>
      </trkpt>
      <trkpt lat="48.696277141571045" lon="6.102175712585449">
        <ele>298.13</ele>
      </trkpt>
      <trkpt lat="48.696277141571045" lon="6.102487687021494">
        <ele>298.91</ele>
      </trkpt>
      <trkpt lat="48.696277141571045" lon="6.102797985076904">
        <ele>299.61</ele>
      </trkpt>
      <trkpt lat="48.6962447874248" lon="6.103045335039496">
        <ele>300.18</ele>
      </trkpt>
      <trkpt lat="48.69621276855469" lon="6.1032915115356445">
        <ele>300.69</ele>
      </trkpt>
      <trkpt lat="48.69610548019409" lon="6.103549003601074">
        <ele>301.18</ele>
      </trkpt>
      <trkpt lat="48.695998191833496" lon="6.10365629196167">
        <ele>301.67</ele>
      </trkpt>
      <trkpt lat="48.69591244496405" lon="6.103763580322266">
        <ele>302.09</ele>
      </trkpt>
      <trkpt lat="48.695762073621154" lon="6.103903139010072">
        <ele>302.58</ele>
      </trkpt>
      <trkpt lat="48.69561195373535" lon="6.1040425300598145">
        <ele>303.06</ele>
      </trkpt>
      <trkpt lat="48.69548329152167" lon="6.104085445404053">
        <ele>303.43</ele>
      </trkpt>
      <trkpt lat="48.69537591934204" lon="6.104085445404053">
        <ele>303.77</ele>
      </trkpt>
      <trkpt lat="48.69526871480048" lon="6.103870868682861">
        <ele>304.09</ele>
      </trkpt>
      <trkpt lat="48.695268630981445" lon="6.103806495666504">
        <ele>304.35</ele>
      </trkpt>
      <trkpt lat="48.69520425796509" lon="6.10365629196167">
        <ele>304.61</ele>
      </trkpt>
      <trkpt lat="48.69513988494873" lon="6.103634834289551">
        <ele>304.86</ele>
      </trkpt>
      <trkpt lat="48.69503268040717" lon="6.103634834289551">
        <ele>305.11</ele>
      </trkpt>
      <trkpt lat="48.69494684971869" lon="6.103785037994385">
        <ele>305.33</ele>
      </trkpt>
      <trkpt lat="48.69494676589966" lon="6.103956699371338">
        <ele>305.54</ele>
      </trkpt>
      <trkpt lat="48.69487149640918" lon="6.1041824240237474">
        <ele>305.71</ele>
      </trkpt>
      <trkpt lat="48.694796562194824" lon="6.10440731048584">
        <ele>305.91</ele>
      </trkpt>
      <trkpt lat="48.694539070129395" lon="6.104342937469482">
        <ele>306.26</ele>
      </trkpt>
      <trkpt lat="48.694260120391846" lon="6.104364395141602">
        <ele>306.64</ele>
      </trkpt>
      <trkpt lat="48.694002628326416" lon="6.104375040158629">
        <ele>307.04</ele>
      </trkpt>
      <trkpt lat="48.693745136260986" lon="6.104385852813721">
        <ele>307.49</ele>
      </trkpt>
      <trkpt lat="48.693739688023925" lon="6.103993160650134">
        <ele>307.99</ele>
      </trkpt>
      <trkpt lat="48.693734323605895" lon="6.1036004684865475">
        <ele>308.52</ele>
      </trkpt>
      <trkpt lat="48.693728959187865" lon="6.103207776322961">
        <ele>309.02</ele>
      </trkpt>
      <trkpt lat="48.69372367858887" lon="6.102819442749023">
        <ele>309.51</ele>
      </trkpt>
      <trkpt lat="48.693766593933105" lon="6.10264778137207">
        <ele>309.91</ele>
      </trkpt>
      <trkpt lat="48.69389542378485" lon="6.102497410029173">
        <ele>310.25</ele>
      </trkpt>
      <trkpt lat="48.694024085998535" lon="6.102347373962402">
        <ele>310.56</ele>
      </trkpt>
      <trkpt lat="48.694024085998535" lon="6.1020684242248535">
        <ele>310.97</ele>
      </trkpt>
      <trkpt lat="48.694056356325746" lon="6.10182099044323">
        <ele>311.35</ele>
      </trkpt>
      <trkpt lat="48.69408845901489" lon="6.101574897766113">
        <ele>311.77</ele>
      </trkpt>
      <trkpt lat="48.694081250578165" lon="6.101137362420559">
        <ele>312.2</ele>
      </trkpt>
      <trkpt lat="48.69407404214144" lon="6.100699827075005">
        <ele>312.49</ele>
      </trkpt>
      <trkpt lat="48.69406691752374" lon="6.100262375548482">
        <ele>312.83</ele>
      </trkpt>
      <trkpt lat="48.694059709087014" lon="6.099824840202928">
        <ele>313.14</ele>
      </trkpt>
      <trkpt lat="48.69405258446932" lon="6.099387388676405">
        <ele>313.34</ele>
      </trkpt>
      <trkpt lat="48.694045543670654" lon="6.098957061767578">
        <ele>313.59</ele>
      </trkpt>
      <trkpt lat="48.694018637761474" lon="6.0985051933676">
        <ele>313.86</ele>
      </trkpt>
      <trkpt lat="48.69399173185229" lon="6.098053324967623">
        <ele>314.09</ele>
      </trkpt>
      <trkpt lat="48.69396482594311" lon="6.097601540386677">
        <ele>314.3</ele>
      </trkpt>
      <trkpt lat="48.69393825531006" lon="6.09715461730957">
        <ele>314.38</ele>
      </trkpt>
      <trkpt lat="48.693920988589525" lon="6.096711382269859">
        <ele>314.37</ele>
      </trkpt>
      <trkpt lat="48.693903805688024" lon="6.096268147230148">
        <ele>314.41</ele>
      </trkpt>
      <trkpt lat="48.69388662278652" lon="6.095824912190437">
        <ele>314.32</ele>
      </trkpt>
      <trkpt lat="48.69386935606599" lon="6.095381677150726">
        <ele>314.08</ele>
      </trkpt>
      <trkpt lat="48.69385242462158" lon="6.094944477081299">
        <ele>313.7</ele>
      </trkpt>
      <trkpt lat="48.693809509277344" lon="6.094644069671631">
        <ele>313.25</ele>
      </trkpt>
      <trkpt lat="48.69379660114646" lon="6.094248108565807">
        <ele>312.71</ele>
      </trkpt>
      <trkpt lat="48.693783693015575" lon="6.0938522312790155">
        <ele>312.12</ele>
      </trkpt>
      <trkpt lat="48.69377078488469" lon="6.093456353992224">
        <ele>311.42</ele>
      </trkpt>
      <trkpt lat="48.69375787675381" lon="6.093060476705432">
        <ele>310.57</ele>
      </trkpt>
      <trkpt lat="48.693745136260986" lon="6.09266996383667">
        <ele>309.69</ele>
      </trkpt>
      <trkpt lat="48.693745136260986" lon="6.092282636091113">
        <ele>308.72</ele>
      </trkpt>
      <trkpt lat="48.693745136260986" lon="6.091895308345556">
        <ele>307.62</ele>
      </trkpt>
      <trkpt lat="48.693745136260986" lon="6.091508064419031">
        <ele>306.4</ele>
      </trkpt>
      <trkpt lat="48.693745136260986" lon="6.091125011444092">
        <ele>305.05</ele>
      </trkpt>
      <trkpt lat="48.69365930557251" lon="6.09067440032959">
        <ele>303.74</ele>
      </trkpt>
      <trkpt lat="48.69356257840991" lon="6.090480946004391">
        <ele>302.54</ele>
      </trkpt>
      <trkpt lat="48.69346618652344" lon="6.090288162231445">
        <ele>301.24</ele>
      </trkpt>
      <trkpt lat="48.6934769153595" lon="6.089922375977039">
        <ele>299.77</ele>
      </trkpt>
      <trkpt lat="48.69348764419556" lon="6.0895586013793945">
        <ele>298.31</ele>
      </trkpt>
      <trkpt lat="48.693433832377195" lon="6.089214356616139">
        <ele>296.87</ele>
      </trkpt>
      <trkpt lat="48.69338035583496" lon="6.088871955871582">
        <ele>295.45</ele>
      </trkpt>
      <trkpt lat="48.69340181350708" lon="6.088399887084961">
        <ele>294.01</ele>
      </trkpt>
      <trkpt lat="48.69338035583496" lon="6.088206768035889">
        <ele>292.64</ele>
      </trkpt>
      <trkpt lat="48.69323023594916" lon="6.087799072265625">
        <ele>291.43</ele>
      </trkpt>
      <trkpt lat="48.69320869445801" lon="6.087627410888672">
        <ele>290.22</ele>
      </trkpt>
      <trkpt lat="48.69319796562195" lon="6.087186271324754">
        <ele>288.99</ele>
      </trkpt>
      <trkpt lat="48.69318732060492" lon="6.086747646331787">
        <ele>287.77</ele>
      </trkpt>
      <trkpt lat="48.69318723678589" lon="6.086747646331787">
        <ele>286.77</ele>
      </trkpt>
      <trkpt lat="48.69305103085935" lon="6.086367694661021">
        <ele>285.73</ele>
      </trkpt>
      <trkpt lat="48.692914824932814" lon="6.085987826809287">
        <ele>284.84</ele>
      </trkpt>
      <trkpt lat="48.692779541015625" lon="6.085610389709473">
        <ele>284.05</ele>
      </trkpt>
      <trkpt lat="48.69258633814752" lon="6.085467226803303">
        <ele>283.33</ele>
      </trkpt>
      <trkpt lat="48.69239313527942" lon="6.085324147716165">
        <ele>282.79</ele>
      </trkpt>
      <trkpt lat="48.69220018386841" lon="6.08518123626709">
        <ele>282.36</ele>
      </trkpt>
      <trkpt lat="48.69191042147577" lon="6.085030948743224">
        <ele>282.11</ele>
      </trkpt>
      <trkpt lat="48.69162082672119" lon="6.084880828857422">
        <ele>282.01</ele>
      </trkpt>
      <trkpt lat="48.69140625" lon="6.0846662521362305">
        <ele>281.96</ele>
      </trkpt>
      <trkpt lat="48.69127733632922" lon="6.084515880793333">
        <ele>281.97</ele>
      </trkpt>
      <trkpt lat="48.69114875793457" lon="6.0843658447265625">
        <ele>282.06</ele>
      </trkpt>
      <trkpt lat="48.69107340462506" lon="6.0840539541095495">
        <ele>282.21</ele>
      </trkpt>
      <trkpt lat="48.690998554229736" lon="6.083743572235107">
        <ele>282.35</ele>
      </trkpt>
      <trkpt lat="48.69082689285278" lon="6.083807945251465">
        <ele>282.68</ele>
      </trkpt>
      <trkpt lat="48.69059069082141" lon="6.08359320089221">
        <ele>283.07</ele>
      </trkpt>
      <trkpt lat="48.690354488790035" lon="6.083378540351987">
        <ele>283.57</ele>
      </trkpt>
      <trkpt lat="48.69011878967285" lon="6.083164215087891">
        <ele>284.15</ele>
      </trkpt>
      <trkpt lat="48.68989340029657" lon="6.0830246564000845">
        <ele>284.78</ele>
      </trkpt>
      <trkpt lat="48.68966817855835" lon="6.082885265350342">
        <ele>285.39</ele>
      </trkpt>
      <trkpt lat="48.6893892288208" lon="6.082820892333984">
        <ele>285.95</ele>
      </trkpt>
      <trkpt lat="48.68921756744385" lon="6.082820892333984">
        <ele>286.54</ele>
      </trkpt>
      <trkpt lat="48.68895295076072" lon="6.082892389968038">
        <ele>287.23</ele>
      </trkpt>
      <trkpt lat="48.6886883340776" lon="6.082963887602091">
        <ele>287.91</ele>
      </trkpt>
      <trkpt lat="48.68842371739447" lon="6.083035469055176">
        <ele>288.6</ele>
      </trkpt>
      <trkpt lat="48.68823051452637" lon="6.083089029416442">
        <ele>289.2</ele>
      </trkpt>
      <trkpt lat="48.688037395477295" lon="6.0831427574157715">
        <ele>289.76</ele>
      </trkpt>
      <trkpt lat="48.6878764629364" lon="6.083153402432799">
        <ele>290.27</ele>
      </trkpt>
      <trkpt lat="48.68771553039551" lon="6.083164215087891">
        <ele>290.82</ele>
      </trkpt>
      <trkpt lat="48.68746776133776" lon="6.083102272823453">
        <ele>291.4</ele>
      </trkpt>
      <trkpt lat="48.687219992280006" lon="6.083040330559015">
        <ele>292.01</ele>
      </trkpt>
      <trkpt lat="48.686972223222256" lon="6.082978388294578">
        <ele>292.53</ele>
      </trkpt>
      <trkpt lat="48.68685722351074" lon="6.082949638366699">
        <ele>293.0</ele>
      </trkpt>
      <trkpt lat="48.686556899920106" lon="6.08292818069458">
        <ele>293.49</ele>
      </trkpt>
      <trkpt lat="48.68638523854315" lon="6.082949638366699">
        <ele>293.95</ele>
      </trkpt>
      <trkpt lat="48.68608474731445" lon="6.0829925537109375">
        <ele>294.36</ele>
      </trkpt>
      <trkpt lat="48.68592373095453" lon="6.0830676555633545">
        <ele>294.79</ele>
      </trkpt>
      <trkpt lat="48.685762882232666" lon="6.0831427574157715">
        <ele>295.2</ele>
      </trkpt>
      <trkpt lat="48.68549449369311" lon="6.083357417955995">
        <ele>295.66</ele>
      </trkpt>
      <trkpt lat="48.68522644042969" lon="6.083571910858154">
        <ele>296.09</ele>
      </trkpt>
      <trkpt lat="48.68494749069214" lon="6.08367919921875">
        <ele>296.48</ele>
      </trkpt>
      <trkpt lat="48.684661416336894" lon="6.08367919921875">
        <ele>296.87</ele>
      </trkpt>
      <trkpt lat="48.68437534198165" lon="6.08367919921875">
        <ele>297.2</ele>
      </trkpt>
      <trkpt lat="48.68408918380737" lon="6.08367919921875">
        <ele>297.48</ele>
      </trkpt>
      <trkpt lat="48.683810234069824" lon="6.08367919921875">
        <ele>297.73</ele>
      </trkpt>
      <trkpt lat="48.68356338702142" lon="6.083539640530944">
        <ele>297.94</ele>
      </trkpt>
      <trkpt lat="48.683316707611084" lon="6.083400249481201">
        <ele>298.2</ele>
      </trkpt>
      <trkpt lat="48.68313431739807" lon="6.083443081006408">
        <ele>298.51</ele>
      </trkpt>
      <trkpt lat="48.68295192718506" lon="6.083486080169678">
        <ele>298.77</ele>
      </trkpt>
      <trkpt lat="48.682737182825804" lon="6.083672074601054">
        <ele>299.18</ele>
      </trkpt>
      <trkpt lat="48.68252252228558" lon="6.083858152851462">
        <ele>299.62</ele>
      </trkpt>
      <trkpt lat="48.682308197021484" lon="6.084043979644775">
        <ele>300.13</ele>
      </trkpt>
      <trkpt lat="48.682050704956055" lon="6.0842156410217285">
        <ele>300.69</ele>
      </trkpt>
      <trkpt lat="48.68184325285256" lon="6.084287138655782">
        <ele>301.19</ele>
      </trkpt>
      <trkpt lat="48.68163580074906" lon="6.084358636289835">
        <ele>301.69</ele>
      </trkpt>
      <trkpt lat="48.6814284324646" lon="6.08443021774292">
        <ele>302.25</ele>
      </trkpt>
      <trkpt lat="48.681235145777464" lon="6.084661055356264">
        <ele>302.93</ele>
      </trkpt>
      <trkpt lat="48.68104185909033" lon="6.08489197678864">
        <ele>303.65</ele>
      </trkpt>
      <trkpt lat="48.68084857240319" lon="6.085122814401984">
        <ele>304.54</ele>
      </trkpt>
      <trkpt lat="48.68065604008734" lon="6.085352897644043">
        <ele>305.55</ele>
      </trkpt>
      <trkpt lat="48.68048429489136" lon="6.085567474365234">
        <ele>306.6</ele>
      </trkpt>
      <trkpt lat="48.680253541097045" lon="6.085723042488098">
        <ele>307.62</ele>
      </trkpt>
      <trkpt lat="48.68002278730273" lon="6.085878694429994">
        <ele>308.64</ele>
      </trkpt>
      <trkpt lat="48.67979203350842" lon="6.086034262552857">
        <ele>309.73</ele>
      </trkpt>
      <trkpt lat="48.679561614990234" lon="6.0861897468566895">
        <ele>310.99</ele>
      </trkpt>
      <trkpt lat="48.6794114112854" lon="6.086297035217285">
        <ele>312.34</ele>
      </trkpt>
      <trkpt lat="48.67919683456421" lon="6.086275577545166">
        <ele>313.78</ele>
      </trkpt>
      <trkpt lat="48.67898225784302" lon="6.086254119873047">
        <ele>315.31</ele>
      </trkpt>
      <trkpt lat="48.678675647825" lon="6.086265854537487">
        <ele>316.99</ele>
      </trkpt>
      <trkpt lat="48.67836912162602" lon="6.086277673020959">
        <ele>318.76</ele>
      </trkpt>
      <trkpt lat="48.678062595427036" lon="6.086289491504431">
        <ele>320.58</ele>
      </trkpt>
      <trkpt lat="48.67775581777096" lon="6.086301309987903">
        <ele>322.42</ele>
      </trkpt>
      <trkpt lat="48.67753227241337" lon="6.086309859529138">
        <ele>324.29</ele>
      </trkpt>
      <trkpt lat="48.677308643236756" lon="6.086318492889404">
        <ele>326.15</ele>
      </trkpt>
      <trkpt lat="48.677383828908205" lon="6.086544217541814">
        <ele>328.09</ele>
      </trkpt>
      <trkpt lat="48.67745876312256" lon="6.086769104003906">
        <ele>330.08</ele>
      </trkpt>
      <trkpt lat="48.6775447614491" lon="6.087098848074675">
        <ele>332.19</ele>
      </trkpt>
      <trkpt lat="48.67763075977564" lon="6.087428592145443">
        <ele>334.46</ele>
      </trkpt>
      <trkpt lat="48.67771625518799" lon="6.087756156921387">
        <ele>336.73</ele>
      </trkpt>
      <trkpt lat="48.677701922133565" lon="6.088143400847912">
        <ele>338.77</ele>
      </trkpt>
      <trkpt lat="48.67768758907914" lon="6.088530728593469">
        <ele>340.62</ele>
      </trkpt>
      <trkpt lat="48.67767342366278" lon="6.08891487121582">
        <ele>342.3</ele>
      </trkpt>
      <trkpt lat="48.67764106951654" lon="6.089355926960707">
        <ele>343.91</ele>
      </trkpt>
      <trkpt lat="48.67760896682739" lon="6.089794635772705">
        <ele>345.39</ele>
      </trkpt>
      <trkpt lat="48.67760896682739" lon="6.089944839477539">
        <ele>346.69</ele>
      </trkpt>
      <trkpt lat="48.677609050646424" lon="6.089944839477539">
        <ele>347.87</ele>
      </trkpt>
      <trkpt lat="48.67757518775761" lon="6.090372065082192">
        <ele>348.83</ele>
      </trkpt>
      <trkpt lat="48.67754140868783" lon="6.090799290686846">
        <ele>349.72</ele>
      </trkpt>
      <trkpt lat="48.67750754579902" lon="6.091226516291499">
        <ele>350.59</ele>
      </trkpt>
      <trkpt lat="48.677473766729236" lon="6.0916537418961525">
        <ele>351.32</ele>
      </trkpt>
      <trkpt lat="48.67743990384042" lon="6.092080967500806">
        <ele>351.84</ele>
      </trkpt>
      <trkpt lat="48.67740612477064" lon="6.092508193105459">
        <ele>352.19</ele>
      </trkpt>
      <trkpt lat="48.67737293243408" lon="6.0929274559021">
        <ele>352.46</ele>
      </trkpt>
      <trkpt lat="48.677327167242765" lon="6.093373876065016">
        <ele>352.58</ele>
      </trkpt>
      <trkpt lat="48.67728148587048" lon="6.093820296227932">
        <ele>352.49</ele>
      </trkpt>
      <trkpt lat="48.677235804498196" lon="6.094266716390848">
        <ele>352.23</ele>
      </trkpt>
      <trkpt lat="48.67719003930688" lon="6.094713136553764">
        <ele>351.86</ele>
      </trkpt>
      <trkpt lat="48.677144357934594" lon="6.0951595567166805">
        <ele>351.44</ele>
      </trkpt>
      <trkpt lat="48.67709867656231" lon="6.095606060698628">
        <ele>350.89</ele>
      </trkpt>
      <trkpt lat="48.677052995190024" lon="6.096052480861545">
        <ele>350.31</ele>
      </trkpt>
      <trkpt lat="48.67700823582709" lon="6.096489429473877">
        <ele>349.63</ele>
      </trkpt>
      <trkpt lat="48.67700815200806" lon="6.096618175506592">
        <ele>348.89</ele>
      </trkpt>
      <trkpt lat="48.67695073597133" lon="6.097084293141961">
        <ele>348.12</ele>
      </trkpt>
      <trkpt lat="48.67689340375364" lon="6.09755041077733">
        <ele>347.18</ele>
      </trkpt>
      <trkpt lat="48.6768364906311" lon="6.098012924194336">
        <ele>346.18</ele>
      </trkpt>
      <trkpt lat="48.676901031285524" lon="6.09846462495625">
        <ele>345.09</ele>
      </trkpt>
      <trkpt lat="48.676965571939945" lon="6.098916409537196">
        <ele>343.9</ele>
      </trkpt>
      <trkpt lat="48.677030112594366" lon="6.099368194118142">
        <ele>342.72</ele>
      </trkpt>
      <trkpt lat="48.67709465324879" lon="6.099819978699088">
        <ele>341.55</ele>
      </trkpt>
      <trkpt lat="48.67715835571289" lon="6.100265979766846">
        <ele>340.38</ele>
      </trkpt>
      <trkpt lat="48.67715843953192" lon="6.100265979766846">
        <ele>339.28</ele>
      </trkpt>
      <trkpt lat="48.67722147144377" lon="6.100714076310396">
        <ele>338.23</ele>
      </trkpt>
      <trkpt lat="48.67728450335562" lon="6.101162172853947">
        <ele>337.17</ele>
      </trkpt>
      <trkpt lat="48.677347619086504" lon="6.101610269397497">
        <ele>336.07</ele>
      </trkpt>
      <trkpt lat="48.677410650998354" lon="6.102058365941048">
        <ele>334.82</ele>
      </trkpt>
      <trkpt lat="48.677473682910204" lon="6.102506462484598">
        <ele>333.65</ele>
      </trkpt>
      <trkpt lat="48.677535792812705" lon="6.102947602048516">
        <ele>332.5</ele>
      </trkpt>
      <trkpt lat="48.677566051483154" lon="6.10316276550293">
        <ele>331.58</ele>
      </trkpt>
      <trkpt lat="48.677807534113526" lon="6.103323698043823">
        <ele>330.72</ele>
      </trkpt>
      <trkpt lat="48.6780490167439" lon="6.103484630584717">
        <ele>329.87</ele>
      </trkpt>
      <trkpt lat="48.67829049937427" lon="6.103645646944642">
        <ele>329.13</ele>
      </trkpt>
      <trkpt lat="48.67853173054755" lon="6.103806495666504">
        <ele>328.49</ele>
      </trkpt>
      <trkpt lat="48.67880833335221" lon="6.103987712413073">
        <ele>327.86</ele>
      </trkpt>
      <trkpt lat="48.67908493615687" lon="6.104168929159641">
        <ele>327.19</ele>
      </trkpt>
      <trkpt lat="48.67936153896153" lon="6.10435014590621">
        <ele>326.53</ele>
      </trkpt>
      <trkpt lat="48.67963822558522" lon="6.10453144647181">
        <ele>325.89</ele>
      </trkpt>
      <trkpt lat="48.67991482838988" lon="6.104712663218379">
        <ele>325.26</ele>
      </trkpt>
      <trkpt lat="48.680191431194544" lon="6.104893879964948">
        <ele>324.69</ele>
      </trkpt>
      <trkpt lat="48.680468117818236" lon="6.105075096711516">
        <ele>324.11</ele>
      </trkpt>
      <trkpt lat="48.6807447206229" lon="6.105256397277117">
        <ele>323.47</ele>
      </trkpt>
      <trkpt lat="48.681020736694336" lon="6.105437278747559">
        <ele>322.8</ele>
      </trkpt>
      <trkpt lat="48.681262135505676" lon="6.105608940124512">
        <ele>322.2</ele>
      </trkpt>
      <trkpt lat="48.68150361813605" lon="6.105780685320497">
        <ele>321.61</ele>
      </trkpt>
      <trkpt lat="48.68174510076642" lon="6.10595234669745">
        <ele>320.99</ele>
      </trkpt>
      <trkpt lat="48.6819863319397" lon="6.106123924255371">
        <ele>320.38</ele>
      </trkpt>
      <trkpt lat="48.682172326371074" lon="6.106295669451356">
        <ele>319.79</ele>
      </trkpt>
      <trkpt lat="48.68235840462148" lon="6.106467414647341">
        <ele>319.16</ele>
      </trkpt>
      <trkpt lat="48.682544231414795" lon="6.1066389083862305">
        <ele>318.51</ele>
      </trkpt>
      <trkpt lat="48.68275361135602" lon="6.106869745999575">
        <ele>317.78</ele>
      </trkpt>
      <trkpt lat="48.682962991297245" lon="6.107100583612919">
        <ele>317.07</ele>
      </trkpt>
      <trkpt lat="48.68317237123847" lon="6.107331421226263">
        <ele>316.35</ele>
      </trkpt>
      <trkpt lat="48.68338108062744" lon="6.1075615882873535">
        <ele>315.63</ele>
      </trkpt>
      <trkpt lat="48.68366003036499" lon="6.10764741897583">
        <ele>314.92</ele>
      </trkpt>
      <trkpt lat="48.68387460708618" lon="6.10790491104126">
        <ele>314.11</ele>
      </trkpt>
      <trkpt lat="48.683996396139264" lon="6.108205821365118">
        <ele>313.33</ele>
      </trkpt>
      <trkpt lat="48.68411818519235" lon="6.108506815508008">
        <ele>312.43</ele>
      </trkpt>
      <trkpt lat="48.68423938751221" lon="6.108806133270264">
        <ele>311.52</ele>
      </trkpt>
      <trkpt lat="48.684260845184326" lon="6.108999252319336">
        <ele>310.58</ele>
      </trkpt>
      <trkpt lat="48.68417501449585" lon="6.109170913696289">
        <ele>309.69</ele>
      </trkpt>
      <trkpt lat="48.684046268463135" lon="6.109170913696289">
        <ele>309.0</ele>
      </trkpt>
      <trkpt lat="48.6840033531189" lon="6.1092352867126465">
        <ele>308.16</ele>
      </trkpt>
      <trkpt lat="48.684067726135254" lon="6.109278202056885">
        <ele>307.32</ele>
      </trkpt>
      <trkpt lat="48.684260761365294" lon="6.109299575909972">
        <ele>306.48</ele>
      </trkpt>
      <trkpt lat="48.6844539642334" lon="6.109321117401123">
        <ele>305.73</ele>
      </trkpt>
      <trkpt lat="48.68447542190552" lon="6.1094069480896">
        <ele>305.01</ele>
      </trkpt>
      <trkpt lat="48.68443250656128" lon="6.109471321105957">
        <ele>304.38</ele>
      </trkpt>
      <trkpt lat="48.68421792984009" lon="6.109492778778076">
        <ele>303.84</ele>
      </trkpt>
      <trkpt lat="48.68417501449585" lon="6.1095356941223145">
        <ele>303.34</ele>
      </trkpt>
      <trkpt lat="48.68421792984009" lon="6.109578609466553">
        <ele>302.88</ele>
      </trkpt>
      <trkpt lat="48.68449687957764" lon="6.10964298248291">
        <ele>302.49</ele>
      </trkpt>
      <trkpt lat="48.684539794921875" lon="6.109685897827148">
        <ele>302.2</ele>
      </trkpt>
      <trkpt lat="48.68447542190552" lon="6.109750270843506">
        <ele>301.99</ele>
      </trkpt>
      <trkpt lat="48.68423938751221" lon="6.109771728515625">
        <ele>301.87</ele>
      </trkpt>
      <trkpt lat="48.684046268463135" lon="6.10990047454834">
        <ele>301.83</ele>
      </trkpt>
      <trkpt lat="48.68400343693793" lon="6.110200881958008">
        <ele>301.95</ele>
      </trkpt>
      <trkpt lat="48.683853233233094" lon="6.110243797302246">
        <ele>302.16</ele>
      </trkpt>
      <trkpt lat="48.683574199676514" lon="6.110351085662842">
        <ele>302.46</ele>
      </trkpt>
      <trkpt lat="48.6834023706615" lon="6.110501289367676">
        <ele>302.71</ele>
      </trkpt>
      <trkpt lat="48.68323087692261" lon="6.11065149307251">
        <ele>302.98</ele>
      </trkpt>
      <trkpt lat="48.68313414976001" lon="6.1108556762337685">
        <ele>303.27</ele>
      </trkpt>
      <trkpt lat="48.683037757873535" lon="6.111059188842773">
        <ele>303.6</ele>
      </trkpt>
      <trkpt lat="48.683016216382384" lon="6.111317351460457">
        <ele>304.01</ele>
      </trkpt>
      <trkpt lat="48.6829948425293" lon="6.111574172973633">
        <ele>304.4</ele>
      </trkpt>
      <trkpt lat="48.683016300201416" lon="6.111832335591316">
        <ele>304.82</ele>
      </trkpt>
      <trkpt lat="48.683037757873535" lon="6.112089157104492">
        <ele>305.2</ele>
      </trkpt>
      <trkpt lat="48.6830014642328" lon="6.112364670261741">
        <ele>305.64</ele>
      </trkpt>
      <trkpt lat="48.682965422049165" lon="6.11263875849545">
        <ele>306.1</ele>
      </trkpt>
      <trkpt lat="48.68293046951294" lon="6.1129045486450195">
        <ele>306.57</ele>
      </trkpt>
      <trkpt lat="48.68286609649658" lon="6.113269329071045">
        <ele>307.12</ele>
      </trkpt>
      <trkpt lat="48.682758808135986" lon="6.11339807510376">
        <ele>307.66</ele>
      </trkpt>
      <trkpt lat="48.682608688250184" lon="6.113462448120117">
        <ele>308.14</ele>
      </trkpt>
      <trkpt lat="48.68245848454535" lon="6.113483905792236">
        <ele>308.63</ele>
      </trkpt>
      <trkpt lat="48.6821795348078" lon="6.1135053634643555">
        <ele>309.17</ele>
      </trkpt>
      <trkpt lat="48.68194350041449" lon="6.113526737317443">
        <ele>309.69</ele>
      </trkpt>
      <trkpt lat="48.68170746602118" lon="6.113548278808594">
        <ele>310.14</ele>
      </trkpt>
      <trkpt lat="48.68144997395575" lon="6.113542914390564">
        <ele>310.61</ele>
      </trkpt>
      <trkpt lat="48.68119248189032" lon="6.113537549972534">
        <ele>311.02</ele>
      </trkpt>
      <trkpt lat="48.68093507364392" lon="6.113532185554504">
        <ele>311.38</ele>
      </trkpt>
      <trkpt lat="48.68067741394043" lon="6.113526821136475">
        <ele>311.8</ele>
      </trkpt>
      <trkpt lat="48.680591667070985" lon="6.113569736480713">
        <ele>312.21</ele>
      </trkpt>
      <trkpt lat="48.68046283721924" lon="6.11363410949707">
        <ele>312.66</ele>
      </trkpt>
      <trkpt lat="48.68032311089337" lon="6.113838125020266">
        <ele>313.03</ele>
      </trkpt>
      <trkpt lat="48.68018388748169" lon="6.114041805267334">
        <ele>313.5</ele>
      </trkpt>
      <trkpt lat="48.68009805679321" lon="6.114470958709717">
        <ele>313.92</ele>
      </trkpt>
      <trkpt lat="48.68002278730273" lon="6.114696683362126">
        <ele>314.35</ele>
      </trkpt>
      <trkpt lat="48.67994785308838" lon="6.114921569824219">
        <ele>314.82</ele>
      </trkpt>
      <trkpt lat="48.6798189394176" lon="6.115082586184144">
        <ele>315.37</ele>
      </trkpt>
      <trkpt lat="48.67969036102295" lon="6.115243434906006">
        <ele>316.02</ele>
      </trkpt>
      <trkpt lat="48.67940076626837" lon="6.115211248397827">
        <ele>316.78</ele>
      </trkpt>
      <trkpt lat="48.679111087694764" lon="6.115179061889648">
        <ele>317.61</ele>
      </trkpt>
      <trkpt lat="48.67889642715454" lon="6.115114688873291">
        <ele>318.42</ele>
      </trkpt>
      <trkpt lat="48.67868185043335" lon="6.115050315856934">
        <ele>319.24</ele>
      </trkpt>
      <trkpt lat="48.67846727371216" lon="6.114985942840576">
        <ele>320.06</ele>
      </trkpt>
      <trkpt lat="48.678195448592305" lon="6.114864321425557">
        <ele>320.87</ele>
      </trkpt>
      <trkpt lat="48.677923707291484" lon="6.114742700010538">
        <ele>321.81</ele>
      </trkpt>
      <trkpt lat="48.67765196599066" lon="6.114621162414551">
        <ele>322.85</ele>
      </trkpt>
      <trkpt lat="48.67754467763007" lon="6.114556789398193">
        <ele>323.88</ele>
      </trkpt>
      <trkpt lat="48.67737293243408" lon="6.114567434415221">
        <ele>324.95</ele>
      </trkpt>
      <trkpt lat="48.67720127105713" lon="6.1145782470703125">
        <ele>326.04</ele>
      </trkpt>
      <trkpt lat="48.67711544036865" lon="6.114814281463623">
        <ele>327.18</ele>
      </trkpt>
      <trkpt lat="48.67705802433193" lon="6.115251649171114">
        <ele>328.39</ele>
      </trkpt>
      <trkpt lat="48.677000692114234" lon="6.115689100697637">
        <ele>329.69</ele>
      </trkpt>
      <trkpt lat="48.6769437789917" lon="6.116123199462891">
        <ele>331.04</ele>
      </trkpt>
      <trkpt lat="48.67697956971824" lon="6.116453027352691">
        <ele>332.26</ele>
      </trkpt>
      <trkpt lat="48.677015444263816" lon="6.1167829390615225">
        <ele>333.46</ele>
      </trkpt>
      <trkpt lat="48.677051067352295" lon="6.117110252380371">
        <ele>334.69</ele>
      </trkpt>
      <trkpt lat="48.67703975178301" lon="6.117430608719587">
        <ele>335.88</ele>
      </trkpt>
      <trkpt lat="48.677028603851795" lon="6.117749372497201">
        <ele>337.05</ele>
      </trkpt>
      <trkpt lat="48.677018294110894" lon="6.118042068555951">
        <ele>338.18</ele>
      </trkpt>
      <trkpt lat="48.67700815200806" lon="6.118333339691162">
        <ele>339.29</ele>
      </trkpt>
      <trkpt lat="48.6770368181169" lon="6.118756458163261">
        <ele>340.45</ele>
      </trkpt>
      <trkpt lat="48.67706548422575" lon="6.119179576635361">
        <ele>341.42</ele>
      </trkpt>
      <trkpt lat="48.67709398269653" lon="6.119599342346191">
        <ele>342.3</ele>
      </trkpt>
      <trkpt lat="48.67705115117133" lon="6.119706630706787">
        <ele>343.15</ele>
      </trkpt>
      <trkpt lat="48.676772117614746" lon="6.11964225769043">
        <ele>344.0</ele>
      </trkpt>
      <trkpt lat="48.67657891474664" lon="6.119760274887085">
        <ele>344.78</ele>
      </trkpt>
      <trkpt lat="48.6763858795166" lon="6.11987829208374">
        <ele>345.48</ele>
      </trkpt>
      <trkpt lat="48.67612838745117" lon="6.119728088378906">
        <ele>346.11</ele>
      </trkpt>
      <trkpt lat="48.67599964141846" lon="6.119427680969238">
        <ele>346.69</ele>
      </trkpt>
      <trkpt lat="48.67587089538574" lon="6.119384765625">
        <ele>347.23</ele>
      </trkpt>
      <trkpt lat="48.675806522369385" lon="6.119577884674072">
        <ele>347.73</ele>
      </trkpt>
      <trkpt lat="48.67567777633667" lon="6.119556427001953">
        <ele>348.21</ele>
      </trkpt>
      <trkpt lat="48.67563486099243" lon="6.119513511657715">
        <ele>348.64</ele>
      </trkpt>
      <trkpt lat="48.67544140666723" lon="6.119169602170587">
        <ele>348.98</ele>
      </trkpt>
      <trkpt lat="48.675248036161065" lon="6.11882577650249">
        <ele>349.33</ele>
      </trkpt>
      <trkpt lat="48.675055503845215" lon="6.118483543395996">
        <ele>349.76</ele>
      </trkpt>
      <trkpt lat="48.67488384246826" lon="6.1185049172490835">
        <ele>350.18</ele>
      </trkpt>
      <trkpt lat="48.67471218109131" lon="6.118526458740234">
        <ele>350.57</ele>
      </trkpt>
      <trkpt lat="48.67449039593339" lon="6.118655204772949">
        <ele>350.94</ele>
      </trkpt>
      <trkpt lat="48.6742686945945" lon="6.118783950805664">
        <ele>351.24</ele>
      </trkpt>
      <trkpt lat="48.67404707707465" lon="6.118912696838379">
        <ele>351.53</ele>
      </trkpt>
      <trkpt lat="48.67404079064727" lon="6.118993163108826">
        <ele>351.82</ele>
      </trkpt>
      <trkpt lat="48.67401413619518" lon="6.119339084252715">
        <ele>352.16</ele>
      </trkpt>
      <trkpt lat="48.6739874817431" lon="6.119685173034668">
        <ele>352.49</ele>
      </trkpt>
      <trkpt lat="48.67396116256714" lon="6.120028495788574">
        <ele>352.87</ele>
      </trkpt>
      <trkpt lat="48.673735773190856" lon="6.119899665936828">
        <ele>353.11</ele>
      </trkpt>
      <trkpt lat="48.673510467633605" lon="6.119770919904113">
        <ele>353.24</ele>
      </trkpt>
      <trkpt lat="48.67328507825732" lon="6.119642173871398">
        <ele>353.32</ele>
      </trkpt>
      <trkpt lat="48.673059940338135" lon="6.119513511657715">
        <ele>353.43</ele>
      </trkpt>
      <trkpt lat="48.67288827896118" lon="6.119524156674743">
        <ele>353.56</ele>
      </trkpt>
      <trkpt lat="48.67271670140326" lon="6.119534969329834">
        <ele>353.69</ele>
      </trkpt>
      <trkpt lat="48.67255576886237" lon="6.119556343182921">
        <ele>353.79</ele>
      </trkpt>
      <trkpt lat="48.67239483632147" lon="6.119577884674072">
        <ele>353.89</ele>
      </trkpt>
      <trkpt lat="48.67221244610846" lon="6.119642173871398">
        <ele>353.98</ele>
      </trkpt>
      <trkpt lat="48.67203005589545" lon="6.119706630706787">
        <ele>354.09</ele>
      </trkpt>
      <trkpt lat="48.67184741422534" lon="6.119899833574891">
        <ele>354.16</ele>
      </trkpt>
      <trkpt lat="48.67166519165039" lon="6.120092868804932">
        <ele>354.19</ele>
      </trkpt>
      <trkpt lat="48.67147198878229" lon="6.120189428329468">
        <ele>354.18</ele>
      </trkpt>
      <trkpt lat="48.671278953552246" lon="6.120285987854004">
        <ele>354.21</ele>
      </trkpt>
      <trkpt lat="48.671171413734555" lon="6.120662335306406">
        <ele>354.28</ele>
      </trkpt>
      <trkpt lat="48.671064376831055" lon="6.121037006378174">
        <ele>354.33</ele>
      </trkpt>
      <trkpt lat="48.67076396942139" lon="6.1211442947387695">
        <ele>354.41</ele>
      </trkpt>
      <trkpt lat="48.6704957485199" lon="6.121208583936095">
        <ele>354.42</ele>
      </trkpt>
      <trkpt lat="48.67022752761841" lon="6.121273040771484">
        <ele>354.41</ele>
      </trkpt>
      <trkpt lat="48.670034324750304" lon="6.121122753247619">
        <ele>354.42</ele>
      </trkpt>
      <trkpt lat="48.669841289520264" lon="6.120972633361816">
        <ele>354.46</ele>
      </trkpt>
      <trkpt lat="48.669583797454834" lon="6.121079921722412">
        <ele>354.6</ele>
      </trkpt>
      <trkpt lat="48.66943359375" lon="6.121273040771484">
        <ele>354.73</ele>
      </trkpt>
      <trkpt lat="48.669272661209106" lon="6.121315872296691">
        <ele>354.83</ele>
      </trkpt>
      <trkpt lat="48.66911172866821" lon="6.121358871459961">
        <ele>354.83</ele>
      </trkpt>
      <trkpt lat="48.66897191852331" lon="6.12096106633544">
        <ele>354.68</ele>
      </trkpt>
      <trkpt lat="48.668832778930664" lon="6.120564937591553">
        <ele>354.51</ele>
      </trkpt>
      <trkpt lat="48.66862507537007" lon="6.1202999856323">
        <ele>354.36</ele>
      </trkpt>
      <trkpt lat="48.668417455628514" lon="6.120035033673048">
        <ele>354.15</ele>
      </trkpt>
      <trkpt lat="48.66821050643921" lon="6.1197710037231445">
        <ele>353.89</ele>
      </trkpt>
      <trkpt lat="48.66798151284456" lon="6.119570592418313">
        <ele>353.59</ele>
      </trkpt>
      <trkpt lat="48.667752519249916" lon="6.1193701811134815">
        <ele>353.24</ele>
      </trkpt>
      <trkpt lat="48.66752394475043" lon="6.119170188903809">
        <ele>352.83</ele>
      </trkpt>
      <trkpt lat="48.66725790314376" lon="6.119174463674426">
        <ele>352.35</ele>
      </trkpt>
      <trkpt lat="48.6669918615371" lon="6.119178738445044">
        <ele>351.89</ele>
      </trkpt>
      <trkpt lat="48.666725819930434" lon="6.119183013215661">
        <ele>351.4</ele>
      </trkpt>
      <trkpt lat="48.66645977832377" lon="6.1191872879862785">
        <ele>350.82</ele>
      </trkpt>
      <trkpt lat="48.66619348526001" lon="6.119191646575928">
        <ele>350.14</ele>
      </trkpt>
      <trkpt lat="48.66617202758789" lon="6.118762493133545">
        <ele>349.33</ele>
      </trkpt>
      <trkpt lat="48.66621502675116" lon="6.1186981201171875">
        <ele>348.56</ele>
      </trkpt>
      <trkpt lat="48.66638660430908" lon="6.118354797363281">
        <ele>347.68</ele>
      </trkpt>
      <trkpt lat="48.66633279249072" lon="6.118128905072808">
        <ele>346.82</ele>
      </trkpt>
      <trkpt lat="48.666279315948486" lon="6.117904186248779">
        <ele>345.98</ele>
      </trkpt>
      <trkpt lat="48.666343688964844" lon="6.117517948150635">
        <ele>345.1</ele>
      </trkpt>
      <trkpt lat="48.66628987714648" lon="6.117152161896229">
        <ele>344.19</ele>
      </trkpt>
      <trkpt lat="48.66623648442328" lon="6.116788387298584">
        <ele>343.36</ele>
      </trkpt>
      <trkpt lat="48.66617185994983" lon="6.116433413699269">
        <ele>342.56</ele>
      </trkpt>
      <trkpt lat="48.666107319295406" lon="6.116078440099955">
        <ele>341.83</ele>
      </trkpt>
      <trkpt lat="48.666042778640985" lon="6.11572346650064">
        <ele>341.08</ele>
      </trkpt>
      <trkpt lat="48.66597890853882" lon="6.115372180938721">
        <ele>340.43</ele>
      </trkpt>
      <trkpt lat="48.6658501625061" lon="6.115200519561768">
        <ele>340.09</ele>
      </trkpt>
      <trkpt lat="48.66565704345703" lon="6.115179061889648">
        <ele>339.99</ele>
      </trkpt>
      <trkpt lat="48.66544246673584" lon="6.114943027496338">
        <ele>340.0</ele>
      </trkpt>
      <trkpt lat="48.66522797383368" lon="6.114771366119385">
        <ele>340.22</ele>
      </trkpt>
      <trkpt lat="48.665077770128846" lon="6.11464262008667">
        <ele>340.58</ele>
      </trkpt>
      <trkpt lat="48.664841735735536" lon="6.114535331726074">
        <ele>341.08</ele>
      </trkpt>
      <trkpt lat="48.664605701342225" lon="6.114535331726074">
        <ele>341.55</ele>
      </trkpt>
      <trkpt lat="48.66443403996527" lon="6.114535331726074">
        <ele>342.15</ele>
      </trkpt>
      <trkpt lat="48.6642409209162" lon="6.114342212677002">
        <ele>342.94</ele>
      </trkpt>
      <trkpt lat="48.66410119459033" lon="6.114062760025263">
        <ele>343.95</ele>
      </trkpt>
      <trkpt lat="48.66396197117865" lon="6.113784313201904">
        <ele>345.0</ele>
      </trkpt>
      <trkpt lat="48.663854682818055" lon="6.113419532775879">
        <ele>346.18</ele>
      </trkpt>
      <trkpt lat="48.66373272612691" lon="6.113053914159536">
        <ele>347.39</ele>
      </trkpt>
      <trkpt lat="48.663610853254795" lon="6.1126883793622255">
        <ele>348.6</ele>
      </trkpt>
      <trkpt lat="48.663489818573" lon="6.112325191497803">
        <ele>349.83</ele>
      </trkpt>
      <trkpt lat="48.66343600675464" lon="6.11209929920733">
        <ele>351.1</ele>
      </trkpt>
      <trkpt lat="48.6633825302124" lon="6.111874580383301">
        <ele>352.45</ele>
      </trkpt>
      <trkpt lat="48.663361156359315" lon="6.111574172973633">
        <ele>353.81</ele>
      </trkpt>
      <trkpt lat="48.66333953104913" lon="6.111251385882497">
        <ele>355.28</ele>
      </trkpt>
      <trkpt lat="48.663318157196045" lon="6.110930442810059">
        <ele>356.63</ele>
      </trkpt>
      <trkpt lat="48.663253616541624" lon="6.110467845574021">
        <ele>358.06</ele>
      </trkpt>
      <trkpt lat="48.66318941116333" lon="6.1100077629089355">
        <ele>359.45</ele>
      </trkpt>
      <trkpt lat="48.66311405785382" lon="6.109642060473561">
        <ele>360.77</ele>
      </trkpt>
      <trkpt lat="48.663039207458496" lon="6.109278202056885">
        <ele>362.0</ele>
      </trkpt>
      <trkpt lat="48.66288900375366" lon="6.1090850830078125">
        <ele>362.97</ele>
      </trkpt>
      <trkpt lat="48.662889087572694" lon="6.1090850830078125">
        <ele>363.79</ele>
      </trkpt>
      <trkpt lat="48.66267425939441" lon="6.108827339485288">
        <ele>364.47</ele>
      </trkpt>
      <trkpt lat="48.66245985031128" lon="6.108570098876953">
        <ele>365.1</ele>
      </trkpt>
      <trkpt lat="48.66222381591797" lon="6.108527183532715">
        <ele>365.63</ele>
      </trkpt>
      <trkpt lat="48.661998342722654" lon="6.10831243917346">
        <ele>366.01</ele>
      </trkpt>
      <trkpt lat="48.6617732886225" lon="6.108098030090332">
        <ele>366.18</ele>
      </trkpt>
      <trkpt lat="48.66156566888094" lon="6.107926284894347">
        <ele>366.31</ele>
      </trkpt>
      <trkpt lat="48.66135813295841" lon="6.107754539698362">
        <ele>366.4</ele>
      </trkpt>
      <trkpt lat="48.66115093231201" lon="6.107583045959473">
        <ele>366.49</ele>
      </trkpt>
      <trkpt lat="48.661014726385474" lon="6.107253385707736">
        <ele>366.73</ele>
      </trkpt>
      <trkpt lat="48.66087860427797" lon="6.106923725455999">
        <ele>366.92</ele>
      </trkpt>
      <trkpt lat="48.66074323654175" lon="6.106595993041992">
        <ele>367.09</ele>
      </trkpt>
      <trkpt lat="48.66056411527097" lon="6.106252083554864">
        <ele>367.27</ele>
      </trkpt>
      <trkpt lat="48.66038507781923" lon="6.105908174067736">
        <ele>367.43</ele>
      </trkpt>
      <trkpt lat="48.6602068785578" lon="6.105566024780273">
        <ele>367.55</ele>
      </trkpt>
      <trkpt lat="48.66022825241089" lon="6.1052656173706055">
        <ele>367.79</ele>
      </trkpt>
      <trkpt lat="48.66022833622992" lon="6.1052656173706055">
        <ele>368.0</ele>
      </trkpt>
      <trkpt lat="48.66005633957684" lon="6.104904441162944">
        <ele>368.26</ele>
      </trkpt>
      <trkpt lat="48.65988434292376" lon="6.104543348774314">
        <ele>368.67</ele>
      </trkpt>
      <trkpt lat="48.65971234627068" lon="6.104182256385684">
        <ele>369.06</ele>
      </trkpt>
      <trkpt lat="48.65954043343663" lon="6.103821080178022">
        <ele>369.43</ele>
      </trkpt>
      <trkpt lat="48.65936994552612" lon="6.103463172912598">
        <ele>369.84</ele>
      </trkpt>
      <trkpt lat="48.659370029345155" lon="6.103463172912598">
        <ele>370.23</ele>
      </trkpt>
      <trkpt lat="48.659208761528134" lon="6.103108450770378">
        <ele>370.69</ele>
      </trkpt>
      <trkpt lat="48.659048080444336" lon="6.102755069732666">
        <ele>371.16</ele>
      </trkpt>
      <trkpt lat="48.65891933441162" lon="6.102690696716309">
        <ele>371.57</ele>
      </trkpt>
      <trkpt lat="48.65872621536255" lon="6.102819442749023">
        <ele>372.06</ele>
      </trkpt>
      <trkpt lat="48.65872629918158" lon="6.102819442749023">
        <ele>372.51</ele>
      </trkpt>
      <trkpt lat="48.65858665667474" lon="6.10295900143683">
        <ele>372.98</ele>
      </trkpt>
      <trkpt lat="48.658447265625" lon="6.103098392486572">
        <ele>373.49</ele>
      </trkpt>
      <trkpt lat="48.65825414657593" lon="6.103098392486572">
        <ele>374.03</ele>
      </trkpt>
      <trkpt lat="48.65801811218262" lon="6.102862358093262">
        <ele>374.62</ele>
      </trkpt>
      <trkpt lat="48.65776774473488" lon="6.102790776640177">
        <ele>375.1</ele>
      </trkpt>
      <trkpt lat="48.65751746110618" lon="6.1027192790061235">
        <ele>375.47</ele>
      </trkpt>
      <trkpt lat="48.65726709365845" lon="6.10264778137207">
        <ele>375.79</ele>
      </trkpt>
      <trkpt lat="48.65700096823275" lon="6.102720703929663">
        <ele>375.92</ele>
      </trkpt>
      <trkpt lat="48.656734926626086" lon="6.102793626487255">
        <ele>376.08</ele>
      </trkpt>
      <trkpt lat="48.65646888501942" lon="6.1028665490448475">
        <ele>376.19</ele>
      </trkpt>
      <trkpt lat="48.65620284341276" lon="6.102939555421472">
        <ele>376.32</ele>
      </trkpt>
      <trkpt lat="48.65593671798706" lon="6.103012561798096">
        <ele>376.52</ele>
      </trkpt>
      <trkpt lat="48.6556291859597" lon="6.102991104125977">
        <ele>376.76</ele>
      </trkpt>
      <trkpt lat="48.65532165393233" lon="6.102969646453857">
        <ele>376.87</ele>
      </trkpt>
      <trkpt lat="48.65501403808594" lon="6.102948188781738">
        <ele>376.91</ele>
      </trkpt>
      <trkpt lat="48.65471363067627" lon="6.1029052734375">
        <ele>376.76</ele>
      </trkpt>
      <trkpt lat="48.65453124046326" lon="6.102958833798766">
        <ele>376.62</ele>
      </trkpt>
      <trkpt lat="48.654348850250244" lon="6.103012561798096">
        <ele>376.45</ele>
      </trkpt>
      <trkpt lat="48.654091442003846" lon="6.1029052734375">
        <ele>376.33</ele>
      </trkpt>
      <trkpt lat="48.65394115447998" lon="6.102991104125977">
        <ele>376.17</ele>
      </trkpt>
      <trkpt lat="48.653876865282655" lon="6.103119850158691">
        <ele>375.98</ele>
      </trkpt>
      <trkpt lat="48.653640830889344" lon="6.103334426879883">
        <ele>375.79</ele>
      </trkpt>
      <trkpt lat="48.65346916951239" lon="6.103506088256836">
        <ele>375.66</ele>
      </trkpt>
      <trkpt lat="48.65322567522526" lon="6.103778081014752">
        <ele>375.53</ele>
      </trkpt>
      <trkpt lat="48.652982264757156" lon="6.104050073772669">
        <ele>375.42</ele>
      </trkpt>
      <trkpt lat="48.65273952484131" lon="6.104321479797363">
        <ele>375.33</ele>
      </trkpt>
      <trkpt lat="48.6524998024106" lon="6.104503870010376">
        <ele>375.32</ele>
      </trkpt>
      <trkpt lat="48.6522600799799" lon="6.10468634404242">
        <ele>375.34</ele>
      </trkpt>
      <trkpt lat="48.65202044136822" lon="6.104868818074465">
        <ele>375.31</ele>
      </trkpt>
      <trkpt lat="48.651780718937516" lon="6.105051292106509">
        <ele>375.45</ele>
      </trkpt>
      <trkpt lat="48.65154108032584" lon="6.105233766138554">
        <ele>375.65</ele>
      </trkpt>
      <trkpt lat="48.65130194462836" lon="6.1054158210754395">
        <ele>375.87</ele>
      </trkpt>
      <trkpt lat="48.651301860809326" lon="6.1054158210754395">
        <ele>376.12</ele>
      </trkpt>
      <trkpt lat="48.65108711645007" lon="6.105630481615663">
        <ele>376.37</ele>
      </trkpt>
      <trkpt lat="48.65087270736694" lon="6.105844974517822">
        <ele>376.63</ele>
      </trkpt>
      <trkpt lat="48.65067958831787" lon="6.105995178222656">
        <ele>377.02</ele>
      </trkpt>
      <trkpt lat="48.650472136214375" lon="6.106095258146524">
        <ele>377.55</ele>
      </trkpt>
      <trkpt lat="48.65026468411088" lon="6.106195421889424">
        <ele>378.12</ele>
      </trkpt>
      <trkpt lat="48.650057315826416" lon="6.106295585632324">
        <ele>378.71</ele>
      </trkpt>
      <trkpt lat="48.64984977990389" lon="6.106474455446005">
        <ele>379.28</ele>
      </trkpt>
      <trkpt lat="48.64964224398136" lon="6.1066533252596855">
        <ele>379.91</ele>
      </trkpt>
      <trkpt lat="48.64943512715399" lon="6.106832027435303">
        <ele>380.6</ele>
      </trkpt>
      <trkpt lat="48.64916673861444" lon="6.107068145647645">
        <ele>381.33</ele>
      </trkpt>
      <trkpt lat="48.648898685351014" lon="6.107304096221924">
        <ele>382.07</ele>
      </trkpt>
      <trkpt lat="48.64889860153198" lon="6.107304096221924">
        <ele>382.67</ele>
      </trkpt>
      <trkpt lat="48.64865167066455" lon="6.107518756762147">
        <ele>383.38</ele>
      </trkpt>
      <trkpt lat="48.64840507507324" lon="6.107733249664307">
        <ele>384.04</ele>
      </trkpt>
      <trkpt lat="48.64827632904053" lon="6.107797622680664">
        <ele>384.58</ele>
      </trkpt>
      <trkpt lat="48.64798665046692" lon="6.107872640714049">
        <ele>385.06</ele>
      </trkpt>
      <trkpt lat="48.64769697189331" lon="6.107947826385498">
        <ele>385.54</ele>
      </trkpt>
      <trkpt lat="48.647432355210185" lon="6.107976408675313">
        <ele>385.9</ele>
      </trkpt>
      <trkpt lat="48.64716773852706" lon="6.108004990965128">
        <ele>386.16</ele>
      </trkpt>
      <trkpt lat="48.6469030380249" lon="6.108033657073975">
        <ele>386.33</ele>
      </trkpt>
      <trkpt lat="48.64672064781189" lon="6.10814094543457">
        <ele>386.36</ele>
      </trkpt>
      <trkpt lat="48.64653834141791" lon="6.108248233795166">
        <ele>386.22</ele>
      </trkpt>
      <trkpt lat="48.64653825759888" lon="6.108248233795166">
        <ele>386.17</ele>
      </trkpt>
      <trkpt lat="48.646323597058654" lon="6.1084056459367275">
        <ele>385.91</ele>
      </trkpt>
      <trkpt lat="48.64610893651843" lon="6.108563058078289">
        <ele>385.64</ele>
      </trkpt>
      <trkpt lat="48.6458945274353" lon="6.108720302581787">
        <ele>385.37</ele>
      </trkpt>
      <trkpt lat="48.64572278223932" lon="6.108806133270264">
        <ele>385.2</ele>
      </trkpt>
      <trkpt lat="48.6455512046814" lon="6.10889196395874">
        <ele>385.03</ele>
      </trkpt>
      <trkpt lat="48.645315170288086" lon="6.1090850830078125">
        <ele>384.93</ele>
      </trkpt>
      <trkpt lat="48.64514350891113" lon="6.109278202056885">
        <ele>384.76</ele>
      </trkpt>
      <trkpt lat="48.645057678222656" lon="6.109492778778076">
        <ele>384.53</ele>
      </trkpt>
      <trkpt lat="48.64501476287842" lon="6.109728813171387">
        <ele>384.32</ele>
      </trkpt>
      <trkpt lat="48.644997496157885" lon="6.110146148130298">
        <ele>384.14</ele>
      </trkpt>
      <trkpt lat="48.64498031325638" lon="6.11056356690824">
        <ele>383.96</ele>
      </trkpt>
      <trkpt lat="48.64496313035488" lon="6.110980985686183">
        <ele>383.7</ele>
      </trkpt>
      <trkpt lat="48.64494586363435" lon="6.111398404464126">
        <ele>383.51</ele>
      </trkpt>
      <trkpt lat="48.64492893218994" lon="6.111810207366943">
        <ele>383.38</ele>
      </trkpt>
      <trkpt lat="48.64495038986206" lon="6.112100640311837">
        <ele>383.37</ele>
      </trkpt>
      <trkpt lat="48.64497184753418" lon="6.11238956451416">
        <ele>383.34</ele>
      </trkpt>
      <trkpt lat="48.64497184753418" lon="6.112791141495109">
        <ele>383.38</ele>
      </trkpt>
      <trkpt lat="48.64497184753418" lon="6.113192802295089">
        <ele>383.5</ele>
      </trkpt>
      <trkpt lat="48.64497184753418" lon="6.113591194152832">
        <ele>383.61</ele>
      </trkpt>
      <trkpt lat="48.64492893218994" lon="6.113870143890381">
        <ele>383.66</ele>
      </trkpt>
      <trkpt lat="48.64480018615723" lon="6.114192008972168">
        <ele>383.76</ele>
      </trkpt>
      <trkpt lat="48.64467144012451" lon="6.114320755004883">
        <ele>383.78</ele>
      </trkpt>
      <trkpt lat="48.64475727081299" lon="6.114535331726074">
        <ele>383.76</ele>
      </trkpt>
      <trkpt lat="48.64490747451782" lon="6.114706993103027">
        <ele>383.78</ele>
      </trkpt>
      <trkpt lat="48.6450363881886" lon="6.114997174590826">
        <ele>383.79</ele>
      </trkpt>
      <trkpt lat="48.64516496658325" lon="6.115286350250244">
        <ele>383.62</ele>
      </trkpt>
      <trkpt lat="48.64529388025403" lon="6.11551190726459">
        <ele>383.34</ele>
      </trkpt>
      <trkpt lat="48.64542245864868" lon="6.115736961364746">
        <ele>382.94</ele>
      </trkpt>
      <trkpt lat="48.64560510031879" lon="6.116080787032843">
        <ele>382.35</ele>
      </trkpt>
      <trkpt lat="48.64578723907471" lon="6.116423606872559">
        <ele>381.63</ele>
      </trkpt>
      <trkpt lat="48.645851695910096" lon="6.11663818359375">
        <ele>380.9</ele>
      </trkpt>
      <trkpt lat="48.645851612091064" lon="6.11663818359375">
        <ele>380.1</ele>
      </trkpt>
      <trkpt lat="48.64598035812378" lon="6.116960048675537">
        <ele>379.13</ele>
      </trkpt>
      <trkpt lat="48.64610935561359" lon="6.117228688672185">
        <ele>378.04</ele>
      </trkpt>
      <trkpt lat="48.64623793400824" lon="6.117496490478516">
        <ele>376.88</ele>
      </trkpt>
      <trkpt lat="48.646345138549805" lon="6.117689609527588">
        <ele>375.67</ele>
      </trkpt>
      <trkpt lat="48.646537670865655" lon="6.117872502654791">
        <ele>374.35</ele>
      </trkpt>
      <trkpt lat="48.64673003554344" lon="6.11805522814393">
        <ele>373.01</ele>
      </trkpt>
      <trkpt lat="48.64677429199219" lon="6.118097305297852">
        <ele>371.77</ele>
      </trkpt>
      <trkpt lat="48.647020971402526" lon="6.118161594495177">
        <ele>370.33</ele>
      </trkpt>
      <trkpt lat="48.64726781845093" lon="6.118226051330566">
        <ele>368.95</ele>
      </trkpt>
      <trkpt lat="48.647439647465944" lon="6.118448004126549">
        <ele>367.7</ele>
      </trkpt>
      <trkpt lat="48.64761147648096" lon="6.118669956922531">
        <ele>366.48</ele>
      </trkpt>
      <trkpt lat="48.64778280258179" lon="6.11889123916626">
        <ele>365.31</ele>
      </trkpt>
      <trkpt lat="48.647933257743716" lon="6.119202878326178">
        <ele>364.16</ele>
      </trkpt>
      <trkpt lat="48.648083209991455" lon="6.119513511657715">
        <ele>363.04</ele>
      </trkpt>
      <trkpt lat="48.64823358133435" lon="6.119760610163212">
        <ele>362.08</ele>
      </trkpt>
      <trkpt lat="48.648383701220155" lon="6.120007038116455">
        <ele>361.25</ele>
      </trkpt>
      <trkpt lat="48.64851236343384" lon="6.1202216148376465">
        <ele>360.52</ele>
      </trkpt>
      <trkpt lat="48.64873783662915" lon="6.1205008160322905">
        <ele>359.79</ele>
      </trkpt>
      <trkpt lat="48.64896297454834" lon="6.120779514312744">
        <ele>359.07</ele>
      </trkpt>
      <trkpt lat="48.64905970171094" lon="6.121015967801213">
        <ele>358.38</ele>
      </trkpt>
      <trkpt lat="48.64915609359741" lon="6.121251583099365">
        <ele>357.76</ele>
      </trkpt>
      <trkpt lat="48.64934946410358" lon="6.121616866439581">
        <ele>357.18</ele>
      </trkpt>
      <trkpt lat="48.64954233169556" lon="6.121981143951416">
        <ele>356.7</ele>
      </trkpt>
      <trkpt lat="48.64971407689154" lon="6.122152889147401">
        <ele>356.14</ele>
      </trkpt>
      <trkpt lat="48.649885738268495" lon="6.122324466705322">
        <ele>355.57</ele>
      </trkpt>
      <trkpt lat="48.6500789411366" lon="6.122506940737367">
        <ele>354.93</ele>
      </trkpt>
      <trkpt lat="48.65027197636664" lon="6.122689247131348">
        <ele>354.15</ele>
      </trkpt>
      <trkpt lat="48.6504759080708" lon="6.122871721163392">
        <ele>353.33</ele>
      </trkpt>
      <trkpt lat="48.650679839774966" lon="6.1230541951954365">
        <ele>352.56</ele>
      </trkpt>
      <trkpt lat="48.65088377147913" lon="6.123236669227481">
        <ele>351.87</ele>
      </trkpt>
      <trkpt lat="48.651087284088135" lon="6.123418807983398">
        <ele>351.28</ele>
      </trkpt>
      <trkpt lat="48.65131912752986" lon="6.123663559556007">
        <ele>350.77</ele>
      </trkpt>
      <trkpt lat="48.651551054790616" lon="6.123908394947648">
        <ele>350.19</ele>
      </trkpt>
      <trkpt lat="48.65178298205137" lon="6.124153146520257">
        <ele>349.53</ele>
      </trkpt>
      <trkpt lat="48.65201490931213" lon="6.124397981911898">
        <ele>348.88</ele>
      </trkpt>
      <trkpt lat="48.65224599838257" lon="6.1246418952941895">
        <ele>348.43</ele>
      </trkpt>
      <trkpt lat="48.652407014742494" lon="6.124802911654115">
        <ele>347.96</ele>
      </trkpt>
      <trkpt lat="48.652567863464355" lon="6.124963760375977">
        <ele>347.49</ele>
      </trkpt>
      <trkpt lat="48.65281102247536" lon="6.1251139640808105">
        <ele>347.0</ele>
      </trkpt>
      <trkpt lat="48.6530542653054" lon="6.1252641677856445">
        <ele>346.62</ele>
      </trkpt>
      <trkpt lat="48.653297424316406" lon="6.1254143714904785">
        <ele>346.25</ele>
      </trkpt>
      <trkpt lat="48.653565561398864" lon="6.125467931851745">
        <ele>345.96</ele>
      </trkpt>
      <trkpt lat="48.653833866119385" lon="6.125521659851074">
        <ele>345.72</ele>
      </trkpt>
      <trkpt lat="48.6541127320379" lon="6.125478744506836">
        <ele>345.53</ele>
      </trkpt>
      <trkpt lat="48.65439176559448" lon="6.125435829162598">
        <ele>345.42</ele>
      </trkpt>
      <trkpt lat="48.654552614316344" lon="6.1253821849823">
        <ele>345.38</ele>
      </trkpt>
      <trkpt lat="48.65471363067627" lon="6.125328540802002">
        <ele>345.34</ele>
      </trkpt>
      <trkpt lat="48.654799461364746" lon="6.1254143714904785">
        <ele>345.4</ele>
      </trkpt>
      <trkpt lat="48.654928375035524" lon="6.125693740323186">
        <ele>345.6</ele>
      </trkpt>
      <trkpt lat="48.655056953430176" lon="6.125972270965576">
        <ele>345.8</ele>
      </trkpt>
      <trkpt lat="48.65516424179077" lon="6.12612247467041">
        <ele>346.03</ele>
      </trkpt>
      <trkpt lat="48.65537412464619" lon="6.126227416098118">
        <ele>346.3</ele>
      </trkpt>
      <trkpt lat="48.655584091320634" lon="6.1263323575258255">
        <ele>346.65</ele>
      </trkpt>
      <trkpt lat="48.65537412464619" lon="6.126227332279086">
        <ele>347.01</ele>
      </trkpt>
      <trkpt lat="48.65516424179077" lon="6.12612247467041">
        <ele>346.03</ele>
      </trkpt>
      <trkpt lat="48.655056953430176" lon="6.125972270965576">
        <ele>345.8</ele>
      </trkpt>
      <trkpt lat="48.654927955940366" lon="6.125692818313837">
        <ele>348.46</ele>
      </trkpt>
      <trkpt lat="48.654799461364746" lon="6.1254143714904785">
        <ele>345.4</ele>
      </trkpt>
      <trkpt lat="48.65471363067627" lon="6.125328540802002">
        <ele>345.34</ele>
      </trkpt>
      <trkpt lat="48.6544132232666" lon="6.125253438949585">
        <ele>350.33</ele>
      </trkpt>
      <trkpt lat="48.654112815856934" lon="6.125178337097168">
        <ele>351.09</ele>
      </trkpt>
      <trkpt lat="48.653812408447266" lon="6.125071048736572">
        <ele>351.97</ele>
      </trkpt>
      <trkpt lat="48.653597831726074" lon="6.124856472015381">
        <ele>352.88</ele>
      </trkpt>
      <trkpt lat="48.653390211984515" lon="6.124613061547279">
        <ele>353.76</ele>
      </trkpt>
      <trkpt lat="48.653182592242956" lon="6.124369651079178">
        <ele>354.59</ele>
      </trkpt>
      <trkpt lat="48.65297555923462" lon="6.12412691116333">
        <ele>355.45</ele>
      </trkpt>
      <trkpt lat="48.65284656174481" lon="6.123879728838801">
        <ele>356.34</ele>
      </trkpt>
      <trkpt lat="48.65271806716919" lon="6.12363338470459">
        <ele>357.22</ele>
      </trkpt>
      <trkpt lat="48.65263198502362" lon="6.123242536559701">
        <ele>358.05</ele>
      </trkpt>
      <trkpt lat="48.65254598669708" lon="6.122851772233844">
        <ele>358.76</ele>
      </trkpt>
      <trkpt lat="48.652459904551506" lon="6.122461007907987">
        <ele>359.38</ele>
      </trkpt>
      <trkpt lat="48.652373906224966" lon="6.1220702435821295">
        <ele>360.01</ele>
      </trkpt>
      <trkpt lat="48.652287824079394" lon="6.121679479256272">
        <ele>360.61</ele>
      </trkpt>
      <trkpt lat="48.65220308303833" lon="6.1212944984436035">
        <ele>361.07</ele>
      </trkpt>
      <trkpt lat="48.65220316685736" lon="6.1212944984436035">
        <ele>361.34</ele>
      </trkpt>
      <trkpt lat="48.65237935446203" lon="6.120946314185858">
        <ele>361.57</ele>
      </trkpt>
      <trkpt lat="48.652555625885725" lon="6.120598129928112">
        <ele>361.6</ele>
      </trkpt>
      <trkpt lat="48.65273181349039" lon="6.120249945670366">
        <ele>361.43</ele>
      </trkpt>
      <trkpt lat="48.65290808491409" lon="6.1199017614126205">
        <ele>361.18</ele>
      </trkpt>
      <trkpt lat="48.65308293141425" lon="6.119556427001953">
        <ele>360.81</ele>
      </trkpt>
      <trkpt lat="48.65308293141425" lon="6.119513511657715">
        <ele>360.43</ele>
      </trkpt>
      <trkpt lat="48.65330304019153" lon="6.1197819001972675">
        <ele>359.97</ele>
      </trkpt>
      <trkpt lat="48.653523148968816" lon="6.120050372555852">
        <ele>359.41</ele>
      </trkpt>
      <trkpt lat="48.6537432577461" lon="6.120318844914436">
        <ele>358.78</ele>
      </trkpt>
      <trkpt lat="48.6539626121521" lon="6.120586395263672">
        <ele>358.13</ele>
      </trkpt>
      <trkpt lat="48.65421297959983" lon="6.120729390531778">
        <ele>357.34</ele>
      </trkpt>
      <trkpt lat="48.65446334704757" lon="6.1208724696189165">
        <ele>356.42</ele>
      </trkpt>
      <trkpt lat="48.65471363067627" lon="6.121015548706055">
        <ele>355.4</ele>
      </trkpt>
      <trkpt lat="48.654923010617495" lon="6.121251750737429">
        <ele>354.34</ele>
      </trkpt>
      <trkpt lat="48.65513239055872" lon="6.121487952768803">
        <ele>353.31</ele>
      </trkpt>
      <trkpt lat="48.655341770499945" lon="6.121724238619208">
        <ele>352.27</ele>
      </trkpt>
      <trkpt lat="48.655550479888916" lon="6.121959686279297">
        <ele>351.03</ele>
      </trkpt>
      <trkpt lat="48.65561485290527" lon="6.122002601623535">
        <ele>349.9</ele>
      </trkpt>
      <trkpt lat="48.65570068359375" lon="6.121916770935059">
        <ele>348.78</ele>
      </trkpt>
      <trkpt lat="48.65589380264282" lon="6.121938228607178">
        <ele>347.56</ele>
      </trkpt>
      <trkpt lat="48.65606554783881" lon="6.121938228607178">
        <ele>346.56</ele>
      </trkpt>
      <trkpt lat="48.65623712539673" lon="6.121938228607178">
        <ele>345.68</ele>
      </trkpt>
      <trkpt lat="48.65649461746216" lon="6.12187385559082">
        <ele>344.92</ele>
      </trkpt>
      <trkpt lat="48.656623447313905" lon="6.121573448181152">
        <ele>344.11</ele>
      </trkpt>
      <trkpt lat="48.65662336349487" lon="6.121573448181152">
        <ele>343.46</ele>
      </trkpt>
      <trkpt lat="48.65664482116699" lon="6.121282931417227">
        <ele>342.84</ele>
      </trkpt>
      <trkpt lat="48.65666627883911" lon="6.1209940910339355">
        <ele>342.33</ele>
      </trkpt>
      <trkpt lat="48.65664482116699" lon="6.12088680267334">
        <ele>341.96</ele>
      </trkpt>
      <trkpt lat="48.65666627883911" lon="6.120758056640625">
        <ele>341.69</ele>
      </trkpt>
      <trkpt lat="48.656795024871826" lon="6.120822429656982">
        <ele>341.53</ele>
      </trkpt>
      <trkpt lat="48.65690231323242" lon="6.120822429656982">
        <ele>341.46</ele>
      </trkpt>
      <trkpt lat="48.65694522857666" lon="6.120951175689697">
        <ele>341.55</ele>
      </trkpt>
      <trkpt lat="48.657052516937256" lon="6.121079921722412">
        <ele>341.78</ele>
      </trkpt>
      <trkpt lat="48.65713834762573" lon="6.12088680267334">
        <ele>341.99</ele>
      </trkpt>
      <trkpt lat="48.65718126296997" lon="6.120951175689697">
        <ele>342.37</ele>
      </trkpt>
      <trkpt lat="48.65707372315228" lon="6.121219899505377">
        <ele>342.84</ele>
      </trkpt>
      <trkpt lat="48.65696668624878" lon="6.121487617492676">
        <ele>343.38</ele>
      </trkpt>
      <trkpt lat="48.65685914643109" lon="6.121795820072293">
        <ele>344.01</ele>
      </trkpt>
      <trkpt lat="48.6567516066134" lon="6.122104022651911">
        <ele>344.75</ele>
      </trkpt>
      <trkpt lat="48.65664482116699" lon="6.122410297393799">
        <ele>345.5</ele>
      </trkpt>
      <trkpt lat="48.65658028051257" lon="6.122689917683601">
        <ele>346.23</ele>
      </trkpt>
      <trkpt lat="48.65651607513428" lon="6.1229681968688965">
        <ele>347.0</ele>
      </trkpt>
      <trkpt lat="48.65645865909755" lon="6.123305149376392">
        <ele>347.79</ele>
      </trkpt>
      <trkpt lat="48.65640132687986" lon="6.12364218570292">
        <ele>348.65</ele>
      </trkpt>
      <trkpt lat="48.656344413757324" lon="6.123976707458496">
        <ele>349.63</ele>
      </trkpt>
      <trkpt lat="48.65632287226617" lon="6.124385492876172">
        <ele>350.66</ele>
      </trkpt>
      <trkpt lat="48.656301498413086" lon="6.124792098999023">
        <ele>351.78</ele>
      </trkpt>
      <trkpt lat="48.65628004074097" lon="6.125242710113525">
        <ele>352.82</ele>
      </trkpt>
      <trkpt lat="48.656322956085205" lon="6.125671863555908">
        <ele>353.88</ele>
      </trkpt>
      <trkpt lat="48.656355226412416" lon="6.126026837155223">
        <ele>354.93</ele>
      </trkpt>
      <trkpt lat="48.656387412920594" lon="6.12637996673584">
        <ele>355.94</ele>
      </trkpt>
      <trkpt lat="48.65641607902944" lon="6.126702670007944">
        <ele>356.91</ele>
      </trkpt>
      <trkpt lat="48.65644474513829" lon="6.127025373280048">
        <ele>357.92</ele>
      </trkpt>
      <trkpt lat="48.65647324360907" lon="6.127345561981201">
        <ele>358.89</ele>
      </trkpt>
      <trkpt lat="48.65649470128119" lon="6.127582183107734">
        <ele>359.8</ele>
      </trkpt>
      <trkpt lat="48.65651607513428" lon="6.127817630767822">
        <ele>360.67</ele>
      </trkpt>
      <trkpt lat="48.65654834546149" lon="6.128280144184828">
        <ele>361.49</ele>
      </trkpt>
      <trkpt lat="48.65658053196967" lon="6.128740310668945">
        <ele>362.3</ele>
      </trkpt>
      <trkpt lat="48.656644904986024" lon="6.128718852996826">
        <ele>363.11</ele>
      </trkpt>
      <trkpt lat="48.65666627883911" lon="6.128740310668945">
        <ele>363.85</ele>
      </trkpt>
      <trkpt lat="48.65675210952759" lon="6.128804683685303">
        <ele>364.58</ele>
      </trkpt>
      <trkpt lat="48.657052433118224" lon="6.128723127767444">
        <ele>365.22</ele>
      </trkpt>
      <trkpt lat="48.65735284052789" lon="6.128641571849585">
        <ele>365.84</ele>
      </trkpt>
      <trkpt lat="48.65765324793756" lon="6.1285600159317255">
        <ele>366.5</ele>
      </trkpt>
      <trkpt lat="48.65795365534723" lon="6.128478543832898">
        <ele>367.1</ele>
      </trkpt>
      <trkpt lat="48.65825423039496" lon="6.128396987915039">
        <ele>367.66</ele>
      </trkpt>
      <trkpt lat="48.65842580795288" lon="6.128354072570801">
        <ele>368.2</ele>
      </trkpt>
      <trkpt lat="48.65862957201898" lon="6.128354072570801">
        <ele>368.78</ele>
      </trkpt>
      <trkpt lat="48.658833503723145" lon="6.128354072570801">
        <ele>369.32</ele>
      </trkpt>
      <trkpt lat="48.659105245023966" lon="6.128429090604186">
        <ele>369.85</ele>
      </trkpt>
      <trkpt lat="48.65937698632479" lon="6.128504192456603">
        <ele>370.27</ele>
      </trkpt>
      <trkpt lat="48.65964872762561" lon="6.12857929430902">
        <ele>370.54</ele>
      </trkpt>
      <trkpt lat="48.65992055274546" lon="6.128654396161437">
        <ele>370.77</ele>
      </trkpt>
      <trkpt lat="48.66019229404628" lon="6.128729498013854">
        <ele>370.99</ele>
      </trkpt>
      <trkpt lat="48.6604642868042" lon="6.128804683685303">
        <ele>371.16</ele>
      </trkpt>
      <trkpt lat="48.66046437062323" lon="6.128890514373779">
        <ele>371.2</ele>
      </trkpt>
      <trkpt lat="48.660550117492676" lon="6.128911972045898">
        <ele>371.2</ele>
      </trkpt>
      <trkpt lat="48.66070032119751" lon="6.128997802734375">
        <ele>371.09</ele>
      </trkpt>
      <trkpt lat="48.66070032119751" lon="6.129019260406494">
        <ele>370.94</ele>
      </trkpt>
      <trkpt lat="48.66070040501654" lon="6.129019260406494">
        <ele>370.73</ele>
      </trkpt>
      <trkpt lat="48.66076469421387" lon="6.129040718078613">
        <ele>370.44</ele>
      </trkpt>
      <trkpt lat="48.66078623570502" lon="6.129083633422852">
        <ele>370.09</ele>
      </trkpt>
      <trkpt lat="48.660829067230225" lon="6.129148006439209">
        <ele>369.67</ele>
      </trkpt>
      <trkpt lat="48.66097591817379" lon="6.129499124363065">
        <ele>369.17</ele>
      </trkpt>
      <trkpt lat="48.66112285293639" lon="6.1298502422869205">
        <ele>368.66</ele>
      </trkpt>
      <trkpt lat="48.66126970387995" lon="6.130201360210776">
        <ele>368.06</ele>
      </trkpt>
      <trkpt lat="48.66141663864255" lon="6.130552478134632">
        <ele>367.44</ele>
      </trkpt>
      <trkpt lat="48.66156357340515" lon="6.130903596058488">
        <ele>366.73</ele>
      </trkpt>
      <trkpt lat="48.66170883178711" lon="6.131250858306885">
        <ele>365.97</ele>
      </trkpt>
      <trkpt lat="48.66181628778577" lon="6.131454957649112">
        <ele>365.26</ele>
      </trkpt>
      <trkpt lat="48.6619234085083" lon="6.131658554077148">
        <ele>364.52</ele>
      </trkpt>
      <trkpt lat="48.66209523752332" lon="6.13190196454525">
        <ele>363.74</ele>
      </trkpt>
      <trkpt lat="48.662267066538334" lon="6.132145458832383">
        <ele>362.94</ele>
      </trkpt>
      <trkpt lat="48.66243839263916" lon="6.132388114929199">
        <ele>362.14</ele>
      </trkpt>
      <trkpt lat="48.662642408162355" lon="6.1321518290787935">
        <ele>361.35</ele>
      </trkpt>
      <trkpt lat="48.662846088409424" lon="6.131916046142578">
        <ele>360.58</ele>
      </trkpt>
      <trkpt lat="48.663060665130615" lon="6.131594181060791">
        <ele>359.92</ele>
      </trkpt>
      <trkpt lat="48.66314649581909" lon="6.131851673126221">
        <ele>359.15</ele>
      </trkpt>
      <trkpt lat="48.66336107254028" lon="6.131894588470459">
        <ele>358.45</ele>
      </trkpt>
      <trkpt lat="48.663586461916566" lon="6.1320555210113525">
        <ele>357.69</ele>
      </trkpt>
      <trkpt lat="48.66381176747382" lon="6.132216453552246">
        <ele>357.0</ele>
      </trkpt>
      <trkpt lat="48.66402626037598" lon="6.132248556241393">
        <ele>356.34</ele>
      </trkpt>
      <trkpt lat="48.66424083709717" lon="6.1322808265686035">
        <ele>355.72</ele>
      </trkpt>
      <trkpt lat="48.66451987065375" lon="6.132173538208008">
        <ele>355.19</ele>
      </trkpt>
      <trkpt lat="48.66476663388312" lon="6.132023250684142">
        <ele>354.73</ele>
      </trkpt>
      <trkpt lat="48.66501339711249" lon="6.13187313079834">
        <ele>354.34</ele>
      </trkpt>
      <trkpt lat="48.66522789001465" lon="6.131948148831725">
        <ele>353.89</ele>
      </trkpt>
      <trkpt lat="48.66544246673584" lon="6.132023334503174">
        <ele>353.5</ele>
      </trkpt>
      <trkpt lat="48.66571429185569" lon="6.1321592051535845">
        <ele>353.13</ele>
      </trkpt>
      <trkpt lat="48.665986116975546" lon="6.132295075803995">
        <ele>352.75</ele>
      </trkpt>
      <trkpt lat="48.6662579420954" lon="6.1324310302734375">
        <ele>352.47</ele>
      </trkpt>
      <trkpt lat="48.66648668423295" lon="6.132402364164591">
        <ele>352.38</ele>
      </trkpt>
      <trkpt lat="48.66671551018953" lon="6.132373781874776">
        <ele>352.36</ele>
      </trkpt>
      <trkpt lat="48.66694450378418" lon="6.132345199584961">
        <ele>352.31</ele>
      </trkpt>
      <trkpt lat="48.66722353734076" lon="6.1322808265686035">
        <ele>352.38</ele>
      </trkpt>
      <trkpt lat="48.66732026450336" lon="6.131979748606682">
        <ele>352.71</ele>
      </trkpt>
      <trkpt lat="48.6674165725708" lon="6.131680011749268">
        <ele>353.0</ele>
      </trkpt>
      <trkpt lat="48.66743803024292" lon="6.131422519683838">
        <ele>353.32</ele>
      </trkpt>
      <trkpt lat="48.66743811406195" lon="6.1310577392578125">
        <ele>353.67</ele>
      </trkpt>
      <trkpt lat="48.66743803024292" lon="6.130778789520264">
        <ele>354.03</ele>
      </trkpt>
      <trkpt lat="48.66745948791504" lon="6.130456924438477">
        <ele>354.44</ele>
      </trkpt>
      <trkpt lat="48.66745957173407" lon="6.130456924438477">
        <ele>354.8</ele>
      </trkpt>
      <trkpt lat="48.66745948791504" lon="6.130285430699587">
        <ele>355.25</ele>
      </trkpt>
      <trkpt lat="48.66745957173407" lon="6.130456924438477">
        <ele>354.8</ele>
      </trkpt>
      <trkpt lat="48.66745948791504" lon="6.130456924438477">
        <ele>354.44</ele>
      </trkpt>
      <trkpt lat="48.66743803024292" lon="6.130778789520264">
        <ele>354.03</ele>
      </trkpt>
      <trkpt lat="48.66743803024292" lon="6.1310577392578125">
        <ele>356.61</ele>
      </trkpt>
      <trkpt lat="48.667287826538086" lon="6.1310577392578125">
        <ele>357.0</ele>
      </trkpt>
      <trkpt lat="48.66728791035712" lon="6.1310577392578125">
        <ele>357.38</ele>
      </trkpt>
      <trkpt lat="48.66706704720855" lon="6.1310532130301">
        <ele>357.72</ele>
      </trkpt>
      <trkpt lat="48.66728791035712" lon="6.1310577392578125">
        <ele>357.38</ele>
      </trkpt>
      <trkpt lat="48.667287826538086" lon="6.1310577392578125">
        <ele>357.0</ele>
      </trkpt>
      <trkpt lat="48.66743811406195" lon="6.1310577392578125">
        <ele>353.67</ele>
      </trkpt>
      <trkpt lat="48.66743803024292" lon="6.130778789520264">
        <ele>354.03</ele>
      </trkpt>
      <trkpt lat="48.66745948791504" lon="6.130456924438477">
        <ele>354.44</ele>
      </trkpt>
      <trkpt lat="48.667566776275635" lon="6.130306720733643">
        <ele>359.69</ele>
      </trkpt>
      <trkpt lat="48.66786408238113" lon="6.130214771255851">
        <ele>359.89</ele>
      </trkpt>
      <trkpt lat="48.668161388486624" lon="6.130122821778059">
        <ele>360.05</ele>
      </trkpt>
      <trkpt lat="48.66845869459212" lon="6.130030872300267">
        <ele>360.15</ele>
      </trkpt>
      <trkpt lat="48.66875600069761" lon="6.129938922822475">
        <ele>360.11</ele>
      </trkpt>
      <trkpt lat="48.66905330680311" lon="6.129846973344684">
        <ele>359.9</ele>
      </trkpt>
      <trkpt lat="48.6693506129086" lon="6.129755023866892">
        <ele>359.66</ele>
      </trkpt>
      <trkpt lat="48.669647919014096" lon="6.1296630743891">
        <ele>359.34</ele>
      </trkpt>
      <trkpt lat="48.66994522511959" lon="6.129571124911308">
        <ele>358.98</ele>
      </trkpt>
      <trkpt lat="48.67024261504412" lon="6.1294791754335165">
        <ele>358.66</ele>
      </trkpt>
      <trkpt lat="48.67053992114961" lon="6.129387225955725">
        <ele>358.26</ele>
      </trkpt>
      <trkpt lat="48.670837227255106" lon="6.129295276477933">
        <ele>357.75</ele>
      </trkpt>
      <trkpt lat="48.6711345333606" lon="6.129203327000141">
        <ele>357.14</ele>
      </trkpt>
      <trkpt lat="48.671431839466095" lon="6.129111377522349">
        <ele>356.44</ele>
      </trkpt>
      <trkpt lat="48.67172956466675" lon="6.129019260406494">
        <ele>355.78</ele>
      </trkpt>
      <trkpt lat="48.67172964848578" lon="6.129019260406494">
        <ele>355.23</ele>
      </trkpt>
      <trkpt lat="48.67202636785805" lon="6.128929825499654">
        <ele>354.6</ele>
      </trkpt>
      <trkpt lat="48.67232317104936" lon="6.1288403905928135">
        <ele>354.05</ele>
      </trkpt>
      <trkpt lat="48.67261997424066" lon="6.128751039505005">
        <ele>353.61</ele>
      </trkpt>
      <trkpt lat="48.672916777431965" lon="6.128661604598165">
        <ele>353.08</ele>
      </trkpt>
      <trkpt lat="48.67321358062327" lon="6.128572253510356">
        <ele>352.55</ele>
      </trkpt>
      <trkpt lat="48.67351063527167" lon="6.128482818603516">
        <ele>352.13</ele>
      </trkpt>
      <trkpt lat="48.67370367050171" lon="6.128418445587158">
        <ele>351.85</ele>
      </trkpt>
      <trkpt lat="48.673986811190844" lon="6.128328256309032">
        <ele>351.59</ele>
      </trkpt>
      <trkpt lat="48.67427003569901" lon="6.128238150849938">
        <ele>351.41</ele>
      </trkpt>
      <trkpt lat="48.674553260207176" lon="6.128148045390844">
        <ele>351.31</ele>
      </trkpt>
      <trkpt lat="48.67483648471534" lon="6.12805793993175">
        <ele>351.22</ele>
      </trkpt>
      <trkpt lat="48.67511987686157" lon="6.127967834472656">
        <ele>351.18</ele>
      </trkpt>
      <trkpt lat="48.67536664009094" lon="6.127903461456299">
        <ele>351.14</ele>
      </trkpt>
      <trkpt lat="48.675613487139344" lon="6.127839088439941">
        <ele>351.17</ele>
      </trkpt>
      <trkpt lat="48.67591381072998" lon="6.127747055143118">
        <ele>351.3</ele>
      </trkpt>
      <trkpt lat="48.67621421813965" lon="6.127655105665326">
        <ele>351.45</ele>
      </trkpt>
      <trkpt lat="48.676514625549316" lon="6.127563156187534">
        <ele>351.62</ele>
      </trkpt>
      <trkpt lat="48.67681494913995" lon="6.1274712067097425">
        <ele>351.79</ele>
      </trkpt>
      <trkpt lat="48.67711535654962" lon="6.127379257231951">
        <ele>352.02</ele>
      </trkpt>
      <trkpt lat="48.67741576395929" lon="6.127287307754159">
        <ele>352.25</ele>
      </trkpt>
      <trkpt lat="48.67771633900702" lon="6.127195358276367">
        <ele>352.43</ele>
      </trkpt>
      <trkpt lat="48.67802378721535" lon="6.127102319151163">
        <ele>352.63</ele>
      </trkpt>
      <trkpt lat="48.678331319242716" lon="6.127009363844991">
        <ele>352.84</ele>
      </trkpt>
      <trkpt lat="48.67863901890814" lon="6.126916408538818">
        <ele>353.13</ele>
      </trkpt>
      <trkpt lat="48.678889302536845" lon="6.126837702468038">
        <ele>353.33</ele>
      </trkpt>
      <trkpt lat="48.67913958616555" lon="6.126758996397257">
        <ele>353.49</ele>
      </trkpt>
      <trkpt lat="48.67939003743231" lon="6.126680374145508">
        <ele>353.71</ele>
      </trkpt>
      <trkpt lat="48.679561698809266" lon="6.1266374588012695">
        <ele>353.8</ele>
      </trkpt>
      <trkpt lat="48.67984366603196" lon="6.126551628112793">
        <ele>353.93</ele>
      </trkpt>
      <trkpt lat="48.68012563325465" lon="6.126465797424316">
        <ele>353.94</ele>
      </trkpt>
      <trkpt lat="48.68040760047734" lon="6.12637996673584">
        <ele>353.81</ele>
      </trkpt>
      <trkpt lat="48.68068965151906" lon="6.126294136047363">
        <ele>353.6</ele>
      </trkpt>
      <trkpt lat="48.68097161874175" lon="6.126208305358887">
        <ele>353.35</ele>
      </trkpt>
      <trkpt lat="48.68125358596444" lon="6.12612247467041">
        <ele>353.09</ele>
      </trkpt>
      <trkpt lat="48.68153580464423" lon="6.126036643981934">
        <ele>352.8</ele>
      </trkpt>
      <trkpt lat="48.68166446685791" lon="6.125993728637695">
        <ele>352.43</ele>
      </trkpt>
      <trkpt lat="48.68162138387561" lon="6.1258643958717585">
        <ele>352.03</ele>
      </trkpt>
      <trkpt lat="48.68166455067694" lon="6.125993728637695">
        <ele>351.59</ele>
      </trkpt>
      <trkpt lat="48.681814670562744" lon="6.126079559326172">
        <ele>351.08</ele>
      </trkpt>
      <trkpt lat="48.68205087259412" lon="6.126322885975242">
        <ele>350.52</ele>
      </trkpt>
      <trkpt lat="48.68228707462549" lon="6.1265662126243114">
        <ele>349.81</ele>
      </trkpt>
      <trkpt lat="48.682523276656866" lon="6.126809623092413">
        <ele>349.07</ele>
      </trkpt>
      <trkpt lat="48.68275947868824" lon="6.127052949741483">
        <ele>348.24</ele>
      </trkpt>
      <trkpt lat="48.682995764538646" lon="6.1272962763905525">
        <ele>347.42</ele>
      </trkpt>
      <trkpt lat="48.68323096074164" lon="6.127538681030273">
        <ele>346.66</ele>
      </trkpt>
      <trkpt lat="48.68345425464213" lon="6.127770524471998">
        <ele>345.95</ele>
      </trkpt>
      <trkpt lat="48.68367754854262" lon="6.128002451732755">
        <ele>345.2</ele>
      </trkpt>
      <trkpt lat="48.68390084244311" lon="6.128234378993511">
        <ele>344.5</ele>
      </trkpt>
      <trkpt lat="48.6841241363436" lon="6.128466306254268">
        <ele>343.88</ele>
      </trkpt>
      <trkpt lat="48.6843466758728" lon="6.128697395324707">
        <ele>343.26</ele>
      </trkpt>
      <trkpt lat="48.68449696339667" lon="6.128847599029541">
        <ele>342.73</ele>
      </trkpt>
      <trkpt lat="48.68464708328247" lon="6.128954887390137">
        <ele>342.3</ele>
      </trkpt>
      <trkpt lat="48.68464708328247" lon="6.128847599029541">
        <ele>342.11</ele>
      </trkpt>
      <trkpt lat="48.684754371643066" lon="6.128718852996826">
        <ele>341.96</ele>
      </trkpt>
      <trkpt lat="48.68499040603638" lon="6.1285685654729605">
        <ele>341.83</ele>
      </trkpt>
      <trkpt lat="48.68522652424872" lon="6.1284183617681265">
        <ele>341.91</ele>
      </trkpt>
      <trkpt lat="48.68546264246106" lon="6.128268074244261">
        <ele>342.11</ele>
      </trkpt>
      <trkpt lat="48.68569850921631" lon="6.12811803817749">
        <ele>342.39</ele>
      </trkpt>
      <trkpt lat="48.685961281880736" lon="6.128032207489014">
        <ele>342.76</ele>
      </trkpt>
      <trkpt lat="48.686224138364196" lon="6.127946376800537">
        <ele>343.08</ele>
      </trkpt>
      <trkpt lat="48.686486994847655" lon="6.1278605461120605">
        <ele>343.5</ele>
      </trkpt>
      <trkpt lat="48.68674993515015" lon="6.127774715423584">
        <ele>343.92</ele>
      </trkpt>
      <trkpt lat="48.68698596954346" lon="6.127653094008565">
        <ele>344.24</ele>
      </trkpt>
      <trkpt lat="48.6872220877558" lon="6.127531472593546">
        <ele>344.38</ele>
      </trkpt>
      <trkpt lat="48.68745812214911" lon="6.127409934997559">
        <ele>344.38</ele>
      </trkpt>
      <trkpt lat="48.68760824203491" lon="6.12733474932611">
        <ele>344.39</ele>
      </trkpt>
      <trkpt lat="48.687758445739746" lon="6.127259731292725">
        <ele>344.43</ele>
      </trkpt>
      <trkpt lat="48.68786573410034" lon="6.127281188964844">
        <ele>344.45</ele>
      </trkpt>
      <trkpt lat="48.68795156478882" lon="6.127452850341797">
        <ele>344.46</ele>
      </trkpt>
      <trkpt lat="48.68797838687897" lon="6.127867000177503">
        <ele>344.52</ele>
      </trkpt>
      <trkpt lat="48.68800529278815" lon="6.128281150013208">
        <ele>344.62</ele>
      </trkpt>
      <trkpt lat="48.68803219869733" lon="6.128695299848914">
        <ele>344.7</ele>
      </trkpt>
      <trkpt lat="48.688058853149414" lon="6.129105091094971">
        <ele>344.78</ele>
      </trkpt>
      <trkpt lat="48.688273346051574" lon="6.129062175750732">
        <ele>345.44</ele>
      </trkpt>
      <trkpt lat="48.688487922772765" lon="6.129019260406494">
        <ele>346.03</ele>
      </trkpt>
      <trkpt lat="48.68870266713202" lon="6.128976345062256">
        <ele>346.43</ele>
      </trkpt>
      <trkpt lat="48.68870258331299" lon="6.128976345062256">
        <ele>346.61</ele>
      </trkpt>
    </trkseg>
  </trk>
</gpx>
