<?xml version="1.0" encoding="UTF-8"?>
<gpx creator="Garmin Connect" version="1.1"
  xsi:schemaLocation="http://www.topografix.com/GPX/1/1 http://www.topografix.com/GPX/11.xsd"
  xmlns:ns3="http://www.garmin.com/xmlschemas/TrackPointExtension/v1"
  xmlns="http://www.topografix.com/GPX/1/1"
  xmlns:xsi="http://www.w3.org/2001/XMLSchema-instance" xmlns:ns2="http://www.garmin.com/xmlschemas/GpxExtensions/v3">
  <metadata>
    <name>Bospadenpret op de Veluwe</name>
    <link href="connect.garmin.com">
      <text>Garmin Connect</text>
    </link>
    <time>2023-01-07T22:18:09.000Z</time>
  </metadata>
  <trk>
    <name>Bospadenpret op de Veluwe</name>
    <trkseg>
      <trkpt lat="52.03851895406842" lon="5.935793928802013">
        <ele>62.0</ele>
      </trkpt>
      <trkpt lat="52.03853094018996" lon="5.936164995655417">
        <ele>62.0</ele>
      </trkpt>
      <trkpt lat="52.038527922704816" lon="5.93664494343102">
        <ele>62.0</ele>
      </trkpt>
      <trkpt lat="52.0384319499135" lon="5.938050923869014">
        <ele>62.0</ele>
      </trkpt>
      <trkpt lat="52.038460951298475" lon="5.938224932178855">
        <ele>62.0</ele>
      </trkpt>
      <trkpt lat="52.038484923541546" lon="5.938321994617581">
        <ele>61.0</ele>
      </trkpt>
      <trkpt lat="52.03835894353688" lon="5.938414949923754">
        <ele>61.0</ele>
      </trkpt>
      <trkpt lat="52.03833497129381" lon="5.9384329710155725">
        <ele>60.0</ele>
      </trkpt>
      <trkpt lat="52.03795996494591" lon="5.938516957685351">
        <ele>59.0</ele>
      </trkpt>
      <trkpt lat="52.03784798271954" lon="5.938677974045277">
        <ele>58.0</ele>
      </trkpt>
      <trkpt lat="52.03777992166579" lon="5.938683925196528">
        <ele>57.0</ele>
      </trkpt>
      <trkpt lat="52.034871987998486" lon="5.93892096541822">
        <ele>56.0</ele>
      </trkpt>
      <trkpt lat="52.034696973860264" lon="5.938997995108366">
        <ele>55.0</ele>
      </trkpt>
      <trkpt lat="52.0344549883157" lon="5.93905096873641">
        <ele>55.0</ele>
      </trkpt>
      <trkpt lat="52.03442892059684" lon="5.939056919887662">
        <ele>54.0</ele>
      </trkpt>
      <trkpt lat="52.03391091898084" lon="5.939012998715043">
        <ele>54.0</ele>
      </trkpt>
      <trkpt lat="52.03354999423027" lon="5.938918953761458">
        <ele>53.0</ele>
      </trkpt>
      <trkpt lat="52.032037982717156" lon="5.9390269964933395">
        <ele>52.0</ele>
      </trkpt>
      <trkpt lat="52.0318269263953" lon="5.939056919887662">
        <ele>52.0</ele>
      </trkpt>
      <trkpt lat="52.03159298747778" lon="5.939090950414538">
        <ele>52.0</ele>
      </trkpt>
      <trkpt lat="52.031498942524195" lon="5.939144929870963">
        <ele>51.0</ele>
      </trkpt>
      <trkpt lat="52.03144898638129" lon="5.939216930419207">
        <ele>52.0</ele>
      </trkpt>
      <trkpt lat="52.031393917277455" lon="5.939471991732717">
        <ele>52.0</ele>
      </trkpt>
      <trkpt lat="52.03157496638596" lon="5.941166980192065">
        <ele>52.0</ele>
      </trkpt>
      <trkpt lat="52.03155694529414" lon="5.9414139948785305">
        <ele>52.0</ele>
      </trkpt>
      <trkpt lat="52.03061297535896" lon="5.942927934229374">
        <ele>53.0</ele>
      </trkpt>
      <trkpt lat="52.030054992064834" lon="5.943614998832345">
        <ele>53.0</ele>
      </trkpt>
      <trkpt lat="52.03002993017435" lon="5.9438849799335">
        <ele>54.0</ele>
      </trkpt>
      <trkpt lat="52.030036970973015" lon="5.944128977134824">
        <ele>54.0</ele>
      </trkpt>
      <trkpt lat="52.030077958479524" lon="5.9442259557545185">
        <ele>54.0</ele>
      </trkpt>
      <trkpt lat="52.03018197789788" lon="5.944474982097745">
        <ele>54.0</ele>
      </trkpt>
      <trkpt lat="52.03173799440265" lon="5.946813952177763">
        <ele>54.0</ele>
      </trkpt>
      <trkpt lat="52.031864980235696" lon="5.947027942165732">
        <ele>54.0</ele>
      </trkpt>
      <trkpt lat="52.03216999769211" lon="5.947756916284561">
        <ele>54.0</ele>
      </trkpt>
      <trkpt lat="52.0331409573555" lon="5.949116963893175">
        <ele>54.0</ele>
      </trkpt>
      <trkpt lat="52.03412499278784" lon="5.950376931577921">
        <ele>54.0</ele>
      </trkpt>
      <trkpt lat="52.034827983006835" lon="5.9514369908720255">
        <ele>55.0</ele>
      </trkpt>
      <trkpt lat="52.0354169793427" lon="5.952234948053956">
        <ele>55.0</ele>
      </trkpt>
      <trkpt lat="52.03567991964519" lon="5.952523956075311">
        <ele>56.0</ele>
      </trkpt>
      <trkpt lat="52.03615693375468" lon="5.953311938792467">
        <ele>56.0</ele>
      </trkpt>
      <trkpt lat="52.036698991432786" lon="5.9540689922869205">
        <ele>58.0</ele>
      </trkpt>
      <trkpt lat="52.03675095923245" lon="5.954316928982735">
        <ele>59.0</ele>
      </trkpt>
      <trkpt lat="52.03676596283913" lon="5.954616917297244">
        <ele>60.0</ele>
      </trkpt>
      <trkpt lat="52.03670594841242" lon="5.955023942515254">
        <ele>61.0</ele>
      </trkpt>
      <trkpt lat="52.03674995340407" lon="5.95522896386683">
        <ele>63.0</ele>
      </trkpt>
      <trkpt lat="52.03800497576594" lon="5.956775927916169">
        <ele>65.0</ele>
      </trkpt>
      <trkpt lat="52.03827193938196" lon="5.957066947594285">
        <ele>67.0</ele>
      </trkpt>
      <trkpt lat="52.038458939641714" lon="5.957173984497786">
        <ele>69.0</ele>
      </trkpt>
      <trkpt lat="52.03879698179662" lon="5.957519989460707">
        <ele>71.0</ele>
      </trkpt>
      <trkpt lat="52.038847943767905" lon="5.95757195726037">
        <ele>73.0</ele>
      </trkpt>
      <trkpt lat="52.03918095678091" lon="5.958214933052659">
        <ele>76.0</ele>
      </trkpt>
      <trkpt lat="52.03921599313617" lon="5.959188994020224">
        <ele>78.0</ele>
      </trkpt>
      <trkpt lat="52.0392179209739" lon="5.959394937381148">
        <ele>80.0</ele>
      </trkpt>
      <trkpt lat="52.03920492902398" lon="5.959643963724375">
        <ele>83.0</ele>
      </trkpt>
      <trkpt lat="52.03932898119092" lon="5.964242946356535">
        <ele>86.0</ele>
      </trkpt>
      <trkpt lat="52.03952897340059" lon="5.971604939550161">
        <ele>89.0</ele>
      </trkpt>
      <trkpt lat="52.03968797810376" lon="5.976215992122889">
        <ele>91.0</ele>
      </trkpt>
      <trkpt lat="52.039878917858005" lon="5.9823889285326">
        <ele>93.0</ele>
      </trkpt>
      <trkpt lat="52.03997296281159" lon="5.984897967427969">
        <ele>95.0</ele>
      </trkpt>
      <trkpt lat="52.040029959753156" lon="5.987279936671257">
        <ele>97.0</ele>
      </trkpt>
      <trkpt lat="52.03999391756952" lon="5.987532986328006">
        <ele>98.0</ele>
      </trkpt>
      <trkpt lat="52.03997799195349" lon="5.9877509996294975">
        <ele>99.0</ele>
      </trkpt>
      <trkpt lat="52.040050998330116" lon="5.988114941865206">
        <ele>100.0</ele>
      </trkpt>
      <trkpt lat="52.04012299887836" lon="5.988073954358697">
        <ele>101.0</ele>
      </trkpt>
      <trkpt lat="52.04101198352873" lon="5.987667934969068">
        <ele>101.0</ele>
      </trkpt>
      <trkpt lat="52.04153995960951" lon="5.987530974671245">
        <ele>101.0</ele>
      </trkpt>
      <trkpt lat="52.043338967487216" lon="5.986176962032914">
        <ele>100.0</ele>
      </trkpt>
      <trkpt lat="52.043766947463155" lon="5.985783934593201">
        <ele>99.0</ele>
      </trkpt>
      <trkpt lat="52.04416793771088" lon="5.985711934044957">
        <ele>99.0</ele>
      </trkpt>
      <trkpt lat="52.044259971007705" lon="5.985662983730435">
        <ele>98.0</ele>
      </trkpt>
      <trkpt lat="52.044752994552255" lon="5.985221927985549">
        <ele>97.0</ele>
      </trkpt>
      <trkpt lat="52.04642694443464" lon="5.983880991116166">
        <ele>95.0</ele>
      </trkpt>
      <trkpt lat="52.046644957736135" lon="5.98356599919498">
        <ele>94.0</ele>
      </trkpt>
      <trkpt lat="52.046796921640635" lon="5.9832939226180315">
        <ele>92.0</ele>
      </trkpt>
      <trkpt lat="52.04695492051542" lon="5.9829069301486015">
        <ele>91.0</ele>
      </trkpt>
      <trkpt lat="52.04710294492543" lon="5.9824539721012115">
        <ele>90.0</ele>
      </trkpt>
      <trkpt lat="52.047222973778844" lon="5.9822089690715075">
        <ele>89.0</ele>
      </trkpt>
      <trkpt lat="52.04734895378351" lon="5.98204099573195">
        <ele>87.0</ele>
      </trkpt>
      <trkpt lat="52.0475859940052" lon="5.981816947460175">
        <ele>86.0</ele>
      </trkpt>
      <trkpt lat="52.04768599011004" lon="5.981717957183719">
        <ele>85.0</ele>
      </trkpt>
      <trkpt lat="52.04781792126596" lon="5.981681998819113">
        <ele>84.0</ele>
      </trkpt>
      <trkpt lat="52.051459942013025" lon="5.979575961828232">
        <ele>82.0</ele>
      </trkpt>
      <trkpt lat="52.05183796584606" lon="5.979273961856961">
        <ele>81.0</ele>
      </trkpt>
      <trkpt lat="52.05187392421067" lon="5.979260969907045">
        <ele>81.0</ele>
      </trkpt>
      <trkpt lat="52.05208598636091" lon="5.979187963530421">
        <ele>81.0</ele>
      </trkpt>
      <trkpt lat="52.053737975656986" lon="5.978237958624959">
        <ele>81.0</ele>
      </trkpt>
      <trkpt lat="52.05404592677951" lon="5.977988932281733">
        <ele>81.0</ele>
      </trkpt>
      <trkpt lat="52.05441892147064" lon="5.97778894007206">
        <ele>82.0</ele>
      </trkpt>
      <trkpt lat="52.054508943110704" lon="5.977752981707454">
        <ele>83.0</ele>
      </trkpt>
      <trkpt lat="52.05495092086494" lon="5.977770918980241">
        <ele>84.0</ele>
      </trkpt>
      <trkpt lat="52.055844934657216" lon="5.97780897282064">
        <ele>86.0</ele>
      </trkpt>
      <trkpt lat="52.06094096414745" lon="5.978278946131468">
        <ele>89.0</ele>
      </trkpt>
      <trkpt lat="52.06150498241186" lon="5.978487990796566">
        <ele>90.0</ele>
      </trkpt>
      <trkpt lat="52.06223295070231" lon="5.9789069183170795">
        <ele>92.0</ele>
      </trkpt>
      <trkpt lat="52.06395291723311" lon="5.979822976514697">
        <ele>93.0</ele>
      </trkpt>
      <trkpt lat="52.06464693881571" lon="5.980141991749406">
        <ele>95.0</ele>
      </trkpt>
      <trkpt lat="52.06467594020069" lon="5.980143919587135">
        <ele>96.0</ele>
      </trkpt>
      <trkpt lat="52.06574999727309" lon="5.980093963444233">
        <ele>97.0</ele>
      </trkpt>
      <trkpt lat="52.06664292141795" lon="5.979940993711352">
        <ele>98.0</ele>
      </trkpt>
      <trkpt lat="52.06854796037078" lon="5.979742929339409">
        <ele>99.0</ele>
      </trkpt>
      <trkpt lat="52.068904945626855" lon="5.97961594350636">
        <ele>99.0</ele>
      </trkpt>
      <trkpt lat="52.06908297725022" lon="5.979382926598191">
        <ele>100.0</ele>
      </trkpt>
      <trkpt lat="52.06925899721682" lon="5.979280918836594">
        <ele>99.0</ele>
      </trkpt>
      <trkpt lat="52.06944792531431" lon="5.979287959635258">
        <ele>99.0</ele>
      </trkpt>
      <trkpt lat="52.06991999410093" lon="5.979501949623227">
        <ele>98.0</ele>
      </trkpt>
      <trkpt lat="52.07016197964549" lon="5.979516953229904">
        <ele>97.0</ele>
      </trkpt>
      <trkpt lat="52.0702669210732" lon="5.979490969330072">
        <ele>96.0</ele>
      </trkpt>
      <trkpt lat="52.07066196016967" lon="5.97916591912508">
        <ele>95.0</ele>
      </trkpt>
      <trkpt lat="52.070837980136275" lon="5.979080926626921">
        <ele>93.0</ele>
      </trkpt>
      <trkpt lat="52.07095691934228" lon="5.979101965203881">
        <ele>91.0</ele>
      </trkpt>
      <trkpt lat="52.07116596400738" lon="5.979115962982178">
        <ele>89.0</ele>
      </trkpt>
      <trkpt lat="52.07136495038867" lon="5.9791769832372665">
        <ele>87.0</ele>
      </trkpt>
      <trkpt lat="52.071679942309856" lon="5.979276979342103">
        <ele>84.0</ele>
      </trkpt>
      <trkpt lat="52.072084955871105" lon="5.979266921058297">
        <ele>82.0</ele>
      </trkpt>
      <trkpt lat="52.07428595982492" lon="5.979000963270664">
        <ele>79.0</ele>
      </trkpt>
      <trkpt lat="52.07450095564127" lon="5.979171954095364">
        <ele>77.0</ele>
      </trkpt>
      <trkpt lat="52.07495793700218" lon="5.9794199746102095">
        <ele>74.0</ele>
      </trkpt>
      <trkpt lat="52.0751659758389" lon="5.979474959895015">
        <ele>72.0</ele>
      </trkpt>
      <trkpt lat="52.07578992471099" lon="5.979947950690985">
        <ele>69.0</ele>
      </trkpt>
      <trkpt lat="52.076509930193424" lon="5.9803329315036535">
        <ele>67.0</ele>
      </trkpt>
      <trkpt lat="52.07769798114896" lon="5.981067940592766">
        <ele>65.0</ele>
      </trkpt>
      <trkpt lat="52.07770192064345" lon="5.981070958077908">
        <ele>63.0</ele>
      </trkpt>
      <trkpt lat="52.07806997001171" lon="5.9812629874795675">
        <ele>62.0</ele>
      </trkpt>
      <trkpt lat="52.07824096083641" lon="5.981182940304279">
        <ele>60.0</ele>
      </trkpt>
      <trkpt lat="52.07842997275293" lon="5.981022929772735">
        <ele>59.0</ele>
      </trkpt>
      <trkpt lat="52.0784729719162" lon="5.98077398724854">
        <ele>59.0</ele>
      </trkpt>
      <trkpt lat="52.0784919988364" lon="5.980413984507322">
        <ele>58.0</ele>
      </trkpt>
      <trkpt lat="52.078467942774296" lon="5.979775954037905">
        <ele>58.0</ele>
      </trkpt>
      <trkpt lat="52.07835495471954" lon="5.978862997144461">
        <ele>58.0</ele>
      </trkpt>
      <trkpt lat="52.078276919201016" lon="5.978441974148154">
        <ele>58.0</ele>
      </trkpt>
      <trkpt lat="52.07815797999501" lon="5.9781529661268">
        <ele>58.0</ele>
      </trkpt>
      <trkpt lat="52.07790493033826" lon="5.977739989757538">
        <ele>59.0</ele>
      </trkpt>
      <trkpt lat="52.07772497087717" lon="5.977390967309475">
        <ele>59.0</ele>
      </trkpt>
      <trkpt lat="52.07760997116566" lon="5.977060971781611">
        <ele>59.0</ele>
      </trkpt>
      <trkpt lat="52.077586920931935" lon="5.976838935166597">
        <ele>59.0</ele>
      </trkpt>
      <trkpt lat="52.07762095145881" lon="5.976408943533897">
        <ele>59.0</ele>
      </trkpt>
      <trkpt lat="52.07771793007851" lon="5.976000996306539">
        <ele>59.0</ele>
      </trkpt>
      <trkpt lat="52.07785095088184" lon="5.97559992223978">
        <ele>59.0</ele>
      </trkpt>
      <trkpt lat="52.07789897918701" lon="5.97534092143178">
        <ele>59.0</ele>
      </trkpt>
      <trkpt lat="52.07793896086514" lon="5.974915958940983">
        <ele>59.0</ele>
      </trkpt>
      <trkpt lat="52.0779169164598" lon="5.974676990881562">
        <ele>59.0</ele>
      </trkpt>
      <trkpt lat="52.07779495976865" lon="5.973971989005804">
        <ele>59.0</ele>
      </trkpt>
      <trkpt lat="52.07780996337533" lon="5.973888924345374">
        <ele>59.0</ele>
      </trkpt>
      <trkpt lat="52.077886993065476" lon="5.973744923248887">
        <ele>59.0</ele>
      </trkpt>
      <trkpt lat="52.077994951978326" lon="5.973679963499308">
        <ele>58.0</ele>
      </trkpt>
      <trkpt lat="52.07836995832622" lon="5.973623972386122">
        <ele>58.0</ele>
      </trkpt>
      <trkpt lat="52.07887697964907" lon="5.973604945465922">
        <ele>57.0</ele>
      </trkpt>
      <trkpt lat="52.07955398596823" lon="5.973888924345374">
        <ele>56.0</ele>
      </trkpt>
      <trkpt lat="52.07963294349611" lon="5.97392194904387">
        <ele>56.0</ele>
      </trkpt>
      <trkpt lat="52.07972598262131" lon="5.973915997892618">
        <ele>55.0</ele>
      </trkpt>
      <trkpt lat="52.07983293570578" lon="5.973829999566078">
        <ele>54.0</ele>
      </trkpt>
      <trkpt lat="52.08055595867336" lon="5.975239919498563">
        <ele>54.0</ele>
      </trkpt>
      <trkpt lat="52.08108996972442" lon="5.976279946044087">
        <ele>53.0</ele>
      </trkpt>
      <trkpt lat="52.08161199465394" lon="5.977298934012651">
        <ele>52.0</ele>
      </trkpt>
      <trkpt lat="52.08232797682285" lon="5.978698963299394">
        <ele>51.0</ele>
      </trkpt>
      <trkpt lat="52.08492293022573" lon="5.983772948384285">
        <ele>51.0</ele>
      </trkpt>
      <trkpt lat="52.0850729662925" lon="5.984064973890781">
        <ele>50.0</ele>
      </trkpt>
      <trkpt lat="52.08511596545577" lon="5.983897922560573">
        <ele>50.0</ele>
      </trkpt>
      <trkpt lat="52.08585097454488" lon="5.981932953000069">
        <ele>49.0</ele>
      </trkpt>
      <trkpt lat="52.08715293556452" lon="5.97845496609807">
        <ele>50.0</ele>
      </trkpt>
      <trkpt lat="52.08730791695416" lon="5.978038972243667">
        <ele>50.0</ele>
      </trkpt>
      <trkpt lat="52.08739299327135" lon="5.9778849966824055">
        <ele>50.0</ele>
      </trkpt>
      <trkpt lat="52.08747597411275" lon="5.977776953950524">
        <ele>50.0</ele>
      </trkpt>
      <trkpt lat="52.087659956887364" lon="5.97763798199594">
        <ele>51.0</ele>
      </trkpt>
      <trkpt lat="52.08820695988834" lon="5.977608980610967">
        <ele>52.0</ele>
      </trkpt>
      <trkpt lat="52.08860392682254" lon="5.977576961740851">
        <ele>53.0</ele>
      </trkpt>
      <trkpt lat="52.08881892263889" lon="5.977473948150873">
        <ele>54.0</ele>
      </trkpt>
      <trkpt lat="52.08896795287728" lon="5.977325923740864">
        <ele>55.0</ele>
      </trkpt>
      <trkpt lat="52.08902997896075" lon="5.977224921807647">
        <ele>56.0</ele>
      </trkpt>
      <trkpt lat="52.0891519356519" lon="5.976918982341886">
        <ele>58.0</ele>
      </trkpt>
      <trkpt lat="52.08921195007861" lon="5.97647599875927">
        <ele>60.0</ele>
      </trkpt>
      <trkpt lat="52.089333990588784" lon="5.973135977983475">
        <ele>61.0</ele>
      </trkpt>
      <trkpt lat="52.08962199278176" lon="5.972604984417558">
        <ele>63.0</ele>
      </trkpt>
      <trkpt lat="52.08994494751096" lon="5.972149930894375">
        <ele>66.0</ele>
      </trkpt>
      <trkpt lat="52.090219957754016" lon="5.9718499425798655">
        <ele>68.0</ele>
      </trkpt>
      <trkpt lat="52.090562945231795" lon="5.971567975357175">
        <ele>70.0</ele>
      </trkpt>
      <trkpt lat="52.09096393547952" lon="5.97134493291378">
        <ele>72.0</ele>
      </trkpt>
      <trkpt lat="52.0913259498775" lon="5.971219958737493">
        <ele>73.0</ele>
      </trkpt>
      <trkpt lat="52.091596936807036" lon="5.9711819887161255">
        <ele>75.0</ele>
      </trkpt>
      <trkpt lat="52.09214796312153" lon="5.971182994544506">
        <ele>76.0</ele>
      </trkpt>
      <trkpt lat="52.092969976365566" lon="5.9720289800316095">
        <ele>77.0</ele>
      </trkpt>
      <trkpt lat="52.09412299096584" lon="5.973159950226545">
        <ele>78.0</ele>
      </trkpt>
      <trkpt lat="52.0950679667294" lon="5.974077936261892">
        <ele>78.0</ele>
      </trkpt>
      <trkpt lat="52.09611595608294" lon="5.9751039650291204">
        <ele>78.0</ele>
      </trkpt>
      <trkpt lat="52.09652499295771" lon="5.97561894915998">
        <ele>77.0</ele>
      </trkpt>
      <trkpt lat="52.098124930635095" lon="5.978235946968198">
        <ele>76.0</ele>
      </trkpt>
      <trkpt lat="52.09871493279934" lon="5.978720923885703">
        <ele>75.0</ele>
      </trkpt>
      <trkpt lat="52.0990089699626" lon="5.978941954672337">
        <ele>73.0</ele>
      </trkpt>
      <trkpt lat="52.0991849899292" lon="5.979091990739107">
        <ele>71.0</ele>
      </trkpt>
      <trkpt lat="52.09929998964071" lon="5.979173965752125">
        <ele>69.0</ele>
      </trkpt>
      <trkpt lat="52.0998739823699" lon="5.97959297709167">
        <ele>67.0</ele>
      </trkpt>
      <trkpt lat="52.101681958884" lon="5.980526972562075">
        <ele>64.0</ele>
      </trkpt>
      <trkpt lat="52.101940959692" lon="5.980616994202137">
        <ele>62.0</ele>
      </trkpt>
      <trkpt lat="52.10220096632838" lon="5.980650940909982">
        <ele>60.0</ele>
      </trkpt>
      <trkpt lat="52.1025559399277" lon="5.980651946738362">
        <ele>58.0</ele>
      </trkpt>
      <trkpt lat="52.10329597815871" lon="5.980578940361738">
        <ele>57.0</ele>
      </trkpt>
      <trkpt lat="52.10425897501409" lon="5.980521943420172">
        <ele>55.0</ele>
      </trkpt>
      <trkpt lat="52.105068918317556" lon="5.980722941458225">
        <ele>54.0</ele>
      </trkpt>
      <trkpt lat="52.10522297769785" lon="5.980811957269907">
        <ele>53.0</ele>
      </trkpt>
      <trkpt lat="52.10535298101604" lon="5.980974985286593">
        <ele>52.0</ele>
      </trkpt>
      <trkpt lat="52.105448953807354" lon="5.9811999555677176">
        <ele>52.0</ele>
      </trkpt>
      <trkpt lat="52.1060199290514" lon="5.982813974842429">
        <ele>53.0</ele>
      </trkpt>
      <trkpt lat="52.10625797510147" lon="5.983186969533563">
        <ele>53.0</ele>
      </trkpt>
      <trkpt lat="52.10674596950412" lon="5.983974952250719">
        <ele>54.0</ele>
      </trkpt>
      <trkpt lat="52.10727092809975" lon="5.985058983787894">
        <ele>54.0</ele>
      </trkpt>
      <trkpt lat="52.10758399218321" lon="5.985539937391877">
        <ele>54.0</ele>
      </trkpt>
      <trkpt lat="52.10784399881959" lon="5.986175956204534">
        <ele>54.0</ele>
      </trkpt>
      <trkpt lat="52.108333921059966" lon="5.986108984798193">
        <ele>54.0</ele>
      </trkpt>
      <trkpt lat="52.108395947143435" lon="5.986067997291684">
        <ele>54.0</ele>
      </trkpt>
      <trkpt lat="52.10863499902189" lon="5.98590899258852">
        <ele>54.0</ele>
      </trkpt>
      <trkpt lat="52.10903297178447" lon="5.985751999542117">
        <ele>54.0</ele>
      </trkpt>
      <trkpt lat="52.10924595594406" lon="5.985727943480015">
        <ele>53.0</ele>
      </trkpt>
      <trkpt lat="52.10952096618712" lon="5.985775971785188">
        <ele>52.0</ele>
      </trkpt>
      <trkpt lat="52.109681982547045" lon="5.985640939325094">
        <ele>52.0</ele>
      </trkpt>
      <trkpt lat="52.109722970053554" lon="5.985553935170174">
        <ele>51.0</ele>
      </trkpt>
      <trkpt lat="52.10977099835873" lon="5.98524397239089">
        <ele>51.0</ele>
      </trkpt>
      <trkpt lat="52.10987996309996" lon="5.984804928302765">
        <ele>50.0</ele>
      </trkpt>
      <trkpt lat="52.10997995920479" lon="5.984476944431663">
        <ele>49.0</ele>
      </trkpt>
      <trkpt lat="52.110069980844855" lon="5.984369991347194">
        <ele>48.0</ele>
      </trkpt>
      <trkpt lat="52.11017492227256" lon="5.984334954991937">
        <ele>48.0</ele>
      </trkpt>
      <trkpt lat="52.11048195138574" lon="5.984361944720149">
        <ele>47.0</ele>
      </trkpt>
      <trkpt lat="52.11064891889691" lon="5.984311988577247">
        <ele>46.0</ele>
      </trkpt>
      <trkpt lat="52.110671969130635" lon="5.984305953606963">
        <ele>46.0</ele>
      </trkpt>
      <trkpt lat="52.110695941373706" lon="5.984258931130171">
        <ele>46.0</ele>
      </trkpt>
      <trkpt lat="52.11070792749524" lon="5.984107973054051">
        <ele>45.0</ele>
      </trkpt>
      <trkpt lat="52.110671969130635" lon="5.983898928388953">
        <ele>45.0</ele>
      </trkpt>
      <trkpt lat="52.11076492443681" lon="5.9838369861245155">
        <ele>45.0</ele>
      </trkpt>
      <trkpt lat="52.11078495718539" lon="5.983792981132865">
        <ele>46.0</ele>
      </trkpt>
      <trkpt lat="52.11085595190525" lon="5.983755933120847">
        <ele>46.0</ele>
      </trkpt>
      <trkpt lat="52.111014956608415" lon="5.983581924811006">
        <ele>47.0</ele>
      </trkpt>
      <trkpt lat="52.11139792576432" lon="5.9830989595502615">
        <ele>47.0</ele>
      </trkpt>
      <trkpt lat="52.111377976834774" lon="5.9830639231950045">
        <ele>48.0</ele>
      </trkpt>
      <trkpt lat="52.11169498041272" lon="5.98264298401773">
        <ele>49.0</ele>
      </trkpt>
      <trkpt lat="52.11309492588043" lon="5.980780944228172">
        <ele>50.0</ele>
      </trkpt>
      <trkpt lat="52.11343095637858" lon="5.9803379606455564">
        <ele>52.0</ele>
      </trkpt>
      <trkpt lat="52.116083996370435" lon="5.976752936840057">
        <ele>54.0</ele>
      </trkpt>
      <trkpt lat="52.11521596647799" lon="5.974038960412145">
        <ele>56.0</ele>
      </trkpt>
      <trkpt lat="52.114685978740454" lon="5.972382947802544">
        <ele>58.0</ele>
      </trkpt>
      <trkpt lat="52.11367193609476" lon="5.9691749420017">
        <ele>59.0</ele>
      </trkpt>
      <trkpt lat="52.1133519988507" lon="5.969255995005369">
        <ele>61.0</ele>
      </trkpt>
      <trkpt lat="52.11293994449079" lon="5.966601949185133">
        <ele>61.0</ele>
      </trkpt>
      <trkpt lat="52.11300297640264" lon="5.96474695019424">
        <ele>63.0</ele>
      </trkpt>
      <trkpt lat="52.113036923110485" lon="5.964027950540185">
        <ele>64.0</ele>
      </trkpt>
      <trkpt lat="52.11354394443333" lon="5.963253965601325">
        <ele>65.0</ele>
      </trkpt>
      <trkpt lat="52.11431591771543" lon="5.961993997916579">
        <ele>66.0</ele>
      </trkpt>
      <trkpt lat="52.11437492631376" lon="5.961957955732942">
        <ele>67.0</ele>
      </trkpt>
      <trkpt lat="52.11466192267835" lon="5.962035991251469">
        <ele>68.0</ele>
      </trkpt>
      <trkpt lat="52.114884965121746" lon="5.962270935997367">
        <ele>69.0</ele>
      </trkpt>
      <trkpt lat="52.11496291682124" lon="5.962418960407376">
        <ele>69.0</ele>
      </trkpt>
      <trkpt lat="52.115095937624574" lon="5.962482998147607">
        <ele>69.0</ele>
      </trkpt>
      <trkpt lat="52.1151739731431" lon="5.962519962340593">
        <ele>69.0</ele>
      </trkpt>
      <trkpt lat="52.11551997810602" lon="5.962375961244106">
        <ele>69.0</ele>
      </trkpt>
      <trkpt lat="52.11588299833238" lon="5.96253496594727">
        <ele>69.0</ele>
      </trkpt>
      <trkpt lat="52.11690894328058" lon="5.962913995608687">
        <ele>69.0</ele>
      </trkpt>
      <trkpt lat="52.11744798347354" lon="5.963165955618024">
        <ele>68.0</ele>
      </trkpt>
      <trkpt lat="52.11902294307947" lon="5.963713964447379">
        <ele>66.0</ele>
      </trkpt>
      <trkpt lat="52.11988192051649" lon="5.964042954146862">
        <ele>65.0</ele>
      </trkpt>
      <trkpt lat="52.120660934597254" lon="5.964362975209951">
        <ele>64.0</ele>
      </trkpt>
      <trkpt lat="52.12253797799349" lon="5.9650909435004">
        <ele>63.0</ele>
      </trkpt>
      <trkpt lat="52.122745933011174" lon="5.965168979018927">
        <ele>62.0</ele>
      </trkpt>
      <trkpt lat="52.1236979495734" lon="5.965609950944781">
        <ele>61.0</ele>
      </trkpt>
      <trkpt lat="52.123669954016805" lon="5.965509954839945">
        <ele>60.0</ele>
      </trkpt>
      <trkpt lat="52.12365595623851" lon="5.964246969670057">
        <ele>59.0</ele>
      </trkpt>
      <trkpt lat="52.123614968732" lon="5.96072799526155">
        <ele>59.0</ele>
      </trkpt>
      <trkpt lat="52.123669954016805" lon="5.960510987788439">
        <ele>58.0</ele>
      </trkpt>
      <trkpt lat="52.123840944841504" lon="5.960451979190111">
        <ele>57.0</ele>
      </trkpt>
      <trkpt lat="52.124297926202416" lon="5.960407974198461">
        <ele>56.0</ele>
      </trkpt>
      <trkpt lat="52.12434494867921" lon="5.960431946441531">
        <ele>56.0</ele>
      </trkpt>
      <trkpt lat="52.124403957277536" lon="5.960546946153045">
        <ele>55.0</ele>
      </trkpt>
      <trkpt lat="52.12451996281743" lon="5.961179947480559">
        <ele>55.0</ele>
      </trkpt>
      <trkpt lat="52.12468894198537" lon="5.9615059196949005">
        <ele>54.0</ele>
      </trkpt>
      <trkpt lat="52.124894969165325" lon="5.961619997397065">
        <ele>54.0</ele>
      </trkpt>
      <trkpt lat="52.1249929536134" lon="5.961614968255162">
        <ele>54.0</ele>
      </trkpt>
      <trkpt lat="52.125129997730255" lon="5.961558977141976">
        <ele>53.0</ele>
      </trkpt>
      <trkpt lat="52.12523099966347" lon="5.961463926360011">
        <ele>53.0</ele>
      </trkpt>
      <trkpt lat="52.12541892193258" lon="5.9612049255520105">
        <ele>53.0</ele>
      </trkpt>
      <trkpt lat="52.12609492242336" lon="5.960332956165075">
        <ele>53.0</ele>
      </trkpt>
      <trkpt lat="52.126122917979956" lon="5.9602919686585665">
        <ele>53.0</ele>
      </trkpt>
      <trkpt lat="52.127082981169224" lon="5.9591159876435995">
        <ele>53.0</ele>
      </trkpt>
      <trkpt lat="52.12735497392714" lon="5.958833936601877">
        <ele>53.0</ele>
      </trkpt>
      <trkpt lat="52.127708941698074" lon="5.958575941622257">
        <ele>53.0</ele>
      </trkpt>
      <trkpt lat="52.12826097384095" lon="5.958289951086044">
        <ele>53.0</ele>
      </trkpt>
      <trkpt lat="52.12874494493008" lon="5.958147961646318">
        <ele>54.0</ele>
      </trkpt>
      <trkpt lat="52.12909991852939" lon="5.958092976361513">
        <ele>54.0</ele>
      </trkpt>
      <trkpt lat="52.129252972081304" lon="5.958073949441314">
        <ele>54.0</ele>
      </trkpt>
      <trkpt lat="52.1292809676379" lon="5.957757951691747">
        <ele>54.0</ele>
      </trkpt>
      <trkpt lat="52.12931198067963" lon="5.957384957000613">
        <ele>55.0</ele>
      </trkpt>
      <trkpt lat="52.12932991795242" lon="5.957180941477418">
        <ele>56.0</ele>
      </trkpt>
      <trkpt lat="52.129344921559095" lon="5.956998970359564">
        <ele>56.0</ele>
      </trkpt>
      <trkpt lat="52.12961498647928" lon="5.957084968686104">
        <ele>57.0</ele>
      </trkpt>
      <trkpt lat="52.1298179961741" lon="5.957153951749206">
        <ele>58.0</ele>
      </trkpt>
      <trkpt lat="52.13101292029023" lon="5.957561982795596">
        <ele>59.0</ele>
      </trkpt>
      <trkpt lat="52.13216895237565" lon="5.957825928926468">
        <ele>60.0</ele>
      </trkpt>
      <trkpt lat="52.136174999177456" lon="5.958780962973833">
        <ele>61.0</ele>
      </trkpt>
      <trkpt lat="52.135720951482654" lon="5.95664793625474">
        <ele>63.0</ele>
      </trkpt>
      <trkpt lat="52.13495794683695" lon="5.952925952151418">
        <ele>65.0</ele>
      </trkpt>
      <trkpt lat="52.13410592637956" lon="5.948766935616732">
        <ele>67.0</ele>
      </trkpt>
      <trkpt lat="52.13403292000294" lon="5.94839695841074">
        <ele>69.0</ele>
      </trkpt>
      <trkpt lat="52.133788922801614" lon="5.947171943262219">
        <ele>71.0</ele>
      </trkpt>
      <trkpt lat="52.133464962244034" lon="5.945536969229579">
        <ele>73.0</ele>
      </trkpt>
      <trkpt lat="52.13327997364104" lon="5.944608924910426">
        <ele>74.0</ele>
      </trkpt>
      <trkpt lat="52.13427892886102" lon="5.9440769255161285">
        <ele>76.0</ele>
      </trkpt>
      <trkpt lat="52.134927939623594" lon="5.943771991878748">
        <ele>76.0</ele>
      </trkpt>
      <trkpt lat="52.136004930362105" lon="5.944490991532803">
        <ele>77.0</ele>
      </trkpt>
      <trkpt lat="52.13685695081949" lon="5.945062972605228">
        <ele>77.0</ele>
      </trkpt>
      <trkpt lat="52.13767091743648" lon="5.944983931258321">
        <ele>78.0</ele>
      </trkpt>
      <trkpt lat="52.13811691850424" lon="5.944940932095051">
        <ele>78.0</ele>
      </trkpt>
      <trkpt lat="52.13963898830116" lon="5.944706993177533">
        <ele>78.0</ele>
      </trkpt>
      <trkpt lat="52.139807967469096" lon="5.94470095820725">
        <ele>78.0</ele>
      </trkpt>
      <trkpt lat="52.14024692773819" lon="5.9447999484837055">
        <ele>78.0</ele>
      </trkpt>
      <trkpt lat="52.140427976846695" lon="5.944793997332454">
        <ele>78.0</ele>
      </trkpt>
      <trkpt lat="52.14106592349708" lon="5.944340955466032">
        <ele>77.0</ele>
      </trkpt>
      <trkpt lat="52.142622945830226" lon="5.94343394972384">
        <ele>76.0</ele>
      </trkpt>
      <trkpt lat="52.143826922401786" lon="5.942715955898166">
        <ele>75.0</ele>
      </trkpt>
      <trkpt lat="52.143696919083595" lon="5.942145986482501">
        <ele>75.0</ele>
      </trkpt>
      <trkpt lat="52.14333197101951" lon="5.940539930015802">
        <ele>74.0</ele>
      </trkpt>
      <trkpt lat="52.1431889757514" lon="5.939915981143713">
        <ele>74.0</ele>
      </trkpt>
      <trkpt lat="52.14298898354173" lon="5.939045939594507">
        <ele>74.0</ele>
      </trkpt>
      <trkpt lat="52.14270098134875" lon="5.93763099052012">
        <ele>74.0</ele>
      </trkpt>
      <trkpt lat="52.142295967787504" lon="5.935865929350257">
        <ele>74.0</ele>
      </trkpt>
      <trkpt lat="52.14359692297876" lon="5.935210967436433">
        <ele>74.0</ele>
      </trkpt>
      <trkpt lat="52.14129592292011" lon="5.931210955604911">
        <ele>74.0</ele>
      </trkpt>
      <trkpt lat="52.14132593013346" lon="5.931102996692061">
        <ele>74.0</ele>
      </trkpt>
      <trkpt lat="52.14171292260289" lon="5.9308199398219585">
        <ele>75.0</ele>
      </trkpt>
      <trkpt lat="52.142318934202194" lon="5.930420961230993">
        <ele>75.0</ele>
      </trkpt>
      <trkpt lat="52.145436918362975" lon="5.928343925625086">
        <ele>75.0</ele>
      </trkpt>
      <trkpt lat="52.14705093763769" lon="5.927268946543336">
        <ele>74.0</ele>
      </trkpt>
      <trkpt lat="52.15146199800074" lon="5.930896969512105">
        <ele>74.0</ele>
      </trkpt>
      <trkpt lat="52.15165696106851" lon="5.9307159204036">
        <ele>74.0</ele>
      </trkpt>
      <trkpt lat="52.15182292275131" lon="5.930729918181896">
        <ele>73.0</ele>
      </trkpt>
      <trkpt lat="52.152458941563964" lon="5.931095955893397">
        <ele>73.0</ele>
      </trkpt>
      <trkpt lat="52.15292992070317" lon="5.931366942822933">
        <ele>73.0</ele>
      </trkpt>
      <trkpt lat="52.1538039855659" lon="5.931772962212563">
        <ele>73.0</ele>
      </trkpt>
      <trkpt lat="52.15384296141565" lon="5.931704984977841">
        <ele>74.0</ele>
      </trkpt>
      <trkpt lat="52.153872968629" lon="5.931563917547464">
        <ele>74.0</ele>
      </trkpt>
      <trkpt lat="52.15388596057892" lon="5.931503986939788">
        <ele>75.0</ele>
      </trkpt>
      <trkpt lat="52.15385092422366" lon="5.931076928973198">
        <ele>75.0</ele>
      </trkpt>
      <trkpt lat="52.15379694476724" lon="5.93095094896853">
        <ele>76.0</ele>
      </trkpt>
      <trkpt lat="52.15369292534888" lon="5.93043596483767">
        <ele>77.0</ele>
      </trkpt>
      <trkpt lat="52.15350097976625" lon="5.929914945736527">
        <ele>78.0</ele>
      </trkpt>
      <trkpt lat="52.153539955616" lon="5.929625937715173">
        <ele>79.0</ele>
      </trkpt>
      <trkpt lat="52.15351598337293" lon="5.929343970492482">
        <ele>81.0</ele>
      </trkpt>
      <trkpt lat="52.15356493368745" lon="5.929118916392326">
        <ele>82.0</ele>
      </trkpt>
      <trkpt lat="52.15349796228111" lon="5.928923953324556">
        <ele>83.0</ele>
      </trkpt>
      <trkpt lat="52.15354297310114" lon="5.928690936416388">
        <ele>84.0</ele>
      </trkpt>
      <trkpt lat="52.15363894589245" lon="5.928544923663139">
        <ele>85.0</ele>
      </trkpt>
      <trkpt lat="52.153537943959236" lon="5.928335962817073">
        <ele>86.0</ele>
      </trkpt>
      <trkpt lat="52.15343694202602" lon="5.928284917026758">
        <ele>87.0</ele>
      </trkpt>
      <trkpt lat="52.15323795564473" lon="5.927997920662165">
        <ele>88.0</ele>
      </trkpt>
      <trkpt lat="52.15332596562803" lon="5.927712935954332">
        <ele>89.0</ele>
      </trkpt>
      <trkpt lat="52.15344691649079" lon="5.927446978166699">
        <ele>90.0</ele>
      </trkpt>
      <trkpt lat="52.15348597615957" lon="5.926962923258543">
        <ele>91.0</ele>
      </trkpt>
      <trkpt lat="52.15346292592585" lon="5.926743987947702">
        <ele>91.0</ele>
      </trkpt>
      <trkpt lat="52.15314298868179" lon="5.926322964951396">
        <ele>92.0</ele>
      </trkpt>
      <trkpt lat="52.153021953999996" lon="5.926079973578453">
        <ele>92.0</ele>
      </trkpt>
      <trkpt lat="52.152971997857094" lon="5.925881993025541">
        <ele>93.0</ele>
      </trkpt>
      <trkpt lat="52.15298691764474" lon="5.92566791921854">
        <ele>93.0</ele>
      </trkpt>
      <trkpt lat="52.15296696871519" lon="5.925400955602527">
        <ele>93.0</ele>
      </trkpt>
      <trkpt lat="52.153038969263434" lon="5.9248399548232555">
        <ele>93.0</ele>
      </trkpt>
      <trkpt lat="52.1530909370631" lon="5.924653960391879">
        <ele>93.0</ele>
      </trkpt>
      <trkpt lat="52.15323192067444" lon="5.924314996227622">
        <ele>92.0</ele>
      </trkpt>
      <trkpt lat="52.15328296646476" lon="5.924011990427971">
        <ele>92.0</ele>
      </trkpt>
      <trkpt lat="52.1530909370631" lon="5.923396926373243">
        <ele>91.0</ele>
      </trkpt>
      <trkpt lat="52.15311599895358" lon="5.923170950263739">
        <ele>90.0</ele>
      </trkpt>
      <trkpt lat="52.15310292318463" lon="5.922940950840712">
        <ele>89.0</ele>
      </trkpt>
      <trkpt lat="52.15302991680801" lon="5.922776916995645">
        <ele>88.0</ele>
      </trkpt>
      <trkpt lat="52.152872923761606" lon="5.922423955053091">
        <ele>87.0</ele>
      </trkpt>
      <trkpt lat="52.15279798954725" lon="5.922116925939918">
        <ele>86.0</ele>
      </trkpt>
      <trkpt lat="52.15276697650552" lon="5.9216539934277534">
        <ele>86.0</ele>
      </trkpt>
      <trkpt lat="52.15278893709183" lon="5.921466993167996">
        <ele>85.0</ele>
      </trkpt>
      <trkpt lat="52.15242994017899" lon="5.921003976836801">
        <ele>84.0</ele>
      </trkpt>
      <trkpt lat="52.152071949094534" lon="5.920692924410105">
        <ele>83.0</ele>
      </trkpt>
      <trkpt lat="52.151685962453485" lon="5.92020895332098">
        <ele>82.0</ele>
      </trkpt>
      <trkpt lat="52.150826985016465" lon="5.919247968122363">
        <ele>81.0</ele>
      </trkpt>
      <trkpt lat="52.15045692399144" lon="5.91883298009634">
        <ele>81.0</ele>
      </trkpt>
      <trkpt lat="52.1510789450258" lon="5.918092941865325">
        <ele>80.0</ele>
      </trkpt>
      <trkpt lat="52.151254964992404" lon="5.918045919388533">
        <ele>80.0</ele>
      </trkpt>
      <trkpt lat="52.151426961645484" lon="5.9179269801825285">
        <ele>80.0</ele>
      </trkpt>
      <trkpt lat="52.1515469904989" lon="5.91775699518621">
        <ele>79.0</ele>
      </trkpt>
      <trkpt lat="52.1517039835453" lon="5.917628919705749">
        <ele>79.0</ele>
      </trkpt>
      <trkpt lat="52.15185292996466" lon="5.917556919157505">
        <ele>80.0</ele>
      </trkpt>
      <trkpt lat="52.15208393521607" lon="5.917486930266023">
        <ele>80.0</ele>
      </trkpt>
      <trkpt lat="52.15241493657231" lon="5.917609976604581">
        <ele>81.0</ele>
      </trkpt>
      <trkpt lat="52.15257394127548" lon="5.917586926370859">
        <ele>82.0</ele>
      </trkpt>
      <trkpt lat="52.15262699872255" lon="5.917579969391227">
        <ele>83.0</ele>
      </trkpt>
      <trkpt lat="52.15234695933759" lon="5.915826978161931">
        <ele>85.0</ele>
      </trkpt>
      <trkpt lat="52.15223698876798" lon="5.915583986788988">
        <ele>87.0</ele>
      </trkpt>
      <trkpt lat="52.15212693437934" lon="5.915105966851115">
        <ele>88.0</ele>
      </trkpt>
      <trkpt lat="52.15189098380506" lon="5.9147959202528">
        <ele>89.0</ele>
      </trkpt>
      <trkpt lat="52.151708928868175" lon="5.914611937478185">
        <ele>90.0</ele>
      </trkpt>
      <trkpt lat="52.151537938043475" lon="5.914160991087556">
        <ele>91.0</ele>
      </trkpt>
      <trkpt lat="52.15141698718071" lon="5.914077926427126">
        <ele>92.0</ele>
      </trkpt>
      <trkpt lat="52.15102597139776" lon="5.9141419641673565">
        <ele>93.0</ele>
      </trkpt>
      <trkpt lat="52.1507699880749" lon="5.9143339935690165">
        <ele>94.0</ele>
      </trkpt>
      <trkpt lat="52.15061894617975" lon="5.914286971092224">
        <ele>94.0</ele>
      </trkpt>
      <trkpt lat="52.150548957288265" lon="5.913925962522626">
        <ele>94.0</ele>
      </trkpt>
      <trkpt lat="52.1504589356482" lon="5.91361197642982">
        <ele>94.0</ele>
      </trkpt>
      <trkpt lat="52.150186942890286" lon="5.913335960358381">
        <ele>94.0</ele>
      </trkpt>
      <trkpt lat="52.150116953998804" lon="5.9125059843063354">
        <ele>94.0</ele>
      </trkpt>
      <trkpt lat="52.150118965655565" lon="5.912092924118042">
        <ele>93.0</ele>
      </trkpt>
      <trkpt lat="52.14993791654706" lon="5.912197949364781">
        <ele>93.0</ele>
      </trkpt>
      <trkpt lat="52.150118965655565" lon="5.912092924118042">
        <ele>92.0</ele>
      </trkpt>
      <trkpt lat="52.15023597702384" lon="5.912147993221879">
        <ele>91.0</ele>
      </trkpt>
      <trkpt lat="52.15066596865654" lon="5.912479916587472">
        <ele>91.0</ele>
      </trkpt>
      <trkpt lat="52.150916922837496" lon="5.912673957645893">
        <ele>90.0</ele>
      </trkpt>
      <trkpt lat="52.15171999298036" lon="5.913240993395448">
        <ele>89.0</ele>
      </trkpt>
      <trkpt lat="52.152952970936894" lon="5.9127819165587425">
        <ele>88.0</ele>
      </trkpt>
      <trkpt lat="52.153082974255085" lon="5.9126579482108355">
        <ele>88.0</ele>
      </trkpt>
      <trkpt lat="52.1536279655993" lon="5.911859991028905">
        <ele>87.0</ele>
      </trkpt>
      <trkpt lat="52.153704995289445" lon="5.911804921925068">
        <ele>87.0</ele>
      </trkpt>
      <trkpt lat="52.153685968369246" lon="5.911733927205205">
        <ele>87.0</ele>
      </trkpt>
      <trkpt lat="52.153752939775586" lon="5.911628985777497">
        <ele>87.0</ele>
      </trkpt>
      <trkpt lat="52.15395494364202" lon="5.911256996914744">
        <ele>87.0</ele>
      </trkpt>
      <trkpt lat="52.15535597875714" lon="5.908669922500849">
        <ele>88.0</ele>
      </trkpt>
      <trkpt lat="52.15560894459486" lon="5.908810989931226">
        <ele>88.0</ele>
      </trkpt>
      <trkpt lat="52.15608394704759" lon="5.907527972012758">
        <ele>88.0</ele>
      </trkpt>
      <trkpt lat="52.15632492676377" lon="5.906990943476558">
        <ele>88.0</ele>
      </trkpt>
      <trkpt lat="52.15658392757177" lon="5.906142946332693">
        <ele>87.0</ele>
      </trkpt>
      <trkpt lat="52.15683094225824" lon="5.905503993853927">
        <ele>87.0</ele>
      </trkpt>
      <trkpt lat="52.156889950856566" lon="5.905351946130395">
        <ele>86.0</ele>
      </trkpt>
      <trkpt lat="52.15692498721182" lon="5.90521196834743">
        <ele>85.0</ele>
      </trkpt>
      <trkpt lat="52.15549394488335" lon="5.904306974261999">
        <ele>84.0</ele>
      </trkpt>
      <trkpt lat="52.15523896738887" lon="5.904091978445649">
        <ele>83.0</ele>
      </trkpt>
      <trkpt lat="52.15522295795381" lon="5.90405392460525">
        <ele>82.0</ele>
      </trkpt>
      <trkpt lat="52.15509496629238" lon="5.903736921027303">
        <ele>81.0</ele>
      </trkpt>
      <trkpt lat="52.15491693466902" lon="5.902982968837023">
        <ele>80.0</ele>
      </trkpt>
      <trkpt lat="52.15477293357253" lon="5.902231950312853">
        <ele>79.0</ele>
      </trkpt>
      <trkpt lat="52.154778968542814" lon="5.9020409267395735">
        <ele>78.0</ele>
      </trkpt>
      <trkpt lat="52.155965929850936" lon="5.901283957064152">
        <ele>77.0</ele>
      </trkpt>
      <trkpt lat="52.15648996643722" lon="5.901123946532607">
        <ele>77.0</ele>
      </trkpt>
      <trkpt lat="52.156710997223854" lon="5.90108597651124">
        <ele>76.0</ele>
      </trkpt>
      <trkpt lat="52.15712699107826" lon="5.901080947369337">
        <ele>77.0</ele>
      </trkpt>
      <trkpt lat="52.15726193971932" lon="5.901034930720925">
        <ele>77.0</ele>
      </trkpt>
      <trkpt lat="52.15832996182144" lon="5.900507960468531">
        <ele>78.0</ele>
      </trkpt>
      <trkpt lat="52.15853598900139" lon="5.900328923016787">
        <ele>79.0</ele>
      </trkpt>
      <trkpt lat="52.16097394935787" lon="5.896650943905115">
        <ele>81.0</ele>
      </trkpt>
      <trkpt lat="52.161012925207615" lon="5.896566957235336">
        <ele>82.0</ele>
      </trkpt>
      <trkpt lat="52.16104896739125" lon="5.896458998322487">
        <ele>84.0</ele>
      </trkpt>
      <trkpt lat="52.16113194823265" lon="5.896117938682437">
        <ele>85.0</ele>
      </trkpt>
      <trkpt lat="52.16117494739592" lon="5.895988941192627">
        <ele>87.0</ele>
      </trkpt>
      <trkpt lat="52.16106992214918" lon="5.895741926506162">
        <ele>88.0</ele>
      </trkpt>
      <trkpt lat="52.1606629807502" lon="5.894963918253779">
        <ele>90.0</ele>
      </trkpt>
      <trkpt lat="52.16062895022333" lon="5.894762920215726">
        <ele>91.0</ele>
      </trkpt>
      <trkpt lat="52.16061595827341" lon="5.894255982711911">
        <ele>92.0</ele>
      </trkpt>
      <trkpt lat="52.160429963842034" lon="5.89347998611629">
        <ele>93.0</ele>
      </trkpt>
      <trkpt lat="52.160154953598976" lon="5.892658978700638">
        <ele>93.0</ele>
      </trkpt>
      <trkpt lat="52.159978933632374" lon="5.89223493821919">
        <ele>94.0</ele>
      </trkpt>
      <trkpt lat="52.15977692976594" lon="5.891852974891663">
        <ele>94.0</ele>
      </trkpt>
      <trkpt lat="52.15953997336328" lon="5.891482997685671">
        <ele>95.0</ele>
      </trkpt>
      <trkpt lat="52.15928692370653" lon="5.891168927773833">
        <ele>95.0</ele>
      </trkpt>
      <trkpt lat="52.158258967101574" lon="5.8899749256670475">
        <ele>94.0</ele>
      </trkpt>
      <trkpt lat="52.157964929938316" lon="5.8895299304276705">
        <ele>94.0</ele>
      </trkpt>
      <trkpt lat="52.157663935795426" lon="5.889155929908156">
        <ele>94.0</ele>
      </trkpt>
      <trkpt lat="52.15756796300411" lon="5.888953926041722">
        <ele>93.0</ele>
      </trkpt>
      <trkpt lat="52.15745396912098" lon="5.887751961126924">
        <ele>93.0</ele>
      </trkpt>
      <trkpt lat="52.15739697217941" lon="5.887154918164015">
        <ele>93.0</ele>
      </trkpt>
      <trkpt lat="52.15728297829628" lon="5.886607998982072">
        <ele>93.0</ele>
      </trkpt>
      <trkpt lat="52.15708499774337" lon="5.886011961847544">
        <ele>92.0</ele>
      </trkpt>
      <trkpt lat="52.15693395584822" lon="5.885462947189808">
        <ele>92.0</ele>
      </trkpt>
      <trkpt lat="52.15689699165523" lon="5.8848019503057">
        <ele>92.0</ele>
      </trkpt>
      <trkpt lat="52.15681493282318" lon="5.88441495783627">
        <ele>92.0</ele>
      </trkpt>
      <trkpt lat="52.158411936834455" lon="5.882465997710824">
        <ele>93.0</ele>
      </trkpt>
      <trkpt lat="52.159165972843766" lon="5.881640966981649">
        <ele>93.0</ele>
      </trkpt>
      <trkpt lat="52.15947199612856" lon="5.881183985620737">
        <ele>94.0</ele>
      </trkpt>
      <trkpt lat="52.160153947770596" lon="5.880314949899912">
        <ele>94.0</ele>
      </trkpt>
      <trkpt lat="52.160276994109154" lon="5.880157956853509">
        <ele>94.0</ele>
      </trkpt>
      <trkpt lat="52.16035192832351" lon="5.880028959363699">
        <ele>94.0</ele>
      </trkpt>
      <trkpt lat="52.16060891747475" lon="5.879425965249538">
        <ele>94.0</ele>
      </trkpt>
      <trkpt lat="52.160709919407964" lon="5.87925991974771">
        <ele>94.0</ele>
      </trkpt>
      <trkpt lat="52.16132699511945" lon="5.878285942599177">
        <ele>94.0</ele>
      </trkpt>
      <trkpt lat="52.16164492070675" lon="5.8776279632002115">
        <ele>94.0</ele>
      </trkpt>
      <trkpt lat="52.162365932017565" lon="5.876338994130492">
        <ele>93.0</ele>
      </trkpt>
      <trkpt lat="52.16259098611772" lon="5.876018973067403">
        <ele>93.0</ele>
      </trkpt>
      <trkpt lat="52.164644971489906" lon="5.874155927449465">
        <ele>93.0</ele>
      </trkpt>
      <trkpt lat="52.16531594283879" lon="5.873660976067185">
        <ele>93.0</ele>
      </trkpt>
      <trkpt lat="52.16562397778034" lon="5.873285969719291">
        <ele>92.0</ele>
      </trkpt>
      <trkpt lat="52.16600292362273" lon="5.872969971969724">
        <ele>92.0</ele>
      </trkpt>
      <trkpt lat="52.16588297858834" lon="5.872778948396444">
        <ele>92.0</ele>
      </trkpt>
      <trkpt lat="52.166745979338884" lon="5.8714179787784815">
        <ele>91.0</ele>
      </trkpt>
      <trkpt lat="52.16701495461166" lon="5.870887991040945">
        <ele>91.0</ele>
      </trkpt>
      <trkpt lat="52.16713096015155" lon="5.87070694193244">
        <ele>90.0</ele>
      </trkpt>
      <trkpt lat="52.167287953197956" lon="5.8706169202923775">
        <ele>90.0</ele>
      </trkpt>
      <trkpt lat="52.16748895123601" lon="5.8702649641782045">
        <ele>89.0</ele>
      </trkpt>
      <trkpt lat="52.16798096895218" lon="5.869403975084424">
        <ele>89.0</ele>
      </trkpt>
      <trkpt lat="52.16804592870176" lon="5.869306996464729">
        <ele>88.0</ele>
      </trkpt>
      <trkpt lat="52.16812899336219" lon="5.869400957599282">
        <ele>88.0</ele>
      </trkpt>
      <trkpt lat="52.16893097385764" lon="5.870660925284028">
        <ele>87.0</ele>
      </trkpt>
      <trkpt lat="52.169369934126735" lon="5.871297949925065">
        <ele>86.0</ele>
      </trkpt>
      <trkpt lat="52.16952994465828" lon="5.871416972950101">
        <ele>86.0</ele>
      </trkpt>
      <trkpt lat="52.17040996067226" lon="5.871826931834221">
        <ele>85.0</ele>
      </trkpt>
      <trkpt lat="52.17129995115101" lon="5.872377958148718">
        <ele>84.0</ele>
      </trkpt>
      <trkpt lat="52.170489924028516" lon="5.861807959154248">
        <ele>82.0</ele>
      </trkpt>
      <trkpt lat="52.17042999342084" lon="5.861648954451084">
        <ele>81.0</ele>
      </trkpt>
      <trkpt lat="52.170399986207485" lon="5.861569996923208">
        <ele>79.0</ele>
      </trkpt>
      <trkpt lat="52.17062395066023" lon="5.861259950324893">
        <ele>78.0</ele>
      </trkpt>
      <trkpt lat="52.170893931761384" lon="5.861223991960287">
        <ele>76.0</ele>
      </trkpt>
      <trkpt lat="52.171129966154695" lon="5.861127935349941">
        <ele>75.0</ele>
      </trkpt>
      <trkpt lat="52.171474965289235" lon="5.861099939793348">
        <ele>74.0</ele>
      </trkpt>
      <trkpt lat="52.17202699743211" lon="5.860795928165317">
        <ele>73.0</ele>
      </trkpt>
      <trkpt lat="52.172160940244794" lon="5.860770950093865">
        <ele>72.0</ele>
      </trkpt>
      <trkpt lat="52.1725769340992" lon="5.860795928165317">
        <ele>71.0</ele>
      </trkpt>
      <trkpt lat="52.17289796099067" lon="5.860931966453791">
        <ele>70.0</ele>
      </trkpt>
      <trkpt lat="52.17296895571053" lon="5.860880920663476">
        <ele>70.0</ele>
      </trkpt>
      <trkpt lat="52.173257963731885" lon="5.860425950959325">
        <ele>69.0</ele>
      </trkpt>
      <trkpt lat="52.173363994807005" lon="5.860196957364678">
        <ele>69.0</ele>
      </trkpt>
      <trkpt lat="52.173495925962925" lon="5.8593369740992785">
        <ele>69.0</ele>
      </trkpt>
      <trkpt lat="52.173964977264404" lon="5.859268996864557">
        <ele>68.0</ele>
      </trkpt>
      <trkpt lat="52.17418793588877" lon="5.859171934425831">
        <ele>69.0</ele>
      </trkpt>
      <trkpt lat="52.17427594587207" lon="5.859095994383097">
        <ele>69.0</ele>
      </trkpt>
      <trkpt lat="52.17462094500661" lon="5.859010918065906">
        <ele>69.0</ele>
      </trkpt>
      <trkpt lat="52.17451298609376" lon="5.858776979148388">
        <ele>69.0</ele>
      </trkpt>
      <trkpt lat="52.17418894171715" lon="5.857723960652947">
        <ele>69.0</ele>
      </trkpt>
      <trkpt lat="52.174180978909135" lon="5.857704933732748">
        <ele>69.0</ele>
      </trkpt>
      <trkpt lat="52.1739409212023" lon="5.857065981253982">
        <ele>69.0</ele>
      </trkpt>
      <trkpt lat="52.17371796257794" lon="5.856239944696426">
        <ele>69.0</ele>
      </trkpt>
      <trkpt lat="52.17324798926711" lon="5.854876963421702">
        <ele>70.0</ele>
      </trkpt>
      <trkpt lat="52.17312494292855" lon="5.854373965412378">
        <ele>70.0</ele>
      </trkpt>
      <trkpt lat="52.173152938485146" lon="5.854193922132254">
        <ele>70.0</ele>
      </trkpt>
      <trkpt lat="52.17191794887185" lon="5.849809935316443">
        <ele>69.0</ele>
      </trkpt>
      <trkpt lat="52.17136197723448" lon="5.847720997408032">
        <ele>69.0</ele>
      </trkpt>
      <trkpt lat="52.17111496254802" lon="5.846872916445136">
        <ele>69.0</ele>
      </trkpt>
      <trkpt lat="52.171153938397765" lon="5.846670996397734">
        <ele>68.0</ele>
      </trkpt>
      <trkpt lat="52.17161695472896" lon="5.8453089371323586">
        <ele>69.0</ele>
      </trkpt>
      <trkpt lat="52.17178995721042" lon="5.844822954386473">
        <ele>68.0</ele>
      </trkpt>
      <trkpt lat="52.172100925818086" lon="5.843951990827918">
        <ele>67.0</ele>
      </trkpt>
      <trkpt lat="52.17287692241371" lon="5.841783927753568">
        <ele>67.0</ele>
      </trkpt>
      <trkpt lat="52.1729619987309" lon="5.841325940564275">
        <ele>66.0</ele>
      </trkpt>
      <trkpt lat="52.17303592711687" lon="5.840553967282176">
        <ele>65.0</ele>
      </trkpt>
      <trkpt lat="52.17304992489517" lon="5.840057926252484">
        <ele>64.0</ele>
      </trkpt>
      <trkpt lat="52.173169953748584" lon="5.839205989614129">
        <ele>62.0</ele>
      </trkpt>
      <trkpt lat="52.17302997596562" lon="5.8389039896428585">
        <ele>60.0</ele>
      </trkpt>
      <trkpt lat="52.17273493297398" lon="5.838391939178109">
        <ele>59.0</ele>
      </trkpt>
      <trkpt lat="52.17262898571789" lon="5.8382089622318745">
        <ele>57.0</ele>
      </trkpt>
      <trkpt lat="52.17142894864082" lon="5.83607099018991">
        <ele>55.0</ele>
      </trkpt>
      <trkpt lat="52.17068698257208" lon="5.834229988977313">
        <ele>53.0</ele>
      </trkpt>
      <trkpt lat="52.169925989583135" lon="5.832285974174738">
        <ele>51.0</ele>
      </trkpt>
      <trkpt lat="52.16968392021954" lon="5.831339992582798">
        <ele>50.0</ele>
      </trkpt>
      <trkpt lat="52.16923096217215" lon="5.829500919207931">
        <ele>49.0</ele>
      </trkpt>
      <trkpt lat="52.16879996471107" lon="5.8261939231306314">
        <ele>47.0</ele>
      </trkpt>
      <trkpt lat="52.168682953342795" lon="5.825293958187103">
        <ele>46.0</ele>
      </trkpt>
      <trkpt lat="52.16871698386967" lon="5.825279960408807">
        <ele>46.0</ele>
      </trkpt>
      <trkpt lat="52.16891999356449" lon="5.825147945433855">
        <ele>45.0</ele>
      </trkpt>
      <trkpt lat="52.168937930837274" lon="5.825125984847546">
        <ele>45.0</ele>
      </trkpt>
      <trkpt lat="52.16980897821486" lon="5.824071960523725">
        <ele>44.0</ele>
      </trkpt>
      <trkpt lat="52.16989095322788" lon="5.823992919176817">
        <ele>44.0</ele>
      </trkpt>
      <trkpt lat="52.16995792463422" lon="5.823973976075649">
        <ele>44.0</ele>
      </trkpt>
      <trkpt lat="52.170079965144396" lon="5.823988979682326">
        <ele>44.0</ele>
      </trkpt>
      <trkpt lat="52.17017292045057" lon="5.824074978008866">
        <ele>44.0</ele>
      </trkpt>
      <trkpt lat="52.170528983697295" lon="5.824623992666602">
        <ele>44.0</ele>
      </trkpt>
      <trkpt lat="52.170745991170406" lon="5.824821973219514">
        <ele>44.0</ele>
      </trkpt>
      <trkpt lat="52.17090298421681" lon="5.824863966554403">
        <ele>45.0</ele>
      </trkpt>
      <trkpt lat="52.17159097082913" lon="5.824799928814173">
        <ele>45.0</ele>
      </trkpt>
      <trkpt lat="52.17180797830224" lon="5.824884921312332">
        <ele>45.0</ele>
      </trkpt>
      <trkpt lat="52.17198492027819" lon="5.825131935998797">
        <ele>46.0</ele>
      </trkpt>
      <trkpt lat="52.172207962721586" lon="5.825569974258542">
        <ele>47.0</ele>
      </trkpt>
      <trkpt lat="52.17246998101473" lon="5.825877925381064">
        <ele>47.0</ele>
      </trkpt>
      <trkpt lat="52.17254298739135" lon="5.826007928699255">
        <ele>48.0</ele>
      </trkpt>
      <trkpt lat="52.172720935195684" lon="5.826592985540628">
        <ele>49.0</ele>
      </trkpt>
      <trkpt lat="52.17294992879033" lon="5.82702599465847">
        <ele>50.0</ele>
      </trkpt>
      <trkpt lat="52.17303793877363" lon="5.827115932479501">
        <ele>50.0</ele>
      </trkpt>
      <trkpt lat="52.173146987333894" lon="5.827128924429417">
        <ele>51.0</ele>
      </trkpt>
      <trkpt lat="52.17348796315491" lon="5.8269669860601425">
        <ele>51.0</ele>
      </trkpt>
      <trkpt lat="52.17362995259464" lon="5.827010991051793">
        <ele>52.0</ele>
      </trkpt>
      <trkpt lat="52.17380899004638" lon="5.8271419163793325">
        <ele>52.0</ele>
      </trkpt>
      <trkpt lat="52.17393597587943" lon="5.827218946069479">
        <ele>53.0</ele>
      </trkpt>
      <trkpt lat="52.17411392368376" lon="5.82726295106113">
        <ele>53.0</ele>
      </trkpt>
      <trkpt lat="52.17419698834419" lon="5.82728398963809">
        <ele>53.0</ele>
      </trkpt>
      <trkpt lat="52.17449597083032" lon="5.827203942462802">
        <ele>52.0</ele>
      </trkpt>
      <trkpt lat="52.17432891950011" lon="5.825874991714954">
        <ele>52.0</ele>
      </trkpt>
      <trkpt lat="52.1743209566921" lon="5.825813971459866">
        <ele>51.0</ele>
      </trkpt>
      <trkpt lat="52.17429597862065" lon="5.82560895010829">
        <ele>51.0</ele>
      </trkpt>
      <trkpt lat="52.1740479581058" lon="5.823758980259299">
        <ele>50.0</ele>
      </trkpt>
      <trkpt lat="52.17391896061599" lon="5.822784919291735">
        <ele>48.0</ele>
      </trkpt>
      <trkpt lat="52.17372592538595" lon="5.821288917213678">
        <ele>47.0</ele>
      </trkpt>
      <trkpt lat="52.17359399423003" lon="5.820351988077164">
        <ele>46.0</ele>
      </trkpt>
      <trkpt lat="52.1733539365232" lon="5.82043094560504">
        <ele>45.0</ele>
      </trkpt>
      <trkpt lat="52.17312494292855" lon="5.818748949095607">
        <ele>44.0</ele>
      </trkpt>
      <trkpt lat="52.17311698012054" lon="5.818106979131699">
        <ele>43.0</ele>
      </trkpt>
      <trkpt lat="52.1731639187783" lon="5.817715963348746">
        <ele>42.0</ele>
      </trkpt>
      <trkpt lat="52.173192920163274" lon="5.817592917010188">
        <ele>41.0</ele>
      </trkpt>
      <trkpt lat="52.17331797815859" lon="5.817189998924732">
        <ele>40.0</ele>
      </trkpt>
      <trkpt lat="52.17333398759365" lon="5.817162925377488">
        <ele>39.0</ele>
      </trkpt>
      <trkpt lat="52.17361494898796" lon="5.816695969551802">
        <ele>39.0</ele>
      </trkpt>
      <trkpt lat="52.173497937619686" lon="5.816519949585199">
        <ele>38.0</ele>
      </trkpt>
      <trkpt lat="52.173408921808004" lon="5.816385922953486">
        <ele>37.0</ele>
      </trkpt>
      <trkpt lat="52.17303198762238" lon="5.816159946843982">
        <ele>37.0</ele>
      </trkpt>
      <trkpt lat="52.172888992354274" lon="5.816019969061017">
        <ele>37.0</ele>
      </trkpt>
      <trkpt lat="52.172806933522224" lon="5.81585593521595">
        <ele>37.0</ele>
      </trkpt>
      <trkpt lat="52.17277499847114" lon="5.815694918856025">
        <ele>37.0</ele>
      </trkpt>
      <trkpt lat="52.17267299070954" lon="5.8144839853048325">
        <ele>37.0</ele>
      </trkpt>
      <trkpt lat="52.17264197766781" lon="5.814305953681469">
        <ele>38.0</ele>
      </trkpt>
      <trkpt lat="52.17229697853327" lon="5.813567927107215">
        <ele>38.0</ele>
      </trkpt>
      <trkpt lat="52.1721519716084" lon="5.813077921047807">
        <ele>38.0</ele>
      </trkpt>
      <trkpt lat="52.17182792723179" lon="5.8116239961236715">
        <ele>39.0</ele>
      </trkpt>
      <trkpt lat="52.17174896970391" lon="5.81136398948729">
        <ele>40.0</ele>
      </trkpt>
      <trkpt lat="52.17139793559909" lon="5.810566954314709">
        <ele>40.0</ele>
      </trkpt>
      <trkpt lat="52.17116299085319" lon="5.8099529799073935">
        <ele>41.0</ele>
      </trkpt>
      <trkpt lat="52.171085961163044" lon="5.80970898270607">
        <ele>42.0</ele>
      </trkpt>
      <trkpt lat="52.170980935916305" lon="5.809605969116092">
        <ele>43.0</ele>
      </trkpt>
      <trkpt lat="52.17017694376409" lon="5.809925990179181">
        <ele>43.0</ele>
      </trkpt>
      <trkpt lat="52.168810945004225" lon="5.807655919343233">
        <ele>44.0</ele>
      </trkpt>
      <trkpt lat="52.16860399581492" lon="5.807312931865454">
        <ele>44.0</ele>
      </trkpt>
      <trkpt lat="52.16851498000324" lon="5.807483922690153">
        <ele>45.0</ele>
      </trkpt>
      <trkpt lat="52.16745098121464" lon="5.809528939425945">
        <ele>45.0</ele>
      </trkpt>
      <trkpt lat="52.16687296517193" lon="5.810991916805506">
        <ele>46.0</ele>
      </trkpt>
      <trkpt lat="52.166704991832376" lon="5.809653997421265">
        <ele>46.0</ele>
      </trkpt>
      <trkpt lat="52.16559497639537" lon="5.806300984695554">
        <ele>46.0</ele>
      </trkpt>
      <trkpt lat="52.16546799056232" lon="5.805917931720614">
        <ele>45.0</ele>
      </trkpt>
      <trkpt lat="52.16306598857045" lon="5.798716954886913">
        <ele>45.0</ele>
      </trkpt>
      <trkpt lat="52.16359597630799" lon="5.798077918589115">
        <ele>44.0</ele>
      </trkpt>
      <trkpt lat="52.16373092494905" lon="5.797639964148402">
        <ele>43.0</ele>
      </trkpt>
      <trkpt lat="52.16392697766423" lon="5.796844940632582">
        <ele>42.0</ele>
      </trkpt>
      <trkpt lat="52.16395195573568" lon="5.796548975631595">
        <ele>41.0</ele>
      </trkpt>
      <trkpt lat="52.16411096043885" lon="5.796049917116761">
        <ele>40.0</ele>
      </trkpt>
      <trkpt lat="52.1642099507153" lon="5.795830981805921">
        <ele>39.0</ele>
      </trkpt>
      <trkpt lat="52.16456391848624" lon="5.795124974101782">
        <ele>38.0</ele>
      </trkpt>
      <trkpt lat="52.16474496759474" lon="5.794832948595285">
        <ele>37.0</ele>
      </trkpt>
      <trkpt lat="52.164749996736646" lon="5.794688947498798">
        <ele>36.0</ele>
      </trkpt>
      <trkpt lat="52.164832977578044" lon="5.794300949200988">
        <ele>35.0</ele>
      </trkpt>
      <trkpt lat="52.16484194621444" lon="5.7940389309078455">
        <ele>34.0</ele>
      </trkpt>
      <trkpt lat="52.16455293819308" lon="5.79271593131125">
        <ele>34.0</ele>
      </trkpt>
      <trkpt lat="52.16454698704183" lon="5.792689947411418">
        <ele>33.0</ele>
      </trkpt>
      <trkpt lat="52.16428899206221" lon="5.791245996952057">
        <ele>33.0</ele>
      </trkpt>
      <trkpt lat="52.16417592018843" lon="5.790857998654246">
        <ele>33.0</ele>
      </trkpt>
      <trkpt lat="52.16396092437208" lon="5.790434964001179">
        <ele>33.0</ele>
      </trkpt>
      <trkpt lat="52.16376696713269" lon="5.789895923808217">
        <ele>33.0</ele>
      </trkpt>
      <trkpt lat="52.163614919409156" lon="5.789053961634636">
        <ele>33.0</ele>
      </trkpt>
      <trkpt lat="52.16271294280887" lon="5.787088992074132">
        <ele>33.0</ele>
      </trkpt>
      <trkpt lat="52.16259391978383" lon="5.786705939099193">
        <ele>33.0</ele>
      </trkpt>
      <trkpt lat="52.16252292506397" lon="5.78614192083478">
        <ele>34.0</ele>
      </trkpt>
      <trkpt lat="52.16245595365763" lon="5.785683933645487">
        <ele>34.0</ele>
      </trkpt>
      <trkpt lat="52.16196494176984" lon="5.784252975136042">
        <ele>35.0</ele>
      </trkpt>
      <trkpt lat="52.161937952041626" lon="5.78392599709332">
        <ele>35.0</ele>
      </trkpt>
      <trkpt lat="52.16279894113541" lon="5.783681999891996">
        <ele>35.0</ele>
      </trkpt>
      <trkpt lat="52.16297898441553" lon="5.783573957160115">
        <ele>36.0</ele>
      </trkpt>
      <trkpt lat="52.16366395354271" lon="5.783003987744451">
        <ele>36.0</ele>
      </trkpt>
      <trkpt lat="52.164366943761706" lon="5.782571984454989">
        <ele>37.0</ele>
      </trkpt>
      <trkpt lat="52.16456995345652" lon="5.782169988378882">
        <ele>37.0</ele>
      </trkpt>
      <trkpt lat="52.164665926247835" lon="5.781885925680399">
        <ele>37.0</ele>
      </trkpt>
      <trkpt lat="52.16488494537771" lon="5.78100498765707">
        <ele>37.0</ele>
      </trkpt>
      <trkpt lat="52.16540998779237" lon="5.781594989821315">
        <ele>36.0</ele>
      </trkpt>
      <trkpt lat="52.16564493253827" lon="5.781927919015288">
        <ele>36.0</ele>
      </trkpt>
      <trkpt lat="52.16592094860971" lon="5.782211981713772">
        <ele>36.0</ele>
      </trkpt>
      <trkpt lat="52.16663399711251" lon="5.782591933384538">
        <ele>35.0</ele>
      </trkpt>
      <trkpt lat="52.166917975991964" lon="5.782769965007901">
        <ele>34.0</ele>
      </trkpt>
      <trkpt lat="52.16707496903837" lon="5.782934920862317">
        <ele>33.0</ele>
      </trkpt>
      <trkpt lat="52.16732198372483" lon="5.783000970259309">
        <ele>33.0</ele>
      </trkpt>
      <trkpt lat="52.167415944859385" lon="5.783069953322411">
        <ele>32.0</ele>
      </trkpt>
      <trkpt lat="52.167882984504104" lon="5.7835429441183805">
        <ele>31.0</ele>
      </trkpt>
      <trkpt lat="52.167930928990245" lon="5.783673953264952">
        <ele>31.0</ele>
      </trkpt>
      <trkpt lat="52.16886593028903" lon="5.783394919708371">
        <ele>30.0</ele>
      </trkpt>
      <trkpt lat="52.16957394964993" lon="5.783129967749119">
        <ele>29.0</ele>
      </trkpt>
      <trkpt lat="52.169927917420864" lon="5.7829489186406136">
        <ele>29.0</ele>
      </trkpt>
      <trkpt lat="52.17026193626225" lon="5.782851940020919">
        <ele>29.0</ele>
      </trkpt>
      <trkpt lat="52.171006919816136" lon="5.7828049175441265">
        <ele>29.0</ele>
      </trkpt>
      <trkpt lat="52.172014927491546" lon="5.782537953928113">
        <ele>29.0</ele>
      </trkpt>
      <trkpt lat="52.172766951844096" lon="5.78158694319427">
        <ele>29.0</ele>
      </trkpt>
      <trkpt lat="52.17326098121703" lon="5.78128594905138">
        <ele>29.0</ele>
      </trkpt>
      <trkpt lat="52.1742189489305" lon="5.780865931883454">
        <ele>29.0</ele>
      </trkpt>
      <trkpt lat="52.17441198416054" lon="5.780804995447397">
        <ele>30.0</ele>
      </trkpt>
      <trkpt lat="52.17488396912813" lon="5.7805239502340555">
        <ele>30.0</ele>
      </trkpt>
      <trkpt lat="52.17507599852979" lon="5.780525961890817">
        <ele>31.0</ele>
      </trkpt>
      <trkpt lat="52.175194937735796" lon="5.7805769238621">
        <ele>31.0</ele>
      </trkpt>
      <trkpt lat="52.17529392801225" lon="5.780575918033719">
        <ele>32.0</ele>
      </trkpt>
      <trkpt lat="52.175452932715416" lon="5.7805009838193655">
        <ele>33.0</ele>
      </trkpt>
      <trkpt lat="52.175660971552134" lon="5.780443986877799">
        <ele>33.0</ele>
      </trkpt>
      <trkpt lat="52.17615592293441" lon="5.7801019214093685">
        <ele>34.0</ele>
      </trkpt>
      <trkpt lat="52.17623194679618" lon="5.7800359558314085">
        <ele>35.0</ele>
      </trkpt>
      <trkpt lat="52.1766799595207" lon="5.7800009194761515">
        <ele>36.0</ele>
      </trkpt>
      <trkpt lat="52.176908953115344" lon="5.779841998592019">
        <ele>36.0</ele>
      </trkpt>
      <trkpt lat="52.17713098973036" lon="5.779770920053124">
        <ele>37.0</ele>
      </trkpt>
      <trkpt lat="52.177234925329685" lon="5.779697997495532">
        <ele>37.0</ele>
      </trkpt>
      <trkpt lat="52.1773549541831" lon="5.779419969767332">
        <ele>37.0</ele>
      </trkpt>
      <trkpt lat="52.17739996500313" lon="5.779249984771013">
        <ele>38.0</ele>
      </trkpt>
      <trkpt lat="52.17782995663583" lon="5.778107950463891">
        <ele>38.0</ele>
      </trkpt>
      <trkpt lat="52.17803799547255" lon="5.777737973257899">
        <ele>38.0</ele>
      </trkpt>
      <trkpt lat="52.178328931331635" lon="5.777196921408176">
        <ele>38.0</ele>
      </trkpt>
      <trkpt lat="52.17851894907653" lon="5.776825938373804">
        <ele>38.0</ele>
      </trkpt>
      <trkpt lat="52.17862296849489" lon="5.776420924812555">
        <ele>38.0</ele>
      </trkpt>
      <trkpt lat="52.17905497178435" lon="5.7756489515304565">
        <ele>38.0</ele>
      </trkpt>
      <trkpt lat="52.17913895845413" lon="5.775469997897744">
        <ele>38.0</ele>
      </trkpt>
      <trkpt lat="52.179443975910544" lon="5.775129944086075">
        <ele>37.0</ele>
      </trkpt>
      <trkpt lat="52.17967892065644" lon="5.774941937997937">
        <ele>37.0</ele>
      </trkpt>
      <trkpt lat="52.18106595799327" lon="5.7740709744393826">
        <ele>36.0</ele>
      </trkpt>
      <trkpt lat="52.18113393522799" lon="5.774060999974608">
        <ele>35.0</ele>
      </trkpt>
      <trkpt lat="52.18371396884322" lon="5.773763945326209">
        <ele>35.0</ele>
      </trkpt>
      <trkpt lat="52.18387892469764" lon="5.7737399730831385">
        <ele>35.0</ele>
      </trkpt>
      <trkpt lat="52.18374992720783" lon="5.77234991826117">
        <ele>34.0</ele>
      </trkpt>
      <trkpt lat="52.183763924986124" lon="5.772200971841812">
        <ele>34.0</ele>
      </trkpt>
      <trkpt lat="52.18379996716976" lon="5.772139951586723">
        <ele>34.0</ele>
      </trkpt>
      <trkpt lat="52.184105990454555" lon="5.7718409691005945">
        <ele>33.0</ele>
      </trkpt>
      <trkpt lat="52.184665985405445" lon="5.770881995558739">
        <ele>33.0</ele>
      </trkpt>
      <trkpt lat="52.18489497900009" lon="5.770402969792485">
        <ele>33.0</ele>
      </trkpt>
      <trkpt lat="52.18492096289992" lon="5.770255951210856">
        <ele>32.0</ele>
      </trkpt>
      <trkpt lat="52.18477092683315" lon="5.770108932629228">
        <ele>32.0</ele>
      </trkpt>
      <trkpt lat="52.184429951012135" lon="5.769695956259966">
        <ele>32.0</ele>
      </trkpt>
      <trkpt lat="52.18413792550564" lon="5.7694469299167395">
        <ele>32.0</ele>
      </trkpt>
      <trkpt lat="52.18310996890068" lon="5.768729941919446">
        <ele>32.0</ele>
      </trkpt>
      <trkpt lat="52.18261191621423" lon="5.768229961395264">
        <ele>32.0</ele>
      </trkpt>
      <trkpt lat="52.18184597790241" lon="5.767441978678107">
        <ele>32.0</ele>
      </trkpt>
      <trkpt lat="52.18083092942834" lon="5.7664199732244015">
        <ele>32.0</ele>
      </trkpt>
      <trkpt lat="52.18063596636057" lon="5.766168935224414">
        <ele>32.0</ele>
      </trkpt>
      <trkpt lat="52.18015995807946" lon="5.765452953055501">
        <ele>33.0</ele>
      </trkpt>
      <trkpt lat="52.180134980008006" lon="5.76538598164916">
        <ele>33.0</ele>
      </trkpt>
      <trkpt lat="52.17911498621106" lon="5.764663964509964">
        <ele>34.0</ele>
      </trkpt>
      <trkpt lat="52.178737968206406" lon="5.764366993680596">
        <ele>34.0</ele>
      </trkpt>
      <trkpt lat="52.17801997438073" lon="5.763829965144396">
        <ele>34.0</ele>
      </trkpt>
      <trkpt lat="52.17516199685633" lon="5.7617319747805595">
        <ele>34.0</ele>
      </trkpt>
      <trkpt lat="52.17350992374122" lon="5.760539984330535">
        <ele>34.0</ele>
      </trkpt>
      <trkpt lat="52.17313592322171" lon="5.760253993794322">
        <ele>34.0</ele>
      </trkpt>
      <trkpt lat="52.16991593129933" lon="5.757859954610467">
        <ele>34.0</ele>
      </trkpt>
      <trkpt lat="52.16986798681319" lon="5.757877975702286">
        <ele>34.0</ele>
      </trkpt>
      <trkpt lat="52.16977293603122" lon="5.757913934066892">
        <ele>35.0</ele>
      </trkpt>
      <trkpt lat="52.169715939089656" lon="5.757933966815472">
        <ele>35.0</ele>
      </trkpt>
      <trkpt lat="52.169345961883664" lon="5.758093977347016">
        <ele>35.0</ele>
      </trkpt>
      <trkpt lat="52.168891998007894" lon="5.758192967623472">
        <ele>35.0</ele>
      </trkpt>
      <trkpt lat="52.16868999414146" lon="5.7581819873303175">
        <ele>35.0</ele>
      </trkpt>
      <trkpt lat="52.168490923941135" lon="5.758121972903609">
        <ele>35.0</ele>
      </trkpt>
      <trkpt lat="52.16815992258489" lon="5.757929943501949">
        <ele>35.0</ele>
      </trkpt>
      <trkpt lat="52.16800292953849" lon="5.757737997919321">
        <ele>35.0</ele>
      </trkpt>
      <trkpt lat="52.16710497625172" lon="5.757687957957387">
        <ele>35.0</ele>
      </trkpt>
      <trkpt lat="52.16615597717464" lon="5.757254948839545">
        <ele>34.0</ele>
      </trkpt>
      <trkpt lat="52.165805948898196" lon="5.757139949128032">
        <ele>34.0</ele>
      </trkpt>
      <trkpt lat="52.165669994428754" lon="5.757139949128032">
        <ele>34.0</ele>
      </trkpt>
      <trkpt lat="52.16492794454098" lon="5.7573299668729305">
        <ele>34.0</ele>
      </trkpt>
      <trkpt lat="52.16451697982848" lon="5.757506992667913">
        <ele>34.0</ele>
      </trkpt>
      <trkpt lat="52.164256973192096" lon="5.7577319629490376">
        <ele>34.0</ele>
      </trkpt>
      <trkpt lat="52.164128981530666" lon="5.75777898542583">
        <ele>34.0</ele>
      </trkpt>
      <trkpt lat="52.16378699988127" lon="5.757788959890604">
        <ele>34.0</ele>
      </trkpt>
      <trkpt lat="52.16340193524957" lon="5.757702961564064">
        <ele>34.0</ele>
      </trkpt>
      <trkpt lat="52.16314796358347" lon="5.757512943819165">
        <ele>34.0</ele>
      </trkpt>
      <trkpt lat="52.16245897114277" lon="5.756703922525048">
        <ele>34.0</ele>
      </trkpt>
      <trkpt lat="52.16235394589603" lon="5.756756979972124">
        <ele>34.0</ele>
      </trkpt>
      <trkpt lat="52.162023950368166" lon="5.756951943039894">
        <ele>34.0</ele>
      </trkpt>
      <trkpt lat="52.161893947049975" lon="5.757066942751408">
        <ele>34.0</ele>
      </trkpt>
      <trkpt lat="52.161999978125095" lon="5.757066942751408">
        <ele>34.0</ele>
      </trkpt>
      <trkpt lat="52.16218295507133" lon="5.757341952994466">
        <ele>34.0</ele>
      </trkpt>
      <trkpt lat="52.162189995869994" lon="5.757363997399807">
        <ele>34.0</ele>
      </trkpt>
      <trkpt lat="52.16218295507133" lon="5.757341952994466">
        <ele>34.0</ele>
      </trkpt>
      <trkpt lat="52.161999978125095" lon="5.757066942751408">
        <ele>34.0</ele>
      </trkpt>
      <trkpt lat="52.161893947049975" lon="5.757066942751408">
        <ele>34.0</ele>
      </trkpt>
      <trkpt lat="52.16190098784864" lon="5.7569709699600935">
        <ele>34.0</ele>
      </trkpt>
      <trkpt lat="52.16178799979389" lon="5.75649194419384">
        <ele>34.0</ele>
      </trkpt>
      <trkpt lat="52.16166294179857" lon="5.7559669855982065">
        <ele>34.0</ele>
      </trkpt>
      <trkpt lat="52.16162094846368" lon="5.755703961476684">
        <ele>34.0</ele>
      </trkpt>
      <trkpt lat="52.161567974835634" lon="5.754541978240013">
        <ele>34.0</ele>
      </trkpt>
      <trkpt lat="52.161616925150156" lon="5.75382792390883">
        <ele>33.0</ele>
      </trkpt>
      <trkpt lat="52.16150997206569" lon="5.7537799794226885">
        <ele>33.0</ele>
      </trkpt>
      <trkpt lat="52.16123999096453" lon="5.753559954464436">
        <ele>33.0</ele>
      </trkpt>
      <trkpt lat="52.16093991883099" lon="5.753239933401346">
        <ele>33.0</ele>
      </trkpt>
      <trkpt lat="52.160386964678764" lon="5.752813965082169">
        <ele>34.0</ele>
      </trkpt>
      <trkpt lat="52.160109942778945" lon="5.752599975094199">
        <ele>34.0</ele>
      </trkpt>
      <trkpt lat="52.159959990531206" lon="5.752369975671172">
        <ele>33.0</ele>
      </trkpt>
      <trkpt lat="52.15959998778999" lon="5.751609988510609">
        <ele>33.0</ele>
      </trkpt>
      <trkpt lat="52.1593299228698" lon="5.751249985769391">
        <ele>33.0</ele>
      </trkpt>
      <trkpt lat="52.158109936863184" lon="5.749439997598529">
        <ele>33.0</ele>
      </trkpt>
      <trkpt lat="52.15794699266553" lon="5.749262971803546">
        <ele>32.0</ele>
      </trkpt>
      <trkpt lat="52.158153941854835" lon="5.7491349801421165">
        <ele>32.0</ele>
      </trkpt>
      <trkpt lat="52.15848192572594" lon="5.748772965744138">
        <ele>32.0</ele>
      </trkpt>
      <trkpt lat="52.15972697362304" lon="5.747565971687436">
        <ele>32.0</ele>
      </trkpt>
      <trkpt lat="52.1602419577539" lon="5.74677798897028">
        <ele>32.0</ele>
      </trkpt>
      <trkpt lat="52.16037799604237" lon="5.74648093432188">
        <ele>32.0</ele>
      </trkpt>
      <trkpt lat="52.160750990733504" lon="5.745942983776331">
        <ele>32.0</ele>
      </trkpt>
      <trkpt lat="52.16082097962499" lon="5.745783979073167">
        <ele>32.0</ele>
      </trkpt>
      <trkpt lat="52.16054898686707" lon="5.745230941101909">
        <ele>33.0</ele>
      </trkpt>
      <trkpt lat="52.160109942778945" lon="5.744432983919978">
        <ele>33.0</ele>
      </trkpt>
      <trkpt lat="52.16020298190415" lon="5.744341956451535">
        <ele>33.0</ele>
      </trkpt>
      <trkpt lat="52.16033893637359" lon="5.744136935099959">
        <ele>34.0</ele>
      </trkpt>
      <trkpt lat="52.16046399436891" lon="5.743896961212158">
        <ele>34.0</ele>
      </trkpt>
      <trkpt lat="52.160627944394946" lon="5.743468981236219">
        <ele>34.0</ele>
      </trkpt>
      <trkpt lat="52.16064998880029" lon="5.743322968482971">
        <ele>34.0</ele>
      </trkpt>
      <trkpt lat="52.160644959658384" lon="5.742739923298359">
        <ele>34.0</ele>
      </trkpt>
      <trkpt lat="52.16069994494319" lon="5.7423589657992125">
        <ele>34.0</ele>
      </trkpt>
      <trkpt lat="52.1607789862901" lon="5.742067946121097">
        <ele>34.0</ele>
      </trkpt>
      <trkpt lat="52.160838916897774" lon="5.742031987756491">
        <ele>34.0</ele>
      </trkpt>
      <trkpt lat="52.16086599044502" lon="5.741965938359499">
        <ele>34.0</ele>
      </trkpt>
      <trkpt lat="52.16093296185136" lon="5.74199091643095">
        <ele>34.0</ele>
      </trkpt>
      <trkpt lat="52.16124292463064" lon="5.741707943379879">
        <ele>34.0</ele>
      </trkpt>
      <trkpt lat="52.161505948752165" lon="5.741542987525463">
        <ele>34.0</ele>
      </trkpt>
      <trkpt lat="52.16162094846368" lon="5.741434944793582">
        <ele>33.0</ele>
      </trkpt>
      <trkpt lat="52.16162698343396" lon="5.741434944793582">
        <ele>33.0</ele>
      </trkpt>
      <trkpt lat="52.161697978153825" lon="5.741436956450343">
        <ele>33.0</ele>
      </trkpt>
      <trkpt lat="52.16176897287369" lon="5.741381971165538">
        <ele>33.0</ele>
      </trkpt>
      <trkpt lat="52.16180392540991" lon="5.741167981177568">
        <ele>32.0</ele>
      </trkpt>
      <trkpt lat="52.161999978125095" lon="5.74084896594286">
        <ele>32.0</ele>
      </trkpt>
      <trkpt lat="52.16233399696648" lon="5.740822982043028">
        <ele>32.0</ele>
      </trkpt>
      <trkpt lat="52.16245997697115" lon="5.740593988448381">
        <ele>31.0</ele>
      </trkpt>
      <trkpt lat="52.162472968921065" lon="5.740415956825018">
        <ele>31.0</ele>
      </trkpt>
      <trkpt lat="52.162426952272654" lon="5.739800976589322">
        <ele>30.0</ele>
      </trkpt>
      <trkpt lat="52.1623779181391" lon="5.739632919430733">
        <ele>30.0</ele>
      </trkpt>
      <trkpt lat="52.16235696338117" lon="5.739140985533595">
        <ele>30.0</ele>
      </trkpt>
      <trkpt lat="52.162452936172485" lon="5.738879973068833">
        <ele>29.0</ele>
      </trkpt>
      <trkpt lat="52.162084970623255" lon="5.738217970356345">
        <ele>29.0</ele>
      </trkpt>
      <trkpt lat="52.16165095567703" lon="5.737552950158715">
        <ele>29.0</ele>
      </trkpt>
      <trkpt lat="52.16168498620391" lon="5.737402997910976">
        <ele>28.0</ele>
      </trkpt>
      <trkpt lat="52.16083497740328" lon="5.735914958640933">
        <ele>28.0</ele>
      </trkpt>
      <trkpt lat="52.16072592884302" lon="5.735966926440597">
        <ele>28.0</ele>
      </trkpt>
      <trkpt lat="52.16095592826605" lon="5.73635995388031">
        <ele>28.0</ele>
      </trkpt>
      <trkpt lat="52.16072592884302" lon="5.735966926440597">
        <ele>28.0</ele>
      </trkpt>
      <trkpt lat="52.1605009585619" lon="5.7355699595063925">
        <ele>28.0</ele>
      </trkpt>
      <trkpt lat="52.16043499298394" lon="5.735451942309737">
        <ele>28.0</ele>
      </trkpt>
      <trkpt lat="52.15992193669081" lon="5.734813995659351">
        <ele>28.0</ele>
      </trkpt>
      <trkpt lat="52.15973594225943" lon="5.734663959592581">
        <ele>28.0</ele>
      </trkpt>
      <trkpt lat="52.159634940326214" lon="5.734675945714116">
        <ele>28.0</ele>
      </trkpt>
      <trkpt lat="52.15946193784475" lon="5.734987920150161">
        <ele>28.0</ele>
      </trkpt>
      <trkpt lat="52.159294970333576" lon="5.735373990610242">
        <ele>28.0</ele>
      </trkpt>
      <trkpt lat="52.1590399928391" lon="5.736232968047261">
        <ele>28.0</ele>
      </trkpt>
      <trkpt lat="52.15891099534929" lon="5.736768990755081">
        <ele>28.0</ele>
      </trkpt>
      <trkpt lat="52.15880597010255" lon="5.737068979069591">
        <ele>29.0</ele>
      </trkpt>
      <trkpt lat="52.158308923244476" lon="5.737663926556706">
        <ele>29.0</ele>
      </trkpt>
      <trkpt lat="52.1574529632926" lon="5.7385539170354605">
        <ele>29.0</ele>
      </trkpt>
      <trkpt lat="52.15704694390297" lon="5.739145930856466">
        <ele>29.0</ele>
      </trkpt>
      <trkpt lat="52.1568279247731" lon="5.739465951919556">
        <ele>29.0</ele>
      </trkpt>
      <trkpt lat="52.1566759608686" lon="5.73983995243907">
        <ele>29.0</ele>
      </trkpt>
      <trkpt lat="52.15644093230367" lon="5.739544993266463">
        <ele>29.0</ele>
      </trkpt>
      <trkpt lat="52.156438920646906" lon="5.739548932760954">
        <ele>29.0</ele>
      </trkpt>
      <trkpt lat="52.15573098510504" lon="5.740176988765597">
        <ele>29.0</ele>
      </trkpt>
      <trkpt lat="52.15502296574414" lon="5.7408039551228285">
        <ele>29.0</ele>
      </trkpt>
      <trkpt lat="52.15431896969676" lon="5.741443997249007">
        <ele>29.0</ele>
      </trkpt>
      <trkpt lat="52.153790993615985" lon="5.741907935589552">
        <ele>29.0</ele>
      </trkpt>
      <trkpt lat="52.152607971802354" lon="5.740239936858416">
        <ele>29.0</ele>
      </trkpt>
      <trkpt lat="52.152418959885836" lon="5.739973979070783">
        <ele>29.0</ele>
      </trkpt>
      <trkpt lat="52.15234796516597" lon="5.739916982129216">
        <ele>29.0</ele>
      </trkpt>
      <trkpt lat="52.15227294713259" lon="5.739874988794327">
        <ele>29.0</ele>
      </trkpt>
      <trkpt lat="52.1518889721483" lon="5.739805921912193">
        <ele>29.0</ele>
      </trkpt>
      <trkpt lat="52.151406928896904" lon="5.7397219352424145">
        <ele>29.0</ele>
      </trkpt>
      <trkpt lat="52.15127591975033" lon="5.739729981869459">
        <ele>29.0</ele>
      </trkpt>
      <trkpt lat="52.15088197030127" lon="5.7399289682507515">
        <ele>29.0</ele>
      </trkpt>
      <trkpt lat="52.15072891674936" lon="5.740005997940898">
        <ele>28.0</ele>
      </trkpt>
      <trkpt lat="52.15005895122886" lon="5.740328952670097">
        <ele>28.0</ele>
      </trkpt>
      <trkpt lat="52.148783979937434" lon="5.740963965654373">
        <ele>28.0</ele>
      </trkpt>
      <trkpt lat="52.148574935272336" lon="5.741051975637674">
        <ele>27.0</ele>
      </trkpt>
      <trkpt lat="52.148508969694376" lon="5.741073936223984">
        <ele>27.0</ele>
      </trkpt>
      <trkpt lat="52.14799398556352" lon="5.739210974425077">
        <ele>26.0</ele>
      </trkpt>
      <trkpt lat="52.14759098365903" lon="5.737774986773729">
        <ele>26.0</ele>
      </trkpt>
      <trkpt lat="52.14742795564234" lon="5.737200994044542">
        <ele>25.0</ele>
      </trkpt>
      <trkpt lat="52.147301975637674" lon="5.7368819788098335">
        <ele>25.0</ele>
      </trkpt>
      <trkpt lat="52.14710097759962" lon="5.737200994044542">
        <ele>25.0</ele>
      </trkpt>
      <trkpt lat="52.14680199511349" lon="5.7375649362802505">
        <ele>24.0</ele>
      </trkpt>
      <trkpt lat="52.14514698833227" lon="5.740070957690477">
        <ele>24.0</ele>
      </trkpt>
      <trkpt lat="52.14490097947419" lon="5.740457950159907">
        <ele>24.0</ele>
      </trkpt>
      <trkpt lat="52.144357999786735" lon="5.741262948140502">
        <ele>23.0</ele>
      </trkpt>
      <trkpt lat="52.143972935155034" lon="5.741774998605251">
        <ele>23.0</ele>
      </trkpt>
      <trkpt lat="52.14503492228687" lon="5.745137985795736">
        <ele>23.0</ele>
      </trkpt>
      <trkpt lat="52.144832918420434" lon="5.745343929156661">
        <ele>23.0</ele>
      </trkpt>
      <trkpt lat="52.14379993267357" lon="5.746389990672469">
        <ele>23.0</ele>
      </trkpt>
      <trkpt lat="52.14296895079315" lon="5.747171938419342">
        <ele>23.0</ele>
      </trkpt>
      <trkpt lat="52.14277993887663" lon="5.7473499700427055">
        <ele>23.0</ele>
      </trkpt>
      <trkpt lat="52.141868993639946" lon="5.748139964416623">
        <ele>23.0</ele>
      </trkpt>
      <trkpt lat="52.14075797237456" lon="5.749024925753474">
        <ele>23.0</ele>
      </trkpt>
      <trkpt lat="52.14017693884671" lon="5.749172950163484">
        <ele>24.0</ele>
      </trkpt>
      <trkpt lat="52.1397749427706" lon="5.749211926013231">
        <ele>24.0</ele>
      </trkpt>
      <trkpt lat="52.138606924563646" lon="5.749284932389855">
        <ele>24.0</ele>
      </trkpt>
      <trkpt lat="52.138451943174005" lon="5.749294990673661">
        <ele>24.0</ele>
      </trkpt>
      <trkpt lat="52.138235941529274" lon="5.7500759325921535">
        <ele>25.0</ele>
      </trkpt>
      <trkpt lat="52.137958919629455" lon="5.75165499933064">
        <ele>25.0</ele>
      </trkpt>
      <trkpt lat="52.137699918821454" lon="5.75305393896997">
        <ele>25.0</ele>
      </trkpt>
      <trkpt lat="52.137637976557016" lon="5.753103978931904">
        <ele>25.0</ele>
      </trkpt>
      <trkpt lat="52.13721293024719" lon="5.753214955329895">
        <ele>26.0</ele>
      </trkpt>
      <trkpt lat="52.13713891804218" lon="5.753292990848422">
        <ele>26.0</ele>
      </trkpt>
      <trkpt lat="52.13711293414235" lon="5.753475967794657">
        <ele>26.0</ele>
      </trkpt>
      <trkpt lat="52.13721795938909" lon="5.755687952041626">
        <ele>26.0</ele>
      </trkpt>
      <trkpt lat="52.13721594773233" lon="5.756135964766145">
        <ele>27.0</ele>
      </trkpt>
      <trkpt lat="52.13714696466923" lon="5.757014974951744">
        <ele>27.0</ele>
      </trkpt>
      <trkpt lat="52.13708594441414" lon="5.7572869677096605">
        <ele>27.0</ele>
      </trkpt>
      <trkpt lat="52.13670699857175" lon="5.758449956774712">
        <ele>27.0</ele>
      </trkpt>
      <trkpt lat="52.13640592060983" lon="5.759507920593023">
        <ele>27.0</ele>
      </trkpt>
      <trkpt lat="52.13635797612369" lon="5.759677989408374">
        <ele>27.0</ele>
      </trkpt>
      <trkpt lat="52.13629796169698" lon="5.759792989119887">
        <ele>27.0</ele>
      </trkpt>
      <trkpt lat="52.13572598062456" lon="5.760536966845393">
        <ele>27.0</ele>
      </trkpt>
      <trkpt lat="52.135767973959446" lon="5.760719943791628">
        <ele>27.0</ele>
      </trkpt>
      <trkpt lat="52.135809967294335" lon="5.760822957381606">
        <ele>27.0</ele>
      </trkpt>
      <trkpt lat="52.135767973959446" lon="5.760719943791628">
        <ele>27.0</ele>
      </trkpt>
      <trkpt lat="52.135763950645924" lon="5.7608849834650755">
        <ele>27.0</ele>
      </trkpt>
      <trkpt lat="52.135702930390835" lon="5.761128980666399">
        <ele>27.0</ele>
      </trkpt>
      <trkpt lat="52.135249972343445" lon="5.761637929826975">
        <ele>27.0</ele>
      </trkpt>
      <trkpt lat="52.135168919339776" lon="5.761777991428971">
        <ele>27.0</ele>
      </trkpt>
      <trkpt lat="52.135009998455644" lon="5.762269925326109">
        <ele>27.0</ele>
      </trkpt>
      <trkpt lat="52.13489893823862" lon="5.762403951957822">
        <ele>27.0</ele>
      </trkpt>
      <trkpt lat="52.13438596576452" lon="5.762839978560805">
        <ele>27.0</ele>
      </trkpt>
      <trkpt lat="52.13253398425877" lon="5.763746984302998">
        <ele>27.0</ele>
      </trkpt>
      <trkpt lat="52.13234597817063" lon="5.763890985399485">
        <ele>27.0</ele>
      </trkpt>
      <trkpt lat="52.132156966254115" lon="5.7641039695590734">
        <ele>27.0</ele>
      </trkpt>
      <trkpt lat="52.131731919944286" lon="5.764665976166725">
        <ele>28.0</ele>
      </trkpt>
      <trkpt lat="52.13160895742476" lon="5.764769995585084">
        <ele>28.0</ele>
      </trkpt>
      <trkpt lat="52.13148691691458" lon="5.764810983091593">
        <ele>28.0</ele>
      </trkpt>
      <trkpt lat="52.13068393059075" lon="5.76486999168992">
        <ele>29.0</ele>
      </trkpt>
      <trkpt lat="52.13031797669828" lon="5.764831937849522">
        <ele>29.0</ele>
      </trkpt>
      <trkpt lat="52.12993391789496" lon="5.7649309281259775">
        <ele>30.0</ele>
      </trkpt>
      <trkpt lat="52.12992897257209" lon="5.764931933954358">
        <ele>30.0</ele>
      </trkpt>
      <trkpt lat="52.1298039983958" lon="5.764929922297597">
        <ele>30.0</ele>
      </trkpt>
      <trkpt lat="52.12971498258412" lon="5.764874937012792">
        <ele>30.0</ele>
      </trkpt>
      <trkpt lat="52.12936998344958" lon="5.764229949563742">
        <ele>30.0</ele>
      </trkpt>
      <trkpt lat="52.12894493713975" lon="5.763535927981138">
        <ele>29.0</ele>
      </trkpt>
      <trkpt lat="52.12840598076582" lon="5.763189923018217">
        <ele>29.0</ele>
      </trkpt>
      <trkpt lat="52.12836499325931" lon="5.763155976310372">
        <ele>29.0</ele>
      </trkpt>
      <trkpt lat="52.128311935812235" lon="5.762969981878996">
        <ele>28.0</ele>
      </trkpt>
      <trkpt lat="52.12789594195783" lon="5.760183921083808">
        <ele>28.0</ele>
      </trkpt>
      <trkpt lat="52.12756896391511" lon="5.7581899501383305">
        <ele>28.0</ele>
      </trkpt>
      <trkpt lat="52.12713897228241" lon="5.756562938913703">
        <ele>27.0</ele>
      </trkpt>
      <trkpt lat="52.12699396535754" lon="5.756015935912728">
        <ele>27.0</ele>
      </trkpt>
      <trkpt lat="52.127021960914135" lon="5.755985928699374">
        <ele>27.0</ele>
      </trkpt>
      <trkpt lat="52.127125980332494" lon="5.756389936432242">
        <ele>27.0</ele>
      </trkpt>
      <trkpt lat="52.127021960914135" lon="5.755985928699374">
        <ele>27.0</ele>
      </trkpt>
      <trkpt lat="52.12699396535754" lon="5.756015935912728">
        <ele>27.0</ele>
      </trkpt>
      <trkpt lat="52.12644796818495" lon="5.756596969440579">
        <ele>26.0</ele>
      </trkpt>
      <trkpt lat="52.12642994709313" lon="5.756614990532398">
        <ele>26.0</ele>
      </trkpt>
      <trkpt lat="52.126203970983624" lon="5.756028927862644">
        <ele>26.0</ele>
      </trkpt>
      <trkpt lat="52.12614697404206" lon="5.75599892064929">
        <ele>27.0</ele>
      </trkpt>
      <trkpt lat="52.1260479837656" lon="5.755899930372834">
        <ele>27.0</ele>
      </trkpt>
      <trkpt lat="52.12592996656895" lon="5.755895990878344">
        <ele>27.0</ele>
      </trkpt>
      <trkpt lat="52.12551296688616" lon="5.7562759425491095">
        <ele>27.0</ele>
      </trkpt>
      <trkpt lat="52.125471979379654" lon="5.756384991109371">
        <ele>28.0</ele>
      </trkpt>
      <trkpt lat="52.12524793110788" lon="5.756595963612199">
        <ele>28.0</ele>
      </trkpt>
      <trkpt lat="52.12483897805214" lon="5.756979938596487">
        <ele>28.0</ele>
      </trkpt>
      <trkpt lat="52.12463395670056" lon="5.757159981876612">
        <ele>29.0</ele>
      </trkpt>
      <trkpt lat="52.12475993670523" lon="5.757959950715303">
        <ele>29.0</ele>
      </trkpt>
      <trkpt lat="52.12478592060506" lon="5.758033962920308">
        <ele>29.0</ele>
      </trkpt>
      <trkpt lat="52.12485699914396" lon="5.758225992321968">
        <ele>30.0</ele>
      </trkpt>
      <trkpt lat="52.1242989320308" lon="5.758761931210756">
        <ele>30.0</ele>
      </trkpt>
      <trkpt lat="52.12420295923948" lon="5.758581971749663">
        <ele>31.0</ele>
      </trkpt>
      <trkpt lat="52.124164989218116" lon="5.75850997120142">
        <ele>31.0</ele>
      </trkpt>
      <trkpt lat="52.12410698644817" lon="5.7583999168127775">
        <ele>31.0</ele>
      </trkpt>
      <trkpt lat="52.12387195788324" lon="5.758014936000109">
        <ele>31.0</ele>
      </trkpt>
      <trkpt lat="52.12378193624318" lon="5.75795098207891">
        <ele>31.0</ele>
      </trkpt>
      <trkpt lat="52.12336292490363" lon="5.758352978155017">
        <ele>32.0</ele>
      </trkpt>
      <trkpt lat="52.12326695211232" lon="5.758308973163366">
        <ele>32.0</ele>
      </trkpt>
      <trkpt lat="52.12296998128295" lon="5.758539978414774">
        <ele>32.0</ele>
      </trkpt>
      <trkpt lat="52.12296495214105" lon="5.758521957322955">
        <ele>32.0</ele>
      </trkpt>
      <trkpt lat="52.122274953871965" lon="5.758782969787717">
        <ele>31.0</ele>
      </trkpt>
      <trkpt lat="52.121584955602884" lon="5.759042976424098">
        <ele>31.0</ele>
      </trkpt>
      <trkpt lat="52.12090493179858" lon="5.759244980290532">
        <ele>31.0</ele>
      </trkpt>
      <trkpt lat="52.1209039259702" lon="5.75926492922008">
        <ele>30.0</ele>
      </trkpt>
      <trkpt lat="52.1209039259702" lon="5.759265935048461">
        <ele>30.0</ele>
      </trkpt>
      <trkpt lat="52.1208949573338" lon="5.75930398888886">
        <ele>30.0</ele>
      </trkpt>
      <trkpt lat="52.12018299847841" lon="5.758444927632809">
        <ele>30.0</ele>
      </trkpt>
      <trkpt lat="52.11987395770848" lon="5.757140954956412">
        <ele>29.0</ele>
      </trkpt>
      <trkpt lat="52.11988292634487" lon="5.757025955244899">
        <ele>29.0</ele>
      </trkpt>
      <trkpt lat="52.11977396160364" lon="5.755940917879343">
        <ele>29.0</ele>
      </trkpt>
      <trkpt lat="52.11970598436892" lon="5.754721937701106">
        <ele>28.0</ele>
      </trkpt>
      <trkpt lat="52.11966399103403" lon="5.754342991858721">
        <ele>28.0</ele>
      </trkpt>
      <trkpt lat="52.117161992937326" lon="5.755514949560165">
        <ele>27.0</ele>
      </trkpt>
      <trkpt lat="52.11491899564862" lon="5.756584983319044">
        <ele>27.0</ele>
      </trkpt>
      <trkpt lat="52.1140359621495" lon="5.757055962458253">
        <ele>27.0</ele>
      </trkpt>
      <trkpt lat="52.11111092939973" lon="5.758616924285889">
        <ele>26.0</ele>
      </trkpt>
      <trkpt lat="52.11005598306656" lon="5.759183960035443">
        <ele>26.0</ele>
      </trkpt>
      <trkpt lat="52.109124921262264" lon="5.759685952216387">
        <ele>26.0</ele>
      </trkpt>
      <trkpt lat="52.109124921262264" lon="5.759634990245104">
        <ele>26.0</ele>
      </trkpt>
      <trkpt lat="52.10861496627331" lon="5.759902959689498">
        <ele>26.0</ele>
      </trkpt>
      <trkpt lat="52.108327969908714" lon="5.7599719427526">
        <ele>26.0</ele>
      </trkpt>
      <trkpt lat="52.10675694979727" lon="5.759791983291507">
        <ele>26.0</ele>
      </trkpt>
      <trkpt lat="52.10573896765709" lon="5.759468944743276">
        <ele>26.0</ele>
      </trkpt>
      <trkpt lat="52.10570493713021" lon="5.759493922814727">
        <ele>26.0</ele>
      </trkpt>
      <trkpt lat="52.10566093213856" lon="5.759594924747944">
        <ele>26.0</ele>
      </trkpt>
      <trkpt lat="52.105427999049425" lon="5.7606069557368755">
        <ele>26.0</ele>
      </trkpt>
      <trkpt lat="52.10539497435093" lon="5.760618941858411">
        <ele>26.0</ele>
      </trkpt>
      <trkpt lat="52.10532993078232" lon="5.760628916323185">
        <ele>26.0</ele>
      </trkpt>
      <trkpt lat="52.10426593199372" lon="5.76123995706439">
        <ele>26.0</ele>
      </trkpt>
      <trkpt lat="52.104056971147656" lon="5.761313969269395">
        <ele>26.0</ele>
      </trkpt>
      <trkpt lat="52.10385496728122" lon="5.761335929855704">
        <ele>26.0</ele>
      </trkpt>
      <trkpt lat="52.103062961250544" lon="5.761338947340846">
        <ele>26.0</ele>
      </trkpt>
      <trkpt lat="52.10299297235906" lon="5.761335929855704">
        <ele>26.0</ele>
      </trkpt>
      <trkpt lat="52.102873949334025" lon="5.761234927922487">
        <ele>26.0</ele>
      </trkpt>
      <trkpt lat="52.10277194157243" lon="5.761358980089426">
        <ele>26.0</ele>
      </trkpt>
      <trkpt lat="52.10223097354174" lon="5.761564923450351">
        <ele>26.0</ele>
      </trkpt>
      <trkpt lat="52.10202092304826" lon="5.761761981993914">
        <ele>26.0</ele>
      </trkpt>
      <trkpt lat="52.101389933377504" lon="5.762588940560818">
        <ele>26.0</ele>
      </trkpt>
      <trkpt lat="52.10095692425966" lon="5.763014992699027">
        <ele>26.0</ele>
      </trkpt>
      <trkpt lat="52.10090495646" lon="5.763220936059952">
        <ele>26.0</ele>
      </trkpt>
      <trkpt lat="52.100830944254994" lon="5.763284973800182">
        <ele>26.0</ele>
      </trkpt>
      <trkpt lat="52.100768918171525" lon="5.763276927173138">
        <ele>26.0</ele>
      </trkpt>
      <trkpt lat="52.100722985342145" lon="5.763270976021886">
        <ele>26.0</ele>
      </trkpt>
      <trkpt lat="52.100726924836636" lon="5.763431992381811">
        <ele>26.0</ele>
      </trkpt>
      <trkpt lat="52.10058795288205" lon="5.763471974059939">
        <ele>27.0</ele>
      </trkpt>
      <trkpt lat="52.1004939917475" lon="5.7635959424078465">
        <ele>27.0</ele>
      </trkpt>
      <trkpt lat="52.10010993294418" lon="5.764102963730693">
        <ele>27.0</ele>
      </trkpt>
      <trkpt lat="52.09963995963335" lon="5.76484895311296">
        <ele>27.0</ele>
      </trkpt>
      <trkpt lat="52.09961095824838" lon="5.764893963932991">
        <ele>27.0</ele>
      </trkpt>
      <trkpt lat="52.099629985168576" lon="5.764895975589752">
        <ele>28.0</ele>
      </trkpt>
      <trkpt lat="52.09873999468982" lon="5.7668799720704556">
        <ele>28.0</ele>
      </trkpt>
      <trkpt lat="52.09868894889951" lon="5.766962952911854">
        <ele>28.0</ele>
      </trkpt>
      <trkpt lat="52.09857193753123" lon="5.767024978995323">
        <ele>28.0</ele>
      </trkpt>
      <trkpt lat="52.09825191646814" lon="5.767193958163261">
        <ele>29.0</ele>
      </trkpt>
      <trkpt lat="52.098147980868816" lon="5.767279956489801">
        <ele>29.0</ele>
      </trkpt>
      <trkpt lat="52.097650934010744" lon="5.76813499443233">
        <ele>29.0</ele>
      </trkpt>
      <trkpt lat="52.097611958160996" lon="5.768273966386914">
        <ele>29.0</ele>
      </trkpt>
      <trkpt lat="52.09742294624448" lon="5.768854999914765">
        <ele>30.0</ele>
      </trkpt>
      <trkpt lat="52.09670998156071" lon="5.768803954124451">
        <ele>30.0</ele>
      </trkpt>
      <trkpt lat="52.095565935596824" lon="5.768728936091065">
        <ele>30.0</ele>
      </trkpt>
      <trkpt lat="52.09491399116814" lon="5.768766989931464">
        <ele>31.0</ele>
      </trkpt>
      <trkpt lat="52.09457192569971" lon="5.768804959952831">
        <ele>31.0</ele>
      </trkpt>
      <trkpt lat="52.093999944627285" lon="5.768851982429624">
        <ele>31.0</ele>
      </trkpt>
      <trkpt lat="52.09387597627938" lon="5.7687939796596766">
        <ele>31.0</ele>
      </trkpt>
      <trkpt lat="52.093442967161536" lon="5.7684629783034325">
        <ele>31.0</ele>
      </trkpt>
      <trkpt lat="52.09331799298525" lon="5.768410926684737">
        <ele>31.0</ele>
      </trkpt>
      <trkpt lat="52.091764993965626" lon="5.768249994143844">
        <ele>31.0</ele>
      </trkpt>
      <trkpt lat="52.09164295345545" lon="5.7682129461318254">
        <ele>31.0</ele>
      </trkpt>
      <trkpt lat="52.090950943529606" lon="5.7679499220103025">
        <ele>32.0</ele>
      </trkpt>
      <trkpt lat="52.09080392494798" lon="5.767839951440692">
        <ele>32.0</ele>
      </trkpt>
      <trkpt lat="52.09071692079306" lon="5.767671978101134">
        <ele>32.0</ele>
      </trkpt>
      <trkpt lat="52.09057996049523" lon="5.76751297339797">
        <ele>32.0</ele>
      </trkpt>
      <trkpt lat="52.09012499079108" lon="5.766948955133557">
        <ele>31.0</ele>
      </trkpt>
      <trkpt lat="52.090088948607445" lon="5.766904950141907">
        <ele>31.0</ele>
      </trkpt>
      <trkpt lat="52.0888099540025" lon="5.765331918373704">
        <ele>32.0</ele>
      </trkpt>
      <trkpt lat="52.0887219440192" lon="5.7652319222688675">
        <ele>32.0</ele>
      </trkpt>
      <trkpt lat="52.088692942634225" lon="5.765189928933978">
        <ele>32.0</ele>
      </trkpt>
      <trkpt lat="52.08859696984291" lon="5.76508398167789">
        <ele>32.0</ele>
      </trkpt>
      <trkpt lat="52.08831592462957" lon="5.764980968087912">
        <ele>32.0</ele>
      </trkpt>
      <trkpt lat="52.08813797682524" lon="5.764940986409783">
        <ele>32.0</ele>
      </trkpt>
      <trkpt lat="52.08748293109238" lon="5.764771923422813">
        <ele>32.0</ele>
      </trkpt>
      <trkpt lat="52.08738695830107" lon="5.764750968664885">
        <ele>32.0</ele>
      </trkpt>
      <trkpt lat="52.085987934842706" lon="5.764360958710313">
        <ele>31.0</ele>
      </trkpt>
      <trkpt lat="52.08548292517662" lon="5.764224920421839">
        <ele>31.0</ele>
      </trkpt>
      <trkpt lat="52.084761997684836" lon="5.7640409376472235">
        <ele>31.0</ele>
      </trkpt>
      <trkpt lat="52.08456493914127" lon="5.763986958190799">
        <ele>31.0</ele>
      </trkpt>
      <trkpt lat="52.08382096141577" lon="5.763789983466268">
        <ele>31.0</ele>
      </trkpt>
      <trkpt lat="52.08345492370427" lon="5.763686969876289">
        <ele>31.0</ele>
      </trkpt>
      <trkpt lat="52.08339499309659" lon="5.763664925470948">
        <ele>31.0</ele>
      </trkpt>
      <trkpt lat="52.08336699754" lon="5.763647994026542">
        <ele>31.0</ele>
      </trkpt>
      <trkpt lat="52.083059968426824" lon="5.762405963614583">
        <ele>30.0</ele>
      </trkpt>
      <trkpt lat="52.083041947335005" lon="5.762350978329778">
        <ele>30.0</ele>
      </trkpt>
      <trkpt lat="52.08171995356679" lon="5.761502981185913">
        <ele>30.0</ele>
      </trkpt>
      <trkpt lat="52.08085896447301" lon="5.760859921574593">
        <ele>30.0</ele>
      </trkpt>
      <trkpt lat="52.080699959769845" lon="5.760756991803646">
        <ele>30.0</ele>
      </trkpt>
      <trkpt lat="52.080375999212265" lon="5.760682979598641">
        <ele>30.0</ele>
      </trkpt>
      <trkpt lat="52.080142982304096" lon="5.76053093187511">
        <ele>30.0</ele>
      </trkpt>
      <trkpt lat="52.0799389667809" lon="5.760397994890809">
        <ele>30.0</ele>
      </trkpt>
      <trkpt lat="52.07946798764169" lon="5.760535961017013">
        <ele>30.0</ele>
      </trkpt>
      <trkpt lat="52.07888695411384" lon="5.760704940184951">
        <ele>30.0</ele>
      </trkpt>
      <trkpt lat="52.078789975494146" lon="5.760727990418673">
        <ele>30.0</ele>
      </trkpt>
      <trkpt lat="52.07853499799967" lon="5.760787921026349">
        <ele>31.0</ele>
      </trkpt>
      <trkpt lat="52.07755699753761" lon="5.760936951264739">
        <ele>31.0</ele>
      </trkpt>
      <trkpt lat="52.0774419978261" lon="5.760921947658062">
        <ele>32.0</ele>
      </trkpt>
      <trkpt lat="52.07630792632699" lon="5.760233961045742">
        <ele>32.0</ele>
      </trkpt>
      <trkpt lat="52.07379595376551" lon="5.758344931527972">
        <ele>33.0</ele>
      </trkpt>
      <trkpt lat="52.07362395711243" lon="5.758262956514955">
        <ele>33.0</ele>
      </trkpt>
      <trkpt lat="52.07335498183966" lon="5.758202942088246">
        <ele>34.0</ele>
      </trkpt>
      <trkpt lat="52.07274092361331" lon="5.75791091658175">
        <ele>34.0</ele>
      </trkpt>
      <trkpt lat="52.07168597728014" lon="5.757783930748701">
        <ele>35.0</ele>
      </trkpt>
      <trkpt lat="52.071423958987" lon="5.7576939929276705">
        <ele>36.0</ele>
      </trkpt>
      <trkpt lat="52.07108692266047" lon="5.757469944655895">
        <ele>36.0</ele>
      </trkpt>
      <trkpt lat="52.07075793296099" lon="5.757461981847882">
        <ele>36.0</ele>
      </trkpt>
      <trkpt lat="52.07021092996001" lon="5.757581926882267">
        <ele>37.0</ele>
      </trkpt>
      <trkpt lat="52.06882892176509" lon="5.757476985454559">
        <ele>37.0</ele>
      </trkpt>
      <trkpt lat="52.06876597367227" lon="5.757488971576095">
        <ele>37.0</ele>
      </trkpt>
      <trkpt lat="52.06596599891782" lon="5.760198924690485">
        <ele>37.0</ele>
      </trkpt>
      <trkpt lat="52.06460494548082" lon="5.761221935972571">
        <ele>38.0</ele>
      </trkpt>
      <trkpt lat="52.064476953819394" lon="5.761307934299111">
        <ele>38.0</ele>
      </trkpt>
      <trkpt lat="52.06433697603643" lon="5.761349927634001">
        <ele>39.0</ele>
      </trkpt>
      <trkpt lat="52.06361294724047" lon="5.761420922353864">
        <ele>40.0</ele>
      </trkpt>
      <trkpt lat="52.06324498169124" lon="5.761621920391917">
        <ele>40.0</ele>
      </trkpt>
      <trkpt lat="52.063142973929644" lon="5.761654945090413">
        <ele>41.0</ele>
      </trkpt>
      <trkpt lat="52.06261591985822" lon="5.761569952592254">
        <ele>41.0</ele>
      </trkpt>
      <trkpt lat="52.06257493235171" lon="5.761546986177564">
        <ele>41.0</ele>
      </trkpt>
      <trkpt lat="52.06223898567259" lon="5.761361997574568">
        <ele>42.0</ele>
      </trkpt>
      <trkpt lat="52.06216296181083" lon="5.761107942089438">
        <ele>42.0</ele>
      </trkpt>
      <trkpt lat="52.0620159432292" lon="5.7598259299993515">
        <ele>42.0</ele>
      </trkpt>
      <trkpt lat="52.06189096905291" lon="5.758855976164341">
        <ele>43.0</ele>
      </trkpt>
      <trkpt lat="52.061445973813534" lon="5.756444921717048">
        <ele>43.0</ele>
      </trkpt>
      <trkpt lat="52.06090399995446" lon="5.7549509312957525">
        <ele>43.0</ele>
      </trkpt>
      <trkpt lat="52.0607069414109" lon="5.754539966583252">
        <ele>43.0</ele>
      </trkpt>
      <trkpt lat="52.06067995168269" lon="5.754608949646354">
        <ele>43.0</ele>
      </trkpt>
      <trkpt lat="52.059836983680725" lon="5.756531925871968">
        <ele>42.0</ele>
      </trkpt>
      <trkpt lat="52.05969792790711" lon="5.756779946386814">
        <ele>42.0</ele>
      </trkpt>
      <trkpt lat="52.059364998713136" lon="5.75713693164289">
        <ele>41.0</ele>
      </trkpt>
      <trkpt lat="52.05898999236524" lon="5.757422922179103">
        <ele>40.0</ele>
      </trkpt>
      <trkpt lat="52.05845698714256" lon="5.757985934615135">
        <ele>39.0</ele>
      </trkpt>
      <trkpt lat="52.05793395638466" lon="5.758652966469526">
        <ele>38.0</ele>
      </trkpt>
      <trkpt lat="52.05760597251356" lon="5.759070971980691">
        <ele>37.0</ele>
      </trkpt>
      <trkpt lat="52.057104986160994" lon="5.759613951668143">
        <ele>36.0</ele>
      </trkpt>
      <trkpt lat="52.05697196535766" lon="5.759809920564294">
        <ele>35.0</ele>
      </trkpt>
      <trkpt lat="52.056766944006085" lon="5.760211916640401">
        <ele>34.0</ele>
      </trkpt>
      <trkpt lat="52.05634499900043" lon="5.761308940127492">
        <ele>33.0</ele>
      </trkpt>
      <trkpt lat="52.05572197213769" lon="5.762418955564499">
        <ele>32.0</ele>
      </trkpt>
      <trkpt lat="52.05465193837881" lon="5.7639119401574135">
        <ele>32.0</ele>
      </trkpt>
      <trkpt lat="52.05406797118485" lon="5.764784999191761">
        <ele>31.0</ele>
      </trkpt>
      <trkpt lat="52.053242940455675" lon="5.765819996595383">
        <ele>31.0</ele>
      </trkpt>
      <trkpt lat="52.052874974906445" lon="5.76643992215395">
        <ele>31.0</ele>
      </trkpt>
      <trkpt lat="52.05228396691382" lon="5.767552955076098">
        <ele>31.0</ele>
      </trkpt>
      <trkpt lat="52.051866967231035" lon="5.768275978043675">
        <ele>31.0</ele>
      </trkpt>
      <trkpt lat="52.05136598087847" lon="5.768975950777531">
        <ele>31.0</ele>
      </trkpt>
      <trkpt lat="52.05099399201572" lon="5.769543992355466">
        <ele>32.0</ele>
      </trkpt>
      <trkpt lat="52.04938793554902" lon="5.771679952740669">
        <ele>33.0</ele>
      </trkpt>
      <trkpt lat="52.0485429558903" lon="5.772323934361339">
        <ele>34.0</ele>
      </trkpt>
      <trkpt lat="52.04835997894406" lon="5.772531973198056">
        <ele>35.0</ele>
      </trkpt>
      <trkpt lat="52.04816392622888" lon="5.772984931245446">
        <ele>36.0</ele>
      </trkpt>
      <trkpt lat="52.04800693318248" lon="5.773293972015381">
        <ele>37.0</ele>
      </trkpt>
      <trkpt lat="52.047887993976474" lon="5.773729998618364">
        <ele>37.0</ele>
      </trkpt>
      <trkpt lat="52.047974998131394" lon="5.77361399307847">
        <ele>38.0</ele>
      </trkpt>
      <trkpt lat="52.047887993976474" lon="5.773729998618364">
        <ele>39.0</ele>
      </trkpt>
      <trkpt lat="52.04779998399317" lon="5.7739929389208555">
        <ele>40.0</ele>
      </trkpt>
      <trkpt lat="52.04717393964529" lon="5.775013938546181">
        <ele>40.0</ele>
      </trkpt>
      <trkpt lat="52.04680697992444" lon="5.7752979174256325">
        <ele>41.0</ele>
      </trkpt>
      <trkpt lat="52.04655694775283" lon="5.775424987077713">
        <ele>42.0</ele>
      </trkpt>
      <trkpt lat="52.04548196867108" lon="5.776001997292042">
        <ele>43.0</ele>
      </trkpt>
      <trkpt lat="52.044561970978975" lon="5.776266949251294">
        <ele>43.0</ele>
      </trkpt>
      <trkpt lat="52.04436399042606" lon="5.776431988924742">
        <ele>44.0</ele>
      </trkpt>
      <trkpt lat="52.043657982721925" lon="5.777163980528712">
        <ele>44.0</ele>
      </trkpt>
      <trkpt lat="52.043483974412084" lon="5.777342934161425">
        <ele>45.0</ele>
      </trkpt>
      <trkpt lat="52.04356293193996" lon="5.777601934969425">
        <ele>45.0</ele>
      </trkpt>
      <trkpt lat="52.043725959956646" lon="5.778322946280241">
        <ele>46.0</ele>
      </trkpt>
      <trkpt lat="52.04381296411157" lon="5.778706921264529">
        <ele>46.0</ele>
      </trkpt>
      <trkpt lat="52.044000970199704" lon="5.7797349616885185">
        <ele>46.0</ele>
      </trkpt>
      <trkpt lat="52.04343192279339" lon="5.783108929172158">
        <ele>46.0</ele>
      </trkpt>
      <trkpt lat="52.04324391670525" lon="5.783454934135079">
        <ele>46.0</ele>
      </trkpt>
      <trkpt lat="52.0428079739213" lon="5.785573963075876">
        <ele>46.0</ele>
      </trkpt>
      <trkpt lat="52.04250798560679" lon="5.786709962412715">
        <ele>46.0</ele>
      </trkpt>
      <trkpt lat="52.04243699088693" lon="5.787382945418358">
        <ele>45.0</ele>
      </trkpt>
      <trkpt lat="52.0419789198786" lon="5.790571924299002">
        <ele>44.0</ele>
      </trkpt>
      <trkpt lat="52.0419099368155" lon="5.791229987516999">
        <ele>43.0</ele>
      </trkpt>
      <trkpt lat="52.04186098650098" lon="5.792021993547678">
        <ele>42.0</ele>
      </trkpt>
      <trkpt lat="52.04183994792402" lon="5.792131964117289">
        <ele>41.0</ele>
      </trkpt>
      <trkpt lat="52.041768953204155" lon="5.792169934138656">
        <ele>40.0</ele>
      </trkpt>
      <trkpt lat="52.04152797348797" lon="5.792040936648846">
        <ele>39.0</ele>
      </trkpt>
      <trkpt lat="52.041319934651256" lon="5.7920819241553545">
        <ele>38.0</ele>
      </trkpt>
      <trkpt lat="52.041184986010194" lon="5.792161971330643">
        <ele>37.0</ele>
      </trkpt>
      <trkpt lat="52.041099993512034" lon="5.792332962155342">
        <ele>36.0</ele>
      </trkpt>
      <trkpt lat="52.04095792025328" lon="5.792777957394719">
        <ele>35.0</ele>
      </trkpt>
      <trkpt lat="52.04083797521889" lon="5.793050955981016">
        <ele>35.0</ele>
      </trkpt>
      <trkpt lat="52.04055793583393" lon="5.795928966253996">
        <ele>34.0</ele>
      </trkpt>
      <trkpt lat="52.040372947230935" lon="5.797716993838549">
        <ele>34.0</ele>
      </trkpt>
      <trkpt lat="52.04040094278753" lon="5.797802992165089">
        <ele>34.0</ele>
      </trkpt>
      <trkpt lat="52.04044494777918" lon="5.797864934429526">
        <ele>34.0</ele>
      </trkpt>
      <trkpt lat="52.04137491993606" lon="5.798039948567748">
        <ele>35.0</ele>
      </trkpt>
      <trkpt lat="52.04146393574774" lon="5.798112954944372">
        <ele>35.0</ele>
      </trkpt>
      <trkpt lat="52.0414939429611" lon="5.79819593578577">
        <ele>35.0</ele>
      </trkpt>
      <trkpt lat="52.041425965726376" lon="5.800507999956608">
        <ele>36.0</ele>
      </trkpt>
      <trkpt lat="52.041657976806164" lon="5.803960924968123">
        <ele>37.0</ele>
      </trkpt>
      <trkpt lat="52.04166895709932" lon="5.804117918014526">
        <ele>37.0</ele>
      </trkpt>
      <trkpt lat="52.04171095043421" lon="5.804442968219519">
        <ele>38.0</ele>
      </trkpt>
      <trkpt lat="52.04181999899447" lon="5.804932974278927">
        <ele>39.0</ele>
      </trkpt>
      <trkpt lat="52.03975595533848" lon="5.802793996408582">
        <ele>40.0</ele>
      </trkpt>
      <trkpt lat="52.03836992383003" lon="5.8013589307665825">
        <ele>41.0</ele>
      </trkpt>
      <trkpt lat="52.03556592576206" lon="5.798454936593771">
        <ele>42.0</ele>
      </trkpt>
      <trkpt lat="52.03527096658945" lon="5.798175986856222">
        <ele>43.0</ele>
      </trkpt>
      <trkpt lat="52.03262697905302" lon="5.795532921329141">
        <ele>44.0</ele>
      </trkpt>
      <trkpt lat="52.03262496739626" lon="5.7956089451909065">
        <ele>45.0</ele>
      </trkpt>
      <trkpt lat="52.030895948410034" lon="5.793845979496837">
        <ele>46.0</ele>
      </trkpt>
      <trkpt lat="52.03041692264378" lon="5.7933609187603">
        <ele>47.0</ele>
      </trkpt>
      <trkpt lat="52.03041298314929" lon="5.793356979265809">
        <ele>47.0</ele>
      </trkpt>
      <trkpt lat="52.03032497316599" lon="5.793267963454127">
        <ele>48.0</ele>
      </trkpt>
      <trkpt lat="52.03032195568085" lon="5.793265951797366">
        <ele>49.0</ele>
      </trkpt>
      <trkpt lat="52.02905394136906" lon="5.791966924443841">
        <ele>49.0</ele>
      </trkpt>
      <trkpt lat="52.02901094220579" lon="5.792077984660864">
        <ele>49.0</ele>
      </trkpt>
      <trkpt lat="52.02891195192933" lon="5.792149985209107">
        <ele>50.0</ele>
      </trkpt>
      <trkpt lat="52.028748923912644" lon="5.7925009354949">
        <ele>50.0</ele>
      </trkpt>
      <trkpt lat="52.028660997748375" lon="5.792628927156329">
        <ele>51.0</ele>
      </trkpt>
      <trkpt lat="52.02855999581516" lon="5.7927109859883785">
        <ele>51.0</ele>
      </trkpt>
      <trkpt lat="52.02841398306191" lon="5.7930569909513">
        <ele>51.0</ele>
      </trkpt>
      <trkpt lat="52.02802891843021" lon="5.793512966483831">
        <ele>52.0</ele>
      </trkpt>
      <trkpt lat="52.02776396647096" lon="5.794004984200001">
        <ele>52.0</ele>
      </trkpt>
      <trkpt lat="52.02764393761754" lon="5.7940819300711155">
        <ele>52.0</ele>
      </trkpt>
      <trkpt lat="52.02757596038282" lon="5.794274965301156">
        <ele>52.0</ele>
      </trkpt>
      <trkpt lat="52.02742198482156" lon="5.794484931975603">
        <ele>52.0</ele>
      </trkpt>
      <trkpt lat="52.02711897902191" lon="5.795074934139848">
        <ele>52.0</ele>
      </trkpt>
      <trkpt lat="52.026859978213906" lon="5.795311974361539">
        <ele>52.0</ele>
      </trkpt>
      <trkpt lat="52.02667993493378" lon="5.7956139743328094">
        <ele>52.0</ele>
      </trkpt>
      <trkpt lat="52.02622999437153" lon="5.7961249351501465">
        <ele>52.0</ele>
      </trkpt>
      <trkpt lat="52.02598197385669" lon="5.796508993953466">
        <ele>52.0</ele>
      </trkpt>
      <trkpt lat="52.02589597553015" lon="5.796723989769816">
        <ele>52.0</ele>
      </trkpt>
      <trkpt lat="52.025394989177585" lon="5.797422956675291">
        <ele>51.0</ele>
      </trkpt>
      <trkpt lat="52.025300944224" lon="5.797564946115017">
        <ele>51.0</ele>
      </trkpt>
      <trkpt lat="52.0252179633826" lon="5.797761920839548">
        <ele>51.0</ele>
      </trkpt>
      <trkpt lat="52.02489794231951" lon="5.798208927735686">
        <ele>50.0</ele>
      </trkpt>
      <trkpt lat="52.02483097091317" lon="5.79849592410028">
        <ele>49.0</ele>
      </trkpt>
      <trkpt lat="52.02482895925641" lon="5.798585945740342">
        <ele>49.0</ele>
      </trkpt>
      <trkpt lat="52.024968937039375" lon="5.798724917694926">
        <ele>48.0</ele>
      </trkpt>
      <trkpt lat="52.024986958131194" lon="5.798853999003768">
        <ele>47.0</ele>
      </trkpt>
      <trkpt lat="52.02493599615991" lon="5.798919964581728">
        <ele>46.0</ele>
      </trkpt>
      <trkpt lat="52.02504797838628" lon="5.7990859262645245">
        <ele>45.0</ele>
      </trkpt>
      <trkpt lat="52.02536297030747" lon="5.799432937055826">
        <ele>44.0</ele>
      </trkpt>
      <trkpt lat="52.027354929596186" lon="5.80182496458292">
        <ele>42.0</ele>
      </trkpt>
      <trkpt lat="52.02722794376314" lon="5.802194941788912">
        <ele>41.0</ele>
      </trkpt>
      <trkpt lat="52.02653291635215" lon="5.804227972403169">
        <ele>40.0</ele>
      </trkpt>
      <trkpt lat="52.02639092691243" lon="5.8045189920812845">
        <ele>39.0</ele>
      </trkpt>
      <trkpt lat="52.026253966614604" lon="5.804621921852231">
        <ele>39.0</ele>
      </trkpt>
      <trkpt lat="52.02617894858122" lon="5.8048049826174974">
        <ele>38.0</ele>
      </trkpt>
      <trkpt lat="52.02475897036493" lon="5.808747997507453">
        <ele>37.0</ele>
      </trkpt>
      <trkpt lat="52.02470197342336" lon="5.808728970587254">
        <ele>37.0</ele>
      </trkpt>
      <trkpt lat="52.02465796843171" lon="5.8087569661438465">
        <ele>36.0</ele>
      </trkpt>
      <trkpt lat="52.024601977318525" lon="5.808896943926811">
        <ele>36.0</ele>
      </trkpt>
      <trkpt lat="52.02422797679901" lon="5.810207957401872">
        <ele>35.0</ele>
      </trkpt>
      <trkpt lat="52.02421096153557" lon="5.810335949063301">
        <ele>35.0</ele>
      </trkpt>
      <trkpt lat="52.02422596514225" lon="5.810528984293342">
        <ele>35.0</ele>
      </trkpt>
      <trkpt lat="52.02439595013857" lon="5.811440935358405">
        <ele>35.0</ele>
      </trkpt>
      <trkpt lat="52.024535927921534" lon="5.811599940061569">
        <ele>35.0</ele>
      </trkpt>
      <trkpt lat="52.02464899979532" lon="5.811794986948371">
        <ele>34.0</ele>
      </trkpt>
      <trkpt lat="52.02484396286309" lon="5.812237970530987">
        <ele>34.0</ele>
      </trkpt>
      <trkpt lat="52.0248849503696" lon="5.812432933598757">
        <ele>34.0</ele>
      </trkpt>
      <trkpt lat="52.024900959804654" lon="5.8125069458037615">
        <ele>34.0</ele>
      </trkpt>
      <trkpt lat="52.02489995397627" lon="5.8126709796488285">
        <ele>34.0</ele>
      </trkpt>
      <trkpt lat="52.02489199116826" lon="5.812667962163687">
        <ele>33.0</ele>
      </trkpt>
      <trkpt lat="52.02474698424339" lon="5.812591938301921">
        <ele>33.0</ele>
      </trkpt>
      <trkpt lat="52.02472795732319" lon="5.812578946352005">
        <ele>33.0</ele>
      </trkpt>
      <trkpt lat="52.02467297203839" lon="5.812557991594076">
        <ele>33.0</ele>
      </trkpt>
      <trkpt lat="52.0245429687202" lon="5.81248096190393">
        <ele>33.0</ele>
      </trkpt>
      <trkpt lat="52.02380997128785" lon="5.812083994969726">
        <ele>33.0</ele>
      </trkpt>
      <trkpt lat="52.02366798184812" lon="5.812000930309296">
        <ele>33.0</ele>
      </trkpt>
      <trkpt lat="52.023654989898205" lon="5.81198894418776">
        <ele>33.0</ele>
      </trkpt>
      <trkpt lat="52.023443933576345" lon="5.811848966404796">
        <ele>33.0</ele>
      </trkpt>
      <trkpt lat="52.023073956370354" lon="5.81160195171833">
        <ele>33.0</ele>
      </trkpt>
      <trkpt lat="52.02272593975067" lon="5.811284948140383">
        <ele>33.0</ele>
      </trkpt>
      <trkpt lat="52.02239594422281" lon="5.810937937349081">
        <ele>33.0</ele>
      </trkpt>
      <trkpt lat="52.021571919322014" lon="5.809963960200548">
        <ele>32.0</ele>
      </trkpt>
      <trkpt lat="52.020905977115035" lon="5.809175977483392">
        <ele>33.0</ele>
      </trkpt>
      <trkpt lat="52.02054999768734" lon="5.808759983628988">
        <ele>33.0</ele>
      </trkpt>
      <trkpt lat="52.02023492194712" lon="5.808467958122492">
        <ele>33.0</ele>
      </trkpt>
      <trkpt lat="52.01966595835984" lon="5.808075936511159">
        <ele>33.0</ele>
      </trkpt>
      <trkpt lat="52.01941592618823" lon="5.807865969836712">
        <ele>33.0</ele>
      </trkpt>
      <trkpt lat="52.019269997254014" lon="5.807348974049091">
        <ele>33.0</ele>
      </trkpt>
      <trkpt lat="52.01915298588574" lon="5.807155938819051">
        <ele>33.0</ele>
      </trkpt>
      <trkpt lat="52.019035974517465" lon="5.806993916630745">
        <ele>33.0</ele>
      </trkpt>
      <trkpt lat="52.018951987847686" lon="5.806879922747612">
        <ele>33.0</ele>
      </trkpt>
      <trkpt lat="52.018864983692765" lon="5.807031970471144">
        <ele>33.0</ele>
      </trkpt>
      <trkpt lat="52.018820978701115" lon="5.807109922170639">
        <ele>33.0</ele>
      </trkpt>
      <trkpt lat="52.01874596066773" lon="5.807233974337578">
        <ele>33.0</ele>
      </trkpt>
      <trkpt lat="52.018608916550875" lon="5.807355931028724">
        <ele>34.0</ele>
      </trkpt>
      <trkpt lat="52.01822795905173" lon="5.8080539759248495">
        <ele>34.0</ele>
      </trkpt>
      <trkpt lat="52.01750099658966" lon="5.809629941359162">
        <ele>34.0</ele>
      </trkpt>
      <trkpt lat="52.017184998840094" lon="5.8103549759835005">
        <ele>35.0</ele>
      </trkpt>
      <trkpt lat="52.01694695279002" lon="5.8109799306839705">
        <ele>35.0</ele>
      </trkpt>
      <trkpt lat="52.016672948375344" lon="5.81177294254303">
        <ele>36.0</ele>
      </trkpt>
      <trkpt lat="52.016138937324286" lon="5.813481928780675">
        <ele>37.0</ele>
      </trkpt>
      <trkpt lat="52.01626097783446" lon="5.813514953479171">
        <ele>37.0</ele>
      </trkpt>
      <trkpt lat="52.01645392924547" lon="5.8136039692908525">
        <ele>37.0</ele>
      </trkpt>
      <trkpt lat="52.016478991135955" lon="5.813612937927246">
        <ele>38.0</ele>
      </trkpt>
      <trkpt lat="52.016673954203725" lon="5.813632970675826">
        <ele>38.0</ele>
      </trkpt>
      <trkpt lat="52.01671393588185" lon="5.813523922115564">
        <ele>38.0</ele>
      </trkpt>
      <trkpt lat="52.016846956685185" lon="5.813259975984693">
        <ele>38.0</ele>
      </trkpt>
      <trkpt lat="52.01710897497833" lon="5.812882957980037">
        <ele>39.0</ele>
      </trkpt>
      <trkpt lat="52.01719899661839" lon="5.8126759249717">
        <ele>39.0</ele>
      </trkpt>
      <trkpt lat="52.01722992584109" lon="5.81232899799943">
        <ele>39.0</ele>
      </trkpt>
      <trkpt lat="52.01719799079001" lon="5.8117609564214945">
        <ele>38.0</ele>
      </trkpt>
      <trkpt lat="52.01730494387448" lon="5.812035966664553">
        <ele>38.0</ele>
      </trkpt>
      <trkpt lat="52.017379961907864" lon="5.8121479488909245">
        <ele>38.0</ele>
      </trkpt>
      <trkpt lat="52.0174989849329" lon="5.812156917527318">
        <ele>38.0</ele>
      </trkpt>
      <trkpt lat="52.01775396242738" lon="5.812391946092248">
        <ele>38.0</ele>
      </trkpt>
      <trkpt lat="52.017918918281794" lon="5.812536953017116">
        <ele>38.0</ele>
      </trkpt>
      <trkpt lat="52.01775396242738" lon="5.812391946092248">
        <ele>38.0</ele>
      </trkpt>
      <trkpt lat="52.0174989849329" lon="5.812156917527318">
        <ele>38.0</ele>
      </trkpt>
      <trkpt lat="52.017379961907864" lon="5.8121479488909245">
        <ele>37.0</ele>
      </trkpt>
      <trkpt lat="52.01730494387448" lon="5.812035966664553">
        <ele>37.0</ele>
      </trkpt>
      <trkpt lat="52.017232943326235" lon="5.811850978061557">
        <ele>37.0</ele>
      </trkpt>
      <trkpt lat="52.01723797246814" lon="5.811845948919654">
        <ele>37.0</ele>
      </trkpt>
      <trkpt lat="52.017232943326235" lon="5.811851983889937">
        <ele>36.0</ele>
      </trkpt>
      <trkpt lat="52.016846956685185" lon="5.813109939917922">
        <ele>37.0</ele>
      </trkpt>
      <trkpt lat="52.016460970044136" lon="5.814368985593319">
        <ele>37.0</ele>
      </trkpt>
      <trkpt lat="52.016073977574706" lon="5.815626941621304">
        <ele>37.0</ele>
      </trkpt>
      <trkpt lat="52.01568799093366" lon="5.8168859872967005">
        <ele>36.0</ele>
      </trkpt>
      <trkpt lat="52.015301920473576" lon="5.818143943324685">
        <ele>36.0</ele>
      </trkpt>
      <trkpt lat="52.014914928004146" lon="5.819402989000082">
        <ele>36.0</ele>
      </trkpt>
      <trkpt lat="52.014931943267584" lon="5.819343980401754">
        <ele>36.0</ele>
      </trkpt>
      <trkpt lat="52.015254981815815" lon="5.819499967619777">
        <ele>36.0</ele>
      </trkpt>
      <trkpt lat="52.015301920473576" lon="5.819522934034467">
        <ele>36.0</ele>
      </trkpt>
      <trkpt lat="52.01633297838271" lon="5.820260960608721">
        <ele>37.0</ele>
      </trkpt>
      <trkpt lat="52.0165179669857" lon="5.820294991135597">
        <ele>37.0</ele>
      </trkpt>
      <trkpt lat="52.01667697168887" lon="5.8203929755836725">
        <ele>37.0</ele>
      </trkpt>
      <trkpt lat="52.01851193793118" lon="5.821700971573591">
        <ele>38.0</ele>
      </trkpt>
      <trkpt lat="52.01864596456289" lon="5.821915967389941">
        <ele>38.0</ele>
      </trkpt>
      <trkpt lat="52.01871897093952" lon="5.821977993473411">
        <ele>38.0</ele>
      </trkpt>
      <trkpt lat="52.017748933285475" lon="5.825133947655559">
        <ele>38.0</ele>
      </trkpt>
      <trkpt lat="52.01792696490884" lon="5.8252679742872715">
        <ele>39.0</ele>
      </trkpt>
      <trkpt lat="52.0180309843272" lon="5.825345925986767">
        <ele>39.0</ele>
      </trkpt>
      <trkpt lat="52.018372965976596" lon="5.825690925121307">
        <ele>39.0</ele>
      </trkpt>
      <trkpt lat="52.01863498426974" lon="5.825833920389414">
        <ele>39.0</ele>
      </trkpt>
      <trkpt lat="52.01872894540429" lon="5.82593391649425">
        <ele>39.0</ele>
      </trkpt>
      <trkpt lat="52.01880999840796" lon="5.8260799292474985">
        <ele>39.0</ele>
      </trkpt>
      <trkpt lat="52.01908794231713" lon="5.827076956629753">
        <ele>39.0</ele>
      </trkpt>
      <trkpt lat="52.019190955907106" lon="5.827314918860793">
        <ele>39.0</ele>
      </trkpt>
      <trkpt lat="52.01936697587371" lon="5.827932916581631">
        <ele>39.0</ele>
      </trkpt>
      <trkpt lat="52.01969898305833" lon="5.828770939260721">
        <ele>40.0</ele>
      </trkpt>
      <trkpt lat="52.019809959456325" lon="5.828964980319142">
        <ele>40.0</ele>
      </trkpt>
      <trkpt lat="52.0199129730463" lon="5.829142928123474">
        <ele>40.0</ele>
      </trkpt>
      <trkpt lat="52.01932699419558" lon="5.830887956544757">
        <ele>40.0</ele>
      </trkpt>
      <trkpt lat="52.01893991790712" lon="5.832040971145034">
        <ele>40.0</ele>
      </trkpt>
      <trkpt lat="52.01891594566405" lon="5.83246492780745">
        <ele>40.0</ele>
      </trkpt>
      <trkpt lat="52.018932960927486" lon="5.8329699374735355">
        <ele>40.0</ele>
      </trkpt>
      <trkpt lat="52.01892298646271" lon="5.833175964653492">
        <ele>40.0</ele>
      </trkpt>
      <trkpt lat="52.01859693042934" lon="5.8343099523335695">
        <ele>41.0</ele>
      </trkpt>
      <trkpt lat="52.019854970276356" lon="5.835163984447718">
        <ele>41.0</ele>
      </trkpt>
      <trkpt lat="52.02010097913444" lon="5.835289964452386">
        <ele>42.0</ele>
      </trkpt>
      <trkpt lat="52.0226969383657" lon="5.837030969560146">
        <ele>43.0</ele>
      </trkpt>
      <trkpt lat="52.0227899774909" lon="5.837178993970156">
        <ele>43.0</ele>
      </trkpt>
      <trkpt lat="52.02261094003916" lon="5.837538996711373">
        <ele>43.0</ele>
      </trkpt>
      <trkpt lat="52.02293599024415" lon="5.8379939664155245">
        <ele>44.0</ele>
      </trkpt>
      <trkpt lat="52.02315894886851" lon="5.8385019935667515">
        <ele>44.0</ele>
      </trkpt>
      <trkpt lat="52.0232199691236" lon="5.838783960789442">
        <ele>45.0</ele>
      </trkpt>
      <trkpt lat="52.02321896329522" lon="5.839008931070566">
        <ele>45.0</ele>
      </trkpt>
      <trkpt lat="52.02321795746684" lon="5.839451998472214">
        <ele>46.0</ele>
      </trkpt>
      <trkpt lat="52.02313296496868" lon="5.841886941343546">
        <ele>46.0</ele>
      </trkpt>
      <trkpt lat="52.02312793582678" lon="5.842000935226679">
        <ele>46.0</ele>
      </trkpt>
      <trkpt lat="52.02303799800575" lon="5.84427896887064">
        <ele>47.0</ele>
      </trkpt>
      <trkpt lat="52.0230299513787" lon="5.844465969130397">
        <ele>47.0</ele>
      </trkpt>
      <trkpt lat="52.0229419413954" lon="5.846680970862508">
        <ele>47.0</ele>
      </trkpt>
      <trkpt lat="52.02280095778406" lon="5.850201956927776">
        <ele>47.0</ele>
      </trkpt>
      <trkpt lat="52.02278092503548" lon="5.850651981309056">
        <ele>47.0</ele>
      </trkpt>
      <trkpt lat="52.02272795140743" lon="5.851784963160753">
        <ele>47.0</ele>
      </trkpt>
      <trkpt lat="52.02274194918573" lon="5.852492982521653">
        <ele>47.0</ele>
      </trkpt>
      <trkpt lat="52.023228937759995" lon="5.854833964258432">
        <ele>47.0</ele>
      </trkpt>
      <trkpt lat="52.023245953023434" lon="5.854913927614689">
        <ele>46.0</ele>
      </trkpt>
      <trkpt lat="52.02401298098266" lon="5.858606994152069">
        <ele>46.0</ele>
      </trkpt>
      <trkpt lat="52.024083975702524" lon="5.858957944437861">
        <ele>45.0</ele>
      </trkpt>
      <trkpt lat="52.02429394237697" lon="5.8599919360131025">
        <ele>45.0</ele>
      </trkpt>
      <trkpt lat="52.0245239418" lon="5.861120978370309">
        <ele>44.0</ele>
      </trkpt>
      <trkpt lat="52.024966925382614" lon="5.863262973725796">
        <ele>44.0</ele>
      </trkpt>
      <trkpt lat="52.025162978097796" lon="5.864208955317736">
        <ele>43.0</ele>
      </trkpt>
      <trkpt lat="52.02516993507743" lon="5.86426192894578">
        <ele>43.0</ele>
      </trkpt>
      <trkpt lat="52.02564393170178" lon="5.866578938439488">
        <ele>42.0</ele>
      </trkpt>
      <trkpt lat="52.02600695192814" lon="5.868395967409015">
        <ele>42.0</ele>
      </trkpt>
      <trkpt lat="52.0260139927268" lon="5.868582967668772">
        <ele>42.0</ele>
      </trkpt>
      <trkpt lat="52.02595196664333" lon="5.8689879812300205">
        <ele>42.0</ele>
      </trkpt>
      <trkpt lat="52.02605598606169" lon="5.869464995339513">
        <ele>41.0</ele>
      </trkpt>
      <trkpt lat="52.02613393776119" lon="5.86982499808073">
        <ele>41.0</ele>
      </trkpt>
      <trkpt lat="52.02615799382329" lon="5.8699489664286375">
        <ele>41.0</ele>
      </trkpt>
      <trkpt lat="52.02618992887437" lon="5.8700929675251245">
        <ele>41.0</ele>
      </trkpt>
      <trkpt lat="52.026191940531135" lon="5.870268987491727">
        <ele>41.0</ele>
      </trkpt>
      <trkpt lat="52.0259399805218" lon="5.87148193269968">
        <ele>41.0</ele>
      </trkpt>
      <trkpt lat="52.0259069558233" lon="5.871790973469615">
        <ele>41.0</ele>
      </trkpt>
      <trkpt lat="52.02590494416654" lon="5.871816957369447">
        <ele>41.0</ele>
      </trkpt>
      <trkpt lat="52.025892958045006" lon="5.87190798483789">
        <ele>41.0</ele>
      </trkpt>
      <trkpt lat="52.025890946388245" lon="5.872000940144062">
        <ele>41.0</ele>
      </trkpt>
      <trkpt lat="52.02738594263792" lon="5.871707992628217">
        <ele>41.0</ele>
      </trkpt>
      <trkpt lat="52.02775692567229" lon="5.871592992916703">
        <ele>41.0</ele>
      </trkpt>
      <trkpt lat="52.02787494286895" lon="5.87156399153173">
        <ele>41.0</ele>
      </trkpt>
      <trkpt lat="52.02810192480683" lon="5.871508922427893">
        <ele>41.0</ele>
      </trkpt>
      <trkpt lat="52.0290239341557" lon="5.871292920783162">
        <ele>41.0</ele>
      </trkpt>
      <trkpt lat="52.03004292212427" lon="5.871044984087348">
        <ele>41.0</ele>
      </trkpt>
      <trkpt lat="52.03092293813825" lon="5.870876926928759">
        <ele>41.0</ele>
      </trkpt>
      <trkpt lat="52.03129593282938" lon="5.870970971882343">
        <ele>41.0</ele>
      </trkpt>
      <trkpt lat="52.03145996667445" lon="5.870962925255299">
        <ele>42.0</ele>
      </trkpt>
      <trkpt lat="52.03153196722269" lon="5.87096594274044">
        <ele>42.0</ele>
      </trkpt>
      <trkpt lat="52.0316419377923" lon="5.871013971045613">
        <ele>42.0</ele>
      </trkpt>
      <trkpt lat="52.03170396387577" lon="5.871122935786843">
        <ele>43.0</ele>
      </trkpt>
      <trkpt lat="52.03181594610214" lon="5.871683936566114">
        <ele>43.0</ele>
      </trkpt>
      <trkpt lat="52.032080981880426" lon="5.8733079303056">
        <ele>43.0</ele>
      </trkpt>
      <trkpt lat="52.032101936638355" lon="5.8735619857907295">
        <ele>44.0</ele>
      </trkpt>
      <trkpt lat="52.032123981043696" lon="5.873954929411411">
        <ele>44.0</ele>
      </trkpt>
      <trkpt lat="52.03230092301965" lon="5.875066956505179">
        <ele>44.0</ele>
      </trkpt>
      <trkpt lat="52.032404942438006" lon="5.875715967267752">
        <ele>45.0</ele>
      </trkpt>
      <trkpt lat="52.032808950170875" lon="5.8782099187374115">
        <ele>45.0</ele>
      </trkpt>
      <trkpt lat="52.03338294290006" lon="5.881846994161606">
        <ele>46.0</ele>
      </trkpt>
      <trkpt lat="52.03359299339354" lon="5.883174939081073">
        <ele>46.0</ele>
      </trkpt>
      <trkpt lat="52.03369894064963" lon="5.883876923471689">
        <ele>46.0</ele>
      </trkpt>
      <trkpt lat="52.034143935889006" lon="5.88656198233366">
        <ele>47.0</ele>
      </trkpt>
      <trkpt lat="52.034375946968794" lon="5.8876309264451265">
        <ele>47.0</ele>
      </trkpt>
      <trkpt lat="52.03438592143357" lon="5.887709967792034">
        <ele>47.0</ele>
      </trkpt>
      <trkpt lat="52.03435096889734" lon="5.8879009913653135">
        <ele>48.0</ele>
      </trkpt>
      <trkpt lat="52.03436396084726" lon="5.888010961934924">
        <ele>48.0</ele>
      </trkpt>
      <trkpt lat="52.034378964453936" lon="5.888094948604703">
        <ele>48.0</ele>
      </trkpt>
      <trkpt lat="52.034481978043914" lon="5.888283960521221">
        <ele>49.0</ele>
      </trkpt>
      <trkpt lat="52.03464592806995" lon="5.889459941536188">
        <ele>49.0</ele>
      </trkpt>
      <trkpt lat="52.03511397354305" lon="5.8925769198685884">
        <ele>50.0</ele>
      </trkpt>
      <trkpt lat="52.035212963819504" lon="5.893212938681245">
        <ele>50.0</ele>
      </trkpt>
      <trkpt lat="52.03522494994104" lon="5.8934789802879095">
        <ele>51.0</ele>
      </trkpt>
      <trkpt lat="52.03528697602451" lon="5.893706968054175">
        <ele>51.0</ele>
      </trkpt>
      <trkpt lat="52.03536098822951" lon="5.894168978556991">
        <ele>52.0</ele>
      </trkpt>
      <trkpt lat="52.03544095158577" lon="5.894877919927239">
        <ele>52.0</ele>
      </trkpt>
      <trkpt lat="52.03555293381214" lon="5.895514944568276">
        <ele>53.0</ele>
      </trkpt>
      <trkpt lat="52.03563993796706" lon="5.8958659786731005">
        <ele>53.0</ele>
      </trkpt>
      <trkpt lat="52.03565896488726" lon="5.896233944222331">
        <ele>54.0</ele>
      </trkpt>
      <trkpt lat="52.03574194572866" lon="5.896555976942182">
        <ele>54.0</ele>
      </trkpt>
      <trkpt lat="52.03591193072498" lon="5.8978609554469585">
        <ele>55.0</ele>
      </trkpt>
      <trkpt lat="52.035946967080235" lon="5.898426985368133">
        <ele>55.0</ele>
      </trkpt>
      <trkpt lat="52.03595794737339" lon="5.898576937615871">
        <ele>55.0</ele>
      </trkpt>
      <trkpt lat="52.03598393127322" lon="5.898671988397837">
        <ele>56.0</ele>
      </trkpt>
      <trkpt lat="52.03608895651996" lon="5.898844990879297">
        <ele>56.0</ele>
      </trkpt>
      <trkpt lat="52.036139918491244" lon="5.899005923420191">
        <ele>56.0</ele>
      </trkpt>
      <trkpt lat="52.0365309342742" lon="5.901420917361975">
        <ele>56.0</ele>
      </trkpt>
      <trkpt lat="52.03666999004781" lon="5.902402941137552">
        <ele>56.0</ele>
      </trkpt>
      <trkpt lat="52.036803932860494" lon="5.903377924114466">
        <ele>57.0</ele>
      </trkpt>
      <trkpt lat="52.03684592619538" lon="5.903617981821299">
        <ele>57.0</ele>
      </trkpt>
      <trkpt lat="52.03720693476498" lon="5.90587891638279">
        <ele>57.0</ele>
      </trkpt>
      <trkpt lat="52.03731891699135" lon="5.906380992382765">
        <ele>57.0</ele>
      </trkpt>
      <trkpt lat="52.037320928648114" lon="5.906506972387433">
        <ele>58.0</ele>
      </trkpt>
      <trkpt lat="52.037297962233424" lon="5.907072918489575">
        <ele>58.0</ele>
      </trkpt>
      <trkpt lat="52.03735596500337" lon="5.9073019959032536">
        <ele>58.0</ele>
      </trkpt>
      <trkpt lat="52.03736795112491" lon="5.907620927318931">
        <ele>57.0</ele>
      </trkpt>
      <trkpt lat="52.03742494806647" lon="5.908065922558308">
        <ele>57.0</ele>
      </trkpt>
      <trkpt lat="52.03754891641438" lon="5.908521981909871">
        <ele>57.0</ele>
      </trkpt>
      <trkpt lat="52.037557968869805" lon="5.90880093164742">
        <ele>57.0</ele>
      </trkpt>
      <trkpt lat="52.03761295415461" lon="5.909077953547239">
        <ele>57.0</ele>
      </trkpt>
      <trkpt lat="52.037597950547934" lon="5.9094159957021475">
        <ele>57.0</ele>
      </trkpt>
      <trkpt lat="52.037623934447765" lon="5.911077959463">
        <ele>56.0</ele>
      </trkpt>
      <trkpt lat="52.03760993666947" lon="5.911290943622589">
        <ele>56.0</ele>
      </trkpt>
      <trkpt lat="52.037643967196345" lon="5.911659998819232">
        <ele>56.0</ele>
      </trkpt>
      <trkpt lat="52.03765897080302" lon="5.913028931245208">
        <ele>55.0</ele>
      </trkpt>
      <trkpt lat="52.03784798271954" lon="5.9166959300637245">
        <ele>55.0</ele>
      </trkpt>
      <trkpt lat="52.037877989932895" lon="5.918937921524048">
        <ele>55.0</ele>
      </trkpt>
      <trkpt lat="52.03791093081236" lon="5.919946935027838">
        <ele>54.0</ele>
      </trkpt>
      <trkpt lat="52.03798393718898" lon="5.921104978770018">
        <ele>54.0</ele>
      </trkpt>
      <trkpt lat="52.03803892247379" lon="5.922518922016025">
        <ele>53.0</ele>
      </trkpt>
      <trkpt lat="52.03802693635225" lon="5.922606931999326">
        <ele>53.0</ele>
      </trkpt>
      <trkpt lat="52.03796993941069" lon="5.922881942242384">
        <ele>53.0</ele>
      </trkpt>
      <trkpt lat="52.03795292414725" lon="5.923443948850036">
        <ele>53.0</ele>
      </trkpt>
      <trkpt lat="52.03806993551552" lon="5.924404934048653">
        <ele>53.0</ele>
      </trkpt>
      <trkpt lat="52.03815291635692" lon="5.927307922393084">
        <ele>54.0</ele>
      </trkpt>
      <trkpt lat="52.03811192885041" lon="5.927595924586058">
        <ele>54.0</ele>
      </trkpt>
      <trkpt lat="52.038114946335554" lon="5.9277199767529964">
        <ele>54.0</ele>
      </trkpt>
      <trkpt lat="52.03812793828547" lon="5.927852997556329">
        <ele>54.0</ele>
      </trkpt>
      <trkpt lat="52.03817596659064" lon="5.928105963394046">
        <ele>54.0</ele>
      </trkpt>
      <trkpt lat="52.0381869468838" lon="5.928461942821741">
        <ele>54.0</ele>
      </trkpt>
      <trkpt lat="52.03825995326042" lon="5.9299629740417">
        <ele>54.0</ele>
      </trkpt>
      <trkpt lat="52.03833597712219" lon="5.930367987602949">
        <ele>54.0</ele>
      </trkpt>
      <trkpt lat="52.0383439399302" lon="5.930516934022307">
        <ele>54.0</ele>
      </trkpt>
      <trkpt lat="52.0383819937706" lon="5.931816967204213">
        <ele>55.0</ele>
      </trkpt>
      <trkpt lat="52.03827797435224" lon="5.93224192969501">
        <ele>56.0</ele>
      </trkpt>
      <trkpt lat="52.03820999711752" lon="5.932462960481644">
        <ele>57.0</ele>
      </trkpt>
      <trkpt lat="52.03807898797095" lon="5.932879960164428">
        <ele>58.0</ele>
      </trkpt>
      <trkpt lat="52.038181917741895" lon="5.933015998452902">
        <ele>58.0</ele>
      </trkpt>
      <trkpt lat="52.03842792659998" lon="5.933041982352734">
        <ele>59.0</ele>
      </trkpt>
      <trkpt lat="52.038461957126856" lon="5.934079997241497">
        <ele>60.0</ele>
      </trkpt>
    </trkseg>
  </trk>
</gpx>
