<?xml version="1.0" encoding="UTF-8"?>
<gpx creator="Garmin Connect" version="1.1"
  xsi:schemaLocation="http://www.topografix.com/GPX/1/1 http://www.topografix.com/GPX/11.xsd"
  xmlns:ns3="http://www.garmin.com/xmlschemas/TrackPointExtension/v1"
  xmlns="http://www.topografix.com/GPX/1/1"
  xmlns:xsi="http://www.w3.org/2001/XMLSchema-instance" xmlns:ns2="http://www.garmin.com/xmlschemas/GpxExtensions/v3">
  <metadata>
    <name>Arnhem Fietsen 51,13 km - mrt 01</name>
    <link href="connect.garmin.com">
      <text>Garmin Connect</text>
    </link>
    <time>2025-03-01T21:40:17.000Z</time>
  </metadata>
  <trk>
    <name>Arnhem Fietsen 51,13 km - mrt 01</name>
    <trkseg>
      <trkpt lat="52.01794498600066" lon="5.926103945821524">
        <ele>53.82</ele>
      </trkpt>
      <trkpt lat="52.01799997128546" lon="5.92630997300148">
        <ele>54.51</ele>
      </trkpt>
      <trkpt lat="52.01790793798864" lon="5.926381973549724">
        <ele>55.18</ele>
      </trkpt>
      <trkpt lat="52.01797499321401" lon="5.926618929952383">
        <ele>56.14</ele>
      </trkpt>
      <trkpt lat="52.01772856526077" lon="5.926806349307299">
        <ele>56.89</ele>
      </trkpt>
      <trkpt lat="52.017482137307525" lon="5.926993684843183">
        <ele>57.58</ele>
      </trkpt>
      <trkpt lat="52.01723570935428" lon="5.9271810203790665">
        <ele>58.35</ele>
      </trkpt>
      <trkpt lat="52.01698936522007" lon="5.92736835591495">
        <ele>59.45</ele>
      </trkpt>
      <trkpt lat="52.01674394309521" lon="5.927554937079549">
        <ele>60.86</ele>
      </trkpt>
      <trkpt lat="52.016672948375344" lon="5.927607994526625">
        <ele>61.99</ele>
      </trkpt>
      <trkpt lat="52.01675391755998" lon="5.928010996431112">
        <ele>63.07</ele>
      </trkpt>
      <trkpt lat="52.01675492338836" lon="5.928176958113909">
        <ele>64.08</ele>
      </trkpt>
      <trkpt lat="52.01670094393194" lon="5.928622959181666">
        <ele>64.92</ele>
      </trkpt>
      <trkpt lat="52.01670094393194" lon="5.928914314135909">
        <ele>65.68</ele>
      </trkpt>
      <trkpt lat="52.01670094393194" lon="5.9292039927095175">
        <ele>66.54</ele>
      </trkpt>
      <trkpt lat="52.01672399416566" lon="5.929584531113505">
        <ele>67.49</ele>
      </trkpt>
      <trkpt lat="52.01674696058035" lon="5.9299629740417">
        <ele>68.53</ele>
      </trkpt>
      <trkpt lat="52.01675936579704" lon="5.930455746129155">
        <ele>69.52</ele>
      </trkpt>
      <trkpt lat="52.016771687194705" lon="5.93094851821661">
        <ele>70.56</ele>
      </trkpt>
      <trkpt lat="52.016783924773335" lon="5.9314369317144156">
        <ele>71.64</ele>
      </trkpt>
      <trkpt lat="52.01687796972692" lon="5.931818978860974">
        <ele>72.46</ele>
      </trkpt>
      <trkpt lat="52.01687696389854" lon="5.931915957480669">
        <ele>73.32</ele>
      </trkpt>
      <trkpt lat="52.016822984442115" lon="5.932208988815546">
        <ele>74.15</ele>
      </trkpt>
      <trkpt lat="52.016820972785354" lon="5.932528423145413">
        <ele>74.96</ele>
      </trkpt>
      <trkpt lat="52.01681896112859" lon="5.932845929637551">
        <ele>75.81</ele>
      </trkpt>
      <trkpt lat="52.01683337800205" lon="5.933275418356061">
        <ele>76.73</ele>
      </trkpt>
      <trkpt lat="52.016847878694534" lon="5.933704823255539">
        <ele>77.81</ele>
      </trkpt>
      <trkpt lat="52.01686229556799" lon="5.934134311974049">
        <ele>79.01</ele>
      </trkpt>
      <trkpt lat="52.016876712441444" lon="5.934563716873527">
        <ele>80.22</ele>
      </trkpt>
      <trkpt lat="52.016890961676836" lon="5.934986919164658">
        <ele>81.43</ele>
      </trkpt>
      <trkpt lat="52.016902193427086" lon="5.935456305742264">
        <ele>82.67</ele>
      </trkpt>
      <trkpt lat="52.016913425177336" lon="5.93592569231987">
        <ele>84.0</ele>
      </trkpt>
      <trkpt lat="52.016924656927586" lon="5.936395078897476">
        <ele>85.15</ele>
      </trkpt>
      <trkpt lat="52.016935888677835" lon="5.936864465475082">
        <ele>86.05</ele>
      </trkpt>
      <trkpt lat="52.01694695279002" lon="5.937326978892088">
        <ele>87.01</ele>
      </trkpt>
      <trkpt lat="52.01699799858034" lon="5.93765496276319">
        <ele>87.84</ele>
      </trkpt>
      <trkpt lat="52.0169619563967" lon="5.937767950817943">
        <ele>88.54</ele>
      </trkpt>
      <trkpt lat="52.01681795530021" lon="5.937684969976544">
        <ele>89.09</ele>
      </trkpt>
      <trkpt lat="52.01666892506182" lon="5.937766944989562">
        <ele>89.61</ele>
      </trkpt>
      <trkpt lat="52.01639584265649" lon="5.937679270282388">
        <ele>90.01</ele>
      </trkpt>
      <trkpt lat="52.01612267643213" lon="5.937591511756182">
        <ele>90.32</ele>
      </trkpt>
      <trkpt lat="52.01584992930293" lon="5.937503920868039">
        <ele>90.5</ele>
      </trkpt>
      <trkpt lat="52.01559880748391" lon="5.937384394928813">
        <ele>90.54</ele>
      </trkpt>
      <trkpt lat="52.01534793712199" lon="5.9372649528086185">
        <ele>90.46</ele>
      </trkpt>
      <trkpt lat="52.01526797376573" lon="5.9372699819505215">
        <ele>90.29</ele>
      </trkpt>
      <trkpt lat="52.01520192436874" lon="5.937405936419964">
        <ele>90.05</ele>
      </trkpt>
      <trkpt lat="52.01520594768226" lon="5.937675917521119">
        <ele>89.69</ele>
      </trkpt>
      <trkpt lat="52.01521131210029" lon="5.938031310215592">
        <ele>89.33</ele>
      </trkpt>
      <trkpt lat="52.01521667651832" lon="5.938386702910066">
        <ele>88.95</ele>
      </trkpt>
      <trkpt lat="52.01522195711732" lon="5.9387389943003654">
        <ele>88.59</ele>
      </trkpt>
      <trkpt lat="52.015258921310306" lon="5.938934963196516">
        <ele>88.34</ele>
      </trkpt>
      <trkpt lat="52.01536696404219" lon="5.9391639567911625">
        <ele>88.19</ele>
      </trkpt>
      <trkpt lat="52.01537450775504" lon="5.939504932612181">
        <ele>87.98</ele>
      </trkpt>
      <trkpt lat="52.015381967648864" lon="5.9398439805954695">
        <ele>87.9</ele>
      </trkpt>
      <trkpt lat="52.01538699679077" lon="5.940257962793112">
        <ele>87.87</ele>
      </trkpt>
      <trkpt lat="52.01530795544386" lon="5.940593993291259">
        <ele>87.89</ele>
      </trkpt>
      <trkpt lat="52.0153749268502" lon="5.940642943605781">
        <ele>88.08</ele>
      </trkpt>
      <trkpt lat="52.01538096182048" lon="5.940654929727316">
        <ele>88.32</ele>
      </trkpt>
      <trkpt lat="52.015424966812134" lon="5.940738916397095">
        <ele>88.66</ele>
      </trkpt>
      <trkpt lat="52.01546494849026" lon="5.941040916368365">
        <ele>89.07</ele>
      </trkpt>
      <trkpt lat="52.01542999595404" lon="5.941360937431455">
        <ele>89.59</ele>
      </trkpt>
      <trkpt lat="52.01541893184185" lon="5.9414599277079105">
        <ele>90.12</ele>
      </trkpt>
      <trkpt lat="52.01546092517674" lon="5.941439978778362">
        <ele>90.66</ele>
      </trkpt>
      <trkpt lat="52.01561297290027" lon="5.941411983221769">
        <ele>91.25</ele>
      </trkpt>
      <trkpt lat="52.01590960845351" lon="5.941427489742637">
        <ele>92.0</ele>
      </trkpt>
      <trkpt lat="52.01620599254966" lon="5.941442996263504">
        <ele>92.74</ele>
      </trkpt>
      <trkpt lat="52.016286961734295" lon="5.941496975719929">
        <ele>93.33</ele>
      </trkpt>
      <trkpt lat="52.01652919873595" lon="5.941749271005392">
        <ele>93.94</ele>
      </trkpt>
      <trkpt lat="52.01677093282342" lon="5.942000979557633">
        <ele>94.37</ele>
      </trkpt>
      <trkpt lat="52.01695701107383" lon="5.941988993436098">
        <ele>94.71</ele>
      </trkpt>
      <trkpt lat="52.01714292168617" lon="5.941976923495531">
        <ele>94.96</ele>
      </trkpt>
      <trkpt lat="52.017311062663794" lon="5.942029980942607">
        <ele>95.13</ele>
      </trkpt>
      <trkpt lat="52.01747895218432" lon="5.942082954570651">
        <ele>95.15</ele>
      </trkpt>
      <trkpt lat="52.01751608401537" lon="5.9425086714327335">
        <ele>95.04</ele>
      </trkpt>
      <trkpt lat="52.017552964389324" lon="5.942931957542896">
        <ele>94.75</ele>
      </trkpt>
      <trkpt lat="52.01761096715927" lon="5.943016950041056">
        <ele>94.35</ele>
      </trkpt>
      <trkpt lat="52.01782051473856" lon="5.94306699000299">
        <ele>93.79</ele>
      </trkpt>
      <trkpt lat="52.01802997849882" lon="5.943116946145892">
        <ele>93.07</ele>
      </trkpt>
      <trkpt lat="52.01825603842735" lon="5.943213002756238">
        <ele>92.19</ele>
      </trkpt>
      <trkpt lat="52.018481930717826" lon="5.943308975547552">
        <ele>91.18</ele>
      </trkpt>
      <trkpt lat="52.018646551296115" lon="5.943353483453393">
        <ele>90.13</ele>
      </trkpt>
      <trkpt lat="52.01881092041731" lon="5.943397991359234">
        <ele>88.97</ele>
      </trkpt>
      <trkpt lat="52.018990041688085" lon="5.943409977480769">
        <ele>87.71</ele>
      </trkpt>
      <trkpt lat="52.0191689953208" lon="5.9434219636023045">
        <ele>86.34</ele>
      </trkpt>
      <trkpt lat="52.0194710791111" lon="5.943357925862074">
        <ele>84.89</ele>
      </trkpt>
      <trkpt lat="52.01977299526334" lon="5.943293971940875">
        <ele>83.39</ele>
      </trkpt>
      <trkpt lat="52.02002135105431" lon="5.943309310823679">
        <ele>81.89</ele>
      </trkpt>
      <trkpt lat="52.020269790664315" lon="5.943324649706483">
        <ele>80.41</ele>
      </trkpt>
      <trkpt lat="52.020517978817225" lon="5.943339988589287">
        <ele>78.9</ele>
      </trkpt>
      <trkpt lat="52.020543962717056" lon="5.9433359652757645">
        <ele>77.47</ele>
      </trkpt>
      <trkpt lat="52.02072400599718" lon="5.943311909213662">
        <ele>76.0</ele>
      </trkpt>
      <trkpt lat="52.020903965458274" lon="5.9432879369705915">
        <ele>74.57</ele>
      </trkpt>
      <trkpt lat="52.02119515277445" lon="5.943167405202985">
        <ele>73.13</ele>
      </trkpt>
      <trkpt lat="52.021485920995474" lon="5.94304695725441">
        <ele>71.66</ele>
      </trkpt>
      <trkpt lat="52.02178129926324" lon="5.943039581179619">
        <ele>70.28</ele>
      </trkpt>
      <trkpt lat="52.02207659371197" lon="5.943032121285796">
        <ele>68.93</ele>
      </trkpt>
      <trkpt lat="52.022371888160706" lon="5.943024745211005">
        <ele>67.65</ele>
      </trkpt>
      <trkpt lat="52.02266718260944" lon="5.943017369136214">
        <ele>66.44</ele>
      </trkpt>
      <trkpt lat="52.02296197414398" lon="5.943009993061423">
        <ele>65.18</ele>
      </trkpt>
      <trkpt lat="52.02310798689723" lon="5.942945955321193">
        <ele>64.06</ele>
      </trkpt>
      <trkpt lat="52.02330018393695" lon="5.942727690562606">
        <ele>62.98</ele>
      </trkpt>
      <trkpt lat="52.02349196188152" lon="5.942509928718209">
        <ele>61.93</ele>
      </trkpt>
      <trkpt lat="52.02366999350488" lon="5.942420996725559">
        <ele>61.01</ele>
      </trkpt>
      <trkpt lat="52.02385498210788" lon="5.942508922889829">
        <ele>60.2</ele>
      </trkpt>
      <trkpt lat="52.024118676781654" lon="5.9427115973085165">
        <ele>59.48</ele>
      </trkpt>
      <trkpt lat="52.02438195236027" lon="5.9429139364510775">
        <ele>58.81</ele>
      </trkpt>
      <trkpt lat="52.02458647079766" lon="5.943048046901822">
        <ele>58.21</ele>
      </trkpt>
      <trkpt lat="52.02479090541601" lon="5.943182157352567">
        <ele>57.66</ele>
      </trkpt>
      <trkpt lat="52.02499492093921" lon="5.9433159325271845">
        <ele>57.24</ele>
      </trkpt>
      <trkpt lat="52.02517060562968" lon="5.94341198913753">
        <ele>56.99</ele>
      </trkpt>
      <trkpt lat="52.02534595504403" lon="5.9435079619288445">
        <ele>56.95</ele>
      </trkpt>
      <trkpt lat="52.025382248684764" lon="5.943951029330492">
        <ele>56.85</ele>
      </trkpt>
      <trkpt lat="52.0254185423255" lon="5.94439409673214">
        <ele>56.98</ele>
      </trkpt>
      <trkpt lat="52.02545491978526" lon="5.944837164133787">
        <ele>57.29</ele>
      </trkpt>
      <trkpt lat="52.025491213425994" lon="5.945280231535435">
        <ele>57.76</ele>
      </trkpt>
      <trkpt lat="52.025526920333505" lon="5.945716928690672">
        <ele>58.24</ele>
      </trkpt>
      <trkpt lat="52.0257811434567" lon="5.9455918706953526">
        <ele>58.72</ele>
      </trkpt>
      <trkpt lat="52.02603494748473" lon="5.945466980338097">
        <ele>59.27</ele>
      </trkpt>
      <trkpt lat="52.026328314095736" lon="5.945355501025915">
        <ele>59.82</ele>
      </trkpt>
      <trkpt lat="52.02662168070674" lon="5.945244021713734">
        <ele>60.42</ele>
      </trkpt>
      <trkpt lat="52.02691496349871" lon="5.945132626220584">
        <ele>60.95</ele>
      </trkpt>
      <trkpt lat="52.027208330109715" lon="5.945021146908402">
        <ele>61.49</ele>
      </trkpt>
      <trkpt lat="52.027500942349434" lon="5.944909919053316">
        <ele>61.95</ele>
      </trkpt>
      <trkpt lat="52.02771442942321" lon="5.94483288936317">
        <ele>62.32</ele>
      </trkpt>
      <trkpt lat="52.02792783267796" lon="5.944755859673023">
        <ele>62.63</ele>
      </trkpt>
      <trkpt lat="52.02814098447561" lon="5.94467899762094">
        <ele>62.89</ele>
      </trkpt>
      <trkpt lat="52.028337959200144" lon="5.944645972922444">
        <ele>63.02</ele>
      </trkpt>
      <trkpt lat="52.02843292616308" lon="5.9446479845792055">
        <ele>63.11</ele>
      </trkpt>
      <trkpt lat="52.028613556176424" lon="5.944591406732798">
        <ele>63.09</ele>
      </trkpt>
      <trkpt lat="52.028793934732676" lon="5.944534996524453">
        <ele>63.0</ele>
      </trkpt>
      <trkpt lat="52.0289945974946" lon="5.944452937692404">
        <ele>62.78</ele>
      </trkpt>
      <trkpt lat="52.0291949249804" lon="5.944370962679386">
        <ele>62.48</ele>
      </trkpt>
      <trkpt lat="52.02942056581378" lon="5.944240372627974">
        <ele>62.12</ele>
      </trkpt>
      <trkpt lat="52.02964595519006" lon="5.944109950214624">
        <ele>61.76</ele>
      </trkpt>
      <trkpt lat="52.02985072508454" lon="5.943862181156874">
        <ele>61.41</ele>
      </trkpt>
      <trkpt lat="52.030054992064834" lon="5.943614998832345">
        <ele>61.05</ele>
      </trkpt>
      <trkpt lat="52.03002993017435" lon="5.9438849799335">
        <ele>60.64</ele>
      </trkpt>
      <trkpt lat="52.030036970973015" lon="5.944128977134824">
        <ele>60.19</ele>
      </trkpt>
      <trkpt lat="52.030077958479524" lon="5.9442259557545185">
        <ele>59.76</ele>
      </trkpt>
      <trkpt lat="52.03018197789788" lon="5.944474982097745">
        <ele>59.31</ele>
      </trkpt>
      <trkpt lat="52.03040460124612" lon="5.944809587672353">
        <ele>58.86</ele>
      </trkpt>
      <trkpt lat="52.030627224594355" lon="5.945144277065992">
        <ele>58.47</ele>
      </trkpt>
      <trkpt lat="52.03084984794259" lon="5.9454788826406">
        <ele>58.04</ele>
      </trkpt>
      <trkpt lat="52.03107247129083" lon="5.94581357203424">
        <ele>57.51</ele>
      </trkpt>
      <trkpt lat="52.03129509463906" lon="5.946148177608848">
        <ele>56.98</ele>
      </trkpt>
      <trkpt lat="52.0315177179873" lon="5.946482867002487">
        <ele>56.49</ele>
      </trkpt>
      <trkpt lat="52.03173799440265" lon="5.946813952177763">
        <ele>56.09</ele>
      </trkpt>
      <trkpt lat="52.031864980235696" lon="5.947027942165732">
        <ele>55.71</ele>
      </trkpt>
      <trkpt lat="52.03201778233051" lon="5.947393225505948">
        <ele>55.35</ele>
      </trkpt>
      <trkpt lat="52.03216999769211" lon="5.947756916284561">
        <ele>54.98</ele>
      </trkpt>
      <trkpt lat="52.03236445784569" lon="5.948029328137636">
        <ele>54.6</ele>
      </trkpt>
      <trkpt lat="52.03255891799927" lon="5.948301739990711">
        <ele>54.27</ele>
      </trkpt>
      <trkpt lat="52.03275337815285" lon="5.948574151843786">
        <ele>53.95</ele>
      </trkpt>
      <trkpt lat="52.03294792212546" lon="5.948846563696861">
        <ele>53.7</ele>
      </trkpt>
      <trkpt lat="52.0331409573555" lon="5.949116963893175">
        <ele>53.52</ele>
      </trkpt>
      <trkpt lat="52.03338730148971" lon="5.94943237490952">
        <ele>53.43</ele>
      </trkpt>
      <trkpt lat="52.03363364562392" lon="5.949747785925865">
        <ele>53.45</ele>
      </trkpt>
      <trkpt lat="52.033879989758134" lon="5.95006319694221">
        <ele>53.48</ele>
      </trkpt>
      <trkpt lat="52.03412499278784" lon="5.950376931577921">
        <ele>53.49</ele>
      </trkpt>
      <trkpt lat="52.03430101275444" lon="5.950642386451364">
        <ele>53.63</ele>
      </trkpt>
      <trkpt lat="52.03447703272104" lon="5.9509077575057745">
        <ele>53.75</ele>
      </trkpt>
      <trkpt lat="52.034653052687645" lon="5.951173212379217">
        <ele>53.85</ele>
      </trkpt>
      <trkpt lat="52.034827983006835" lon="5.9514369908720255">
        <ele>54.07</ele>
      </trkpt>
      <trkpt lat="52.03502453863621" lon="5.951703367754817">
        <ele>54.39</ele>
      </trkpt>
      <trkpt lat="52.03522117808461" lon="5.9519697446376085">
        <ele>54.73</ele>
      </trkpt>
      <trkpt lat="52.0354169793427" lon="5.952234948053956">
        <ele>55.01</ele>
      </trkpt>
      <trkpt lat="52.03554857522249" lon="5.952379619702697">
        <ele>55.31</ele>
      </trkpt>
      <trkpt lat="52.03567991964519" lon="5.952523956075311">
        <ele>55.65</ele>
      </trkpt>
      <trkpt lat="52.03583925962448" lon="5.952787064015865">
        <ele>56.05</ele>
      </trkpt>
      <trkpt lat="52.03599851578474" lon="5.95305017195642">
        <ele>56.49</ele>
      </trkpt>
      <trkpt lat="52.03615693375468" lon="5.953311938792467">
        <ele>57.0</ele>
      </trkpt>
      <trkpt lat="52.036337899044156" lon="5.953564653173089">
        <ele>57.55</ele>
      </trkpt>
      <trkpt lat="52.0365187805146" lon="5.953817367553711">
        <ele>58.15</ele>
      </trkpt>
      <trkpt lat="52.036698991432786" lon="5.9540689922869205">
        <ele>58.75</ele>
      </trkpt>
      <trkpt lat="52.03675095923245" lon="5.954316928982735">
        <ele>59.4</ele>
      </trkpt>
      <trkpt lat="52.03676596283913" lon="5.954616917297244">
        <ele>60.11</ele>
      </trkpt>
      <trkpt lat="52.03670594841242" lon="5.955023942515254">
        <ele>60.87</ele>
      </trkpt>
      <trkpt lat="52.03674995340407" lon="5.95522896386683">
        <ele>61.59</ele>
      </trkpt>
      <trkpt lat="52.036959417164326" lon="5.955487126484513">
        <ele>62.29</ele>
      </trkpt>
      <trkpt lat="52.03716879710555" lon="5.955745289102197">
        <ele>63.01</ele>
      </trkpt>
      <trkpt lat="52.03737826086581" lon="5.95600345171988">
        <ele>63.79</ele>
      </trkpt>
      <trkpt lat="52.037587724626064" lon="5.9562616143375635">
        <ele>64.64</ele>
      </trkpt>
      <trkpt lat="52.03779718838632" lon="5.956519776955247">
        <ele>65.51</ele>
      </trkpt>
      <trkpt lat="52.03800497576594" lon="5.956775927916169">
        <ele>66.42</ele>
      </trkpt>
      <trkpt lat="52.0381385833025" lon="5.9569216053932905">
        <ele>67.29</ele>
      </trkpt>
      <trkpt lat="52.03827193938196" lon="5.957066947594285">
        <ele>68.18</ele>
      </trkpt>
      <trkpt lat="52.038458939641714" lon="5.957173984497786">
        <ele>69.1</ele>
      </trkpt>
      <trkpt lat="52.03862817026675" lon="5.95734715461731">
        <ele>70.03</ele>
      </trkpt>
      <trkpt lat="52.03879698179662" lon="5.957519989460707">
        <ele>70.98</ele>
      </trkpt>
      <trkpt lat="52.038847943767905" lon="5.95757195726037">
        <ele>71.89</ele>
      </trkpt>
      <trkpt lat="52.03901474364102" lon="5.9578940737992525">
        <ele>72.92</ele>
      </trkpt>
      <trkpt lat="52.03918095678091" lon="5.958214933052659">
        <ele>73.85</ele>
      </trkpt>
      <trkpt lat="52.03919847495854" lon="5.958703346550465">
        <ele>74.67</ele>
      </trkpt>
      <trkpt lat="52.03921599313617" lon="5.959188994020224">
        <ele>75.4</ele>
      </trkpt>
      <trkpt lat="52.0392179209739" lon="5.959394937381148">
        <ele>76.18</ele>
      </trkpt>
      <trkpt lat="52.03920492902398" lon="5.959643963724375">
        <ele>76.98</ele>
      </trkpt>
      <trkpt lat="52.03921850770712" lon="5.960143776610494">
        <ele>77.78</ele>
      </trkpt>
      <trkpt lat="52.03923208639026" lon="5.9606435894966125">
        <ele>78.7</ele>
      </trkpt>
      <trkpt lat="52.039245665073395" lon="5.961143402382731">
        <ele>79.58</ele>
      </trkpt>
      <trkpt lat="52.03925924375653" lon="5.961643299087882">
        <ele>80.43</ele>
      </trkpt>
      <trkpt lat="52.03927273862064" lon="5.962143111974001">
        <ele>81.27</ele>
      </trkpt>
      <trkpt lat="52.03928631730378" lon="5.96264292486012">
        <ele>82.11</ele>
      </trkpt>
      <trkpt lat="52.039299895986915" lon="5.963142737746239">
        <ele>82.86</ele>
      </trkpt>
      <trkpt lat="52.03931347467005" lon="5.963642550632358">
        <ele>83.72</ele>
      </trkpt>
      <trkpt lat="52.03932705335319" lon="5.9641423635184765">
        <ele>84.55</ele>
      </trkpt>
      <trkpt lat="52.03934063203633" lon="5.964642260223627">
        <ele>85.35</ele>
      </trkpt>
      <trkpt lat="52.039354126900434" lon="5.965142073109746">
        <ele>86.14</ele>
      </trkpt>
      <trkpt lat="52.03936770558357" lon="5.965641885995865">
        <ele>86.63</ele>
      </trkpt>
      <trkpt lat="52.03938128426671" lon="5.966141698881984">
        <ele>87.06</ele>
      </trkpt>
      <trkpt lat="52.03939486294985" lon="5.966641511768103">
        <ele>87.47</ele>
      </trkpt>
      <trkpt lat="52.039408441632986" lon="5.9671413246542215">
        <ele>87.84</ele>
      </trkpt>
      <trkpt lat="52.03942193649709" lon="5.967641221359372">
        <ele>88.11</ele>
      </trkpt>
      <trkpt lat="52.03943551518023" lon="5.968141034245491">
        <ele>88.35</ele>
      </trkpt>
      <trkpt lat="52.03944909386337" lon="5.96864084713161">
        <ele>88.55</ele>
      </trkpt>
      <trkpt lat="52.039462672546506" lon="5.969140660017729">
        <ele>88.72</ele>
      </trkpt>
      <trkpt lat="52.039476251229644" lon="5.969640472903848">
        <ele>89.02</ele>
      </trkpt>
      <trkpt lat="52.03948982991278" lon="5.970140369608998">
        <ele>89.34</ele>
      </trkpt>
      <trkpt lat="52.03950332477689" lon="5.970640182495117">
        <ele>89.5</ele>
      </trkpt>
      <trkpt lat="52.039516903460026" lon="5.971139995381236">
        <ele>89.58</ele>
      </trkpt>
      <trkpt lat="52.03952897340059" lon="5.971604939550161">
        <ele>89.75</ele>
      </trkpt>
      <trkpt lat="52.03954489901662" lon="5.972067369148135">
        <ele>89.95</ele>
      </trkpt>
      <trkpt lat="52.039560908451676" lon="5.972529882565141">
        <ele>90.05</ele>
      </trkpt>
      <trkpt lat="52.0395768340677" lon="5.9729923121631145">
        <ele>90.17</ele>
      </trkpt>
      <trkpt lat="52.03959275968373" lon="5.973454741761088">
        <ele>90.32</ele>
      </trkpt>
      <trkpt lat="52.039608769118786" lon="5.973917171359062">
        <ele>90.53</ele>
      </trkpt>
      <trkpt lat="52.03962469473481" lon="5.974379600957036">
        <ele>90.64</ele>
      </trkpt>
      <trkpt lat="52.03964062035084" lon="5.97484203055501">
        <ele>90.82</ele>
      </trkpt>
      <trkpt lat="52.039656629785895" lon="5.975304543972015">
        <ele>91.02</ele>
      </trkpt>
      <trkpt lat="52.03967255540192" lon="5.975766973569989">
        <ele>91.26</ele>
      </trkpt>
      <trkpt lat="52.03968797810376" lon="5.976215992122889">
        <ele>91.49</ele>
      </trkpt>
      <trkpt lat="52.03970273025334" lon="5.976692168042064">
        <ele>91.85</ele>
      </trkpt>
      <trkpt lat="52.03971748240292" lon="5.977168427780271">
        <ele>92.25</ele>
      </trkpt>
      <trkpt lat="52.0397322345525" lon="5.977644687518477">
        <ele>92.57</ele>
      </trkpt>
      <trkpt lat="52.03974690288305" lon="5.978120863437653">
        <ele>92.86</ele>
      </trkpt>
      <trkpt lat="52.039761655032635" lon="5.9785971231758595">
        <ele>93.17</ele>
      </trkpt>
      <trkpt lat="52.03977640718222" lon="5.979073299095035">
        <ele>93.4</ele>
      </trkpt>
      <trkpt lat="52.0397911593318" lon="5.9795495588332415">
        <ele>93.76</ele>
      </trkpt>
      <trkpt lat="52.03980591148138" lon="5.980025818571448">
        <ele>94.02</ele>
      </trkpt>
      <trkpt lat="52.03982066363096" lon="5.9805019944906235">
        <ele>94.35</ele>
      </trkpt>
      <trkpt lat="52.039835415780544" lon="5.98097825422883">
        <ele>94.65</ele>
      </trkpt>
      <trkpt lat="52.039850167930126" lon="5.981454513967037">
        <ele>94.94</ele>
      </trkpt>
      <trkpt lat="52.03986492007971" lon="5.981930689886212">
        <ele>95.17</ele>
      </trkpt>
      <trkpt lat="52.039878917858005" lon="5.9823889285326">
        <ele>95.48</ele>
      </trkpt>
      <trkpt lat="52.03989777714014" lon="5.982892261818051">
        <ele>95.88</ele>
      </trkpt>
      <trkpt lat="52.03991663642228" lon="5.983395511284471">
        <ele>96.22</ele>
      </trkpt>
      <trkpt lat="52.03993549570441" lon="5.98389876075089">
        <ele>96.44</ele>
      </trkpt>
      <trkpt lat="52.03995435498655" lon="5.984402010217309">
        <ele>96.72</ele>
      </trkpt>
      <trkpt lat="52.03997296281159" lon="5.984897967427969">
        <ele>97.04</ele>
      </trkpt>
      <trkpt lat="52.0399843621999" lon="5.985375735908747">
        <ele>97.33</ele>
      </trkpt>
      <trkpt lat="52.03999584540725" lon="5.9858535043895245">
        <ele>97.59</ele>
      </trkpt>
      <trkpt lat="52.04000724479556" lon="5.986331356689334">
        <ele>97.9</ele>
      </trkpt>
      <trkpt lat="52.040018728002906" lon="5.986809125170112">
        <ele>98.18</ele>
      </trkpt>
      <trkpt lat="52.040029959753156" lon="5.987279936671257">
        <ele>98.4</ele>
      </trkpt>
      <trkpt lat="52.03999391756952" lon="5.987532986328006">
        <ele>98.61</ele>
      </trkpt>
      <trkpt lat="52.03997799195349" lon="5.9877509996294975">
        <ele>98.84</ele>
      </trkpt>
      <trkpt lat="52.040050998330116" lon="5.988114941865206">
        <ele>99.11</ele>
      </trkpt>
      <trkpt lat="52.04012299887836" lon="5.988073954358697">
        <ele>99.3</ele>
      </trkpt>
      <trkpt lat="52.04011193476617" lon="5.988153917714953">
        <ele>99.5</ele>
      </trkpt>
      <trkpt lat="52.03989911824465" lon="5.988335805013776">
        <ele>99.63</ele>
      </trkpt>
      <trkpt lat="52.03968621790409" lon="5.9885176084935665">
        <ele>99.82</ele>
      </trkpt>
      <trkpt lat="52.03947398811579" lon="5.988698992878199">
        <ele>100.0</ele>
      </trkpt>
      <trkpt lat="52.03923569060862" lon="5.988932177424431">
        <ele>100.11</ele>
      </trkpt>
      <trkpt lat="52.038997476920485" lon="5.989165445789695">
        <ele>100.19</ele>
      </trkpt>
      <trkpt lat="52.038759933784604" lon="5.989397959783673">
        <ele>100.28</ele>
      </trkpt>
      <trkpt lat="52.038482995703816" lon="5.989591917023063">
        <ele>100.44</ele>
      </trkpt>
      <trkpt lat="52.038289960473776" lon="5.989682944491506">
        <ele>100.55</ele>
      </trkpt>
      <trkpt lat="52.038201950490475" lon="5.989686967805028">
        <ele>100.64</ele>
      </trkpt>
      <trkpt lat="52.03797840513289" lon="5.9896959364414215">
        <ele>100.75</ele>
      </trkpt>
      <trkpt lat="52.03775494359434" lon="5.989704988896847">
        <ele>100.88</ele>
      </trkpt>
      <trkpt lat="52.03760297968984" lon="5.989795932546258">
        <ele>100.98</ele>
      </trkpt>
      <trkpt lat="52.037481190636754" lon="5.9900399297475815">
        <ele>101.02</ele>
      </trkpt>
      <trkpt lat="52.037359988316894" lon="5.990282921120524">
        <ele>101.1</ele>
      </trkpt>
      <trkpt lat="52.037212969735265" lon="5.99052993580699">
        <ele>101.13</ele>
      </trkpt>
      <trkpt lat="52.03709897585213" lon="5.990660944953561">
        <ele>101.21</ele>
      </trkpt>
      <trkpt lat="52.03706092201173" lon="5.9907149244099855">
        <ele>101.27</ele>
      </trkpt>
      <trkpt lat="52.03700895421207" lon="5.9907849971205">
        <ele>101.33</ele>
      </trkpt>
      <trkpt lat="52.037144154310226" lon="5.991018852218986">
        <ele>101.38</ele>
      </trkpt>
      <trkpt lat="52.037278935313225" lon="5.991251952946186">
        <ele>101.45</ele>
      </trkpt>
      <trkpt lat="52.03729293309152" lon="5.99126092158258">
        <ele>101.52</ele>
      </trkpt>
      <trkpt lat="52.037514969706535" lon="5.991482958197594">
        <ele>101.56</ele>
      </trkpt>
      <trkpt lat="52.03771395608783" lon="5.991789400577545">
        <ele>101.7</ele>
      </trkpt>
      <trkpt lat="52.03791294246912" lon="5.992095926776528">
        <ele>101.9</ele>
      </trkpt>
      <trkpt lat="52.03811092302203" lon="5.992400944232941">
        <ele>101.97</ele>
      </trkpt>
      <trkpt lat="52.038212679326534" lon="5.992616359144449">
        <ele>102.1</ele>
      </trkpt>
      <trkpt lat="52.03831393271685" lon="5.992830935865641">
        <ele>102.34</ele>
      </trkpt>
      <trkpt lat="52.03838559798896" lon="5.993060516193509">
        <ele>102.57</ele>
      </trkpt>
      <trkpt lat="52.03845692798495" lon="5.9932889230549335">
        <ele>102.82</ele>
      </trkpt>
      <trkpt lat="52.038503950461745" lon="5.993698965758085">
        <ele>103.06</ele>
      </trkpt>
      <trkpt lat="52.03857410699129" lon="5.993947573006153">
        <ele>103.37</ele>
      </trkpt>
      <trkpt lat="52.03864392824471" lon="5.994194922968745">
        <ele>103.7</ele>
      </trkpt>
      <trkpt lat="52.038695979863405" lon="5.994510920718312">
        <ele>104.05</ele>
      </trkpt>
      <trkpt lat="52.03880754299462" lon="5.994854075834155">
        <ele>104.4</ele>
      </trkpt>
      <trkpt lat="52.03891918994486" lon="5.995197230949998">
        <ele>104.66</ele>
      </trkpt>
      <trkpt lat="52.03902999870479" lon="5.995537955313921">
        <ele>104.88</ele>
      </trkpt>
      <trkpt lat="52.03914516605437" lon="5.995821096003056">
        <ele>105.1</ele>
      </trkpt>
      <trkpt lat="52.03925999812782" lon="5.996102979406714">
        <ele>105.33</ele>
      </trkpt>
      <trkpt lat="52.039256980642676" lon="5.99604899995029">
        <ele>105.53</ele>
      </trkpt>
      <trkpt lat="52.03940668143332" lon="5.996283860877156">
        <ele>105.72</ele>
      </trkpt>
      <trkpt lat="52.039555963128805" lon="5.996517967432737">
        <ele>105.89</ele>
      </trkpt>
      <trkpt lat="52.03940617851913" lon="5.996283106505871">
        <ele>105.97</ele>
      </trkpt>
      <trkpt lat="52.039256980642676" lon="5.99604899995029">
        <ele>106.02</ele>
      </trkpt>
      <trkpt lat="52.03925999812782" lon="5.996102979406714">
        <ele>106.04</ele>
      </trkpt>
      <trkpt lat="52.0394129678607" lon="5.9964189771562815">
        <ele>106.06</ele>
      </trkpt>
      <trkpt lat="52.039536936208606" lon="5.996599942445755">
        <ele>105.97</ele>
      </trkpt>
      <trkpt lat="52.039684960618615" lon="5.996771939098835">
        <ele>105.82</ele>
      </trkpt>
      <trkpt lat="52.03992895781994" lon="5.996948964893818">
        <ele>105.63</ele>
      </trkpt>
      <trkpt lat="52.04015292227268" lon="5.997169995680451">
        <ele>105.39</ele>
      </trkpt>
      <trkpt lat="52.04035375267267" lon="5.99748800508678">
        <ele>104.99</ele>
      </trkpt>
      <trkpt lat="52.04055449925363" lon="5.9978060983121395">
        <ele>104.47</ele>
      </trkpt>
      <trkpt lat="52.04075524583459" lon="5.998124107718468">
        <ele>103.86</ele>
      </trkpt>
      <trkpt lat="52.04095607623458" lon="5.998442200943828">
        <ele>103.27</ele>
      </trkpt>
      <trkpt lat="52.04115682281554" lon="5.998760210350156">
        <ele>102.55</ele>
      </trkpt>
      <trkpt lat="52.041357569396496" lon="5.999078303575516">
        <ele>101.8</ele>
      </trkpt>
      <trkpt lat="52.041558315977454" lon="5.999396396800876">
        <ele>100.87</ele>
      </trkpt>
      <trkpt lat="52.041759146377444" lon="5.999714406207204">
        <ele>99.97</ele>
      </trkpt>
      <trkpt lat="52.04195695929229" lon="6.000027973204851">
        <ele>99.06</ele>
      </trkpt>
      <trkpt lat="52.042067181319" lon="6.000330643728375">
        <ele>98.08</ele>
      </trkpt>
      <trkpt lat="52.042176984250546" lon="6.000631973147392">
        <ele>97.03</ele>
      </trkpt>
      <trkpt lat="52.04234395176172" lon="6.000939924269915">
        <ele>95.9</ele>
      </trkpt>
      <trkpt lat="52.04259599559009" lon="6.001153998076916">
        <ele>94.78</ele>
      </trkpt>
      <trkpt lat="52.04273094423115" lon="6.0013319458812475">
        <ele>93.74</ele>
      </trkpt>
      <trkpt lat="52.04281291924417" lon="6.001698989421129">
        <ele>92.76</ele>
      </trkpt>
      <trkpt lat="52.04285642132163" lon="6.002106433734298">
        <ele>91.76</ele>
      </trkpt>
      <trkpt lat="52.04289983958006" lon="6.002513961866498">
        <ele>90.78</ele>
      </trkpt>
      <trkpt lat="52.04294292256236" lon="6.002917969599366">
        <ele>89.95</ele>
      </trkpt>
      <trkpt lat="52.043059933930635" lon="6.0031369887292385">
        <ele>89.05</ele>
      </trkpt>
      <trkpt lat="52.04324592836201" lon="6.00340093486011">
        <ele>88.22</ele>
      </trkpt>
      <trkpt lat="52.04335615038872" lon="6.003648452460766">
        <ele>87.46</ele>
      </trkpt>
      <trkpt lat="52.043465953320265" lon="6.003894964233041">
        <ele>86.77</ele>
      </trkpt>
      <trkpt lat="52.043489925563335" lon="6.00400292314589">
        <ele>86.19</ele>
      </trkpt>
      <trkpt lat="52.043507946655154" lon="6.00430391728878">
        <ele>85.69</ele>
      </trkpt>
      <trkpt lat="52.0434779394418" lon="6.004759976640344">
        <ele>85.26</ele>
      </trkpt>
      <trkpt lat="52.04349998384714" lon="6.004926944151521">
        <ele>84.94</ele>
      </trkpt>
      <trkpt lat="52.043294459581375" lon="6.005153506994247">
        <ele>84.69</ele>
      </trkpt>
      <trkpt lat="52.04308893531561" lon="6.005379986017942">
        <ele>84.52</ele>
      </trkpt>
      <trkpt lat="52.042883494868875" lon="6.005606548860669">
        <ele>84.38</ele>
      </trkpt>
      <trkpt lat="52.04267897643149" lon="6.005831938236952">
        <ele>84.33</ele>
      </trkpt>
      <trkpt lat="52.04253036528826" lon="6.0059545654803514">
        <ele>84.38</ele>
      </trkpt>
      <trkpt lat="52.04238192178309" lon="6.006076941266656">
        <ele>84.51</ele>
      </trkpt>
      <trkpt lat="52.04210699535906" lon="6.006170818582177">
        <ele>84.8</ele>
      </trkpt>
      <trkpt lat="52.04183206893504" lon="6.006264612078667">
        <ele>85.13</ele>
      </trkpt>
      <trkpt lat="52.04155714251101" lon="6.006358489394188">
        <ele>85.65</ele>
      </trkpt>
      <trkpt lat="52.041282216086984" lon="6.006452366709709">
        <ele>86.14</ele>
      </trkpt>
      <trkpt lat="52.04100796021521" lon="6.006545992568135">
        <ele>86.65</ele>
      </trkpt>
      <trkpt lat="52.04089991748333" lon="6.006612963974476">
        <ele>87.23</ele>
      </trkpt>
      <trkpt lat="52.0406857598573" lon="6.006814884021878">
        <ele>87.83</ele>
      </trkpt>
      <trkpt lat="52.04047151841223" lon="6.007016887888312">
        <ele>88.49</ele>
      </trkpt>
      <trkpt lat="52.04025727696717" lon="6.007218807935715">
        <ele>89.2</ele>
      </trkpt>
      <trkpt lat="52.04004395753145" lon="6.007419973611832">
        <ele>89.83</ele>
      </trkpt>
      <trkpt lat="52.0397980324924" lon="6.007624324411154">
        <ele>90.53</ele>
      </trkpt>
      <trkpt lat="52.03955219127238" lon="6.007828675210476">
        <ele>91.39</ele>
      </trkpt>
      <trkpt lat="52.039306266233325" lon="6.008033026009798">
        <ele>92.29</ele>
      </trkpt>
      <trkpt lat="52.039060425013304" lon="6.00823737680912">
        <ele>93.17</ele>
      </trkpt>
      <trkpt lat="52.03881449997425" lon="6.008441727608442">
        <ele>93.98</ele>
      </trkpt>
      <trkpt lat="52.03856999985874" lon="6.008644988760352">
        <ele>94.88</ele>
      </trkpt>
      <trkpt lat="52.038369085639715" lon="6.008865516632795">
        <ele>95.65</ele>
      </trkpt>
      <trkpt lat="52.03816817142069" lon="6.00908612832427">
        <ele>96.31</ele>
      </trkpt>
      <trkpt lat="52.037967927753925" lon="6.00930598564446">
        <ele>96.83</ele>
      </trkpt>
      <trkpt lat="52.03773474320769" lon="6.009530201554298">
        <ele>97.35</ele>
      </trkpt>
      <trkpt lat="52.03750197775662" lon="6.0097539983689785">
        <ele>97.89</ele>
      </trkpt>
      <trkpt lat="52.03726996667683" lon="6.010030936449766">
        <ele>98.46</ele>
      </trkpt>
      <trkpt lat="52.03714675270021" lon="6.010273424908519">
        <ele>98.91</ele>
      </trkpt>
      <trkpt lat="52.03702395781875" lon="6.0105149913579226">
        <ele>99.29</ele>
      </trkpt>
      <trkpt lat="52.03691968694329" lon="6.01087256334722">
        <ele>99.59</ele>
      </trkpt>
      <trkpt lat="52.03681541606784" lon="6.01123021915555">
        <ele>99.82</ele>
      </trkpt>
      <trkpt lat="52.036711229011416" lon="6.01158787496388">
        <ele>100.11</ele>
      </trkpt>
      <trkpt lat="52.03660796396434" lon="6.011941926553845">
        <ele>100.3</ele>
      </trkpt>
      <trkpt lat="52.03646362759173" lon="6.012287680059671">
        <ele>100.42</ele>
      </trkpt>
      <trkpt lat="52.03631996177137" lon="6.0126319248229265">
        <ele>100.4</ele>
      </trkpt>
      <trkpt lat="52.03621996566653" lon="6.012870976701379">
        <ele>100.38</ele>
      </trkpt>
      <trkpt lat="52.03610697761178" lon="6.013176999986172">
        <ele>100.27</ele>
      </trkpt>
      <trkpt lat="52.036029947921634" lon="6.013393923640251">
        <ele>100.19</ele>
      </trkpt>
      <trkpt lat="52.03618409112096" lon="6.013545133173466">
        <ele>100.12</ele>
      </trkpt>
      <trkpt lat="52.03633798286319" lon="6.013695923611522">
        <ele>99.95</ele>
      </trkpt>
      <trkpt lat="52.036493718624115" lon="6.013934807851911">
        <ele>99.69</ele>
      </trkpt>
      <trkpt lat="52.03664895147085" lon="6.014172937721014">
        <ele>99.35</ele>
      </trkpt>
      <trkpt lat="52.036773674190044" lon="6.014405367895961">
        <ele>98.92</ele>
      </trkpt>
      <trkpt lat="52.03689797781408" lon="6.01463695988059">
        <ele>98.47</ele>
      </trkpt>
      <trkpt lat="52.03704793006182" lon="6.0147579945623875">
        <ele>98.01</ele>
      </trkpt>
      <trkpt lat="52.03715697862208" lon="6.014775931835175">
        <ele>97.47</ele>
      </trkpt>
      <trkpt lat="52.037365436553955" lon="6.0146628599613905">
        <ele>96.86</ele>
      </trkpt>
      <trkpt lat="52.03757389448583" lon="6.014549788087606">
        <ele>96.15</ele>
      </trkpt>
      <trkpt lat="52.03778193332255" lon="6.0144369676709175">
        <ele>95.36</ele>
      </trkpt>
      <trkpt lat="52.037988966330886" lon="6.014455994591117">
        <ele>94.53</ele>
      </trkpt>
      <trkpt lat="52.03821041621268" lon="6.014506621286273">
        <ele>93.66</ele>
      </trkpt>
      <trkpt lat="52.03843178227544" lon="6.014557331800461">
        <ele>92.84</ele>
      </trkpt>
      <trkpt lat="52.038652980700135" lon="6.014607958495617">
        <ele>91.94</ele>
      </trkpt>
      <trkpt lat="52.038909969851375" lon="6.01467895321548">
        <ele>90.95</ele>
      </trkpt>
      <trkpt lat="52.03901298344135" lon="6.014756988734007">
        <ele>89.95</ele>
      </trkpt>
      <trkpt lat="52.03926058486104" lon="6.015070388093591">
        <ele>88.84</ele>
      </trkpt>
      <trkpt lat="52.03950827009976" lon="6.015383787453175">
        <ele>87.72</ele>
      </trkpt>
      <trkpt lat="52.0397549495101" lon="6.015695929527283">
        <ele>86.69</ele>
      </trkpt>
      <trkpt lat="52.03994806855917" lon="6.016018968075514">
        <ele>85.62</ele>
      </trkpt>
      <trkpt lat="52.04014110378921" lon="6.016342006623745">
        <ele>84.58</ele>
      </trkpt>
      <trkpt lat="52.04033422283828" lon="6.016665045171976">
        <ele>83.6</ele>
      </trkpt>
      <trkpt lat="52.040525916963816" lon="6.016985988244414">
        <ele>82.68</ele>
      </trkpt>
      <trkpt lat="52.04070218838751" lon="6.017185728996992">
        <ele>81.76</ele>
      </trkpt>
      <trkpt lat="52.04087795689702" lon="6.01738496683538">
        <ele>80.83</ele>
      </trkpt>
      <trkpt lat="52.04095498658717" lon="6.017552940174937">
        <ele>80.11</ele>
      </trkpt>
      <trkpt lat="52.041082978248596" lon="6.017738934606314">
        <ele>79.47</ele>
      </trkpt>
      <trkpt lat="52.04123259522021" lon="6.017874553799629">
        <ele>78.91</ele>
      </trkpt>
      <trkpt lat="52.041381960734725" lon="6.01800992153585">
        <ele>78.41</ele>
      </trkpt>
      <trkpt lat="52.0415819529444" lon="6.018275963142514">
        <ele>77.99</ele>
      </trkpt>
      <trkpt lat="52.04168697819114" lon="6.018536975607276">
        <ele>77.68</ele>
      </trkpt>
      <trkpt lat="52.04171296209097" lon="6.018643928691745">
        <ele>77.48</ele>
      </trkpt>
      <trkpt lat="52.041783621534705" lon="6.0189346969127655">
        <ele>77.37</ele>
      </trkpt>
      <trkpt lat="52.041853945702314" lon="6.019223956391215">
        <ele>77.35</ele>
      </trkpt>
      <trkpt lat="52.04193793237209" lon="6.0194639302790165">
        <ele>77.45</ele>
      </trkpt>
      <trkpt lat="52.042100708931684" lon="6.0197248589247465">
        <ele>77.65</ele>
      </trkpt>
      <trkpt lat="52.042262982577085" lon="6.019984949380159">
        <ele>77.95</ele>
      </trkpt>
      <trkpt lat="52.042365996167064" lon="6.020231964066625">
        <ele>78.29</ele>
      </trkpt>
      <trkpt lat="52.042395919561386" lon="6.020337995141745">
        <ele>78.71</ele>
      </trkpt>
      <trkpt lat="52.04241804778576" lon="6.020635804161429">
        <ele>79.25</ele>
      </trkpt>
      <trkpt lat="52.04243992455304" lon="6.02093193680048">
        <ele>79.88</ele>
      </trkpt>
      <trkpt lat="52.04248795285821" lon="6.021079961210489">
        <ele>80.51</ele>
      </trkpt>
      <trkpt lat="52.04256892204285" lon="6.021191943436861">
        <ele>81.18</ele>
      </trkpt>
      <trkpt lat="52.042731111869216" lon="6.021308032795787">
        <ele>81.91</ele>
      </trkpt>
      <trkpt lat="52.04289296641946" lon="6.021423954516649">
        <ele>82.68</ele>
      </trkpt>
      <trkpt lat="52.042969996109605" lon="6.021542977541685">
        <ele>83.44</ele>
      </trkpt>
      <trkpt lat="52.04304199665785" lon="6.021761996671557">
        <ele>84.19</ele>
      </trkpt>
      <trkpt lat="52.04310360364616" lon="6.022029127925634">
        <ele>84.94</ele>
      </trkpt>
      <trkpt lat="52.043164959177375" lon="6.022294918075204">
        <ele>85.72</ele>
      </trkpt>
      <trkpt lat="52.04326495528221" lon="6.022584931924939">
        <ele>86.46</ele>
      </trkpt>
      <trkpt lat="52.04346830025315" lon="6.022932529449463">
        <ele>87.25</ele>
      </trkpt>
      <trkpt lat="52.04367097467184" lon="6.023278953507543">
        <ele>87.88</ele>
      </trkpt>
      <trkpt lat="52.043872978538275" lon="6.023515993729234">
        <ele>88.46</ele>
      </trkpt>
      <trkpt lat="52.04395495355129" lon="6.023554969578981">
        <ele>88.99</ele>
      </trkpt>
      <trkpt lat="52.04416835680604" lon="6.02363065816462">
        <ele>89.53</ele>
      </trkpt>
      <trkpt lat="52.04438184387982" lon="6.023706346750259">
        <ele>90.0</ele>
      </trkpt>
      <trkpt lat="52.04459499567747" lon="6.023781951516867">
        <ele>90.4</ele>
      </trkpt>
      <trkpt lat="52.04488408751786" lon="6.023841965943575">
        <ele>90.72</ele>
      </trkpt>
      <trkpt lat="52.045173179358244" lon="6.023901980370283">
        <ele>90.9</ele>
      </trkpt>
      <trkpt lat="52.0454619359225" lon="6.023961994796991">
        <ele>91.02</ele>
      </trkpt>
      <trkpt lat="52.0456329267472" lon="6.024069953709841">
        <ele>91.16</ele>
      </trkpt>
      <trkpt lat="52.04590022563934" lon="6.0243012104183435">
        <ele>91.27</ele>
      </trkpt>
      <trkpt lat="52.04616693779826" lon="6.024531964212656">
        <ele>91.18</ele>
      </trkpt>
      <trkpt lat="52.04640691168606" lon="6.02477353066206">
        <ele>91.06</ele>
      </trkpt>
      <trkpt lat="52.04664680175483" lon="6.025015180930495">
        <ele>91.03</ele>
      </trkpt>
      <trkpt lat="52.046885937452316" lon="6.025255993008614">
        <ele>91.08</ele>
      </trkpt>
      <trkpt lat="52.04677722416818" lon="6.025505438446999">
        <ele>91.28</ele>
      </trkpt>
      <trkpt lat="52.046668929979205" lon="6.025753961876035">
        <ele>91.52</ele>
      </trkpt>
      <trkpt lat="52.04655191861093" lon="6.026134919375181">
        <ele>91.68</ele>
      </trkpt>
      <trkpt lat="52.04644002020359" lon="6.0265701077878475">
        <ele>91.88</ele>
      </trkpt>
      <trkpt lat="52.04632803797722" lon="6.027005212381482">
        <ele>92.11</ele>
      </trkpt>
      <trkpt lat="52.046216977760196" lon="6.027436964213848">
        <ele>92.42</ele>
      </trkpt>
      <trkpt lat="52.04614095389843" lon="6.027727983891964">
        <ele>92.69</ele>
      </trkpt>
      <trkpt lat="52.045999970287085" lon="6.027990924194455">
        <ele>93.06</ele>
      </trkpt>
      <trkpt lat="52.04573870636523" lon="6.027736198157072">
        <ele>93.48</ele>
      </trkpt>
      <trkpt lat="52.04547794535756" lon="6.027481975033879">
        <ele>93.86</ele>
      </trkpt>
      <trkpt lat="52.04528574831784" lon="6.027289442718029">
        <ele>94.24</ele>
      </trkpt>
      <trkpt lat="52.045093551278114" lon="6.027096910402179">
        <ele>94.63</ele>
      </trkpt>
      <trkpt lat="52.04490194097161" lon="6.0269049648195505">
        <ele>95.01</ele>
      </trkpt>
      <trkpt lat="52.04475869424641" lon="6.02723135612905">
        <ele>95.33</ele>
      </trkpt>
      <trkpt lat="52.04461536370218" lon="6.027557831257582">
        <ele>95.67</ele>
      </trkpt>
      <trkpt lat="52.044472033157945" lon="6.0278842225670815">
        <ele>95.99</ele>
      </trkpt>
      <trkpt lat="52.04432995989919" lon="6.028207931667566">
        <ele>96.28</ele>
      </trkpt>
      <trkpt lat="52.04416492022574" lon="6.028529964387417">
        <ele>96.55</ele>
      </trkpt>
      <trkpt lat="52.04407121054828" lon="6.02886482141912">
        <ele>96.92</ele>
      </trkpt>
      <trkpt lat="52.04397791996598" lon="6.029197918251157">
        <ele>97.38</ele>
      </trkpt>
      <trkpt lat="52.043873984366655" lon="6.029439987614751">
        <ele>97.82</ele>
      </trkpt>
      <trkpt lat="52.04381598159671" lon="6.0293959826231">
        <ele>98.28</ele>
      </trkpt>
      <trkpt lat="52.04366493970156" lon="6.0293269995599985">
        <ele>98.77</ele>
      </trkpt>
      <trkpt lat="52.0433812122792" lon="6.029272265732288">
        <ele>99.32</ele>
      </trkpt>
      <trkpt lat="52.04309740103781" lon="6.02921761572361">
        <ele>99.91</ele>
      </trkpt>
      <trkpt lat="52.04281392507255" lon="6.0291629657149315">
        <ele>100.52</ele>
      </trkpt>
      <trkpt lat="52.04257361590862" lon="6.029152236878872">
        <ele>101.17</ele>
      </trkpt>
      <trkpt lat="52.042333306744695" lon="6.029141424223781">
        <ele>101.81</ele>
      </trkpt>
      <trkpt lat="52.042092913761735" lon="6.029130695387721">
        <ele>102.45</ele>
      </trkpt>
      <trkpt lat="52.041852939873934" lon="6.0291199665516615">
        <ele>102.98</ele>
      </trkpt>
      <trkpt lat="52.04172997735441" lon="6.0291709285229445">
        <ele>103.5</ele>
      </trkpt>
      <trkpt lat="52.04154691658914" lon="6.029387935996056">
        <ele>103.99</ele>
      </trkpt>
      <trkpt lat="52.04142194241285" lon="6.029474940150976">
        <ele>104.45</ele>
      </trkpt>
      <trkpt lat="52.04128297045827" lon="6.029493967071176">
        <ele>104.97</ele>
      </trkpt>
      <trkpt lat="52.04110938124359" lon="6.029437892138958">
        <ele>105.4</ele>
      </trkpt>
      <trkpt lat="52.04093595966697" lon="6.029381984844804">
        <ele>105.81</ele>
      </trkpt>
      <trkpt lat="52.040738901123405" lon="6.0294129978865385">
        <ele>106.25</ele>
      </trkpt>
      <trkpt lat="52.04054192639887" lon="6.0294439271092415">
        <ele>106.75</ele>
      </trkpt>
      <trkpt lat="52.04035081900656" lon="6.029586419463158">
        <ele>107.19</ele>
      </trkpt>
      <trkpt lat="52.04015962779522" lon="6.029728827998042">
        <ele>107.67</ele>
      </trkpt>
      <trkpt lat="52.03996893949807" lon="6.029870985075831">
        <ele>108.08</ele>
      </trkpt>
      <trkpt lat="52.039739191532135" lon="6.029953630641103">
        <ele>108.46</ele>
      </trkpt>
      <trkpt lat="52.03950935974717" lon="6.030036360025406">
        <ele>108.79</ele>
      </trkpt>
      <trkpt lat="52.039279947057366" lon="6.0301189217716455">
        <ele>109.06</ele>
      </trkpt>
      <trkpt lat="52.03901683911681" lon="6.0302370227873325">
        <ele>109.33</ele>
      </trkpt>
      <trkpt lat="52.03875398263335" lon="6.030354956164956">
        <ele>109.54</ele>
      </trkpt>
      <trkpt lat="52.038538986817" lon="6.030518990010023">
        <ele>109.61</ele>
      </trkpt>
      <trkpt lat="52.038333378732204" lon="6.030725855380297">
        <ele>109.75</ele>
      </trkpt>
      <trkpt lat="52.03812785446644" lon="6.03093272075057">
        <ele>109.75</ele>
      </trkpt>
      <trkpt lat="52.037922916933894" lon="6.031138999387622">
        <ele>109.67</ele>
      </trkpt>
      <trkpt lat="52.037794925272465" lon="6.031402945518494">
        <ele>109.48</ele>
      </trkpt>
      <trkpt lat="52.03775997273624" lon="6.031550969928503">
        <ele>109.32</ele>
      </trkpt>
      <trkpt lat="52.037710854783654" lon="6.031836709007621">
        <ele>109.13</ele>
      </trkpt>
      <trkpt lat="52.037661988288164" lon="6.032120939344168">
        <ele>108.91</ele>
      </trkpt>
      <trkpt lat="52.03767598606646" lon="6.032594935968518">
        <ele>108.74</ele>
      </trkpt>
      <trkpt lat="52.0376599766314" lon="6.032736925408244">
        <ele>108.45</ele>
      </trkpt>
      <trkpt lat="52.03758998773992" lon="6.033011935651302">
        <ele>108.09</ele>
      </trkpt>
      <trkpt lat="52.03747624531388" lon="6.0332925617694855">
        <ele>107.62</ele>
      </trkpt>
      <trkpt lat="52.037362921983004" lon="6.033571930602193">
        <ele>107.11</ele>
      </trkpt>
      <trkpt lat="52.03729326836765" lon="6.03381659835577">
        <ele>106.48</ele>
      </trkpt>
      <trkpt lat="52.03722395002842" lon="6.03405992500484">
        <ele>105.83</ele>
      </trkpt>
      <trkpt lat="52.03718095086515" lon="6.034308951348066">
        <ele>105.15</ele>
      </trkpt>
      <trkpt lat="52.037170892581344" lon="6.034766770899296">
        <ele>104.33</ele>
      </trkpt>
      <trkpt lat="52.03716091811657" lon="6.035224590450525">
        <ele>103.53</ele>
      </trkpt>
      <trkpt lat="52.037150859832764" lon="6.0356824938207865">
        <ele>102.65</ele>
      </trkpt>
      <trkpt lat="52.03714096918702" lon="6.036134948953986">
        <ele>101.76</ele>
      </trkpt>
      <trkpt lat="52.03710769303143" lon="6.0365792736411095">
        <ele>100.82</ele>
      </trkpt>
      <trkpt lat="52.03707433305681" lon="6.037023514509201">
        <ele>99.96</ele>
      </trkpt>
      <trkpt lat="52.03704105690122" lon="6.037467839196324">
        <ele>99.02</ele>
      </trkpt>
      <trkpt lat="52.037007780745625" lon="6.037912080064416">
        <ele>97.98</ele>
      </trkpt>
      <trkpt lat="52.03697492368519" lon="6.038349950686097">
        <ele>96.9</ele>
      </trkpt>
      <trkpt lat="52.03694139607251" lon="6.038657817989588">
        <ele>95.78</ele>
      </trkpt>
      <trkpt lat="52.03690795227885" lon="6.038963925093412">
        <ele>94.64</ele>
      </trkpt>
      <trkpt lat="52.036690106615424" lon="6.038837525993586">
        <ele>93.54</ele>
      </trkpt>
      <trkpt lat="52.03647234477103" lon="6.038711126893759">
        <ele>92.34</ele>
      </trkpt>
      <trkpt lat="52.03625491820276" lon="6.038584979251027">
        <ele>91.08</ele>
      </trkpt>
      <trkpt lat="52.03600295819342" lon="6.038391944020987">
        <ele>89.79</ele>
      </trkpt>
      <trkpt lat="52.03574580140412" lon="6.038264371454716">
        <ele>88.58</ele>
      </trkpt>
      <trkpt lat="52.03548897989094" lon="6.038136966526508">
        <ele>87.38</ele>
      </trkpt>
      <trkpt lat="52.035195948556066" lon="6.038034958764911">
        <ele>86.23</ele>
      </trkpt>
      <trkpt lat="52.03503392636776" lon="6.038008471950889">
        <ele>85.11</ele>
      </trkpt>
      <trkpt lat="52.034871987998486" lon="6.037981985136867">
        <ele>84.02</ele>
      </trkpt>
      <trkpt lat="52.03469295054674" lon="6.037914929911494">
        <ele>82.93</ele>
      </trkpt>
      <trkpt lat="52.03442397527397" lon="6.037814933806658">
        <ele>81.87</ele>
      </trkpt>
      <trkpt lat="52.03418282791972" lon="6.0376918874681">
        <ele>80.84</ele>
      </trkpt>
      <trkpt lat="52.03394193202257" lon="6.037568924948573">
        <ele>79.88</ele>
      </trkpt>
      <trkpt lat="52.033656276762486" lon="6.03745685890317">
        <ele>78.95</ele>
      </trkpt>
      <trkpt lat="52.033370956778526" lon="6.03734496049583">
        <ele>78.11</ele>
      </trkpt>
      <trkpt lat="52.033344972878695" lon="6.037456942722201">
        <ele>77.48</ele>
      </trkpt>
      <trkpt lat="52.033243384212255" lon="6.0379051230847836">
        <ele>76.92</ele>
      </trkpt>
      <trkpt lat="52.033141795545816" lon="6.038353303447366">
        <ele>76.46</ele>
      </trkpt>
      <trkpt lat="52.03304096125066" lon="6.038797963410616">
        <ele>76.15</ele>
      </trkpt>
      <trkpt lat="52.0327868219465" lon="6.03893056511879">
        <ele>75.93</ele>
      </trkpt>
      <trkpt lat="52.032532934099436" lon="6.0390629991889">
        <ele>75.8</ele>
      </trkpt>
      <trkpt lat="52.03251893632114" lon="6.03906593285501">
        <ele>75.66</ele>
      </trkpt>
      <trkpt lat="52.03222481533885" lon="6.039177495986223">
        <ele>75.64</ele>
      </trkpt>
      <trkpt lat="52.031930945813656" lon="6.039288975298405">
        <ele>75.68</ele>
      </trkpt>
      <trkpt lat="52.03161930665374" lon="6.039262488484383">
        <ele>75.74</ele>
      </trkpt>
      <trkpt lat="52.031307918950915" lon="6.039235917851329">
        <ele>75.77</ele>
      </trkpt>
      <trkpt lat="52.031007846817374" lon="6.039149584248662">
        <ele>75.86</ele>
      </trkpt>
      <trkpt lat="52.0307076908648" lon="6.039063250645995">
        <ele>75.96</ele>
      </trkpt>
      <trkpt lat="52.03040795400739" lon="6.038976917043328">
        <ele>76.15</ele>
      </trkpt>
      <trkpt lat="52.03023696318269" lon="6.038988986983895">
        <ele>76.4</ele>
      </trkpt>
      <trkpt lat="52.03010897152126" lon="6.039109937846661">
        <ele>76.69</ele>
      </trkpt>
      <trkpt lat="52.029993971809745" lon="6.0392669308930635">
        <ele>77.04</ele>
      </trkpt>
      <trkpt lat="52.0299409981817" lon="6.03936399333179">
        <ele>77.41</ele>
      </trkpt>
      <trkpt lat="52.029820969328284" lon="6.039411937817931">
        <ele>77.81</ele>
      </trkpt>
      <trkpt lat="52.02966498211026" lon="6.0394159611314535">
        <ele>78.24</ele>
      </trkpt>
      <trkpt lat="52.02938728965819" lon="6.039291406050324">
        <ele>78.55</ele>
      </trkpt>
      <trkpt lat="52.02910993248224" lon="6.039166934788227">
        <ele>78.91</ele>
      </trkpt>
      <trkpt lat="52.02893684618175" lon="6.039117397740483">
        <ele>79.43</ele>
      </trkpt>
      <trkpt lat="52.02876392751932" lon="6.039067944511771">
        <ele>80.03</ele>
      </trkpt>
      <trkpt lat="52.02856594696641" lon="6.0390999633818865">
        <ele>80.71</ele>
      </trkpt>
      <trkpt lat="52.02831298112869" lon="6.0392489936202765">
        <ele>81.54</ele>
      </trkpt>
      <trkpt lat="52.028275933116674" lon="6.03927799500525">
        <ele>82.22</ele>
      </trkpt>
      <trkpt lat="52.02807929366827" lon="6.039438089355826">
        <ele>83.13</ele>
      </trkpt>
      <trkpt lat="52.02788298949599" lon="6.039597932249308">
        <ele>84.05</ele>
      </trkpt>
      <trkpt lat="52.02775499783456" lon="6.039685942232609">
        <ele>84.82</ele>
      </trkpt>
      <trkpt lat="52.02788298949599" lon="6.039597932249308">
        <ele>85.41</ele>
      </trkpt>
      <trkpt lat="52.0280796289444" lon="6.039437837898731">
        <ele>85.84</ele>
      </trkpt>
      <trkpt lat="52.028275933116674" lon="6.03927799500525">
        <ele>86.26</ele>
      </trkpt>
      <trkpt lat="52.02821893617511" lon="6.039229966700077">
        <ele>86.88</ele>
      </trkpt>
      <trkpt lat="52.0279377233237" lon="6.039418559521437">
        <ele>87.83</ele>
      </trkpt>
      <trkpt lat="52.027656929567456" lon="6.039606984704733">
        <ele>88.6</ele>
      </trkpt>
      <trkpt lat="52.027483843266964" lon="6.039690468460321">
        <ele>89.15</ele>
      </trkpt>
      <trkpt lat="52.027310924604535" lon="6.03977395221591">
        <ele>89.58</ele>
      </trkpt>
      <trkpt lat="52.02731695957482" lon="6.039815945550799">
        <ele>90.05</ele>
      </trkpt>
      <trkpt lat="52.02736096456647" lon="6.040070923045278">
        <ele>90.51</ele>
      </trkpt>
      <trkpt lat="52.02734797261655" lon="6.040114928036928">
        <ele>90.84</ele>
      </trkpt>
      <trkpt lat="52.02720992267132" lon="6.040200926363468">
        <ele>91.0</ele>
      </trkpt>
      <trkpt lat="52.02718896791339" lon="6.040329923853278">
        <ele>91.19</ele>
      </trkpt>
      <trkpt lat="52.0272281114012" lon="6.04073409922421">
        <ele>91.41</ele>
      </trkpt>
      <trkpt lat="52.027266919612885" lon="6.041135927662253">
        <ele>91.55</ele>
      </trkpt>
      <trkpt lat="52.027283515781164" lon="6.041521076112986">
        <ele>91.69</ele>
      </trkpt>
      <trkpt lat="52.02729994431138" lon="6.0419039614498615">
        <ele>91.77</ele>
      </trkpt>
      <trkpt lat="52.02732198871672" lon="6.042002951726317">
        <ele>91.63</ele>
      </trkpt>
      <trkpt lat="52.02736892737448" lon="6.042079981416464">
        <ele>91.41</ele>
      </trkpt>
      <trkpt lat="52.02732793986797" lon="6.042091967537999">
        <ele>90.97</ele>
      </trkpt>
      <trkpt lat="52.027215203270316" lon="6.042320877313614">
        <ele>90.38</ele>
      </trkpt>
      <trkpt lat="52.02710296958685" lon="6.0425489488989115">
        <ele>89.65</ele>
      </trkpt>
      <trkpt lat="52.02692175284028" lon="6.042780289426446">
        <ele>88.71</ele>
      </trkpt>
      <trkpt lat="52.02674095518887" lon="6.043010959401727">
        <ele>87.76</ele>
      </trkpt>
      <trkpt lat="52.02650433406234" lon="6.043110033497214">
        <ele>86.81</ele>
      </trkpt>
      <trkpt lat="52.0262679643929" lon="6.0432089399546385">
        <ele>85.96</ele>
      </trkpt>
      <trkpt lat="52.02622395940125" lon="6.0432089399546385">
        <ele>85.14</ele>
      </trkpt>
      <trkpt lat="52.02594886533916" lon="6.043175412341952">
        <ele>84.3</ele>
      </trkpt>
      <trkpt lat="52.02567393891513" lon="6.043141968548298">
        <ele>83.4</ele>
      </trkpt>
      <trkpt lat="52.02543438412249" lon="6.043072901666164">
        <ele>82.56</ele>
      </trkpt>
      <trkpt lat="52.02519499696791" lon="6.043003918603063">
        <ele>81.72</ele>
      </trkpt>
      <trkpt lat="52.02504395507276" lon="6.0430399607867">
        <ele>80.86</ele>
      </trkpt>
      <trkpt lat="52.024989975616336" lon="6.043089916929603">
        <ele>80.05</ele>
      </trkpt>
      <trkpt lat="52.02492996118963" lon="6.043260991573334">
        <ele>79.26</ele>
      </trkpt>
      <trkpt lat="52.02484421432018" lon="6.043545641005039">
        <ele>78.43</ele>
      </trkpt>
      <trkpt lat="52.02475897036493" lon="6.043828949332237">
        <ele>77.61</ele>
      </trkpt>
      <trkpt lat="52.02464698813856" lon="6.044049980118871">
        <ele>76.81</ele>
      </trkpt>
      <trkpt lat="52.024383964017034" lon="6.044149976223707">
        <ele>76.08</ele>
      </trkpt>
      <trkpt lat="52.02432596124709" lon="6.0441269259899855">
        <ele>75.35</ele>
      </trkpt>
      <trkpt lat="52.02418799512088" lon="6.044030953198671">
        <ele>74.63</ele>
      </trkpt>
      <trkpt lat="52.024126974865794" lon="6.043964987620711">
        <ele>73.89</ele>
      </trkpt>
      <trkpt lat="52.02397492714226" lon="6.043798942118883">
        <ele>73.13</ele>
      </trkpt>
      <trkpt lat="52.02388498932123" lon="6.043593920767307">
        <ele>72.3</ele>
      </trkpt>
      <trkpt lat="52.02378968708217" lon="6.043258141726255">
        <ele>71.41</ele>
      </trkpt>
      <trkpt lat="52.02369497157633" lon="6.042923955246806">
        <ele>70.52</ele>
      </trkpt>
      <trkpt lat="52.023616936057806" lon="6.042734943330288">
        <ele>69.7</ele>
      </trkpt>
      <trkpt lat="52.023507971316576" lon="6.042630923911929">
        <ele>68.86</ele>
      </trkpt>
      <trkpt lat="52.023353995755315" lon="6.042612986639142">
        <ele>68.01</ele>
      </trkpt>
      <trkpt lat="52.02325592748821" lon="6.042753970250487">
        <ele>67.18</ele>
      </trkpt>
      <trkpt lat="52.023180993273854" lon="6.04295396246016">
        <ele>66.36</ele>
      </trkpt>
      <trkpt lat="52.023086696863174" lon="6.0433008056133986">
        <ele>65.51</ele>
      </trkpt>
      <trkpt lat="52.02299298718572" lon="6.0436459723860025">
        <ele>64.67</ele>
      </trkpt>
      <trkpt lat="52.0228869561106" lon="6.043748985975981">
        <ele>63.83</ele>
      </trkpt>
      <trkpt lat="52.02267749235034" lon="6.043602135032415">
        <ele>62.96</ele>
      </trkpt>
      <trkpt lat="52.02246794477105" lon="6.043455367907882">
        <ele>62.04</ele>
      </trkpt>
      <trkpt lat="52.022258983924985" lon="6.043308936059475">
        <ele>61.08</ele>
      </trkpt>
      <trkpt lat="52.02210039831698" lon="6.043265433982015">
        <ele>60.11</ele>
      </trkpt>
      <trkpt lat="52.02194198034704" lon="6.043221931904554">
        <ele>59.13</ele>
      </trkpt>
      <trkpt lat="52.021677950397134" lon="6.043221931904554">
        <ele>58.1</ele>
      </trkpt>
      <trkpt lat="52.021569991484284" lon="6.043279934674501">
        <ele>57.07</ele>
      </trkpt>
      <trkpt lat="52.02132892794907" lon="6.043491996824741">
        <ele>55.98</ele>
      </trkpt>
      <trkpt lat="52.02117637731135" lon="6.043736329302192">
        <ele>54.87</ele>
      </trkpt>
      <trkpt lat="52.02102382667363" lon="6.043980745598674">
        <ele>53.68</ele>
      </trkpt>
      <trkpt lat="52.02087194658816" lon="6.044223988428712">
        <ele>52.49</ele>
      </trkpt>
      <trkpt lat="52.02070497907698" lon="6.044381987303495">
        <ele>51.33</ele>
      </trkpt>
      <trkpt lat="52.02050498686731" lon="6.044508973136544">
        <ele>50.18</ele>
      </trkpt>
      <trkpt lat="52.020203825086355" lon="6.044636378064752">
        <ele>49.1</ele>
      </trkpt>
      <trkpt lat="52.0199026633054" lon="6.044763782992959">
        <ele>48.06</ele>
      </trkpt>
      <trkpt lat="52.01960192061961" lon="6.044890936464071">
        <ele>47.0</ele>
      </trkpt>
      <trkpt lat="52.01952296309173" lon="6.044891942292452">
        <ele>46.14</ele>
      </trkpt>
      <trkpt lat="52.01936496421695" lon="6.0448139905929565">
        <ele>45.31</ele>
      </trkpt>
      <trkpt lat="52.01929195784032" lon="6.044687926769257">
        <ele>44.6</ele>
      </trkpt>
      <trkpt lat="52.01928592287004" lon="6.044651968404651">
        <ele>44.04</ele>
      </trkpt>
      <trkpt lat="52.019226998090744" lon="6.044297916814685">
        <ele>43.55</ele>
      </trkpt>
      <trkpt lat="52.01906598173082" lon="6.044100942090154">
        <ele>43.13</ele>
      </trkpt>
      <trkpt lat="52.0189409237355" lon="6.044043945148587">
        <ele>42.91</ele>
      </trkpt>
      <trkpt lat="52.018905971199274" lon="6.044222982600331">
        <ele>42.85</ele>
      </trkpt>
      <trkpt lat="52.018775129690766" lon="6.0445621982216835">
        <ele>43.0</ele>
      </trkpt>
      <trkpt lat="52.01864495873451" lon="6.0448999889194965">
        <ele>43.25</ele>
      </trkpt>
      <trkpt lat="52.0185162127018" lon="6.045103250071406">
        <ele>43.6</ele>
      </trkpt>
      <trkpt lat="52.01838796958327" lon="6.045305924490094">
        <ele>44.04</ele>
      </trkpt>
      <trkpt lat="52.01835695654154" lon="6.045428970828652">
        <ele>44.63</ele>
      </trkpt>
      <trkpt lat="52.01839894987643" lon="6.045677997171879">
        <ele>45.43</ele>
      </trkpt>
      <trkpt lat="52.01846893876791" lon="6.045858962461352">
        <ele>46.27</ele>
      </trkpt>
      <trkpt lat="52.01856097206473" lon="6.046221982687712">
        <ele>47.2</ele>
      </trkpt>
      <trkpt lat="52.0186869520694" lon="6.046235980466008">
        <ele>48.13</ele>
      </trkpt>
      <trkpt lat="52.01879298314452" lon="6.046301946043968">
        <ele>49.13</ele>
      </trkpt>
      <trkpt lat="52.0189390797168" lon="6.04644862934947">
        <ele>50.19</ele>
      </trkpt>
      <trkpt lat="52.019084924831986" lon="6.046594977378845">
        <ele>51.27</ele>
      </trkpt>
      <trkpt lat="52.0191859267652" lon="6.046653985977173">
        <ele>52.35</ele>
      </trkpt>
      <trkpt lat="52.019445933401585" lon="6.046749958768487">
        <ele>53.5</ele>
      </trkpt>
      <trkpt lat="52.01959999278188" lon="6.046739984303713">
        <ele>54.62</ele>
      </trkpt>
      <trkpt lat="52.01990098692477" lon="6.046837968751788">
        <ele>55.82</ele>
      </trkpt>
      <trkpt lat="52.02001992613077" lon="6.046834951266646">
        <ele>56.88</ele>
      </trkpt>
      <trkpt lat="52.020241962745786" lon="6.047190930694342">
        <ele>57.98</ele>
      </trkpt>
      <trkpt lat="52.020305916666985" lon="6.047327974811196">
        <ele>58.96</ele>
      </trkpt>
      <trkpt lat="52.02036106958985" lon="6.0475856345146894">
        <ele>59.89</ele>
      </trkpt>
      <trkpt lat="52.02041597105563" lon="6.047841953113675">
        <ele>60.72</ele>
      </trkpt>
      <trkpt lat="52.02046592719853" lon="6.047949995845556">
        <ele>61.53</ele>
      </trkpt>
      <trkpt lat="52.02050196938217" lon="6.048005986958742">
        <ele>62.3</ele>
      </trkpt>
      <trkpt lat="52.02074294909835" lon="6.048108916729689">
        <ele>63.04</ele>
      </trkpt>
      <trkpt lat="52.0208889618516" lon="6.048069940879941">
        <ele>63.62</ele>
      </trkpt>
      <trkpt lat="52.02093397267163" lon="6.04802593588829">
        <ele>64.19</ele>
      </trkpt>
      <trkpt lat="52.02098895795643" lon="6.047948990017176">
        <ele>64.7</ele>
      </trkpt>
      <trkpt lat="52.0210736989975" lon="6.047615641728044">
        <ele>65.15</ele>
      </trkpt>
      <trkpt lat="52.02115793712437" lon="6.047283969819546">
        <ele>65.48</ele>
      </trkpt>
      <trkpt lat="52.02135097235441" lon="6.046936959028244">
        <ele>65.84</ele>
      </trkpt>
      <trkpt lat="52.021396989002824" lon="6.046901922672987">
        <ele>66.04</ele>
      </trkpt>
      <trkpt lat="52.021529925987124" lon="6.046940982341766">
        <ele>66.16</ele>
      </trkpt>
      <trkpt lat="52.021715585142374" lon="6.047047516331077">
        <ele>66.22</ele>
      </trkpt>
      <trkpt lat="52.02190099284053" lon="6.047153966501355">
        <ele>66.2</ele>
      </trkpt>
      <trkpt lat="52.0221305731684" lon="6.04718548245728">
        <ele>66.11</ele>
      </trkpt>
      <trkpt lat="52.0223599858582" lon="6.047216998413205">
        <ele>65.92</ele>
      </trkpt>
      <trkpt lat="52.02256299555302" lon="6.04729394428432">
        <ele>65.64</ele>
      </trkpt>
      <trkpt lat="52.02245897613466" lon="6.047613965347409">
        <ele>65.24</ele>
      </trkpt>
      <trkpt lat="52.02242695726454" lon="6.047815969213843">
        <ele>64.71</ele>
      </trkpt>
      <trkpt lat="52.022427627816796" lon="6.048220144584775">
        <ele>64.11</ele>
      </trkpt>
      <trkpt lat="52.02242829836905" lon="6.048624319955707">
        <ele>63.3</ele>
      </trkpt>
      <trkpt lat="52.022428968921304" lon="6.049024974927306">
        <ele>62.47</ele>
      </trkpt>
      <trkpt lat="52.02249099500477" lon="6.049442980438471">
        <ele>61.51</ele>
      </trkpt>
      <trkpt lat="52.02257053926587" lon="6.049778172746301">
        <ele>60.53</ele>
      </trkpt>
      <trkpt lat="52.02264999970794" lon="6.0501133650541306">
        <ele>59.48</ele>
      </trkpt>
      <trkpt lat="52.02272895723581" lon="6.050445958971977">
        <ele>58.3</ele>
      </trkpt>
      <trkpt lat="52.02274546958506" lon="6.050713760778308">
        <ele>57.19</ele>
      </trkpt>
      <trkpt lat="52.02276198193431" lon="6.050979970023036">
        <ele>56.14</ele>
      </trkpt>
      <trkpt lat="52.02284697443247" lon="6.051313988864422">
        <ele>55.11</ele>
      </trkpt>
      <trkpt lat="52.02282786369324" lon="6.05175269767642">
        <ele>54.13</ele>
      </trkpt>
      <trkpt lat="52.02280892059207" lon="6.052188975736499">
        <ele>53.26</ele>
      </trkpt>
      <trkpt lat="52.02280598692596" lon="6.052446970716119">
        <ele>52.48</ele>
      </trkpt>
      <trkpt lat="52.02282593585551" lon="6.052573956549168">
        <ele>51.74</ele>
      </trkpt>
      <trkpt lat="52.022918136790395" lon="6.052788365632296">
        <ele>51.05</ele>
      </trkpt>
      <trkpt lat="52.02300991863012" lon="6.053001936525106">
        <ele>50.38</ele>
      </trkpt>
      <trkpt lat="52.02316171489656" lon="6.05328650213778">
        <ele>49.77</ele>
      </trkpt>
      <trkpt lat="52.023312924429774" lon="6.053569978103042">
        <ele>49.33</ele>
      </trkpt>
      <trkpt lat="52.023374950513244" lon="6.053831996396184">
        <ele>49.02</ele>
      </trkpt>
      <trkpt lat="52.023399928584695" lon="6.053940961137414">
        <ele>48.89</ele>
      </trkpt>
      <trkpt lat="52.02347092330456" lon="6.0537979658693075">
        <ele>48.92</ele>
      </trkpt>
      <trkpt lat="52.023741994053125" lon="6.053585987538099">
        <ele>49.11</ele>
      </trkpt>
      <trkpt lat="52.02397735789418" lon="6.053420612588525">
        <ele>49.48</ele>
      </trkpt>
      <trkpt lat="52.02421272173524" lon="6.053255321457982">
        <ele>49.97</ele>
      </trkpt>
      <trkpt lat="52.024448085576296" lon="6.053089946508408">
        <ele>50.67</ele>
      </trkpt>
      <trkpt lat="52.02468344941735" lon="6.052924655377865">
        <ele>51.39</ele>
      </trkpt>
      <trkpt lat="52.02491797506809" lon="6.052759950980544">
        <ele>52.07</ele>
      </trkpt>
      <trkpt lat="52.02518091537058" lon="6.0525445360690355">
        <ele>52.83</ele>
      </trkpt>
      <trkpt lat="52.025443939492106" lon="6.052329121157527">
        <ele>53.77</ele>
      </trkpt>
      <trkpt lat="52.0257068797946" lon="6.052113622426987">
        <ele>54.77</ele>
      </trkpt>
      <trkpt lat="52.02596898190677" lon="6.051898961886764">
        <ele>55.73</ele>
      </trkpt>
      <trkpt lat="52.0262024179101" lon="6.051738616079092">
        <ele>56.67</ele>
      </trkpt>
      <trkpt lat="52.026435853913426" lon="6.051578186452389">
        <ele>57.64</ele>
      </trkpt>
      <trkpt lat="52.02666920609772" lon="6.051417840644717">
        <ele>58.67</ele>
      </trkpt>
      <trkpt lat="52.026901971548796" lon="6.051257997751236">
        <ele>59.69</ele>
      </trkpt>
      <trkpt lat="52.02710640616715" lon="6.051165880635381">
        <ele>60.64</ele>
      </trkpt>
      <trkpt lat="52.0273108407855" lon="6.051073847338557">
        <ele>61.57</ele>
      </trkpt>
      <trkpt lat="52.02751494012773" lon="6.050981981679797">
        <ele>62.47</ele>
      </trkpt>
      <trkpt lat="52.027714513242245" lon="6.0507480427622795">
        <ele>63.24</ele>
      </trkpt>
      <trkpt lat="52.02791408635676" lon="6.05051402002573">
        <ele>63.83</ele>
      </trkpt>
      <trkpt lat="52.02811298891902" lon="6.05028091929853">
        <ele>64.32</ele>
      </trkpt>
      <trkpt lat="52.02826998196542" lon="6.050303969532251">
        <ele>64.67</ele>
      </trkpt>
      <trkpt lat="52.02855898998678" lon="6.050425926223397">
        <ele>64.73</ele>
      </trkpt>
      <trkpt lat="52.028640964999795" lon="6.050379993394017">
        <ele>64.86</ele>
      </trkpt>
      <trkpt lat="52.02873098663986" lon="6.050273962318897">
        <ele>64.93</ele>
      </trkpt>
      <trkpt lat="52.02875495888293" lon="6.050185952335596">
        <ele>65.04</ele>
      </trkpt>
      <trkpt lat="52.02876392751932" lon="6.050068940967321">
        <ele>65.12</ele>
      </trkpt>
      <trkpt lat="52.02895545400679" lon="6.049683541059494">
        <ele>65.02</ele>
      </trkpt>
      <trkpt lat="52.02914706431329" lon="6.049298141151667">
        <ele>65.02</ele>
      </trkpt>
      <trkpt lat="52.02933859080076" lon="6.048912741243839">
        <ele>65.0</ele>
      </trkpt>
      <trkpt lat="52.02953011728823" lon="6.048527341336012">
        <ele>65.14</ele>
      </trkpt>
      <trkpt lat="52.0297216437757" lon="6.0481419414281845">
        <ele>65.45</ele>
      </trkpt>
      <trkpt lat="52.02991099096835" lon="6.047760983929038">
        <ele>65.74</ele>
      </trkpt>
      <trkpt lat="52.029948960989714" lon="6.047578928992152">
        <ele>65.94</ele>
      </trkpt>
      <trkpt lat="52.02996396459639" lon="6.047232924029231">
        <ele>66.23</ele>
      </trkpt>
      <trkpt lat="52.03006798401475" lon="6.046961937099695">
        <ele>66.48</ele>
      </trkpt>
      <trkpt lat="52.03024894930422" lon="6.047253962606192">
        <ele>66.57</ele>
      </trkpt>
      <trkpt lat="52.030377611517906" lon="6.047421684488654">
        <ele>66.78</ele>
      </trkpt>
      <trkpt lat="52.03050593845546" lon="6.047588987275958">
        <ele>67.08</ele>
      </trkpt>
      <trkpt lat="52.03063099645078" lon="6.0476739797741175">
        <ele>67.46</ele>
      </trkpt>
      <trkpt lat="52.03080793842673" lon="6.047917976975441">
        <ele>67.89</ele>
      </trkpt>
      <trkpt lat="52.031046990305185" lon="6.048167925328016">
        <ele>68.37</ele>
      </trkpt>
      <trkpt lat="52.031153943389654" lon="6.048218971118331">
        <ele>68.94</ele>
      </trkpt>
      <trkpt lat="52.03131303191185" lon="6.048299018293619">
        <ele>69.59</ele>
      </trkpt>
      <trkpt lat="52.03147195279598" lon="6.048378981649876">
        <ele>70.27</ele>
      </trkpt>
      <trkpt lat="52.03174293972552" lon="6.048415945842862">
        <ele>70.95</ele>
      </trkpt>
      <trkpt lat="52.03204703517258" lon="6.0484034568071365">
        <ele>71.73</ele>
      </trkpt>
      <trkpt lat="52.03235096298158" lon="6.048390967771411">
        <ele>72.73</ele>
      </trkpt>
      <trkpt lat="52.032656986266375" lon="6.0483139380812645">
        <ele>73.84</ele>
      </trkpt>
      <trkpt lat="52.032929649576545" lon="6.048178402706981">
        <ele>74.79</ele>
      </trkpt>
      <trkpt lat="52.03320197761059" lon="6.048042951151729">
        <ele>75.72</ele>
      </trkpt>
      <trkpt lat="52.033401131629944" lon="6.04789350181818">
        <ele>76.62</ele>
      </trkpt>
      <trkpt lat="52.0336002856493" lon="6.0477440524846315">
        <ele>77.49</ele>
      </trkpt>
      <trkpt lat="52.033798936754465" lon="6.04759493842721">
        <ele>78.36</ele>
      </trkpt>
      <trkpt lat="52.03404980711639" lon="6.047305092215538">
        <ele>79.25</ele>
      </trkpt>
      <trkpt lat="52.03429992310703" lon="6.04701591655612">
        <ele>80.16</ele>
      </trkpt>
      <trkpt lat="52.034510308876634" lon="6.046644346788526">
        <ele>81.04</ele>
      </trkpt>
      <trkpt lat="52.034719940274954" lon="6.046273950487375">
        <ele>81.83</ele>
      </trkpt>
      <trkpt lat="52.034903168678284" lon="6.045933645218611">
        <ele>82.61</ele>
      </trkpt>
      <trkpt lat="52.03508631326258" lon="6.045593339949846">
        <ele>83.33</ele>
      </trkpt>
      <trkpt lat="52.03526954166591" lon="6.04525295086205">
        <ele>84.07</ele>
      </trkpt>
      <trkpt lat="52.03545268625021" lon="6.044912645593286">
        <ele>84.86</ele>
      </trkpt>
      <trkpt lat="52.03563591465354" lon="6.044572340324521">
        <ele>85.65</ele>
      </trkpt>
      <trkpt lat="52.03581914305687" lon="6.044232035055757">
        <ele>86.5</ele>
      </trkpt>
      <trkpt lat="52.03599994070828" lon="6.043895920738578">
        <ele>87.3</ele>
      </trkpt>
      <trkpt lat="52.03624804504216" lon="6.0438889637589455">
        <ele>87.98</ele>
      </trkpt>
      <trkpt lat="52.03649598173797" lon="6.043881922960281">
        <ele>88.4</ele>
      </trkpt>
      <trkpt lat="52.036713575944304" lon="6.043911008164287">
        <ele>88.69</ele>
      </trkpt>
      <trkpt lat="52.03693091869354" lon="6.043939925730228">
        <ele>88.93</ele>
      </trkpt>
      <trkpt lat="52.037146082147956" lon="6.044015027582645">
        <ele>89.1</ele>
      </trkpt>
      <trkpt lat="52.03736116178334" lon="6.044090045616031">
        <ele>89.22</ele>
      </trkpt>
      <trkpt lat="52.037575989961624" lon="6.044164979830384">
        <ele>89.13</ele>
      </trkpt>
      <trkpt lat="52.037750920280814" lon="6.04428593069315">
        <ele>88.85</ele>
      </trkpt>
      <trkpt lat="52.03780892305076" lon="6.044383998960257">
        <ele>88.48</ele>
      </trkpt>
      <trkpt lat="52.03792417421937" lon="6.044579800218344">
        <ele>87.96</ele>
      </trkpt>
      <trkpt lat="52.03803892247379" lon="6.044774930924177">
        <ele>87.3</ele>
      </trkpt>
      <trkpt lat="52.03821678645909" lon="6.045121103525162">
        <ele>86.48</ele>
      </trkpt>
      <trkpt lat="52.038393979892135" lon="6.045465935021639">
        <ele>85.59</ele>
      </trkpt>
      <trkpt lat="52.038588942959905" lon="6.045791991055012">
        <ele>84.63</ele>
      </trkpt>
      <trkpt lat="52.03880259767175" lon="6.045928532257676">
        <ele>83.58</ele>
      </trkpt>
      <trkpt lat="52.03901591710746" lon="6.046064989641309">
        <ele>82.43</ele>
      </trkpt>
      <trkpt lat="52.03904399648309" lon="6.046082926914096">
        <ele>81.32</ele>
      </trkpt>
      <trkpt lat="52.03927097842097" lon="6.0461619682610035">
        <ele>80.1</ele>
      </trkpt>
      <trkpt lat="52.03952997922897" lon="6.046129949390888">
        <ele>78.91</ele>
      </trkpt>
      <trkpt lat="52.03967498615384" lon="6.046067923307419">
        <ele>77.68</ele>
      </trkpt>
      <trkpt lat="52.039831560105085" lon="6.045935824513435">
        <ele>76.46</ele>
      </trkpt>
      <trkpt lat="52.039987966418266" lon="6.045803977176547">
        <ele>75.22</ele>
      </trkpt>
      <trkpt lat="52.04021109268069" lon="6.045680344104767">
        <ele>73.96</ele>
      </trkpt>
      <trkpt lat="52.040433967486024" lon="6.045556962490082">
        <ele>72.72</ele>
      </trkpt>
      <trkpt lat="52.04065105877817" lon="6.045575654134154">
        <ele>71.57</ele>
      </trkpt>
      <trkpt lat="52.04086815007031" lon="6.045594345778227">
        <ele>70.48</ele>
      </trkpt>
      <trkpt lat="52.04108498990536" lon="6.045612953603268">
        <ele>69.44</ele>
      </trkpt>
      <trkpt lat="52.04121893271804" lon="6.045633992180228">
        <ele>68.52</ele>
      </trkpt>
      <trkpt lat="52.041442980989814" lon="6.045757960528135">
        <ele>67.66</ele>
      </trkpt>
      <trkpt lat="52.04167767427862" lon="6.0459722019732">
        <ele>66.95</ele>
      </trkpt>
      <trkpt lat="52.04191194847226" lon="6.046185940504074">
        <ele>66.36</ele>
      </trkpt>
      <trkpt lat="52.0420119445771" lon="6.046230951324105">
        <ele>65.91</ele>
      </trkpt>
      <trkpt lat="52.04217195510864" lon="6.046205973252654">
        <ele>65.55</ele>
      </trkpt>
      <trkpt lat="52.04224596731365" lon="6.046166997402906">
        <ele>65.29</ele>
      </trkpt>
      <trkpt lat="52.04237898811698" lon="6.046025929972529">
        <ele>65.13</ele>
      </trkpt>
      <trkpt lat="52.04250019043684" lon="6.045829625800252">
        <ele>65.07</ele>
      </trkpt>
      <trkpt lat="52.04262097366154" lon="6.045633992180228">
        <ele>65.16</ele>
      </trkpt>
      <trkpt lat="52.042744187638164" lon="6.04534481652081">
        <ele>65.35</ele>
      </trkpt>
      <trkpt lat="52.04286698251963" lon="6.0450569819658995">
        <ele>65.66</ele>
      </trkpt>
      <trkpt lat="52.042948957532644" lon="6.044795969501138">
        <ele>65.92</ele>
      </trkpt>
      <trkpt lat="52.04303487204015" lon="6.044468488544226">
        <ele>66.22</ele>
      </trkpt>
      <trkpt lat="52.04312070272863" lon="6.044141007587314">
        <ele>66.47</ele>
      </trkpt>
      <trkpt lat="52.043205946683884" lon="6.043815957382321">
        <ele>66.7</ele>
      </trkpt>
      <trkpt lat="52.043268978595734" lon="6.043365933001041">
        <ele>67.0</ele>
      </trkpt>
      <trkpt lat="52.04328699968755" lon="6.043083965778351">
        <ele>67.35</ele>
      </trkpt>
      <trkpt lat="52.0432794559747" lon="6.042658751830459">
        <ele>67.77</ele>
      </trkpt>
      <trkpt lat="52.043271996080875" lon="6.042235968634486">
        <ele>68.3</ele>
      </trkpt>
      <trkpt lat="52.043244587257504" lon="6.041857860982418">
        <ele>68.83</ele>
      </trkpt>
      <trkpt lat="52.0432170946151" lon="6.04147975333035">
        <ele>69.3</ele>
      </trkpt>
      <trkpt lat="52.043189937248826" lon="6.04110499843955">
        <ele>69.79</ele>
      </trkpt>
      <trkpt lat="52.043307200074196" lon="6.040903078392148">
        <ele>70.26</ele>
      </trkpt>
      <trkpt lat="52.043423959985375" lon="6.040701996535063">
        <ele>70.78</ele>
      </trkpt>
      <trkpt lat="52.04362160526216" lon="6.040416341274977">
        <ele>71.35</ele>
      </trkpt>
      <trkpt lat="52.043819250538945" lon="6.040130769833922">
        <ele>71.82</ele>
      </trkpt>
      <trkpt lat="52.0440168119967" lon="6.039845198392868">
        <ele>72.21</ele>
      </trkpt>
      <trkpt lat="52.04421445727348" lon="6.039559626951814">
        <ele>72.64</ele>
      </trkpt>
      <trkpt lat="52.04441210255027" lon="6.039273971691728">
        <ele>73.02</ele>
      </trkpt>
      <trkpt lat="52.04460798762739" lon="6.0389909986406565">
        <ele>73.3</ele>
      </trkpt>
      <trkpt lat="52.04473220743239" lon="6.038760077208281">
        <ele>73.54</ele>
      </trkpt>
      <trkpt lat="52.0448559243232" lon="6.038529993966222">
        <ele>73.73</ele>
      </trkpt>
      <trkpt lat="52.04501283355057" lon="6.03813461959362">
        <ele>73.92</ele>
      </trkpt>
      <trkpt lat="52.04516898840666" lon="6.037740921601653">
        <ele>74.2</ele>
      </trkpt>
      <trkpt lat="52.04527074471116" lon="6.0373856127262115">
        <ele>74.63</ele>
      </trkpt>
      <trkpt lat="52.04537199810147" lon="6.037031980231404">
        <ele>75.1</ele>
      </trkpt>
      <trkpt lat="52.045439975336194" lon="6.03655194863677">
        <ele>75.68</ele>
      </trkpt>
      <trkpt lat="52.04547895118594" lon="6.036384981125593">
        <ele>76.33</ele>
      </trkpt>
      <trkpt lat="52.045488925650716" lon="6.035975944250822">
        <ele>77.13</ele>
      </trkpt>
      <trkpt lat="52.04548859037459" lon="6.0354686714708805">
        <ele>78.09</ele>
      </trkpt>
      <trkpt lat="52.04548817127943" lon="6.034961398690939">
        <ele>79.05</ele>
      </trkpt>
      <trkpt lat="52.04548775218427" lon="6.034454125910997">
        <ele>80.06</ele>
      </trkpt>
      <trkpt lat="52.04548733308911" lon="6.033946853131056">
        <ele>81.27</ele>
      </trkpt>
      <trkpt lat="52.045486997812986" lon="6.033446956425905">
        <ele>82.64</ele>
      </trkpt>
      <trkpt lat="52.045567128807306" lon="6.033115619793534">
        <ele>83.95</ele>
      </trkpt>
      <trkpt lat="52.0456469245255" lon="6.032785959541798">
        <ele>85.31</ele>
      </trkpt>
      <trkpt lat="52.045655976980925" lon="6.032657967880368">
        <ele>86.54</ele>
      </trkpt>
      <trkpt lat="52.04562596976757" lon="6.0324549581855536">
        <ele>87.83</ele>
      </trkpt>
      <trkpt lat="52.0454619359225" lon="6.032142983749509">
        <ele>89.1</ele>
      </trkpt>
      <trkpt lat="52.04529069364071" lon="6.0319241322577">
        <ele>90.31</ele>
      </trkpt>
      <trkpt lat="52.045119954273105" lon="6.031705951318145">
        <ele>91.5</ele>
      </trkpt>
      <trkpt lat="52.04496086575091" lon="6.03135047480464">
        <ele>92.71</ele>
      </trkpt>
      <trkpt lat="52.04480177722871" lon="6.030994998291135">
        <ele>93.75</ele>
      </trkpt>
      <trkpt lat="52.04464277252555" lon="6.03063952177763">
        <ele>94.68</ele>
      </trkpt>
      <trkpt lat="52.04448494128883" lon="6.030286978930235">
        <ele>95.57</ele>
      </trkpt>
      <trkpt lat="52.0443379227072" lon="6.029983973130584">
        <ele>96.35</ele>
      </trkpt>
      <trkpt lat="52.04416198655963" lon="6.029726983979344">
        <ele>97.0</ele>
      </trkpt>
      <trkpt lat="52.04412695020437" lon="6.029691947624087">
        <ele>97.56</ele>
      </trkpt>
      <trkpt lat="52.043873984366655" lon="6.029439987614751">
        <ele>98.03</ele>
      </trkpt>
      <trkpt lat="52.04397791996598" lon="6.029197918251157">
        <ele>98.37</ele>
      </trkpt>
      <trkpt lat="52.04407171346247" lon="6.0288631450384855">
        <ele>98.59</ele>
      </trkpt>
      <trkpt lat="52.04416492022574" lon="6.028529964387417">
        <ele>98.77</ele>
      </trkpt>
      <trkpt lat="52.04432995989919" lon="6.028207931667566">
        <ele>98.93</ele>
      </trkpt>
      <trkpt lat="52.04447329044342" lon="6.027881540358067">
        <ele>98.96</ele>
      </trkpt>
      <trkpt lat="52.04461653716862" lon="6.027555149048567">
        <ele>98.85</ele>
      </trkpt>
      <trkpt lat="52.044759867712855" lon="6.027228673920035">
        <ele>98.61</ele>
      </trkpt>
      <trkpt lat="52.04490194097161" lon="6.0269049648195505">
        <ele>98.29</ele>
      </trkpt>
      <trkpt lat="52.045094138011336" lon="6.027097497135401">
        <ele>97.82</ele>
      </trkpt>
      <trkpt lat="52.04528633505106" lon="6.027290029451251">
        <ele>97.24</ele>
      </trkpt>
      <trkpt lat="52.04547794535756" lon="6.027481975033879">
        <ele>96.61</ele>
      </trkpt>
      <trkpt lat="52.04573920927942" lon="6.027736701071262">
        <ele>95.9</ele>
      </trkpt>
      <trkpt lat="52.045999970287085" lon="6.027990924194455">
        <ele>95.08</ele>
      </trkpt>
      <trkpt lat="52.04614095389843" lon="6.027727983891964">
        <ele>94.25</ele>
      </trkpt>
      <trkpt lat="52.046216977760196" lon="6.027436964213848">
        <ele>93.47</ele>
      </trkpt>
      <trkpt lat="52.046328876167536" lon="6.0270018596202135">
        <ele>92.6</ele>
      </trkpt>
      <trkpt lat="52.04644085839391" lon="6.026566755026579">
        <ele>91.78</ele>
      </trkpt>
      <trkpt lat="52.04655191861093" lon="6.026134919375181">
        <ele>90.97</ele>
      </trkpt>
      <trkpt lat="52.046668929979205" lon="6.025753961876035">
        <ele>90.16</ele>
      </trkpt>
      <trkpt lat="52.04677764326334" lon="6.025504432618618">
        <ele>89.28</ele>
      </trkpt>
      <trkpt lat="52.046885937452316" lon="6.025255993008614">
        <ele>88.43</ele>
      </trkpt>
      <trkpt lat="52.047067657113075" lon="6.025442657992244">
        <ele>87.72</ele>
      </trkpt>
      <trkpt lat="52.047248957678676" lon="6.025628987699747">
        <ele>87.08</ele>
      </trkpt>
      <trkpt lat="52.047308972105384" lon="6.025671986863017">
        <ele>86.44</ele>
      </trkpt>
      <trkpt lat="52.047463953495026" lon="6.025702999904752">
        <ele>85.85</ele>
      </trkpt>
      <trkpt lat="52.04768691211939" lon="6.025554891675711">
        <ele>85.27</ele>
      </trkpt>
      <trkpt lat="52.04790978692472" lon="6.02540678344667">
        <ele>84.72</ele>
      </trkpt>
      <trkpt lat="52.04813274554908" lon="6.0252586752176285">
        <ele>84.16</ele>
      </trkpt>
      <trkpt lat="52.04835494980216" lon="6.025110986083746">
        <ele>83.66</ele>
      </trkpt>
      <trkpt lat="52.04852904193103" lon="6.025034878402948">
        <ele>83.21</ele>
      </trkpt>
      <trkpt lat="52.04870296642184" lon="6.024958938360214">
        <ele>82.8</ele>
      </trkpt>
      <trkpt lat="52.04886792227626" lon="6.0249329544603825">
        <ele>82.47</ele>
      </trkpt>
      <trkpt lat="52.04916698858142" lon="6.025035968050361">
        <ele>82.31</ele>
      </trkpt>
      <trkpt lat="52.04929699189961" lon="6.025047954171896">
        <ele>82.1</ele>
      </trkpt>
      <trkpt lat="52.04946454614401" lon="6.025015935301781">
        <ele>81.83</ele>
      </trkpt>
      <trkpt lat="52.049631932750344" lon="6.024983916431665">
        <ele>81.62</ele>
      </trkpt>
      <trkpt lat="52.049864027649164" lon="6.025016941130161">
        <ele>81.45</ele>
      </trkpt>
      <trkpt lat="52.05009595490992" lon="6.025049965828657">
        <ele>81.33</ele>
      </trkpt>
      <trkpt lat="52.050339030101895" lon="6.025117356330156">
        <ele>81.28</ele>
      </trkpt>
      <trkpt lat="52.0505821891129" lon="6.025184663012624">
        <ele>81.2</ele>
      </trkpt>
      <trkpt lat="52.05082492902875" lon="6.025251969695091">
        <ele>81.11</ele>
      </trkpt>
      <trkpt lat="52.05109256319702" lon="6.025335201993585">
        <ele>81.07</ele>
      </trkpt>
      <trkpt lat="52.051360197365284" lon="6.025418350473046">
        <ele>81.0</ele>
      </trkpt>
      <trkpt lat="52.05162783153355" lon="6.02550158277154">
        <ele>80.87</ele>
      </trkpt>
      <trkpt lat="52.05189546570182" lon="6.025584731251001">
        <ele>80.83</ele>
      </trkpt>
      <trkpt lat="52.052163099870086" lon="6.025667963549495">
        <ele>80.82</ele>
      </trkpt>
      <trkpt lat="52.05242997966707" lon="6.025750944390893">
        <ele>80.87</ele>
      </trkpt>
      <trkpt lat="52.05266358330846" lon="6.025845492258668">
        <ele>80.88</ele>
      </trkpt>
      <trkpt lat="52.052896935492754" lon="6.025939956307411">
        <ele>80.91</ele>
      </trkpt>
      <trkpt lat="52.05312492325902" lon="6.026102984324098">
        <ele>81.02</ele>
      </trkpt>
      <trkpt lat="52.053276216611266" lon="6.026315800845623">
        <ele>81.24</ele>
      </trkpt>
      <trkpt lat="52.05342692323029" lon="6.026527946814895">
        <ele>81.56</ele>
      </trkpt>
      <trkpt lat="52.05353295430541" lon="6.026609921827912">
        <ele>81.83</ele>
      </trkpt>
      <trkpt lat="52.0536629576236" lon="6.0266319662332535">
        <ele>82.13</ele>
      </trkpt>
      <trkpt lat="52.05380595289171" lon="6.026594918221235">
        <ele>82.47</ele>
      </trkpt>
      <trkpt lat="52.05403092317283" lon="6.026440942659974">
        <ele>82.87</ele>
      </trkpt>
      <trkpt lat="52.05416997894645" lon="6.026266934350133">
        <ele>83.35</ele>
      </trkpt>
      <trkpt lat="52.0543397963047" lon="6.02592377923429">
        <ele>83.92</ele>
      </trkpt>
      <trkpt lat="52.054508943110704" lon="6.025581965222955">
        <ele>84.35</ele>
      </trkpt>
      <trkpt lat="52.05460499972105" lon="6.025479957461357">
        <ele>84.9</ele>
      </trkpt>
      <trkpt lat="52.05471497029066" lon="6.025448944419622">
        <ele>85.49</ele>
      </trkpt>
      <trkpt lat="52.05479099415243" lon="6.025467971339822">
        <ele>86.15</ele>
      </trkpt>
      <trkpt lat="52.055000960826874" lon="6.025715991854668">
        <ele>86.91</ele>
      </trkpt>
      <trkpt lat="52.05512870103121" lon="6.0259163193404675">
        <ele>87.64</ele>
      </trkpt>
      <trkpt lat="52.05525593832135" lon="6.0261159762740135">
        <ele>88.41</ele>
      </trkpt>
      <trkpt lat="52.055489625781775" lon="6.026401296257973">
        <ele>89.2</ele>
      </trkpt>
      <trkpt lat="52.055723229423165" lon="6.026686700060964">
        <ele>90.06</ele>
      </trkpt>
      <trkpt lat="52.05595599487424" lon="6.0269709303975105">
        <ele>90.95</ele>
      </trkpt>
      <trkpt lat="52.056183563545346" lon="6.02714829146862">
        <ele>91.81</ele>
      </trkpt>
      <trkpt lat="52.05641113221645" lon="6.02732565253973">
        <ele>92.67</ele>
      </trkpt>
      <trkpt lat="52.05663870088756" lon="6.02750301361084">
        <ele>93.53</ele>
      </trkpt>
      <trkpt lat="52.0568663533777" lon="6.02768037468195">
        <ele>94.34</ele>
      </trkpt>
      <trkpt lat="52.05709291622043" lon="6.027856981381774">
        <ele>95.08</ele>
      </trkpt>
      <trkpt lat="52.057127952575684" lon="6.027787998318672">
        <ele>95.72</ele>
      </trkpt>
      <trkpt lat="52.05730841495097" lon="6.027415674179792">
        <ele>96.34</ele>
      </trkpt>
      <trkpt lat="52.05748896114528" lon="6.027043350040913">
        <ele>96.87</ele>
      </trkpt>
      <trkpt lat="52.057669423520565" lon="6.026671109721065">
        <ele>97.24</ele>
      </trkpt>
      <trkpt lat="52.05784996971488" lon="6.026298785582185">
        <ele>97.66</ele>
      </trkpt>
      <trkpt lat="52.05803043209016" lon="6.025926545262337">
        <ele>98.02</ele>
      </trkpt>
      <trkpt lat="52.05821089446545" lon="6.025554221123457">
        <ele>98.27</ele>
      </trkpt>
      <trkpt lat="52.05838892608881" lon="6.02518692612648">
        <ele>98.42</ele>
      </trkpt>
      <trkpt lat="52.05849797464907" lon="6.025012917816639">
        <ele>98.41</ele>
      </trkpt>
      <trkpt lat="52.058668630197644" lon="6.024614777415991">
        <ele>98.24</ele>
      </trkpt>
      <trkpt lat="52.05883936956525" lon="6.024216637015343">
        <ele>97.86</ele>
      </trkpt>
      <trkpt lat="52.05900893546641" lon="6.023820927366614">
        <ele>97.45</ele>
      </trkpt>
      <trkpt lat="52.05916081555188" lon="6.023439886048436">
        <ele>97.07</ele>
      </trkpt>
      <trkpt lat="52.059312611818314" lon="6.023058844730258">
        <ele>96.63</ele>
      </trkpt>
      <trkpt lat="52.05946440808475" lon="6.022677719593048">
        <ele>96.03</ele>
      </trkpt>
      <trkpt lat="52.05961494706571" lon="6.022299947217107">
        <ele>95.29</ele>
      </trkpt>
      <trkpt lat="52.059644954279065" lon="6.022223923355341">
        <ele>94.52</ele>
      </trkpt>
      <trkpt lat="52.05968393012881" lon="6.022139936685562">
        <ele>93.68</ele>
      </trkpt>
      <trkpt lat="52.05982122570276" lon="6.021808264777064">
        <ele>92.7</ele>
      </trkpt>
      <trkpt lat="52.05995852127671" lon="6.021476509049535">
        <ele>91.73</ele>
      </trkpt>
      <trkpt lat="52.060094978660345" lon="6.02114693261683">
        <ele>90.65</ele>
      </trkpt>
      <trkpt lat="52.06008399836719" lon="6.0209909453988075">
        <ele>89.56</ele>
      </trkpt>
      <trkpt lat="52.06014895811677" lon="6.020686933770776">
        <ele>88.39</ele>
      </trkpt>
      <trkpt lat="52.06024375744164" lon="6.020241351798177">
        <ele>87.2</ele>
      </trkpt>
      <trkpt lat="52.06033855676651" lon="6.019795686006546">
        <ele>85.96</ele>
      </trkpt>
      <trkpt lat="52.06043335609138" lon="6.019350104033947">
        <ele>84.62</ele>
      </trkpt>
      <trkpt lat="52.06052815541625" lon="6.018904438242316">
        <ele>83.27</ele>
      </trkpt>
      <trkpt lat="52.06062295474112" lon="6.018458856269717">
        <ele>81.95</ele>
      </trkpt>
      <trkpt lat="52.06071775406599" lon="6.0180131904780865">
        <ele>80.66</ele>
      </trkpt>
      <trkpt lat="52.06081255339086" lon="6.017567608505487">
        <ele>79.38</ele>
      </trkpt>
      <trkpt lat="52.06090735271573" lon="6.017121942713857">
        <ele>77.99</ele>
      </trkpt>
      <trkpt lat="52.0610021520406" lon="6.016676360741258">
        <ele>76.67</ele>
      </trkpt>
      <trkpt lat="52.0610970351845" lon="6.016230694949627">
        <ele>75.46</ele>
      </trkpt>
      <trkpt lat="52.061188984662294" lon="6.01579793728888">
        <ele>74.24</ele>
      </trkpt>
      <trkpt lat="52.06129099242389" lon="6.015341794118285">
        <ele>72.98</ele>
      </trkpt>
      <trkpt lat="52.06139308400452" lon="6.014885567128658">
        <ele>71.69</ele>
      </trkpt>
      <trkpt lat="52.06149517558515" lon="6.014429423958063">
        <ele>70.49</ele>
      </trkpt>
      <trkpt lat="52.06159726716578" lon="6.013973196968436">
        <ele>69.4</ele>
      </trkpt>
      <trkpt lat="52.06169935874641" lon="6.013517053797841">
        <ele>68.29</ele>
      </trkpt>
      <trkpt lat="52.06180136650801" lon="6.013060826808214">
        <ele>67.19</ele>
      </trkpt>
      <trkpt lat="52.061903458088636" lon="6.012604683637619">
        <ele>66.09</ele>
      </trkpt>
      <trkpt lat="52.062005549669266" lon="6.012148456647992">
        <ele>65.1</ele>
      </trkpt>
      <trkpt lat="52.062107641249895" lon="6.011692313477397">
        <ele>64.12</ele>
      </trkpt>
      <trkpt lat="52.06220696680248" lon="6.011247988790274">
        <ele>63.14</ele>
      </trkpt>
      <trkpt lat="52.06235666759312" lon="6.0108324978500605">
        <ele>62.29</ele>
      </trkpt>
      <trkpt lat="52.062506368383765" lon="6.010417090728879">
        <ele>61.49</ele>
      </trkpt>
      <trkpt lat="52.06265615299344" lon="6.0100016836076975">
        <ele>60.72</ele>
      </trkpt>
      <trkpt lat="52.062805853784084" lon="6.009586192667484">
        <ele>59.95</ele>
      </trkpt>
      <trkpt lat="52.06295555457473" lon="6.009170785546303">
        <ele>59.17</ele>
      </trkpt>
      <trkpt lat="52.06310525536537" lon="6.008755378425121">
        <ele>58.4</ele>
      </trkpt>
      <trkpt lat="52.063254956156015" lon="6.008339887484908">
        <ele>57.7</ele>
      </trkpt>
      <trkpt lat="52.063401974737644" lon="6.007931940257549">
        <ele>57.04</ele>
      </trkpt>
      <trkpt lat="52.063541701063514" lon="6.007648380473256">
        <ele>56.43</ele>
      </trkpt>
      <trkpt lat="52.06368092447519" lon="6.007365994155407">
        <ele>55.87</ele>
      </trkpt>
      <trkpt lat="52.06384973600507" lon="6.007068185135722">
        <ele>55.32</ele>
      </trkpt>
      <trkpt lat="52.06401854753494" lon="6.006770459935069">
        <ele>54.78</ele>
      </trkpt>
      <trkpt lat="52.06418735906482" lon="6.006472650915384">
        <ele>54.19</ele>
      </trkpt>
      <trkpt lat="52.06435499712825" lon="6.006176937371492">
        <ele>53.66</ele>
      </trkpt>
      <trkpt lat="52.064372934401035" lon="6.006209962069988">
        <ele>53.24</ele>
      </trkpt>
      <trkpt lat="52.06450595520437" lon="6.006047939881682">
        <ele>52.79</ele>
      </trkpt>
      <trkpt lat="52.064607962965965" lon="6.0059779509902">
        <ele>52.38</ele>
      </trkpt>
      <trkpt lat="52.064815079793334" lon="6.005909387022257">
        <ele>52.04</ele>
      </trkpt>
      <trkpt lat="52.06502194516361" lon="6.005840990692377">
        <ele>51.76</ele>
      </trkpt>
      <trkpt lat="52.06513996236026" lon="6.005728924646974">
        <ele>51.51</ele>
      </trkpt>
      <trkpt lat="52.06517592072487" lon="6.005649967119098">
        <ele>51.28</ele>
      </trkpt>
      <trkpt lat="52.06517793238163" lon="6.005370179191232">
        <ele>51.04</ele>
      </trkpt>
      <trkpt lat="52.06517994403839" lon="6.005091983824968">
        <ele>50.88</ele>
      </trkpt>
      <trkpt lat="52.06525311805308" lon="6.004746062681079">
        <ele>50.72</ele>
      </trkpt>
      <trkpt lat="52.06532595679164" lon="6.004401985555887">
        <ele>50.6</ele>
      </trkpt>
      <trkpt lat="52.06535495817661" lon="6.004056986421347">
        <ele>50.56</ele>
      </trkpt>
      <trkpt lat="52.06535194069147" lon="6.0036959778517485">
        <ele>50.55</ele>
      </trkpt>
      <trkpt lat="52.06548227928579" lon="6.003371765837073">
        <ele>50.52</ele>
      </trkpt>
      <trkpt lat="52.065612534061074" lon="6.003047553822398">
        <ele>50.55</ele>
      </trkpt>
      <trkpt lat="52.06574278883636" lon="6.002723341807723">
        <ele>50.65</ele>
      </trkpt>
      <trkpt lat="52.06587195396423" lon="6.002401979640126">
        <ele>50.77</ele>
      </trkpt>
      <trkpt lat="52.0660222414881" lon="6.0020687989890575">
        <ele>50.92</ele>
      </trkpt>
      <trkpt lat="52.06617194227874" lon="6.001736959442496">
        <ele>51.09</ele>
      </trkpt>
      <trkpt lat="52.06634192727506" lon="6.00135893560946">
        <ele>51.38</ele>
      </trkpt>
      <trkpt lat="52.06635793671012" lon="6.001323983073235">
        <ele>51.51</ele>
      </trkpt>
      <trkpt lat="52.06658164970577" lon="6.001679711043835">
        <ele>51.56</ele>
      </trkpt>
      <trkpt lat="52.066805278882384" lon="6.002035439014435">
        <ele>51.65</ele>
      </trkpt>
      <trkpt lat="52.06702899187803" lon="6.002391250804067">
        <ele>51.76</ele>
      </trkpt>
      <trkpt lat="52.06725262105465" lon="6.002746978774667">
        <ele>51.8</ele>
      </trkpt>
      <trkpt lat="52.067476250231266" lon="6.003102790564299">
        <ele>51.81</ele>
      </trkpt>
      <trkpt lat="52.067699963226914" lon="6.003458518534899">
        <ele>51.92</ele>
      </trkpt>
      <trkpt lat="52.06792359240353" lon="6.003814330324531">
        <ele>52.05</ele>
      </trkpt>
      <trkpt lat="52.06814730539918" lon="6.004170058295131">
        <ele>52.11</ele>
      </trkpt>
      <trkpt lat="52.068370934575796" lon="6.004525870084763">
        <ele>52.16</ele>
      </trkpt>
      <trkpt lat="52.06859095953405" lon="6.004875982180238">
        <ele>52.2</ele>
      </trkpt>
      <trkpt lat="52.068811655044556" lon="6.00523179396987">
        <ele>52.21</ele>
      </trkpt>
      <trkpt lat="52.06903226673603" lon="6.005587689578533">
        <ele>52.16</ele>
      </trkpt>
      <trkpt lat="52.06925296224654" lon="6.005943585187197">
        <ele>52.09</ele>
      </trkpt>
      <trkpt lat="52.06947357393801" lon="6.006299396976829">
        <ele>52.08</ele>
      </trkpt>
      <trkpt lat="52.06969426944852" lon="6.006655292585492">
        <ele>52.09</ele>
      </trkpt>
      <trkpt lat="52.069914964959025" lon="6.007011188194156">
        <ele>52.09</ele>
      </trkpt>
      <trkpt lat="52.0701355766505" lon="6.007367083802819">
        <ele>52.02</ele>
      </trkpt>
      <trkpt lat="52.07035627216101" lon="6.007722895592451">
        <ele>51.93</ele>
      </trkpt>
      <trkpt lat="52.070576967671514" lon="6.008078791201115">
        <ele>51.86</ele>
      </trkpt>
      <trkpt lat="52.070793975144625" lon="6.008428987115622">
        <ele>51.74</ele>
      </trkpt>
      <trkpt lat="52.07087192684412" lon="6.008558990433812">
        <ele>51.57</ele>
      </trkpt>
      <trkpt lat="52.07090696319938" lon="6.008607940748334">
        <ele>51.38</ele>
      </trkpt>
      <trkpt lat="52.07112841308117" lon="6.008731070905924">
        <ele>51.17</ele>
      </trkpt>
      <trkpt lat="52.07134994678199" lon="6.008854117244482">
        <ele>50.94</ele>
      </trkpt>
      <trkpt lat="52.071570977568626" lon="6.008976995944977">
        <ele>50.64</ele>
      </trkpt>
      <trkpt lat="52.07187448628247" lon="6.008959310129285">
        <ele>50.21</ele>
      </trkpt>
      <trkpt lat="52.07217799499631" lon="6.008941708132625">
        <ele>49.78</ele>
      </trkpt>
      <trkpt lat="52.07248150371015" lon="6.008924106135964">
        <ele>49.36</ele>
      </trkpt>
      <trkpt lat="52.07278501242399" lon="6.008906504139304">
        <ele>48.94</ele>
      </trkpt>
      <trkpt lat="52.07308793440461" lon="6.008888985961676">
        <ele>48.45</ele>
      </trkpt>
      <trkpt lat="52.07335858605802" lon="6.008852440863848">
        <ele>47.98</ele>
      </trkpt>
      <trkpt lat="52.073628986254334" lon="6.0088159795850515">
        <ele>47.5</ele>
      </trkpt>
      <trkpt lat="52.07390206865966" lon="6.008830480277538">
        <ele>47.08</ele>
      </trkpt>
      <trkpt lat="52.07417498342693" lon="6.008844980970025">
        <ele>46.64</ele>
      </trkpt>
      <trkpt lat="52.07413793541491" lon="6.00846997462213">
        <ele>46.28</ele>
      </trkpt>
      <trkpt lat="52.07425796426833" lon="6.008006455376744">
        <ele>45.94</ele>
      </trkpt>
      <trkpt lat="52.07437790930271" lon="6.007542936131358">
        <ele>45.66</ele>
      </trkpt>
      <trkpt lat="52.07449693232775" lon="6.007082937285304">
        <ele>45.27</ele>
      </trkpt>
      <trkpt lat="52.074577985331416" lon="6.007108921185136">
        <ele>44.88</ele>
      </trkpt>
      <trkpt lat="52.074788538739085" lon="6.007182011380792">
        <ele>44.4</ele>
      </trkpt>
      <trkpt lat="52.07499892450869" lon="6.007254933938384">
        <ele>43.92</ele>
      </trkpt>
      <trkpt lat="52.07525599747896" lon="6.007535979151726">
        <ele>43.53</ele>
      </trkpt>
      <trkpt lat="52.075390946120024" lon="6.007619965821505">
        <ele>43.15</ele>
      </trkpt>
      <trkpt lat="52.07557291723788" lon="6.007662964984775">
        <ele>42.74</ele>
      </trkpt>
      <trkpt lat="52.0757460873574" lon="6.007771510630846">
        <ele>42.39</ele>
      </trkpt>
      <trkpt lat="52.0759189222008" lon="6.007879972457886">
        <ele>42.08</ele>
      </trkpt>
      <trkpt lat="52.07615797407925" lon="6.007927916944027">
        <ele>41.72</ele>
      </trkpt>
      <trkpt lat="52.07636299543083" lon="6.008065966889262">
        <ele>41.4</ele>
      </trkpt>
      <trkpt lat="52.0763869676739" lon="6.008093962445855">
        <ele>41.14</ele>
      </trkpt>
      <trkpt lat="52.07657321356237" lon="6.008311221376061">
        <ele>40.89</ele>
      </trkpt>
      <trkpt lat="52.07675895653665" lon="6.0085279773920774">
        <ele>40.71</ele>
      </trkpt>
      <trkpt lat="52.076968755573034" lon="6.008770717307925">
        <ele>40.48</ele>
      </trkpt>
      <trkpt lat="52.077178470790386" lon="6.009013541042805">
        <ele>40.27</ele>
      </trkpt>
      <trkpt lat="52.07738826982677" lon="6.009256364777684">
        <ele>40.09</ele>
      </trkpt>
      <trkpt lat="52.07759697921574" lon="6.009497931227088">
        <ele>39.88</ele>
      </trkpt>
      <trkpt lat="52.07773653790355" lon="6.009784508496523">
        <ele>39.73</ele>
      </trkpt>
      <trkpt lat="52.077876180410385" lon="6.010071085765958">
        <ele>39.54</ele>
      </trkpt>
      <trkpt lat="52.078014984726906" lon="6.0103559866547585">
        <ele>39.37</ele>
      </trkpt>
      <trkpt lat="52.078156638890505" lon="6.010502083227038">
        <ele>39.15</ele>
      </trkpt>
      <trkpt lat="52.07829795777798" lon="6.010647928342223">
        <ele>38.96</ele>
      </trkpt>
      <trkpt lat="52.078562155365944" lon="6.0108177457004786">
        <ele>38.78</ele>
      </trkpt>
      <trkpt lat="52.07882635295391" lon="6.010987563058734">
        <ele>38.64</ele>
      </trkpt>
      <trkpt lat="52.079089963808656" lon="6.011156961321831">
        <ele>38.47</ele>
      </trkpt>
      <trkpt lat="52.07934712059796" lon="6.011285539716482">
        <ele>38.29</ele>
      </trkpt>
      <trkpt lat="52.079603942111135" lon="6.01141395047307">
        <ele>38.18</ele>
      </trkpt>
      <trkpt lat="52.079805778339505" lon="6.011544708162546">
        <ele>38.06</ele>
      </trkpt>
      <trkpt lat="52.080007614567876" lon="6.011675465852022">
        <ele>37.98</ele>
      </trkpt>
      <trkpt lat="52.080208947882056" lon="6.011805972084403">
        <ele>37.95</ele>
      </trkpt>
      <trkpt lat="52.08049066364765" lon="6.011960534378886">
        <ele>37.96</ele>
      </trkpt>
      <trkpt lat="52.08077196031809" lon="6.012114929035306">
        <ele>37.94</ele>
      </trkpt>
      <trkpt lat="52.081034146249294" lon="6.012239987030625">
        <ele>37.92</ele>
      </trkpt>
      <trkpt lat="52.08129624836147" lon="6.012365128844976">
        <ele>37.87</ele>
      </trkpt>
      <trkpt lat="52.081558434292674" lon="6.012490186840296">
        <ele>37.87</ele>
      </trkpt>
      <trkpt lat="52.081819949671626" lon="6.01261499337852">
        <ele>37.93</ele>
      </trkpt>
      <trkpt lat="52.08198758773506" lon="6.0127070266753435">
        <ele>38.01</ele>
      </trkpt>
      <trkpt lat="52.08215497434139" lon="6.012798976153135">
        <ele>38.11</ele>
      </trkpt>
      <trkpt lat="52.08234893158078" lon="6.012904923409224">
        <ele>38.27</ele>
      </trkpt>
      <trkpt lat="52.0825619995594" lon="6.013212958350778">
        <ele>38.4</ele>
      </trkpt>
      <trkpt lat="52.08270566537976" lon="6.013454860076308">
        <ele>38.47</ele>
      </trkpt>
      <trkpt lat="52.082848995923996" lon="6.013695923611522">
        <ele>38.57</ele>
      </trkpt>
      <trkpt lat="52.08286399953067" lon="6.013719979673624">
        <ele>38.7</ele>
      </trkpt>
      <trkpt lat="52.08301194012165" lon="6.013854928314686">
        <ele>38.83</ele>
      </trkpt>
      <trkpt lat="52.083188546821475" lon="6.013950482010841">
        <ele>38.97</ele>
      </trkpt>
      <trkpt lat="52.083364985883236" lon="6.014045951887965">
        <ele>39.16</ele>
      </trkpt>
      <trkpt lat="52.08359087817371" lon="6.014164052903652">
        <ele>39.36</ele>
      </trkpt>
      <trkpt lat="52.08381677046418" lon="6.0142820701003075">
        <ele>39.58</ele>
      </trkpt>
      <trkpt lat="52.084042662754655" lon="6.0144001711159945">
        <ele>39.83</ele>
      </trkpt>
      <trkpt lat="52.084267968311906" lon="6.014517936855555">
        <ele>40.05</ele>
      </trkpt>
      <trkpt lat="52.08445957861841" lon="6.014629499986768">
        <ele>40.24</ele>
      </trkpt>
      <trkpt lat="52.08465093746781" lon="6.014740979298949">
        <ele>40.43</ele>
      </trkpt>
      <trkpt lat="52.084815222769976" lon="6.014957735314965">
        <ele>40.72</ele>
      </trkpt>
      <trkpt lat="52.084978921338916" lon="6.015173988416791">
        <ele>41.01</ele>
      </trkpt>
      <trkpt lat="52.08503399044275" lon="6.015246994793415">
        <ele>41.27</ele>
      </trkpt>
      <trkpt lat="52.08528972230852" lon="6.0154621582478285">
        <ele>41.55</ele>
      </trkpt>
      <trkpt lat="52.08554495126009" lon="6.015676986426115">
        <ele>41.82</ele>
      </trkpt>
      <trkpt lat="52.085749972611666" lon="6.01590296253562">
        <ele>42.09</ele>
      </trkpt>
      <trkpt lat="52.08599782548845" lon="6.016142601147294">
        <ele>42.42</ele>
      </trkpt>
      <trkpt lat="52.08624567836523" lon="6.016382239758968">
        <ele>42.76</ele>
      </trkpt>
      <trkpt lat="52.08649353124201" lon="6.016621878370643">
        <ele>43.04</ele>
      </trkpt>
      <trkpt lat="52.086741384118795" lon="6.016861516982317">
        <ele>43.25</ele>
      </trkpt>
      <trkpt lat="52.0869879797101" lon="6.017099982127547">
        <ele>43.5</ele>
      </trkpt>
      <trkpt lat="52.08726919256151" lon="6.017294107005">
        <ele>43.77</ele>
      </trkpt>
      <trkpt lat="52.08755040541291" lon="6.017488231882453">
        <ele>43.99</ele>
      </trkpt>
      <trkpt lat="52.08783161826432" lon="6.0176824405789375">
        <ele>44.16</ele>
      </trkpt>
      <trkpt lat="52.088111992925406" lon="6.017875978723168">
        <ele>44.37</ele>
      </trkpt>
      <trkpt lat="52.08811693824828" lon="6.0177489928901196">
        <ele>44.6</ele>
      </trkpt>
      <trkpt lat="52.088156919926405" lon="6.017613960430026">
        <ele>44.82</ele>
      </trkpt>
      <trkpt lat="52.08836839534342" lon="6.017301231622696">
        <ele>45.12</ele>
      </trkpt>
      <trkpt lat="52.08857987076044" lon="6.016988418996334">
        <ele>45.53</ele>
      </trkpt>
      <trkpt lat="52.08879134617746" lon="6.016675690189004">
        <ele>45.97</ele>
      </trkpt>
      <trkpt lat="52.08900282159448" lon="6.016362961381674">
        <ele>46.26</ele>
      </trkpt>
      <trkpt lat="52.089214297011495" lon="6.016050148755312">
        <ele>46.53</ele>
      </trkpt>
      <trkpt lat="52.08942577242851" lon="6.015737419947982">
        <ele>46.77</ele>
      </trkpt>
      <trkpt lat="52.089634984731674" lon="6.015427960082889">
        <ele>47.08</ele>
      </trkpt>
      <trkpt lat="52.08985333330929" lon="6.015085224062204">
        <ele>47.58</ele>
      </trkpt>
      <trkpt lat="52.09007168188691" lon="6.014742571860552">
        <ele>48.07</ele>
      </trkpt>
      <trkpt lat="52.09029003046453" lon="6.014399835839868">
        <ele>48.54</ele>
      </trkpt>
      <trkpt lat="52.09050837904215" lon="6.014057099819183">
        <ele>48.96</ele>
      </trkpt>
      <trkpt lat="52.09072672761977" lon="6.013714363798499">
        <ele>49.52</ele>
      </trkpt>
      <trkpt lat="52.09094298072159" lon="6.0133749805390835">
        <ele>50.01</ele>
      </trkpt>
      <trkpt lat="52.0911636762321" lon="6.0130280535668135">
        <ele>50.39</ele>
      </trkpt>
      <trkpt lat="52.091384371742606" lon="6.012681210413575">
        <ele>50.85</ele>
      </trkpt>
      <trkpt lat="52.0916039776057" lon="6.0123359598219395">
        <ele>51.4</ele>
      </trkpt>
      <trkpt lat="52.09166298620403" lon="6.012146947905421">
        <ele>52.08</ele>
      </trkpt>
      <trkpt lat="52.09168494679034" lon="6.011877972632647">
        <ele>52.8</ele>
      </trkpt>
      <trkpt lat="52.09167094901204" lon="6.011611931025982">
        <ele>53.5</ele>
      </trkpt>
      <trkpt lat="52.09166591987014" lon="6.011520987376571">
        <ele>54.09</ele>
      </trkpt>
      <trkpt lat="52.09160833619535" lon="6.011129384860396">
        <ele>54.67</ele>
      </trkpt>
      <trkpt lat="52.09155066870153" lon="6.010737782344222">
        <ele>55.1</ele>
      </trkpt>
      <trkpt lat="52.09149300120771" lon="6.010346179828048">
        <ele>55.54</ele>
      </trkpt>
      <trkpt lat="52.09143592044711" lon="6.009958935901523">
        <ele>56.21</ele>
      </trkpt>
      <trkpt lat="52.091318825259805" lon="6.009493907913566">
        <ele>56.98</ele>
      </trkpt>
      <trkpt lat="52.0912017300725" lon="6.009028879925609">
        <ele>57.67</ele>
      </trkpt>
      <trkpt lat="52.09108455106616" lon="6.008563851937652">
        <ele>58.37</ele>
      </trkpt>
      <trkpt lat="52.090967455878854" lon="6.008098823949695">
        <ele>59.16</ele>
      </trkpt>
      <trkpt lat="52.090850276872516" lon="6.007633795961738">
        <ele>60.03</ele>
      </trkpt>
      <trkpt lat="52.090734941884875" lon="6.007175976410508">
        <ele>60.71</ele>
      </trkpt>
      <trkpt lat="52.09064592607319" lon="6.006739949807525">
        <ele>61.33</ele>
      </trkpt>
      <trkpt lat="52.090592281892896" lon="6.00644163787365">
        <ele>61.99</ele>
      </trkpt>
      <trkpt lat="52.090538972988725" lon="6.006144918501377">
        <ele>62.68</ele>
      </trkpt>
      <trkpt lat="52.09051198326051" lon="6.005909973755479">
        <ele>63.39</ele>
      </trkpt>
      <trkpt lat="52.09050293080509" lon="6.005507977679372">
        <ele>64.08</ele>
      </trkpt>
      <trkpt lat="52.090774923563" lon="6.005459111183882">
        <ele>64.5</ele>
      </trkpt>
      <trkpt lat="52.09104683250189" lon="6.005410244688392">
        <ele>64.96</ele>
      </trkpt>
      <trkpt lat="52.091318825259805" lon="6.005361378192902">
        <ele>65.43</ele>
      </trkpt>
      <trkpt lat="52.09159073419869" lon="6.0053125116974115">
        <ele>65.86</ele>
      </trkpt>
      <trkpt lat="52.091862726956606" lon="6.005263729020953">
        <ele>66.29</ele>
      </trkpt>
      <trkpt lat="52.09213396534324" lon="6.005214946344495">
        <ele>66.62</ele>
      </trkpt>
      <trkpt lat="52.09225399419665" lon="6.0052229929715395">
        <ele>66.92</ele>
      </trkpt>
      <trkpt lat="52.09251785650849" lon="6.005314020439982">
        <ele>67.21</ele>
      </trkpt>
      <trkpt lat="52.09278171882033" lon="6.005405047908425">
        <ele>67.53</ele>
      </trkpt>
      <trkpt lat="52.09304558113217" lon="6.005496075376868">
        <ele>67.78</ele>
      </trkpt>
      <trkpt lat="52.09330894052982" lon="6.005586935207248">
        <ele>67.92</ele>
      </trkpt>
      <trkpt lat="52.09359711036086" lon="6.0056049562990665">
        <ele>68.06</ele>
      </trkpt>
      <trkpt lat="52.09388494491577" lon="6.005622977390885">
        <ele>68.2</ele>
      </trkpt>
      <trkpt lat="52.09410195238888" lon="6.005548965185881">
        <ele>68.33</ele>
      </trkpt>
      <trkpt lat="52.09434997290373" lon="6.005344949662685">
        <ele>68.46</ele>
      </trkpt>
      <trkpt lat="52.09458122961223" lon="6.005083601921797">
        <ele>68.6</ele>
      </trkpt>
      <trkpt lat="52.094811983406544" lon="6.004822924733162">
        <ele>68.73</ele>
      </trkpt>
      <trkpt lat="52.094880966469646" lon="6.004700968042016">
        <ele>68.88</ele>
      </trkpt>
      <trkpt lat="52.09503896534443" lon="6.004517991095781">
        <ele>69.0</ele>
      </trkpt>
      <trkpt lat="52.09519394673407" lon="6.004417994990945">
        <ele>69.15</ele>
      </trkpt>
      <trkpt lat="52.095418917015195" lon="6.004253961145878">
        <ele>69.3</ele>
      </trkpt>
      <trkpt lat="52.09553693421185" lon="6.004079952836037">
        <ele>69.52</ele>
      </trkpt>
      <trkpt lat="52.09571530111134" lon="6.003721626475453">
        <ele>69.78</ele>
      </trkpt>
      <trkpt lat="52.09589366801083" lon="6.003363216295838">
        <ele>69.95</ele>
      </trkpt>
      <trkpt lat="52.09607094526291" lon="6.003006985411048">
        <ele>70.11</ele>
      </trkpt>
      <trkpt lat="52.09623171016574" lon="6.003306973725557">
        <ele>70.16</ele>
      </trkpt>
      <trkpt lat="52.09639197215438" lon="6.003605956211686">
        <ele>70.2</ele>
      </trkpt>
      <trkpt lat="52.0965928863734" lon="6.003981214016676">
        <ele>70.3</ele>
      </trkpt>
      <trkpt lat="52.096793884411454" lon="6.0043565556406975">
        <ele>70.31</ele>
      </trkpt>
      <trkpt lat="52.09699488244951" lon="6.004731813445687">
        <ele>70.24</ele>
      </trkpt>
      <trkpt lat="52.09719579666853" lon="6.005107071250677">
        <ele>70.11</ele>
      </trkpt>
      <trkpt lat="52.097394950687885" lon="6.005478976294398">
        <ele>70.04</ele>
      </trkpt>
      <trkpt lat="52.09745094180107" lon="6.005525998771191">
        <ele>70.07</ele>
      </trkpt>
      <trkpt lat="52.09774849936366" lon="6.005483753979206">
        <ele>70.1</ele>
      </trkpt>
      <trkpt lat="52.09804597310722" lon="6.0054415091872215">
        <ele>70.11</ele>
      </trkpt>
      <trkpt lat="52.09834353066981" lon="6.005399348214269">
        <ele>70.17</ele>
      </trkpt>
      <trkpt lat="52.098641004413366" lon="6.005357103422284">
        <ele>70.23</ele>
      </trkpt>
      <trkpt lat="52.098937975242734" lon="6.005314942449331">
        <ele>70.42</ele>
      </trkpt>
      <trkpt lat="52.099196054041386" lon="6.005272949114442">
        <ele>70.65</ele>
      </trkpt>
      <trkpt lat="52.099453965201974" lon="6.0052309557795525">
        <ele>70.91</ele>
      </trkpt>
      <trkpt lat="52.0997376088053" lon="6.005195584148169">
        <ele>71.06</ele>
      </trkpt>
      <trkpt lat="52.10002116858959" lon="6.005160296335816">
        <ele>71.04</ele>
      </trkpt>
      <trkpt lat="52.10030481219292" lon="6.0051249247044325">
        <ele>70.93</ele>
      </trkpt>
      <trkpt lat="52.10058837197721" lon="6.005089553073049">
        <ele>70.75</ele>
      </trkpt>
      <trkpt lat="52.100872015580535" lon="6.005054265260696">
        <ele>70.47</ele>
      </trkpt>
      <trkpt lat="52.101154988631606" lon="6.005018977448344">
        <ele>70.1</ele>
      </trkpt>
      <trkpt lat="52.101390939205885" lon="6.0049879644066095">
        <ele>69.71</ele>
      </trkpt>
      <trkpt lat="52.10144592449069" lon="6.004983941093087">
        <ele>69.28</ele>
      </trkpt>
      <trkpt lat="52.101685060188174" lon="6.005091983824968">
        <ele>68.79</ele>
      </trkpt>
      <trkpt lat="52.10192394442856" lon="6.005199942737818">
        <ele>68.25</ele>
      </trkpt>
      <trkpt lat="52.10204497911036" lon="6.0052459593862295">
        <ele>67.62</ele>
      </trkpt>
      <trkpt lat="52.10224807262421" lon="6.005337489768863">
        <ele>66.88</ele>
      </trkpt>
      <trkpt lat="52.10245099849999" lon="6.005428936332464">
        <ele>66.04</ele>
      </trkpt>
      <trkpt lat="52.102690720930696" lon="6.005693301558495">
        <ele>65.09</ele>
      </trkpt>
      <trkpt lat="52.10292994044721" lon="6.005956996232271">
        <ele>64.05</ele>
      </trkpt>
      <trkpt lat="52.103065978735685" lon="6.0060699842870235">
        <ele>63.07</ele>
      </trkpt>
      <trkpt lat="52.1032155957073" lon="6.006155479699373">
        <ele>62.08</ele>
      </trkpt>
      <trkpt lat="52.103364961221814" lon="6.006240975111723">
        <ele>61.05</ele>
      </trkpt>
      <trkpt lat="52.103410977870226" lon="6.006313981488347">
        <ele>60.06</ele>
      </trkpt>
      <trkpt lat="52.10367316380143" lon="6.006511626765132">
        <ele>58.94</ele>
      </trkpt>
      <trkpt lat="52.10393493063748" lon="6.00670893676579">
        <ele>57.96</ele>
      </trkpt>
      <trkpt lat="52.104150261729956" lon="6.006969781592488">
        <ele>57.06</ele>
      </trkpt>
      <trkpt lat="52.10436492227018" lon="6.007229955866933">
        <ele>56.15</ele>
      </trkpt>
      <trkpt lat="52.10457706823945" lon="6.007535643875599">
        <ele>55.29</ele>
      </trkpt>
      <trkpt lat="52.10478913038969" lon="6.007841331884265">
        <ele>54.54</ele>
      </trkpt>
      <trkpt lat="52.10500119253993" lon="6.008147103711963">
        <ele>54.03</ele>
      </trkpt>
      <trkpt lat="52.105211997404695" lon="6.008450947701931">
        <ele>53.64</ele>
      </trkpt>
      <trkpt lat="52.10540394298732" lon="6.00868497043848">
        <ele>53.32</ele>
      </trkpt>
      <trkpt lat="52.10559597238898" lon="6.00891899317503">
        <ele>53.11</ele>
      </trkpt>
      <trkpt lat="52.105804178863764" lon="6.00871522910893">
        <ele>52.96</ele>
      </trkpt>
      <trkpt lat="52.106011966243386" lon="6.00851196795702">
        <ele>52.73</ele>
      </trkpt>
      <trkpt lat="52.106221094727516" lon="6.008398225530982">
        <ele>52.64</ele>
      </trkpt>
      <trkpt lat="52.106430223211646" lon="6.008284483104944">
        <ele>52.61</ele>
      </trkpt>
      <trkpt lat="52.10663893260062" lon="6.008170992136002">
        <ele>52.72</ele>
      </trkpt>
      <trkpt lat="52.1068849414587" lon="6.008116928860545">
        <ele>52.91</ele>
      </trkpt>
      <trkpt lat="52.10710907354951" lon="6.008106283843517">
        <ele>53.06</ele>
      </trkpt>
      <trkpt lat="52.107333121821284" lon="6.0080956388264894">
        <ele>53.25</ele>
      </trkpt>
      <trkpt lat="52.107556918635964" lon="6.008084993809462">
        <ele>53.43</ele>
      </trkpt>
      <trkpt lat="52.10770091973245" lon="6.008031936362386">
        <ele>53.61</ele>
      </trkpt>
      <trkpt lat="52.10780493915081" lon="6.007973933592439">
        <ele>53.71</ele>
      </trkpt>
      <trkpt lat="52.108073495328426" lon="6.007825070992112">
        <ele>53.76</ele>
      </trkpt>
      <trkpt lat="52.108342135325074" lon="6.007676208391786">
        <ele>53.66</ele>
      </trkpt>
      <trkpt lat="52.10861069150269" lon="6.007527261972427">
        <ele>53.51</ele>
      </trkpt>
      <trkpt lat="52.108879247680306" lon="6.007378399372101">
        <ele>53.23</ele>
      </trkpt>
      <trkpt lat="52.109146965667605" lon="6.007229955866933">
        <ele>53.0</ele>
      </trkpt>
      <trkpt lat="52.10930513218045" lon="6.007380578666925">
        <ele>52.91</ele>
      </trkpt>
      <trkpt lat="52.10946296341717" lon="6.007530950009823">
        <ele>52.74</ele>
      </trkpt>
      <trkpt lat="52.10967837832868" lon="6.007850551977754">
        <ele>52.47</ele>
      </trkpt>
      <trkpt lat="52.10989387705922" lon="6.008170153945684">
        <ele>52.08</ele>
      </trkpt>
      <trkpt lat="52.11010929197073" lon="6.008489755913615">
        <ele>51.74</ele>
      </trkpt>
      <trkpt lat="52.11032479070127" lon="6.008809357881546">
        <ele>51.38</ele>
      </trkpt>
      <trkpt lat="52.11054020561278" lon="6.009128959849477">
        <ele>51.02</ele>
      </trkpt>
      <trkpt lat="52.11075570434332" lon="6.009448561817408">
        <ele>50.75</ele>
      </trkpt>
      <trkpt lat="52.11097120307386" lon="6.00976824760437">
        <ele>50.6</ele>
      </trkpt>
      <trkpt lat="52.11118393577635" lon="6.010083993896842">
        <ele>50.5</ele>
      </trkpt>
      <trkpt lat="52.11133271455765" lon="6.010334361344576">
        <ele>50.48</ele>
      </trkpt>
      <trkpt lat="52.11148099042475" lon="6.010583974421024">
        <ele>50.43</ele>
      </trkpt>
      <trkpt lat="52.11160395294428" lon="6.010540975257754">
        <ele>50.41</ele>
      </trkpt>
      <trkpt lat="52.11178198456764" lon="6.010154988616705">
        <ele>50.49</ele>
      </trkpt>
      <trkpt lat="52.11190796457231" lon="6.009754920378327">
        <ele>50.61</ele>
      </trkpt>
      <trkpt lat="52.11199597455561" lon="6.009340938180685">
        <ele>50.83</ele>
      </trkpt>
      <trkpt lat="52.11194694042206" lon="6.009111944586039">
        <ele>51.14</ele>
      </trkpt>
      <trkpt lat="52.11217291653156" lon="6.008894937112927">
        <ele>51.42</ele>
      </trkpt>
      <trkpt lat="52.11228598840535" lon="6.0085659474134445">
        <ele>51.85</ele>
      </trkpt>
      <trkpt lat="52.112361174076796" lon="6.008234107866883">
        <ele>52.28</ele>
      </trkpt>
      <trkpt lat="52.112436359748244" lon="6.00790218450129">
        <ele>52.66</ele>
      </trkpt>
      <trkpt lat="52.11251095868647" lon="6.007572943344712">
        <ele>53.11</ele>
      </trkpt>
      <trkpt lat="52.11259192787111" lon="6.007348978891969">
        <ele>53.57</ele>
      </trkpt>
      <trkpt lat="52.112648924812675" lon="6.007075980305672">
        <ele>54.02</ele>
      </trkpt>
      <trkpt lat="52.112671975046396" lon="6.006619920954108">
        <ele>54.55</ele>
      </trkpt>
      <trkpt lat="52.11270399391651" lon="6.006304929032922">
        <ele>55.03</ele>
      </trkpt>
      <trkpt lat="52.1127340849489" lon="6.00601214915514">
        <ele>55.58</ele>
      </trkpt>
      <trkpt lat="52.11276392452419" lon="6.005720961838961">
        <ele>56.06</ele>
      </trkpt>
      <trkpt lat="52.11277197115123" lon="6.005393983796239">
        <ele>56.54</ele>
      </trkpt>
      <trkpt lat="52.1127409581095" lon="6.004936918616295">
        <ele>57.1</ele>
      </trkpt>
      <trkpt lat="52.11268094368279" lon="6.004654951393604">
        <ele>57.6</ele>
      </trkpt>
      <trkpt lat="52.11283232085407" lon="6.004290170967579">
        <ele>58.03</ele>
      </trkpt>
      <trkpt lat="52.11298294365406" lon="6.003926983103156">
        <ele>58.41</ele>
      </trkpt>
      <trkpt lat="52.11294296197593" lon="6.003838973119855">
        <ele>58.78</ele>
      </trkpt>
      <trkpt lat="52.11284497752786" lon="6.0034191235899925">
        <ele>59.08</ele>
      </trkpt>
      <trkpt lat="52.11274699307978" lon="6.00299927406013">
        <ele>59.42</ele>
      </trkpt>
      <trkpt lat="52.112648924812675" lon="6.002579424530268">
        <ele>59.71</ele>
      </trkpt>
      <trkpt lat="52.11255194619298" lon="6.0021639335900545">
        <ele>59.95</ele>
      </trkpt>
      <trkpt lat="52.11232571862638" lon="6.002343641594052">
        <ele>60.16</ele>
      </trkpt>
      <trkpt lat="52.11209999397397" lon="6.0025229305028915">
        <ele>60.29</ele>
      </trkpt>
      <trkpt lat="52.11198566481471" lon="6.002163849771023">
        <ele>60.39</ele>
      </trkpt>
      <trkpt lat="52.11187141947448" lon="6.001804769039154">
        <ele>60.46</ele>
      </trkpt>
      <trkpt lat="52.111757174134254" lon="6.001445604488254">
        <ele>60.47</ele>
      </trkpt>
      <trkpt lat="52.11164393462241" lon="6.001089960336685">
        <ele>60.43</ele>
      </trkpt>
      <trkpt lat="52.11153572425246" lon="6.000749655067921">
        <ele>60.41</ele>
      </trkpt>
      <trkpt lat="52.111427932977676" lon="6.000410942360759">
        <ele>60.38</ele>
      </trkpt>
      <trkpt lat="52.11132173426449" lon="6.000076672062278">
        <ele>60.29</ele>
      </trkpt>
      <trkpt lat="52.11121595464647" lon="5.999743994325399">
        <ele>60.2</ele>
      </trkpt>
      <trkpt lat="52.11107027716935" lon="5.999299585819244">
        <ele>60.02</ele>
      </trkpt>
      <trkpt lat="52.110924599692225" lon="5.998855177313089">
        <ele>59.9</ele>
      </trkpt>
      <trkpt lat="52.110779928043485" lon="5.9984139539301395">
        <ele>59.79</ele>
      </trkpt>
      <trkpt lat="52.11055428721011" lon="5.998606402426958">
        <ele>59.69</ele>
      </trkpt>
      <trkpt lat="52.1103285625577" lon="5.998798850923777">
        <ele>59.65</ele>
      </trkpt>
      <trkpt lat="52.11010283790529" lon="5.9989912156015635">
        <ele>59.64</ele>
      </trkpt>
      <trkpt lat="52.109877951443195" lon="5.999182993546128">
        <ele>59.64</ele>
      </trkpt>
      <trkpt lat="52.10980930365622" lon="5.998834054917097">
        <ele>59.61</ele>
      </trkpt>
      <trkpt lat="52.10974099114537" lon="5.998486960306764">
        <ele>59.59</ele>
      </trkpt>
      <trkpt lat="52.10964468307793" lon="5.998006341978908">
        <ele>59.54</ele>
      </trkpt>
      <trkpt lat="52.10954845882952" lon="5.997525807470083">
        <ele>59.53</ele>
      </trkpt>
      <trkpt lat="52.10945223458111" lon="5.997045189142227">
        <ele>59.53</ele>
      </trkpt>
      <trkpt lat="52.10935592651367" lon="5.996564654633403">
        <ele>59.57</ele>
      </trkpt>
      <trkpt lat="52.10925970226526" lon="5.996084036305547">
        <ele>59.61</ele>
      </trkpt>
      <trkpt lat="52.10916347801685" lon="5.995603501796722">
        <ele>59.64</ele>
      </trkpt>
      <trkpt lat="52.10906893014908" lon="5.995131935924292">
        <ele>59.59</ele>
      </trkpt>
      <trkpt lat="52.10903096012771" lon="5.994945941492915">
        <ele>59.57</ele>
      </trkpt>
      <trkpt lat="52.108943117782474" lon="5.994510585442185">
        <ele>59.55</ele>
      </trkpt>
      <trkpt lat="52.108855275437236" lon="5.994075229391456">
        <ele>59.57</ele>
      </trkpt>
      <trkpt lat="52.108767433092" lon="5.993639873340726">
        <ele>59.53</ele>
      </trkpt>
      <trkpt lat="52.10867959074676" lon="5.993204517289996">
        <ele>59.6</ele>
      </trkpt>
      <trkpt lat="52.10859292186797" lon="5.992774944752455">
        <ele>59.69</ele>
      </trkpt>
      <trkpt lat="52.108523938804865" lon="5.992393987253308">
        <ele>59.67</ele>
      </trkpt>
      <trkpt lat="52.10849694907665" lon="5.99207597784698">
        <ele>59.68</ele>
      </trkpt>
      <trkpt lat="52.10848739370704" lon="5.99169384688139">
        <ele>59.75</ele>
      </trkpt>
      <trkpt lat="52.10847792215645" lon="5.9913139790296555">
        <ele>59.7</ele>
      </trkpt>
      <trkpt lat="52.10846710950136" lon="5.990879125893116">
        <ele>59.61</ele>
      </trkpt>
      <trkpt lat="52.10845629684627" lon="5.990444188937545">
        <ele>59.54</ele>
      </trkpt>
      <trkpt lat="52.10844548419118" lon="5.990009335801005">
        <ele>59.49</ele>
      </trkpt>
      <trkpt lat="52.10843467153609" lon="5.989574482664466">
        <ele>59.48</ele>
      </trkpt>
      <trkpt lat="52.10842394270003" lon="5.989145999774337">
        <ele>59.41</ele>
      </trkpt>
      <trkpt lat="52.10840893909335" lon="5.988851962611079">
        <ele>59.39</ele>
      </trkpt>
      <trkpt lat="52.10839527659118" lon="5.988346114754677">
        <ele>59.32</ele>
      </trkpt>
      <trkpt lat="52.10838153026998" lon="5.987840350717306">
        <ele>59.24</ele>
      </trkpt>
      <trkpt lat="52.10836795158684" lon="5.987338945269585">
        <ele>59.12</ele>
      </trkpt>
      <trkpt lat="52.10835655219853" lon="5.986927729099989">
        <ele>59.01</ele>
      </trkpt>
      <trkpt lat="52.10834523662925" lon="5.986516596749425">
        <ele>58.91</ele>
      </trkpt>
      <trkpt lat="52.108333921059966" lon="5.986108984798193">
        <ele>58.9</ele>
      </trkpt>
      <trkpt lat="52.10831749252975" lon="5.985646722838283">
        <ele>58.87</ele>
      </trkpt>
      <trkpt lat="52.1083009801805" lon="5.985184544697404">
        <ele>58.79</ele>
      </trkpt>
      <trkpt lat="52.108284551650286" lon="5.984722366556525">
        <ele>58.54</ele>
      </trkpt>
      <trkpt lat="52.10826803930104" lon="5.984260104596615">
        <ele>58.12</ele>
      </trkpt>
      <trkpt lat="52.10825161077082" lon="5.983797926455736">
        <ele>57.71</ele>
      </trkpt>
      <trkpt lat="52.108235098421574" lon="5.9833357483148575">
        <ele>57.43</ele>
      </trkpt>
      <trkpt lat="52.10821892134845" lon="5.982882957905531">
        <ele>57.26</ele>
      </trkpt>
      <trkpt lat="52.108204923570156" lon="5.982685983181">
        <ele>56.9</ele>
      </trkpt>
      <trkpt lat="52.10813392885029" lon="5.982402926310897">
        <ele>56.52</ele>
      </trkpt>
      <trkpt lat="52.10812093690038" lon="5.982361938804388">
        <ele>56.11</ele>
      </trkpt>
      <trkpt lat="52.108092941343784" lon="5.982207963243127">
        <ele>55.66</ele>
      </trkpt>
      <trkpt lat="52.10808254778385" lon="5.981791131198406">
        <ele>55.18</ele>
      </trkpt>
      <trkpt lat="52.10807207040489" lon="5.981374299153686">
        <ele>54.69</ele>
      </trkpt>
      <trkpt lat="52.108061676844954" lon="5.980957467108965">
        <ele>54.05</ele>
      </trkpt>
      <trkpt lat="52.10805128328502" lon="5.980540718883276">
        <ele>53.48</ele>
      </trkpt>
      <trkpt lat="52.10804097354412" lon="5.980129921808839">
        <ele>52.96</ele>
      </trkpt>
      <trkpt lat="52.108023623004556" lon="5.979719795286655">
        <ele>52.57</ele>
      </trkpt>
      <trkpt lat="52.10800635628402" lon="5.97930958494544">
        <ele>52.15</ele>
      </trkpt>
      <trkpt lat="52.10798908956349" lon="5.978899374604225">
        <ele>51.86</ele>
      </trkpt>
      <trkpt lat="52.10797199048102" lon="5.978493941947818">
        <ele>51.62</ele>
      </trkpt>
      <trkpt lat="52.10797006264329" lon="5.978034865111113">
        <ele>51.38</ele>
      </trkpt>
      <trkpt lat="52.10796821862459" lon="5.977575704455376">
        <ele>51.17</ele>
      </trkpt>
      <trkpt lat="52.10796629078686" lon="5.9771166276186705">
        <ele>51.01</ele>
      </trkpt>
      <trkpt lat="52.107964446768165" lon="5.9766574669629335">
        <ele>50.9</ele>
      </trkpt>
      <trkpt lat="52.107962518930435" lon="5.976198390126228">
        <ele>50.83</ele>
      </trkpt>
      <trkpt lat="52.10796067491174" lon="5.975739229470491">
        <ele>50.77</ele>
      </trkpt>
      <trkpt lat="52.10795874707401" lon="5.975280152633786">
        <ele>50.82</ele>
      </trkpt>
      <trkpt lat="52.10795681923628" lon="5.974820991978049">
        <ele>50.92</ele>
      </trkpt>
      <trkpt lat="52.10795497521758" lon="5.974373985081911">
        <ele>51.12</ele>
      </trkpt>
      <trkpt lat="52.10791499353945" lon="5.974153960123658">
        <ele>51.31</ele>
      </trkpt>
      <trkpt lat="52.107812985777855" lon="5.974082965403795">
        <ele>51.54</ele>
      </trkpt>
      <trkpt lat="52.10753336548805" lon="5.974063938483596">
        <ele>51.83</ele>
      </trkpt>
      <trkpt lat="52.107253996655345" lon="5.974044995382428">
        <ele>52.25</ele>
      </trkpt>
      <trkpt lat="52.10709893144667" lon="5.973931923508644">
        <ele>52.68</ele>
      </trkpt>
      <trkpt lat="52.106957444921136" lon="5.9734974056482315">
        <ele>53.09</ele>
      </trkpt>
      <trkpt lat="52.1068159583956" lon="5.973062887787819">
        <ele>53.54</ele>
      </trkpt>
      <trkpt lat="52.106674471870065" lon="5.972628369927406">
        <ele>54.06</ele>
      </trkpt>
      <trkpt lat="52.10653298534453" lon="5.972193852066994">
        <ele>54.7</ele>
      </trkpt>
      <trkpt lat="52.106391498818994" lon="5.971759250387549">
        <ele>55.2</ele>
      </trkpt>
      <trkpt lat="52.10625194013119" lon="5.971330935135484">
        <ele>55.64</ele>
      </trkpt>
      <trkpt lat="52.10612830705941" lon="5.970948468893766">
        <ele>56.12</ele>
      </trkpt>
      <trkpt lat="52.106004590168595" lon="5.970565918833017">
        <ele>56.68</ele>
      </trkpt>
      <trkpt lat="52.10588087327778" lon="5.9701834525913">
        <ele>57.18</ele>
      </trkpt>
      <trkpt lat="52.10575715638697" lon="5.969800902530551">
        <ele>57.68</ele>
      </trkpt>
      <trkpt lat="52.10563494823873" lon="5.969422962516546">
        <ele>58.22</ele>
      </trkpt>
      <trkpt lat="52.10549815557897" lon="5.968999424949288">
        <ele>58.81</ele>
      </trkpt>
      <trkpt lat="52.10536127910018" lon="5.968575971201062">
        <ele>59.38</ele>
      </trkpt>
      <trkpt lat="52.10522448644042" lon="5.968152433633804">
        <ele>59.92</ele>
      </trkpt>
      <trkpt lat="52.105088951066136" lon="5.967732919380069">
        <ele>60.43</ele>
      </trkpt>
      <trkpt lat="52.104966742917895" lon="5.967517588287592">
        <ele>61.0</ele>
      </trkpt>
      <trkpt lat="52.10484495386481" lon="5.967302927747369">
        <ele>61.62</ele>
      </trkpt>
      <trkpt lat="52.10480195470154" lon="5.96715297549963">
        <ele>62.21</ele>
      </trkpt>
      <trkpt lat="52.1047989372164" lon="5.966948959976435">
        <ele>62.81</ele>
      </trkpt>
      <trkpt lat="52.10473598912358" lon="5.966712925583124">
        <ele>63.45</ele>
      </trkpt>
      <trkpt lat="52.10460741072893" lon="5.966329537332058">
        <ele>64.09</ele>
      </trkpt>
      <trkpt lat="52.10447883233428" lon="5.965946149080992">
        <ele>64.72</ele>
      </trkpt>
      <trkpt lat="52.10435033775866" lon="5.9655627608299255">
        <ele>65.46</ele>
      </trkpt>
      <trkpt lat="52.10422293283045" lon="5.965182976797223">
        <ele>66.24</ele>
      </trkpt>
      <trkpt lat="52.10410516709089" lon="5.964838145300746">
        <ele>66.99</ele>
      </trkpt>
      <trkpt lat="52.103987988084555" lon="5.964494990184903">
        <ele>67.77</ele>
      </trkpt>
      <trkpt lat="52.10386670194566" lon="5.964132472872734">
        <ele>68.58</ele>
      </trkpt>
      <trkpt lat="52.10374541580677" lon="5.963769955560565">
        <ele>69.39</ele>
      </trkpt>
      <trkpt lat="52.103624967858195" lon="5.963409952819347">
        <ele>70.21</ele>
      </trkpt>
      <trkpt lat="52.10352991707623" lon="5.963220940902829">
        <ele>71.05</ele>
      </trkpt>
      <trkpt lat="52.10341198369861" lon="5.962883988395333">
        <ele>71.95</ele>
      </trkpt>
      <trkpt lat="52.103261863812804" lon="5.962457517161965">
        <ele>72.85</ele>
      </trkpt>
      <trkpt lat="52.103111827746034" lon="5.962031129747629">
        <ele>73.65</ele>
      </trkpt>
      <trkpt lat="52.10296179167926" lon="5.961604742333293">
        <ele>74.43</ele>
      </trkpt>
      <trkpt lat="52.10281175561249" lon="5.961178271099925">
        <ele>75.18</ele>
      </trkpt>
      <trkpt lat="52.10266171954572" lon="5.960751883685589">
        <ele>75.93</ele>
      </trkpt>
      <trkpt lat="52.10251159965992" lon="5.960325496271253">
        <ele>76.7</ele>
      </trkpt>
      <trkpt lat="52.10236399434507" lon="5.959905982017517">
        <ele>77.43</ele>
      </trkpt>
      <trkpt lat="52.102235248312354" lon="5.95954455435276">
        <ele>78.1</ele>
      </trkpt>
      <trkpt lat="52.10210658609867" lon="5.9591831266880035">
        <ele>78.73</ele>
      </trkpt>
      <trkpt lat="52.101977840065956" lon="5.958821699023247">
        <ele>79.34</ele>
      </trkpt>
      <trkpt lat="52.10184917785227" lon="5.95846027135849">
        <ele>79.89</ele>
      </trkpt>
      <trkpt lat="52.10172194056213" lon="5.958102950826287">
        <ele>80.39</ele>
      </trkpt>
      <trkpt lat="52.10149177350104" lon="5.958302356302738">
        <ele>80.77</ele>
      </trkpt>
      <trkpt lat="52.101261522620916" lon="5.958501761779189">
        <ele>81.14</ele>
      </trkpt>
      <trkpt lat="52.101031271740794" lon="5.95870116725564">
        <ele>81.38</ele>
      </trkpt>
      <trkpt lat="52.100801104679704" lon="5.958900488913059">
        <ele>81.74</ele>
      </trkpt>
      <trkpt lat="52.100571943446994" lon="5.959098972380161">
        <ele>82.15</ele>
      </trkpt>
      <trkpt lat="52.100320905447006" lon="5.959319584071636">
        <ele>82.62</ele>
      </trkpt>
      <trkpt lat="52.10006995126605" lon="5.959540279582143">
        <ele>83.13</ele>
      </trkpt>
      <trkpt lat="52.09981891326606" lon="5.9597609750926495">
        <ele>83.64</ele>
      </trkpt>
      <trkpt lat="52.099567875266075" lon="5.959981586784124">
        <ele>83.98</ele>
      </trkpt>
      <trkpt lat="52.09931683726609" lon="5.960202282294631">
        <ele>84.46</ele>
      </trkpt>
      <trkpt lat="52.09906588308513" lon="5.960422977805138">
        <ele>84.94</ele>
      </trkpt>
      <trkpt lat="52.098814845085144" lon="5.9606435894966125">
        <ele>85.52</ele>
      </trkpt>
      <trkpt lat="52.098563807085156" lon="5.960864285007119">
        <ele>86.12</ele>
      </trkpt>
      <trkpt lat="52.09831494837999" lon="5.961082968860865">
        <ele>86.71</ele>
      </trkpt>
      <trkpt lat="52.09816298447549" lon="5.961087998002768">
        <ele>87.25</ele>
      </trkpt>
      <trkpt lat="52.097983695566654" lon="5.960862189531326">
        <ele>87.78</ele>
      </trkpt>
      <trkpt lat="52.09780499339104" lon="5.960636967793107">
        <ele>88.34</ele>
      </trkpt>
      <trkpt lat="52.09762377664447" lon="5.960463127121329">
        <ele>88.91</ele>
      </trkpt>
      <trkpt lat="52.0974425598979" lon="5.960289286449552">
        <ele>89.44</ele>
      </trkpt>
      <trkpt lat="52.09726192988455" lon="5.960115948691964">
        <ele>90.03</ele>
      </trkpt>
      <trkpt lat="52.09713720716536" lon="5.9603979997336864">
        <ele>90.62</ele>
      </trkpt>
      <trkpt lat="52.09701298736036" lon="5.9606789611279964">
        <ele>91.27</ele>
      </trkpt>
      <trkpt lat="52.09684493020177" lon="5.96098599024117">
        <ele>91.87</ele>
      </trkpt>
      <trkpt lat="52.09664460271597" lon="5.96130651421845">
        <ele>92.32</ele>
      </trkpt>
      <trkpt lat="52.09644427523017" lon="5.961627038195729">
        <ele>92.68</ele>
      </trkpt>
      <trkpt lat="52.09624495357275" lon="5.961945969611406">
        <ele>93.01</ele>
      </trkpt>
      <trkpt lat="52.09602802991867" lon="5.962252160534263">
        <ele>93.33</ele>
      </trkpt>
      <trkpt lat="52.09581119008362" lon="5.962558351457119">
        <ele>93.68</ele>
      </trkpt>
      <trkpt lat="52.09559426642954" lon="5.962864458560944">
        <ele>93.99</ele>
      </trkpt>
      <trkpt lat="52.095377426594496" lon="5.9631706494838">
        <ele>94.19</ele>
      </trkpt>
      <trkpt lat="52.095160502940416" lon="5.963476840406656">
        <ele>94.39</ele>
      </trkpt>
      <trkpt lat="52.09494357928634" lon="5.963783031329513">
        <ele>94.58</ele>
      </trkpt>
      <trkpt lat="52.094728918746114" lon="5.964085953310132">
        <ele>94.69</ele>
      </trkpt>
      <trkpt lat="52.09451266564429" lon="5.9638378489762545">
        <ele>94.72</ele>
      </trkpt>
      <trkpt lat="52.09429641254246" lon="5.963589744642377">
        <ele>94.63</ele>
      </trkpt>
      <trkpt lat="52.09408015944064" lon="5.963341640308499">
        <ele>94.4</ele>
      </trkpt>
      <trkpt lat="52.09386390633881" lon="5.963093535974622">
        <ele>94.06</ele>
      </trkpt>
      <trkpt lat="52.09364899434149" lon="5.962846940383315">
        <ele>93.64</ele>
      </trkpt>
      <trkpt lat="52.093430729582906" lon="5.962623227387667">
        <ele>93.15</ele>
      </trkpt>
      <trkpt lat="52.09321296773851" lon="5.962399933487177">
        <ele>92.71</ele>
      </trkpt>
      <trkpt lat="52.09296436049044" lon="5.962117966264486">
        <ele>92.21</ele>
      </trkpt>
      <trkpt lat="52.09271566942334" lon="5.961835915222764">
        <ele>91.61</ele>
      </trkpt>
      <trkpt lat="52.09246798418462" lon="5.961554953828454">
        <ele>91.0</ele>
      </trkpt>
      <trkpt lat="52.09224008023739" lon="5.961331073194742">
        <ele>90.25</ele>
      </trkpt>
      <trkpt lat="52.092012260109186" lon="5.961107276380062">
        <ele>89.43</ele>
      </trkpt>
      <trkpt lat="52.091784439980984" lon="5.96088339574635">
        <ele>88.66</ele>
      </trkpt>
      <trkpt lat="52.09155661985278" lon="5.96065959893167">
        <ele>87.88</ele>
      </trkpt>
      <trkpt lat="52.09132997319102" lon="5.960436975583434">
        <ele>87.05</ele>
      </trkpt>
      <trkpt lat="52.09112998098135" lon="5.960348965600133">
        <ele>86.38</ele>
      </trkpt>
      <trkpt lat="52.09098095074296" lon="5.960331950336695">
        <ele>85.82</ele>
      </trkpt>
      <trkpt lat="52.09068280644715" lon="5.96044753678143">
        <ele>85.29</ele>
      </trkpt>
      <trkpt lat="52.09038499742746" lon="5.960562955588102">
        <ele>84.83</ele>
      </trkpt>
      <trkpt lat="52.09015793167055" lon="5.960547951981425">
        <ele>84.5</ele>
      </trkpt>
      <trkpt lat="52.089983923360705" lon="5.960455918684602">
        <ele>84.31</ele>
      </trkpt>
      <trkpt lat="52.08974428474903" lon="5.960280066356063">
        <ele>84.28</ele>
      </trkpt>
      <trkpt lat="52.089504562318325" lon="5.960104130208492">
        <ele>84.4</ele>
      </trkpt>
      <trkpt lat="52.08926483988762" lon="5.959928277879953">
        <ele>84.63</ele>
      </trkpt>
      <trkpt lat="52.08902595564723" lon="5.959752928465605">
        <ele>84.97</ele>
      </trkpt>
      <trkpt lat="52.08886535838246" lon="5.9596343245357275">
        <ele>85.36</ele>
      </trkpt>
      <trkpt lat="52.08870492875576" lon="5.959515972062945">
        <ele>85.84</ele>
      </trkpt>
      <trkpt lat="52.08848020993173" lon="5.959312291815877">
        <ele>86.44</ele>
      </trkpt>
      <trkpt lat="52.08825599402189" lon="5.959108946844935">
        <ele>86.98</ele>
      </trkpt>
      <trkpt lat="52.088003028184175" lon="5.958908786997199">
        <ele>87.6</ele>
      </trkpt>
      <trkpt lat="52.08775006234646" lon="5.958708627149463">
        <ele>88.29</ele>
      </trkpt>
      <trkpt lat="52.08749718032777" lon="5.958508383482695">
        <ele>89.02</ele>
      </trkpt>
      <trkpt lat="52.087244214490056" lon="5.958308223634958">
        <ele>89.78</ele>
      </trkpt>
      <trkpt lat="52.08699124865234" lon="5.958108063787222">
        <ele>90.58</ele>
      </trkpt>
      <trkpt lat="52.086738366633654" lon="5.9579079039394855">
        <ele>91.34</ele>
      </trkpt>
      <trkpt lat="52.08648699335754" lon="5.957708917558193">
        <ele>92.08</ele>
      </trkpt>
      <trkpt lat="52.08644156344235" lon="5.958100603893399">
        <ele>92.97</ele>
      </trkpt>
      <trkpt lat="52.08639621734619" lon="5.9584922064095736">
        <ele>93.77</ele>
      </trkpt>
      <trkpt lat="52.086350787431" lon="5.958883808925748">
        <ele>94.43</ele>
      </trkpt>
      <trkpt lat="52.086305944249034" lon="5.959270969033241">
        <ele>95.0</ele>
      </trkpt>
      <trkpt lat="52.08618784323335" lon="5.959711940959096">
        <ele>95.36</ele>
      </trkpt>
      <trkpt lat="52.08606974221766" lon="5.960152829065919">
        <ele>95.67</ele>
      </trkpt>
      <trkpt lat="52.08595155738294" lon="5.960593800991774">
        <ele>95.86</ele>
      </trkpt>
      <trkpt lat="52.085833456367254" lon="5.961034772917628">
        <ele>96.09</ele>
      </trkpt>
      <trkpt lat="52.08571535535157" lon="5.961475744843483">
        <ele>96.32</ele>
      </trkpt>
      <trkpt lat="52.085598930716515" lon="5.961909927427769">
        <ele>96.44</ele>
      </trkpt>
      <trkpt lat="52.08551578223705" lon="5.962218716740608">
        <ele>96.37</ele>
      </trkpt>
      <trkpt lat="52.08543296903372" lon="5.962525997310877">
        <ele>96.23</ele>
      </trkpt>
      <trkpt lat="52.08515988662839" lon="5.962315192446113">
        <ele>96.12</ele>
      </trkpt>
      <trkpt lat="52.08488680422306" lon="5.962104387581348">
        <ele>95.84</ele>
      </trkpt>
      <trkpt lat="52.08461372181773" lon="5.961893666535616">
        <ele>95.58</ele>
      </trkpt>
      <trkpt lat="52.084340723231435" lon="5.961682861670852">
        <ele>95.25</ele>
      </trkpt>
      <trkpt lat="52.084067640826106" lon="5.9614720568060875">
        <ele>94.88</ele>
      </trkpt>
      <trkpt lat="52.08379455842078" lon="5.961261335760355">
        <ele>94.35</ele>
      </trkpt>
      <trkpt lat="52.08352147601545" lon="5.961050530895591">
        <ele>93.67</ele>
      </trkpt>
      <trkpt lat="52.08324847742915" lon="5.960839809849858">
        <ele>92.94</ele>
      </trkpt>
      <trkpt lat="52.08297539502382" lon="5.960629004985094">
        <ele>92.29</ele>
      </trkpt>
      <trkpt lat="52.082702312618494" lon="5.96041820012033">
        <ele>91.61</ele>
      </trkpt>
      <trkpt lat="52.082429230213165" lon="5.960207479074597">
        <ele>90.71</ele>
      </trkpt>
      <trkpt lat="52.082158997654915" lon="5.9599989373236895">
        <ele>89.7</ele>
      </trkpt>
      <trkpt lat="52.08210778422654" lon="5.96030730754137">
        <ele>88.86</ele>
      </trkpt>
      <trkpt lat="52.08205698989332" lon="5.960613917559385">
        <ele>88.04</ele>
      </trkpt>
      <trkpt lat="52.08194768987596" lon="5.960959251970053">
        <ele>87.14</ele>
      </trkpt>
      <trkpt lat="52.081838976591825" lon="5.9613029938191175">
        <ele>86.23</ele>
      </trkpt>
      <trkpt lat="52.08175172097981" lon="5.961717059835792">
        <ele>85.37</ele>
      </trkpt>
      <trkpt lat="52.081664968281984" lon="5.962128946557641">
        <ele>84.54</ele>
      </trkpt>
      <trkpt lat="52.08159690722823" lon="5.962580312043428">
        <ele>83.73</ele>
      </trkpt>
      <trkpt lat="52.08152884617448" lon="5.9630317613482475">
        <ele>82.97</ele>
      </trkpt>
      <trkpt lat="52.081460785120726" lon="5.963483126834035">
        <ele>82.14</ele>
      </trkpt>
      <trkpt lat="52.08139272406697" lon="5.963934492319822">
        <ele>81.35</ele>
      </trkpt>
      <trkpt lat="52.08132466301322" lon="5.96438585780561">
        <ele>80.48</ele>
      </trkpt>
      <trkpt lat="52.08125660195947" lon="5.964837223291397">
        <ele>79.69</ele>
      </trkpt>
      <trkpt lat="52.081188540905714" lon="5.965288672596216">
        <ele>78.88</ele>
      </trkpt>
      <trkpt lat="52.08112198859453" lon="5.965729979798198">
        <ele>78.05</ele>
      </trkpt>
      <trkpt lat="52.08105342462659" lon="5.966160977259278">
        <ele>77.18</ele>
      </trkpt>
      <trkpt lat="52.08098494447768" lon="5.966591974720359">
        <ele>76.4</ele>
      </trkpt>
      <trkpt lat="52.080916380509734" lon="5.967023056000471">
        <ele>75.51</ele>
      </trkpt>
      <trkpt lat="52.08084790036082" lon="5.967454053461552">
        <ele>74.5</ele>
      </trkpt>
      <trkpt lat="52.08077933639288" lon="5.967885134741664">
        <ele>73.53</ele>
      </trkpt>
      <trkpt lat="52.08071194589138" lon="5.968308923766017">
        <ele>72.51</ele>
      </trkpt>
      <trkpt lat="52.0806385204196" lon="5.96877034753561">
        <ele>71.5</ele>
      </trkpt>
      <trkpt lat="52.080565094947815" lon="5.969231687486172">
        <ele>70.46</ele>
      </trkpt>
      <trkpt lat="52.080491585657" lon="5.969693027436733">
        <ele>69.38</ele>
      </trkpt>
      <trkpt lat="52.08041816018522" lon="5.9701544512063265">
        <ele>68.25</ele>
      </trkpt>
      <trkpt lat="52.080344734713435" lon="5.970615791156888">
        <ele>67.04</ele>
      </trkpt>
      <trkpt lat="52.08027130924165" lon="5.9710771311074495">
        <ele>65.88</ele>
      </trkpt>
      <trkpt lat="52.08019788376987" lon="5.971538554877043">
        <ele>64.79</ele>
      </trkpt>
      <trkpt lat="52.080124374479055" lon="5.971999894827604">
        <ele>63.71</ele>
      </trkpt>
      <trkpt lat="52.08005094900727" lon="5.972461234778166">
        <ele>62.6</ele>
      </trkpt>
      <trkpt lat="52.07997752353549" lon="5.972922658547759">
        <ele>61.59</ele>
      </trkpt>
      <trkpt lat="52.07990409806371" lon="5.973383998498321">
        <ele>60.75</ele>
      </trkpt>
      <trkpt lat="52.07983293570578" lon="5.973829999566078">
        <ele>59.96</ele>
      </trkpt>
      <trkpt lat="52.07972598262131" lon="5.973915997892618">
        <ele>59.33</ele>
      </trkpt>
      <trkpt lat="52.07963294349611" lon="5.97392194904387">
        <ele>58.77</ele>
      </trkpt>
      <trkpt lat="52.07938081584871" lon="5.973816253244877">
        <ele>58.38</ele>
      </trkpt>
      <trkpt lat="52.07912868820131" lon="5.973710473626852">
        <ele>58.12</ele>
      </trkpt>
      <trkpt lat="52.07887697964907" lon="5.973604945465922">
        <ele>57.93</ele>
      </trkpt>
      <trkpt lat="52.078623343259096" lon="5.973614500835538">
        <ele>57.71</ele>
      </trkpt>
      <trkpt lat="52.07836995832622" lon="5.973623972386122">
        <ele>57.51</ele>
      </trkpt>
      <trkpt lat="52.07818237133324" lon="5.973651967942715">
        <ele>57.33</ele>
      </trkpt>
      <trkpt lat="52.077994951978326" lon="5.973679963499308">
        <ele>57.27</ele>
      </trkpt>
      <trkpt lat="52.077886993065476" lon="5.973744923248887">
        <ele>57.26</ele>
      </trkpt>
      <trkpt lat="52.07780996337533" lon="5.973888924345374">
        <ele>57.27</ele>
      </trkpt>
      <trkpt lat="52.07779495976865" lon="5.973971989005804">
        <ele>57.3</ele>
      </trkpt>
      <trkpt lat="52.077856147661805" lon="5.974325453862548">
        <ele>57.34</ele>
      </trkpt>
      <trkpt lat="52.0779169164598" lon="5.974676990881562">
        <ele>57.49</ele>
      </trkpt>
      <trkpt lat="52.07793896086514" lon="5.974915958940983">
        <ele>57.7</ele>
      </trkpt>
      <trkpt lat="52.07789897918701" lon="5.97534092143178">
        <ele>57.86</ele>
      </trkpt>
      <trkpt lat="52.07785095088184" lon="5.97559992223978">
        <ele>57.99</ele>
      </trkpt>
      <trkpt lat="52.07771793007851" lon="5.976000996306539">
        <ele>58.14</ele>
      </trkpt>
      <trkpt lat="52.07762095145881" lon="5.976408943533897">
        <ele>58.25</ele>
      </trkpt>
      <trkpt lat="52.077586920931935" lon="5.976838935166597">
        <ele>58.4</ele>
      </trkpt>
      <trkpt lat="52.07760997116566" lon="5.977060971781611">
        <ele>58.55</ele>
      </trkpt>
      <trkpt lat="52.07772497087717" lon="5.977390967309475">
        <ele>58.67</ele>
      </trkpt>
      <trkpt lat="52.07790493033826" lon="5.977739989757538">
        <ele>58.75</ele>
      </trkpt>
      <trkpt lat="52.07803166471422" lon="5.97794677130878">
        <ele>58.81</ele>
      </trkpt>
      <trkpt lat="52.07815797999501" lon="5.9781529661268">
        <ele>58.87</ele>
      </trkpt>
      <trkpt lat="52.078276919201016" lon="5.978441974148154">
        <ele>58.92</ele>
      </trkpt>
      <trkpt lat="52.07835495471954" lon="5.978862997144461">
        <ele>58.98</ele>
      </trkpt>
      <trkpt lat="52.07841161638498" lon="5.979320732876658">
        <ele>59.08</ele>
      </trkpt>
      <trkpt lat="52.078467942774296" lon="5.979775954037905">
        <ele>59.13</ele>
      </trkpt>
      <trkpt lat="52.07848001271486" lon="5.980095891281962">
        <ele>59.18</ele>
      </trkpt>
      <trkpt lat="52.0784919988364" lon="5.980413984507322">
        <ele>59.26</ele>
      </trkpt>
      <trkpt lat="52.0784729719162" lon="5.98077398724854">
        <ele>59.39</ele>
      </trkpt>
      <trkpt lat="52.07842997275293" lon="5.981022929772735">
        <ele>59.61</ele>
      </trkpt>
      <trkpt lat="52.07824096083641" lon="5.981182940304279">
        <ele>59.97</ele>
      </trkpt>
      <trkpt lat="52.07806997001171" lon="5.9812629874795675">
        <ele>60.41</ele>
      </trkpt>
      <trkpt lat="52.07788581959903" lon="5.981166930869222">
        <ele>60.93</ele>
      </trkpt>
      <trkpt lat="52.07770192064345" lon="5.981070958077908">
        <ele>61.5</ele>
      </trkpt>
      <trkpt lat="52.07769798114896" lon="5.981067940592766">
        <ele>62.08</ele>
      </trkpt>
      <trkpt lat="52.07746018655598" lon="5.980920838192105">
        <ele>62.8</ele>
      </trkpt>
      <trkpt lat="52.077222391963005" lon="5.980773735791445">
        <ele>63.55</ele>
      </trkpt>
      <trkpt lat="52.07698468118906" lon="5.980626633390784">
        <ele>64.37</ele>
      </trkpt>
      <trkpt lat="52.076746886596084" lon="5.980479530990124">
        <ele>65.27</ele>
      </trkpt>
      <trkpt lat="52.076509930193424" lon="5.9803329315036535">
        <ele>66.21</ele>
      </trkpt>
      <trkpt lat="52.07626978866756" lon="5.9802045207470655">
        <ele>67.19</ele>
      </trkpt>
      <trkpt lat="52.076029647141695" lon="5.980076109990478">
        <ele>68.22</ele>
      </trkpt>
      <trkpt lat="52.07578992471099" lon="5.979947950690985">
        <ele>69.29</ele>
      </trkpt>
      <trkpt lat="52.07558180205524" lon="5.979790119454265">
        <ele>70.39</ele>
      </trkpt>
      <trkpt lat="52.07537359558046" lon="5.979632372036576">
        <ele>71.52</ele>
      </trkpt>
      <trkpt lat="52.0751659758389" lon="5.979474959895015">
        <ele>72.65</ele>
      </trkpt>
      <trkpt lat="52.07495793700218" lon="5.9794199746102095">
        <ele>73.74</ele>
      </trkpt>
      <trkpt lat="52.07472927868366" lon="5.979295838624239">
        <ele>74.87</ele>
      </trkpt>
      <trkpt lat="52.07450095564127" lon="5.979171954095364">
        <ele>76.04</ele>
      </trkpt>
      <trkpt lat="52.07428595982492" lon="5.979000963270664">
        <ele>77.2</ele>
      </trkpt>
      <trkpt lat="52.074010698124766" lon="5.979034239426255">
        <ele>78.35</ele>
      </trkpt>
      <trkpt lat="52.073735520243645" lon="5.979067515581846">
        <ele>79.49</ele>
      </trkpt>
      <trkpt lat="52.07346025854349" lon="5.979100791737437">
        <ele>80.57</ele>
      </trkpt>
      <trkpt lat="52.07318499684334" lon="5.9791339840739965">
        <ele>81.6</ele>
      </trkpt>
      <trkpt lat="52.072909818962216" lon="5.9791672602295876">
        <ele>82.57</ele>
      </trkpt>
      <trkpt lat="52.07263455726206" lon="5.979200536385179">
        <ele>83.65</ele>
      </trkpt>
      <trkpt lat="52.07235929556191" lon="5.97923381254077">
        <ele>84.76</ele>
      </trkpt>
      <trkpt lat="52.072084955871105" lon="5.979266921058297">
        <ele>85.88</ele>
      </trkpt>
      <trkpt lat="52.07188236527145" lon="5.9792719502002">
        <ele>86.87</ele>
      </trkpt>
      <trkpt lat="52.071679942309856" lon="5.979276979342103">
        <ele>87.87</ele>
      </trkpt>
      <trkpt lat="52.07152236253023" lon="5.979226939380169">
        <ele>88.86</ele>
      </trkpt>
      <trkpt lat="52.07136495038867" lon="5.9791769832372665">
        <ele>89.86</ele>
      </trkpt>
      <trkpt lat="52.07116596400738" lon="5.979115962982178">
        <ele>90.86</ele>
      </trkpt>
      <trkpt lat="52.07095691934228" lon="5.979101965203881">
        <ele>91.82</ele>
      </trkpt>
      <trkpt lat="52.070837980136275" lon="5.979080926626921">
        <ele>92.69</ele>
      </trkpt>
      <trkpt lat="52.07066196016967" lon="5.97916591912508">
        <ele>93.58</ele>
      </trkpt>
      <trkpt lat="52.07046431489289" lon="5.97932861186564">
        <ele>94.41</ele>
      </trkpt>
      <trkpt lat="52.0702669210732" lon="5.979490969330072">
        <ele>95.28</ele>
      </trkpt>
      <trkpt lat="52.07016197964549" lon="5.979516953229904">
        <ele>95.98</ele>
      </trkpt>
      <trkpt lat="52.06991999410093" lon="5.979501949623227">
        <ele>96.67</ele>
      </trkpt>
      <trkpt lat="52.069683792069554" lon="5.979394912719727">
        <ele>97.29</ele>
      </trkpt>
      <trkpt lat="52.06944792531431" lon="5.979287959635258">
        <ele>97.81</ele>
      </trkpt>
      <trkpt lat="52.06925899721682" lon="5.979280918836594">
        <ele>98.26</ele>
      </trkpt>
      <trkpt lat="52.06908297725022" lon="5.979382926598191">
        <ele>98.63</ele>
      </trkpt>
      <trkpt lat="52.068904945626855" lon="5.97961594350636">
        <ele>99.05</ele>
      </trkpt>
      <trkpt lat="52.0687264110893" lon="5.9796794783324">
        <ele>99.36</ele>
      </trkpt>
      <trkpt lat="52.06854796037078" lon="5.979742929339409">
        <ele>99.59</ele>
      </trkpt>
      <trkpt lat="52.06827571615577" lon="5.979771260172129">
        <ele>99.78</ele>
      </trkpt>
      <trkpt lat="52.068003471940756" lon="5.9797995910048485">
        <ele>99.88</ele>
      </trkpt>
      <trkpt lat="52.067731227725744" lon="5.979827838018537">
        <ele>99.97</ele>
      </trkpt>
      <trkpt lat="52.06745898351073" lon="5.979856168851256">
        <ele>100.0</ele>
      </trkpt>
      <trkpt lat="52.06718673929572" lon="5.9798844158649445">
        <ele>100.03</ele>
      </trkpt>
      <trkpt lat="52.06691449508071" lon="5.979912746697664">
        <ele>100.04</ele>
      </trkpt>
      <trkpt lat="52.06664292141795" lon="5.979940993711352">
        <ele>100.07</ele>
      </trkpt>
      <trkpt lat="52.0663451962173" lon="5.979991955682635">
        <ele>100.03</ele>
      </trkpt>
      <trkpt lat="52.066047387197614" lon="5.98004300147295">
        <ele>100.0</ele>
      </trkpt>
      <trkpt lat="52.06574999727309" lon="5.980093963444233">
        <ele>99.95</ele>
      </trkpt>
      <trkpt lat="52.06548135727644" lon="5.9801064524799585">
        <ele>99.92</ele>
      </trkpt>
      <trkpt lat="52.06521271727979" lon="5.980118941515684">
        <ele>99.87</ele>
      </trkpt>
      <trkpt lat="52.064944161102176" lon="5.980131514370441">
        <ele>99.72</ele>
      </trkpt>
      <trkpt lat="52.06467594020069" lon="5.980143919587135">
        <ele>99.48</ele>
      </trkpt>
      <trkpt lat="52.06464693881571" lon="5.980141991749406">
        <ele>99.33</ele>
      </trkpt>
      <trkpt lat="52.06441551446915" lon="5.980035541579127">
        <ele>99.07</ele>
      </trkpt>
      <trkpt lat="52.06418400630355" lon="5.9799291752278805">
        <ele>98.81</ele>
      </trkpt>
      <trkpt lat="52.06395291723311" lon="5.979822976514697">
        <ele>98.57</ele>
      </trkpt>
      <trkpt lat="52.06366608850658" lon="5.97967017441988">
        <ele>98.41</ele>
      </trkpt>
      <trkpt lat="52.06337925978005" lon="5.9795174561440945">
        <ele>98.32</ele>
      </trkpt>
      <trkpt lat="52.06309243105352" lon="5.979364654049277">
        <ele>98.27</ele>
      </trkpt>
      <trkpt lat="52.06280560232699" lon="5.979211935773492">
        <ele>98.1</ele>
      </trkpt>
      <trkpt lat="52.06251868978143" lon="5.979059133678675">
        <ele>97.86</ele>
      </trkpt>
      <trkpt lat="52.06223295070231" lon="5.9789069183170795">
        <ele>97.5</ele>
      </trkpt>
      <trkpt lat="52.06199012696743" lon="5.97876719199121">
        <ele>97.09</ele>
      </trkpt>
      <trkpt lat="52.06174730323255" lon="5.97862746566534">
        <ele>96.67</ele>
      </trkpt>
      <trkpt lat="52.06150498241186" lon="5.978487990796566">
        <ele>96.18</ele>
      </trkpt>
      <trkpt lat="52.06122284755111" lon="5.978383384644985">
        <ele>95.64</ele>
      </trkpt>
      <trkpt lat="52.06094096414745" lon="5.978278946131468">
        <ele>94.98</ele>
      </trkpt>
      <trkpt lat="52.06064105965197" lon="5.978251285851002">
        <ele>94.19</ele>
      </trkpt>
      <trkpt lat="52.06034115515649" lon="5.978223625570536">
        <ele>93.49</ele>
      </trkpt>
      <trkpt lat="52.06004133448005" lon="5.97819596529007">
        <ele>92.9</ele>
      </trkpt>
      <trkpt lat="52.05974142998457" lon="5.9781683050096035">
        <ele>92.34</ele>
      </trkpt>
      <trkpt lat="52.05944152548909" lon="5.978140644729137">
        <ele>91.66</ele>
      </trkpt>
      <trkpt lat="52.059141704812646" lon="5.978112984448671">
        <ele>90.91</ele>
      </trkpt>
      <trkpt lat="52.05884180031717" lon="5.978085324168205">
        <ele>90.17</ele>
      </trkpt>
      <trkpt lat="52.05854189582169" lon="5.978057663887739">
        <ele>89.37</ele>
      </trkpt>
      <trkpt lat="52.05824199132621" lon="5.978030003607273">
        <ele>88.53</ele>
      </trkpt>
      <trkpt lat="52.05794217064977" lon="5.978002343326807">
        <ele>87.68</ele>
      </trkpt>
      <trkpt lat="52.05764226615429" lon="5.977974683046341">
        <ele>86.83</ele>
      </trkpt>
      <trkpt lat="52.05734236165881" lon="5.977947022765875">
        <ele>85.93</ele>
      </trkpt>
      <trkpt lat="52.057042540982366" lon="5.977919362485409">
        <ele>85.02</ele>
      </trkpt>
      <trkpt lat="52.05674263648689" lon="5.977891702204943">
        <ele>84.13</ele>
      </trkpt>
      <trkpt lat="52.05644273199141" lon="5.977864041924477">
        <ele>83.35</ele>
      </trkpt>
      <trkpt lat="52.05614282749593" lon="5.9778363816440105">
        <ele>82.62</ele>
      </trkpt>
      <trkpt lat="52.055844934657216" lon="5.97780897282064">
        <ele>81.96</ele>
      </trkpt>
      <trkpt lat="52.055546874180436" lon="5.977796316146851">
        <ele>81.38</ele>
      </trkpt>
      <trkpt lat="52.055248729884624" lon="5.97778357565403">
        <ele>80.88</ele>
      </trkpt>
      <trkpt lat="52.05495092086494" lon="5.977770918980241">
        <ele>80.35</ele>
      </trkpt>
      <trkpt lat="52.054729890078306" lon="5.977761950343847">
        <ele>79.87</ele>
      </trkpt>
      <trkpt lat="52.054508943110704" lon="5.977752981707454">
        <ele>79.46</ele>
      </trkpt>
      <trkpt lat="52.05440819263458" lon="5.977478306740522">
        <ele>79.08</ele>
      </trkpt>
      <trkpt lat="52.05430794507265" lon="5.9772049728780985">
        <ele>78.72</ele>
      </trkpt>
      <trkpt lat="52.054232927039266" lon="5.976851927116513">
        <ele>78.44</ele>
      </trkpt>
      <trkpt lat="52.05418481491506" lon="5.9764613304287195">
        <ele>78.24</ele>
      </trkpt>
      <trkpt lat="52.054136702790856" lon="5.976070733740926">
        <ele>78.07</ele>
      </trkpt>
      <trkpt lat="52.05408859066665" lon="5.975680137053132">
        <ele>77.94</ele>
      </trkpt>
      <trkpt lat="52.05404098145664" lon="5.975293982774019">
        <ele>77.81</ele>
      </trkpt>
      <trkpt lat="52.053986582905054" lon="5.974852172657847">
        <ele>77.56</ele>
      </trkpt>
      <trkpt lat="52.05393218435347" lon="5.974410446360707">
        <ele>77.26</ele>
      </trkpt>
      <trkpt lat="52.05387778580189" lon="5.973968720063567">
        <ele>77.02</ele>
      </trkpt>
      <trkpt lat="52.053823973983526" lon="5.973531939089298">
        <ele>76.81</ele>
      </trkpt>
      <trkpt lat="52.05376848578453" lon="5.973054924979806">
        <ele>76.49</ele>
      </trkpt>
      <trkpt lat="52.053712997585535" lon="5.972577910870314">
        <ele>76.22</ele>
      </trkpt>
      <trkpt lat="52.05365750938654" lon="5.972100896760821">
        <ele>75.89</ele>
      </trkpt>
      <trkpt lat="52.053602021187544" lon="5.971623882651329">
        <ele>75.49</ele>
      </trkpt>
      <trkpt lat="52.05354653298855" lon="5.971146868541837">
        <ele>75.08</ele>
      </trkpt>
      <trkpt lat="52.0534919667989" lon="5.970677984878421">
        <ele>74.64</ele>
      </trkpt>
      <trkpt lat="52.05344879999757" lon="5.970317646861076">
        <ele>74.21</ele>
      </trkpt>
      <trkpt lat="52.053405717015266" lon="5.9699572250247">
        <ele>73.79</ele>
      </trkpt>
      <trkpt lat="52.05336296930909" lon="5.969599988311529">
        <ele>73.41</ele>
      </trkpt>
      <trkpt lat="52.05331686884165" lon="5.969211822375655">
        <ele>73.03</ele>
      </trkpt>
      <trkpt lat="52.05327068455517" lon="5.968823740258813">
        <ele>72.64</ele>
      </trkpt>
      <trkpt lat="52.05322458408773" lon="5.968435658141971">
        <ele>72.22</ele>
      </trkpt>
      <trkpt lat="52.053178986534476" lon="5.968051934614778">
        <ele>71.88</ele>
      </trkpt>
      <trkpt lat="52.053122241050005" lon="5.967599479481578">
        <ele>71.6</ele>
      </trkpt>
      <trkpt lat="52.0530654117465" lon="5.967147024348378">
        <ele>71.23</ele>
      </trkpt>
      <trkpt lat="52.05300866626203" lon="5.966694485396147">
        <ele>70.87</ele>
      </trkpt>
      <trkpt lat="52.05295192077756" lon="5.966242030262947">
        <ele>70.66</ele>
      </trkpt>
      <trkpt lat="52.05289592966437" lon="5.965795945376158">
        <ele>70.45</ele>
      </trkpt>
      <trkpt lat="52.05287313088775" lon="5.965368719771504">
        <ele>70.16</ele>
      </trkpt>
      <trkpt lat="52.05285024829209" lon="5.964941494166851">
        <ele>69.86</ele>
      </trkpt>
      <trkpt lat="52.05282736569643" lon="5.964514268562198">
        <ele>69.6</ele>
      </trkpt>
      <trkpt lat="52.05280448310077" lon="5.964086959138513">
        <ele>69.38</ele>
      </trkpt>
      <trkpt lat="52.05278193578124" lon="5.963665936142206">
        <ele>69.23</ele>
      </trkpt>
      <trkpt lat="52.052712282165885" lon="5.963371228426695">
        <ele>69.14</ele>
      </trkpt>
      <trkpt lat="52.052642963826656" lon="5.963077945634723">
        <ele>69.03</ele>
      </trkpt>
      <trkpt lat="52.05255327746272" lon="5.962788267061114">
        <ele>68.92</ele>
      </trkpt>
      <trkpt lat="52.05246392637491" lon="5.962499929592013">
        <ele>68.84</ele>
      </trkpt>
      <trkpt lat="52.05237625166774" lon="5.962198683992028">
        <ele>68.72</ele>
      </trkpt>
      <trkpt lat="52.05228899605572" lon="5.961898947134614">
        <ele>68.59</ele>
      </trkpt>
      <trkpt lat="52.05223996192217" lon="5.961570963263512">
        <ele>68.46</ele>
      </trkpt>
      <trkpt lat="52.05218028277159" lon="5.961105180904269">
        <ele>68.35</ele>
      </trkpt>
      <trkpt lat="52.052120603621006" lon="5.960639314725995">
        <ele>68.21</ele>
      </trkpt>
      <trkpt lat="52.052061008289456" lon="5.960173532366753">
        <ele>68.0</ele>
      </trkpt>
      <trkpt lat="52.052001329138875" lon="5.9597076661884785">
        <ele>67.81</ele>
      </trkpt>
      <trkpt lat="52.051941649988294" lon="5.959241883829236">
        <ele>67.68</ele>
      </trkpt>
      <trkpt lat="52.05188297666609" lon="5.958783980458975">
        <ele>67.59</ele>
      </trkpt>
      <trkpt lat="52.051824387162924" lon="5.958307050168514">
        <ele>67.61</ele>
      </trkpt>
      <trkpt lat="52.051765797659755" lon="5.957830036059022">
        <ele>67.65</ele>
      </trkpt>
      <trkpt lat="52.05170729197562" lon="5.957353105768561">
        <ele>67.68</ele>
      </trkpt>
      <trkpt lat="52.05164870247245" lon="5.956876175478101">
        <ele>67.61</ele>
      </trkpt>
      <trkpt lat="52.051590951159596" lon="5.956405950710177">
        <ele>67.47</ele>
      </trkpt>
      <trkpt lat="52.05152993090451" lon="5.955908568575978">
        <ele>67.38</ele>
      </trkpt>
      <trkpt lat="52.05146882683039" lon="5.955411102622747">
        <ele>67.22</ele>
      </trkpt>
      <trkpt lat="52.0514078065753" lon="5.954913720488548">
        <ele>67.02</ele>
      </trkpt>
      <trkpt lat="52.05134678632021" lon="5.954416338354349">
        <ele>66.73</ele>
      </trkpt>
      <trkpt lat="52.05128568224609" lon="5.953918872401118">
        <ele>66.43</ele>
      </trkpt>
      <trkpt lat="52.051224661991" lon="5.953421490266919">
        <ele>66.14</ele>
      </trkpt>
      <trkpt lat="52.05116355791688" lon="5.95292410813272">
        <ele>65.8</ele>
      </trkpt>
      <trkpt lat="52.05110253766179" lon="5.952426642179489">
        <ele>65.44</ele>
      </trkpt>
      <trkpt lat="52.05104294233024" lon="5.951941916719079">
        <ele>65.05</ele>
      </trkpt>
      <trkpt lat="52.05098577775061" lon="5.951493568718433">
        <ele>64.64</ele>
      </trkpt>
      <trkpt lat="52.05092861317098" lon="5.951045136898756">
        <ele>64.3</ele>
      </trkpt>
      <trkpt lat="52.05087153241038" lon="5.95059678889811">
        <ele>63.93</ele>
      </trkpt>
      <trkpt lat="52.05081436783075" lon="5.950148357078433">
        <ele>63.43</ele>
      </trkpt>
      <trkpt lat="52.05075720325112" lon="5.949700009077787">
        <ele>62.9</ele>
      </trkpt>
      <trkpt lat="52.05070003867149" lon="5.94925157725811">
        <ele>62.46</ele>
      </trkpt>
      <trkpt lat="52.050642874091864" lon="5.948803229257464">
        <ele>62.04</ele>
      </trkpt>
      <trkpt lat="52.05058696679771" lon="5.948364939540625">
        <ele>61.55</ele>
      </trkpt>
      <trkpt lat="52.05052678473294" lon="5.947898402810097">
        <ele>61.1</ele>
      </trkpt>
      <trkpt lat="52.050466602668166" lon="5.947431866079569">
        <ele>60.65</ele>
      </trkpt>
      <trkpt lat="52.050406420603395" lon="5.946965245530009">
        <ele>60.26</ele>
      </trkpt>
      <trkpt lat="52.05034699290991" lon="5.9465039893984795">
        <ele>59.92</ele>
      </trkpt>
      <trkpt lat="52.05029494129121" lon="5.946032926440239">
        <ele>59.54</ele>
      </trkpt>
      <trkpt lat="52.05024481751025" lon="5.945566641166806">
        <ele>59.13</ele>
      </trkpt>
      <trkpt lat="52.05019469372928" lon="5.945100272074342">
        <ele>58.76</ele>
      </trkpt>
      <trkpt lat="52.050144989043474" lon="5.9446379262954">
        <ele>58.48</ele>
      </trkpt>
      <trkpt lat="52.05008178949356" lon="5.944170132279396">
        <ele>58.14</ele>
      </trkpt>
      <trkpt lat="52.05001858994365" lon="5.9437023382633924">
        <ele>57.87</ele>
      </trkpt>
      <trkpt lat="52.049955474212766" lon="5.943234544247389">
        <ele>57.62</ele>
      </trkpt>
      <trkpt lat="52.049892945215106" lon="5.942771947011352">
        <ele>57.46</ele>
      </trkpt>
      <trkpt lat="52.04982706345618" lon="5.942297112196684">
        <ele>57.3</ele>
      </trkpt>
      <trkpt lat="52.04976109787822" lon="5.941822277382016">
        <ele>57.17</ele>
      </trkpt>
      <trkpt lat="52.04969513230026" lon="5.9413474425673485">
        <ele>57.09</ele>
      </trkpt>
      <trkpt lat="52.04962992109358" lon="5.940877972170711">
        <ele>57.06</ele>
      </trkpt>
      <trkpt lat="52.04954291693866" lon="5.940391989424825">
        <ele>57.09</ele>
      </trkpt>
      <trkpt lat="52.04945524223149" lon="5.940032070502639">
        <ele>57.1</ele>
      </trkpt>
      <trkpt lat="52.04936798661947" lon="5.939673995599151">
        <ele>57.1</ele>
      </trkpt>
      <trkpt lat="52.049313923344016" lon="5.939382975921035">
        <ele>57.1</ele>
      </trkpt>
      <trkpt lat="52.04923873767257" lon="5.939145851880312">
        <ele>57.21</ele>
      </trkpt>
      <trkpt lat="52.04916397109628" lon="5.938909985125065">
        <ele>57.33</ele>
      </trkpt>
      <trkpt lat="52.04899256117642" lon="5.938494578003883">
        <ele>57.52</ele>
      </trkpt>
      <trkpt lat="52.04882198944688" lon="5.938080931082368">
        <ele>57.6</ele>
      </trkpt>
      <trkpt lat="52.04866508021951" lon="5.9376604948192835">
        <ele>57.72</ele>
      </trkpt>
      <trkpt lat="52.04850892536342" lon="5.9372419863939285">
        <ele>57.89</ele>
      </trkpt>
      <trkpt lat="52.048430973663926" lon="5.9369719214737415">
        <ele>58.1</ele>
      </trkpt>
      <trkpt lat="52.048447988927364" lon="5.936832949519157">
        <ele>58.33</ele>
      </trkpt>
      <trkpt lat="52.048387974500656" lon="5.936810988932848">
        <ele>58.55</ele>
      </trkpt>
      <trkpt lat="52.04813660122454" lon="5.936721637845039">
        <ele>58.75</ele>
      </trkpt>
      <trkpt lat="52.04788522794843" lon="5.9366323705762625">
        <ele>58.94</ele>
      </trkpt>
      <trkpt lat="52.04763385467231" lon="5.936543103307486">
        <ele>59.22</ele>
      </trkpt>
      <trkpt lat="52.04738298431039" lon="5.93645391985774">
        <ele>59.48</ele>
      </trkpt>
      <trkpt lat="52.04711928963661" lon="5.936331208795309">
        <ele>59.72</ele>
      </trkpt>
      <trkpt lat="52.04685567878187" lon="5.936208497732878">
        <ele>59.9</ele>
      </trkpt>
      <trkpt lat="52.04659198410809" lon="5.936085702851415">
        <ele>60.14</ele>
      </trkpt>
      <trkpt lat="52.046328373253345" lon="5.935962991788983">
        <ele>60.39</ele>
      </trkpt>
      <trkpt lat="52.04606467857957" lon="5.935840280726552">
        <ele>60.62</ele>
      </trkpt>
      <trkpt lat="52.04580198973417" lon="5.935717988759279">
        <ele>60.81</ele>
      </trkpt>
      <trkpt lat="52.04553083516657" lon="5.935611119493842">
        <ele>60.92</ele>
      </trkpt>
      <trkpt lat="52.045259680598974" lon="5.935504334047437">
        <ele>61.1</ele>
      </trkpt>
      <trkpt lat="52.044988526031375" lon="5.935397548601031">
        <ele>61.33</ele>
      </trkpt>
      <trkpt lat="52.044717958197" lon="5.935290930792689">
        <ele>61.47</ele>
      </trkpt>
      <trkpt lat="52.04441671259701" lon="5.935184145346284">
        <ele>61.53</ele>
      </trkpt>
      <trkpt lat="52.044115383177996" lon="5.9350773598998785">
        <ele>61.6</ele>
      </trkpt>
      <trkpt lat="52.04381413757801" lon="5.934970490634441">
        <ele>61.65</ele>
      </trkpt>
      <trkpt lat="52.043512891978025" lon="5.934863705188036">
        <ele>61.62</ele>
      </trkpt>
      <trkpt lat="52.04321156255901" lon="5.9347569197416306">
        <ele>61.55</ele>
      </trkpt>
      <trkpt lat="52.04291031695902" lon="5.934650050476193">
        <ele>61.45</ele>
      </trkpt>
      <trkpt lat="52.04260907135904" lon="5.934543265029788">
        <ele>61.28</ele>
      </trkpt>
      <trkpt lat="52.04230774194002" lon="5.934436479583383">
        <ele>61.12</ele>
      </trkpt>
      <trkpt lat="52.042006496340036" lon="5.934329694136977">
        <ele>60.97</ele>
      </trkpt>
      <trkpt lat="52.04170525074005" lon="5.93422282487154">
        <ele>60.76</ele>
      </trkpt>
      <trkpt lat="52.041403921321034" lon="5.934116039425135">
        <ele>60.46</ele>
      </trkpt>
      <trkpt lat="52.04110267572105" lon="5.934009253978729">
        <ele>60.13</ele>
      </trkpt>
      <trkpt lat="52.040801430121064" lon="5.933902468532324">
        <ele>59.82</ele>
      </trkpt>
      <trkpt lat="52.04050010070205" lon="5.933795599266887">
        <ele>59.52</ele>
      </trkpt>
      <trkpt lat="52.04019885510206" lon="5.933688813820481">
        <ele>59.11</ele>
      </trkpt>
      <trkpt lat="52.039899956434965" lon="5.933582950383425">
        <ele>58.71</ele>
      </trkpt>
      <trkpt lat="52.03965201973915" lon="5.93335940502584">
        <ele>58.34</ele>
      </trkpt>
      <trkpt lat="52.03940416686237" lon="5.933135859668255">
        <ele>58.05</ele>
      </trkpt>
      <trkpt lat="52.03915698453784" lon="5.932912984862924">
        <ele>57.7</ele>
      </trkpt>
      <trkpt lat="52.03904793597758" lon="5.932935951277614">
        <ele>57.38</ele>
      </trkpt>
      <trkpt lat="52.038876274600625" lon="5.932794297114015">
        <ele>57.01</ele>
      </trkpt>
      <trkpt lat="52.0387049484998" lon="5.9326529782265425">
        <ele>56.66</ele>
      </trkpt>
      <trkpt lat="52.03856631182134" lon="5.932501265779138">
        <ele>56.37</ele>
      </trkpt>
      <trkpt lat="52.03842792659998" lon="5.932349972426891">
        <ele>56.13</ele>
      </trkpt>
      <trkpt lat="52.03827797435224" lon="5.93224192969501">
        <ele>55.93</ele>
      </trkpt>
      <trkpt lat="52.0383819937706" lon="5.931816967204213">
        <ele>55.54</ele>
      </trkpt>
      <trkpt lat="52.03836925327778" lon="5.931382365524769">
        <ele>55.27</ele>
      </trkpt>
      <trkpt lat="52.03835651278496" lon="5.9309477638453245">
        <ele>55.18</ele>
      </trkpt>
      <trkpt lat="52.0383439399302" lon="5.930516934022307">
        <ele>55.19</ele>
      </trkpt>
      <trkpt lat="52.03833597712219" lon="5.930367987602949">
        <ele>55.19</ele>
      </trkpt>
      <trkpt lat="52.03825995326042" lon="5.9299629740417">
        <ele>55.3</ele>
      </trkpt>
      <trkpt lat="52.03823556192219" lon="5.92946114949882">
        <ele>55.37</ele>
      </trkpt>
      <trkpt lat="52.03821117058396" lon="5.928959408774972">
        <ele>55.35</ele>
      </trkpt>
      <trkpt lat="52.0381869468838" lon="5.928461942821741">
        <ele>55.41</ele>
      </trkpt>
      <trkpt lat="52.03817596659064" lon="5.928105963394046">
        <ele>55.53</ele>
      </trkpt>
      <trkpt lat="52.03812793828547" lon="5.927852997556329">
        <ele>55.6</ele>
      </trkpt>
      <trkpt lat="52.038114946335554" lon="5.9277199767529964">
        <ele>55.69</ele>
      </trkpt>
      <trkpt lat="52.03811192885041" lon="5.927595924586058">
        <ele>55.79</ele>
      </trkpt>
      <trkpt lat="52.03815291635692" lon="5.927307922393084">
        <ele>55.87</ele>
      </trkpt>
      <trkpt lat="52.037968933582306" lon="5.927314963191748">
        <ele>55.93</ele>
      </trkpt>
      <trkpt lat="52.03792895190418" lon="5.927316974848509">
        <ele>56.03</ele>
      </trkpt>
      <trkpt lat="52.03762309625745" lon="5.927333738654852">
        <ele>56.19</ele>
      </trkpt>
      <trkpt lat="52.03731724061072" lon="5.927350502461195">
        <ele>56.34</ele>
      </trkpt>
      <trkpt lat="52.03701138496399" lon="5.927367266267538">
        <ele>56.41</ele>
      </trkpt>
      <trkpt lat="52.03670594841242" lon="5.927383946254849">
        <ele>56.47</ele>
      </trkpt>
      <trkpt lat="52.036504950374365" lon="5.927468938753009">
        <ele>56.5</ele>
      </trkpt>
      <trkpt lat="52.03635030426085" lon="5.927592068910599">
        <ele>56.49</ele>
      </trkpt>
      <trkpt lat="52.03619599342346" lon="5.9277149476110935">
        <ele>56.52</ele>
      </trkpt>
      <trkpt lat="52.0360179618001" lon="5.927984928712249">
        <ele>56.51</ele>
      </trkpt>
      <trkpt lat="52.03587295487523" lon="5.928302938118577">
        <ele>56.51</ele>
      </trkpt>
      <trkpt lat="52.03575795516372" lon="5.928439982235432">
        <ele>56.46</ele>
      </trkpt>
      <trkpt lat="52.03565393574536" lon="5.928469989448786">
        <ele>56.37</ele>
      </trkpt>
      <trkpt lat="52.03536995686591" lon="5.928403940051794">
        <ele>56.22</ele>
      </trkpt>
      <trkpt lat="52.035072818398476" lon="5.928270919248462">
        <ele>55.93</ele>
      </trkpt>
      <trkpt lat="52.03477593138814" lon="5.928137982264161">
        <ele>55.66</ele>
      </trkpt>
      <trkpt lat="52.03453847207129" lon="5.9280492179095745">
        <ele>55.45</ele>
      </trkpt>
      <trkpt lat="52.03430101275444" lon="5.92796053737402">
        <ele>55.26</ele>
      </trkpt>
      <trkpt lat="52.03406397253275" lon="5.9278719406574965">
        <ele>55.06</ele>
      </trkpt>
      <trkpt lat="52.03382408246398" lon="5.927784685045481">
        <ele>54.8</ele>
      </trkpt>
      <trkpt lat="52.03358419239521" lon="5.927697345614433">
        <ele>54.56</ele>
      </trkpt>
      <trkpt lat="52.03334438614547" lon="5.927610090002418">
        <ele>54.29</ele>
      </trkpt>
      <trkpt lat="52.03310499899089" lon="5.9275229182094336">
        <ele>54.02</ele>
      </trkpt>
      <trkpt lat="52.03293593600392" lon="5.927430968731642">
        <ele>53.76</ele>
      </trkpt>
      <trkpt lat="52.03272094018757" lon="5.9272069204598665">
        <ele>53.54</ele>
      </trkpt>
      <trkpt lat="52.03255598433316" lon="5.9271409548819065">
        <ele>53.27</ele>
      </trkpt>
      <trkpt lat="52.0325259771198" lon="5.927141960710287">
        <ele>52.96</ele>
      </trkpt>
      <trkpt lat="52.0322809740901" lon="5.927144978195429">
        <ele>52.6</ele>
      </trkpt>
      <trkpt lat="52.03200722113252" lon="5.927046490833163">
        <ele>52.2</ele>
      </trkpt>
      <trkpt lat="52.031733551993966" lon="5.926948003470898">
        <ele>51.84</ele>
      </trkpt>
      <trkpt lat="52.031459799036384" lon="5.926849516108632">
        <ele>51.49</ele>
      </trkpt>
      <trkpt lat="52.03118612989783" lon="5.9267510287463665">
        <ele>51.17</ele>
      </trkpt>
      <trkpt lat="52.03091246075928" lon="5.926652541384101">
        <ele>50.96</ele>
      </trkpt>
      <trkpt lat="52.0306387078017" lon="5.926554054021835">
        <ele>50.73</ele>
      </trkpt>
      <trkpt lat="52.0303659606725" lon="5.926455985754728">
        <ele>50.44</ele>
      </trkpt>
      <trkpt lat="52.0300773717463" lon="5.926321456208825">
        <ele>50.19</ele>
      </trkpt>
      <trkpt lat="52.02978886663914" lon="5.926187010481954">
        <ele>49.99</ele>
      </trkpt>
      <trkpt lat="52.02950027771294" lon="5.92605248093605">
        <ele>49.71</ele>
      </trkpt>
      <trkpt lat="52.029211688786745" lon="5.925918035209179">
        <ele>49.51</ele>
      </trkpt>
      <trkpt lat="52.028923938050866" lon="5.925783924758434">
        <ele>49.4</ele>
      </trkpt>
      <trkpt lat="52.0286285597831" lon="5.925683677196503">
        <ele>49.29</ele>
      </trkpt>
      <trkpt lat="52.028333181515336" lon="5.925583345815539">
        <ele>49.17</ele>
      </trkpt>
      <trkpt lat="52.02803780324757" lon="5.925483098253608">
        <ele>49.09</ele>
      </trkpt>
      <trkpt lat="52.027742927893996" lon="5.925382934510708">
        <ele>49.17</ele>
      </trkpt>
      <trkpt lat="52.02750178053975" lon="5.925262402743101">
        <ele>49.32</ele>
      </trkpt>
      <trkpt lat="52.02726096846163" lon="5.925141954794526">
        <ele>49.46</ele>
      </trkpt>
      <trkpt lat="52.0269775763154" lon="5.924973813816905">
        <ele>49.59</ele>
      </trkpt>
      <trkpt lat="52.02669418416917" lon="5.924805756658316">
        <ele>49.69</ele>
      </trkpt>
      <trkpt lat="52.02641079202294" lon="5.924637615680695">
        <ele>49.69</ele>
      </trkpt>
      <trkpt lat="52.026127399876714" lon="5.9244694747030735">
        <ele>49.68</ele>
      </trkpt>
      <trkpt lat="52.02584492973983" lon="5.924301920458674">
        <ele>49.68</ele>
      </trkpt>
      <trkpt lat="52.02556103467941" lon="5.924152638763189">
        <ele>49.67</ele>
      </trkpt>
      <trkpt lat="52.02527713961899" lon="5.9240032732486725">
        <ele>49.64</ele>
      </trkpt>
      <trkpt lat="52.02499316073954" lon="5.923853907734156">
        <ele>49.61</ele>
      </trkpt>
      <trkpt lat="52.024709936231375" lon="5.923704961314797">
        <ele>49.61</ele>
      </trkpt>
      <trkpt lat="52.02448647469282" lon="5.923602534458041">
        <ele>49.61</ele>
      </trkpt>
      <trkpt lat="52.02426301315427" lon="5.923500191420317">
        <ele>49.63</ele>
      </trkpt>
      <trkpt lat="52.024039970710874" lon="5.923397932201624">
        <ele>49.67</ele>
      </trkpt>
      <trkpt lat="52.023893957957625" lon="5.92338896356523">
        <ele>49.8</ele>
      </trkpt>
      <trkpt lat="52.023592963814735" lon="5.923472950235009">
        <ele>49.93</ele>
      </trkpt>
      <trkpt lat="52.02343035489321" lon="5.923457443714142">
        <ele>50.09</ele>
      </trkpt>
      <trkpt lat="52.023267997428775" lon="5.9234419371932745">
        <ele>50.34</ele>
      </trkpt>
      <trkpt lat="52.022988460958004" lon="5.923357950523496">
        <ele>50.63</ele>
      </trkpt>
      <trkpt lat="52.02270892448723" lon="5.923273880034685">
        <ele>50.78</ele>
      </trkpt>
      <trkpt lat="52.02242938801646" lon="5.923189809545875">
        <ele>50.91</ele>
      </trkpt>
      <trkpt lat="52.02214985154569" lon="5.923105822876096">
        <ele>51.04</ele>
      </trkpt>
      <trkpt lat="52.021870985627174" lon="5.923021920025349">
        <ele>51.21</ele>
      </trkpt>
      <trkpt lat="52.02157745137811" lon="5.922914547845721">
        <ele>51.31</ele>
      </trkpt>
      <trkpt lat="52.02128400094807" lon="5.922807175666094">
        <ele>51.36</ele>
      </trkpt>
      <trkpt lat="52.020990969613194" lon="5.92269997112453">
        <ele>51.39</ele>
      </trkpt>
      <trkpt lat="52.02072635293007" lon="5.922535853460431">
        <ele>51.54</ele>
      </trkpt>
      <trkpt lat="52.020461820065975" lon="5.922371735796332">
        <ele>51.7</ele>
      </trkpt>
      <trkpt lat="52.02019720338285" lon="5.922207618132234">
        <ele>51.84</ele>
      </trkpt>
      <trkpt lat="52.019932586699724" lon="5.922043500468135">
        <ele>52.03</ele>
      </trkpt>
      <trkpt lat="52.01966897584498" lon="5.921879969537258">
        <ele>52.28</ele>
      </trkpt>
      <trkpt lat="52.01937326230109" lon="5.9217343758791685">
        <ele>52.49</ele>
      </trkpt>
      <trkpt lat="52.01907763257623" lon="5.921588782221079">
        <ele>52.74</ele>
      </trkpt>
      <trkpt lat="52.018781919032335" lon="5.921443188562989">
        <ele>52.96</ele>
      </trkpt>
      <trkpt lat="52.01848695985973" lon="5.9212979301810265">
        <ele>53.1</ele>
      </trkpt>
      <trkpt lat="52.01833692379296" lon="5.921146972104907">
        <ele>53.25</ele>
      </trkpt>
      <trkpt lat="52.018260983750224" lon="5.920906998217106">
        <ele>53.4</ele>
      </trkpt>
      <trkpt lat="52.0182329043746" lon="5.920496787875891">
        <ele>53.61</ele>
      </trkpt>
      <trkpt lat="52.01820499263704" lon="5.920088924467564">
        <ele>53.78</ele>
      </trkpt>
      <trkpt lat="52.0181739795953" lon="5.9196259919553995">
        <ele>53.92</ele>
      </trkpt>
      <trkpt lat="52.01809694990516" lon="5.919607970863581">
        <ele>53.91</ele>
      </trkpt>
      <trkpt lat="52.018093429505825" lon="5.919900331646204">
        <ele>53.88</ele>
      </trkpt>
      <trkpt lat="52.018089992925525" lon="5.920190932229161">
        <ele>53.77</ele>
      </trkpt>
      <trkpt lat="52.01801497489214" lon="5.920622935518622">
        <ele>53.64</ele>
      </trkpt>
      <trkpt lat="52.0178459957242" lon="5.921015962958336">
        <ele>53.47</ele>
      </trkpt>
      <trkpt lat="52.01765296049416" lon="5.921272952109575">
        <ele>53.45</ele>
      </trkpt>
      <trkpt lat="52.0174109749496" lon="5.9215399995446205">
        <ele>53.47</ele>
      </trkpt>
      <trkpt lat="52.01730796135962" lon="5.921629937365651">
        <ele>53.45</ele>
      </trkpt>
      <trkpt lat="52.01700897887349" lon="5.921765975654125">
        <ele>53.38</ele>
      </trkpt>
      <trkpt lat="52.01687998138368" lon="5.9217979945242405">
        <ele>53.4</ele>
      </trkpt>
      <trkpt lat="52.01676799915731" lon="5.9217149298638105">
        <ele>53.45</ele>
      </trkpt>
      <trkpt lat="52.01672399416566" lon="5.921635972335935">
        <ele>53.55</ele>
      </trkpt>
      <trkpt lat="52.01668493449688" lon="5.9214619640260935">
        <ele>53.68</ele>
      </trkpt>
      <trkpt lat="52.01664495281875" lon="5.9210319723933935">
        <ele>53.85</ele>
      </trkpt>
      <trkpt lat="52.016540011391044" lon="5.920714884996414">
        <ele>54.08</ele>
      </trkpt>
      <trkpt lat="52.01643515378237" lon="5.920397797599435">
        <ele>54.41</ele>
      </trkpt>
      <trkpt lat="52.016330966725945" lon="5.920082973316312">
        <ele>54.71</ele>
      </trkpt>
      <trkpt lat="52.01624094508588" lon="5.919736968353391">
        <ele>55.08</ele>
      </trkpt>
      <trkpt lat="52.01616123318672" lon="5.919337905943394">
        <ele>55.61</ele>
      </trkpt>
      <trkpt lat="52.01608194038272" lon="5.91894093900919">
        <ele>56.16</ele>
      </trkpt>
      <trkpt lat="52.0159809384495" lon="5.918701970949769">
        <ele>56.68</ele>
      </trkpt>
      <trkpt lat="52.015881948173046" lon="5.918615972623229">
        <ele>57.31</ele>
      </trkpt>
      <trkpt lat="52.01573995873332" lon="5.918588982895017">
        <ele>57.97</ele>
      </trkpt>
      <trkpt lat="52.01581212691963" lon="5.918939849361777">
        <ele>58.31</ele>
      </trkpt>
      <trkpt lat="52.01588395982981" lon="5.919288955628872">
        <ele>58.74</ele>
      </trkpt>
      <trkpt lat="52.015854958444834" lon="5.919458940625191">
        <ele>59.31</ele>
      </trkpt>
      <trkpt lat="52.01573392376304" lon="5.919730933383107">
        <ele>59.92</ele>
      </trkpt>
      <trkpt lat="52.01560199260712" lon="5.919931931421161">
        <ele>60.53</ele>
      </trkpt>
      <trkpt lat="52.01544692739844" lon="5.920043997466564">
        <ele>61.09</ele>
      </trkpt>
      <trkpt lat="52.015196308493614" lon="5.920113483443856">
        <ele>61.76</ele>
      </trkpt>
      <trkpt lat="52.01494594104588" lon="5.920182969421148">
        <ele>62.3</ele>
      </trkpt>
      <trkpt lat="52.01469297520816" lon="5.920187998563051">
        <ele>62.89</ele>
      </trkpt>
      <trkpt lat="52.014588955789804" lon="5.920254969969392">
        <ele>63.27</ele>
      </trkpt>
      <trkpt lat="52.01449675485492" lon="5.920487986877561">
        <ele>63.54</ele>
      </trkpt>
      <trkpt lat="52.01440497301519" lon="5.920719997957349">
        <ele>63.77</ele>
      </trkpt>
      <trkpt lat="52.01428276486695" lon="5.920948404818773">
        <ele>63.95</ele>
      </trkpt>
      <trkpt lat="52.014160975813866" lon="5.921175973489881">
        <ele>64.1</ele>
      </trkpt>
      <trkpt lat="52.014091992750764" lon="5.92141292989254">
        <ele>64.08</ele>
      </trkpt>
      <trkpt lat="52.01402694918215" lon="5.921808974817395">
        <ele>64.04</ele>
      </trkpt>
      <trkpt lat="52.014028960838914" lon="5.92216394841671">
        <ele>64.04</ele>
      </trkpt>
      <trkpt lat="52.01405997388065" lon="5.922412974759936">
        <ele>63.98</ele>
      </trkpt>
      <trkpt lat="52.014170698821545" lon="5.922733666375279">
        <ele>63.79</ele>
      </trkpt>
      <trkpt lat="52.01428092084825" lon="5.923052933067083">
        <ele>63.58</ele>
      </trkpt>
      <trkpt lat="52.01433598995209" lon="5.923209926113486">
        <ele>63.37</ele>
      </trkpt>
      <trkpt lat="52.014415534213185" lon="5.923565234988928">
        <ele>63.15</ele>
      </trkpt>
      <trkpt lat="52.01449507847428" lon="5.923920460045338">
        <ele>62.94</ele>
      </trkpt>
      <trkpt lat="52.01457395218313" lon="5.924272919073701">
        <ele>62.74</ele>
      </trkpt>
      <trkpt lat="52.014614939689636" lon="5.9245869889855385">
        <ele>62.44</ele>
      </trkpt>
      <trkpt lat="52.0146219804883" lon="5.925012957304716">
        <ele>62.1</ele>
      </trkpt>
      <trkpt lat="52.01470194384456" lon="5.925201969221234">
        <ele>61.72</ele>
      </trkpt>
      <trkpt lat="52.01482524164021" lon="5.9255732875317335">
        <ele>60.93</ele>
      </trkpt>
      <trkpt lat="52.01494795270264" lon="5.925942929461598">
        <ele>60.68</ele>
      </trkpt>
      <trkpt lat="52.01507594436407" lon="5.925940917804837">
        <ele>60.67</ele>
      </trkpt>
      <trkpt lat="52.015319941565394" lon="5.925866989418864">
        <ele>60.75</ele>
      </trkpt>
      <trkpt lat="52.01560903340578" lon="5.925840251147747">
        <ele>60.6</ele>
      </trkpt>
      <trkpt lat="52.0158982090652" lon="5.9258135966956615">
        <ele>60.28</ele>
      </trkpt>
      <trkpt lat="52.01618696562946" lon="5.925786942243576">
        <ele>59.89</ele>
      </trkpt>
      <trkpt lat="52.016393495723605" lon="5.925791468471289">
        <ele>59.37</ele>
      </trkpt>
      <trkpt lat="52.01659994199872" lon="5.925795994699001">
        <ele>58.74</ele>
      </trkpt>
      <trkpt lat="52.01688006520271" lon="5.925755258649588">
        <ele>57.9</ele>
      </trkpt>
      <trkpt lat="52.017160188406706" lon="5.925714606419206">
        <ele>56.85</ele>
      </trkpt>
      <trkpt lat="52.01743997633457" lon="5.925673954188824">
        <ele>55.94</ele>
      </trkpt>
      <trkpt lat="52.01761205680668" lon="5.925657441839576">
        <ele>55.22</ele>
      </trkpt>
      <trkpt lat="52.01778396964073" lon="5.925640929490328">
        <ele>54.77</ele>
      </trkpt>
      <trkpt lat="52.017835937440395" lon="5.925952987745404">
        <ele>54.54</ele>
      </trkpt>
      <trkpt lat="52.01788396574557" lon="5.925913928076625">
        <ele>54.21</ele>
      </trkpt>
      <trkpt lat="52.01794498600066" lon="5.926103945821524">
        <ele>54.01</ele>
      </trkpt>
    </trkseg>
  </trk>
</gpx>
